system,method,method_label,sparse_factor,obs_dt,noise,seed,upsample,support_f1,coef_error,practical_score,threshold,status,spline_alpha,spline_cv_error,spline_cv_folds,gp_kernel,gp_cv_error,gp_cv_folds
lorenz63,baseline,Baseline,8,0.04,0.0,0,1,1.0,0.0983746942917222,0.9104361245729916,0.3,ok,,,,,,
lorenz63,baseline,Baseline,8,0.04,0.0,1,1,1.0,0.0983746942917222,0.9104361245729916,0.3,ok,,,,,,
lorenz63,baseline,Baseline,8,0.04,0.0,2,1,1.0,0.0983746942917222,0.9104361245729916,0.3,ok,,,,,,
lorenz63,baseline,Baseline,8,0.04,0.0,3,1,1.0,0.0983746942917222,0.9104361245729916,0.3,ok,,,,,,
lorenz63,baseline,Baseline,8,0.04,0.0,4,1,1.0,0.0983746942917222,0.9104361245729916,0.3,ok,,,,,,
lorenz63,baseline,Baseline,8,0.04,0.0,5,1,1.0,0.0983746942917222,0.9104361245729916,0.3,ok,,,,,,
lorenz63,baseline,Baseline,8,0.04,0.0,6,1,1.0,0.0983746942917222,0.9104361245729916,0.3,ok,,,,,,
lorenz63,baseline,Baseline,8,0.04,0.0,7,1,1.0,0.0983746942917222,0.9104361245729916,0.3,ok,,,,,,
lorenz63,baseline,Baseline,8,0.04,0.0,8,1,1.0,0.0983746942917222,0.9104361245729916,0.3,ok,,,,,,
lorenz63,baseline,Baseline,8,0.04,0.0,9,1,1.0,0.0983746942917222,0.9104361245729916,0.3,ok,,,,,,
lorenz63,baseline,Baseline,8,0.04,0.01,0,1,0.9333333333333332,0.1032565648285424,0.8459803123658576,0.3,ok,,,,,,
lorenz63,baseline,Baseline,8,0.04,0.01,1,1,0.9333333333333332,0.1018456111361455,0.8470636211646255,0.3,ok,,,,,,
lorenz63,baseline,Baseline,8,0.04,0.01,2,1,1.0,0.093355463840526,0.9146156333159892,0.3,ok,,,,,,
lorenz63,baseline,Baseline,8,0.04,0.01,3,1,0.9333333333333332,0.0977525653925577,0.8502219559829242,0.3,ok,,,,,,
lorenz63,baseline,Baseline,8,0.04,0.01,4,1,0.875,0.1012944675424132,0.7945195638298272,0.3,ok,,,,,,
lorenz63,baseline,Baseline,8,0.04,0.01,5,1,1.0,0.0960862399845752,0.9123369708701686,0.3,ok,,,,,,
lorenz63,baseline,Baseline,8,0.04,0.01,6,1,1.0,0.098716195887963,0.9101531439534464,0.3,ok,,,,,,
lorenz63,baseline,Baseline,8,0.04,0.01,7,1,0.9333333333333332,0.1061495070163126,0.8437677975835948,0.3,ok,,,,,,
lorenz63,baseline,Baseline,8,0.04,0.01,8,1,1.0,0.1017994437406408,0.9076061942861136,0.3,ok,,,,,,
lorenz63,baseline,Baseline,8,0.04,0.01,9,1,0.9333333333333332,0.106505350131707,0.8434964487268307,0.3,ok,,,,,,
lorenz63,baseline,Baseline,8,0.04,0.03,0,1,0.875,0.1099208091357218,0.7883445312475482,0.1,ok,,,,,,
lorenz63,baseline,Baseline,8,0.04,0.03,1,1,1.0,0.0935735545253443,0.91443323209662,0.3,ok,,,,,,
lorenz63,baseline,Baseline,8,0.04,0.03,2,1,0.9333333333333332,0.1125639857707442,0.8389030611005746,0.3,ok,,,,,,
lorenz63,baseline,Baseline,8,0.04,0.03,3,1,0.875,0.1096093649617134,0.7885658030925068,0.1,ok,,,,,,
lorenz63,baseline,Baseline,8,0.04,0.03,4,1,0.8,0.1350664609655702,0.704804544501704,0.3,ok,,,,,,
lorenz63,baseline,Baseline,8,0.04,0.03,5,1,0.875,0.1090171285677526,0.788986912339239,0.3,ok,,,,,,
lorenz63,baseline,Baseline,8,0.04,0.03,6,1,0.9333333333333332,0.1046591448846491,0.8449061754979578,0.3,ok,,,,,,
lorenz63,baseline,Baseline,8,0.04,0.03,7,1,0.9333333333333332,0.1013719975926902,0.847427876660524,0.1,ok,,,,,,
lorenz63,baseline,Baseline,8,0.04,0.03,8,1,0.9333333333333332,0.0972990309132144,0.8505733688259776,0.3,ok,,,,,,
lorenz63,baseline,Baseline,8,0.04,0.03,9,1,0.9333333333333332,0.1171170291739833,0.8354839367397854,0.3,ok,,,,,,
lorenz63,baseline,Baseline,8,0.04,0.05,0,1,1.0,0.1046339625583347,0.9052772537284638,0.3,ok,,,,,,
lorenz63,baseline,Baseline,8,0.04,0.05,1,1,0.8,0.1474758392180596,0.6971824352704062,0.1,ok,,,,,,
lorenz63,baseline,Baseline,8,0.04,0.05,2,1,0.875,0.1367164769674412,0.7697609894195827,0.1,ok,,,,,,
lorenz63,baseline,Baseline,8,0.04,0.05,3,1,0.8235294117647058,0.1197195822304556,0.735478261552106,0.1,ok,,,,,,
lorenz63,baseline,Baseline,8,0.04,0.05,4,1,0.625,0.3969522440855801,0.447402552697221,0.1,ok,,,,,,
lorenz63,baseline,Baseline,8,0.04,0.05,5,1,0.875,0.1036378400296206,0.7928325472933366,0.3,ok,,,,,,
lorenz63,baseline,Baseline,8,0.04,0.05,6,1,0.8571428571428571,0.1465428941564567,0.7475890012588503,0.3,ok,,,,,,
lorenz63,baseline,Baseline,8,0.04,0.05,7,1,0.8235294117647058,0.1250601606480169,0.7319869999577319,0.1,ok,,,,,,
lorenz63,baseline,Baseline,8,0.04,0.05,8,1,0.75,0.1455392605918698,0.6547134836849633,0.3,ok,,,,,,
lorenz63,baseline,Baseline,8,0.04,0.05,9,1,0.8571428571428571,0.1481119602180367,0.7465673094983507,0.3,ok,,,,,,
lorenz63,baseline,Baseline,8,0.04,0.1,0,1,0.7058823529411765,1.2671146662706718,0.3113571463512825,0.3,ok,,,,,,
lorenz63,baseline,Baseline,8,0.04,0.1,1,1,0.875,0.2338698750233198,0.7091509548229004,0.3,ok,,,,,,
lorenz63,baseline,Baseline,8,0.04,0.1,2,1,0.6086956521739131,0.4080351212916468,0.4323014695936932,0.1,ok,,,,,,
lorenz63,baseline,Baseline,8,0.04,0.1,3,1,0.9333333333333332,0.2146529413037033,0.7683950712139833,0.3,ok,,,,,,
lorenz63,baseline,Baseline,8,0.04,0.1,4,1,0.8235294117647058,0.2215484753718515,0.6741684250508481,0.3,ok,,,,,,
lorenz63,baseline,Baseline,8,0.04,0.1,5,1,0.8,0.1625388595811441,0.688149039842191,0.3,ok,,,,,,
lorenz63,baseline,Baseline,8,0.04,0.1,6,1,0.7368421052631579,0.1973513674978164,0.6153933801428607,0.1,ok,,,,,,
lorenz63,baseline,Baseline,8,0.04,0.1,7,1,0.6666666666666666,0.5372027562073239,0.4336881806740351,0.1,ok,,,,,,
lorenz63,baseline,Baseline,8,0.04,0.1,8,1,0.8,0.1765601785342936,0.6799482207502591,0.3,ok,,,,,,
lorenz63,baseline,Baseline,8,0.04,0.1,9,1,0.56,0.4301084453633739,0.3915786958783468,0.1,ok,,,,,,
lorenz63,baseline,Baseline,16,0.08,0.0,0,1,0.9333333333333332,0.36042869300369,0.6860582536469639,0.3,ok,,,,,,
lorenz63,baseline,Baseline,16,0.08,0.0,1,1,0.9333333333333332,0.36042869300369,0.6860582536469639,0.3,ok,,,,,,
lorenz63,baseline,Baseline,16,0.08,0.0,2,1,0.9333333333333332,0.36042869300369,0.6860582536469639,0.3,ok,,,,,,
lorenz63,baseline,Baseline,16,0.08,0.0,3,1,0.9333333333333332,0.36042869300369,0.6860582536469639,0.3,ok,,,,,,
lorenz63,baseline,Baseline,16,0.08,0.0,4,1,0.9333333333333332,0.36042869300369,0.6860582536469639,0.3,ok,,,,,,
lorenz63,baseline,Baseline,16,0.08,0.0,5,1,0.9333333333333332,0.36042869300369,0.6860582536469639,0.3,ok,,,,,,
lorenz63,baseline,Baseline,16,0.08,0.0,6,1,0.9333333333333332,0.36042869300369,0.6860582536469639,0.3,ok,,,,,,
lorenz63,baseline,Baseline,16,0.08,0.0,7,1,0.9333333333333332,0.36042869300369,0.6860582536469639,0.3,ok,,,,,,
lorenz63,baseline,Baseline,16,0.08,0.0,8,1,0.9333333333333332,0.36042869300369,0.6860582536469639,0.3,ok,,,,,,
lorenz63,baseline,Baseline,16,0.08,0.0,9,1,0.9333333333333332,0.36042869300369,0.6860582536469639,0.3,ok,,,,,,
lorenz63,baseline,Baseline,16,0.08,0.01,0,1,0.9333333333333332,0.3556882932882599,0.688457175557301,0.3,ok,,,,,,
lorenz63,baseline,Baseline,16,0.08,0.01,1,1,1.0,0.3520355632726403,0.7396255151598762,0.3,ok,,,,,,
lorenz63,baseline,Baseline,16,0.08,0.01,2,1,0.9333333333333332,0.3595225701208774,0.686515512022981,0.3,ok,,,,,,
lorenz63,baseline,Baseline,16,0.08,0.01,3,1,0.9333333333333332,0.3669746789905748,0.6827729494027948,0.3,ok,,,,,,
lorenz63,baseline,Baseline,16,0.08,0.01,4,1,0.9333333333333332,0.3602445257647278,0.6861511409565236,0.3,ok,,,,,,
lorenz63,baseline,Baseline,16,0.08,0.01,5,1,0.9333333333333332,0.3583563850812594,0.6871049038264723,0.3,ok,,,,,,
lorenz63,baseline,Baseline,16,0.08,0.01,6,1,0.9333333333333332,0.3585471359736998,0.6870084287980139,0.3,ok,,,,,,
lorenz63,baseline,Baseline,16,0.08,0.01,7,1,0.9333333333333332,0.3651333273084236,0.683693903491132,0.3,ok,,,,,,
lorenz63,baseline,Baseline,16,0.08,0.01,8,1,0.9333333333333332,0.366654205937534,0.6829330559832876,0.3,ok,,,,,,
lorenz63,baseline,Baseline,16,0.08,0.01,9,1,0.9333333333333332,0.359827804919184,0.6863614127884392,0.3,ok,,,,,,
lorenz63,baseline,Baseline,16,0.08,0.03,0,1,0.8235294117647058,0.3502752267481617,0.6098974456844578,0.3,ok,,,,,,
lorenz63,baseline,Baseline,16,0.08,0.03,1,1,0.875,0.3848165708231114,0.6318526355298556,0.3,ok,,,,,,
lorenz63,baseline,Baseline,16,0.08,0.03,2,1,0.8235294117647058,0.9588489026308904,0.4204149746612106,0.1,ok,,,,,,
lorenz63,baseline,Baseline,16,0.08,0.03,3,1,0.9333333333333332,0.3458513437050894,0.6934891715186716,0.3,ok,,,,,,
lorenz63,baseline,Baseline,16,0.08,0.03,4,1,0.9333333333333332,0.3705902080621452,0.6809718381491707,0.3,ok,,,,,,
lorenz63,baseline,Baseline,16,0.08,0.03,5,1,0.7058823529411765,0.9395296897484906,0.3639451134324796,0.3,ok,,,,,,
lorenz63,baseline,Baseline,16,0.08,0.03,6,1,0.875,0.3642815335880875,0.6413632219287851,0.3,ok,,,,,,
lorenz63,baseline,Baseline,16,0.08,0.03,7,1,0.8,0.2748278986759408,0.6275356860568351,0.3,ok,,,,,,
lorenz63,baseline,Baseline,16,0.08,0.03,8,1,0.875,0.3709317040721568,0.6382520714933775,0.3,ok,,,,,,
lorenz63,baseline,Baseline,16,0.08,0.03,9,1,0.875,0.3734862837814131,0.6370649713304702,0.3,ok,,,,,,
lorenz63,baseline,Baseline,16,0.08,0.05,0,1,0.8235294117647058,0.3728963012753871,0.5998482267012207,0.3,ok,,,,,,
lorenz63,baseline,Baseline,16,0.08,0.05,1,1,0.7777777777777778,0.8758640360180555,0.4146237482268632,0.3,ok,,,,,,
lorenz63,baseline,Baseline,16,0.08,0.05,2,1,0.56,0.2855785750133539,0.4356015345030023,0.03,ok,,,,,,
lorenz63,baseline,Baseline,16,0.08,0.05,3,1,0.8235294117647058,0.9090810139970376,0.4313747848974122,0.3,ok,,,,,,
lorenz63,baseline,Baseline,16,0.08,0.05,4,1,0.6666666666666666,0.8540808491563491,0.3595672038627743,0.3,ok,,,,,,
lorenz63,baseline,Baseline,16,0.08,0.05,5,1,0.8235294117647058,0.3676490270067553,0.6021496710797851,0.3,ok,,,,,,
lorenz63,baseline,Baseline,16,0.08,0.05,6,1,0.5882352941176471,0.7574595789226128,0.3347077231092034,0.3,ok,,,,,,
lorenz63,baseline,Baseline,16,0.08,0.05,7,1,0.7777777777777778,0.3651294111988592,0.5697465539876779,0.3,ok,,,,,,
lorenz63,baseline,Baseline,16,0.08,0.05,8,1,0.8235294117647058,0.7846511267693808,0.4614512043345295,0.3,ok,,,,,,
lorenz63,baseline,Baseline,16,0.08,0.05,9,1,0.7777777777777778,0.8966573000636712,0.4100781821532375,0.3,ok,,,,,,
lorenz63,baseline,Baseline,16,0.08,0.1,0,1,0.6,0.9381905623224877,0.3095670836829554,0.1,ok,,,,,,
lorenz63,baseline,Baseline,16,0.08,0.1,1,1,0.5454545454545454,0.8753350985611339,0.290857109149746,0.1,ok,,,,,,
lorenz63,baseline,Baseline,16,0.08,0.1,2,1,0.8235294117647058,0.4222493088525899,0.5790330897956943,0.3,ok,,,,,,
lorenz63,baseline,Baseline,16,0.08,0.1,3,1,0.7777777777777778,0.7724874768339351,0.4388057957775055,0.3,ok,,,,,,
lorenz63,baseline,Baseline,16,0.08,0.1,4,1,0.631578947368421,1.3778523197301358,0.2656089876263213,0.3,ok,,,,,,
lorenz63,baseline,Baseline,16,0.08,0.1,5,1,0.6,0.7570784725123988,0.3414759268788241,0.3,ok,,,,,,
lorenz63,baseline,Baseline,16,0.08,0.1,6,1,0.9333333333333332,0.4181092548764172,0.6581533334782939,0.3,ok,,,,,,
lorenz63,baseline,Baseline,16,0.08,0.1,7,1,0.875,0.4763274298993172,0.5926869488970162,0.3,ok,,,,,,
lorenz63,baseline,Baseline,16,0.08,0.1,8,1,0.7058823529411765,1.2574354624072133,0.3126921520885739,0.3,ok,,,,,,
lorenz63,baseline,Baseline,16,0.08,0.1,9,1,0.8235294117647058,0.4120986740689736,0.5831953721702035,0.3,ok,,,,,,
lorenz63,baseline,Baseline,32,0.16,0.0,0,1,0.4,0.9111712827736356,0.2092957358691,1.0,ok,,,,,,
lorenz63,baseline,Baseline,32,0.16,0.0,1,1,0.4,0.9111712827736356,0.2092957358691,1.0,ok,,,,,,
lorenz63,baseline,Baseline,32,0.16,0.0,2,1,0.4,0.9111712827736356,0.2092957358691,1.0,ok,,,,,,
lorenz63,baseline,Baseline,32,0.16,0.0,3,1,0.4,0.9111712827736356,0.2092957358691,1.0,ok,,,,,,
lorenz63,baseline,Baseline,32,0.16,0.0,4,1,0.4,0.9111712827736356,0.2092957358691,1.0,ok,,,,,,
lorenz63,baseline,Baseline,32,0.16,0.0,5,1,0.4,0.9111712827736356,0.2092957358691,1.0,ok,,,,,,
lorenz63,baseline,Baseline,32,0.16,0.0,6,1,0.4,0.9111712827736356,0.2092957358691,1.0,ok,,,,,,
lorenz63,baseline,Baseline,32,0.16,0.0,7,1,0.4,0.9111712827736356,0.2092957358691,1.0,ok,,,,,,
lorenz63,baseline,Baseline,32,0.16,0.0,8,1,0.4,0.9111712827736356,0.2092957358691,1.0,ok,,,,,,
lorenz63,baseline,Baseline,32,0.16,0.0,9,1,0.4,0.9111712827736356,0.2092957358691,1.0,ok,,,,,,
lorenz63,baseline,Baseline,32,0.16,0.01,0,1,0.4,0.9112042304974364,0.2092921277679939,1.0,ok,,,,,,
lorenz63,baseline,Baseline,32,0.16,0.01,1,1,0.6666666666666666,1.1958693673033538,0.3036003309638447,0.3,ok,,,,,,
lorenz63,baseline,Baseline,32,0.16,0.01,2,1,0.4,0.9111363420973642,0.2092995623541032,1.0,ok,,,,,,
lorenz63,baseline,Baseline,32,0.16,0.01,3,1,0.5454545454545454,0.9804091051083064,0.2754251856586546,1.0,ok,,,,,,
lorenz63,baseline,Baseline,32,0.16,0.01,4,1,0.7272727272727273,1.176033395996019,0.3342194695223592,1.0,ok,,,,,,
lorenz63,baseline,Baseline,32,0.16,0.01,5,1,0.6666666666666666,1.1966479103665406,0.3034927279517563,0.3,ok,,,,,,
lorenz63,baseline,Baseline,32,0.16,0.01,6,1,0.5454545454545454,0.979219873987574,0.2755906772275923,1.0,ok,,,,,,
lorenz63,baseline,Baseline,32,0.16,0.01,7,1,0.4,0.9111175232376404,0.2093016233362544,1.0,ok,,,,,,
lorenz63,baseline,Baseline,32,0.16,0.01,8,1,0.6,1.2893917227629372,0.2620783477263095,0.3,ok,,,,,,
lorenz63,baseline,Baseline,32,0.16,0.01,9,1,0.6666666666666666,2.134592614758955,0.2126804815170319,0.3,ok,,,,,,
lorenz63,baseline,Baseline,32,0.16,0.03,0,1,0.6666666666666666,1.1919187492669543,0.3041475268595702,1.0,ok,,,,,,
lorenz63,baseline,Baseline,32,0.16,0.03,1,1,0.6666666666666666,1.1900384294389534,0.3044086613756153,1.0,ok,,,,,,
lorenz63,baseline,Baseline,32,0.16,0.03,2,1,0.6666666666666666,1.190532440199232,0.3043400108724399,1.0,ok,,,,,,
lorenz63,baseline,Baseline,32,0.16,0.03,3,1,0.6666666666666666,1.1845438623119275,0.3051743103757714,1.0,ok,,,,,,
lorenz63,baseline,Baseline,32,0.16,0.03,4,1,0.6666666666666666,1.194405085549454,0.3038029172721047,1.0,ok,,,,,,
lorenz63,baseline,Baseline,32,0.16,0.03,5,1,0.5333333333333333,1.193624734897221,0.2431287926548302,1.0,ok,,,,,,
lorenz63,baseline,Baseline,32,0.16,0.03,6,1,0.4,0.9098115258289576,0.2094447512700915,1.0,ok,,,,,,
lorenz63,baseline,Baseline,32,0.16,0.03,7,1,0.6666666666666666,1.1824952868651872,0.3054607589206889,1.0,ok,,,,,,
lorenz63,baseline,Baseline,32,0.16,0.03,8,1,0.6153846153846154,1.192445321787454,0.2806841334966135,1.0,ok,,,,,,
lorenz63,baseline,Baseline,32,0.16,0.03,9,1,0.7272727272727273,1.1795470242777637,0.3336806773020754,1.0,ok,,,,,,
lorenz63,baseline,Baseline,32,0.16,0.05,0,1,0.6666666666666666,1.1826397387138985,0.3054405428627879,1.0,ok,,,,,,
lorenz63,baseline,Baseline,32,0.16,0.05,1,1,0.6666666666666666,1.1914304547635852,0.3042152970072634,1.0,ok,,,,,,
lorenz63,baseline,Baseline,32,0.16,0.05,2,1,0.5555555555555556,1.307024483917842,0.2408104289435621,0.3,ok,,,,,,
lorenz63,baseline,Baseline,32,0.16,0.05,3,1,0.6666666666666666,1.1756495656044328,0.306421896800947,1.0,ok,,,,,,
lorenz63,baseline,Baseline,32,0.16,0.05,4,1,0.5333333333333333,1.1885501192186028,0.243692538110004,1.0,ok,,,,,,
lorenz63,baseline,Baseline,32,0.16,0.05,5,1,0.7058823529411765,1.1847644636814922,0.3230931135485936,0.3,ok,,,,,,
lorenz63,baseline,Baseline,32,0.16,0.05,6,1,0.6666666666666666,1.1699403296953026,0.3072281101666414,1.0,ok,,,,,,
lorenz63,baseline,Baseline,32,0.16,0.05,7,1,0.631578947368421,1.994445633279632,0.210916818909379,0.3,ok,,,,,,
lorenz63,baseline,Baseline,32,0.16,0.05,8,1,0.7272727272727273,1.174668015794441,0.3344293115043782,1.0,ok,,,,,,
lorenz63,baseline,Baseline,32,0.16,0.05,9,1,0.6153846153846154,1.182955367052888,0.2819043507130515,1.0,ok,,,,,,
lorenz63,baseline,Baseline,32,0.16,0.1,0,1,0.4705882352941176,1.9391614666181995,0.1601096913656726,0.3,ok,,,,,,
lorenz63,baseline,Baseline,32,0.16,0.1,1,1,0.6,0.9712932333974028,0.3043687209162367,1.0,ok,,,,,,
lorenz63,baseline,Baseline,32,0.16,0.1,2,1,0.5,1.2244255855619712,0.2247771304400284,1.0,ok,,,,,,
lorenz63,baseline,Baseline,32,0.16,0.1,3,1,0.6666666666666666,1.7744150073458833,0.2402908955226661,0.3,ok,,,,,,
lorenz63,baseline,Baseline,32,0.16,0.1,4,1,0.6666666666666666,1.1857337522864415,0.3050081767595359,1.0,ok,,,,,,
lorenz63,baseline,Baseline,32,0.16,0.1,5,1,0.6666666666666666,1.1744626671980736,0.3065891526782139,1.0,ok,,,,,,
lorenz63,baseline,Baseline,32,0.16,0.1,6,1,0.6153846153846154,1.1921188735907433,0.2807259327030019,1.0,ok,,,,,,
lorenz63,baseline,Baseline,32,0.16,0.1,7,1,0.6153846153846154,1.16846965472243,0.2837875153311224,1.0,ok,,,,,,
lorenz63,baseline,Baseline,32,0.16,0.1,8,1,0.6666666666666666,1.1961160820684218,0.3035662240762627,1.0,ok,,,,,,
lorenz63,baseline,Baseline,32,0.16,0.1,9,1,0.5,1.1619050328612155,0.2312775040531106,1.0,ok,,,,,,
lorenz63,baseline,Baseline,64,0.32,0.0,0,1,0.6666666666666666,1.0275093730742937,0.3288106459679672,1.0,ok,,,,,,
lorenz63,baseline,Baseline,64,0.32,0.0,1,1,0.6666666666666666,1.0275093730742937,0.3288106459679672,1.0,ok,,,,,,
lorenz63,baseline,Baseline,64,0.32,0.0,2,1,0.6666666666666666,1.0275093730742937,0.3288106459679672,1.0,ok,,,,,,
lorenz63,baseline,Baseline,64,0.32,0.0,3,1,0.6666666666666666,1.0275093730742937,0.3288106459679672,1.0,ok,,,,,,
lorenz63,baseline,Baseline,64,0.32,0.0,4,1,0.6666666666666666,1.0275093730742937,0.3288106459679672,1.0,ok,,,,,,
lorenz63,baseline,Baseline,64,0.32,0.0,5,1,0.6666666666666666,1.0275093730742937,0.3288106459679672,1.0,ok,,,,,,
lorenz63,baseline,Baseline,64,0.32,0.0,6,1,0.6666666666666666,1.0275093730742937,0.3288106459679672,1.0,ok,,,,,,
lorenz63,baseline,Baseline,64,0.32,0.0,7,1,0.6666666666666666,1.0275093730742937,0.3288106459679672,1.0,ok,,,,,,
lorenz63,baseline,Baseline,64,0.32,0.0,8,1,0.6666666666666666,1.0275093730742937,0.3288106459679672,1.0,ok,,,,,,
lorenz63,baseline,Baseline,64,0.32,0.0,9,1,0.6666666666666666,1.0275093730742937,0.3288106459679672,1.0,ok,,,,,,
lorenz63,baseline,Baseline,64,0.32,0.01,0,1,0.6363636363636364,1.527315973819866,0.2517942524621549,0.1,ok,,,,,,
lorenz63,baseline,Baseline,64,0.32,0.01,1,1,0.4761904761904761,1.2860135568805136,0.2083060595844777,0.3,ok,,,,,,
lorenz63,baseline,Baseline,64,0.32,0.01,2,1,0.5454545454545454,1.4010291190696416,0.2271753145858971,0.3,ok,,,,,,
lorenz63,baseline,Baseline,64,0.32,0.01,3,1,0.6153846153846154,1.0280254600819991,0.3034402809517655,0.3,ok,,,,,,
lorenz63,baseline,Baseline,64,0.32,0.01,4,1,0.3636363636363636,1.0583099360825914,0.1766674480173001,0.3,ok,,,,,,
lorenz63,baseline,Baseline,64,0.32,0.01,5,1,0.6666666666666666,1.0276029525861932,0.3287954704427403,1.0,ok,,,,,,
lorenz63,baseline,Baseline,64,0.32,0.01,6,1,0.5714285714285714,1.0289699300608626,0.281634815263837,0.3,ok,,,,,,
lorenz63,baseline,Baseline,64,0.32,0.01,7,1,0.6086956521739131,1.4800743975181765,0.2454344324440581,0.1,ok,,,,,,
lorenz63,baseline,Baseline,64,0.32,0.01,8,1,0.5714285714285714,1.0287656759108583,0.2816631699824161,0.3,ok,,,,,,
lorenz63,baseline,Baseline,64,0.32,0.01,9,1,0.5714285714285714,1.0285025436645343,0.2816997066201717,0.3,ok,,,,,,
lorenz63,baseline,Baseline,64,0.32,0.03,0,1,0.5714285714285714,1.0296962078365128,0.2815340390460041,0.3,ok,,,,,,
lorenz63,baseline,Baseline,64,0.32,0.03,1,1,0.6666666666666666,1.0284738947079153,0.3286542993754728,1.0,ok,,,,,,
lorenz63,baseline,Baseline,64,0.32,0.03,2,1,0.5714285714285714,1.0289480938006248,0.2816378463177791,0.3,ok,,,,,,
lorenz63,baseline,Baseline,64,0.32,0.03,3,1,0.5882352941176471,1.0087308344888533,0.2928392814099112,0.3,ok,,,,,,
lorenz63,baseline,Baseline,64,0.32,0.03,4,1,0.6666666666666666,1.0286465722783036,0.3286263244553022,1.0,ok,,,,,,
lorenz63,baseline,Baseline,64,0.32,0.03,5,1,0.6666666666666666,1.0283928009433227,0.3286674387508313,1.0,ok,,,,,,
lorenz63,baseline,Baseline,64,0.32,0.03,6,1,0.7272727272727273,1.0278277870959496,0.3586461986075523,1.0,ok,,,,,,
lorenz63,baseline,Baseline,64,0.32,0.03,7,1,0.5714285714285714,1.029667815146069,0.2815379773795385,0.3,ok,,,,,,
lorenz63,baseline,Baseline,64,0.32,0.03,8,1,0.5714285714285714,1.0279942663672337,0.2817703091696492,0.3,ok,,,,,,
lorenz63,baseline,Baseline,64,0.32,0.03,9,1,0.5714285714285714,1.0284402667994057,0.2817083553217989,0.3,ok,,,,,,
lorenz63,baseline,Baseline,64,0.32,0.05,0,1,0.4,1.057091993004485,0.1944492523233149,1.0,ok,,,,,,
lorenz63,baseline,Baseline,64,0.32,0.05,1,1,0.6153846153846154,1.0285895535245937,0.3033559027825068,1.0,ok,,,,,,
lorenz63,baseline,Baseline,64,0.32,0.05,2,1,0.6666666666666666,1.0275774502705752,0.3287996059424026,1.0,ok,,,,,,
lorenz63,baseline,Baseline,64,0.32,0.05,3,1,0.6666666666666666,1.033882516090859,0.3277803223108512,0.3,ok,,,,,,
lorenz63,baseline,Baseline,64,0.32,0.05,4,1,0.6666666666666666,1.0277163694675011,0.3287770798248968,1.0,ok,,,,,,
lorenz63,baseline,Baseline,64,0.32,0.05,5,1,0.6153846153846154,1.0300387433207892,0.3031393452018327,1.0,ok,,,,,,
lorenz63,baseline,Baseline,64,0.32,0.05,6,1,0.5714285714285714,1.0286018390956355,0.2816859180623232,0.3,ok,,,,,,
lorenz63,baseline,Baseline,64,0.32,0.05,7,1,0.3636363636363636,1.056127312998758,0.1768549842888952,0.3,ok,,,,,,
lorenz63,baseline,Baseline,64,0.32,0.05,8,1,0.5714285714285714,1.0300261197162042,0.2814882852386434,0.3,ok,,,,,,
lorenz63,baseline,Baseline,64,0.32,0.05,9,1,0.5714285714285714,1.027524565136937,0.281835584758983,0.3,ok,,,,,,
lorenz63,baseline,Baseline,64,0.32,0.1,0,1,0.6666666666666666,1.0258580661426857,0.3290786643982549,1.0,ok,,,,,,
lorenz63,baseline,Baseline,64,0.32,0.1,1,1,0.5,1.0516802289847715,0.2437026944727219,0.3,ok,,,,,,
lorenz63,baseline,Baseline,64,0.32,0.1,2,1,0.6666666666666666,1.0267030388962322,0.3289414649665407,1.0,ok,,,,,,
lorenz63,baseline,Baseline,64,0.32,0.1,3,1,0.5714285714285714,1.025257855131605,0.2821510209086136,0.3,ok,,,,,,
lorenz63,baseline,Baseline,64,0.32,0.1,4,1,0.6153846153846154,1.0323035382155876,0.3028015273372688,1.0,ok,,,,,,
lorenz63,baseline,Baseline,64,0.32,0.1,5,1,0.6153846153846154,1.0263348602229263,0.3036934454737229,0.3,ok,,,,,,
lorenz63,baseline,Baseline,64,0.32,0.1,6,1,0.6153846153846154,1.0357202542373685,0.3022933107354447,1.0,ok,,,,,,
lorenz63,baseline,Baseline,64,0.32,0.1,7,1,0.6666666666666666,1.0375967677097748,0.327182824998289,0.3,ok,,,,,,
lorenz63,baseline,Baseline,64,0.32,0.1,8,1,0.5714285714285714,1.0229049700297914,0.2824791969442618,0.3,ok,,,,,,
lorenz63,baseline,Baseline,64,0.32,0.1,9,1,0.5333333333333333,1.029740431660803,0.2627593780042809,0.3,ok,,,,,,
vanderpol_mu2,baseline,Baseline,8,0.04,0.0,0,1,1.0,0.0071470812795428,0.9929036370035816,0.03,ok,,,,,,
vanderpol_mu2,baseline,Baseline,8,0.04,0.0,1,1,1.0,0.0071470812795428,0.9929036370035816,0.03,ok,,,,,,
vanderpol_mu2,baseline,Baseline,8,0.04,0.0,2,1,1.0,0.0071470812795428,0.9929036370035816,0.03,ok,,,,,,
vanderpol_mu2,baseline,Baseline,8,0.04,0.0,3,1,1.0,0.0071470812795428,0.9929036370035816,0.03,ok,,,,,,
vanderpol_mu2,baseline,Baseline,8,0.04,0.0,4,1,1.0,0.0071470812795428,0.9929036370035816,0.03,ok,,,,,,
vanderpol_mu2,baseline,Baseline,8,0.04,0.0,5,1,1.0,0.0071470812795428,0.9929036370035816,0.03,ok,,,,,,
vanderpol_mu2,baseline,Baseline,8,0.04,0.0,6,1,1.0,0.0071470812795428,0.9929036370035816,0.03,ok,,,,,,
vanderpol_mu2,baseline,Baseline,8,0.04,0.0,7,1,1.0,0.0071470812795428,0.9929036370035816,0.03,ok,,,,,,
vanderpol_mu2,baseline,Baseline,8,0.04,0.0,8,1,1.0,0.0071470812795428,0.9929036370035816,0.03,ok,,,,,,
vanderpol_mu2,baseline,Baseline,8,0.04,0.0,9,1,1.0,0.0071470812795428,0.9929036370035816,0.03,ok,,,,,,
vanderpol_mu2,baseline,Baseline,8,0.04,0.01,0,1,1.0,0.0079582156265837,0.9921046175295702,0.01,ok,,,,,,
vanderpol_mu2,baseline,Baseline,8,0.04,0.01,1,1,1.0,0.0056898567860673,0.9943423345202558,0.01,ok,,,,,,
vanderpol_mu2,baseline,Baseline,8,0.04,0.01,2,1,1.0,0.0078085006413979,0.9922519996245036,0.01,ok,,,,,,
vanderpol_mu2,baseline,Baseline,8,0.04,0.01,3,1,1.0,0.0094693576370631,0.9906194699567415,0.01,ok,,,,,,
vanderpol_mu2,baseline,Baseline,8,0.04,0.01,4,1,1.0,0.0096742799875853,0.9904184149489236,0.01,ok,,,,,,
vanderpol_mu2,baseline,Baseline,8,0.04,0.01,5,1,1.0,0.011049455247082,0.9890713009242644,0.03,ok,,,,,,
vanderpol_mu2,baseline,Baseline,8,0.04,0.01,6,1,1.0,0.0110679681020944,0.98905319083259,0.03,ok,,,,,,
vanderpol_mu2,baseline,Baseline,8,0.04,0.01,7,1,1.0,0.0071212119772179,0.9929291411078144,0.01,ok,,,,,,
vanderpol_mu2,baseline,Baseline,8,0.04,0.01,8,1,1.0,0.0102943618527947,0.9898105322156648,0.01,ok,,,,,,
vanderpol_mu2,baseline,Baseline,8,0.04,0.01,9,1,1.0,0.0101473106381815,0.9899546229234916,0.03,ok,,,,,,
vanderpol_mu2,baseline,Baseline,8,0.04,0.03,0,1,1.0,0.0076290845349101,0.992428677722784,0.1,ok,,,,,,
vanderpol_mu2,baseline,Baseline,8,0.04,0.03,1,1,1.0,0.0052290102519727,0.9947981900655036,0.03,ok,,,,,,
vanderpol_mu2,baseline,Baseline,8,0.04,0.03,2,1,1.0,0.016218948025699,0.9840399078788984,0.03,ok,,,,,,
vanderpol_mu2,baseline,Baseline,8,0.04,0.03,3,1,1.0,0.0219091277134932,0.9785605910356092,0.03,ok,,,,,,
vanderpol_mu2,baseline,Baseline,8,0.04,0.03,4,1,1.0,0.0186191761170003,0.9817211608091092,0.03,ok,,,,,,
vanderpol_mu2,baseline,Baseline,8,0.04,0.03,5,1,1.0,0.0111408718269532,0.9889818796397544,0.03,ok,,,,,,
vanderpol_mu2,baseline,Baseline,8,0.04,0.03,6,1,1.0,0.01609112873975,0.984163695278289,0.1,ok,,,,,,
vanderpol_mu2,baseline,Baseline,8,0.04,0.03,7,1,1.0,0.0181986402230626,0.9821266307927148,0.1,ok,,,,,,
vanderpol_mu2,baseline,Baseline,8,0.04,0.03,8,1,1.0,0.0174358372720007,0.9828629613453064,0.03,ok,,,,,,
vanderpol_mu2,baseline,Baseline,8,0.04,0.03,9,1,1.0,0.0122090460187315,0.9879382168468532,0.1,ok,,,,,,
vanderpol_mu2,baseline,Baseline,8,0.04,0.05,0,1,1.0,0.0233296369021747,0.9772022268671918,0.1,ok,,,,,,
vanderpol_mu2,baseline,Baseline,8,0.04,0.05,1,1,1.0,0.0198815717139079,0.9805059996520016,0.1,ok,,,,,,
vanderpol_mu2,baseline,Baseline,8,0.04,0.05,2,1,1.0,0.0096787897290628,0.990413991234123,0.1,ok,,,,,,
vanderpol_mu2,baseline,Baseline,8,0.04,0.05,3,1,1.0,0.0346358590294489,0.9665236240101523,0.03,ok,,,,,,
vanderpol_mu2,baseline,Baseline,8,0.04,0.05,4,1,1.0,0.0195259334687023,0.9808480266879824,0.03,ok,,,,,,
vanderpol_mu2,baseline,Baseline,8,0.04,0.05,5,1,1.0,0.0277841261685691,0.9729669631383154,0.1,ok,,,,,,
vanderpol_mu2,baseline,Baseline,8,0.04,0.05,6,1,1.0,0.040462876983684,0.9611106961346024,0.1,ok,,,,,,
vanderpol_mu2,baseline,Baseline,8,0.04,0.05,7,1,1.0,0.0317370581393613,0.9692391991845324,0.03,ok,,,,,,
vanderpol_mu2,baseline,Baseline,8,0.04,0.05,8,1,1.0,0.0207635813020528,0.9796587753693492,0.1,ok,,,,,,
vanderpol_mu2,baseline,Baseline,8,0.04,0.05,9,1,1.0,0.0208978398136767,0.979529940216652,0.1,ok,,,,,,
vanderpol_mu2,baseline,Baseline,8,0.04,0.1,0,1,1.0,0.1069540872290321,0.9033798343915388,0.1,ok,,,,,,
vanderpol_mu2,baseline,Baseline,8,0.04,0.1,1,1,1.0,0.0787249515582069,0.9270203665498888,0.1,ok,,,,,,
vanderpol_mu2,baseline,Baseline,8,0.04,0.1,2,1,1.0,0.0704614463009149,0.934176567923673,0.1,ok,,,,,,
vanderpol_mu2,baseline,Baseline,8,0.04,0.1,3,1,1.0,0.1298198454302936,0.8850968621631429,0.3,ok,,,,,,
vanderpol_mu2,baseline,Baseline,8,0.04,0.1,4,1,1.0,0.0717867463477732,0.9330214274505688,0.3,ok,,,,,,
vanderpol_mu2,baseline,Baseline,8,0.04,0.1,5,1,1.0,0.1249177198438872,0.888953905125414,0.3,ok,,,,,,
vanderpol_mu2,baseline,Baseline,8,0.04,0.1,6,1,1.0,0.1194509632747037,0.8932950462383127,0.3,ok,,,,,,
vanderpol_mu2,baseline,Baseline,8,0.04,0.1,7,1,1.0,0.1047713191360116,0.9051647003128682,0.3,ok,,,,,,
vanderpol_mu2,baseline,Baseline,8,0.04,0.1,8,1,1.0,0.0974506805545397,0.91120267882535,0.1,ok,,,,,,
vanderpol_mu2,baseline,Baseline,8,0.04,0.1,9,1,1.0,0.0989469056832036,0.909962068984862,0.3,ok,,,,,,
vanderpol_mu2,baseline,Baseline,16,0.08,0.0,0,1,1.0,0.0282007673252544,0.9725727034822048,0.1,ok,,,,,,
vanderpol_mu2,baseline,Baseline,16,0.08,0.0,1,1,1.0,0.0282007673252544,0.9725727034822048,0.1,ok,,,,,,
vanderpol_mu2,baseline,Baseline,16,0.08,0.0,2,1,1.0,0.0282007673252544,0.9725727034822048,0.1,ok,,,,,,
vanderpol_mu2,baseline,Baseline,16,0.08,0.0,3,1,1.0,0.0282007673252544,0.9725727034822048,0.1,ok,,,,,,
vanderpol_mu2,baseline,Baseline,16,0.08,0.0,4,1,1.0,0.0282007673252544,0.9725727034822048,0.1,ok,,,,,,
vanderpol_mu2,baseline,Baseline,16,0.08,0.0,5,1,1.0,0.0282007673252544,0.9725727034822048,0.1,ok,,,,,,
vanderpol_mu2,baseline,Baseline,16,0.08,0.0,6,1,1.0,0.0282007673252544,0.9725727034822048,0.1,ok,,,,,,
vanderpol_mu2,baseline,Baseline,16,0.08,0.0,7,1,1.0,0.0282007673252544,0.9725727034822048,0.1,ok,,,,,,
vanderpol_mu2,baseline,Baseline,16,0.08,0.0,8,1,1.0,0.0282007673252544,0.9725727034822048,0.1,ok,,,,,,
vanderpol_mu2,baseline,Baseline,16,0.08,0.0,9,1,1.0,0.0282007673252544,0.9725727034822048,0.1,ok,,,,,,
vanderpol_mu2,baseline,Baseline,16,0.08,0.01,0,1,1.0,0.0293314832594375,0.9715043368084324,0.1,ok,,,,,,
vanderpol_mu2,baseline,Baseline,16,0.08,0.01,1,1,1.0,0.0325361014516884,0.9684891391148992,0.03,ok,,,,,,
vanderpol_mu2,baseline,Baseline,16,0.08,0.01,2,1,1.0,0.0303558113822519,0.97053851587295,0.1,ok,,,,,,
vanderpol_mu2,baseline,Baseline,16,0.08,0.01,3,1,1.0,0.030715681757929,0.9701996561209372,0.1,ok,,,,,,
vanderpol_mu2,baseline,Baseline,16,0.08,0.01,4,1,1.0,0.0318749947472001,0.9691096354602438,0.1,ok,,,,,,
vanderpol_mu2,baseline,Baseline,16,0.08,0.01,5,1,1.0,0.0255790204952804,0.9750589472053284,0.1,ok,,,,,,
vanderpol_mu2,baseline,Baseline,16,0.08,0.01,6,1,1.0,0.0276562529404472,0.9730880312737706,0.1,ok,,,,,,
vanderpol_mu2,baseline,Baseline,16,0.08,0.01,7,1,1.0,0.0329510351160171,0.9681000996215504,0.1,ok,,,,,,
vanderpol_mu2,baseline,Baseline,16,0.08,0.01,8,1,1.0,0.0271319531548567,0.973584744324699,0.1,ok,,,,,,
vanderpol_mu2,baseline,Baseline,16,0.08,0.01,9,1,1.0,0.0276749793387373,0.9730702995644158,0.1,ok,,,,,,
vanderpol_mu2,baseline,Baseline,16,0.08,0.03,0,1,1.0,0.0287853142918286,0.9720200960375848,0.03,ok,,,,,,
vanderpol_mu2,baseline,Baseline,16,0.08,0.03,1,1,1.0,0.0402905781709457,0.9612698807271856,0.1,ok,,,,,,
vanderpol_mu2,baseline,Baseline,16,0.08,0.03,2,1,1.0,0.052582979687238,0.9500438628573852,0.1,ok,,,,,,
vanderpol_mu2,baseline,Baseline,16,0.08,0.03,3,1,1.0,0.0451491374986701,0.9568012488564795,0.1,ok,,,,,,
vanderpol_mu2,baseline,Baseline,16,0.08,0.03,4,1,1.0,0.0276069975799799,0.973134673425741,0.1,ok,,,,,,
vanderpol_mu2,baseline,Baseline,16,0.08,0.03,5,1,1.0,0.0342958347088662,0.9668413682449762,0.1,ok,,,,,,
vanderpol_mu2,baseline,Baseline,16,0.08,0.03,6,1,1.0,0.0432939301646877,0.9585026530750989,0.1,ok,,,,,,
vanderpol_mu2,baseline,Baseline,16,0.08,0.03,7,1,1.0,0.0304940370200773,0.9704083323875816,0.1,ok,,,,,,
vanderpol_mu2,baseline,Baseline,16,0.08,0.03,8,1,1.0,0.0179668758650066,0.9823502352669976,0.03,ok,,,,,,
vanderpol_mu2,baseline,Baseline,16,0.08,0.03,9,1,1.0,0.0493860665729005,0.9529381338803304,0.1,ok,,,,,,
vanderpol_mu2,baseline,Baseline,16,0.08,0.05,0,1,1.0,0.0352194384640177,0.9659787701472514,0.03,ok,,,,,,
vanderpol_mu2,baseline,Baseline,16,0.08,0.05,1,1,1.0,0.058396561319639,0.9448254430769988,0.1,ok,,,,,,
vanderpol_mu2,baseline,Baseline,16,0.08,0.05,2,1,1.0,0.0246590409227433,0.975934393844281,0.1,ok,,,,,,
vanderpol_mu2,baseline,Baseline,16,0.08,0.05,3,1,1.0,0.0673303766789441,0.9369170238661751,0.1,ok,,,,,,
vanderpol_mu2,baseline,Baseline,16,0.08,0.05,4,1,1.0,0.0573396713437684,0.9457698666778525,0.1,ok,,,,,,
vanderpol_mu2,baseline,Baseline,16,0.08,0.05,5,1,1.0,0.0784754406351137,0.9272348375509604,0.1,ok,,,,,,
vanderpol_mu2,baseline,Baseline,16,0.08,0.05,6,1,1.0,0.0276020795806938,0.9731393307495476,0.1,ok,,,,,,
vanderpol_mu2,baseline,Baseline,16,0.08,0.05,7,1,1.0,0.0519852877925291,0.9505836361061528,0.1,ok,,,,,,
vanderpol_mu2,baseline,Baseline,16,0.08,0.05,8,1,1.0,0.0588545440506118,0.944416780962694,0.1,ok,,,,,,
vanderpol_mu2,baseline,Baseline,16,0.08,0.05,9,1,1.0,0.0299016463314508,0.9709665030268066,0.03,ok,,,,,,
vanderpol_mu2,baseline,Baseline,16,0.08,0.1,0,1,1.0,0.1438340069000473,0.874252727203086,0.3,ok,,,,,,
vanderpol_mu2,baseline,Baseline,16,0.08,0.1,1,1,1.0,0.0871352733417618,0.9198487295201864,0.3,ok,,,,,,
vanderpol_mu2,baseline,Baseline,16,0.08,0.1,2,1,1.0,0.0985986622237578,0.9102505167590712,0.1,ok,,,,,,
vanderpol_mu2,baseline,Baseline,16,0.08,0.1,3,1,1.0,0.0871739677234831,0.9198159905299946,0.3,ok,,,,,,
vanderpol_mu2,baseline,Baseline,16,0.08,0.1,4,1,1.0,0.1112118980564871,0.8999183699787618,0.3,ok,,,,,,
vanderpol_mu2,baseline,Baseline,16,0.08,0.1,5,1,1.0,0.0677467007296696,0.9365517114842188,0.3,ok,,,,,,
vanderpol_mu2,baseline,Baseline,16,0.08,0.1,6,1,1.0,0.1068375922932848,0.9034749153469522,0.1,ok,,,,,,
vanderpol_mu2,baseline,Baseline,16,0.08,0.1,7,1,1.0,0.1686511812587527,0.8556873223051049,0.3,ok,,,,,,
vanderpol_mu2,baseline,Baseline,16,0.08,0.1,8,1,1.0,0.1067940606920791,0.9035104501506804,0.1,ok,,,,,,
vanderpol_mu2,baseline,Baseline,16,0.08,0.1,9,1,1.0,0.1144702866778394,0.8972872690764437,0.1,ok,,,,,,
vanderpol_mu2,baseline,Baseline,32,0.16,0.0,0,1,1.0,0.1067549602114993,0.9035423702179762,0.3,ok,,,,,,
vanderpol_mu2,baseline,Baseline,32,0.16,0.0,1,1,1.0,0.1067549602114993,0.9035423702179762,0.3,ok,,,,,,
vanderpol_mu2,baseline,Baseline,32,0.16,0.0,2,1,1.0,0.1067549602114993,0.9035423702179762,0.3,ok,,,,,,
vanderpol_mu2,baseline,Baseline,32,0.16,0.0,3,1,1.0,0.1067549602114993,0.9035423702179762,0.3,ok,,,,,,
vanderpol_mu2,baseline,Baseline,32,0.16,0.0,4,1,1.0,0.1067549602114993,0.9035423702179762,0.3,ok,,,,,,
vanderpol_mu2,baseline,Baseline,32,0.16,0.0,5,1,1.0,0.1067549602114993,0.9035423702179762,0.3,ok,,,,,,
vanderpol_mu2,baseline,Baseline,32,0.16,0.0,6,1,1.0,0.1067549602114993,0.9035423702179762,0.3,ok,,,,,,
vanderpol_mu2,baseline,Baseline,32,0.16,0.0,7,1,1.0,0.1067549602114993,0.9035423702179762,0.3,ok,,,,,,
vanderpol_mu2,baseline,Baseline,32,0.16,0.0,8,1,1.0,0.1067549602114993,0.9035423702179762,0.3,ok,,,,,,
vanderpol_mu2,baseline,Baseline,32,0.16,0.0,9,1,1.0,0.1067549602114993,0.9035423702179762,0.3,ok,,,,,,
vanderpol_mu2,baseline,Baseline,32,0.16,0.01,0,1,1.0,0.1085750836846859,0.9020588814572634,0.3,ok,,,,,,
vanderpol_mu2,baseline,Baseline,32,0.16,0.01,1,1,1.0,0.1057268632112956,0.9043824775096452,0.3,ok,,,,,,
vanderpol_mu2,baseline,Baseline,32,0.16,0.01,2,1,1.0,0.1100574561370089,0.9008542706248666,0.3,ok,,,,,,
vanderpol_mu2,baseline,Baseline,32,0.16,0.01,3,1,1.0,0.1057835400922204,0.9043361234302708,0.3,ok,,,,,,
vanderpol_mu2,baseline,Baseline,32,0.16,0.01,4,1,1.0,0.1087825996541066,0.9018900551938294,0.3,ok,,,,,,
vanderpol_mu2,baseline,Baseline,32,0.16,0.01,5,1,1.0,0.1012380589449988,0.9080688701932564,0.3,ok,,,,,,
vanderpol_mu2,baseline,Baseline,32,0.16,0.01,6,1,1.0,0.1114989706778242,0.8996859433798405,0.3,ok,,,,,,
vanderpol_mu2,baseline,Baseline,32,0.16,0.01,7,1,1.0,0.1086667139035354,0.901984327173558,0.3,ok,,,,,,
vanderpol_mu2,baseline,Baseline,32,0.16,0.01,8,1,1.0,0.1073508431951482,0.903056159793586,0.3,ok,,,,,,
vanderpol_mu2,baseline,Baseline,32,0.16,0.01,9,1,1.0,0.1061223766219246,0.9040590997299772,0.3,ok,,,,,,
vanderpol_mu2,baseline,Baseline,32,0.16,0.03,0,1,1.0,0.1265750692851218,0.8876461296401303,0.3,ok,,,,,,
vanderpol_mu2,baseline,Baseline,32,0.16,0.03,1,1,1.0,0.1240430613990548,0.8896456322192292,0.3,ok,,,,,,
vanderpol_mu2,baseline,Baseline,32,0.16,0.03,2,1,1.0,0.1140224627584406,0.8976479679986806,0.3,ok,,,,,,
vanderpol_mu2,baseline,Baseline,32,0.16,0.03,3,1,1.0,0.0910778152602957,0.9165249132679252,0.3,ok,,,,,,
vanderpol_mu2,baseline,Baseline,32,0.16,0.03,4,1,1.0,0.1125986351715807,0.8987967164329513,0.3,ok,,,,,,
vanderpol_mu2,baseline,Baseline,32,0.16,0.03,5,1,1.0,0.112533721920946,0.8988491587233504,0.3,ok,,,,,,
vanderpol_mu2,baseline,Baseline,32,0.16,0.03,6,1,1.0,0.1252740240581208,0.8886724287775344,0.3,ok,,,,,,
vanderpol_mu2,baseline,Baseline,32,0.16,0.03,7,1,1.0,0.1094580879138921,0.9013409437397444,0.3,ok,,,,,,
vanderpol_mu2,baseline,Baseline,32,0.16,0.03,8,1,1.0,0.1202630319848142,0.89264750460279,0.3,ok,,,,,,
vanderpol_mu2,baseline,Baseline,32,0.16,0.03,9,1,1.0,0.1267765265400393,0.887487426695577,0.3,ok,,,,,,
vanderpol_mu2,baseline,Baseline,32,0.16,0.05,0,1,1.0,0.073381313070437,0.9316353730245892,0.1,ok,,,,,,
vanderpol_mu2,baseline,Baseline,32,0.16,0.05,1,1,1.0,0.0882011162646438,0.918947780013861,0.1,ok,,,,,,
vanderpol_mu2,baseline,Baseline,32,0.16,0.05,2,1,1.0,0.1425042890821869,0.8752702371063608,0.3,ok,,,,,,
vanderpol_mu2,baseline,Baseline,32,0.16,0.05,3,1,1.0,0.1113608387131089,0.899797766095431,0.3,ok,,,,,,
vanderpol_mu2,baseline,Baseline,32,0.16,0.05,4,1,1.0,0.1061842220616805,0.9040085548645984,0.3,ok,,,,,,
vanderpol_mu2,baseline,Baseline,32,0.16,0.05,5,1,1.0,0.138040477312666,0.8787033677056632,0.3,ok,,,,,,
vanderpol_mu2,baseline,Baseline,32,0.16,0.05,6,1,1.0,0.1571910193799584,0.8641615630026374,0.1,ok,,,,,,
vanderpol_mu2,baseline,Baseline,32,0.16,0.05,7,1,1.0,0.1017944017512023,0.9076103476388976,0.1,ok,,,,,,
vanderpol_mu2,baseline,Baseline,32,0.16,0.05,8,1,1.0,0.1818484699290821,0.8461321611390722,0.3,ok,,,,,,
vanderpol_mu2,baseline,Baseline,32,0.16,0.05,9,1,1.0,0.1115529118164587,0.8996422836640651,0.3,ok,,,,,,
vanderpol_mu2,baseline,Baseline,32,0.16,0.1,0,1,1.0,0.1721464338881107,0.8531357269781676,0.3,ok,,,,,,
vanderpol_mu2,baseline,Baseline,32,0.16,0.1,1,1,1.0,0.2247816101245696,0.8164720891737527,0.1,ok,,,,,,
vanderpol_mu2,baseline,Baseline,32,0.16,0.1,2,1,1.0,0.2644624217456497,0.7908499159820448,0.3,ok,,,,,,
vanderpol_mu2,baseline,Baseline,32,0.16,0.1,3,1,1.0,0.245765369328921,0.8027193760721476,0.3,ok,,,,,,
vanderpol_mu2,baseline,Baseline,32,0.16,0.1,4,1,1.0,0.1656703117340913,0.8578754987011425,0.3,ok,,,,,,
vanderpol_mu2,baseline,Baseline,32,0.16,0.1,5,1,1.0,0.1839689354028902,0.8446167547966215,0.1,ok,,,,,,
vanderpol_mu2,baseline,Baseline,32,0.16,0.1,6,1,1.0,0.1630948504071343,0.8597751074643276,0.3,ok,,,,,,
vanderpol_mu2,baseline,Baseline,32,0.16,0.1,7,1,1.0,0.1987905699416756,0.834174062654374,0.1,ok,,,,,,
vanderpol_mu2,baseline,Baseline,32,0.16,0.1,8,1,1.0,0.1996047542995781,0.8336078999485769,0.3,ok,,,,,,
vanderpol_mu2,baseline,Baseline,32,0.16,0.1,9,1,1.0,0.2444706142760637,0.8035545303588565,0.1,ok,,,,,,
vanderpol_mu2,baseline,Baseline,64,0.32,0.0,0,1,0.8,0.7152533904965458,0.466403392310689,0.3,ok,,,,,,
vanderpol_mu2,baseline,Baseline,64,0.32,0.0,1,1,0.8,0.7152533904965458,0.466403392310689,0.3,ok,,,,,,
vanderpol_mu2,baseline,Baseline,64,0.32,0.0,2,1,0.8,0.7152533904965458,0.466403392310689,0.3,ok,,,,,,
vanderpol_mu2,baseline,Baseline,64,0.32,0.0,3,1,0.8,0.7152533904965458,0.466403392310689,0.3,ok,,,,,,
vanderpol_mu2,baseline,Baseline,64,0.32,0.0,4,1,0.8,0.7152533904965458,0.466403392310689,0.3,ok,,,,,,
vanderpol_mu2,baseline,Baseline,64,0.32,0.0,5,1,0.8,0.7152533904965458,0.466403392310689,0.3,ok,,,,,,
vanderpol_mu2,baseline,Baseline,64,0.32,0.0,6,1,0.8,0.7152533904965458,0.466403392310689,0.3,ok,,,,,,
vanderpol_mu2,baseline,Baseline,64,0.32,0.0,7,1,0.8,0.7152533904965458,0.466403392310689,0.3,ok,,,,,,
vanderpol_mu2,baseline,Baseline,64,0.32,0.0,8,1,0.8,0.7152533904965458,0.466403392310689,0.3,ok,,,,,,
vanderpol_mu2,baseline,Baseline,64,0.32,0.0,9,1,0.8,0.7152533904965458,0.466403392310689,0.3,ok,,,,,,
vanderpol_mu2,baseline,Baseline,64,0.32,0.01,0,1,0.8,0.6879058390122502,0.4739600880035785,0.3,ok,,,,,,
vanderpol_mu2,baseline,Baseline,64,0.32,0.01,1,1,0.8,0.709463139157611,0.4679831823657946,0.3,ok,,,,,,
vanderpol_mu2,baseline,Baseline,64,0.32,0.01,2,1,0.8,0.6964412015024545,0.4715754364439389,0.3,ok,,,,,,
vanderpol_mu2,baseline,Baseline,64,0.32,0.01,3,1,0.8,0.7201324350004035,0.4650804692255061,0.3,ok,,,,,,
vanderpol_mu2,baseline,Baseline,64,0.32,0.01,4,1,0.8,0.6745560299370176,0.4777385681326465,0.3,ok,,,,,,
vanderpol_mu2,baseline,Baseline,64,0.32,0.01,5,1,0.8,0.7893140044609392,0.4470987194005746,0.3,ok,,,,,,
vanderpol_mu2,baseline,Baseline,64,0.32,0.01,6,1,0.8,0.6852476855537188,0.4747076687051764,0.3,ok,,,,,,
vanderpol_mu2,baseline,Baseline,64,0.32,0.01,7,1,0.8,0.6510613606178597,0.4845368071000246,0.3,ok,,,,,,
vanderpol_mu2,baseline,Baseline,64,0.32,0.01,8,1,0.8,0.6928503915280635,0.4725757243543975,0.3,ok,,,,,,
vanderpol_mu2,baseline,Baseline,64,0.32,0.01,9,1,0.8,0.7183035193258176,0.4655754882664052,0.3,ok,,,,,,
vanderpol_mu2,baseline,Baseline,64,0.32,0.03,0,1,0.8,0.5773411703583551,0.5071826026187147,0.3,ok,,,,,,
vanderpol_mu2,baseline,Baseline,64,0.32,0.03,1,1,0.8,0.6172198676155219,0.494676089516229,0.3,ok,,,,,,
vanderpol_mu2,baseline,Baseline,64,0.32,0.03,2,1,0.8,0.617702366459297,0.4945285465279863,0.1,ok,,,,,,
vanderpol_mu2,baseline,Baseline,64,0.32,0.03,3,1,0.8,0.5540537123093294,0.5147827218991017,0.3,ok,,,,,,
vanderpol_mu2,baseline,Baseline,64,0.32,0.03,4,1,0.8,0.6897392638127061,0.4734458251238657,0.3,ok,,,,,,
vanderpol_mu2,baseline,Baseline,64,0.32,0.03,5,1,0.8,0.6506141141029967,0.4846680960526918,0.3,ok,,,,,,
vanderpol_mu2,baseline,Baseline,64,0.32,0.03,6,1,0.8,0.8159493937654624,0.4405409108571907,0.3,ok,,,,,,
vanderpol_mu2,baseline,Baseline,64,0.32,0.03,7,1,0.8,0.5652505635419198,0.511100279171741,0.3,ok,,,,,,
vanderpol_mu2,baseline,Baseline,64,0.32,0.03,8,1,0.8,0.6240509312359187,0.492595388859629,0.3,ok,,,,,,
vanderpol_mu2,baseline,Baseline,64,0.32,0.03,9,1,0.8,0.6540839991070887,0.483651374677379,0.1,ok,,,,,,
vanderpol_mu2,baseline,Baseline,64,0.32,0.05,0,1,0.8571428571428571,0.4711967298790964,0.5826160701249639,0.3,ok,,,,,,
vanderpol_mu2,baseline,Baseline,64,0.32,0.05,1,1,1.0,0.3091776374981465,0.7638382839406053,0.3,ok,,,,,,
vanderpol_mu2,baseline,Baseline,64,0.32,0.05,2,1,1.0,0.2869239074208631,0.7770467191056462,0.3,ok,,,,,,
vanderpol_mu2,baseline,Baseline,64,0.32,0.05,3,1,1.0,0.313925568847342,0.7610781186618225,0.3,ok,,,,,,
vanderpol_mu2,baseline,Baseline,64,0.32,0.05,4,1,1.0,0.3060395582976171,0.7656735920797603,0.3,ok,,,,,,
vanderpol_mu2,baseline,Baseline,64,0.32,0.05,5,1,0.8571428571428571,0.4593563003466221,0.5873431025303902,0.3,ok,,,,,,
vanderpol_mu2,baseline,Baseline,64,0.32,0.05,6,1,0.8,0.602984493399687,0.4990690822612522,0.1,ok,,,,,,
vanderpol_mu2,baseline,Baseline,64,0.32,0.05,7,1,0.8,0.5966171435676889,0.501059382471853,0.3,ok,,,,,,
vanderpol_mu2,baseline,Baseline,64,0.32,0.05,8,1,1.0,0.3032008587006277,0.7673414219486182,0.3,ok,,,,,,
vanderpol_mu2,baseline,Baseline,64,0.32,0.05,9,1,1.0,0.3101810341721676,0.7632533015804536,0.3,ok,,,,,,
vanderpol_mu2,baseline,Baseline,64,0.32,0.1,0,1,1.0,0.4222783488419331,0.7030972529492794,0.3,ok,,,,,,
vanderpol_mu2,baseline,Baseline,64,0.32,0.1,1,1,0.8571428571428571,0.4895539065930085,0.5754359431699672,0.3,ok,,,,,,
vanderpol_mu2,baseline,Baseline,64,0.32,0.1,2,1,0.8571428571428571,0.4878055769186605,0.5761121415595538,0.3,ok,,,,,,
vanderpol_mu2,baseline,Baseline,64,0.32,0.1,3,1,0.8,0.4894297080302384,0.5371183317257685,0.3,ok,,,,,,
vanderpol_mu2,baseline,Baseline,64,0.32,0.1,4,1,1.0,0.3300293932355639,0.7518630829408206,0.3,ok,,,,,,
vanderpol_mu2,baseline,Baseline,64,0.32,0.1,5,1,1.0,0.3712111759004692,0.7292822707219432,0.3,ok,,,,,,
vanderpol_mu2,baseline,Baseline,64,0.32,0.1,6,1,1.0,0.3247616520355473,0.7548527680156362,0.3,ok,,,,,,
vanderpol_mu2,baseline,Baseline,64,0.32,0.1,7,1,1.0,0.3439710553847917,0.7440636433302431,0.3,ok,,,,,,
vanderpol_mu2,baseline,Baseline,64,0.32,0.1,8,1,0.75,0.5296730528595471,0.4903008512818876,0.3,ok,,,,,,
vanderpol_mu2,baseline,Baseline,64,0.32,0.1,9,1,1.0,0.3982925548705999,0.7151579235094631,0.3,ok,,,,,,
lorenz63,edmd_poly3,EDMD-polynomial,8,0.04,0.0,0,5,1.0,0.004140812605797,0.995876263016288,0.03,ok,,,0.0,,,0.0
lorenz63,edmd_rbf,EDMD-RBF,8,0.04,0.0,0,5,1.0,0.0038051801319846,0.9962092443760008,0.01,ok,,,0.0,,,0.0
lorenz63,edmd_poly3,EDMD-polynomial,8,0.04,0.0,1,5,1.0,0.004140812605797,0.995876263016288,0.03,ok,,,0.0,,,0.0
lorenz63,edmd_rbf,EDMD-RBF,8,0.04,0.0,1,5,1.0,0.0039070807219121,0.996108125147297,0.03,ok,,,0.0,,,0.0
lorenz63,edmd_poly3,EDMD-polynomial,8,0.04,0.0,2,5,1.0,0.004140812605797,0.995876263016288,0.03,ok,,,0.0,,,0.0
lorenz63,edmd_rbf,EDMD-RBF,8,0.04,0.0,2,5,1.0,0.0040112160099831,0.9960048095618652,0.03,ok,,,0.0,,,0.0
lorenz63,edmd_poly3,EDMD-polynomial,8,0.04,0.0,3,5,1.0,0.004140812605797,0.995876263016288,0.03,ok,,,0.0,,,0.0
lorenz63,edmd_rbf,EDMD-RBF,8,0.04,0.0,3,5,1.0,0.0040596360279116,0.995956777981862,0.03,ok,,,0.0,,,0.0
lorenz63,edmd_poly3,EDMD-polynomial,8,0.04,0.0,4,5,1.0,0.004140812605797,0.995876263016288,0.03,ok,,,0.0,,,0.0
lorenz63,edmd_rbf,EDMD-RBF,8,0.04,0.0,4,5,1.0,0.0042119788317142,0.9958056875236496,0.03,ok,,,0.0,,,0.0
lorenz63,edmd_poly3,EDMD-polynomial,8,0.04,0.0,5,5,1.0,0.004140812605797,0.995876263016288,0.03,ok,,,0.0,,,0.0
lorenz63,edmd_rbf,EDMD-RBF,8,0.04,0.0,5,5,1.0,0.0039231115478218,0.9960922191125045,0.01,ok,,,0.0,,,0.0
lorenz63,edmd_poly3,EDMD-polynomial,8,0.04,0.0,6,5,1.0,0.004140812605797,0.995876263016288,0.03,ok,,,0.0,,,0.0
lorenz63,edmd_rbf,EDMD-RBF,8,0.04,0.0,6,5,1.0,0.0041007984812413,0.9959159493873084,0.01,ok,,,0.0,,,0.0
lorenz63,edmd_poly3,EDMD-polynomial,8,0.04,0.0,7,5,1.0,0.004140812605797,0.995876263016288,0.03,ok,,,0.0,,,0.0
lorenz63,edmd_rbf,EDMD-RBF,8,0.04,0.0,7,5,1.0,0.0039543658413032,0.9960612095770016,0.03,ok,,,0.0,,,0.0
lorenz63,edmd_poly3,EDMD-polynomial,8,0.04,0.0,8,5,1.0,0.004140812605797,0.995876263016288,0.03,ok,,,0.0,,,0.0
lorenz63,edmd_rbf,EDMD-RBF,8,0.04,0.0,8,5,1.0,0.0039403631647886,0.996075102357308,0.03,ok,,,0.0,,,0.0
lorenz63,edmd_poly3,EDMD-polynomial,8,0.04,0.0,9,5,1.0,0.004140812605797,0.995876263016288,0.03,ok,,,0.0,,,0.0
lorenz63,edmd_rbf,EDMD-RBF,8,0.04,0.0,9,5,1.0,0.0040799414259198,0.9959366368576932,0.03,ok,,,0.0,,,0.0
lorenz63,edmd_poly3,EDMD-polynomial,8,0.04,0.01,0,5,1.0,0.0056206358444177,0.9944107791307424,0.3,ok,,,0.0,,,0.0
lorenz63,edmd_rbf,EDMD-RBF,8,0.04,0.01,0,5,1.0,0.0050155087837511,0.9950095210074712,0.3,ok,,,0.0,,,0.0
lorenz63,edmd_poly3,EDMD-polynomial,8,0.04,0.01,1,5,1.0,0.0049497929910398,0.9950745867847708,0.3,ok,,,0.0,,,0.0
lorenz63,edmd_rbf,EDMD-RBF,8,0.04,0.01,1,5,1.0,0.0051092437304916,0.994916727945384,0.1,ok,,,0.0,,,0.0
lorenz63,edmd_poly3,EDMD-polynomial,8,0.04,0.01,2,5,1.0,0.0030503708549052,0.9969589056107866,0.1,ok,,,0.0,,,0.0
lorenz63,edmd_rbf,EDMD-RBF,8,0.04,0.01,2,5,1.0,0.0035393192093564,0.9964731633912012,0.1,ok,,,0.0,,,0.0
lorenz63,edmd_poly3,EDMD-polynomial,8,0.04,0.01,3,5,0.9333333333333332,0.0162807919777744,0.9183813574956802,0.1,ok,,,0.0,,,0.0
lorenz63,edmd_rbf,EDMD-RBF,8,0.04,0.01,3,5,0.9333333333333332,0.0159425922449722,0.9186870798190538,0.1,ok,,,0.0,,,0.0
lorenz63,edmd_poly3,EDMD-polynomial,8,0.04,0.01,4,5,0.875,0.0131730628341169,0.863623434235796,0.1,ok,,,0.0,,,0.0
lorenz63,edmd_rbf,EDMD-RBF,8,0.04,0.01,4,5,0.9333333333333332,0.0125939534344196,0.9217251694696992,0.1,ok,,,0.0,,,0.0
lorenz63,edmd_poly3,EDMD-polynomial,8,0.04,0.01,5,5,0.9230769230769232,0.0854149539397644,0.8504368948726956,0.3,ok,,,0.0,,,0.0
lorenz63,edmd_rbf,EDMD-RBF,8,0.04,0.01,5,5,1.0,0.0013378141395058,0.9986639732160164,0.3,ok,,,0.0,,,0.0
lorenz63,edmd_poly3,EDMD-polynomial,8,0.04,0.01,6,5,1.0,0.0030375669464247,0.9969716319243432,0.1,ok,,,0.0,,,0.0
lorenz63,edmd_rbf,EDMD-RBF,8,0.04,0.01,6,5,1.0,0.0027222639555523,0.9972851266463222,0.1,ok,,,0.0,,,0.0
lorenz63,edmd_poly3,EDMD-polynomial,8,0.04,0.01,7,5,1.0,0.0089328419850543,0.9911462471897742,0.1,ok,,,0.0,,,0.0
lorenz63,edmd_rbf,EDMD-RBF,8,0.04,0.01,7,5,1.0,0.0088223489826829,0.991254804186704,0.1,ok,,,0.0,,,0.0
lorenz63,edmd_poly3,EDMD-polynomial,8,0.04,0.01,8,5,1.0,0.0059226417785749,0.9941122293776954,0.3,ok,,,0.0,,,0.0
lorenz63,edmd_rbf,EDMD-RBF,8,0.04,0.01,8,5,1.0,0.0056726690260613,0.9943593286356732,0.3,ok,,,0.0,,,0.0
lorenz63,edmd_poly3,EDMD-polynomial,8,0.04,0.01,9,5,1.0,0.0105856124785015,0.989525268965051,0.3,ok,,,0.0,,,0.0
lorenz63,edmd_rbf,EDMD-RBF,8,0.04,0.01,9,5,1.0,0.0104304181504731,0.9896772524232146,0.3,ok,,,0.0,,,0.0
lorenz63,edmd_poly3,EDMD-polynomial,8,0.04,0.03,0,5,0.9333333333333332,0.0390508148812657,0.8982557156648657,0.1,ok,,,0.0,,,0.0
lorenz63,edmd_rbf,EDMD-RBF,8,0.04,0.03,0,5,0.9333333333333332,0.0394571013281958,0.8979046197680887,0.3,ok,,,0.0,,,0.0
lorenz63,edmd_poly3,EDMD-polynomial,8,0.04,0.03,1,5,0.9333333333333332,0.0122198309560037,0.9220658445822336,0.3,ok,,,0.0,,,0.0
lorenz63,edmd_rbf,EDMD-RBF,8,0.04,0.03,1,5,0.9333333333333332,0.0128694400267741,0.9214744728685482,0.3,ok,,,0.0,,,0.0
lorenz63,edmd_poly3,EDMD-polynomial,8,0.04,0.03,2,5,0.9230769230769232,0.0924900268759867,0.8449293818420418,0.3,ok,,,0.0,,,0.0
lorenz63,edmd_rbf,EDMD-RBF,8,0.04,0.03,2,5,1.0,0.0147219831563962,0.985491609129624,0.3,ok,,,0.0,,,0.0
lorenz63,edmd_poly3,EDMD-polynomial,8,0.04,0.03,3,5,0.9333333333333332,0.0206620071303971,0.9144391843852508,0.3,ok,,,0.0,,,0.0
lorenz63,edmd_rbf,EDMD-RBF,8,0.04,0.03,3,5,0.9333333333333332,0.0200092549309995,0.9150243772998612,0.1,ok,,,0.0,,,0.0
lorenz63,edmd_poly3,EDMD-polynomial,8,0.04,0.03,4,5,0.9333333333333332,0.0200676810273256,0.9149719677358654,0.3,ok,,,0.0,,,0.0
lorenz63,edmd_rbf,EDMD-RBF,8,0.04,0.03,4,5,0.875,0.0191454597931704,0.8585624275631627,0.1,ok,,,0.0,,,0.0
lorenz63,edmd_poly3,EDMD-polynomial,8,0.04,0.03,5,5,0.9333333333333332,0.0207292548161048,0.9143789393020612,0.3,ok,,,0.0,,,0.0
lorenz63,edmd_rbf,EDMD-RBF,8,0.04,0.03,5,5,1.0,0.0083623822759676,0.9917069672342466,0.3,ok,,,0.0,,,0.0
lorenz63,edmd_poly3,EDMD-polynomial,8,0.04,0.03,6,5,0.875,0.0144646398517464,0.8625239023884285,0.1,ok,,,0.0,,,0.0
lorenz63,edmd_rbf,EDMD-RBF,8,0.04,0.03,6,5,0.875,0.0139626543482291,0.8629509146591264,0.1,ok,,,0.0,,,0.0
lorenz63,edmd_poly3,EDMD-polynomial,8,0.04,0.03,7,5,0.9333333333333332,0.0198540563401121,0.9151636231979404,0.3,ok,,,0.0,,,0.0
lorenz63,edmd_rbf,EDMD-RBF,8,0.04,0.03,7,5,0.875,0.0192644351557535,0.8584622104138181,0.1,ok,,,0.0,,,0.0
lorenz63,edmd_poly3,EDMD-polynomial,8,0.04,0.03,8,5,0.9333333333333332,0.0188878513646764,0.9160314671366891,0.3,ok,,,0.0,,,0.0
lorenz63,edmd_rbf,EDMD-RBF,8,0.04,0.03,8,5,0.9333333333333332,0.0196696943073349,0.915329089943533,0.3,ok,,,0.0,,,0.0
lorenz63,edmd_poly3,EDMD-polynomial,8,0.04,0.03,9,5,1.0,0.0099860988803901,0.9901126373011864,0.3,ok,,,0.0,,,0.0
lorenz63,edmd_rbf,EDMD-RBF,8,0.04,0.03,9,5,1.0,0.0109155329239371,0.9892023294049448,0.3,ok,,,0.0,,,0.0
lorenz63,edmd_poly3,EDMD-polynomial,8,0.04,0.05,0,5,0.875,0.0296176959336218,0.8498299936527219,0.3,ok,,,0.0,,,0.0
lorenz63,edmd_rbf,EDMD-RBF,8,0.04,0.05,0,5,0.9333333333333332,0.0324492855978301,0.903999204951646,0.3,ok,,,0.0,,,0.0
lorenz63,edmd_poly3,EDMD-polynomial,8,0.04,0.05,1,5,0.8235294117647058,0.0573896877344057,0.7788324600831167,0.1,ok,,,0.0,,,0.0
lorenz63,edmd_rbf,EDMD-RBF,8,0.04,0.05,1,5,0.8235294117647058,0.059372720631143,0.7773745686731214,0.1,ok,,,0.0,,,0.0
lorenz63,edmd_poly3,EDMD-polynomial,8,0.04,0.05,2,5,0.9333333333333332,0.0327038512878367,0.9037763654792388,0.3,ok,,,0.0,,,0.0
lorenz63,edmd_rbf,EDMD-RBF,8,0.04,0.05,2,5,0.5833333333333334,0.400408084389651,0.4165452483713498,0.03,ok,,,0.0,,,0.0
lorenz63,edmd_poly3,EDMD-polynomial,8,0.04,0.05,3,5,0.9333333333333332,0.0317606312215463,0.9046025842528216,0.1,ok,,,0.0,,,0.0
lorenz63,edmd_rbf,EDMD-RBF,8,0.04,0.05,3,5,0.875,0.0316657068763768,0.8481429538346089,0.1,ok,,,0.0,,,0.0
lorenz63,edmd_poly3,EDMD-polynomial,8,0.04,0.05,4,5,0.5833333333333334,0.2831435493494251,0.4546126843166479,0.03,ok,,,0.0,,,0.0
lorenz63,edmd_rbf,EDMD-RBF,8,0.04,0.05,4,5,0.875,0.0570770031137345,0.8277542671182828,0.1,ok,,,0.0,,,0.0
lorenz63,edmd_poly3,EDMD-polynomial,8,0.04,0.05,5,5,0.8235294117647058,0.0423893437818772,0.7900401291295545,0.1,ok,,,0.0,,,0.0
lorenz63,edmd_rbf,EDMD-RBF,8,0.04,0.05,5,5,0.75,0.0932366403595717,0.6860362819099447,0.1,ok,,,0.0,,,0.0
lorenz63,edmd_poly3,EDMD-polynomial,8,0.04,0.05,6,5,0.9333333333333332,0.036101938884314,0.900812264031044,0.3,ok,,,0.0,,,0.0
lorenz63,edmd_rbf,EDMD-RBF,8,0.04,0.05,6,5,0.7777777777777778,0.0408473848912445,0.7472543900939386,0.1,ok,,,0.0,,,0.0
lorenz63,edmd_poly3,EDMD-polynomial,8,0.04,0.05,7,5,0.8,0.0958389039727277,0.730034311703821,0.1,ok,,,0.0,,,0.0
lorenz63,edmd_rbf,EDMD-RBF,8,0.04,0.05,7,5,0.9333333333333332,0.0512648825319761,0.8878193772490487,0.3,ok,,,0.0,,,0.0
lorenz63,edmd_poly3,EDMD-polynomial,8,0.04,0.05,8,5,0.875,0.0422812642349231,0.8395046807660749,0.1,ok,,,0.0,,,0.0
lorenz63,edmd_rbf,EDMD-RBF,8,0.04,0.05,8,5,0.5384615384615384,0.3253196136467808,0.4062880628317987,0.03,ok,,,0.0,,,0.0
lorenz63,edmd_poly3,EDMD-polynomial,8,0.04,0.05,9,5,0.7777777777777778,0.054177998062328,0.7378049809495187,0.1,ok,,,0.0,,,0.0
lorenz63,edmd_rbf,EDMD-RBF,8,0.04,0.05,9,5,0.9333333333333332,0.0531088575030949,0.8862648212324911,0.3,ok,,,0.0,,,0.0
lorenz63,edmd_poly3,EDMD-polynomial,8,0.04,0.1,0,5,0.8571428571428571,1.3397458351231062,0.3663401572409502,0.3,ok,,,0.0,,,0.0
lorenz63,edmd_rbf,EDMD-RBF,8,0.04,0.1,0,5,0.7368421052631579,0.263653118009034,0.5831047261008618,0.1,ok,,,0.0,,,0.0
lorenz63,edmd_poly3,EDMD-polynomial,8,0.04,0.1,1,5,0.875,0.0752260303005763,0.8137823818824367,0.3,ok,,,0.0,,,0.0
lorenz63,edmd_rbf,EDMD-RBF,8,0.04,0.1,1,5,0.5882352941176471,0.4646354775767378,0.4016257308548141,0.3,ok,,,0.0,,,0.0
lorenz63,edmd_poly3,EDMD-polynomial,8,0.04,0.1,2,5,0.9333333333333332,0.0530839598475237,0.8862857748478772,0.3,ok,,,0.0,,,0.0
lorenz63,edmd_rbf,EDMD-RBF,8,0.04,0.1,2,5,0.9333333333333332,0.065754740991712,0.8757487041200894,0.3,ok,,,0.0,,,0.0
lorenz63,edmd_poly3,EDMD-polynomial,8,0.04,0.1,3,5,0.875,0.0799849076016772,0.8101965072300064,0.3,ok,,,0.0,,,0.0
lorenz63,edmd_rbf,EDMD-RBF,8,0.04,0.1,3,5,0.7,0.3097624988101238,0.5344480397292845,0.1,ok,,,0.0,,,0.0
lorenz63,edmd_poly3,EDMD-polynomial,8,0.04,0.1,4,5,0.75,0.129514644171378,0.6640020152640046,0.3,ok,,,0.0,,,0.0
lorenz63,edmd_rbf,EDMD-RBF,8,0.04,0.1,4,5,0.75,0.121146089444357,0.6689583160136624,0.3,ok,,,0.0,,,0.0
lorenz63,edmd_poly3,EDMD-polynomial,8,0.04,0.1,5,5,0.8,0.437955187339578,0.5563455711579678,0.3,ok,,,0.0,,,0.0
lorenz63,edmd_rbf,EDMD-RBF,8,0.04,0.1,5,5,0.5833333333333334,0.6298359709236231,0.3579092275173925,0.1,ok,,,0.0,,,0.0
lorenz63,edmd_poly3,EDMD-polynomial,8,0.04,0.1,6,5,0.7,0.0529498119268034,0.6647990170766667,0.1,ok,,,0.0,,,0.0
lorenz63,edmd_rbf,EDMD-RBF,8,0.04,0.1,6,5,0.7368421052631579,0.0916062052072271,0.6750072523848268,0.1,ok,,,0.0,,,0.0
lorenz63,edmd_poly3,EDMD-polynomial,8,0.04,0.1,7,5,0.875,0.109890739112515,0.7883658896907842,0.3,ok,,,0.0,,,0.0
lorenz63,edmd_rbf,EDMD-RBF,8,0.04,0.1,7,5,0.875,0.1096866091464024,0.7885109118087593,0.3,ok,,,0.0,,,0.0
lorenz63,edmd_poly3,EDMD-polynomial,8,0.04,0.1,8,5,0.875,0.0737916375223448,0.8148694489919529,0.3,ok,,,0.0,,,0.0
lorenz63,edmd_rbf,EDMD-RBF,8,0.04,0.1,8,5,0.75,0.1145546723110304,0.6729144999633567,0.1,ok,,,0.0,,,0.0
lorenz63,edmd_poly3,EDMD-polynomial,8,0.04,0.1,9,5,0.875,0.0901622215514692,0.8026328400508502,0.3,ok,,,0.0,,,0.0
lorenz63,edmd_rbf,EDMD-RBF,8,0.04,0.1,9,5,0.5384615384615384,0.5854182060381128,0.3396337549365785,0.1,ok,,,0.0,,,0.0
lorenz63,edmd_poly3,EDMD-polynomial,16,0.08,0.0,0,5,0.9333333333333332,0.0101474532154333,0.9239575176499328,0.1,ok,,,0.0,,,0.0
lorenz63,edmd_rbf,EDMD-RBF,16,0.08,0.0,0,5,1.0,0.0076500273840263,0.9924080512319474,0.3,ok,,,0.0,,,0.0
lorenz63,edmd_poly3,EDMD-polynomial,16,0.08,0.0,1,5,0.9333333333333332,0.0101474532154333,0.9239575176499328,0.1,ok,,,0.0,,,0.0
lorenz63,edmd_rbf,EDMD-RBF,16,0.08,0.0,1,5,0.8235294117647058,0.0403112923992146,0.791618256748366,0.3,ok,,,0.0,,,0.0
lorenz63,edmd_poly3,EDMD-polynomial,16,0.08,0.0,2,5,0.9333333333333332,0.0101474532154333,0.9239575176499328,0.1,ok,,,0.0,,,0.0
lorenz63,edmd_rbf,EDMD-RBF,16,0.08,0.0,2,5,1.0,0.009940403567418,0.9901574354958912,0.3,ok,,,0.0,,,0.0
lorenz63,edmd_poly3,EDMD-polynomial,16,0.08,0.0,3,5,0.9333333333333332,0.0101474532154333,0.9239575176499328,0.1,ok,,,0.0,,,0.0
lorenz63,edmd_rbf,EDMD-RBF,16,0.08,0.0,3,5,0.9333333333333332,0.0105597204063289,0.9235805806291744,0.1,ok,,,0.0,,,0.0
lorenz63,edmd_poly3,EDMD-polynomial,16,0.08,0.0,4,5,0.9333333333333332,0.0101474532154333,0.9239575176499328,0.1,ok,,,0.0,,,0.0
lorenz63,edmd_rbf,EDMD-RBF,16,0.08,0.0,4,5,1.0,0.0073285625689834,0.9927247545227016,0.3,ok,,,0.0,,,0.0
lorenz63,edmd_poly3,EDMD-polynomial,16,0.08,0.0,5,5,0.9333333333333332,0.0101474532154333,0.9239575176499328,0.1,ok,,,0.0,,,0.0
lorenz63,edmd_rbf,EDMD-RBF,16,0.08,0.0,5,5,1.0,0.0095380529572826,0.9905520619759282,0.3,ok,,,0.0,,,0.0
lorenz63,edmd_poly3,EDMD-polynomial,16,0.08,0.0,6,5,0.9333333333333332,0.0101474532154333,0.9239575176499328,0.1,ok,,,0.0,,,0.0
lorenz63,edmd_rbf,EDMD-RBF,16,0.08,0.0,6,5,1.0,0.0089805203101872,0.9910994116046696,0.3,ok,,,0.0,,,0.0
lorenz63,edmd_poly3,EDMD-polynomial,16,0.08,0.0,7,5,0.9333333333333332,0.0101474532154333,0.9239575176499328,0.1,ok,,,0.0,,,0.0
lorenz63,edmd_rbf,EDMD-RBF,16,0.08,0.0,7,5,1.0,0.0107039355057486,0.9894094253225676,0.3,ok,,,0.0,,,0.0
lorenz63,edmd_poly3,EDMD-polynomial,16,0.08,0.0,8,5,0.9333333333333332,0.0101474532154333,0.9239575176499328,0.1,ok,,,0.0,,,0.0
lorenz63,edmd_rbf,EDMD-RBF,16,0.08,0.0,8,5,0.9333333333333332,0.0192366867665065,0.915717953887925,0.1,ok,,,0.0,,,0.0
lorenz63,edmd_poly3,EDMD-polynomial,16,0.08,0.0,9,5,0.9333333333333332,0.0101474532154333,0.9239575176499328,0.1,ok,,,0.0,,,0.0
lorenz63,edmd_rbf,EDMD-RBF,16,0.08,0.0,9,5,0.9333333333333332,0.0132782683913966,0.9211026846702456,0.1,ok,,,0.0,,,0.0
lorenz63,edmd_poly3,EDMD-polynomial,16,0.08,0.01,0,5,1.0,0.0058576906547804,0.9941764220632768,0.3,ok,,,0.0,,,0.0
lorenz63,edmd_rbf,EDMD-RBF,16,0.08,0.01,0,5,0.9333333333333332,0.0157840213906701,0.9188304931746644,0.1,ok,,,0.0,,,0.0
lorenz63,edmd_poly3,EDMD-polynomial,16,0.08,0.01,1,5,0.9333333333333332,0.022533344342868,0.9127656701827565,0.3,ok,,,0.0,,,0.0
lorenz63,edmd_rbf,EDMD-RBF,16,0.08,0.01,1,5,0.9333333333333332,0.0210294118657287,0.9141101348176168,0.3,ok,,,0.0,,,0.0
lorenz63,edmd_poly3,EDMD-polynomial,16,0.08,0.01,2,5,0.8571428571428571,0.0915137954389307,0.7852789957621874,0.1,ok,,,0.0,,,0.0
lorenz63,edmd_rbf,EDMD-RBF,16,0.08,0.01,2,5,0.8571428571428571,0.0900425517542752,0.7863388963700567,0.1,ok,,,0.0,,,0.0
lorenz63,edmd_poly3,EDMD-polynomial,16,0.08,0.01,3,5,0.75,1.6158743249432337,0.2867110215687734,0.3,ok,,,0.0,,,0.0
lorenz63,edmd_rbf,EDMD-RBF,16,0.08,0.01,3,5,0.9333333333333332,0.0229981092213528,0.912350985715636,0.3,ok,,,0.0,,,0.0
lorenz63,edmd_poly3,EDMD-polynomial,16,0.08,0.01,4,5,0.9333333333333332,0.0442458252769761,0.8937869903245969,0.3,ok,,,0.0,,,0.0
lorenz63,edmd_rbf,EDMD-RBF,16,0.08,0.01,4,5,1.0,0.0094087515044468,0.9906789479579766,0.3,ok,,,0.0,,,0.0
lorenz63,edmd_poly3,EDMD-polynomial,16,0.08,0.01,5,5,1.0,0.0058230631438182,0.9942106486148592,0.1,ok,,,0.0,,,0.0
lorenz63,edmd_rbf,EDMD-RBF,16,0.08,0.01,5,5,1.0,0.0094515916271195,0.9906369045276509,0.3,ok,,,0.0,,,0.0
lorenz63,edmd_poly3,EDMD-polynomial,16,0.08,0.01,6,5,0.875,0.0144413222952711,0.8625437280297577,0.1,ok,,,0.0,,,0.0
lorenz63,edmd_rbf,EDMD-RBF,16,0.08,0.01,6,5,1.0,0.0061062302665181,0.9939308294861662,0.3,ok,,,0.0,,,0.0
lorenz63,edmd_poly3,EDMD-polynomial,16,0.08,0.01,7,5,1.0,0.0054589244635559,0.9945707136007884,0.1,ok,,,0.0,,,0.0
lorenz63,edmd_rbf,EDMD-RBF,16,0.08,0.01,7,5,1.0,0.0023797016886761,0.9976259478472408,0.1,ok,,,0.0,,,0.0
lorenz63,edmd_poly3,EDMD-polynomial,16,0.08,0.01,8,5,1.0,0.0037720451628056,0.9962421296937056,0.3,ok,,,0.0,,,0.0
lorenz63,edmd_rbf,EDMD-RBF,16,0.08,0.01,8,5,0.9333333333333332,0.0234335043762292,0.9119628479450544,0.3,ok,,,0.0,,,0.0
lorenz63,edmd_poly3,EDMD-polynomial,16,0.08,0.01,9,5,0.9333333333333332,0.0151874023963021,0.9193704838439128,0.3,ok,,,0.0,,,0.0
lorenz63,edmd_rbf,EDMD-RBF,16,0.08,0.01,9,5,0.9333333333333332,0.0141736266231941,0.9202894936648788,0.1,ok,,,0.0,,,0.0
lorenz63,edmd_poly3,EDMD-polynomial,16,0.08,0.03,0,5,0.875,0.0292405071558883,0.8501414333350493,0.3,ok,,,0.0,,,0.0
lorenz63,edmd_rbf,EDMD-RBF,16,0.08,0.03,0,5,0.875,0.0294449881424104,0.8499725678191898,0.3,ok,,,0.0,,,0.0
lorenz63,edmd_poly3,EDMD-polynomial,16,0.08,0.03,1,5,0.9333333333333332,0.0659386024635772,0.8755976480973959,0.1,ok,,,0.0,,,0.0
lorenz63,edmd_rbf,EDMD-RBF,16,0.08,0.03,1,5,0.5714285714285714,1.566678753176416,0.2226334599612027,0.3,ok,,,0.0,,,0.0
lorenz63,edmd_poly3,EDMD-polynomial,16,0.08,0.03,2,5,0.875,0.0208733445534351,0.8571092630327761,0.1,ok,,,0.0,,,0.0
lorenz63,edmd_rbf,EDMD-RBF,16,0.08,0.03,2,5,0.875,0.0351758462759151,0.8452670173360847,0.3,ok,,,0.0,,,0.0
lorenz63,edmd_poly3,EDMD-polynomial,16,0.08,0.03,3,5,0.9333333333333332,0.0132660822314792,0.921113762416568,0.3,ok,,,0.0,,,0.0
lorenz63,edmd_rbf,EDMD-RBF,16,0.08,0.03,3,5,0.75,1.3178660530929052,0.3235734864830596,0.3,ok,,,0.0,,,0.0
lorenz63,edmd_poly3,EDMD-polynomial,16,0.08,0.03,4,5,0.875,0.0073798765772574,0.8685899136410781,0.1,ok,,,0.0,,,0.0
lorenz63,edmd_rbf,EDMD-RBF,16,0.08,0.03,4,5,0.9333333333333332,0.0477553778123361,0.890793168995314,0.3,ok,,,0.0,,,0.0
lorenz63,edmd_poly3,EDMD-polynomial,16,0.08,0.03,5,5,0.875,0.0289768015646064,0.8503593070995599,0.3,ok,,,0.0,,,0.0
lorenz63,edmd_rbf,EDMD-RBF,16,0.08,0.03,5,5,0.875,0.0473229024993733,0.8354634448572307,0.3,ok,,,0.0,,,0.0
lorenz63,edmd_poly3,EDMD-polynomial,16,0.08,0.03,6,5,0.875,0.0762500585906286,0.8130080858214589,0.1,ok,,,0.0,,,0.0
lorenz63,edmd_rbf,EDMD-RBF,16,0.08,0.03,6,5,0.7368421052631579,0.1226132115798841,0.6563632938420347,0.1,ok,,,0.0,,,0.0
lorenz63,edmd_poly3,EDMD-polynomial,16,0.08,0.03,7,5,0.7368421052631579,0.0385034330930518,0.7095230326476306,0.1,ok,,,0.0,,,0.0
lorenz63,edmd_rbf,EDMD-RBF,16,0.08,0.03,7,5,0.875,0.05026967775934,0.8331193583220808,0.3,ok,,,0.0,,,0.0
lorenz63,edmd_poly3,EDMD-polynomial,16,0.08,0.03,8,5,0.9333333333333332,0.0330296160116768,0.9034913606221174,0.3,ok,,,0.0,,,0.0
lorenz63,edmd_rbf,EDMD-RBF,16,0.08,0.03,8,5,0.875,0.036915817528215,0.8438486376703291,0.3,ok,,,0.0,,,0.0
lorenz63,edmd_poly3,EDMD-polynomial,16,0.08,0.03,9,5,0.875,0.0743817405610621,0.8144218828058812,0.3,ok,,,0.0,,,0.0
lorenz63,edmd_rbf,EDMD-RBF,16,0.08,0.03,9,5,0.875,0.0211255518613152,0.8568975660290192,0.1,ok,,,0.0,,,0.0
lorenz63,edmd_poly3,EDMD-polynomial,16,0.08,0.05,0,5,0.8,0.1297325816497814,0.7081321836639753,0.1,ok,,,0.0,,,0.0
lorenz63,edmd_rbf,EDMD-RBF,16,0.08,0.05,0,5,0.8235294117647058,0.0599511966237831,0.7769503109085197,0.1,ok,,,0.0,,,0.0
lorenz63,edmd_poly3,EDMD-polynomial,16,0.08,0.05,1,5,0.875,0.0714336878379232,0.8166627668443837,0.3,ok,,,0.0,,,0.0
lorenz63,edmd_rbf,EDMD-RBF,16,0.08,0.05,1,5,0.8235294117647058,0.0878638995834996,0.7570151119823011,0.1,ok,,,0.0,,,0.0
lorenz63,edmd_poly3,EDMD-polynomial,16,0.08,0.05,2,5,0.9333333333333332,0.0363950256133789,0.9005575193502596,0.3,ok,,,0.0,,,0.0
lorenz63,edmd_rbf,EDMD-RBF,16,0.08,0.05,2,5,0.7777777777777778,0.160297802751794,0.6703259938381153,0.1,ok,,,0.0,,,0.0
lorenz63,edmd_poly3,EDMD-polynomial,16,0.08,0.05,3,5,0.7777777777777778,0.0602437693615395,0.7335839174477224,0.1,ok,,,0.0,,,0.0
lorenz63,edmd_rbf,EDMD-RBF,16,0.08,0.05,3,5,0.75,1.5833838650026957,0.2903169018589567,0.3,ok,,,0.0,,,0.0
lorenz63,edmd_poly3,EDMD-polynomial,16,0.08,0.05,4,5,0.7058823529411765,1.297372531413086,0.3072563736569954,0.3,ok,,,0.0,,,0.0
lorenz63,edmd_rbf,EDMD-RBF,16,0.08,0.05,4,5,0.875,0.046738276729091,0.8359300691040468,0.3,ok,,,0.0,,,0.0
lorenz63,edmd_poly3,EDMD-polynomial,16,0.08,0.05,5,5,0.9333333333333332,0.0217735761035815,0.9134443825534174,0.3,ok,,,0.0,,,0.0
lorenz63,edmd_rbf,EDMD-RBF,16,0.08,0.05,5,5,0.75,1.2755667053922326,0.3295882288235205,0.3,ok,,,0.0,,,0.0
lorenz63,edmd_poly3,EDMD-polynomial,16,0.08,0.05,6,5,0.875,0.1471508472947742,0.7627593198082329,0.1,ok,,,0.0,,,0.0
lorenz63,edmd_rbf,EDMD-RBF,16,0.08,0.05,6,5,0.8235294117647058,0.1280613504440391,0.7300395598524315,0.1,ok,,,0.0,,,0.0
lorenz63,edmd_poly3,EDMD-polynomial,16,0.08,0.05,7,5,0.8235294117647058,0.074859525138078,0.766173990651396,0.1,ok,,,0.0,,,0.0
lorenz63,edmd_rbf,EDMD-RBF,16,0.08,0.05,7,5,0.9333333333333332,0.0640798448370998,0.8771271609568148,0.3,ok,,,0.0,,,0.0
lorenz63,edmd_poly3,EDMD-polynomial,16,0.08,0.05,8,5,0.875,0.059405234468203,0.825935129949806,0.1,ok,,,0.0,,,0.0
lorenz63,edmd_rbf,EDMD-RBF,16,0.08,0.05,8,5,0.8,1.3365015753186542,0.3423922365174932,1.0,ok,,,0.0,,,0.0
lorenz63,edmd_poly3,EDMD-polynomial,16,0.08,0.05,9,5,0.9333333333333332,0.0330239588198203,0.903496308449246,0.3,ok,,,0.0,,,0.0
lorenz63,edmd_rbf,EDMD-RBF,16,0.08,0.05,9,5,0.875,0.0380778664678543,0.8429040135276747,0.3,ok,,,0.0,,,0.0
lorenz63,edmd_poly3,EDMD-polynomial,16,0.08,0.1,0,5,0.6666666666666666,0.8966623384719733,0.3514946509686905,0.3,ok,,,0.0,,,0.0
lorenz63,edmd_rbf,EDMD-RBF,16,0.08,0.1,0,5,0.8235294117647058,0.0893038646405793,0.7560144037829455,0.3,ok,,,0.0,,,0.0
lorenz63,edmd_poly3,EDMD-polynomial,16,0.08,0.1,1,5,0.875,0.3056780715124751,0.6701498777462158,0.3,ok,,,0.0,,,0.0
lorenz63,edmd_rbf,EDMD-RBF,16,0.08,0.1,1,5,0.8235294117647058,0.296955783843594,0.6349710776755509,0.3,ok,,,0.0,,,0.0
lorenz63,edmd_poly3,EDMD-polynomial,16,0.08,0.1,2,5,0.7058823529411765,0.8837610611372851,0.3747196857944464,0.3,ok,,,0.0,,,0.0
lorenz63,edmd_rbf,EDMD-RBF,16,0.08,0.1,2,5,0.7058823529411765,0.6660763218922224,0.4236794819456294,0.3,ok,,,0.0,,,0.0
lorenz63,edmd_poly3,EDMD-polynomial,16,0.08,0.1,3,5,0.875,0.1441490180369324,0.7647605217555284,0.3,ok,,,0.0,,,0.0
lorenz63,edmd_rbf,EDMD-RBF,16,0.08,0.1,3,5,0.75,0.2261460260839116,0.6116726589208662,0.3,ok,,,0.0,,,0.0
lorenz63,edmd_poly3,EDMD-polynomial,16,0.08,0.1,4,5,0.56,0.5136818586614446,0.3699588502006692,0.1,ok,,,0.0,,,0.0
lorenz63,edmd_rbf,EDMD-RBF,16,0.08,0.1,4,5,0.7,0.6334910566255755,0.428530047446995,0.1,ok,,,0.0,,,0.0
lorenz63,edmd_poly3,EDMD-polynomial,16,0.08,0.1,5,5,0.7777777777777778,0.1175318854010461,0.6959781532306423,0.3,ok,,,0.0,,,0.0
lorenz63,edmd_rbf,EDMD-RBF,16,0.08,0.1,5,5,0.6666666666666666,0.672274708158219,0.3986585836730787,0.3,ok,,,0.0,,,0.0
lorenz63,edmd_poly3,EDMD-polynomial,16,0.08,0.1,6,5,0.8235294117647058,0.1321780775990255,0.727385053693266,0.1,ok,,,0.0,,,0.0
lorenz63,edmd_rbf,EDMD-RBF,16,0.08,0.1,6,5,0.7058823529411765,1.2617190424277256,0.3120999291686926,0.3,ok,,,0.0,,,0.0
lorenz63,edmd_poly3,EDMD-polynomial,16,0.08,0.1,7,5,0.625,0.3498754917624555,0.4630056651995163,0.3,ok,,,0.0,,,0.0
lorenz63,edmd_rbf,EDMD-RBF,16,0.08,0.1,7,5,0.8,0.2170447698268417,0.6573299683246838,0.3,ok,,,0.0,,,0.0
lorenz63,edmd_poly3,EDMD-polynomial,16,0.08,0.1,8,5,0.7058823529411765,1.3088329995457295,0.305731230054344,0.3,ok,,,0.0,,,0.0
lorenz63,edmd_rbf,EDMD-RBF,16,0.08,0.1,8,5,0.7058823529411765,1.3153251866933318,0.3048739576617717,0.1,ok,,,0.0,,,0.0
lorenz63,edmd_poly3,EDMD-polynomial,16,0.08,0.1,9,5,0.8235294117647058,0.1310321087102113,0.7281220448319804,0.3,ok,,,0.0,,,0.0
lorenz63,edmd_rbf,EDMD-RBF,16,0.08,0.1,9,5,0.6086956521739131,0.5360395068756639,0.3962760394177703,0.1,ok,,,0.0,,,0.0
lorenz63,edmd_poly3,EDMD-polynomial,32,0.16,0.0,0,5,0.625,2.72372841969358,0.1678425302700862,1.0,ok,,,0.0,,,0.0
lorenz63,edmd_rbf,EDMD-RBF,32,0.16,0.0,0,5,0.7368421052631579,1.5811848719864945,0.2854666139028158,0.3,ok,,,0.0,,,0.0
lorenz63,edmd_poly3,EDMD-polynomial,32,0.16,0.0,1,5,0.625,2.72372841969358,0.1678425302700862,1.0,ok,,,0.0,,,0.0
lorenz63,edmd_rbf,EDMD-RBF,32,0.16,0.0,1,5,0.6,0.9884901252559876,0.3017364745136762,0.3,ok,,,0.0,,,0.0
lorenz63,edmd_poly3,EDMD-polynomial,32,0.16,0.0,2,5,0.625,2.72372841969358,0.1678425302700862,1.0,ok,,,0.0,,,0.0
lorenz63,edmd_rbf,EDMD-RBF,32,0.16,0.0,2,5,0.6666666666666666,1.0800187752060566,0.3205099274167001,1.0,ok,,,0.0,,,0.0
lorenz63,edmd_poly3,EDMD-polynomial,32,0.16,0.0,3,5,0.625,2.72372841969358,0.1678425302700862,1.0,ok,,,0.0,,,0.0
lorenz63,edmd_rbf,EDMD-RBF,32,0.16,0.0,3,5,0.5714285714285714,1.2541018674780753,0.2535060991133886,1.0,ok,,,0.0,,,0.0
lorenz63,edmd_poly3,EDMD-polynomial,32,0.16,0.0,4,5,0.625,2.72372841969358,0.1678425302700862,1.0,ok,,,0.0,,,0.0
lorenz63,edmd_rbf,EDMD-RBF,32,0.16,0.0,4,5,0.5185185185185185,1.0377668490394432,0.2544542908640094,0.1,ok,,,0.0,,,0.0
lorenz63,edmd_poly3,EDMD-polynomial,32,0.16,0.0,5,5,0.625,2.72372841969358,0.1678425302700862,1.0,ok,,,0.0,,,0.0
lorenz63,edmd_rbf,EDMD-RBF,32,0.16,0.0,5,5,0.5714285714285714,1.3339427400639132,0.2448340148280258,1.0,ok,,,0.0,,,0.0
lorenz63,edmd_poly3,EDMD-polynomial,32,0.16,0.0,6,5,0.625,2.72372841969358,0.1678425302700862,1.0,ok,,,0.0,,,0.0
lorenz63,edmd_rbf,EDMD-RBF,32,0.16,0.0,6,5,0.6666666666666666,2.497049045718036,0.190636922145249,1.0,ok,,,0.0,,,0.0
lorenz63,edmd_poly3,EDMD-polynomial,32,0.16,0.0,7,5,0.625,2.72372841969358,0.1678425302700862,1.0,ok,,,0.0,,,0.0
lorenz63,edmd_rbf,EDMD-RBF,32,0.16,0.0,7,5,0.5714285714285714,1.1283333407019993,0.2684864069460539,1.0,ok,,,0.0,,,0.0
lorenz63,edmd_poly3,EDMD-polynomial,32,0.16,0.0,8,5,0.625,2.72372841969358,0.1678425302700862,1.0,ok,,,0.0,,,0.0
lorenz63,edmd_rbf,EDMD-RBF,32,0.16,0.0,8,5,0.6666666666666666,1.277603927004755,0.2927052674796669,1.0,ok,,,0.0,,,0.0
lorenz63,edmd_poly3,EDMD-polynomial,32,0.16,0.0,9,5,0.625,2.72372841969358,0.1678425302700862,1.0,ok,,,0.0,,,0.0
lorenz63,edmd_rbf,EDMD-RBF,32,0.16,0.0,9,5,0.4375,1.537262206052589,0.1724299518419312,0.1,ok,,,0.0,,,0.0
lorenz63,edmd_poly3,EDMD-polynomial,32,0.16,0.01,0,5,0.5714285714285714,1.3073295255281736,0.2476579808416247,1.0,ok,,,0.0,,,0.0
lorenz63,edmd_rbf,EDMD-RBF,32,0.16,0.01,0,5,0.3333333333333333,1.207629761747704,0.1509915018854633,1.0,ok,,,0.0,,,0.0
lorenz63,edmd_poly3,EDMD-polynomial,32,0.16,0.01,1,5,0.5454545454545454,1.0468727795734316,0.2664818990695739,0.3,ok,,,0.0,,,0.0
lorenz63,edmd_rbf,EDMD-RBF,32,0.16,0.01,1,5,0.6666666666666666,1.5791184329556338,0.2584862556709642,0.3,ok,,,0.0,,,0.0
lorenz63,edmd_poly3,EDMD-polynomial,32,0.16,0.01,2,5,0.6086956521739131,1.4396443831996482,0.2495017947556746,0.3,ok,,,0.0,,,0.0
lorenz63,edmd_rbf,EDMD-RBF,32,0.16,0.01,2,5,0.5185185185185185,1.3010983777769765,0.2253352240504571,0.1,ok,,,0.0,,,0.0
lorenz63,edmd_poly3,EDMD-polynomial,32,0.16,0.01,3,5,0.5185185185185185,1.2691174614027572,0.2285110962030025,0.3,ok,,,0.0,,,0.0
lorenz63,edmd_rbf,EDMD-RBF,32,0.16,0.01,3,5,0.5384615384615384,1.041468809086508,0.2637618248512368,0.1,ok,,,0.0,,,0.0
lorenz63,edmd_poly3,EDMD-polynomial,32,0.16,0.01,4,5,0.6363636363636364,0.9341595482396168,0.3290130004749739,0.3,ok,,,0.0,,,0.0
lorenz63,edmd_rbf,EDMD-RBF,32,0.16,0.01,4,5,0.6666666666666666,2.3805313169596487,0.1972076588440681,0.3,ok,,,0.0,,,0.0
lorenz63,edmd_poly3,EDMD-polynomial,32,0.16,0.01,5,5,0.5,0.904399962547504,0.2625498896414349,0.3,ok,,,0.0,,,0.0
lorenz63,edmd_rbf,EDMD-RBF,32,0.16,0.01,5,5,0.5333333333333333,1.179993664885718,0.244649028996739,1.0,ok,,,0.0,,,0.0
lorenz63,edmd_poly3,EDMD-polynomial,32,0.16,0.01,6,5,0.5185185185185185,1.049445351812203,0.2530043155627562,0.3,ok,,,0.0,,,0.0
lorenz63,edmd_rbf,EDMD-RBF,32,0.16,0.01,6,5,0.6666666666666666,1.3302197248578698,0.2860960533270439,1.0,ok,,,0.0,,,0.0
lorenz63,edmd_poly3,EDMD-polynomial,32,0.16,0.01,7,5,0.6153846153846154,1.3135703599954551,0.2659891508057806,1.0,ok,,,0.0,,,0.0
lorenz63,edmd_rbf,EDMD-RBF,32,0.16,0.01,7,5,0.56,0.8567542213019269,0.3016015763288998,0.1,ok,,,0.0,,,0.0
lorenz63,edmd_poly3,EDMD-polynomial,32,0.16,0.01,8,5,0.5,1.707741738699014,0.1846557198768278,0.3,ok,,,0.0,,,0.0
lorenz63,edmd_rbf,EDMD-RBF,32,0.16,0.01,8,5,0.5,1.3695684504134562,0.2110088864125267,1.0,ok,,,0.0,,,0.0
lorenz63,edmd_poly3,EDMD-polynomial,32,0.16,0.01,9,5,0.5384615384615384,1.2522204609577676,0.2390802977753586,0.3,ok,,,0.0,,,0.0
lorenz63,edmd_rbf,EDMD-RBF,32,0.16,0.01,9,5,0.6666666666666666,1.319438587893307,0.2874258754452234,1.0,ok,,,0.0,,,0.0
lorenz63,edmd_poly3,EDMD-polynomial,32,0.16,0.03,0,5,0.5714285714285714,1.3231370460521488,0.2459728204152378,1.0,ok,,,0.0,,,0.0
lorenz63,edmd_rbf,EDMD-RBF,32,0.16,0.03,0,5,0.75,1.6732581353036102,0.2805565201861137,0.3,ok,,,0.0,,,0.0
lorenz63,edmd_poly3,EDMD-polynomial,32,0.16,0.03,1,5,0.6153846153846154,1.4645747642900926,0.249692005412493,1.0,ok,,,0.0,,,0.0
lorenz63,edmd_rbf,EDMD-RBF,32,0.16,0.03,1,5,0.4,1.306144647175822,0.1734496578477211,1.0,ok,,,0.0,,,0.0
lorenz63,edmd_poly3,EDMD-polynomial,32,0.16,0.03,2,5,0.5384615384615384,0.5697369881083183,0.3430265977935804,0.1,ok,,,0.0,,,0.0
lorenz63,edmd_rbf,EDMD-RBF,32,0.16,0.03,2,5,0.7,0.455564815101844,0.4809129711966978,0.3,ok,,,0.0,,,0.0
lorenz63,edmd_poly3,EDMD-polynomial,32,0.16,0.03,3,5,0.5714285714285714,0.4820510236404273,0.3855660583297234,0.3,ok,,,0.0,,,0.0
lorenz63,edmd_rbf,EDMD-RBF,32,0.16,0.03,3,5,0.6666666666666666,2.5182382189688504,0.189488779660309,0.3,ok,,,0.0,,,0.0
lorenz63,edmd_poly3,EDMD-polynomial,32,0.16,0.03,4,5,0.631578947368421,0.5221439256131459,0.4149272199171376,0.3,ok,,,0.0,,,0.0
lorenz63,edmd_rbf,EDMD-RBF,32,0.16,0.03,4,5,0.5714285714285714,1.7690707250159006,0.2063611327317362,0.3,ok,,,0.0,,,0.0
lorenz63,edmd_poly3,EDMD-polynomial,32,0.16,0.03,5,5,0.5,1.3551724419523523,0.2122986797457251,0.3,ok,,,0.0,,,0.0
lorenz63,edmd_rbf,EDMD-RBF,32,0.16,0.03,5,5,0.6666666666666666,1.5692183212904476,0.2594822951176131,0.3,ok,,,0.0,,,0.0
lorenz63,edmd_poly3,EDMD-polynomial,32,0.16,0.03,6,5,0.7368421052631579,0.3416108641978498,0.5492219278529146,0.3,ok,,,0.0,,,0.0
lorenz63,edmd_rbf,EDMD-RBF,32,0.16,0.03,6,5,0.75,0.3896494992340767,0.5397044365599903,0.3,ok,,,0.0,,,0.0
lorenz63,edmd_poly3,EDMD-polynomial,32,0.16,0.03,7,5,0.5333333333333333,1.5427234852601237,0.2097488525295831,1.0,ok,,,0.0,,,0.0
lorenz63,edmd_rbf,EDMD-RBF,32,0.16,0.03,7,5,0.6363636363636364,0.8180208529005122,0.3500309885600967,0.3,ok,,,0.0,,,0.0
lorenz63,edmd_poly3,EDMD-polynomial,32,0.16,0.03,8,5,0.6,1.323358460187692,0.2582468483797929,0.3,ok,,,0.0,,,0.0
lorenz63,edmd_rbf,EDMD-RBF,32,0.16,0.03,8,5,0.631578947368421,2.481513501434039,0.1814093057827502,0.3,ok,,,0.0,,,0.0
lorenz63,edmd_poly3,EDMD-polynomial,32,0.16,0.03,9,5,0.5714285714285714,1.301768216924141,0.248256347979369,1.0,ok,,,0.0,,,0.0
lorenz63,edmd_rbf,EDMD-RBF,32,0.16,0.03,9,5,0.6666666666666666,1.1764427314812766,0.306310226785952,0.3,ok,,,0.0,,,0.0
lorenz63,edmd_poly3,EDMD-polynomial,32,0.16,0.05,0,5,0.5333333333333333,1.2940907777324708,0.2324813553631437,1.0,ok,,,0.0,,,0.0
lorenz63,edmd_rbf,EDMD-RBF,32,0.16,0.05,0,5,0.7058823529411765,1.7221516468590496,0.2593104442787593,0.3,ok,,,0.0,,,0.0
lorenz63,edmd_poly3,EDMD-polynomial,32,0.16,0.05,1,5,0.631578947368421,2.2642313321027485,0.1934847390125292,0.3,ok,,,0.0,,,0.0
lorenz63,edmd_rbf,EDMD-RBF,32,0.16,0.05,1,5,0.5714285714285714,1.297093618171666,0.2487615510783537,1.0,ok,,,0.0,,,0.0
lorenz63,edmd_poly3,EDMD-polynomial,32,0.16,0.05,2,5,0.7368421052631579,0.4463640130041689,0.5094444404301105,0.3,ok,,,0.0,,,0.0
lorenz63,edmd_rbf,EDMD-RBF,32,0.16,0.05,2,5,0.7777777777777778,1.1144206163286,0.3678443975486211,0.3,ok,,,0.0,,,0.0
lorenz63,edmd_poly3,EDMD-polynomial,32,0.16,0.05,3,5,0.5714285714285714,1.2851632760666951,0.2500602812119993,1.0,ok,,,0.0,,,0.0
lorenz63,edmd_rbf,EDMD-RBF,32,0.16,0.05,3,5,0.7,0.9140860943581376,0.3657097776653225,0.3,ok,,,0.0,,,0.0
lorenz63,edmd_poly3,EDMD-polynomial,32,0.16,0.05,4,5,0.5263157894736842,1.796678911380763,0.1881931412762125,0.3,ok,,,0.0,,,0.0
lorenz63,edmd_rbf,EDMD-RBF,32,0.16,0.05,4,5,0.7,0.7677508648386963,0.3959834012378626,0.3,ok,,,0.0,,,0.0
lorenz63,edmd_poly3,EDMD-polynomial,32,0.16,0.05,5,5,0.6666666666666666,1.3098021901595582,0.2886250041267015,1.0,ok,,,0.0,,,0.0
lorenz63,edmd_rbf,EDMD-RBF,32,0.16,0.05,5,5,0.6666666666666666,1.2296118647005108,0.2990057046347014,1.0,ok,,,0.0,,,0.0
lorenz63,edmd_poly3,EDMD-polynomial,32,0.16,0.05,6,5,0.7368421052631579,0.6185072637478037,0.4552603017405875,0.3,ok,,,0.0,,,0.0
lorenz63,edmd_rbf,EDMD-RBF,32,0.16,0.05,6,5,0.5,1.3736280705408714,0.2106479975550957,1.0,ok,,,0.0,,,0.0
lorenz63,edmd_poly3,EDMD-polynomial,32,0.16,0.05,7,5,0.6,0.6145150714982062,0.3716286150510962,0.3,ok,,,0.0,,,0.0
lorenz63,edmd_rbf,EDMD-RBF,32,0.16,0.05,7,5,0.6,0.923705440741778,0.311898062610168,0.3,ok,,,0.0,,,0.0
lorenz63,edmd_poly3,EDMD-polynomial,32,0.16,0.05,8,5,0.6666666666666666,1.3369507864630146,0.2852720179339632,0.3,ok,,,0.0,,,0.0
lorenz63,edmd_rbf,EDMD-RBF,32,0.16,0.05,8,5,0.5714285714285714,1.2872904230303592,0.2498277287724152,1.0,ok,,,0.0,,,0.0
lorenz63,edmd_poly3,EDMD-polynomial,32,0.16,0.05,9,5,0.8235294117647058,0.3103344679365962,0.6284879409922951,0.3,ok,,,0.0,,,0.0
lorenz63,edmd_rbf,EDMD-RBF,32,0.16,0.05,9,5,0.6153846153846154,1.3161217987604965,0.2656961372730685,1.0,ok,,,0.0,,,0.0
lorenz63,edmd_poly3,EDMD-polynomial,32,0.16,0.1,0,5,0.5,1.2628440665967653,0.2209608728152363,1.0,ok,,,0.0,,,0.0
lorenz63,edmd_rbf,EDMD-RBF,32,0.16,0.1,0,5,0.375,1.49097401890687,0.150543521190383,0.3,ok,,,0.0,,,0.0
lorenz63,edmd_poly3,EDMD-polynomial,32,0.16,0.1,1,5,0.5217391304347826,0.8350450729293453,0.2843195178862351,0.1,ok,,,0.0,,,0.0
lorenz63,edmd_rbf,EDMD-RBF,32,0.16,0.1,1,5,0.8235294117647058,0.2836238889364081,0.6415659749422943,0.3,ok,,,0.0,,,0.0
lorenz63,edmd_poly3,EDMD-polynomial,32,0.16,0.1,2,5,0.6666666666666666,2.084910389723376,0.2161056829681353,0.3,ok,,,0.0,,,0.0
lorenz63,edmd_rbf,EDMD-RBF,32,0.16,0.1,2,5,0.3076923076923077,1.6908490401107832,0.1143476661476483,0.3,ok,,,0.0,,,0.0
lorenz63,edmd_poly3,EDMD-polynomial,32,0.16,0.1,3,5,0.6666666666666666,0.512732912667884,0.4407034851188111,0.1,ok,,,0.0,,,0.0
lorenz63,edmd_rbf,EDMD-RBF,32,0.16,0.1,3,5,0.7368421052631579,0.7566837349220346,0.4194506333810056,0.3,ok,,,0.0,,,0.0
lorenz63,edmd_poly3,EDMD-polynomial,32,0.16,0.1,4,5,0.6153846153846154,1.2978601840700217,0.2678076845801089,1.0,ok,,,0.0,,,0.0
lorenz63,edmd_rbf,EDMD-RBF,32,0.16,0.1,4,5,0.6363636363636364,1.4455295230341227,0.2602150701391296,0.3,ok,,,0.0,,,0.0
lorenz63,edmd_poly3,EDMD-polynomial,32,0.16,0.1,5,5,0.5714285714285714,1.3043384124039423,0.2479794496991624,1.0,ok,,,0.0,,,0.0
lorenz63,edmd_rbf,EDMD-RBF,32,0.16,0.1,5,5,0.4285714285714285,1.3213061323413948,0.1846251222966219,1.0,ok,,,0.0,,,0.0
lorenz63,edmd_poly3,EDMD-polynomial,32,0.16,0.1,6,5,0.4827586206896552,0.788482608917056,0.269926371261709,0.1,ok,,,0.0,,,0.0
lorenz63,edmd_rbf,EDMD-RBF,32,0.16,0.1,6,5,0.56,1.1680943814239544,0.2582913386050126,0.1,ok,,,0.0,,,0.0
lorenz63,edmd_poly3,EDMD-polynomial,32,0.16,0.1,7,5,0.6666666666666666,1.1762927114286093,0.3063313419034698,0.3,ok,,,0.0,,,0.0
lorenz63,edmd_rbf,EDMD-RBF,32,0.16,0.1,7,5,0.6666666666666666,1.187747656331168,0.3047274052550742,1.0,ok,,,0.0,,,0.0
lorenz63,edmd_poly3,EDMD-polynomial,32,0.16,0.1,8,5,0.6086956521739131,0.6482754130390818,0.36929244188118,0.3,ok,,,0.0,,,0.0
lorenz63,edmd_rbf,EDMD-RBF,32,0.16,0.1,8,5,0.6666666666666666,1.2935091271892367,0.2906753929005228,1.0,ok,,,0.0,,,0.0
lorenz63,edmd_poly3,EDMD-polynomial,32,0.16,0.1,9,5,0.7368421052631579,0.8723580434030447,0.3935369668527361,0.3,ok,,,0.0,,,0.0
lorenz63,edmd_rbf,EDMD-RBF,32,0.16,0.1,9,5,0.6,1.431460640629686,0.2467652529405598,0.3,ok,,,0.0,,,0.0
lorenz63,edmd_poly3,EDMD-polynomial,64,0.32,0.0,0,5,0.6153846153846154,1.0720676276535268,0.2969906035747954,1.0,ok,,,0.0,,,0.0
lorenz63,edmd_rbf,EDMD-RBF,64,0.32,0.0,0,5,0.6666666666666666,1.4289646662199682,0.2744653621100855,0.3,ok,,,0.0,,,0.0
lorenz63,edmd_poly3,EDMD-polynomial,64,0.32,0.0,1,5,0.6153846153846154,1.0720676276535268,0.2969906035747954,1.0,ok,,,0.0,,,0.0
lorenz63,edmd_rbf,EDMD-RBF,64,0.32,0.0,1,5,0.6666666666666666,1.4289647879863991,0.2744653483508628,0.3,ok,,,0.0,,,0.0
lorenz63,edmd_poly3,EDMD-polynomial,64,0.32,0.0,2,5,0.6153846153846154,1.0720676276535268,0.2969906035747954,1.0,ok,,,0.0,,,0.0
lorenz63,edmd_rbf,EDMD-RBF,64,0.32,0.0,2,5,0.6666666666666666,1.4289641266389062,0.2744654230810607,0.3,ok,,,0.0,,,0.0
lorenz63,edmd_poly3,EDMD-polynomial,64,0.32,0.0,3,5,0.6153846153846154,1.0720676276535268,0.2969906035747954,1.0,ok,,,0.0,,,0.0
lorenz63,edmd_rbf,EDMD-RBF,64,0.32,0.0,3,5,0.6666666666666666,1.4289612810092238,0.2744657446287777,0.3,ok,,,0.0,,,0.0
lorenz63,edmd_poly3,EDMD-polynomial,64,0.32,0.0,4,5,0.6153846153846154,1.0720676276535268,0.2969906035747954,1.0,ok,,,0.0,,,0.0
lorenz63,edmd_rbf,EDMD-RBF,64,0.32,0.0,4,5,0.6666666666666666,1.4289613770807112,0.2744657337729723,0.3,ok,,,0.0,,,0.0
lorenz63,edmd_poly3,EDMD-polynomial,64,0.32,0.0,5,5,0.6153846153846154,1.0720676276535268,0.2969906035747954,1.0,ok,,,0.0,,,0.0
lorenz63,edmd_rbf,EDMD-RBF,64,0.32,0.0,5,5,0.6666666666666666,1.4289586816068065,0.2744660383542024,0.3,ok,,,0.0,,,0.0
lorenz63,edmd_poly3,EDMD-polynomial,64,0.32,0.0,6,5,0.6153846153846154,1.0720676276535268,0.2969906035747954,1.0,ok,,,0.0,,,0.0
lorenz63,edmd_rbf,EDMD-RBF,64,0.32,0.0,6,5,0.6666666666666666,1.428957063512386,0.2744662211948017,0.3,ok,,,0.0,,,0.0
lorenz63,edmd_poly3,EDMD-polynomial,64,0.32,0.0,7,5,0.6153846153846154,1.0720676276535268,0.2969906035747954,1.0,ok,,,0.0,,,0.0
lorenz63,edmd_rbf,EDMD-RBF,64,0.32,0.0,7,5,0.6666666666666666,1.4289612512403072,0.2744657479925811,0.3,ok,,,0.0,,,0.0
lorenz63,edmd_poly3,EDMD-polynomial,64,0.32,0.0,8,5,0.6153846153846154,1.0720676276535268,0.2969906035747954,1.0,ok,,,0.0,,,0.0
lorenz63,edmd_rbf,EDMD-RBF,64,0.32,0.0,8,5,0.6666666666666666,1.4289535471485668,0.2744666185359081,0.3,ok,,,0.0,,,0.0
lorenz63,edmd_poly3,EDMD-polynomial,64,0.32,0.0,9,5,0.6153846153846154,1.0720676276535268,0.2969906035747954,1.0,ok,,,0.0,,,0.0
lorenz63,edmd_rbf,EDMD-RBF,64,0.32,0.0,9,5,0.6666666666666666,1.4289553031896367,0.2744664201071211,0.3,ok,,,0.0,,,0.0
lorenz63,edmd_poly3,EDMD-polynomial,64,0.32,0.01,0,5,0.5833333333333334,1.3743777119627694,0.2456784067649975,0.1,ok,,,0.0,,,0.0
lorenz63,edmd_rbf,EDMD-RBF,64,0.32,0.01,0,5,0.5,1.0919533981562242,0.2390110603996641,1.0,ok,,,0.0,,,0.0
lorenz63,edmd_poly3,EDMD-polynomial,64,0.32,0.01,1,5,0.5384615384615384,1.0743819206683587,0.2595768566513769,0.1,ok,,,0.0,,,0.0
lorenz63,edmd_rbf,EDMD-RBF,64,0.32,0.01,1,5,0.7058823529411765,1.0559916671427632,0.3433293841711674,0.3,ok,,,0.0,,,0.0
lorenz63,edmd_poly3,EDMD-polynomial,64,0.32,0.01,2,5,0.5555555555555556,1.12980909651423,0.2608475832246233,0.3,ok,,,0.0,,,0.0
lorenz63,edmd_rbf,EDMD-RBF,64,0.32,0.01,2,5,0.5714285714285714,1.0475041696035172,0.279085425031991,1.0,ok,,,0.0,,,0.0
lorenz63,edmd_poly3,EDMD-polynomial,64,0.32,0.01,3,5,0.6153846153846154,1.0499498608930218,0.3001949594594156,1.0,ok,,,0.0,,,0.0
lorenz63,edmd_rbf,EDMD-RBF,64,0.32,0.01,3,5,0.4,1.090596901894667,0.1913329153207334,0.1,ok,,,0.0,,,0.0
lorenz63,edmd_poly3,EDMD-polynomial,64,0.32,0.01,4,5,0.5333333333333333,1.061934109639805,0.2586568265396707,1.0,ok,,,0.0,,,0.0
lorenz63,edmd_rbf,EDMD-RBF,64,0.32,0.01,4,5,0.5714285714285714,1.2188816638085471,0.2575299894306919,1.0,ok,,,0.0,,,0.0
lorenz63,edmd_poly3,EDMD-polynomial,64,0.32,0.01,5,5,0.4210526315789473,1.2448058953555512,0.1875675008026729,0.3,ok,,,0.0,,,0.0
lorenz63,edmd_rbf,EDMD-RBF,64,0.32,0.01,5,5,0.4166666666666667,1.7611254753310814,0.1509046475393172,0.1,ok,,,0.0,,,0.0
lorenz63,edmd_poly3,EDMD-polynomial,64,0.32,0.01,6,5,0.6153846153846154,1.0452138902514605,0.3008901016748685,1.0,ok,,,0.0,,,0.0
lorenz63,edmd_rbf,EDMD-RBF,64,0.32,0.01,6,5,0.4615384615384615,1.0640659160880266,0.2236064545909483,1.0,ok,,,0.0,,,0.0
lorenz63,edmd_poly3,EDMD-polynomial,64,0.32,0.01,7,5,0.5555555555555556,1.4505077781690183,0.2267103824378219,0.3,ok,,,0.0,,,0.0
lorenz63,edmd_rbf,EDMD-RBF,64,0.32,0.01,7,5,0.4615384615384615,1.8999768452862325,0.1591524643683515,0.1,ok,,,0.0,,,0.0
lorenz63,edmd_poly3,EDMD-polynomial,64,0.32,0.01,8,5,0.6,1.1684547380242525,0.2766947308047937,0.3,ok,,,0.0,,,0.0
lorenz63,edmd_rbf,EDMD-RBF,64,0.32,0.01,8,5,0.625,1.0962107798597556,0.2981570393611919,0.3,ok,,,0.0,,,0.0
lorenz63,edmd_poly3,EDMD-polynomial,64,0.32,0.01,9,5,0.6,1.1434846098827465,0.279918034976151,0.3,ok,,,0.0,,,0.0
lorenz63,edmd_rbf,EDMD-RBF,64,0.32,0.01,9,5,0.4666666666666667,1.9885934509416976,0.1561492636342428,0.1,ok,,,0.0,,,0.0
lorenz63,edmd_poly3,EDMD-polynomial,64,0.32,0.03,0,5,0.5,1.251219080596764,0.2221018844009876,0.3,ok,,,0.0,,,0.0
lorenz63,edmd_rbf,EDMD-RBF,64,0.32,0.03,0,5,0.6153846153846154,1.0776922664519502,0.2961866034355031,1.0,ok,,,0.0,,,0.0
lorenz63,edmd_poly3,EDMD-polynomial,64,0.32,0.03,1,5,0.6153846153846154,1.062828246331211,0.2983208206883397,1.0,ok,,,0.0,,,0.0
lorenz63,edmd_rbf,EDMD-RBF,64,0.32,0.03,1,5,0.4827586206896552,1.2506280456368597,0.2144995134249512,0.1,ok,,,0.0,,,0.0
lorenz63,edmd_poly3,EDMD-polynomial,64,0.32,0.03,2,5,0.48,1.1832594241458203,0.2198547706660171,0.1,ok,,,0.0,,,0.0
lorenz63,edmd_rbf,EDMD-RBF,64,0.32,0.03,2,5,0.5714285714285714,1.046913807224974,0.2791659176911137,1.0,ok,,,0.0,,,0.0
lorenz63,edmd_poly3,EDMD-polynomial,64,0.32,0.03,3,5,0.5185185185185185,1.2991520975403736,0.2255259750206296,0.1,ok,,,0.0,,,0.0
lorenz63,edmd_rbf,EDMD-RBF,64,0.32,0.03,3,5,0.4444444444444444,1.1140610284524308,0.2102325516921305,0.3,ok,,,0.0,,,0.0
lorenz63,edmd_poly3,EDMD-polynomial,64,0.32,0.03,4,5,0.6153846153846154,1.46727327378729,0.2494189119310621,1.0,ok,,,0.0,,,0.0
lorenz63,edmd_rbf,EDMD-RBF,64,0.32,0.03,4,5,0.6666666666666666,1.2200063071050848,0.3002994471380615,0.3,ok,,,0.0,,,0.0
lorenz63,edmd_poly3,EDMD-polynomial,64,0.32,0.03,5,5,0.6,1.041735200662309,0.2938676865664895,0.3,ok,,,0.0,,,0.0
lorenz63,edmd_rbf,EDMD-RBF,64,0.32,0.03,5,5,0.5217391304347826,1.4383438631451246,0.2139727453214132,0.1,ok,,,0.0,,,0.0
lorenz63,edmd_poly3,EDMD-polynomial,64,0.32,0.03,6,5,0.631578947368421,1.2536816869856309,0.2802431909597568,0.3,ok,,,0.0,,,0.0
lorenz63,edmd_rbf,EDMD-RBF,64,0.32,0.03,6,5,0.3870967741935484,1.4951459756380243,0.1551399308790201,0.03,ok,,,0.0,,,0.0
lorenz63,edmd_poly3,EDMD-polynomial,64,0.32,0.03,7,5,0.6666666666666666,1.072667264962564,0.321646738932169,0.3,ok,,,0.0,,,0.0
lorenz63,edmd_rbf,EDMD-RBF,64,0.32,0.03,7,5,0.5,1.7633853278358835,0.1809374881466747,0.1,ok,,,0.0,,,0.0
lorenz63,edmd_poly3,EDMD-polynomial,64,0.32,0.03,8,5,0.3809523809523809,1.897706857560176,0.1314668459159243,0.1,ok,,,0.0,,,0.0
lorenz63,edmd_rbf,EDMD-RBF,64,0.32,0.03,8,5,0.56,1.676865943787235,0.2091998672177475,0.3,ok,,,0.0,,,0.0
lorenz63,edmd_poly3,EDMD-polynomial,64,0.32,0.03,9,5,0.5555555555555556,1.5019658565220344,0.2220476167200097,0.3,ok,,,0.0,,,0.0
lorenz63,edmd_rbf,EDMD-RBF,64,0.32,0.03,9,5,0.4545454545454545,3.2311180716294507,0.1074291586408989,0.1,ok,,,0.0,,,0.0
lorenz63,edmd_poly3,EDMD-polynomial,64,0.32,0.05,0,5,0.6666666666666666,1.0666525285292598,0.3225828519616223,0.3,ok,,,0.0,,,0.0
lorenz63,edmd_rbf,EDMD-RBF,64,0.32,0.05,0,5,0.5714285714285714,1.0434118067081397,0.2796443524269939,1.0,ok,,,0.0,,,0.0
lorenz63,edmd_poly3,EDMD-polynomial,64,0.32,0.05,1,5,0.3333333333333333,1.2530954958333205,0.1479446095160063,1.0,ok,,,0.0,,,0.0
lorenz63,edmd_rbf,EDMD-RBF,64,0.32,0.05,1,5,0.4761904761904761,1.489058473979242,0.1913134951101383,0.3,ok,,,0.0,,,0.0
lorenz63,edmd_poly3,EDMD-polynomial,64,0.32,0.05,2,5,0.375,0.9849319129768802,0.1889233567904089,0.3,ok,,,0.0,,,0.0
lorenz63,edmd_rbf,EDMD-RBF,64,0.32,0.05,2,5,0.6666666666666666,1.0446569072753595,0.3260530724223283,1.0,ok,,,0.0,,,0.0
lorenz63,edmd_poly3,EDMD-polynomial,64,0.32,0.05,3,5,0.5384615384615384,1.0639632066639124,0.2608871789589122,0.1,ok,,,0.0,,,0.0
lorenz63,edmd_rbf,EDMD-RBF,64,0.32,0.05,3,5,0.5882352941176471,1.0439114213459886,0.2877988194470155,0.3,ok,,,0.0,,,0.0
lorenz63,edmd_poly3,EDMD-polynomial,64,0.32,0.05,4,5,0.6666666666666666,1.0301664860063209,0.328380293567998,1.0,ok,,,0.0,,,0.0
lorenz63,edmd_rbf,EDMD-RBF,64,0.32,0.05,4,5,0.5333333333333333,1.5977326298042074,0.2053072464865373,0.3,ok,,,0.0,,,0.0
lorenz63,edmd_poly3,EDMD-polynomial,64,0.32,0.05,5,5,0.7272727272727273,1.0106120682704682,0.3617170804601448,1.0,ok,,,0.0,,,0.0
lorenz63,edmd_rbf,EDMD-RBF,64,0.32,0.05,5,5,0.56,1.1164598096605831,0.2645927871835219,0.1,ok,,,0.0,,,0.0
lorenz63,edmd_poly3,EDMD-polynomial,64,0.32,0.05,6,5,0.5384615384615384,1.2649959719361332,0.2377317863401134,0.1,ok,,,0.0,,,0.0
lorenz63,edmd_rbf,EDMD-RBF,64,0.32,0.05,6,5,0.6153846153846154,1.069143849201897,0.2974102625208873,1.0,ok,,,0.0,,,0.0
lorenz63,edmd_poly3,EDMD-polynomial,64,0.32,0.05,7,5,0.4166666666666667,2.499628437476546,0.1190602585705097,0.3,ok,,,0.0,,,0.0
lorenz63,edmd_rbf,EDMD-RBF,64,0.32,0.05,7,5,0.6,1.1750725442601502,0.2758528682564423,0.3,ok,,,0.0,,,0.0
lorenz63,edmd_poly3,EDMD-polynomial,64,0.32,0.05,8,5,0.6153846153846154,1.0679592234170976,0.2975806333201065,1.0,ok,,,0.0,,,0.0
lorenz63,edmd_rbf,EDMD-RBF,64,0.32,0.05,8,5,0.5,1.9208824768110515,0.1711811426750342,0.3,ok,,,0.0,,,0.0
lorenz63,edmd_poly3,EDMD-polynomial,64,0.32,0.05,9,5,0.5714285714285714,1.051043565457466,0.2786038195639787,1.0,ok,,,0.0,,,0.0
lorenz63,edmd_rbf,EDMD-RBF,64,0.32,0.05,9,5,0.3636363636363636,1.0648009506280018,0.1761120671344929,1.0,ok,,,0.0,,,0.0
lorenz63,edmd_poly3,EDMD-polynomial,64,0.32,0.1,0,5,0.5714285714285714,1.0091074975650598,0.2844191125268882,1.0,ok,,,0.0,,,0.0
lorenz63,edmd_rbf,EDMD-RBF,64,0.32,0.1,0,5,0.4615384615384615,1.0641519328971811,0.2235971365202076,1.0,ok,,,0.0,,,0.0
lorenz63,edmd_poly3,EDMD-polynomial,64,0.32,0.1,1,5,0.5,1.1230213639437372,0.2355134095641869,0.3,ok,,,0.0,,,0.0
lorenz63,edmd_rbf,EDMD-RBF,64,0.32,0.1,1,5,0.5,1.0527686804028076,0.2435734745825754,1.0,ok,,,0.0,,,0.0
lorenz63,edmd_poly3,EDMD-polynomial,64,0.32,0.1,2,5,0.5714285714285714,1.0615233849727683,0.2771875282104159,1.0,ok,,,0.0,,,0.0
lorenz63,edmd_rbf,EDMD-RBF,64,0.32,0.1,2,5,0.4444444444444444,0.971897024048972,0.225389276936911,1.0,ok,,,0.0,,,0.0
lorenz63,edmd_poly3,EDMD-polynomial,64,0.32,0.1,3,5,0.4615384615384615,1.6073429681562137,0.1770148642412161,0.1,ok,,,0.0,,,0.0
lorenz63,edmd_rbf,EDMD-RBF,64,0.32,0.1,3,5,0.4210526315789473,1.075945489891026,0.2028245123146513,0.3,ok,,,0.0,,,0.0
lorenz63,edmd_poly3,EDMD-polynomial,64,0.32,0.1,4,5,0.5,1.3275317301527696,0.2148198426352632,0.1,ok,,,0.0,,,0.0
lorenz63,edmd_rbf,EDMD-RBF,64,0.32,0.1,4,5,0.5714285714285714,1.0549176580975297,0.278078573697015,1.0,ok,,,0.0,,,0.0
lorenz63,edmd_poly3,EDMD-polynomial,64,0.32,0.1,5,5,0.3703703703703703,3.987278514195898,0.0742630212682408,0.1,ok,,,0.0,,,0.0
lorenz63,edmd_rbf,EDMD-RBF,64,0.32,0.1,5,5,0.3636363636363636,1.99433328763768,0.1214415125856772,0.1,ok,,,0.0,,,0.0
lorenz63,edmd_poly3,EDMD-polynomial,64,0.32,0.1,6,5,0.5555555555555556,1.2800300152113049,0.2436615096508143,0.3,ok,,,0.0,,,0.0
lorenz63,edmd_rbf,EDMD-RBF,64,0.32,0.1,6,5,0.3333333333333333,1.4724337248069164,0.1348199266127406,1.0,ok,,,0.0,,,0.0
lorenz63,edmd_poly3,EDMD-polynomial,64,0.32,0.1,7,5,0.5714285714285714,1.05520472993932,0.2780397315674934,1.0,ok,,,0.0,,,0.0
lorenz63,edmd_rbf,EDMD-RBF,64,0.32,0.1,7,5,0.5,1.3732439971458934,0.2106820877252019,0.3,ok,,,0.0,,,0.0
lorenz63,edmd_poly3,EDMD-polynomial,64,0.32,0.1,8,5,0.6153846153846154,1.4480496084000931,0.251377510191387,1.0,ok,,,0.0,,,0.0
lorenz63,edmd_rbf,EDMD-RBF,64,0.32,0.1,8,5,0.4444444444444444,1.4827723826143075,0.1790113534195405,0.1,ok,,,0.0,,,0.0
lorenz63,edmd_poly3,EDMD-polynomial,64,0.32,0.1,9,5,0.6153846153846154,1.0684182374868183,0.2975145955647362,1.0,ok,,,0.0,,,0.0
lorenz63,edmd_rbf,EDMD-RBF,64,0.32,0.1,9,5,0.6666666666666666,1.05468441934491,0.3244618299481817,1.0,ok,,,0.0,,,0.0
vanderpol_mu2,edmd_poly3,EDMD-polynomial,8,0.04,0.0,0,5,1.0,0.0002387748033307,0.9997612821964658,0.0003,ok,,,0.0,,,0.0
vanderpol_mu2,edmd_rbf,EDMD-RBF,8,0.04,0.0,0,5,1.0,0.0002777317215717,0.9997223453919204,0.001,ok,,,0.0,,,0.0
vanderpol_mu2,edmd_poly3,EDMD-polynomial,8,0.04,0.0,1,5,1.0,0.0002387748033307,0.9997612821964658,0.0003,ok,,,0.0,,,0.0
vanderpol_mu2,edmd_rbf,EDMD-RBF,8,0.04,0.0,1,5,1.0,0.0002721285540075,0.9997279454797956,0.0003,ok,,,0.0,,,0.0
vanderpol_mu2,edmd_poly3,EDMD-polynomial,8,0.04,0.0,2,5,1.0,0.0002387748033307,0.9997612821964658,0.0003,ok,,,0.0,,,0.0
vanderpol_mu2,edmd_rbf,EDMD-RBF,8,0.04,0.0,2,5,1.0,0.0002689086652276,0.9997311636272024,0.0003,ok,,,0.0,,,0.0
vanderpol_mu2,edmd_poly3,EDMD-polynomial,8,0.04,0.0,3,5,1.0,0.0002387748033307,0.9997612821964658,0.0003,ok,,,0.0,,,0.0
vanderpol_mu2,edmd_rbf,EDMD-RBF,8,0.04,0.0,3,5,1.0,0.0002748985218623,0.9997251770265668,0.001,ok,,,0.0,,,0.0
vanderpol_mu2,edmd_poly3,EDMD-polynomial,8,0.04,0.0,4,5,1.0,0.0002387748033307,0.9997612821964658,0.0003,ok,,,0.0,,,0.0
vanderpol_mu2,edmd_rbf,EDMD-RBF,8,0.04,0.0,4,5,1.0,0.0002662231328198,0.999733847723073,0.0003,ok,,,0.0,,,0.0
vanderpol_mu2,edmd_poly3,EDMD-polynomial,8,0.04,0.0,5,5,1.0,0.0002387748033307,0.9997612821964658,0.0003,ok,,,0.0,,,0.0
vanderpol_mu2,edmd_rbf,EDMD-RBF,8,0.04,0.0,5,5,1.0,0.0002628482654009,0.9997372208056544,0.0003,ok,,,0.0,,,0.0
vanderpol_mu2,edmd_poly3,EDMD-polynomial,8,0.04,0.0,6,5,1.0,0.0002387748033307,0.9997612821964658,0.0003,ok,,,0.0,,,0.0
vanderpol_mu2,edmd_rbf,EDMD-RBF,8,0.04,0.0,6,5,1.0,0.0002608642832496,0.9997392037491772,0.0003,ok,,,0.0,,,0.0
vanderpol_mu2,edmd_poly3,EDMD-polynomial,8,0.04,0.0,7,5,1.0,0.0002387748033307,0.9997612821964658,0.0003,ok,,,0.0,,,0.0
vanderpol_mu2,edmd_rbf,EDMD-RBF,8,0.04,0.0,7,5,1.0,0.0002656064631573,0.9997344640649034,0.001,ok,,,0.0,,,0.0
vanderpol_mu2,edmd_poly3,EDMD-polynomial,8,0.04,0.0,8,5,1.0,0.0002387748033307,0.9997612821964658,0.0003,ok,,,0.0,,,0.0
vanderpol_mu2,edmd_rbf,EDMD-RBF,8,0.04,0.0,8,5,1.0,0.0002613117573273,0.9997387565086684,0.0003,ok,,,0.0,,,0.0
vanderpol_mu2,edmd_poly3,EDMD-polynomial,8,0.04,0.0,9,5,1.0,0.0002387748033307,0.9997612821964658,0.0003,ok,,,0.0,,,0.0
vanderpol_mu2,edmd_rbf,EDMD-RBF,8,0.04,0.0,9,5,1.0,0.0002680998762839,0.9997319719819946,0.0003,ok,,,0.0,,,0.0
vanderpol_mu2,edmd_poly3,EDMD-polynomial,8,0.04,0.01,0,5,1.0,0.0014547655976973,0.9985473476709364,0.01,ok,,,0.0,,,0.0
vanderpol_mu2,edmd_rbf,EDMD-RBF,8,0.04,0.01,0,5,1.0,0.0014603764416605,0.9985417531476888,0.01,ok,,,0.0,,,0.0
vanderpol_mu2,edmd_poly3,EDMD-polynomial,8,0.04,0.01,1,5,1.0,0.002905843351502,0.9971025761084495,0.01,ok,,,0.0,,,0.0
vanderpol_mu2,edmd_rbf,EDMD-RBF,8,0.04,0.01,1,5,1.0,0.0028187026737024,0.9971892200791757,0.01,ok,,,0.0,,,0.0
vanderpol_mu2,edmd_poly3,EDMD-polynomial,8,0.04,0.01,2,5,1.0,0.0009103983936699,0.9990904296776904,0.01,ok,,,0.0,,,0.0
vanderpol_mu2,edmd_rbf,EDMD-RBF,8,0.04,0.01,2,5,1.0,0.0008731909123094,0.9991275708848656,0.01,ok,,,0.0,,,0.0
vanderpol_mu2,edmd_poly3,EDMD-polynomial,8,0.04,0.01,3,5,1.0,0.0028755863502121,0.9971326589366112,0.03,ok,,,0.0,,,0.0
vanderpol_mu2,edmd_rbf,EDMD-RBF,8,0.04,0.01,3,5,1.0,0.0029299831845311,0.99707857653709,0.01,ok,,,0.0,,,0.0
vanderpol_mu2,edmd_poly3,EDMD-polynomial,8,0.04,0.01,4,5,1.0,0.0038230570647225,0.9961915030364996,0.01,ok,,,0.0,,,0.0
vanderpol_mu2,edmd_rbf,EDMD-RBF,8,0.04,0.01,4,5,1.0,0.0037772052178098,0.9962370083737953,0.01,ok,,,0.0,,,0.0
vanderpol_mu2,edmd_poly3,EDMD-polynomial,8,0.04,0.01,5,5,1.0,0.0033759863689567,0.9966353725673924,0.01,ok,,,0.0,,,0.0
vanderpol_mu2,edmd_rbf,EDMD-RBF,8,0.04,0.01,5,5,1.0,0.0035987874758123,0.9964141173537449,0.03,ok,,,0.0,,,0.0
vanderpol_mu2,edmd_poly3,EDMD-polynomial,8,0.04,0.01,6,5,1.0,0.0033853816378585,0.9966260405026706,0.01,ok,,,0.0,,,0.0
vanderpol_mu2,edmd_rbf,EDMD-RBF,8,0.04,0.01,6,5,1.0,0.0034740375786068,0.9965379895757046,0.01,ok,,,0.0,,,0.0
vanderpol_mu2,edmd_poly3,EDMD-polynomial,8,0.04,0.01,7,5,1.0,0.0012596928242966,0.9987418920053164,0.01,ok,,,0.0,,,0.0
vanderpol_mu2,edmd_rbf,EDMD-RBF,8,0.04,0.01,7,5,1.0,0.0011859618827347,0.9988154429567664,0.01,ok,,,0.0,,,0.0
vanderpol_mu2,edmd_poly3,EDMD-polynomial,8,0.04,0.01,8,5,1.0,0.0032115698641421,0.996798711298179,0.03,ok,,,0.0,,,0.0
vanderpol_mu2,edmd_rbf,EDMD-RBF,8,0.04,0.01,8,5,1.0,0.0032519032942353,0.9967586373037944,0.01,ok,,,0.0,,,0.0
vanderpol_mu2,edmd_poly3,EDMD-polynomial,8,0.04,0.01,9,5,1.0,0.0022581578806727,0.9977469299073126,0.01,ok,,,0.0,,,0.0
vanderpol_mu2,edmd_rbf,EDMD-RBF,8,0.04,0.01,9,5,1.0,0.0024460621258756,0.9975599064944318,0.01,ok,,,0.0,,,0.0
vanderpol_mu2,edmd_poly3,EDMD-polynomial,8,0.04,0.03,0,5,1.0,0.0097783615828173,0.9903163288550868,0.1,ok,,,0.0,,,0.0
vanderpol_mu2,edmd_rbf,EDMD-RBF,8,0.04,0.03,0,5,1.0,0.0075225636955795,0.9925336027532852,0.1,ok,,,0.0,,,0.0
vanderpol_mu2,edmd_poly3,EDMD-polynomial,8,0.04,0.03,1,5,1.0,0.0145654509563448,0.9856436556728644,0.03,ok,,,0.0,,,0.0
vanderpol_mu2,edmd_rbf,EDMD-RBF,8,0.04,0.03,1,5,1.0,0.0130506587984674,0.9871174667474714,0.03,ok,,,0.0,,,0.0
vanderpol_mu2,edmd_poly3,EDMD-polynomial,8,0.04,0.03,2,5,1.0,0.0020949787500133,0.9979094010104448,0.1,ok,,,0.0,,,0.0
vanderpol_mu2,edmd_rbf,EDMD-RBF,8,0.04,0.03,2,5,1.0,0.0042092991767836,0.995808344754192,0.1,ok,,,0.0,,,0.0
vanderpol_mu2,edmd_poly3,EDMD-polynomial,8,0.04,0.03,3,5,1.0,0.0104497651351031,0.9896583031678908,0.03,ok,,,0.0,,,0.0
vanderpol_mu2,edmd_rbf,EDMD-RBF,8,0.04,0.03,3,5,1.0,0.0115712538196861,0.9885611084973074,0.03,ok,,,0.0,,,0.0
vanderpol_mu2,edmd_poly3,EDMD-polynomial,8,0.04,0.03,4,5,1.0,0.00721614961952,0.992835550122736,0.03,ok,,,0.0,,,0.0
vanderpol_mu2,edmd_rbf,EDMD-RBF,8,0.04,0.03,4,5,1.0,0.0078365861177685,0.992224348445262,0.03,ok,,,0.0,,,0.0
vanderpol_mu2,edmd_poly3,EDMD-polynomial,8,0.04,0.03,5,5,1.0,0.0062774530276006,0.9937617075601628,0.03,ok,,,0.0,,,0.0
vanderpol_mu2,edmd_rbf,EDMD-RBF,8,0.04,0.03,5,5,1.0,0.0053298469652344,0.9946984096997382,0.03,ok,,,0.0,,,0.0
vanderpol_mu2,edmd_poly3,EDMD-polynomial,8,0.04,0.03,6,5,1.0,0.0099563128791439,0.9901418380654892,0.1,ok,,,0.0,,,0.0
vanderpol_mu2,edmd_rbf,EDMD-RBF,8,0.04,0.03,6,5,1.0,0.0098571331691251,0.9902390815043396,0.1,ok,,,0.0,,,0.0
vanderpol_mu2,edmd_poly3,EDMD-polynomial,8,0.04,0.03,7,5,1.0,0.0040569538459036,0.99595943852551,0.1,ok,,,0.0,,,0.0
vanderpol_mu2,edmd_rbf,EDMD-RBF,8,0.04,0.03,7,5,1.0,0.0058796174595314,0.9941547503722352,0.1,ok,,,0.0,,,0.0
vanderpol_mu2,edmd_poly3,EDMD-polynomial,8,0.04,0.03,8,5,1.0,0.0076150747843309,0.9924424763236488,0.1,ok,,,0.0,,,0.0
vanderpol_mu2,edmd_rbf,EDMD-RBF,8,0.04,0.03,8,5,1.0,0.007622890692278,0.992434778166819,0.03,ok,,,0.0,,,0.0
vanderpol_mu2,edmd_poly3,EDMD-polynomial,8,0.04,0.03,9,5,1.0,0.0099087532266385,0.9901884668342756,0.1,ok,,,0.0,,,0.0
vanderpol_mu2,edmd_rbf,EDMD-RBF,8,0.04,0.03,9,5,1.0,0.0078151943373665,0.992245409295992,0.1,ok,,,0.0,,,0.0
vanderpol_mu2,edmd_poly3,EDMD-polynomial,8,0.04,0.05,0,5,1.0,0.0134402575979015,0.9867379872694636,0.3,ok,,,0.0,,,0.0
vanderpol_mu2,edmd_rbf,EDMD-RBF,8,0.04,0.05,0,5,1.0,0.0063599508116547,0.9936802425349645,0.1,ok,,,0.0,,,0.0
vanderpol_mu2,edmd_poly3,EDMD-polynomial,8,0.04,0.05,1,5,1.0,0.0134122995281234,0.986765209446966,0.3,ok,,,0.0,,,0.0
vanderpol_mu2,edmd_rbf,EDMD-RBF,8,0.04,0.05,1,5,1.0,0.0084751491287535,0.99159607538562,0.1,ok,,,0.0,,,0.0
vanderpol_mu2,edmd_poly3,EDMD-polynomial,8,0.04,0.05,2,5,1.0,0.0177291006673133,0.9825797447909383,0.1,ok,,,0.0,,,0.0
vanderpol_mu2,edmd_rbf,EDMD-RBF,8,0.04,0.05,2,5,1.0,0.0136001605978679,0.9865823219780806,0.1,ok,,,0.0,,,0.0
vanderpol_mu2,edmd_poly3,EDMD-polynomial,8,0.04,0.05,3,5,1.0,0.0073653140786627,0.9926885371416634,0.03,ok,,,0.0,,,0.0
vanderpol_mu2,edmd_rbf,EDMD-RBF,8,0.04,0.05,3,5,1.0,0.0153633516045955,0.9848691095849416,0.03,ok,,,0.0,,,0.0
vanderpol_mu2,edmd_poly3,EDMD-polynomial,8,0.04,0.05,4,5,1.0,0.0102497612463179,0.9898542304690346,0.03,ok,,,0.0,,,0.0
vanderpol_mu2,edmd_rbf,EDMD-RBF,8,0.04,0.05,4,5,1.0,0.0049728796827388,0.9950517274811348,0.1,ok,,,0.0,,,0.0
vanderpol_mu2,edmd_poly3,EDMD-polynomial,8,0.04,0.05,5,5,1.0,0.0212450467125322,0.9791969157834138,0.1,ok,,,0.0,,,0.0
vanderpol_mu2,edmd_rbf,EDMD-RBF,8,0.04,0.05,5,5,1.0,0.0193635492317993,0.9810042754163696,0.1,ok,,,0.0,,,0.0
vanderpol_mu2,edmd_poly3,EDMD-polynomial,8,0.04,0.05,6,5,1.0,0.0064216229785809,0.9936193511427392,0.1,ok,,,0.0,,,0.0
vanderpol_mu2,edmd_rbf,EDMD-RBF,8,0.04,0.05,6,5,1.0,0.0081643400370185,0.9919017766124134,0.03,ok,,,0.0,,,0.0
vanderpol_mu2,edmd_poly3,EDMD-polynomial,8,0.04,0.05,7,5,1.0,0.0043095336151649,0.9957089587712544,0.1,ok,,,0.0,,,0.0
vanderpol_mu2,edmd_rbf,EDMD-RBF,8,0.04,0.05,7,5,1.0,0.0108407240161202,0.9892755369282616,0.1,ok,,,0.0,,,0.0
vanderpol_mu2,edmd_poly3,EDMD-polynomial,8,0.04,0.05,8,5,1.0,0.0057222417756682,0.9943103159719674,0.1,ok,,,0.0,,,0.0
vanderpol_mu2,edmd_rbf,EDMD-RBF,8,0.04,0.05,8,5,1.0,0.0033343400259841,0.9966767408500165,0.1,ok,,,0.0,,,0.0
vanderpol_mu2,edmd_poly3,EDMD-polynomial,8,0.04,0.05,9,5,1.0,0.0122012128484386,0.98794586225193,0.03,ok,,,0.0,,,0.0
vanderpol_mu2,edmd_rbf,EDMD-RBF,8,0.04,0.05,9,5,1.0,0.0065050150752988,0.993537026663685,0.03,ok,,,0.0,,,0.0
vanderpol_mu2,edmd_poly3,EDMD-polynomial,8,0.04,0.1,0,5,1.0,0.0357587364518759,0.965475805133566,0.1,ok,,,0.0,,,0.0
vanderpol_mu2,edmd_rbf,EDMD-RBF,8,0.04,0.1,0,5,1.0,0.0546201326306971,0.9482087142652492,0.1,ok,,,0.0,,,0.0
vanderpol_mu2,edmd_poly3,EDMD-polynomial,8,0.04,0.1,1,5,1.0,0.0175769454925385,0.982726666941112,0.1,ok,,,0.0,,,0.0
vanderpol_mu2,edmd_rbf,EDMD-RBF,8,0.04,0.1,1,5,1.0,0.0668475209535717,0.9373410729831176,0.1,ok,,,0.0,,,0.0
vanderpol_mu2,edmd_poly3,EDMD-polynomial,8,0.04,0.1,2,5,1.0,0.0549019526732783,0.9479553976233064,0.3,ok,,,0.0,,,0.0
vanderpol_mu2,edmd_rbf,EDMD-RBF,8,0.04,0.1,2,5,0.75,0.3542636167248399,0.5538065046846675,0.3,ok,,,0.0,,,0.0
vanderpol_mu2,edmd_poly3,EDMD-polynomial,8,0.04,0.1,3,5,1.0,0.0268936628158074,0.9738106643466244,0.1,ok,,,0.0,,,0.0
vanderpol_mu2,edmd_rbf,EDMD-RBF,8,0.04,0.1,3,5,1.0,0.0613334742977808,0.9422109301335648,0.3,ok,,,0.0,,,0.0
vanderpol_mu2,edmd_poly3,EDMD-polynomial,8,0.04,0.1,4,5,1.0,0.0467556887973891,0.9553327588301846,0.3,ok,,,0.0,,,0.0
vanderpol_mu2,edmd_rbf,EDMD-RBF,8,0.04,0.1,4,5,1.0,0.0203276641319794,0.9800773174671564,0.3,ok,,,0.0,,,0.0
vanderpol_mu2,edmd_poly3,EDMD-polynomial,8,0.04,0.1,5,5,1.0,0.0428618899879441,0.9588997446359464,0.3,ok,,,0.0,,,0.0
vanderpol_mu2,edmd_rbf,EDMD-RBF,8,0.04,0.1,5,5,1.0,0.1181624573389903,0.8943244279367114,0.3,ok,,,0.0,,,0.0
vanderpol_mu2,edmd_poly3,EDMD-polynomial,8,0.04,0.1,6,5,1.0,0.0296791161793319,0.9711763444426672,0.3,ok,,,0.0,,,0.0
vanderpol_mu2,edmd_rbf,EDMD-RBF,8,0.04,0.1,6,5,0.7272727272727273,0.264285227889139,0.5752441863826787,0.1,ok,,,0.0,,,0.0
vanderpol_mu2,edmd_poly3,EDMD-polynomial,8,0.04,0.1,7,5,1.0,0.0110752247053354,0.9890460922840206,0.1,ok,,,0.0,,,0.0
vanderpol_mu2,edmd_rbf,EDMD-RBF,8,0.04,0.1,7,5,1.0,0.0399369890739086,0.9615967222115316,0.3,ok,,,0.0,,,0.0
vanderpol_mu2,edmd_poly3,EDMD-polynomial,8,0.04,0.1,8,5,1.0,0.0226054746738395,0.9778942366008264,0.1,ok,,,0.0,,,0.0
vanderpol_mu2,edmd_rbf,EDMD-RBF,8,0.04,0.1,8,5,1.0,0.0464818202319759,0.9555827733140436,0.1,ok,,,0.0,,,0.0
vanderpol_mu2,edmd_poly3,EDMD-polynomial,8,0.04,0.1,9,5,1.0,0.0108548183419336,0.9892617434818796,0.3,ok,,,0.0,,,0.0
vanderpol_mu2,edmd_rbf,EDMD-RBF,8,0.04,0.1,9,5,1.0,0.1563312789220245,0.8648040732170088,0.3,ok,,,0.0,,,0.0
vanderpol_mu2,edmd_poly3,EDMD-polynomial,16,0.08,0.0,0,5,1.0,0.0009545874844077,0.9990463228838316,0.001,ok,,,0.0,,,0.0
vanderpol_mu2,edmd_rbf,EDMD-RBF,16,0.08,0.0,0,5,1.0,0.0011473028357699,0.9988540119595586,0.003,ok,,,0.0,,,0.0
vanderpol_mu2,edmd_poly3,EDMD-polynomial,16,0.08,0.0,1,5,1.0,0.0009545874844077,0.9990463228838316,0.001,ok,,,0.0,,,0.0
vanderpol_mu2,edmd_rbf,EDMD-RBF,16,0.08,0.0,1,5,1.0,0.0011963333561768,0.9988050961471596,0.003,ok,,,0.0,,,0.0
vanderpol_mu2,edmd_poly3,EDMD-polynomial,16,0.08,0.0,2,5,1.0,0.0009545874844077,0.9990463228838316,0.001,ok,,,0.0,,,0.0
vanderpol_mu2,edmd_rbf,EDMD-RBF,16,0.08,0.0,2,5,1.0,0.0011824591039009,0.9988189374542584,0.003,ok,,,0.0,,,0.0
vanderpol_mu2,edmd_poly3,EDMD-polynomial,16,0.08,0.0,3,5,1.0,0.0009545874844077,0.9990463228838316,0.001,ok,,,0.0,,,0.0
vanderpol_mu2,edmd_rbf,EDMD-RBF,16,0.08,0.0,3,5,1.0,0.001180904570648,0.998820488320086,0.003,ok,,,0.0,,,0.0
vanderpol_mu2,edmd_poly3,EDMD-polynomial,16,0.08,0.0,4,5,1.0,0.0009545874844077,0.9990463228838316,0.001,ok,,,0.0,,,0.0
vanderpol_mu2,edmd_rbf,EDMD-RBF,16,0.08,0.0,4,5,1.0,0.0011575882094776,0.9988437502515984,0.003,ok,,,0.0,,,0.0
vanderpol_mu2,edmd_poly3,EDMD-polynomial,16,0.08,0.0,5,5,1.0,0.0009545874844077,0.9990463228838316,0.001,ok,,,0.0,,,0.0
vanderpol_mu2,edmd_rbf,EDMD-RBF,16,0.08,0.0,5,5,1.0,0.0011706165726827,0.9988307521682068,0.003,ok,,,0.0,,,0.0
vanderpol_mu2,edmd_poly3,EDMD-polynomial,16,0.08,0.0,6,5,1.0,0.0009545874844077,0.9990463228838316,0.001,ok,,,0.0,,,0.0
vanderpol_mu2,edmd_rbf,EDMD-RBF,16,0.08,0.0,6,5,1.0,0.0011807333180927,0.99882065916892,0.003,ok,,,0.0,,,0.0
vanderpol_mu2,edmd_poly3,EDMD-polynomial,16,0.08,0.0,7,5,1.0,0.0009545874844077,0.9990463228838316,0.001,ok,,,0.0,,,0.0
vanderpol_mu2,edmd_rbf,EDMD-RBF,16,0.08,0.0,7,5,1.0,0.0011578664160011,0.9988434726881324,0.003,ok,,,0.0,,,0.0
vanderpol_mu2,edmd_poly3,EDMD-polynomial,16,0.08,0.0,8,5,1.0,0.0009545874844077,0.9990463228838316,0.001,ok,,,0.0,,,0.0
vanderpol_mu2,edmd_rbf,EDMD-RBF,16,0.08,0.0,8,5,1.0,0.0016791379890379,0.9983236767889476,0.01,ok,,,0.0,,,0.0
vanderpol_mu2,edmd_poly3,EDMD-polynomial,16,0.08,0.0,9,5,1.0,0.0009545874844077,0.9990463228838316,0.001,ok,,,0.0,,,0.0
vanderpol_mu2,edmd_rbf,EDMD-RBF,16,0.08,0.0,9,5,1.0,0.0011520538517592,0.9988492718490394,0.003,ok,,,0.0,,,0.0
vanderpol_mu2,edmd_poly3,EDMD-polynomial,16,0.08,0.01,0,5,1.0,0.0025165423382692,0.9974897747498512,0.01,ok,,,0.0,,,0.0
vanderpol_mu2,edmd_rbf,EDMD-RBF,16,0.08,0.01,0,5,1.0,0.0027509366113134,0.9972566102799066,0.01,ok,,,0.0,,,0.0
vanderpol_mu2,edmd_poly3,EDMD-polynomial,16,0.08,0.01,1,5,1.0,0.0057764738741671,0.9942567021358965,0.03,ok,,,0.0,,,0.0
vanderpol_mu2,edmd_rbf,EDMD-RBF,16,0.08,0.01,1,5,1.0,0.0055344492132317,0.9944960123270146,0.03,ok,,,0.0,,,0.0
vanderpol_mu2,edmd_poly3,EDMD-polynomial,16,0.08,0.01,2,5,1.0,0.0027956096481649,0.99721218399715,0.03,ok,,,0.0,,,0.0
vanderpol_mu2,edmd_rbf,EDMD-RBF,16,0.08,0.01,2,5,1.0,0.0033999032396899,0.9966116169348704,0.03,ok,,,0.0,,,0.0
vanderpol_mu2,edmd_poly3,EDMD-polynomial,16,0.08,0.01,3,5,1.0,0.0033922012983119,0.9966192668291394,0.01,ok,,,0.0,,,0.0
vanderpol_mu2,edmd_rbf,EDMD-RBF,16,0.08,0.01,3,5,1.0,0.0036778803991675,0.9963355968373988,0.01,ok,,,0.0,,,0.0
vanderpol_mu2,edmd_poly3,EDMD-polynomial,16,0.08,0.01,4,5,1.0,0.0037575034900691,0.9962565624894416,0.03,ok,,,0.0,,,0.0
vanderpol_mu2,edmd_rbf,EDMD-RBF,16,0.08,0.01,4,5,1.0,0.003918187280131,0.9960971049934394,0.03,ok,,,0.0,,,0.0
vanderpol_mu2,edmd_poly3,EDMD-polynomial,16,0.08,0.01,5,5,1.0,0.0034295148055068,0.9965822065676716,0.01,ok,,,0.0,,,0.0
vanderpol_mu2,edmd_rbf,EDMD-RBF,16,0.08,0.01,5,5,1.0,0.0029706799728085,0.9970381188282704,0.03,ok,,,0.0,,,0.0
vanderpol_mu2,edmd_poly3,EDMD-polynomial,16,0.08,0.01,6,5,1.0,0.0021429660573389,0.9978616164260776,0.01,ok,,,0.0,,,0.0
vanderpol_mu2,edmd_rbf,EDMD-RBF,16,0.08,0.01,6,5,1.0,0.0019690350941646,0.9980348343858956,0.01,ok,,,0.0,,,0.0
vanderpol_mu2,edmd_poly3,EDMD-polynomial,16,0.08,0.01,7,5,1.0,0.0038625070303579,0.9961523545273304,0.03,ok,,,0.0,,,0.0
vanderpol_mu2,edmd_rbf,EDMD-RBF,16,0.08,0.01,7,5,1.0,0.0046827862712796,0.995339040008181,0.01,ok,,,0.0,,,0.0
vanderpol_mu2,edmd_poly3,EDMD-polynomial,16,0.08,0.01,8,5,1.0,0.0013336833441944,0.9986680929979902,0.03,ok,,,0.0,,,0.0
vanderpol_mu2,edmd_rbf,EDMD-RBF,16,0.08,0.01,8,5,1.0,0.0011755672119117,0.9988258131236808,0.03,ok,,,0.0,,,0.0
vanderpol_mu2,edmd_poly3,EDMD-polynomial,16,0.08,0.01,9,5,1.0,0.0025626939455835,0.9974438566674588,0.03,ok,,,0.0,,,0.0
vanderpol_mu2,edmd_rbf,EDMD-RBF,16,0.08,0.01,9,5,1.0,0.0025016568792437,0.9975045857908792,0.03,ok,,,0.0,,,0.0
vanderpol_mu2,edmd_poly3,EDMD-polynomial,16,0.08,0.03,0,5,1.0,0.0160306710527427,0.9842222567591068,0.1,ok,,,0.0,,,0.0
vanderpol_mu2,edmd_rbf,EDMD-RBF,16,0.08,0.03,0,5,1.0,0.0154849038940414,0.9847512219682812,0.1,ok,,,0.0,,,0.0
vanderpol_mu2,edmd_poly3,EDMD-polynomial,16,0.08,0.03,1,5,1.0,0.0060931824254896,0.993943719595833,0.03,ok,,,0.0,,,0.0
vanderpol_mu2,edmd_rbf,EDMD-RBF,16,0.08,0.03,1,5,1.0,0.0086357504062336,0.9914381872715146,0.03,ok,,,0.0,,,0.0
vanderpol_mu2,edmd_poly3,EDMD-polynomial,16,0.08,0.03,2,5,1.0,0.0193629656973084,0.981004836992422,0.03,ok,,,0.0,,,0.0
vanderpol_mu2,edmd_rbf,EDMD-RBF,16,0.08,0.03,2,5,1.0,0.0205518098315052,0.9798620612559608,0.03,ok,,,0.0,,,0.0
vanderpol_mu2,edmd_poly3,EDMD-polynomial,16,0.08,0.03,3,5,1.0,0.0069518300828325,0.9930961642104956,0.1,ok,,,0.0,,,0.0
vanderpol_mu2,edmd_rbf,EDMD-RBF,16,0.08,0.03,3,5,1.0,0.0115396227986371,0.9885920209761924,0.1,ok,,,0.0,,,0.0
vanderpol_mu2,edmd_poly3,EDMD-polynomial,16,0.08,0.03,4,5,1.0,0.0135922564772194,0.9865900154718428,0.1,ok,,,0.0,,,0.0
vanderpol_mu2,edmd_rbf,EDMD-RBF,16,0.08,0.03,4,5,1.0,0.0099680570593062,0.9901303244299328,0.1,ok,,,0.0,,,0.0
vanderpol_mu2,edmd_poly3,EDMD-polynomial,16,0.08,0.03,5,5,1.0,0.006089807799664,0.9939470534812568,0.03,ok,,,0.0,,,0.0
vanderpol_mu2,edmd_rbf,EDMD-RBF,16,0.08,0.03,5,5,1.0,0.0046458832796499,0.9953756011377028,0.1,ok,,,0.0,,,0.0
vanderpol_mu2,edmd_poly3,EDMD-polynomial,16,0.08,0.03,6,5,1.0,0.0062835969296999,0.993755640110927,0.03,ok,,,0.0,,,0.0
vanderpol_mu2,edmd_rbf,EDMD-RBF,16,0.08,0.03,6,5,1.0,0.0104433887627222,0.9896645483766192,0.03,ok,,,0.0,,,0.0
vanderpol_mu2,edmd_poly3,EDMD-polynomial,16,0.08,0.03,7,5,1.0,0.0092581196234846,0.9908268068956052,0.1,ok,,,0.0,,,0.0
vanderpol_mu2,edmd_rbf,EDMD-RBF,16,0.08,0.03,7,5,1.0,0.0079398445538147,0.9921226999838174,0.1,ok,,,0.0,,,0.0
vanderpol_mu2,edmd_poly3,EDMD-polynomial,16,0.08,0.03,8,5,1.0,0.020370522002405,0.9800361520024812,0.1,ok,,,0.0,,,0.0
vanderpol_mu2,edmd_rbf,EDMD-RBF,16,0.08,0.03,8,5,1.0,0.016976349132698,0.9833070364446768,0.1,ok,,,0.0,,,0.0
vanderpol_mu2,edmd_poly3,EDMD-polynomial,16,0.08,0.03,9,5,1.0,0.0119723467192256,0.988169294587901,0.1,ok,,,0.0,,,0.0
vanderpol_mu2,edmd_rbf,EDMD-RBF,16,0.08,0.03,9,5,1.0,0.0138017630429422,0.9863861323327,0.1,ok,,,0.0,,,0.0
vanderpol_mu2,edmd_poly3,EDMD-polynomial,16,0.08,0.05,0,5,1.0,0.0285730051432354,0.9722207320235317,0.1,ok,,,0.0,,,0.0
vanderpol_mu2,edmd_rbf,EDMD-RBF,16,0.08,0.05,0,5,1.0,0.015943242177933,0.9843069558258444,0.1,ok,,,0.0,,,0.0
vanderpol_mu2,edmd_poly3,EDMD-polynomial,16,0.08,0.05,1,5,1.0,0.0097159614774087,0.9903775300697512,0.1,ok,,,0.0,,,0.0
vanderpol_mu2,edmd_rbf,EDMD-RBF,16,0.08,0.05,1,5,1.0,0.0168751727118079,0.9834048729237778,0.1,ok,,,0.0,,,0.0
vanderpol_mu2,edmd_poly3,EDMD-polynomial,16,0.08,0.05,2,5,1.0,0.0258227810690487,0.9748272493596428,0.1,ok,,,0.0,,,0.0
vanderpol_mu2,edmd_rbf,EDMD-RBF,16,0.08,0.05,2,5,1.0,0.0187301087343585,0.9816142582085572,0.1,ok,,,0.0,,,0.0
vanderpol_mu2,edmd_poly3,EDMD-polynomial,16,0.08,0.05,3,5,1.0,0.0090730960705286,0.9910084848106042,0.1,ok,,,0.0,,,0.0
vanderpol_mu2,edmd_rbf,EDMD-RBF,16,0.08,0.05,3,5,1.0,0.0239152440072376,0.9766433363042414,0.1,ok,,,0.0,,,0.0
vanderpol_mu2,edmd_poly3,EDMD-polynomial,16,0.08,0.05,4,5,1.0,0.0165367004892659,0.983732313372152,0.1,ok,,,0.0,,,0.0
vanderpol_mu2,edmd_rbf,EDMD-RBF,16,0.08,0.05,4,5,1.0,0.0250756766077905,0.9755377313304598,0.1,ok,,,0.0,,,0.0
vanderpol_mu2,edmd_poly3,EDMD-polynomial,16,0.08,0.05,5,5,1.0,0.0300185441269954,0.97085630710422,0.1,ok,,,0.0,,,0.0
vanderpol_mu2,edmd_rbf,EDMD-RBF,16,0.08,0.05,5,5,1.0,0.0338521139565512,0.9672563285410336,0.1,ok,,,0.0,,,0.0
vanderpol_mu2,edmd_poly3,EDMD-polynomial,16,0.08,0.05,6,5,1.0,0.0337390092426773,0.9673621591707228,0.1,ok,,,0.0,,,0.0
vanderpol_mu2,edmd_rbf,EDMD-RBF,16,0.08,0.05,6,5,1.0,0.0229160454263336,0.9775973350610776,0.1,ok,,,0.0,,,0.0
vanderpol_mu2,edmd_poly3,EDMD-polynomial,16,0.08,0.05,7,5,1.0,0.0103027115851661,0.989802351842646,0.1,ok,,,0.0,,,0.0
vanderpol_mu2,edmd_rbf,EDMD-RBF,16,0.08,0.05,7,5,1.0,0.0198601529706973,0.9805265918931652,0.1,ok,,,0.0,,,0.0
vanderpol_mu2,edmd_poly3,EDMD-polynomial,16,0.08,0.05,8,5,1.0,0.025704122593459,0.974940022149402,0.1,ok,,,0.0,,,0.0
vanderpol_mu2,edmd_rbf,EDMD-RBF,16,0.08,0.05,8,5,1.0,0.0271903652777121,0.9735293805346772,0.03,ok,,,0.0,,,0.0
vanderpol_mu2,edmd_poly3,EDMD-polynomial,16,0.08,0.05,9,5,1.0,0.0320042939086564,0.9689882163305328,0.1,ok,,,0.0,,,0.0
vanderpol_mu2,edmd_rbf,EDMD-RBF,16,0.08,0.05,9,5,1.0,0.0251832235625078,0.9754353924413666,0.1,ok,,,0.0,,,0.0
vanderpol_mu2,edmd_poly3,EDMD-polynomial,16,0.08,0.1,0,5,1.0,0.0410971101383308,0.9605251904571416,0.3,ok,,,0.0,,,0.0
vanderpol_mu2,edmd_rbf,EDMD-RBF,16,0.08,0.1,0,5,1.0,0.0522878163906902,0.9503103470588156,0.3,ok,,,0.0,,,0.0
vanderpol_mu2,edmd_poly3,EDMD-polynomial,16,0.08,0.1,1,5,1.0,0.0428890787437891,0.9588747455333876,0.3,ok,,,0.0,,,0.0
vanderpol_mu2,edmd_rbf,EDMD-RBF,16,0.08,0.1,1,5,1.0,0.0204429794390848,0.979966563687545,0.3,ok,,,0.0,,,0.0
vanderpol_mu2,edmd_poly3,EDMD-polynomial,16,0.08,0.1,2,5,1.0,0.0509755407600339,0.9514969294878453,0.3,ok,,,0.0,,,0.0
vanderpol_mu2,edmd_rbf,EDMD-RBF,16,0.08,0.1,2,5,1.0,0.0671895141689104,0.9370406912016604,0.3,ok,,,0.0,,,0.0
vanderpol_mu2,edmd_poly3,EDMD-polynomial,16,0.08,0.1,3,5,1.0,0.0278047874692188,0.9729474042072882,0.3,ok,,,0.0,,,0.0
vanderpol_mu2,edmd_rbf,EDMD-RBF,16,0.08,0.1,3,5,0.5,0.9557891629593598,0.2556512785066442,0.3,ok,,,0.0,,,0.0
vanderpol_mu2,edmd_poly3,EDMD-polynomial,16,0.08,0.1,4,5,1.0,0.0325969395159921,0.968432078124044,0.3,ok,,,0.0,,,0.0
vanderpol_mu2,edmd_rbf,EDMD-RBF,16,0.08,0.1,4,5,1.0,0.0479089247952832,0.9542814039830392,0.1,ok,,,0.0,,,0.0
vanderpol_mu2,edmd_poly3,EDMD-polynomial,16,0.08,0.1,5,5,1.0,0.0448031921564892,0.95711805582828,0.3,ok,,,0.0,,,0.0
vanderpol_mu2,edmd_rbf,EDMD-RBF,16,0.08,0.1,5,5,1.0,0.0252912981050576,0.9753325731411152,0.3,ok,,,0.0,,,0.0
vanderpol_mu2,edmd_poly3,EDMD-polynomial,16,0.08,0.1,6,5,1.0,0.0061863176646884,0.9938517175635556,0.1,ok,,,0.0,,,0.0
vanderpol_mu2,edmd_rbf,EDMD-RBF,16,0.08,0.1,6,5,1.0,0.0378561360594674,0.963524678667701,0.1,ok,,,0.0,,,0.0
vanderpol_mu2,edmd_poly3,EDMD-polynomial,16,0.08,0.1,7,5,1.0,0.0373249571588752,0.964018066950684,0.3,ok,,,0.0,,,0.0
vanderpol_mu2,edmd_rbf,EDMD-RBF,16,0.08,0.1,7,5,1.0,0.1980590193599573,0.8346834202994715,0.3,ok,,,0.0,,,0.0
vanderpol_mu2,edmd_poly3,EDMD-polynomial,16,0.08,0.1,8,5,1.0,0.024132038326399,0.976436594674028,0.3,ok,,,0.0,,,0.0
vanderpol_mu2,edmd_rbf,EDMD-RBF,16,0.08,0.1,8,5,1.0,0.029517623123556,0.971328685919917,0.1,ok,,,0.0,,,0.0
vanderpol_mu2,edmd_poly3,EDMD-polynomial,16,0.08,0.1,9,5,1.0,0.0283577766209947,0.9724242114313818,0.3,ok,,,0.0,,,0.0
vanderpol_mu2,edmd_rbf,EDMD-RBF,16,0.08,0.1,9,5,1.0,0.0603373649233628,0.9430960683652566,0.3,ok,,,0.0,,,0.0
vanderpol_mu2,edmd_poly3,EDMD-polynomial,32,0.16,0.0,0,5,1.0,0.0039036201190318,0.9961115588779638,0.003,ok,,,0.0,,,0.0
vanderpol_mu2,edmd_rbf,EDMD-RBF,32,0.16,0.0,0,5,1.0,0.0048082539743446,0.9952147547003856,0.01,ok,,,0.0,,,0.0
vanderpol_mu2,edmd_poly3,EDMD-polynomial,32,0.16,0.0,1,5,1.0,0.0039036201190318,0.9961115588779638,0.003,ok,,,0.0,,,0.0
vanderpol_mu2,edmd_rbf,EDMD-RBF,32,0.16,0.0,1,5,1.0,0.0046480875953542,0.9953734171669212,0.01,ok,,,0.0,,,0.0
vanderpol_mu2,edmd_poly3,EDMD-polynomial,32,0.16,0.0,2,5,1.0,0.0039036201190318,0.9961115588779638,0.003,ok,,,0.0,,,0.0
vanderpol_mu2,edmd_rbf,EDMD-RBF,32,0.16,0.0,2,5,1.0,0.005130290864968,0.9948958946799294,0.03,ok,,,0.0,,,0.0
vanderpol_mu2,edmd_poly3,EDMD-polynomial,32,0.16,0.0,3,5,1.0,0.0039036201190318,0.9961115588779638,0.003,ok,,,0.0,,,0.0
vanderpol_mu2,edmd_rbf,EDMD-RBF,32,0.16,0.0,3,5,1.0,0.0046097242443448,0.995411427808135,0.01,ok,,,0.0,,,0.0
vanderpol_mu2,edmd_poly3,EDMD-polynomial,32,0.16,0.0,4,5,1.0,0.0039036201190318,0.9961115588779638,0.003,ok,,,0.0,,,0.0
vanderpol_mu2,edmd_rbf,EDMD-RBF,32,0.16,0.0,4,5,1.0,0.0048459717511523,0.9951773984397756,0.01,ok,,,0.0,,,0.0
vanderpol_mu2,edmd_poly3,EDMD-polynomial,32,0.16,0.0,5,5,1.0,0.0039036201190318,0.9961115588779638,0.003,ok,,,0.0,,,0.0
vanderpol_mu2,edmd_rbf,EDMD-RBF,32,0.16,0.0,5,5,1.0,0.0046022093464385,0.9954188739546644,0.01,ok,,,0.0,,,0.0
vanderpol_mu2,edmd_poly3,EDMD-polynomial,32,0.16,0.0,6,5,1.0,0.0039036201190318,0.9961115588779638,0.003,ok,,,0.0,,,0.0
vanderpol_mu2,edmd_rbf,EDMD-RBF,32,0.16,0.0,6,5,1.0,0.0048173428475138,0.995205752685496,0.01,ok,,,0.0,,,0.0
vanderpol_mu2,edmd_poly3,EDMD-polynomial,32,0.16,0.0,7,5,1.0,0.0039036201190318,0.9961115588779638,0.003,ok,,,0.0,,,0.0
vanderpol_mu2,edmd_rbf,EDMD-RBF,32,0.16,0.0,7,5,1.0,0.004811111119818,0.995211924841818,0.01,ok,,,0.0,,,0.0
vanderpol_mu2,edmd_poly3,EDMD-polynomial,32,0.16,0.0,8,5,1.0,0.0039036201190318,0.9961115588779638,0.003,ok,,,0.0,,,0.0
vanderpol_mu2,edmd_rbf,EDMD-RBF,32,0.16,0.0,8,5,1.0,0.0048782086755528,0.9951454727215328,0.03,ok,,,0.0,,,0.0
vanderpol_mu2,edmd_poly3,EDMD-polynomial,32,0.16,0.0,9,5,1.0,0.0039036201190318,0.9961115588779638,0.003,ok,,,0.0,,,0.0
vanderpol_mu2,edmd_rbf,EDMD-RBF,32,0.16,0.0,9,5,1.0,0.0046660665984402,0.9953556044604568,0.01,ok,,,0.0,,,0.0
vanderpol_mu2,edmd_poly3,EDMD-polynomial,32,0.16,0.01,0,5,1.0,0.0054933567171063,0.9945366553837394,0.03,ok,,,0.0,,,0.0
vanderpol_mu2,edmd_rbf,EDMD-RBF,32,0.16,0.01,0,5,1.0,0.0066495667018715,0.993394357955512,0.03,ok,,,0.0,,,0.0
vanderpol_mu2,edmd_poly3,EDMD-polynomial,32,0.16,0.01,1,5,1.0,0.0059184611105847,0.9941163609781548,0.03,ok,,,0.0,,,0.0
vanderpol_mu2,edmd_rbf,EDMD-RBF,32,0.16,0.01,1,5,1.0,0.0063429131046515,0.9936970658589096,0.03,ok,,,0.0,,,0.0
vanderpol_mu2,edmd_poly3,EDMD-polynomial,32,0.16,0.01,2,5,1.0,0.0060840259270925,0.9939527656037614,0.03,ok,,,0.0,,,0.0
vanderpol_mu2,edmd_rbf,EDMD-RBF,32,0.16,0.01,2,5,1.0,0.008278481343305,0.9917894892170308,0.03,ok,,,0.0,,,0.0
vanderpol_mu2,edmd_poly3,EDMD-polynomial,32,0.16,0.01,3,5,1.0,0.0039615228577715,0.9960541088800944,0.03,ok,,,0.0,,,0.0
vanderpol_mu2,edmd_rbf,EDMD-RBF,32,0.16,0.01,3,5,1.0,0.004145684906051,0.995871430840796,0.03,ok,,,0.0,,,0.0
vanderpol_mu2,edmd_poly3,EDMD-polynomial,32,0.16,0.01,4,5,1.0,0.0070938140046342,0.9929561537306776,0.03,ok,,,0.0,,,0.0
vanderpol_mu2,edmd_rbf,EDMD-RBF,32,0.16,0.01,4,5,1.0,0.0083045720842261,0.9917638258179668,0.03,ok,,,0.0,,,0.0
vanderpol_mu2,edmd_poly3,EDMD-polynomial,32,0.16,0.01,5,5,1.0,0.0039817466504969,0.9960340447784224,0.03,ok,,,0.0,,,0.0
vanderpol_mu2,edmd_rbf,EDMD-RBF,32,0.16,0.01,5,5,1.0,0.0039199938167402,0.9960953125339828,0.03,ok,,,0.0,,,0.0
vanderpol_mu2,edmd_poly3,EDMD-polynomial,32,0.16,0.01,6,5,1.0,0.0057551435187323,0.9942777886289524,0.03,ok,,,0.0,,,0.0
vanderpol_mu2,edmd_rbf,EDMD-RBF,32,0.16,0.01,6,5,1.0,0.0094443133761261,0.990644047174292,0.03,ok,,,0.0,,,0.0
vanderpol_mu2,edmd_poly3,EDMD-polynomial,32,0.16,0.01,7,5,1.0,0.0030231653186113,0.9969859466629056,0.01,ok,,,0.0,,,0.0
vanderpol_mu2,edmd_rbf,EDMD-RBF,32,0.16,0.01,7,5,1.0,0.0052455667617583,0.9947818056252103,0.01,ok,,,0.0,,,0.0
vanderpol_mu2,edmd_poly3,EDMD-polynomial,32,0.16,0.01,8,5,1.0,0.0035089722541105,0.9965032975776702,0.03,ok,,,0.0,,,0.0
vanderpol_mu2,edmd_rbf,EDMD-RBF,32,0.16,0.01,8,5,1.0,0.0048947758864897,0.9951290662426108,0.03,ok,,,0.0,,,0.0
vanderpol_mu2,edmd_poly3,EDMD-polynomial,32,0.16,0.01,9,5,1.0,0.0051942692574803,0.9948325717561868,0.01,ok,,,0.0,,,0.0
vanderpol_mu2,edmd_rbf,EDMD-RBF,32,0.16,0.01,9,5,1.0,0.0049829319599969,0.995041774540112,0.01,ok,,,0.0,,,0.0
vanderpol_mu2,edmd_poly3,EDMD-polynomial,32,0.16,0.03,0,5,1.0,0.0175956184138696,0.9827086338664704,0.03,ok,,,0.0,,,0.0
vanderpol_mu2,edmd_rbf,EDMD-RBF,32,0.16,0.03,0,5,1.0,0.024006533662799,0.9765562690533532,0.1,ok,,,0.0,,,0.0
vanderpol_mu2,edmd_poly3,EDMD-polynomial,32,0.16,0.03,1,5,1.0,0.013250956994222,0.9869223345877406,0.1,ok,,,0.0,,,0.0
vanderpol_mu2,edmd_rbf,EDMD-RBF,32,0.16,0.03,1,5,1.0,0.0641289040810583,0.9397357746461762,0.1,ok,,,0.0,,,0.0
vanderpol_mu2,edmd_poly3,EDMD-polynomial,32,0.16,0.03,2,5,1.0,0.0190961662983381,0.981261664080534,0.1,ok,,,0.0,,,0.0
vanderpol_mu2,edmd_rbf,EDMD-RBF,32,0.16,0.03,2,5,1.0,0.0200033879772269,0.9803889004556192,0.1,ok,,,0.0,,,0.0
vanderpol_mu2,edmd_poly3,EDMD-polynomial,32,0.16,0.03,3,5,1.0,0.0292554547618,0.9715760993770292,0.1,ok,,,0.0,,,0.0
vanderpol_mu2,edmd_rbf,EDMD-RBF,32,0.16,0.03,3,5,1.0,0.0188621446689653,0.981487049285658,0.1,ok,,,0.0,,,0.0
vanderpol_mu2,edmd_poly3,EDMD-polynomial,32,0.16,0.03,4,5,1.0,0.0092342337082481,0.9908502571555478,0.03,ok,,,0.0,,,0.0
vanderpol_mu2,edmd_rbf,EDMD-RBF,32,0.16,0.03,4,5,1.0,0.0193195205763492,0.9810466490768024,0.1,ok,,,0.0,,,0.0
vanderpol_mu2,edmd_poly3,EDMD-polynomial,32,0.16,0.03,5,5,1.0,0.0158092666442003,0.9844367765058616,0.1,ok,,,0.0,,,0.0
vanderpol_mu2,edmd_rbf,EDMD-RBF,32,0.16,0.03,5,5,1.0,0.0102516151095966,0.989852414035998,0.1,ok,,,0.0,,,0.0
vanderpol_mu2,edmd_poly3,EDMD-polynomial,32,0.16,0.03,6,5,1.0,0.0200977738946125,0.9802981886551112,0.1,ok,,,0.0,,,0.0
vanderpol_mu2,edmd_rbf,EDMD-RBF,32,0.16,0.03,6,5,1.0,0.0198306696773897,0.9805549389060216,0.1,ok,,,0.0,,,0.0
vanderpol_mu2,edmd_poly3,EDMD-polynomial,32,0.16,0.03,7,5,1.0,0.0129960919661892,0.9871706395816748,0.1,ok,,,0.0,,,0.0
vanderpol_mu2,edmd_rbf,EDMD-RBF,32,0.16,0.03,7,5,1.0,0.0129744591862896,0.9871917213029124,0.1,ok,,,0.0,,,0.0
vanderpol_mu2,edmd_poly3,EDMD-polynomial,32,0.16,0.03,8,5,1.0,0.0125122249678701,0.9876423961515456,0.1,ok,,,0.0,,,0.0
vanderpol_mu2,edmd_rbf,EDMD-RBF,32,0.16,0.03,8,5,1.0,0.0165591817907192,0.9837105580399664,0.03,ok,,,0.0,,,0.0
vanderpol_mu2,edmd_poly3,EDMD-polynomial,32,0.16,0.03,9,5,1.0,0.0189068969828969,0.981443940522061,0.1,ok,,,0.0,,,0.0
vanderpol_mu2,edmd_rbf,EDMD-RBF,32,0.16,0.03,9,5,1.0,0.0229016386253846,0.9776111037849536,0.1,ok,,,0.0,,,0.0
vanderpol_mu2,edmd_poly3,EDMD-polynomial,32,0.16,0.05,0,5,1.0,0.0438305345725603,0.958009913371131,0.1,ok,,,0.0,,,0.0
vanderpol_mu2,edmd_rbf,EDMD-RBF,32,0.16,0.05,0,5,1.0,0.0406136639037269,0.9609714293474008,0.3,ok,,,0.0,,,0.0
vanderpol_mu2,edmd_poly3,EDMD-polynomial,32,0.16,0.05,1,5,1.0,0.0446096340945165,0.957295402379488,0.1,ok,,,0.0,,,0.0
vanderpol_mu2,edmd_rbf,EDMD-RBF,32,0.16,0.05,1,5,1.0,0.0391690749741541,0.9623073127198974,0.1,ok,,,0.0,,,0.0
vanderpol_mu2,edmd_poly3,EDMD-polynomial,32,0.16,0.05,2,5,1.0,0.0213828704671845,0.9790647845333416,0.1,ok,,,0.0,,,0.0
vanderpol_mu2,edmd_rbf,EDMD-RBF,32,0.16,0.05,2,5,1.0,0.0254312902444312,0.975199420491285,0.1,ok,,,0.0,,,0.0
vanderpol_mu2,edmd_poly3,EDMD-polynomial,32,0.16,0.05,3,5,1.0,0.0249076286225248,0.9756976844284,0.3,ok,,,0.0,,,0.0
vanderpol_mu2,edmd_rbf,EDMD-RBF,32,0.16,0.05,3,5,1.0,0.0218392925313254,0.9786274684376008,0.3,ok,,,0.0,,,0.0
vanderpol_mu2,edmd_poly3,EDMD-polynomial,32,0.16,0.05,4,5,1.0,0.0176287003241083,0.9826766871664552,0.1,ok,,,0.0,,,0.0
vanderpol_mu2,edmd_rbf,EDMD-RBF,32,0.16,0.05,4,5,1.0,0.0109872600505012,0.9891321478670736,0.1,ok,,,0.0,,,0.0
vanderpol_mu2,edmd_poly3,EDMD-polynomial,32,0.16,0.05,5,5,1.0,0.0291787304618826,0.971648529455338,0.3,ok,,,0.0,,,0.0
vanderpol_mu2,edmd_rbf,EDMD-RBF,32,0.16,0.05,5,5,1.0,0.0392380035256787,0.9622434866771988,0.3,ok,,,0.0,,,0.0
vanderpol_mu2,edmd_poly3,EDMD-polynomial,32,0.16,0.05,6,5,1.0,0.0304538424844472,0.9704461847499912,0.1,ok,,,0.0,,,0.0
vanderpol_mu2,edmd_rbf,EDMD-RBF,32,0.16,0.05,6,5,1.0,0.047036960401352,0.9550761222571152,0.1,ok,,,0.0,,,0.0
vanderpol_mu2,edmd_poly3,EDMD-polynomial,32,0.16,0.05,7,5,1.0,0.0176227389191239,0.9826824438515966,0.1,ok,,,0.0,,,0.0
vanderpol_mu2,edmd_rbf,EDMD-RBF,32,0.16,0.05,7,5,1.0,0.01903263740153,0.9813228382458268,0.1,ok,,,0.0,,,0.0
vanderpol_mu2,edmd_poly3,EDMD-polynomial,32,0.16,0.05,8,5,1.0,0.0672253249459764,0.9370092487737964,0.1,ok,,,0.0,,,0.0
vanderpol_mu2,edmd_rbf,EDMD-RBF,32,0.16,0.05,8,5,1.0,0.0822057504244072,0.924038704846866,0.1,ok,,,0.0,,,0.0
vanderpol_mu2,edmd_poly3,EDMD-polynomial,32,0.16,0.05,9,5,1.0,0.0380533637909621,0.9633416112135204,0.1,ok,,,0.0,,,0.0
vanderpol_mu2,edmd_rbf,EDMD-RBF,32,0.16,0.05,9,5,1.0,0.0328728212097431,0.9681734086378212,0.1,ok,,,0.0,,,0.0
vanderpol_mu2,edmd_poly3,EDMD-polynomial,32,0.16,0.1,0,5,1.0,0.0521270712113417,0.950455536562398,0.3,ok,,,0.0,,,0.0
vanderpol_mu2,edmd_rbf,EDMD-RBF,32,0.16,0.1,0,5,1.0,0.0456412196412884,0.9563509750916804,0.3,ok,,,0.0,,,0.0
vanderpol_mu2,edmd_poly3,EDMD-polynomial,32,0.16,0.1,1,5,1.0,0.055713855482478,0.9472263670755596,0.1,ok,,,0.0,,,0.0
vanderpol_mu2,edmd_rbf,EDMD-RBF,32,0.16,0.1,1,5,1.0,0.119252954682993,0.8934530803032197,0.3,ok,,,0.0,,,0.0
vanderpol_mu2,edmd_poly3,EDMD-polynomial,32,0.16,0.1,2,5,1.0,0.0824406292979756,0.9238381976187988,0.3,ok,,,0.0,,,0.0
vanderpol_mu2,edmd_rbf,EDMD-RBF,32,0.16,0.1,2,5,1.0,0.13986622159928,0.8772959326726588,0.3,ok,,,0.0,,,0.0
vanderpol_mu2,edmd_poly3,EDMD-polynomial,32,0.16,0.1,3,5,1.0,0.0550477831481107,0.9478243696376898,0.3,ok,,,0.0,,,0.0
vanderpol_mu2,edmd_rbf,EDMD-RBF,32,0.16,0.1,3,5,0.8888888888888888,0.1456215797934152,0.7759009646528988,0.3,ok,,,0.0,,,0.0
vanderpol_mu2,edmd_poly3,EDMD-polynomial,32,0.16,0.1,4,5,1.0,0.0330766098351025,0.9679824230650406,0.3,ok,,,0.0,,,0.0
vanderpol_mu2,edmd_rbf,EDMD-RBF,32,0.16,0.1,4,5,1.0,0.153588241505093,0.8668604308026704,0.3,ok,,,0.0,,,0.0
vanderpol_mu2,edmd_poly3,EDMD-polynomial,32,0.16,0.1,5,5,1.0,0.0344769909468836,0.9666720562674612,0.1,ok,,,0.0,,,0.0
vanderpol_mu2,edmd_rbf,EDMD-RBF,32,0.16,0.1,5,5,1.0,0.059232494936726,0.9440797981369856,0.3,ok,,,0.0,,,0.0
vanderpol_mu2,edmd_poly3,EDMD-polynomial,32,0.16,0.1,6,5,1.0,0.0209386363408372,0.9794907983736576,0.3,ok,,,0.0,,,0.0
vanderpol_mu2,edmd_rbf,EDMD-RBF,32,0.16,0.1,6,5,1.0,0.0866564392578849,0.920254059951952,0.1,ok,,,0.0,,,0.0
vanderpol_mu2,edmd_poly3,EDMD-polynomial,32,0.16,0.1,7,5,1.0,0.0633216532671026,0.940449201732567,0.1,ok,,,0.0,,,0.0
vanderpol_mu2,edmd_rbf,EDMD-RBF,32,0.16,0.1,7,5,1.0,0.0829872272492023,0.9233719242839172,0.1,ok,,,0.0,,,0.0
vanderpol_mu2,edmd_poly3,EDMD-polynomial,32,0.16,0.1,8,5,1.0,0.0550581565611318,0.9478150505555172,0.3,ok,,,0.0,,,0.0
vanderpol_mu2,edmd_rbf,EDMD-RBF,32,0.16,0.1,8,5,1.0,0.0773787564446532,0.9281786874097993,0.3,ok,,,0.0,,,0.0
vanderpol_mu2,edmd_poly3,EDMD-polynomial,32,0.16,0.1,9,5,0.8571428571428571,0.3168562321032815,0.6509008624076065,0.3,ok,,,0.0,,,0.0
vanderpol_mu2,edmd_rbf,EDMD-RBF,32,0.16,0.1,9,5,0.8571428571428571,0.3375376977348516,0.6408364105134731,0.3,ok,,,0.0,,,0.0
vanderpol_mu2,edmd_poly3,EDMD-polynomial,64,0.32,0.0,0,5,1.0,0.029670165286031,0.9711847868508564,0.03,ok,,,0.0,,,0.0
vanderpol_mu2,edmd_rbf,EDMD-RBF,64,0.32,0.0,0,5,1.0,0.0060557362870769,0.9939807149160282,0.1,ok,,,0.0,,,0.0
vanderpol_mu2,edmd_poly3,EDMD-polynomial,64,0.32,0.0,1,5,1.0,0.029670165286031,0.9711847868508564,0.03,ok,,,0.0,,,0.0
vanderpol_mu2,edmd_rbf,EDMD-RBF,64,0.32,0.0,1,5,1.0,0.0057932941462505,0.994240074794724,0.1,ok,,,0.0,,,0.0
vanderpol_mu2,edmd_poly3,EDMD-polynomial,64,0.32,0.0,2,5,1.0,0.029670165286031,0.9711847868508564,0.03,ok,,,0.0,,,0.0
vanderpol_mu2,edmd_rbf,EDMD-RBF,64,0.32,0.0,2,5,1.0,0.0066754241553939,0.9933688416393052,0.1,ok,,,0.0,,,0.0
vanderpol_mu2,edmd_poly3,EDMD-polynomial,64,0.32,0.0,3,5,1.0,0.029670165286031,0.9711847868508564,0.03,ok,,,0.0,,,0.0
vanderpol_mu2,edmd_rbf,EDMD-RBF,64,0.32,0.0,3,5,1.0,0.0064372050675319,0.9936039675052554,0.1,ok,,,0.0,,,0.0
vanderpol_mu2,edmd_poly3,EDMD-polynomial,64,0.32,0.0,4,5,1.0,0.029670165286031,0.9711847868508564,0.03,ok,,,0.0,,,0.0
vanderpol_mu2,edmd_rbf,EDMD-RBF,64,0.32,0.0,4,5,1.0,0.0068295289280732,0.993216797152002,0.1,ok,,,0.0,,,0.0
vanderpol_mu2,edmd_poly3,EDMD-polynomial,64,0.32,0.0,5,5,1.0,0.029670165286031,0.9711847868508564,0.03,ok,,,0.0,,,0.0
vanderpol_mu2,edmd_rbf,EDMD-RBF,64,0.32,0.0,5,5,1.0,0.0063673794433899,0.9936729075549808,0.1,ok,,,0.0,,,0.0
vanderpol_mu2,edmd_poly3,EDMD-polynomial,64,0.32,0.0,6,5,1.0,0.029670165286031,0.9711847868508564,0.03,ok,,,0.0,,,0.0
vanderpol_mu2,edmd_rbf,EDMD-RBF,64,0.32,0.0,6,5,1.0,0.0069893168129658,0.993059194674392,0.1,ok,,,0.0,,,0.0
vanderpol_mu2,edmd_poly3,EDMD-polynomial,64,0.32,0.0,7,5,1.0,0.029670165286031,0.9711847868508564,0.03,ok,,,0.0,,,0.0
vanderpol_mu2,edmd_rbf,EDMD-RBF,64,0.32,0.0,7,5,1.0,0.0066669356551451,0.9933772180062652,0.1,ok,,,0.0,,,0.0
vanderpol_mu2,edmd_poly3,EDMD-polynomial,64,0.32,0.0,8,5,1.0,0.029670165286031,0.9711847868508564,0.03,ok,,,0.0,,,0.0
vanderpol_mu2,edmd_rbf,EDMD-RBF,64,0.32,0.0,8,5,1.0,0.0066006559116906,0.9934426270508314,0.1,ok,,,0.0,,,0.0
vanderpol_mu2,edmd_poly3,EDMD-polynomial,64,0.32,0.0,9,5,1.0,0.029670165286031,0.9711847868508564,0.03,ok,,,0.0,,,0.0
vanderpol_mu2,edmd_rbf,EDMD-RBF,64,0.32,0.0,9,5,1.0,0.0064646535191104,0.9935768697921912,0.1,ok,,,0.0,,,0.0
vanderpol_mu2,edmd_poly3,EDMD-polynomial,64,0.32,0.01,0,5,1.0,0.0257778182509799,0.974869978866444,0.03,ok,,,0.0,,,0.0
vanderpol_mu2,edmd_rbf,EDMD-RBF,64,0.32,0.01,0,5,1.0,0.0046591865744584,0.9953624207724168,0.1,ok,,,0.0,,,0.0
vanderpol_mu2,edmd_poly3,EDMD-polynomial,64,0.32,0.01,1,5,1.0,0.0372811656277036,0.9640587654889664,0.1,ok,,,0.0,,,0.0
vanderpol_mu2,edmd_rbf,EDMD-RBF,64,0.32,0.01,1,5,1.0,0.00871339506425,0.9913618723545404,0.1,ok,,,0.0,,,0.0
vanderpol_mu2,edmd_poly3,EDMD-polynomial,64,0.32,0.01,2,5,1.0,0.0329472789803672,0.9681036199515528,0.1,ok,,,0.0,,,0.0
vanderpol_mu2,edmd_rbf,EDMD-RBF,64,0.32,0.01,2,5,1.0,0.0115778404975925,0.9885546716880458,0.1,ok,,,0.0,,,0.0
vanderpol_mu2,edmd_poly3,EDMD-polynomial,64,0.32,0.01,3,5,1.0,0.0238143652484954,0.9767395671941804,0.1,ok,,,0.0,,,0.0
vanderpol_mu2,edmd_rbf,EDMD-RBF,64,0.32,0.01,3,5,1.0,0.0112670614126096,0.9888584708802134,0.1,ok,,,0.0,,,0.0
vanderpol_mu2,edmd_poly3,EDMD-polynomial,64,0.32,0.01,4,5,1.0,0.0127215976567973,0.987438208401764,0.03,ok,,,0.0,,,0.0
vanderpol_mu2,edmd_rbf,EDMD-RBF,64,0.32,0.01,4,5,1.0,0.0259795341396482,0.9746783115304208,0.1,ok,,,0.0,,,0.0
vanderpol_mu2,edmd_poly3,EDMD-polynomial,64,0.32,0.01,5,5,1.0,0.0383843730652695,0.9630345235724606,0.1,ok,,,0.0,,,0.0
vanderpol_mu2,edmd_rbf,EDMD-RBF,64,0.32,0.01,5,5,1.0,0.0289974461838241,0.9718197102515996,0.3,ok,,,0.0,,,0.0
vanderpol_mu2,edmd_poly3,EDMD-polynomial,64,0.32,0.01,6,5,1.0,0.0345305585594713,0.9666220023432144,0.03,ok,,,0.0,,,0.0
vanderpol_mu2,edmd_rbf,EDMD-RBF,64,0.32,0.01,6,5,1.0,0.0078959826772298,0.9921658754346296,0.1,ok,,,0.0,,,0.0
vanderpol_mu2,edmd_poly3,EDMD-polynomial,64,0.32,0.01,7,5,1.0,0.0342724730137587,0.9668632068357264,0.03,ok,,,0.0,,,0.0
vanderpol_mu2,edmd_rbf,EDMD-RBF,64,0.32,0.01,7,5,1.0,0.0111034308536181,0.9890185014561328,0.1,ok,,,0.0,,,0.0
vanderpol_mu2,edmd_poly3,EDMD-polynomial,64,0.32,0.01,8,5,1.0,0.0276620059271767,0.9730825837993108,0.03,ok,,,0.0,,,0.0
vanderpol_mu2,edmd_rbf,EDMD-RBF,64,0.32,0.01,8,5,0.8571428571428571,0.3564521689031275,0.631900539357736,1.0,ok,,,0.0,,,0.0
vanderpol_mu2,edmd_poly3,EDMD-polynomial,64,0.32,0.01,9,5,1.0,0.0292358796971121,0.971594577808815,0.03,ok,,,0.0,,,0.0
vanderpol_mu2,edmd_rbf,EDMD-RBF,64,0.32,0.01,9,5,1.0,0.0164690989005363,0.9837977377587276,0.1,ok,,,0.0,,,0.0
vanderpol_mu2,edmd_poly3,EDMD-polynomial,64,0.32,0.03,0,5,1.0,0.0355519247931343,0.9656686217832714,0.1,ok,,,0.0,,,0.0
vanderpol_mu2,edmd_rbf,EDMD-RBF,64,0.32,0.03,0,5,1.0,0.0269340625195624,0.973772354523444,0.1,ok,,,0.0,,,0.0
vanderpol_mu2,edmd_poly3,EDMD-polynomial,64,0.32,0.03,1,5,1.0,0.0085737779331095,0.991499106837102,0.03,ok,,,0.0,,,0.0
vanderpol_mu2,edmd_rbf,EDMD-RBF,64,0.32,0.03,1,5,0.8571428571428571,0.3163377916401908,0.6511572201196435,0.3,ok,,,0.0,,,0.0
vanderpol_mu2,edmd_poly3,EDMD-polynomial,64,0.32,0.03,2,5,1.0,0.0534350271862707,0.9492754410027584,0.3,ok,,,0.0,,,0.0
vanderpol_mu2,edmd_rbf,EDMD-RBF,64,0.32,0.03,2,5,0.75,0.3322235508733253,0.5629685794912913,0.3,ok,,,0.0,,,0.0
vanderpol_mu2,edmd_poly3,EDMD-polynomial,64,0.32,0.03,3,5,1.0,0.0244144999220091,0.976167362016188,0.1,ok,,,0.0,,,0.0
vanderpol_mu2,edmd_rbf,EDMD-RBF,64,0.32,0.03,3,5,0.75,0.4115846636524375,0.5313177589074928,0.3,ok,,,0.0,,,0.0
vanderpol_mu2,edmd_poly3,EDMD-polynomial,64,0.32,0.03,4,5,1.0,0.0323973063126215,0.9686193424619308,0.1,ok,,,0.0,,,0.0
vanderpol_mu2,edmd_rbf,EDMD-RBF,64,0.32,0.03,4,5,1.0,0.0227722331108283,0.977734795320396,0.1,ok,,,0.0,,,0.0
vanderpol_mu2,edmd_poly3,EDMD-polynomial,64,0.32,0.03,5,5,1.0,0.0157817018700529,0.98446349068801,0.3,ok,,,0.0,,,0.0
vanderpol_mu2,edmd_rbf,EDMD-RBF,64,0.32,0.03,5,5,0.75,0.3879043099356776,0.5403830758582764,0.3,ok,,,0.0,,,0.0
vanderpol_mu2,edmd_poly3,EDMD-polynomial,64,0.32,0.03,6,5,1.0,0.0722986119614468,0.9325760463037452,0.3,ok,,,0.0,,,0.0
vanderpol_mu2,edmd_rbf,EDMD-RBF,64,0.32,0.03,6,5,1.0,0.0372846051364993,0.9640555687880928,0.1,ok,,,0.0,,,0.0
vanderpol_mu2,edmd_poly3,EDMD-polynomial,64,0.32,0.03,7,5,1.0,0.0019862136468419,0.9980177235776398,0.1,ok,,,0.0,,,0.0
vanderpol_mu2,edmd_rbf,EDMD-RBF,64,0.32,0.03,7,5,0.8571428571428571,0.3184963328226328,0.6500911954058214,0.3,ok,,,0.0,,,0.0
vanderpol_mu2,edmd_poly3,EDMD-polynomial,64,0.32,0.03,8,5,1.0,0.0308361703642937,0.9700862549735751,0.1,ok,,,0.0,,,0.0
vanderpol_mu2,edmd_rbf,EDMD-RBF,64,0.32,0.03,8,5,1.0,0.0203449449243641,0.9800607186564028,0.1,ok,,,0.0,,,0.0
vanderpol_mu2,edmd_poly3,EDMD-polynomial,64,0.32,0.03,9,5,1.0,0.0101236795132574,0.9899777822076842,0.1,ok,,,0.0,,,0.0
vanderpol_mu2,edmd_rbf,EDMD-RBF,64,0.32,0.03,9,5,1.0,0.0183988577825023,0.9819335443653536,0.1,ok,,,0.0,,,0.0
vanderpol_mu2,edmd_poly3,EDMD-polynomial,64,0.32,0.05,0,5,1.0,0.0218279232035845,0.9786383570972002,0.1,ok,,,0.0,,,0.0
vanderpol_mu2,edmd_rbf,EDMD-RBF,64,0.32,0.05,0,5,1.0,0.0644095647525432,0.93948798762672,0.1,ok,,,0.0,,,0.0
vanderpol_mu2,edmd_poly3,EDMD-polynomial,64,0.32,0.05,1,5,1.0,0.0189895149536506,0.9813643666838768,0.3,ok,,,0.0,,,0.0
vanderpol_mu2,edmd_rbf,EDMD-RBF,64,0.32,0.05,1,5,1.0,0.0440575618569475,0.957801596897984,0.1,ok,,,0.0,,,0.0
vanderpol_mu2,edmd_poly3,EDMD-polynomial,64,0.32,0.05,2,5,1.0,0.0598662852885036,0.9435152470462748,0.1,ok,,,0.0,,,0.0
vanderpol_mu2,edmd_rbf,EDMD-RBF,64,0.32,0.05,2,5,1.0,0.0169274075226093,0.9833543600089932,0.1,ok,,,0.0,,,0.0
vanderpol_mu2,edmd_poly3,EDMD-polynomial,64,0.32,0.05,3,5,1.0,0.0299971774241043,0.9708764469635504,0.1,ok,,,0.0,,,0.0
vanderpol_mu2,edmd_rbf,EDMD-RBF,64,0.32,0.05,3,5,1.0,0.0652831523423051,0.9387175586145684,0.1,ok,,,0.0,,,0.0
vanderpol_mu2,edmd_poly3,EDMD-polynomial,64,0.32,0.05,4,5,1.0,0.0406079788604411,0.9609766793207654,0.3,ok,,,0.0,,,0.0
vanderpol_mu2,edmd_rbf,EDMD-RBF,64,0.32,0.05,4,5,1.0,0.0401778603579902,0.9613740477574072,0.3,ok,,,0.0,,,0.0
vanderpol_mu2,edmd_poly3,EDMD-polynomial,64,0.32,0.05,5,5,1.0,0.0221947824175674,0.9782871300075754,0.1,ok,,,0.0,,,0.0
vanderpol_mu2,edmd_rbf,EDMD-RBF,64,0.32,0.05,5,5,1.0,0.0304434332136856,0.9704559879441996,0.1,ok,,,0.0,,,0.0
vanderpol_mu2,edmd_poly3,EDMD-polynomial,64,0.32,0.05,6,5,1.0,0.0455727550803989,0.9564135973714284,0.3,ok,,,0.0,,,0.0
vanderpol_mu2,edmd_rbf,EDMD-RBF,64,0.32,0.05,6,5,1.0,0.0462043318405308,0.9558362258362608,0.1,ok,,,0.0,,,0.0
vanderpol_mu2,edmd_poly3,EDMD-polynomial,64,0.32,0.05,7,5,1.0,0.0707119875652229,0.9339579752665136,0.1,ok,,,0.0,,,0.0
vanderpol_mu2,edmd_rbf,EDMD-RBF,64,0.32,0.05,7,5,1.0,0.0567288443596037,0.9463165554130564,0.3,ok,,,0.0,,,0.0
vanderpol_mu2,edmd_poly3,EDMD-polynomial,64,0.32,0.05,8,5,1.0,0.0188053544863076,0.9815417592737432,0.1,ok,,,0.0,,,0.0
vanderpol_mu2,edmd_rbf,EDMD-RBF,64,0.32,0.05,8,5,1.0,0.0167812908014595,0.983495673107604,0.1,ok,,,0.0,,,0.0
vanderpol_mu2,edmd_poly3,EDMD-polynomial,64,0.32,0.05,9,5,1.0,0.0362593973426167,0.9650093428000746,0.1,ok,,,0.0,,,0.0
vanderpol_mu2,edmd_rbf,EDMD-RBF,64,0.32,0.05,9,5,1.0,0.0211488927945876,0.9792891193989258,0.1,ok,,,0.0,,,0.0
vanderpol_mu2,edmd_poly3,EDMD-polynomial,64,0.32,0.1,0,5,1.0,0.1473555705462135,0.8715693945896276,0.3,ok,,,0.0,,,0.0
vanderpol_mu2,edmd_rbf,EDMD-RBF,64,0.32,0.1,0,5,0.8571428571428571,0.3539239125506909,0.6330805218795968,1.0,ok,,,0.0,,,0.0
vanderpol_mu2,edmd_poly3,EDMD-polynomial,64,0.32,0.1,1,5,1.0,0.0346735733731272,0.9664883937645298,0.3,ok,,,0.0,,,0.0
vanderpol_mu2,edmd_rbf,EDMD-RBF,64,0.32,0.1,1,5,0.8571428571428571,0.3224471992173295,0.6481490207322789,0.3,ok,,,0.0,,,0.0
vanderpol_mu2,edmd_poly3,EDMD-polynomial,64,0.32,0.1,2,5,1.0,0.0841947470920209,0.9223435205549146,0.1,ok,,,0.0,,,0.0
vanderpol_mu2,edmd_rbf,EDMD-RBF,64,0.32,0.1,2,5,0.8571428571428571,0.3957983238189398,0.6140878968801828,0.3,ok,,,0.0,,,0.0
vanderpol_mu2,edmd_poly3,EDMD-polynomial,64,0.32,0.1,3,5,1.0,0.0798231258706356,0.926077591822016,0.3,ok,,,0.0,,,0.0
vanderpol_mu2,edmd_rbf,EDMD-RBF,64,0.32,0.1,3,5,1.0,0.0783367899582471,0.9273540598004818,0.3,ok,,,0.0,,,0.0
vanderpol_mu2,edmd_poly3,EDMD-polynomial,64,0.32,0.1,4,5,1.0,0.1022768672798494,0.907213087459375,0.1,ok,,,0.0,,,0.0
vanderpol_mu2,edmd_rbf,EDMD-RBF,64,0.32,0.1,4,5,1.0,0.0512765007230367,0.9512245344704554,0.3,ok,,,0.0,,,0.0
vanderpol_mu2,edmd_poly3,EDMD-polynomial,64,0.32,0.1,5,5,1.0,0.0651819555953159,0.9388067407141848,0.1,ok,,,0.0,,,0.0
vanderpol_mu2,edmd_rbf,EDMD-RBF,64,0.32,0.1,5,5,1.0,0.1196499906548368,0.8931362553891878,0.3,ok,,,0.0,,,0.0
vanderpol_mu2,edmd_poly3,EDMD-polynomial,64,0.32,0.1,6,5,1.0,0.1290998180662484,0.8856612887535922,0.3,ok,,,0.0,,,0.0
vanderpol_mu2,edmd_rbf,EDMD-RBF,64,0.32,0.1,6,5,0.8571428571428571,0.8055103192434255,0.4747371687701188,0.3,ok,,,0.0,,,0.0
vanderpol_mu2,edmd_poly3,EDMD-polynomial,64,0.32,0.1,7,5,1.0,0.0806494358594847,0.9253694739632738,0.3,ok,,,0.0,,,0.0
vanderpol_mu2,edmd_rbf,EDMD-RBF,64,0.32,0.1,7,5,0.8571428571428571,0.3194233517158079,0.6496344452508054,0.3,ok,,,0.0,,,0.0
vanderpol_mu2,edmd_poly3,EDMD-polynomial,64,0.32,0.1,8,5,1.0,0.1114691920933361,0.8997100478481139,0.3,ok,,,0.0,,,0.0
vanderpol_mu2,edmd_rbf,EDMD-RBF,64,0.32,0.1,8,5,0.75,0.4349909183012141,0.5226513913327568,0.3,ok,,,0.0,,,0.0
vanderpol_mu2,edmd_poly3,EDMD-polynomial,64,0.32,0.1,9,5,1.0,0.0613251359798242,0.9422183326288522,0.3,ok,,,0.0,,,0.0
vanderpol_mu2,edmd_rbf,EDMD-RBF,64,0.32,0.1,9,5,1.0,0.1081763467632257,0.9023834545113796,0.3,ok,,,0.0,,,0.0
