panel,kind,time,value
1,clean_reference,0.0,2.0
1,clean_reference,0.005,1.9999752481852104
1,clean_reference,0.01,1.9999019710936603
1,clean_reference,0.015,1.9997816043191947
1,clean_reference,0.02,1.999615541657356
1,clean_reference,0.025,1.9994051360762761
1,clean_reference,0.03,1.9991517006843396
1,clean_reference,0.035,1.998856509694276
1,clean_reference,0.04,1.9985207993807148
1,clean_reference,0.045,1.9981457690282385
1,clean_reference,0.05,1.997732581866974
1,clean_reference,0.055,1.9972823659927805
1,clean_reference,0.06,1.9967962152860745
1,clean_reference,0.065,1.9962751903218228
1,clean_reference,0.07,1.9957203192497601
1,clean_reference,0.075,1.9951325986713695
1,clean_reference,0.08,1.9945129944985533
1,clean_reference,0.085,1.9938624427982543
1,clean_reference,0.09,1.9931818506222305
1,clean_reference,0.095,1.9924720968212013
1,clean_reference,0.1,1.9917340328425714
1,clean_reference,0.105,1.9909684835109482
1,clean_reference,0.11,1.9901762477906615
1,clean_reference,0.115,1.989358099529499
1,clean_reference,0.12,1.9885147881881096
1,clean_reference,0.125,1.9876470395691923
1,clean_reference,0.13,1.9867555565009565
1,clean_reference,0.135,1.9858410195204341
1,clean_reference,0.14,1.984904087538408
1,clean_reference,0.145,1.9839453984867874
1,clean_reference,0.15,1.9829655699493274
1,clean_reference,0.155,1.9819651997760694
1,clean_reference,0.16,1.9809448666818876
1,clean_reference,0.165,1.97990513082952
1,clean_reference,0.17,1.9788465343974664
1,clean_reference,0.17500000000000002,1.9777696021331361
1,clean_reference,0.18,1.9766748418912632
1,clean_reference,0.185,1.9755627451518758
1,clean_reference,0.19,1.974433787529186
1,clean_reference,0.195,1.9732884292656026
1,clean_reference,0.2,1.9721271157112457
1,clean_reference,0.20500000000000002,1.9709502777896701
1,clean_reference,0.21,1.96975833244954
1,clean_reference,0.215,1.9685516831028822
1,clean_reference,0.22,1.9673307200505559
1,clean_reference,0.225,1.966095820895565
1,clean_reference,0.23,1.9648473509448487
1,clean_reference,0.23500000000000001,1.9635856636001796
1,clean_reference,0.24,1.9623111007366438
1,clean_reference,0.245,1.9610239930615057
1,clean_reference,0.25,1.9597246604739775
1,clean_reference,0.255,1.9584134124084411
1,clean_reference,0.26,1.95709054816832
1,clean_reference,0.265,1.9557563572492382
1,clean_reference,0.27,1.954411119651697
1,clean_reference,0.275,1.9530551061838475
1,clean_reference,0.28,1.9516885787549525
1,clean_reference,0.28500000000000003,1.950311790660111
1,clean_reference,0.29,1.948924986856841
1,clean_reference,0.295,1.9475284042340968
1,clean_reference,0.3,1.9461222718707616
1,clean_reference,0.305,1.9447068112795576
1,clean_reference,0.31,1.9432822366550841
1,clean_reference,0.315,1.9418487551071324
1,clean_reference,0.32,1.9404065668883836
1,clean_reference,0.325,1.938955865614317
1,clean_reference,0.33,1.9374968384756721
1,clean_reference,0.335,1.9360296664439196
1,clean_reference,0.34,1.934554524470201
1,clean_reference,0.34500000000000003,1.9330715816781936
1,clean_reference,0.35000000000000003,1.9315810015513615
1,clean_reference,0.355,1.9300829421150472
1,clean_reference,0.36,1.9285775561126137
1,clean_reference,0.365,1.9270649911678157
1,clean_reference,0.37,1.925545389952521
1,clean_reference,0.375,1.9240188903446154
1,clean_reference,0.38,1.9224856255811704
1,clean_reference,0.385,1.9209457244066819
1,clean_reference,0.39,1.919399311216097
1,clean_reference,0.395,1.9178465061929553
1,clean_reference,0.4,1.9162874254429711
1,clean_reference,0.405,1.9147221811233865
1,clean_reference,0.41000000000000003,1.9131508815684226
1,clean_reference,0.41500000000000004,1.911573631411155
1,clean_reference,0.42,1.9099905317021435
1,clean_reference,0.425,1.9084016800232084
1,clean_reference,0.43,1.906807170591063
1,clean_reference,0.435,1.9052070943682917
1,clean_reference,0.44,1.9036015391647645
1,clean_reference,0.445,1.90199058973703
1,clean_reference,0.45,1.9003743278843426
1,clean_reference,0.455,1.8987528325412604
1,clean_reference,0.46,1.8971261798670276
1,clean_reference,0.465,1.895494443331966
1,clean_reference,0.47000000000000003,1.8938576938010914
1,clean_reference,0.47500000000000003,1.8922159996151777
1,clean_reference,0.48,1.8905694266694872
1,clean_reference,0.485,1.8889180384903852
1,clean_reference,0.49,1.8872618963100276
1,clean_reference,0.495,1.8856010591340597
1,clean_reference,0.5,1.88393558380934
1,clean_reference,0.505,1.8822655250928642
1,clean_reference,0.51,1.8805909357148607
1,clean_reference,0.515,1.8789118664410318
1,clean_reference,0.52,1.8772283661325102
1,clean_reference,0.525,1.8755404818036636
1,clean_reference,0.53,1.8738482586778966
1,clean_reference,0.535,1.8721517402415786
1,clean_reference,0.54,1.8704509682962467
1,clean_reference,0.545,1.8687459830092161
1,clean_reference,0.55,1.8670368229627419
1,clean_reference,0.555,1.8653235252018687
1,clean_reference,0.56,1.863606125281111
1,clean_reference,0.5650000000000001,1.8618846573085073
1,clean_reference,0.5700000000000001,1.8601591539841764
1,clean_reference,0.5750000000000001,1.8584296466458694
1,clean_reference,0.58,1.8566961653078036
1,clean_reference,0.585,1.8549587386994688
1,clean_reference,0.59,1.8532173943031507
1,clean_reference,0.595,1.8514721583900804
1,clean_reference,0.6,1.849723056055294
1,clean_reference,0.605,1.8479701112512879
1,clean_reference,0.61,1.8462133468205513
1,clean_reference,0.615,1.8444527845270622
1,clean_reference,0.62,1.8426884450868297
1,clean_reference,0.625,1.8409203481975673
1,clean_reference,0.63,1.8391485125675804
1,clean_reference,0.635,1.8373729559439544
1,clean_reference,0.64,1.8355936951398386
1,clean_reference,0.645,1.8338107460567528
1,clean_reference,0.65,1.8320241237116246
1,clean_reference,0.655,1.8302338422612334
1,clean_reference,0.66,1.8284399150251494
1,clean_reference,0.665,1.826642354508411
1,clean_reference,0.67,1.8248411724233538
1,clean_reference,0.675,1.8230363797106408
1,clean_reference,0.68,1.8212279865595429
1,clean_reference,0.685,1.819416002427515
1,clean_reference,0.6900000000000001,1.8176004360591185
1,clean_reference,0.6950000000000001,1.8157812955043346
1,clean_reference,0.7000000000000001,1.8139585881363218
1,clean_reference,0.705,1.812132320668659
1,clean_reference,0.71,1.810302499172126
1,clean_reference,0.715,1.808469129091071
1,clean_reference,0.72,1.8066322152594074
1,clean_reference,0.725,1.804791761914437
1,clean_reference,0.73,1.802947772709842
1,clean_reference,0.735,1.801100250732176
1,clean_reference,0.74,1.7992491985133672
1,clean_reference,0.745,1.7973946180438578
1,clean_reference,0.75,1.7955365107852452
1,clean_reference,0.755,1.7936748776824438
1,clean_reference,0.76,1.7918097191753923
1,clean_reference,0.765,1.7899410352103333
1,clean_reference,0.77,1.788068825250688
1,clean_reference,0.775,1.7861930882875539
1,clean_reference,0.78,1.7843138228498512
1,clean_reference,0.785,1.7824310270141404
1,clean_reference,0.79,1.7805446984141395
1,clean_reference,0.795,1.7786548342499662
1,clean_reference,0.8,1.7767614312971274
1,clean_reference,0.805,1.7748644859152853
1,clean_reference,0.81,1.7729639940567166
1,clean_reference,0.8150000000000001,1.771059951272301
1,clean_reference,0.8200000000000001,1.7691523527202873
1,clean_reference,0.8250000000000001,1.7672411931740024
1,clean_reference,0.8300000000000001,1.765326467028591
1,clean_reference,0.835,1.7634081683078768
1,clean_reference,0.84,1.7614862906709436
1,clean_reference,0.845,1.75956082741845
1,clean_reference,0.85,1.7576317714986875
1,clean_reference,0.855,1.7556991155133974
1,clean_reference,0.86,1.7537628517233532
1,clean_reference,0.865,1.7518229720537284
1,clean_reference,0.87,1.7498794680992542
1,clean_reference,0.875,1.7479323311291846
1,clean_reference,0.88,1.7459815520920785
1,clean_reference,0.885,1.7440271216204124
1,clean_reference,0.89,1.7420690300350348
1,clean_reference,0.895,1.7401072673494742
1,clean_reference,0.9,1.7381418232741146
1,clean_reference,0.905,1.7361726872201395
1,clean_reference,0.91,1.7341998483019836
1,clean_reference,0.915,1.7322232953418055
1,clean_reference,0.92,1.7302430168729344
1,clean_reference,0.925,1.7282590011429062
1,clean_reference,0.93,1.7262712361165369
1,clean_reference,0.935,1.724279709478839
1,clean_reference,0.9400000000000001,1.722284408637792
1,clean_reference,0.9450000000000001,1.7202853207269677
1,clean_reference,0.9500000000000001,1.7182824326080146
1,clean_reference,0.9550000000000001,1.7162757308730099
1,clean_reference,0.96,1.7142652018466793
1,clean_reference,0.965,1.712250831588494
1,clean_reference,0.97,1.7102326058946453
1,clean_reference,0.975,1.7082105102999041
1,clean_reference,0.98,1.7061845300793703
1,clean_reference,0.985,1.7041546502501144
1,clean_reference,0.99,1.7021208555727187
1,clean_reference,0.995,1.7000831305527224
1,clean_reference,1.0,1.6980414594419735
1,clean_reference,1.0050000000000001,1.695995826239884
1,clean_reference,1.01,1.6939462146941362
1,clean_reference,1.0150000000000001,1.6918926083018038
1,clean_reference,1.02,1.6898349903104986
1,clean_reference,1.025,1.6877733437190718
1,clean_reference,1.03,1.6857076512783162
1,clean_reference,1.035,1.6836378954915836
1,clean_reference,1.04,1.681564058615313
1,clean_reference,1.045,1.6794861226594784
1,clean_reference,1.05,1.6774040693879455
1,clean_reference,1.055,1.6753178803187532
1,clean_reference,1.06,1.6732275367243048
1,clean_reference,1.065,1.6711330196314838
1,clean_reference,1.07,1.6690343098216849
1,clean_reference,1.075,1.6669313878307683
1,clean_reference,1.08,1.6648242339489328
1,clean_reference,1.085,1.662712828220512
1,clean_reference,1.09,1.6605971504436936
1,clean_reference,1.095,1.6584771801701637
1,clean_reference,1.1,1.6563528967046726
1,clean_reference,1.105,1.6542242791045296
1,clean_reference,1.11,1.6520913061790252
1,clean_reference,1.115,1.649953956488925
1,clean_reference,1.12,1.647812208345678
1,clean_reference,1.125,1.6456660398106078
1,clean_reference,1.1300000000000001,1.6435154286941216
1,clean_reference,1.135,1.6413603525547893
1,clean_reference,1.1400000000000001,1.6392007886983597
1,clean_reference,1.145,1.6370367141767206
1,clean_reference,1.1500000000000001,1.6348681057867953
1,clean_reference,1.155,1.632694940069379
1,clean_reference,1.16,1.630517193307914
1,clean_reference,1.165,1.6283348415272
1,clean_reference,1.17,1.6261478604920439
1,clean_reference,1.175,1.623956225705842
1,clean_reference,1.18,1.6217599124091011
1,clean_reference,1.185,1.6195588955778915
1,clean_reference,1.19,1.6173531499222342
1,clean_reference,1.195,1.6151426498844228
1,clean_reference,1.2,1.612927369637276
1,clean_reference,1.205,1.610707283082321
1,clean_reference,1.21,1.6084823638479908
1,clean_reference,1.215,1.606252585288005
1,clean_reference,1.22,1.6040179204787863
1,clean_reference,1.225,1.6017783422178797
1,clean_reference,1.23,1.5995338230218779
1,clean_reference,1.235,1.5972843351242103
1,clean_reference,1.24,1.5950298504728901
1,clean_reference,1.245,1.5927703407282152
1,clean_reference,1.25,1.5905057772604232
1,clean_reference,1.2550000000000001,1.5882361311472961
1,clean_reference,1.26,1.5859613731717153
1,clean_reference,1.2650000000000001,1.583681473819161
1,clean_reference,1.27,1.5813964032751582
1,clean_reference,1.2750000000000001,1.5791061314226629
1,clean_reference,1.28,1.5768106278393916
1,clean_reference,1.285,1.5745098617950846
1,clean_reference,1.29,1.5722038022487086
1,clean_reference,1.295,1.569892417845593
1,clean_reference,1.3,1.5675756769144953
1,clean_reference,1.305,1.5652535474645983
1,clean_reference,1.31,1.562925997182434
1,clean_reference,1.315,1.5605929934287344
1,clean_reference,1.32,1.5582545032352009
1,clean_reference,1.325,1.555910493301201
1,clean_reference,1.33,1.5535609299903788
1,clean_reference,1.335,1.5512057793271854
1,clean_reference,1.34,1.5488450069933224
1,clean_reference,1.345,1.546478578324098
1,clean_reference,1.35,1.54410645830498
1,clean_reference,1.355,1.54172861157133
1,clean_reference,1.36,1.5393450023988517
1,clean_reference,1.365,1.5369555947020332
1,clean_reference,1.37,1.5345603520314592
1,clean_reference,1.375,1.5321592375696589
1,clean_reference,1.3800000000000001,1.5297522141269149
1,clean_reference,1.385,1.527339244137034
1,clean_reference,1.3900000000000001,1.524920289653072
1,clean_reference,1.395,1.5224953123430123
1,clean_reference,1.4000000000000001,1.5200642734853929
1,clean_reference,1.405,1.5176271339648821
1,clean_reference,1.41,1.5151838542677951
1,clean_reference,1.415,1.5127343944775515
1,clean_reference,1.42,1.5102787142700693
1,clean_reference,1.425,1.5078167729090926
1,clean_reference,1.43,1.5053485292414501
1,clean_reference,1.435,1.5028739416922388
1,clean_reference,1.44,1.500392968259934
1,clean_reference,1.445,1.4979055665114174
1,clean_reference,1.45,1.4954116935769255
1,clean_reference,1.455,1.492911306144909
1,clean_reference,1.46,1.4904043604568056
1,clean_reference,1.465,1.4878908123017185
1,clean_reference,1.47,1.4853706170110024
1,clean_reference,1.475,1.4828437294527466
1,clean_reference,1.48,1.4803101040261604
1,clean_reference,1.485,1.4777696946558498
1,clean_reference,1.49,1.475222454785989
1,clean_reference,1.495,1.472668337374376
1,clean_reference,1.5,1.4701072948863798
1,clean_reference,1.5050000000000001,1.467539279288762
1,clean_reference,1.51,1.4649642420433833
1,clean_reference,1.5150000000000001,1.462382134100782
1,clean_reference,1.52,1.459792905893627
1,clean_reference,1.5250000000000001,1.4571965073300366
1,clean_reference,1.53,1.4545928877867678
1,clean_reference,1.5350000000000001,1.4519819961022635
1,clean_reference,1.54,1.4493637805695634
1,clean_reference,1.545,1.4467381889290665
1,clean_reference,1.55,1.4441051683611505
1,clean_reference,1.555,1.4414646654786403
1,clean_reference,1.56,1.438816626319119
1,clean_reference,1.565,1.4361609963376245
1,clean_reference,1.57,1.4334977204175967
1,clean_reference,1.575,1.430826742844792
1,clean_reference,1.58,1.4281480072945583
1,clean_reference,1.585,1.4254614568305308
1,clean_reference,1.59,1.422767033896519
1,clean_reference,1.595,1.4200646803082657
1,clean_reference,1.6,1.4173543372450772
1,clean_reference,1.605,1.4146359452413209
1,clean_reference,1.61,1.4119094441777846
1,clean_reference,1.615,1.4091747732728996
1,clean_reference,1.62,1.4064318710738177
1,clean_reference,1.625,1.4036806754473454
1,clean_reference,1.6300000000000001,1.4009211235707264
1,clean_reference,1.635,1.3981531519222734
1,clean_reference,1.6400000000000001,1.3953766962718441
1,clean_reference,1.645,1.3925916916711583
1,clean_reference,1.6500000000000001,1.3897980724439518
1,clean_reference,1.655,1.3869957721759683
1,clean_reference,1.6600000000000001,1.3841847237047789
1,clean_reference,1.665,1.3813648591094334
1,clean_reference,1.67,1.3785361096999345
1,clean_reference,1.675,1.3756984060065345
1,clean_reference,1.68,1.372851677768852
1,clean_reference,1.685,1.3699958539248014
1,clean_reference,1.69,1.3671308625993381
1,clean_reference,1.695,1.3642566310930095
1,clean_reference,1.7,1.3613730858703137
1,clean_reference,1.705,1.3584801525478607
1,clean_reference,1.71,1.3555777558823325
1,clean_reference,1.715,1.352665819758239
1,clean_reference,1.72,1.3497442671754687
1,clean_reference,1.725,1.3468130202366264
1,clean_reference,1.73,1.3438720001341595
1,clean_reference,1.735,1.3409211271374235
1,clean_reference,1.74,1.3379603205799007
1,clean_reference,1.745,1.334989498845131
1,clean_reference,1.75,1.3320085793527863
1,clean_reference,1.7550000000000001,1.329017478544714
1,clean_reference,1.76,1.3260161118707392
1,clean_reference,1.7650000000000001,1.3230043937742164
1,clean_reference,1.77,1.319982237677329
1,clean_reference,1.7750000000000001,1.3169495559661297
1,clean_reference,1.78,1.31390625997532
1,clean_reference,1.7850000000000001,1.310852259972759
1,clean_reference,1.79,1.307787465143704
1,clean_reference,1.795,1.3047117835747712
1,clean_reference,1.8,1.3016251222376154
1,clean_reference,1.805,1.2985273869723257
1,clean_reference,1.81,1.2954184824705266
1,clean_reference,1.815,1.2922983122581866
1,clean_reference,1.82,1.2891667786781247
1,clean_reference,1.825,1.2860237828722125
1,clean_reference,1.83,1.2828692247632665
1,clean_reference,1.835,1.2797030030366259
1,clean_reference,1.84,1.276525015121411
1,clean_reference,1.845,1.2733351571714588
1,clean_reference,1.85,1.2701333240459287
1,clean_reference,1.855,1.2669194092895757
1,clean_reference,1.86,1.263693305112685
1,clean_reference,1.865,1.2604549023706668
1,clean_reference,1.87,1.2572040905432986
1,clean_reference,1.875,1.2539407577136206
1,clean_reference,1.8800000000000001,1.2506647905464712
1,clean_reference,1.885,1.2473760742666624
1,clean_reference,1.8900000000000001,1.244074492636789
1,clean_reference,1.895,1.2407599279346673
1,clean_reference,1.9000000000000001,1.2374322609292283
1,clean_reference,1.905,1.2340913708543855
1,clean_reference,1.9100000000000001,1.230737135390659
1,clean_reference,1.915,1.2273694306382692
1,clean_reference,1.92,1.2239881310921394
1,clean_reference,1.925,1.2205931096167375
1,clean_reference,1.93,1.2171842374204465
1,clean_reference,1.935,1.2137613840294579
1,clean_reference,1.94,1.2103244172611816
1,clean_reference,1.945,1.2068732031971612
1,clean_reference,1.95,1.203407606155489
1,clean_reference,1.955,1.1999274886627127
1,clean_reference,1.96,1.1964327114252251
1,clean_reference,1.965,1.1929231333001276
1,clean_reference,1.97,1.189398611265565
1,clean_reference,1.975,1.1858590003905147
1,clean_reference,1.98,1.182304153804031
1,clean_reference,1.985,1.1787339226639315
1,clean_reference,1.99,1.1751481561249193
1,clean_reference,1.995,1.171546701306133
1,clean_reference,2.0,1.167929403258116
1,clean_reference,2.005,1.1642961049291982
1,clean_reference,2.0100000000000002,1.1606466471312804
1,clean_reference,2.015,1.156980868505017
1,clean_reference,2.02,1.1532986054843821
1,clean_reference,2.025,1.1495996922606209
1,clean_reference,2.0300000000000002,1.145883960745569
1,clean_reference,2.035,1.1421512405343397
1,clean_reference,2.04,1.1384013588673614
1,clean_reference,2.045,1.1346341405917704
1,clean_reference,2.05,1.1308494081221383
1,clean_reference,2.055,1.1270469814003448
1,clean_reference,2.06,1.1232266778483966
1,clean_reference,2.065,1.1193883123323904
1,clean_reference,2.07,1.1155316971212377
1,clean_reference,2.075,1.1116566418412757
1,clean_reference,2.08,1.107762953432317
1,clean_reference,2.085,1.1038504361028654
1,clean_reference,2.09,1.0999188912844933
1,clean_reference,2.095,1.0959681175853633
1,clean_reference,2.1,1.0919979107428843
1,clean_reference,2.105,1.0880080635754819
1,clean_reference,2.11,1.08399836593348
1,clean_reference,2.115,1.0799686046490728
1,clean_reference,2.12,1.0759185634853798
1,clean_reference,2.125,1.071848023084563
1,clean_reference,2.13,1.0677567609150034
1,clean_reference,2.1350000000000002,1.0636445512175157
1,clean_reference,2.14,1.0595111649505935
1,clean_reference,2.145,1.0553563697346664
1,clean_reference,2.15,1.051179929795362
1,clean_reference,2.1550000000000002,1.0469816059057548
1,clean_reference,2.16,1.042761155327595
1,clean_reference,2.165,1.0385183317514948
1,clean_reference,2.17,1.0342528852360688
1,clean_reference,2.1750000000000003,1.0299645621460107
1,clean_reference,2.18,1.025653105089094
1,clean_reference,2.185,1.0213182528520814
1,clean_reference,2.19,1.0169597403355362
1,clean_reference,2.195,1.0125772984875154
1,clean_reference,2.2,1.0081706542361362
1,clean_reference,2.205,1.0037395304209906
1,clean_reference,2.21,0.9992836457189248
1,clean_reference,2.215,0.9948027145721479
1,clean_reference,2.22,0.990296447120931
1,clean_reference,2.225,0.9857645491283648
1,clean_reference,2.23,0.9812067219049695
1,clean_reference,2.235,0.9766226622320503
1,clean_reference,2.24,0.9720120622837752
1,clean_reference,2.245,0.9673746095479597
1,clean_reference,2.25,0.9627099867455341
1,clean_reference,2.255,0.9580178717486826
1,clean_reference,2.2600000000000002,0.9532979374976295
1,clean_reference,2.265,0.9485498519160573
1,clean_reference,2.27,0.9437732778251338
1,clean_reference,2.275,0.9389678728561347
1,clean_reference,2.2800000000000002,0.9341332893616402
1,clean_reference,2.285,0.9292691743252879
1,clean_reference,2.29,0.9243751692700597
1,clean_reference,2.295,0.9194509101650912
1,clean_reference,2.3000000000000003,0.9144960273309775
1,clean_reference,2.305,0.9095101453435638
1,clean_reference,2.31,0.9044928829361936
1,clean_reference,2.315,0.899443852900404
1,clean_reference,2.32,0.8943626619850454
1,clean_reference,2.325,0.8892489107938065
1,clean_reference,2.33,0.8841021936811295
1,clean_reference,2.335,0.87892209864649
1,clean_reference,2.34,0.8737082072270312
1,clean_reference,2.345,0.868460094388528
1,clean_reference,2.35,0.8631773284146658
1,clean_reference,2.355,0.8578594708039802
1,clean_reference,2.36,0.852506076163637
1,clean_reference,2.365,0.8471166920531442
1,clean_reference,2.37,0.8416908589054747
1,clean_reference,2.375,0.8362281099085774
1,clean_reference,2.38,0.8307279708830871
1,clean_reference,2.3850000000000002,0.8251899601592896
1,clean_reference,2.39,0.8196135884533242
1,clean_reference,2.395,0.8139983587425887
1,clean_reference,2.4,0.8083437661403304
1,clean_reference,2.4050000000000002,0.8026492977693901
1,clean_reference,2.41,0.7969144326350783
1,clean_reference,2.415,0.7911386414971499
1,clean_reference,2.42,0.7853213867408613
1,clean_reference,2.4250000000000003,0.7794621222470759
1,clean_reference,2.43,0.7735602932613983
1,clean_reference,2.435,0.7676153362623019
1,clean_reference,2.44,0.7616266788282363
1,clean_reference,2.445,0.7555937395036783
1,clean_reference,2.45,0.7495159276641047
1,clean_reference,2.455,0.7433926433798631
1,clean_reference,2.46,0.7372232772789065
1,clean_reference,2.465,0.7310072104083761
1,clean_reference,2.47,0.7247438140949994
1,clean_reference,2.475,0.7184324498042811
1,clean_reference,2.48,0.7120724689984546
1,clean_reference,2.485,0.7056632129931786
1,clean_reference,2.49,0.6992040128129425
1,clean_reference,2.495,0.6926941890451632
1,clean_reference,2.5,0.6861330516929368
1,clean_reference,2.505,0.6795199000352352
1,clean_reference,2.5100000000000002,0.6728540226917071
1,clean_reference,2.515,0.6661346973060733
1,clean_reference,2.52,0.6593611903788837
1,clean_reference,2.525,0.6525327571884261
1,clean_reference,2.5300000000000002,0.6456486416580164
1,clean_reference,2.535,0.6387080762266577
1,clean_reference,2.54,0.6317102817231507
1,clean_reference,2.545,0.6246544672437613
1,clean_reference,2.5500000000000003,0.6175398300335305
1,clean_reference,2.555,0.6103655553713278
1,clean_reference,2.56,0.6031308164587295
1,clean_reference,2.565,0.5958347743128326
1,clean_reference,2.57,0.5884765776630838
1,clean_reference,2.575,0.5810553628522251
1,clean_reference,2.58,0.5735702537414491
1,clean_reference,2.585,0.5660203616198508
1,clean_reference,2.59,0.5584047851182815
1,clean_reference,2.595,0.5507226101283189
1,clean_reference,2.6,0.5429729097808157
1,clean_reference,2.605,0.5351547443765873
1,clean_reference,2.61,0.5272671613176427
1,clean_reference,2.615,0.5193091950834033
1,clean_reference,2.62,0.5112798672009363
1,clean_reference,2.625,0.5031781862289473
1,clean_reference,2.63,0.4950031477558896
1,clean_reference,2.6350000000000002,0.486753734412526
1,clean_reference,2.64,0.4784289158992958
1,clean_reference,2.645,0.4700276490288199
1,clean_reference,2.65,0.4615488777839051
1,clean_reference,2.6550000000000002,0.45299153339137993
1,clean_reference,2.66,0.44435453441211603
1,clean_reference,2.665,0.435636786847569
1,clean_reference,2.67,0.4268371842631976
1,clean_reference,2.6750000000000003,0.4179546079420547
1,clean_reference,2.68,0.4089879271215115
1,clean_reference,2.685,0.39993599914284234
1,clean_reference,2.69,0.3907976697020747
1,clean_reference,2.695,0.38157177310586887
1,clean_reference,2.7,0.37225713255599613
1,clean_reference,2.705,0.36285256046970304
1,clean_reference,2.71,0.3533568588366571
1,clean_reference,2.715,0.3437688196131957
1,clean_reference,2.72,0.33408722515457234
1,clean_reference,2.725,0.32431084868591625
1,clean_reference,2.73,0.3144384548125979
1,clean_reference,2.735,0.3044688000707254
1,clean_reference,2.74,0.29440063351846246
1,clean_reference,2.745,0.2842326973688869
1,clean_reference,2.75,0.27396372766508015
1,clean_reference,2.755,0.2635924550852361
1,clean_reference,2.7600000000000002,0.2531176057970662
1,clean_reference,2.765,0.24253790223723548
1,clean_reference,2.77,0.23185206407573838
1,clean_reference,2.775,0.22105880920108079
1,clean_reference,2.7800000000000002,0.21015685477909352
1,clean_reference,2.785,0.19914491838674628
1,clean_reference,2.79,0.18802171922225788
1,clean_reference,2.795,0.1767859793928342
1,clean_reference,2.8000000000000003,0.16543642528133007
1,clean_reference,2.805,0.15397178899315864
1,clean_reference,2.81,0.14239080988474412
1,clean_reference,2.815,0.13069223617484943
1,clean_reference,2.82,0.11887482664007584
1,clean_reference,2.825,0.10693735241157547
1,clean_reference,2.83,0.09487859900270877
1,clean_reference,2.835,0.08269736824398688
1,clean_reference,2.84,0.07039248040251776
1,clean_reference,2.845,0.05796277642400171
1,clean_reference,2.85,0.04540712027842034
1,clean_reference,2.855,0.03272440142318929
1,clean_reference,2.86,0.019913537385602448
1,clean_reference,2.865,0.006973476466355155
1,clean_reference,2.87,-0.006096799434034669
1,clean_reference,2.875,-0.019298271864120392
1,clean_reference,2.88,-0.0326318827414499
1,clean_reference,2.8850000000000002,-0.046098531121324254
1,clean_reference,2.89,-0.05969906985694079
1,clean_reference,2.895,-0.0734343021194539
1,clean_reference,2.9,-0.08730497777696056
1,clean_reference,2.9050000000000002,-0.1013117896401484
1,clean_reference,2.91,-0.11545536957389022
1,clean_reference,2.915,-0.12973628447480287
1,clean_reference,2.92,-0.1441550321147432
1,clean_reference,2.9250000000000003,-0.1587120368502586
1,clean_reference,2.93,-0.1734076451979746
1,clean_reference,2.935,-0.18824212128485684
1,clean_reference,2.94,-0.20321564219217286
1,clean_reference,2.945,-0.21832829316362906
1,clean_reference,2.95,-0.23358006271436055
1,clean_reference,2.955,-0.24897083761776448
1,clean_reference,2.96,-0.2645003978052464
1,clean_reference,2.965,-0.28016841118613
1,clean_reference,2.97,-0.29597442839379756
1,clean_reference,2.975,-0.3119178774640916
1,clean_reference,2.98,-0.3279980584520453
1,clean_reference,2.985,-0.34421413799296086
1,clean_reference,2.99,-0.3605651438189589
1,clean_reference,2.995,-0.37704995938725117
1,clean_reference,3.0,-0.39366731843797614
1,clean_reference,3.005,-0.41041579956784574
1,clean_reference,3.0100000000000002,-0.42729382088332024
1,clean_reference,3.015,-0.4442996347245498
1,clean_reference,3.02,-0.46143132250393126
1,clean_reference,3.025,-0.47868678967922534
1,clean_reference,3.0300000000000002,-0.49606376088123805
1,clean_reference,3.035,-0.5135597752160234
1,clean_reference,3.04,-0.5311721817616111
1,clean_reference,3.045,-0.5488981352859704
1,clean_reference,3.0500000000000003,-0.5667345923857253
1,clean_reference,3.055,-0.5846783078446448
1,clean_reference,3.06,-0.602725831303452
1,clean_reference,3.065,-0.6208735043752461
1,clean_reference,3.0700000000000003,-0.6391174581663035
1,clean_reference,3.075,-0.6574536112543223
1,clean_reference,3.08,-0.6758776681608425
1,clean_reference,3.085,-0.6943851183545132
1,clean_reference,3.09,-0.7129712358219381
1,clean_reference,3.095,-0.7316310792427965
1,clean_reference,3.1,-0.750359492803514
1,clean_reference,3.105,-0.7691511076620527
1,clean_reference,3.11,-0.7880003441339887
1,clean_reference,3.115,-0.8069014145773268
1,clean_reference,3.12,-0.8258483270766614
1,clean_reference,3.125,-0.8448348898814216
1,clean_reference,3.13,-0.8638547166172398
1,clean_reference,3.1350000000000002,-0.8829012323032265
1,clean_reference,3.14,-0.901967680207892
1,clean_reference,3.145,-0.9210471295764969
1,clean_reference,3.15,-0.9401324842547579
1,clean_reference,3.1550000000000002,-0.9592164919259906
1,clean_reference,3.16,-0.9782917542662174
1,clean_reference,3.165,-0.9973507379957509
1,clean_reference,3.17,-1.0163857866612342
1,clean_reference,3.1750000000000003,-1.0353891331859575
1,clean_reference,3.18,-1.0543529131225216
1,clean_reference,3.185,-1.0732691785927053
1,clean_reference,3.19,-1.0921299128993394
1,clean_reference,3.1950000000000003,-1.110927045795043
1,clean_reference,3.2,-1.1296524693608296
1,clean_reference,3.205,-1.148298054057137
1,clean_reference,3.21,-1.1668556654579074
1,clean_reference,3.215,-1.1853171813088363
1,clean_reference,3.22,-1.2036745087997966
1,clean_reference,3.225,-1.221919602057342
1,clean_reference,3.23,-1.2400444797491237
1,clean_reference,3.235,-1.258041242713148
1,clean_reference,3.24,-1.2759020915248702
1,clean_reference,3.245,-1.2936193439150676
1,clean_reference,3.25,-1.3111854519597297
1,clean_reference,3.255,-1.3285930189637027
1,clean_reference,3.2600000000000002,-1.3458348159166083
1,clean_reference,3.265,-1.3629037974480827
1,clean_reference,3.27,-1.3797931171976918
1,clean_reference,3.275,-1.3964961425719737
1,clean_reference,3.2800000000000002,-1.4130064687836132
1,clean_reference,3.285,-1.4293179320646152
1,clean_reference,3.29,-1.445424621945385
1,clean_reference,3.295,-1.4613208926219365
1,clean_reference,3.3000000000000003,-1.477001373610909
1,clean_reference,3.305,-1.4924609790671104
1,clean_reference,3.31,-1.507694916174901
1,clean_reference,3.315,-1.5226986924343604
1,clean_reference,3.3200000000000003,-1.537468121885855
1,clean_reference,3.325,-1.5519993302239743
1,clean_reference,3.33,-1.566288758749033
1,clean_reference,3.335,-1.580333167104295
1,clean_reference,3.34,-1.594129634930311
1,clean_reference,3.345,-1.607675562705883
1,clean_reference,3.35,-1.6209686711023612
1,clean_reference,3.355,-1.634006999495695
1,clean_reference,3.36,-1.646788903423656
1,clean_reference,3.365,-1.659313051077763
1,clean_reference,3.37,-1.6715784188673446
1,clean_reference,3.375,-1.6835842860920724
1,clean_reference,3.38,-1.6953302287638214
1,clean_reference,3.3850000000000002,-1.70681611271552
1,clean_reference,3.39,-1.7180420859707908
1,clean_reference,3.395,-1.7290085704557416
1,clean_reference,3.4,-1.7397162531515684
1,clean_reference,3.4050000000000002,-1.7501660766998808
1,clean_reference,3.41,-1.7603592295446393
1,clean_reference,3.415,-1.7702971356939243
1,clean_reference,3.42,-1.779981444184728
1,clean_reference,3.4250000000000003,-1.7894140182649723
1,clean_reference,3.43,-1.7985969242650246
1,clean_reference,3.435,-1.807532420450315
1,clean_reference,3.44,-1.8162229457336254
1,clean_reference,3.4450000000000003,-1.8246711083443974
1,clean_reference,3.45,-1.8328796744814013
1,clean_reference,3.455,-1.8408515570226287
1,clean_reference,3.46,-1.8485898043666704
1,clean_reference,3.465,-1.8560975894749754
1,clean_reference,3.47,-1.863378198964106
1,clean_reference,3.475,-1.8704350224273054
1,clean_reference,3.48,-1.8772715420831727
1,clean_reference,3.485,-1.8838913226572764
1,clean_reference,3.49,-1.890298001556152
1,clean_reference,3.495,-1.8964952793370953
1,clean_reference,3.5,-1.902486910508228
1,clean_reference,3.505,-1.9082766946932757
1,clean_reference,3.5100000000000002,-1.9138684681955247
1,clean_reference,3.515,-1.9192660959684573
1,clean_reference,3.52,-1.9244734637430971
1,clean_reference,3.525,-1.9294944707388637
1,clean_reference,3.5300000000000002,-1.9343330227187847
1,clean_reference,3.535,-1.9389930253971377
1,clean_reference,3.54,-1.9434783782405427
1,clean_reference,3.545,-1.9477929686448225
1,clean_reference,3.5500000000000003,-1.9519406664824368
1,clean_reference,3.555,-1.95592531901529
1,clean_reference,3.56,-1.9597507461681698
1,clean_reference,3.565,-1.9634207361510703
1,clean_reference,3.5700000000000003,-1.9669390414207062
1,clean_reference,3.575,-1.9703093749662057
1,clean_reference,3.58,-1.97353540691246
1,clean_reference,3.585,-1.9766207614397322
1,clean_reference,3.59,-1.979569013999208
1,clean_reference,3.595,-1.9823836888035542
1,clean_reference,3.6,-1.9850682565715543
1,clean_reference,3.605,-1.9876261325300766
1,clean_reference,3.61,-1.9900606747262
1,clean_reference,3.615,-1.9923751824874165
1,clean_reference,3.62,-1.9945728951379367
1,clean_reference,3.625,-1.9966569909211174
1,clean_reference,3.63,-1.9986305861183906
1,clean_reference,3.6350000000000002,-2.0004967343456657
1,clean_reference,3.64,-2.0022584260133183
1,clean_reference,3.645,-2.0039185879694466
1,clean_reference,3.65,-2.005480083273591
1,clean_reference,3.6550000000000002,-2.006945711113365
1,clean_reference,3.66,-2.0083182068525076
1,clean_reference,3.665,-2.009600242197192
1,clean_reference,3.67,-2.0107944254667824
1,clean_reference,3.6750000000000003,-2.011903301971146
1,clean_reference,3.68,-2.012929354477843
1,clean_reference,3.685,-2.013875003760807
1,clean_reference,3.69,-2.0147426092274867
1,clean_reference,3.6950000000000003,-2.0155344696144666
1,clean_reference,3.7,-2.016252823741523
1,clean_reference,3.705,-2.0168998513244736
1,clean_reference,3.71,-2.0174776738363636
1,clean_reference,3.715,-2.0179883554091878
1,clean_reference,3.72,-2.018433903774339
1,clean_reference,3.725,-2.0188162712384594
1,clean_reference,3.73,-2.019137355686379
1,clean_reference,3.735,-2.019399001602491
1,clean_reference,3.74,-2.0196030011094184
1,clean_reference,3.745,-2.019751095038417
1,clean_reference,3.75,-2.0198449739945916
1,clean_reference,3.755,-2.0198862794361387
1,clean_reference,3.7600000000000002,-2.019876604758656
1,clean_reference,3.765,-2.019817496384634
1,clean_reference,3.77,-2.0197104548533797
1,clean_reference,3.775,-2.019556935906457
1,clean_reference,3.7800000000000002,-2.0193583515637257
1,clean_reference,3.785,-2.0191160711970793
1,clean_reference,3.79,-2.0188314226092734
1,clean_reference,3.795,-2.0185056930832257
1,clean_reference,3.8000000000000003,-2.0181401304301456
1,clean_reference,3.805,-2.0177359440223923
1,clean_reference,3.81,-2.0172943058148856
1,clean_reference,3.815,-2.0168163513531177
1,clean_reference,3.8200000000000003,-2.016303180765779
1,clean_reference,3.825,-2.0157558597400147
1,clean_reference,3.83,-2.01517542047733
1,clean_reference,3.835,-2.014562862628246
1,clean_reference,3.84,-2.0139191542229025
1,clean_reference,3.845,-2.0132452325831856
1,clean_reference,3.85,-2.0125420051991685
1,clean_reference,3.855,-2.0118103506007943
1,clean_reference,3.86,-2.01105111920697
1,clean_reference,3.865,-2.0102651341557722
1,clean_reference,3.87,-2.009453192115719
1,clean_reference,3.875,-2.008616064078048
1,clean_reference,3.88,-2.0077544961299463
1,clean_reference,3.8850000000000002,-2.006869210208673
1,clean_reference,3.89,-2.005960904836531
1,clean_reference,3.895,-2.005030255836997
1,clean_reference,3.9,-2.0040779170348015
1,clean_reference,3.9050000000000002,-2.003104520933839
1,clean_reference,3.91,-2.00211067937888
1,clean_reference,3.915,-2.0010969842002218
1,clean_reference,3.92,-2.0000640078397947
1,clean_reference,3.9250000000000003,-1.9990123039594132
1,clean_reference,3.93,-1.997942408031829
1,clean_reference,3.935,-1.9968548379152398
1,clean_reference,3.94,-1.995750094411908
1,clean_reference,3.9450000000000003,-1.99462866181154
1,clean_reference,3.95,-1.9934910084200774
1,clean_reference,3.955,-1.9923375870683373
1,clean_reference,3.96,-1.9911688356046284
1,clean_reference,3.9650000000000003,-1.9899851773796815
1,clean_reference,3.97,-1.9887870217126369
1,clean_reference,3.975,-1.9875747643440524
1,clean_reference,3.98,-1.986348787874362
1,clean_reference,3.985,-1.9851094621885208
1,clean_reference,3.99,-1.9838571448675832
1,clean_reference,3.995,-1.9825921815879508
1,clean_reference,4.0,-1.9813149065090292
1,clean_reference,4.005,-1.98002564265004
1,clean_reference,4.01,-1.97872470225448
1,clean_reference,4.015,-1.9774123871342624
1,clean_reference,4.0200000000000005,-1.9760889890152364
1,clean_reference,4.025,-1.9747547898661384
1,clean_reference,4.03,-1.973410062218171
1,clean_reference,4.035,-1.9720550694739132
1,clean_reference,4.04,-1.970690066205797
1,clean_reference,4.045,-1.9693152984447881
1,clean_reference,4.05,-1.967931003959898
1,clean_reference,4.055,-1.9665374125291593
1,clean_reference,4.0600000000000005,-1.9651347462026922
1,clean_reference,4.065,-1.9637232195584995
1,clean_reference,4.07,-1.9623030399458399
1,clean_reference,4.075,-1.9608744077178208
1,clean_reference,4.08,-1.9594375164657272
1,clean_reference,4.085,-1.9579925532395845
1,clean_reference,4.09,-1.9565396987632062
1,clean_reference,4.095,-1.9550791276415576
1,clean_reference,4.1,-1.9536110085609089
1,clean_reference,4.105,-1.9521355044822557
1,clean_reference,4.11,-1.950652772828479
1,clean_reference,4.115,-1.9491629656657206
1,clean_reference,4.12,-1.9476662298794507
1,clean_reference,4.125,-1.9461627073457017
1,clean_reference,4.13,-1.9446525350945005
1,clean_reference,4.135,-1.943135845462206
1,clean_reference,4.14,-1.941612766249976
1,clean_reference,4.1450000000000005,-1.940083420870209
1,clean_reference,4.15,-1.9385479284899365
1,clean_reference,4.155,-1.9370064041690322
1,clean_reference,4.16,-1.935458958993471
1,clean_reference,4.165,-1.9339057002039668
1,clean_reference,4.17,-1.9323467313203233
1,clean_reference,4.175,-1.930782152261828
1,clean_reference,4.18,-1.929212059464022
1,clean_reference,4.1850000000000005,-1.9276365459921776
1,clean_reference,4.19,-1.9260557016518063
1,clean_reference,4.195,-1.924469613090967
1,clean_reference,4.2,-1.922878363899738
1,clean_reference,4.205,-1.9212820347118886
1,clean_reference,4.21,-1.919680703298617
1,clean_reference,4.215,-1.9180744446605773
1,clean_reference,4.22,-1.916463331116482
1,clean_reference,4.225,-1.9148474323884965
1,clean_reference,4.23,-1.9132268156846461
1,clean_reference,4.235,-1.9116015457784548
1,clean_reference,4.24,-1.90997168508603
1,clean_reference,4.245,-1.908337293740818
1,clean_reference,4.25,-1.9066984296662466
1,clean_reference,4.255,-1.9050551486464717
1,clean_reference,4.26,-1.9034075043943675
1,clean_reference,4.265,-1.9017555486113227
1,clean_reference,4.2700000000000005,-1.9000993310540681
1,clean_reference,4.275,-1.8984388995948216
1,clean_reference,4.28,-1.8967743002799977
1,clean_reference,4.285,-1.895105577387107
1,clean_reference,4.29,-1.8934327734795386
1,clean_reference,4.295,-1.891755929459365
1,clean_reference,4.3,-1.8900750846183099
1,clean_reference,4.305,-1.888390276687008
1,clean_reference,4.3100000000000005,-1.8867015418827036
1,clean_reference,4.315,-1.8850089149555194
1,clean_reference,4.32,-1.8833124292334296
1,clean_reference,4.325,-1.8816121166660833
1,clean_reference,4.33,-1.8799080078674828
1,clean_reference,4.335,-1.8782001321527746
1,clean_reference,4.34,-1.8764885175780375
1,clean_reference,4.345,-1.8747731909792462
1,clean_reference,4.3500000000000005,-1.8730541780079701
1,clean_reference,4.355,-1.8713315031666897
1,clean_reference,4.36,-1.8696051898427755
1,clean_reference,4.365,-1.8678752603412165
1,clean_reference,4.37,-1.866141735916178
1,clean_reference,4.375,-1.8644046368014662
1,clean_reference,4.38,-1.8626639822399886
1,clean_reference,4.385,-1.860919790512285
1,clean_reference,4.39,-1.8591720789642152
1,clean_reference,4.3950000000000005,-1.8574208640338838
1,clean_reference,4.4,-1.8556661612778824
1,clean_reference,4.405,-1.8539079853969318
1,clean_reference,4.41,-1.8521463502586974
1,clean_reference,4.415,-1.850381268919051
1,clean_reference,4.42,-1.8486127536476078
1,clean_reference,4.425,-1.8468408159483094
1,clean_reference,4.43,-1.8450654665805781
1,clean_reference,4.4350000000000005,-1.8432867155796713
1,clean_reference,4.44,-1.8415045722762704
1,clean_reference,4.445,-1.8397190453153482
1,clean_reference,4.45,-1.8379301426743642
1,clean_reference,4.455,-1.8361378716808303
1,clean_reference,4.46,-1.8343422390292967
1,clean_reference,4.465,-1.8325432507977995
1,clean_reference,4.47,-1.8307409124638179
1,clean_reference,4.4750000000000005,-1.8289352289197904
1,clean_reference,4.48,-1.8271262044882297
1,clean_reference,4.485,-1.8253138429364855
1,clean_reference,4.49,-1.8234981474906815
1,clean_reference,4.495,-1.8216791208463288
1,clean_reference,4.5,-1.819856765183737
1,clean_reference,4.505,-1.8180310821800407
1,clean_reference,4.51,-1.8162020730211166
1,clean_reference,4.515,-1.8143697384132746
1,clean_reference,4.5200000000000005,-1.8125340785944988
1,clean_reference,4.525,-1.8106950933452586
1,clean_reference,4.53,-1.8088527819989142
1,clean_reference,4.535,-1.8070071434517412
1,clean_reference,4.54,-1.805158176172599
1,clean_reference,4.545,-1.803305878212266
1,clean_reference,4.55,-1.8014502472124638
1,clean_reference,4.555,-1.7995912804146004
1,clean_reference,4.5600000000000005,-1.7977289746682477
1,clean_reference,4.565,-1.7958633264393873
1,clean_reference,4.57,-1.793994331818438
1,clean_reference,4.575,-1.792121986528098
1,clean_reference,4.58,-1.790246285929676
1,clean_reference,4.585,-1.788367225029366
1,clean_reference,4.59,-1.7864847984866066
1,clean_reference,4.595,-1.7845990006199082
1,clean_reference,4.6000000000000005,-1.782709825413149
1,clean_reference,4.605,-1.7808172665216144
1,clean_reference,4.61,-1.7789213172777825
1,clean_reference,4.615,-1.7770219706968797
1,clean_reference,4.62,-1.7751192194822056
1,clean_reference,4.625,-1.7732130560302461
1,clean_reference,4.63,-1.7713034724355814
1,clean_reference,4.635,-1.769390460495603
1,clean_reference,4.64,-1.7674740117150494
1,clean_reference,4.6450000000000005,-1.7655541173103704
1,clean_reference,4.65,-1.763630768213937
1,clean_reference,4.655,-1.761703955078097
1,clean_reference,4.66,-1.759773668279102
1,clean_reference,4.665,-1.7578398979209033
1,clean_reference,4.67,-1.7559026338388273
1,clean_reference,4.675,-1.7539618656021163
1,clean_reference,4.68,-1.7520175825172695
1,clean_reference,4.6850000000000005,-1.7500697736317277
1,clean_reference,4.69,-1.7481184277365132
1,clean_reference,4.695,-1.7461635333690264
1,clean_reference,4.7,-1.7442050788157069
1,clean_reference,4.705,-1.7422430521145578
1,clean_reference,4.71,-1.7402774410575415
1,clean_reference,4.715,-1.738308233192847
1,clean_reference,4.72,-1.7363354158270363
1,clean_reference,4.7250000000000005,-1.7343589760270708
1,clean_reference,4.73,-1.7323789006222259
1,clean_reference,4.735,-1.7303951762058922
1,clean_reference,4.74,-1.7284077891372736
1,clean_reference,4.745,-1.726416725542981
1,clean_reference,4.75,-1.7244219713185298
1,clean_reference,4.755,-1.722423512129743
1,clean_reference,4.76,-1.7204213334140632
1,clean_reference,4.765,-1.7184154203817816
1,clean_reference,4.7700000000000005,-1.716405758017181
1,clean_reference,4.775,-1.7143923310793419
1,clean_reference,4.78,-1.7123751241029759
1,clean_reference,4.785,-1.710354121399547
1,clean_reference,4.79,-1.7083293070579315
1,clean_reference,4.795,-1.706300664945063
1,clean_reference,4.8,-1.7042681787065008
1,clean_reference,4.805,-1.7022318317669245
1,clean_reference,4.8100000000000005,-1.7001916073305516
1,clean_reference,4.815,-1.6981474883814829
1,clean_reference,4.82,-1.6960994576839719
1,clean_reference,4.825,-1.694047497782623
1,clean_reference,4.83,-1.691991591002515
1,clean_reference,4.835,-1.6899317194492531
1,clean_reference,4.84,-1.6878678650089496
1,clean_reference,4.845,-1.6858000093481305
1,clean_reference,4.8500000000000005,-1.6837281339135741
1,clean_reference,4.855,-1.6816522199320778
1,clean_reference,4.86,-1.6795722484101538
1,clean_reference,4.865,-1.6774882001336568
1,clean_reference,4.87,-1.675400055667342
1,clean_reference,4.875,-1.6733077953543603
1,clean_reference,4.88,-1.6712113993159465
1,clean_reference,4.885,-1.669110847450652
1,clean_reference,4.89,-1.6670061194336268
1,clean_reference,4.8950000000000005,-1.6648971947159585
1,clean_reference,4.9,-1.6627840525238733
1,clean_reference,4.905,-1.6606666718578778
1,clean_reference,4.91,-1.6585450314918582
1,clean_reference,4.915,-1.6564191099721222
1,clean_reference,4.92,-1.654288885616388
1,clean_reference,4.925,-1.65215433651272
1,clean_reference,4.93,-1.6500154405184089
1,clean_reference,4.9350000000000005,-1.6478721752587944
1,clean_reference,4.94,-1.6457245181260343
1,clean_reference,4.945,-1.6435724462778092
1,clean_reference,4.95,-1.6414159366359753
1,clean_reference,4.955,-1.6392549658851518
1,clean_reference,4.96,-1.6370895104712513
1,clean_reference,4.965,-1.634919546599945
1,clean_reference,4.97,-1.6327450502350678
1,clean_reference,4.9750000000000005,-1.6305659970972488
1,clean_reference,4.98,-1.6283823626621134
1,clean_reference,4.985,-1.6261941221583438
1,clean_reference,4.99,-1.6240012505662644
1,clean_reference,4.995,-1.6218037226159479
1,clean_reference,5.0,-1.6196015127852872
1,clean_reference,5.005,-1.617394595298034
1,clean_reference,5.01,-1.6151829441217984
1,clean_reference,5.015,-1.61296653296601
1,clean_reference,5.0200000000000005,-1.6107453352798358
1,clean_reference,5.025,-1.6085193242500584
1,clean_reference,5.03,-1.6062884727989013
1,clean_reference,5.035,-1.6040527535818114
1,clean_reference,5.04,-1.6018121389851867
1,clean_reference,5.045,-1.5995666011240537
1,clean_reference,5.05,-1.5973161118396875
1,clean_reference,5.055,-1.5950606426971738
1,clean_reference,5.0600000000000005,-1.592800164982913
1,clean_reference,5.065,-1.5905346497020607
1,clean_reference,5.07,-1.5882640675759017
1,clean_reference,5.075,-1.5859883890391606
1,clean_reference,5.08,-1.5837075842372403
1,clean_reference,5.085,-1.5814216230233915
1,clean_reference,5.09,-1.579130474955806
1,clean_reference,5.095,-1.5768341092946347
1,clean_reference,5.1000000000000005,-1.5745324949989283
1,clean_reference,5.105,-1.5722256007234974
1,clean_reference,5.11,-1.5699133948176978
1,clean_reference,5.115,-1.5675958453215995
1,clean_reference,5.12,-1.5652729199602922
1,clean_reference,5.125,-1.5629445861431106
1,clean_reference,5.13,-1.5606108109601633
1,clean_reference,5.135,-1.5582715611788238
1,clean_reference,5.14,-1.5559268032401905
1,clean_reference,5.1450000000000005,-1.5535765032555149
1,clean_reference,5.15,-1.5512206270025943
1,clean_reference,5.155,-1.5488591399221217
1,clean_reference,5.16,-1.546492007113998
1,clean_reference,5.165,-1.5441191933335954
1,clean_reference,5.17,-1.5417406629879715
1,clean_reference,5.175,-1.539356380132035
1,clean_reference,5.18,-1.53696630846465
1,clean_reference,5.1850000000000005,-1.5345704113246883
1,clean_reference,5.19,-1.5321686516870157
1,clean_reference,5.195,-1.5297609921584132
1,clean_reference,5.2,-1.5273473949734335
1,clean_reference,5.205,-1.524927821990182
1,clean_reference,5.21,-1.5225022346860264
1,clean_reference,5.215,-1.5200705941532269
1,clean_reference,5.22,-1.5176328610944854
1,clean_reference,5.2250000000000005,-1.5151889958184106
1,clean_reference,5.23,-1.512738958234898
1,clean_reference,5.235,-1.5102827078504146
1,clean_reference,5.24,-1.5078202037631936
1,clean_reference,5.245,-1.5053514046583305
1,clean_reference,5.25,-1.5028762688027804
1,clean_reference,5.255,-1.5003947540402491
1,clean_reference,5.26,-1.4979068177859807
1,clean_reference,5.265,-1.4954124170214336
1,clean_reference,5.2700000000000005,-1.4929115082888422
1,clean_reference,5.275,-1.4904040476856673
1,clean_reference,5.28,-1.4878899908589196
1,clean_reference,5.285,-1.4853692929993672
1,clean_reference,5.29,-1.4828419088356133
1,clean_reference,5.295,-1.4803077926280463
1,clean_reference,5.3,-1.4777668981715444
1,clean_reference,5.305,-1.475219178787861
1,clean_reference,5.3100000000000005,-1.4726645873081865
1,clean_reference,5.315,-1.470103076073642
1,clean_reference,5.32,-1.467534596929029
1,clean_reference,5.325,-1.4649591012164949
1,clean_reference,5.33,-1.4623765397691066
1,clean_reference,5.335,-1.4597868629043336
1,clean_reference,5.34,-1.4571900204174333
1,clean_reference,5.345,-1.4545859615747412
1,clean_reference,5.3500000000000005,-1.4519746351068563
1,clean_reference,5.355,-1.4493559892017267
1,clean_reference,5.36,-1.4467299714976225
1,clean_reference,5.365,-1.4440965290760026
1,clean_reference,5.37,-1.4414556084542667
1,clean_reference,5.375,-1.4388071555783908
1,clean_reference,5.38,-1.4361511158154439
1,clean_reference,5.385,-1.4334874339459822
1,clean_reference,5.39,-1.4308160541563184
1,clean_reference,5.3950000000000005,-1.4281369200306608
1,clean_reference,5.4,-1.4254499745431264
1,clean_reference,5.405,-1.4227551600496104
1,clean_reference,5.41,-1.420052418279529
1,clean_reference,5.415,-1.4173416903274143
1,clean_reference,5.42,-1.4146229166443682
1,clean_reference,5.425,-1.4118960370293727
1,clean_reference,5.43,-1.4091609906204456
1,clean_reference,5.4350000000000005,-1.4064177158856483
1,clean_reference,5.44,-1.4036661506139383
1,clean_reference,5.445,-1.4009062319058585
1,clean_reference,5.45,-1.3981378961640705
1,clean_reference,5.455,-1.3953610790837228
1,clean_reference,5.46,-1.3925757156426481
1,clean_reference,5.465,-1.3897817400913957
1,clean_reference,5.47,-1.3869790859434277
1,clean_reference,5.4750000000000005,-1.3841676859676184
1,clean_reference,5.48,-1.381347472174658
1,clean_reference,5.485,-1.3785183758067316
1,clean_reference,5.49,-1.375680327327177
1,clean_reference,5.495,-1.3728332564095838
1,clean_reference,5.5,-1.3699770919267158
1,clean_reference,5.505,-1.3671117619392452
1,clean_reference,5.51,-1.3642371936842996
1,clean_reference,5.515,-1.361353313563816
1,clean_reference,5.5200000000000005,-1.358460047132697
1,clean_reference,5.525,-1.3555573190867705
1,clean_reference,5.53,-1.3526450532505376
1,clean_reference,5.535,-1.3497231725647203
1,clean_reference,5.54,-1.3467915990735924
1,clean_reference,5.545,-1.3438502539120958
1,clean_reference,5.55,-1.3408990572927373
1,clean_reference,5.555,-1.337937928492261
1,clean_reference,5.5600000000000005,-1.334966785838094
1,clean_reference,5.565,-1.3319855466945616
1,clean_reference,5.57,-1.3289941274488635
1,clean_reference,5.575,-1.3259924434968153
1,clean_reference,5.58,-1.3229804092283457
1,clean_reference,5.585,-1.3199579380127453
1,clean_reference,5.59,-1.3169249421836673
1,clean_reference,5.595,-1.3138813330238712
1,clean_reference,5.6000000000000005,-1.3108270207497106
1,clean_reference,5.605,-1.3077619144953572
1,clean_reference,5.61,-1.3046859222967582
1,clean_reference,5.615,-1.3015989510753254
1,clean_reference,5.62,-1.2985009066213502
1,clean_reference,5.625,-1.2953916935771392
1,clean_reference,5.63,-1.2922712154198708
1,clean_reference,5.635,-1.2891393744441644
1,clean_reference,5.64,-1.285996071744362
1,clean_reference,5.6450000000000005,-1.2828412071951087
1,clean_reference,5.65,-1.2796746794332419
1,clean_reference,5.655,-1.2764963858410958
1,clean_reference,5.66,-1.2733062225258336
1,clean_reference,5.665,-1.2701040843001001
1,clean_reference,5.67,-1.2668898646623332
1,clean_reference,5.675,-1.2636634557767152
1,clean_reference,5.68,-1.2604247484527602
1,clean_reference,5.6850000000000005,-1.2571736321245306
1,clean_reference,5.69,-1.2539099948294765
1,clean_reference,5.695,-1.250633723186888
1,clean_reference,5.7,-1.2473447023759616
1,clean_reference,5.705,-1.2440428161134682
1,clean_reference,5.71,-1.2407279466310188
1,clean_reference,5.715,-1.2373999746519198
1,clean_reference,5.72,-1.2340587793676157
1,clean_reference,5.7250000000000005,-1.2307042384137072
1,clean_reference,5.73,-1.2273362278455462
1,clean_reference,5.735,-1.2239546221133877
1,clean_reference,5.74,-1.2205592940371117
1,clean_reference,5.745,-1.2171501147804908
1,clean_reference,5.75,-1.2137269538250088
1,clean_reference,5.755,-1.2102896789432167
1,clean_reference,5.76,-1.2068381561716262
1,clean_reference,5.765,-1.2033722497831285
1,clean_reference,5.7700000000000005,-1.1998918222589363
1,clean_reference,5.775,-1.1963967342600423
1,clean_reference,5.78,-1.1928868445981826
1,clean_reference,5.785,-1.1893620102063076
1,clean_reference,5.79,-1.1858220861085464
1,clean_reference,5.795,-1.1822669253896638
1,clean_reference,5.8,-1.178696379163998
1,clean_reference,5.805,-1.1751102965416824
1,clean_reference,5.8100000000000005,-1.1715085245931371
1,clean_reference,5.815,-1.1678909083235676
1,clean_reference,5.82,-1.164257290635771
1,clean_reference,5.825,-1.1606075122958042
1,clean_reference,5.83,-1.1569414118982286
1,clean_reference,5.835,-1.1532588258307024
1,clean_reference,5.84,-1.1495595882379022
1,clean_reference,5.845,-1.1458435309847677
1,clean_reference,5.8500000000000005,-1.1421104836190583
1,clean_reference,5.855,-1.138360273333212
1,clean_reference,5.86,-1.1345927249254872
1,clean_reference,5.865,-1.1308076607603927
1,clean_reference,5.87,-1.1270049007283813
1,clean_reference,5.875,-1.1231842622048036
1,clean_reference,5.88,-1.119345560008108
1,clean_reference,5.885,-1.1154886063572782
1,clean_reference,5.89,-1.1116132108284984
1,clean_reference,5.8950000000000005,-1.1077191803110311
1,clean_reference,5.9,-1.103806318962305
1,clean_reference,5.905,-1.0998744281621906
1,clean_reference,5.91,-1.095923306466465
1,clean_reference,5.915,-1.0919527495594492
1,clean_reference,5.92,-1.0879625502058057
1,clean_reference,5.925,-1.0839524982014899
1,clean_reference,5.93,-1.0799223803238436
1,clean_reference,5.9350000000000005,-1.0758719802808157
1,clean_reference,5.94,-1.0718010786593104
1,clean_reference,5.945,-1.0677094528726345
1,clean_reference,5.95,-1.0635968771070525
1,clean_reference,5.955,-1.0594631222673914
1,clean_reference,5.96,-1.0553079559156233
1,clean_reference,5.965,-1.051131142216653
1,clean_reference,5.97,-1.0469324418849115
1,clean_reference,5.9750000000000005,-1.0427116121229563
1,clean_reference,5.98,-1.0384684065616474
1,clean_reference,5.985,-1.0342025751992339
1,clean_reference,5.99,-1.0299138643393475
1,clean_reference,5.995,-1.025602016527877
1,clean_reference,6.0,-1.021266770488709
1,clean_reference,6.005,-1.0169078610583244
1,clean_reference,6.01,-1.0125250191192239
1,clean_reference,6.015000000000001,-1.0081179715321764
1,clean_reference,6.0200000000000005,-1.0036864410672715
1,clean_reference,6.025,-0.9992301463337507
1,clean_reference,6.03,-0.9947488017086157
1,clean_reference,6.035,-0.9902421172639873
1,clean_reference,6.04,-0.9857097986932011
1,clean_reference,6.045,-0.9811515472356254
1,clean_reference,6.05,-0.9765670596001825
1,clean_reference,6.055,-0.9719560278875589
1,clean_reference,6.0600000000000005,-0.9673181395110864
1,clean_reference,6.065,-0.9626530771162831
1,clean_reference,6.07,-0.9579605184990259
1,clean_reference,6.075,-0.9532401365223533
1,clean_reference,6.08,-0.9484915990318719
1,clean_reference,6.085,-0.9437145687697536
1,clean_reference,6.09,-0.9389087032873071
1,clean_reference,6.095,-0.9340736548561077
1,clean_reference,6.1000000000000005,-0.9292090703776663
1,clean_reference,6.105,-0.9243145912925278
1,clean_reference,6.11,-0.9193898534879327
1,clean_reference,6.115,-0.9144344871924905
1,clean_reference,6.12,-0.9094481168906965
1,clean_reference,6.125,-0.9044303612256067
1,clean_reference,6.13,-0.899380832898382
1,clean_reference,6.135,-0.8942991385665584
1,clean_reference,6.140000000000001,-0.889184878741021
1,clean_reference,6.1450000000000005,-0.884037647681667
1,clean_reference,6.15,-0.8788570332917205
1,clean_reference,6.155,-0.8736426170106977
1,clean_reference,6.16,-0.8683939737059864
1,clean_reference,6.165,-0.8631106715630245
1,clean_reference,6.17,-0.8577922719740538
1,clean_reference,6.175,-0.8524383294254302
1,clean_reference,6.18,-0.8470483913834642
1,clean_reference,6.1850000000000005,-0.8416219981787761
1,clean_reference,6.19,-0.8361586828891429
1,clean_reference,6.195,-0.8306579712208064
1,clean_reference,6.2,-0.8251193813882378
1,clean_reference,6.205,-0.8195424239923235
1,clean_reference,6.21,-0.8139266018969555
1,clean_reference,6.215,-0.8082714101040068
1,clean_reference,6.22,-0.802576335626666
1,clean_reference,6.2250000000000005,-0.796840857361112
1,clean_reference,6.23,-0.7910644459565134
1,clean_reference,6.235,-0.7852465636833128
1,clean_reference,6.24,-0.7793866642997984
1,clean_reference,6.245,-0.7734841929169246
1,clean_reference,6.25,-0.7675385858613655
1,clean_reference,6.255,-0.7615492705775585
1,clean_reference,6.26,-0.7555156655082953
1,clean_reference,6.265000000000001,-0.74943717988543
1,clean_reference,6.2700000000000005,-0.7433132136331437
1,clean_reference,6.275,-0.7371431572283969
1,clean_reference,6.28,-0.7309263915612927
1,clean_reference,6.285,-0.7246622877958563
1,clean_reference,6.29,-0.718350207231246
1,clean_reference,6.295,-0.7119895011634103
1,clean_reference,6.3,-0.7055795107472038
1,clean_reference,6.305,-0.6991195668589724
1,clean_reference,6.3100000000000005,-0.6926089899596213
1,clean_reference,6.315,-0.6860470899581864
1,clean_reference,6.32,-0.679433166075901
1,clean_reference,6.325,-0.6727665067107977
1,clean_reference,6.33,-0.6660463893028383
1,clean_reference,6.335,-0.6592720801995922
1,clean_reference,6.34,-0.6524428345224751
1,clean_reference,6.345,-0.6455578960335613
1,clean_reference,6.3500000000000005,-0.6386164970029785
1,clean_reference,6.355,-0.6316178580769098
1,clean_reference,6.36,-0.6245611881477356
1,clean_reference,6.365,-0.6174456842997174
1,clean_reference,6.37,-0.6102705316558737
1,clean_reference,6.375,-0.6030349032423075
1,clean_reference,6.38,-0.5957379598988629
1,clean_reference,6.385,-0.5883788501724779
1,clean_reference,6.390000000000001,-0.5809567102173732
1,clean_reference,6.3950000000000005,-0.5734706637022586
1,clean_reference,6.4,-0.5659198217247152
1,clean_reference,6.405,-0.5583032827329479
1,clean_reference,6.41,-0.5506201324550679
1,clean_reference,6.415,-0.5428694438360836
1,clean_reference,6.42,-0.5350502769827737
1,clean_reference,6.425,-0.527161679116617
1,clean_reference,6.43,-0.5192026845349519
1,clean_reference,6.4350000000000005,-0.5111723145805389
1,clean_reference,6.44,-0.503069577619708
1,clean_reference,6.445,-0.4948934690296005
1,clean_reference,6.45,-0.4866429712522277
1,clean_reference,6.455,-0.4783170538153436
1,clean_reference,6.46,-0.46991467334404474
1,clean_reference,6.465,-0.46143477363257923
1,clean_reference,6.47,-0.45287628571448385
1,clean_reference,6.4750000000000005,-0.44423812795407813
1,clean_reference,6.48,-0.4355192061598387
1,clean_reference,6.485,-0.42671841372014324
1,clean_reference,6.49,-0.41783463176192914
1,clean_reference,6.495,-0.4088667293327566
1,clean_reference,6.5,-0.3998135636067988
1,clean_reference,6.505,-0.39067398011527227
1,clean_reference,6.51,-0.38144681300181865
1,clean_reference,6.515000000000001,-0.3721308853033517
1,clean_reference,6.5200000000000005,-0.3627250092577009
1,clean_reference,6.525,-0.353227986705747
1,clean_reference,6.53,-0.3436386094729323
1,clean_reference,6.535,-0.3339556597786716
1,clean_reference,6.54,-0.3241779107150261
1,clean_reference,6.545,-0.31430412674911057
1,clean_reference,6.55,-0.3043330642745006
1,clean_reference,6.555,-0.2942634722125974
1,clean_reference,6.5600000000000005,-0.2840940926649049
1,clean_reference,6.565,-0.27382366161718746
1,clean_reference,6.57,-0.2634509096964392
1,clean_reference,6.575,-0.2529745629816563
1,clean_reference,6.58,-0.24239334386934477
1,clean_reference,6.585,-0.2317059719947297
1,clean_reference,6.59,-0.22091116520962267
1,clean_reference,6.595,-0.21000764062053348
1,clean_reference,6.6000000000000005,-0.19899411581001863
1,clean_reference,6.605,-0.18786931002402982
1,clean_reference,6.61,-0.17663194541256944
1,clean_reference,6.615,-0.1652807484117204
1,clean_reference,6.62,-0.1538144511876423
1,clean_reference,6.625,-0.1422317931710465
1,clean_reference,6.63,-0.13053152268383372
1,clean_reference,6.635,-0.1187123986595794
1,clean_reference,6.640000000000001,-0.1067731924595501
1,clean_reference,6.6450000000000005,-0.09471268978594842
1,clean_reference,6.65,-0.08252969269404092
1,clean_reference,6.655,-0.07022302170489556
1,clean_reference,6.66,-0.05779151803116504
1,clean_reference,6.665,-0.04523404597719224
1,clean_reference,6.67,-0.03254949536458663
1,clean_reference,6.675,-0.019736784116658433
1,clean_reference,6.68,-0.0067948609658615156
1,clean_reference,6.6850000000000005,0.006277291716261471
1,clean_reference,6.69,0.019480654961568367
1,clean_reference,6.695,0.032816170118773955
1,clean_reference,6.7,0.04628473563632396
1,clean_reference,6.705,0.05988720371321961
1,clean_reference,6.71,0.0736243768162757
1,clean_reference,6.715,0.08749700405910266
1,clean_reference,6.72,0.10150577744056928
1,clean_reference,6.7250000000000005,0.11565132796182588
1,clean_reference,6.73,0.1299342215976368
1,clean_reference,6.735,0.14435495513423202
1,clean_reference,6.74,0.15891395187796667
1,clean_reference,6.745,0.1736115572361715
1,clean_reference,6.75,0.18844803417153008
1,clean_reference,6.755,0.2034235585313349
1,clean_reference,6.76,0.2185382142529729
1,clean_reference,6.765000000000001,0.23379198846250376
1,clean_reference,6.7700000000000005,0.24918476648437954
1,clean_reference,6.775,0.2647163267372607
1,clean_reference,6.78,0.28038633555371567
1,clean_reference,6.785,0.29619434190031574
1,clean_reference,6.79,0.3121397720457031
1,clean_reference,6.795,0.3282219241862468
1,clean_reference,6.8,0.3444399630380893
1,clean_reference,6.805,0.36079291440438543
1,clean_reference,6.8100000000000005,0.3772796597265376
1,clean_reference,6.815,0.39389893062821346
1,clean_reference,6.82,0.41064930346099016
1,clean_reference,6.825,0.4275291939950556
1,clean_reference,6.83,0.4445368522527986
1,clean_reference,6.835,0.4616703572308605
1,clean_reference,6.84,0.47892761189310223
1,clean_reference,6.845,0.49630633828334386
1,clean_reference,6.8500000000000005,0.5138040728351275
1,clean_reference,6.855,0.5314181619037069
1,clean_reference,6.86,0.5491457575455165
1,clean_reference,6.865,0.5669838135702644
1,clean_reference,6.87,0.5849290818909016
1,clean_reference,6.875,0.6029781092042228
1,clean_reference,6.88,0.6211272341685604
1,clean_reference,6.885,0.6393725849162677
1,clean_reference,6.890000000000001,0.6577100770084288
1,clean_reference,6.8950000000000005,0.6761354119333165
1,clean_reference,6.9,0.6946440761202387
1,clean_reference,6.905,0.7132313405141897
1,clean_reference,6.91,0.7318922607504142
1,clean_reference,6.915,0.7506216779679163
1,clean_reference,6.92,0.7694142203009731
1,clean_reference,6.925,0.7882643050877085
1,clean_reference,6.93,0.8071661417926081
1,clean_reference,6.9350000000000005,0.8261137356124562
1,clean_reference,6.94,0.8451008919583707
1,clean_reference,6.945,0.8641212216899828
1,clean_reference,6.95,0.8831681471955287
1,clean_reference,6.955,0.9022349092598602
1,clean_reference,6.96,0.9213145747431813
1,clean_reference,6.965,0.9404000450957479
1,clean_reference,6.97,0.9594840657337635
1,clean_reference,6.9750000000000005,0.9785592363017126
1,clean_reference,6.98,0.9976180217680269
1,clean_reference,6.985,1.0166527639442422
1,clean_reference,6.99,1.0356556941912047
1,clean_reference,6.995,1.0546189466969504
1,clean_reference,7.0,1.0735345724633523
1,clean_reference,7.005,1.0923945539281747
1,clean_reference,7.01,1.1111908201730631
1,clean_reference,7.015000000000001,1.1299152626835398
1,clean_reference,7.0200000000000005,1.1485597516270711
1,clean_reference,7.025,1.1671161526088307
1,clean_reference,7.03,1.1855763436165478
1,clean_reference,7.035,1.2039322322878532
1,clean_reference,7.04,1.2221757734665561
1,clean_reference,7.045,1.2402989867742322
1,clean_reference,7.05,1.2582939742427066
1,clean_reference,7.055,1.2761529378940457
1,clean_reference,7.0600000000000005,1.2938681971698507
1,clean_reference,7.065,1.311432206111623
1,clean_reference,7.07,1.3288375701940414
1,clean_reference,7.075,1.3460770627759273
1,clean_reference,7.08,1.3631436411208757
1,clean_reference,7.085,1.3800304617394012
1,clean_reference,7.09,1.3967308951016562
1,clean_reference,7.095,1.413238539625846
1,clean_reference,7.1000000000000005,1.4295472349060518
1,clean_reference,7.105,1.4456510740774076
1,clean_reference,7.11,1.4615444152163433
1,clean_reference,7.115,1.4772218916769477
1,clean_reference,7.12,1.4926784215750482
1,clean_reference,7.125,1.5079092162525205
1,clean_reference,7.13,1.5229097874805408
1,clean_reference,7.135,1.5376759536333098
1,clean_reference,7.140000000000001,1.5522038447463666
1,clean_reference,7.1450000000000005,1.5664899064837534
1,clean_reference,7.15,1.580530902978961
1,clean_reference,7.155,1.5943239185144988
1,clean_reference,7.16,1.6078663580053691
1,clean_reference,7.165,1.621155946531049
1,clean_reference,7.17,1.6341907279669867
1,clean_reference,7.175,1.646969062277314
1,clean_reference,7.18,1.6594896220266602
1,clean_reference,7.1850000000000005,1.671751387920452
1,clean_reference,7.19,1.6837536434704055
1,clean_reference,7.195,1.6954959688364455
1,clean_reference,7.2,1.7069782338962156
1,clean_reference,7.205,1.7182005905963238
1,clean_reference,7.21,1.7291634646772023
1,clean_reference,7.215,1.7398675467928522
1,clean_reference,7.22,1.7503137831256612
1,clean_reference,7.2250000000000005,1.7605033655475983
1,clean_reference,7.23,1.7704377213639835
1,clean_reference,7.235,1.7801185027242854
1,clean_reference,7.24,1.789547575785336
1,clean_reference,7.245,1.798727009711541
1,clean_reference,7.25,1.8076590654580529
1,clean_reference,7.255,1.8163461844197182
1,clean_reference,7.26,1.8247909771407034
1,clean_reference,7.265000000000001,1.8329962119970504
1,clean_reference,7.2700000000000005,1.8409648039253066
1,clean_reference,7.275,1.84869980323076
1,clean_reference,7.28,1.8562043845426628
1,clean_reference,7.285,1.8634818359838687
1,clean_reference,7.29,1.8705355486120203
1,clean_reference,7.295,1.8773690059437784
1,clean_reference,7.3,1.8839857738225843
1,clean_reference,7.305,1.8903894906249874
1,clean_reference,7.3100000000000005,1.8965838577583698
1,clean_reference,7.315,1.9025726304900465
1,clean_reference,7.32,1.908359609106962
1,clean_reference,7.325,1.9139486304306983
1,clean_reference,7.33,1.9193435597125579
1,clean_reference,7.335,1.9245482829334526
1,clean_reference,7.34,1.929566699532282
1,clean_reference,7.345,1.9344027153938315
1,clean_reference,7.3500000000000005,1.9390602361960798
1,clean_reference,7.355,1.9435431613119467
1,clean_reference,7.36,1.9478553779603207
1,clean_reference,7.365,1.9520007557614985
1,clean_reference,7.37,1.9559831416592326
1,clean_reference,7.375,1.9598063551982892
1,clean_reference,7.38,1.9634741841464176
1,clean_reference,7.385,1.9669903804522926
1,clean_reference,7.390000000000001,1.970358656552954
1,clean_reference,7.3950000000000005,1.9735826819831372
1,clean_reference,7.4,1.9766660802889646
1,clean_reference,7.405,1.979612426236197
1,clean_reference,7.41,1.9824252433097245
1,clean_reference,7.415,1.9851080014848475
1,clean_reference,7.42,1.987664115248453
1,clean_reference,7.425,1.9900969418482073
1,clean_reference,7.43,1.992409779777754
1,clean_reference,7.4350000000000005,1.9946058675383236
1,clean_reference,7.44,1.996688382528993
1,clean_reference,7.445,1.998660440169618
1,clean_reference,7.45,2.0005250932038035
1,clean_reference,7.455,2.002285331173439
1,clean_reference,7.46,2.003944080046361
1,clean_reference,7.465,2.005504201995321
1,clean_reference,7.47,2.006968495325735
1,clean_reference,7.4750000000000005,2.0083396945183094
1,clean_reference,7.48,2.009620470395749
1,clean_reference,7.485,2.0108134304009986
1,clean_reference,7.49,2.0119211189747177
1,clean_reference,7.495,2.012946018017843
1,clean_reference,7.5,2.0138905474456608
1,clean_reference,7.505,2.0147570658177774
1,clean_reference,7.51,2.0155478710304666
1,clean_reference,7.515000000000001,2.0162652010743276
1,clean_reference,7.5200000000000005,2.016911234848346
1,clean_reference,7.525,2.017488093020873
1,clean_reference,7.53,2.017997838929234
1,clean_reference,7.535,2.0184424795258074
1,clean_reference,7.54,2.018823966351602
1,clean_reference,7.545,2.019144196536297
1,clean_reference,7.55,2.019405013822486
1,clean_reference,7.555,2.0196082096118553
1,clean_reference,7.5600000000000005,2.0197555240265994
1,clean_reference,7.565,2.019848646978983
1,clean_reference,7.57,2.019889219243726
1,clean_reference,7.575,2.019878833551931
1,clean_reference,7.58,2.019819035678179
1,clean_reference,7.585,2.019711325526228
1,clean_reference,7.59,2.019557158213641
1,clean_reference,7.595,2.019357945153637
1,clean_reference,7.6000000000000005,2.019115055132093
1,clean_reference,7.605,2.018829815376078
1,clean_reference,7.61,2.018503512610276
1,clean_reference,7.615,2.018137394097681
1,clean_reference,7.62,2.017732668674228
1,clean_reference,7.625,2.0172905077803756
1,clean_reference,7.63,2.0168120464583943
1,clean_reference,7.635,2.0162983843460505
1,clean_reference,7.640000000000001,2.01575058664993
1,clean_reference,7.6450000000000005,2.015169685103521
1,clean_reference,7.65,2.014556678908993
1,clean_reference,7.655,2.0139125356616066
1,clean_reference,7.66,2.0132381922556855
1,clean_reference,7.665,2.0125345557710808
1,clean_reference,7.67,2.011802504339064
1,clean_reference,7.675,2.0110428879865787
1,clean_reference,7.68,2.010256529465138
1,clean_reference,7.6850000000000005,2.009444225080861
1,clean_reference,7.69,2.0086067454688945
1,clean_reference,7.695,2.0077448363702857
1,clean_reference,7.7,2.0068592193869987
1,clean_reference,7.705,2.0059505927169345
1,clean_reference,7.71,2.0050196318699154
1,clean_reference,7.715,2.004066990365037
1,clean_reference,7.72,2.003093300409825
1,clean_reference,7.7250000000000005,2.0020991735615947
1,clean_reference,7.73,2.0010852013714495
1,clean_reference,7.735,2.000051956011321
1,clean_reference,7.74,1.9989999908836447
1,clean_reference,7.745,1.9979298412077529
1,clean_reference,7.75,1.9968420245971576
1,clean_reference,7.755,1.9957370416179068
1,clean_reference,7.76,1.99461537633118
1,clean_reference,7.765000000000001,1.9934774968196651
1,clean_reference,7.7700000000000005,1.9923238556978862
1,clean_reference,7.775,1.991154890607223
1,clean_reference,7.78,1.9899710246963669
1,clean_reference,7.785,1.988772667087948
1,clean_reference,7.79,1.987560213332077
1,clean_reference,7.795,1.9863340458474799
1,clean_reference,7.8,1.9850945343429556
1,clean_reference,7.805000000000001,1.9838420362272988
1,clean_reference,7.8100000000000005,1.9825768970118913
1,clean_reference,7.815,1.981299450696964
1,clean_reference,7.82,1.9800100201467181
1,clean_reference,7.825,1.9787089174519583
1,clean_reference,7.83,1.9773964442809244
1,clean_reference,7.835,1.9760728922190276
1,clean_reference,7.84,1.9747385430981768
1,clean_reference,7.845,1.9733936693163954
1,clean_reference,7.8500000000000005,1.9720385341484206
1,clean_reference,7.855,1.970673392046015
1,clean_reference,7.86,1.9692984889196785
1,clean_reference,7.865,1.967914062423333
1,clean_reference,7.87,1.9665203422244606
1,clean_reference,7.875,1.9651175502664147
1,clean_reference,7.88,1.963705901021881
1,clean_reference,7.885,1.9622856017375778
1,clean_reference,7.890000000000001,1.9608568526707506
1,clean_reference,7.8950000000000005,1.9594198473180058
1,clean_reference,7.9,1.9579747726370382
1,clean_reference,7.905,1.956521809261799
1,clean_reference,7.91,1.9550611317116566
1,clean_reference,7.915,1.9535929085925468
1,clean_reference,7.92,1.952117302783895
1,clean_reference,7.925,1.950634471631438
1,clean_reference,7.930000000000001,1.949144567127276
1,clean_reference,7.9350000000000005,1.9476477360854423
1,clean_reference,7.94,1.9461441203113128
1,clean_reference,7.945,1.9446338567649954
1,clean_reference,7.95,1.9431170777190894
1,clean_reference,7.955,1.941593910911218
1,clean_reference,7.96,1.9400644796917272
1,clean_reference,7.965,1.9385289031669515
1,clean_reference,7.97,1.9369872963384391
1,clean_reference,7.9750000000000005,1.9354397702383104
1,clean_reference,7.98,1.9338864320534312
1,clean_reference,7.985,1.93232738525078
1,clean_reference,7.99,1.9307627296997198
1,clean_reference,7.995,1.9291925617878711
1,clean_reference,8.0,1.9276169745339278
1,clean_reference,8.005,1.9260360576963185
1,clean_reference,8.01,1.9244498978779956
1,clean_reference,8.015,1.9228585786276053
1,clean_reference,8.02,1.9212621805373253
1,clean_reference,8.025,1.9196607813376194
1,clean_reference,8.03,1.9180544559891968
1,clean_reference,8.035,1.9164432767724278
1,clean_reference,8.040000000000001,1.9148273133744562
1,clean_reference,8.045,1.9132066329685322
1,clean_reference,8.05,1.911581300293036
1,clean_reference,8.055,1.9099513777313677
1,clean_reference,8.06,1.9083169253856045
1,clean_reference,8.065,1.9066780011488913
1,clean_reference,8.07,1.9050346607751156
1,clean_reference,8.075,1.9033869579460567
1,clean_reference,8.08,1.9017349443361633
1,clean_reference,8.085,1.90007866967515
1,clean_reference,8.09,1.8984181818085701
1,clean_reference,8.095,1.896753526756544
1,clean_reference,8.1,1.8950847487708204
1,clean_reference,8.105,1.8934118903903276
1,clean_reference,8.11,1.8917349924953013
1,clean_reference,8.115,1.890054094354862
1,clean_reference,8.120000000000001,1.8883692336769837
1,clean_reference,8.125,1.8866804466579397
1,clean_reference,8.13,1.884987768027756
1,clean_reference,8.135,1.8832912310950567
1,clean_reference,8.14,1.8815908677902085
1,clean_reference,8.145,1.8798867087068938
1,clean_reference,8.15,1.8781787831421926
1,clean_reference,8.155,1.8764671191353042
1,clean_reference,8.16,1.874751743504987
1,clean_reference,8.165000000000001,1.8730326818858485
1,clean_reference,8.17,1.8713099587635684
1,clean_reference,8.175,1.8695835975091712
1,clean_reference,8.18,1.8678536204124574
1,clean_reference,8.185,1.8661200487143448
1,clean_reference,8.19,1.8643829026337082
1,clean_reference,8.195,1.8626422013991752
1,clean_reference,8.2,1.8608979632779943
1,clean_reference,8.205,1.8591502056032991
1,clean_reference,8.21,1.857398944800946
1,clean_reference,8.215,1.8556441964153296
1,clean_reference,8.22,1.8538859751342422
1,clean_reference,8.225,1.85212429481285
1,clean_reference,8.23,1.8503591684968224
1,clean_reference,8.235,1.848590608444704
1,clean_reference,8.24,1.8468186261495643
1,clean_reference,8.245000000000001,1.8450432323600061
1,clean_reference,8.25,1.8432644371005809
1,clean_reference,8.255,1.8414822496916743
1,clean_reference,8.26,1.839696678768933
1,clean_reference,8.265,1.8379077323017194
1,clean_reference,8.27,1.8361154176076069
1,clean_reference,8.275,1.8343197413721366
1,clean_reference,8.28,1.8325207096648748
1,clean_reference,8.285,1.830718327955184
1,clean_reference,8.290000000000001,1.8289126011276884
1,clean_reference,8.295,1.8271035334971442
1,clean_reference,8.3,1.8252911288227485
1,clean_reference,8.305,1.8234753903219303
1,clean_reference,8.31,1.8216563206836403
1,clean_reference,8.315,1.819833922081189
1,clean_reference,8.32,1.8180081961846521
1,clean_reference,8.325,1.81617914417289
1,clean_reference,8.33,1.8143467667451978
1,clean_reference,8.335,1.8125110641326387
1,clean_reference,8.34,1.810672036109077
1,clean_reference,8.345,1.8088296820019492
1,clean_reference,8.35,1.8069840007023967
1,clean_reference,8.355,1.8051349906726484
1,clean_reference,8.36,1.8032826499575456
1,clean_reference,8.365,1.8014269761932251
1,clean_reference,8.370000000000001,1.799567966615717
1,clean_reference,8.375,1.797705618069407
1,clean_reference,8.38,1.7958399270151648
1,clean_reference,8.385,1.7939708895381585
1,clean_reference,8.39,1.7920985013553552
1,clean_reference,8.395,1.7902227578227488
1,clean_reference,8.4,1.788343653942304
1,clean_reference,8.405,1.786461184368659
1,clean_reference,8.41,1.78457534341558
1,clean_reference,8.415000000000001,1.7826861250622041
1,clean_reference,8.42,1.7807935229590726
1,clean_reference,8.425,1.7788975304339756
1,clean_reference,8.43,1.776998140497631
1,clean_reference,8.435,1.7750953458491996
1,clean_reference,8.44,1.7731891388815937
1,clean_reference,8.445,1.7712795116850084
1,clean_reference,8.45,1.7693664560525062
1,clean_reference,8.455,1.7674499634848568
1,clean_reference,8.46,1.7655300251946515
1,clean_reference,8.465,1.763606632110509
1,clean_reference,8.47,1.761679774881097
1,clean_reference,8.475,1.7597494438789818
1,clean_reference,8.48,1.7578156292042935
1,clean_reference,8.485,1.7558783206882407
1,clean_reference,8.49,1.7539375078964536
1,clean_reference,8.495000000000001,1.7519931801321869
1,clean_reference,8.5,1.750045326439372
1,clean_reference,8.505,1.7480939356055318
1,clean_reference,8.51,1.746138996164571
1,clean_reference,8.515,1.744180496399435
1,clean_reference,8.52,1.7422184243446603
1,clean_reference,8.525,1.7402527677888069
1,clean_reference,8.53,1.7382835142767974
1,clean_reference,8.535,1.7363106511121493
1,clean_reference,8.540000000000001,1.7343341653588324
1,clean_reference,8.545,1.732354043842646
1,clean_reference,8.55,1.730370273153786
1,clean_reference,8.555,1.728382839648335
1,clean_reference,8.56,1.7263917294498277
1,clean_reference,8.565,1.7243969284507414
1,clean_reference,8.57,1.7223984223138749
1,clean_reference,8.575000000000001,1.7203961964736412
1,clean_reference,8.58,1.7183902361372578
1,clean_reference,8.585,1.7163805262858438
1,clean_reference,8.59,1.7143670516754315
1,clean_reference,8.595,1.7123497968378794
1,clean_reference,8.6,1.7103287460817063
1,clean_reference,8.605,1.7083038834928304
1,clean_reference,8.61,1.7062751929352347
1,clean_reference,8.615,1.7042426580515373
1,clean_reference,8.620000000000001,1.7022062622634946
1,clean_reference,8.625,1.7001659887724172
1,clean_reference,8.63,1.6981218205595083
1,clean_reference,8.635,1.696073740386138
1,clean_reference,8.64,1.6940217307940297
1,clean_reference,8.645,1.6919657741054144
1,clean_reference,8.65,1.6899058524229826
1,clean_reference,8.655,1.6878419476299424
1,clean_reference,8.66,1.685774041389929
1,clean_reference,8.665000000000001,1.6837021151468283
1,clean_reference,8.67,1.6816261501245378
1,clean_reference,8.675,1.6795461273266636
1,clean_reference,8.68,1.6774620275361707
1,clean_reference,8.685,1.675373831314957
1,clean_reference,8.69,1.6732815190033838
1,clean_reference,8.695,1.6711850707197282
1,clean_reference,8.700000000000001,1.6690844663595898
1,clean_reference,8.705,1.6669796855952255
1,clean_reference,8.71,1.6648707078748213
1,clean_reference,8.715,1.6627575124217113
1,clean_reference,8.72,1.6606400782335198
1,clean_reference,8.725,1.658518384081251
1,clean_reference,8.73,1.6563924085083046
1,clean_reference,8.735,1.6542621298294375
1,clean_reference,8.74,1.6521275261296458
1,clean_reference,8.745000000000001,1.6499885752631014
1,clean_reference,8.75,1.6478452548523124
1,clean_reference,8.755,1.6456975422863622
1,clean_reference,8.76,1.6435454147198734
1,clean_reference,8.765,1.6413888490716533
1,clean_reference,8.77,1.639227822023269
1,clean_reference,8.775,1.637062310017567
1,clean_reference,8.78,1.6348922892571633
1,clean_reference,8.785,1.632717735702877
1,clean_reference,8.790000000000001,1.6305386250721285
1,clean_reference,8.795,1.6283549328372828
1,clean_reference,8.8,1.626166634223942
1,clean_reference,8.805,1.623973704209195
1,clean_reference,8.81,1.621776117519803
1,clean_reference,8.815,1.6195738486303404
1,clean_reference,8.82,1.6173668717612684
1,clean_reference,8.825000000000001,1.615155160876962
1,clean_reference,8.83,1.6129386896836686
1,clean_reference,8.835,1.6107174316274038
1,clean_reference,8.84,1.608491359891794
1,clean_reference,8.845,1.60626044739584
1,clean_reference,8.85,1.6040246667916265
1,clean_reference,8.855,1.6017839904619509
1,clean_reference,8.86,1.5995383905180964
1,clean_reference,8.865,1.5972878387984861
1,clean_reference,8.870000000000001,1.5950323068643404
1,clean_reference,8.875,1.5927717659981866
1,clean_reference,8.88,1.5905061872014485
1,clean_reference,8.885,1.5882355411917273
1,clean_reference,8.89,1.5859597984000422
1,clean_reference,8.895,1.5836789289680526
1,clean_reference,8.9,1.5813929027452314
1,clean_reference,8.905,1.5791016892860132
1,clean_reference,8.91,1.5768052578468916
1,clean_reference,8.915000000000001,1.5745035773834817
1,clean_reference,8.92,1.5721966165475314
1,clean_reference,8.925,1.5698843436838816
1,clean_reference,8.93,1.5675667268273843
1,clean_reference,8.935,1.5652437336997527
1,clean_reference,8.94,1.562915331706367
1,clean_reference,8.945,1.5605814879330075
1,clean_reference,8.950000000000001,1.558242169142535
1,clean_reference,8.955,1.5558973417714996
1,clean_reference,8.96,1.5535469719266786
1,clean_reference,8.965,1.5511910253815508
1,clean_reference,8.97,1.5488294675726866
1,clean_reference,8.975,1.546462263596069
1,clean_reference,8.98,1.544089378203327
1,clean_reference,8.985,1.541710775797894
1,clean_reference,8.99,1.5393264204310713
1,clean_reference,8.995000000000001,1.536936275798011
1,clean_reference,9.0,1.5345403052336037
1,clean_reference,9.005,1.5321384717082676
1,clean_reference,9.01,1.5297307378236513
1,clean_reference,9.015,1.5273170658082234
1,clean_reference,9.02,1.5248974175132457
1,clean_reference,9.025,1.5224717544142692
1,clean_reference,9.03,1.520040037599569
1,clean_reference,9.035,1.5176022277665442
1,clean_reference,9.040000000000001,1.515158285218497
1,clean_reference,9.045,1.512708169859898
1,clean_reference,9.05,1.5102518411915917
1,clean_reference,9.055,1.507789258305955
1,clean_reference,9.06,1.5053203798819823
1,clean_reference,9.065,1.50284516418032
1,clean_reference,9.07,1.5003635690382189
1,clean_reference,9.075000000000001,1.4978755518644318
1,clean_reference,9.08,1.4953810696340273
1,clean_reference,9.085,1.4928800788831307
1,clean_reference,9.09,1.4903725357035909
1,clean_reference,9.095,1.4878583957375555
1,clean_reference,9.1,1.485337614171974
1,clean_reference,9.105,1.4828101457329987
1,clean_reference,9.11,1.4802759446803089
1,clean_reference,9.115,1.4777349648013276
1,clean_reference,9.120000000000001,1.475187159405355
1,clean_reference,9.125,1.4726324813175922
1,clean_reference,9.13,1.470070882873063
1,clean_reference,9.135,1.4675023159104392
1,clean_reference,9.14,1.464926731765742
1,clean_reference,9.145,1.462344081265948
1,clean_reference,9.15,1.459754314722465
1,clean_reference,9.155,1.457157381924505
1,clean_reference,9.16,1.4545532321323218
1,clean_reference,9.165000000000001,1.451941814070338
1,clean_reference,9.17,1.4493230759201379
1,clean_reference,9.175,1.4466969653133281
1,clean_reference,9.18,1.4440634293242776
1,clean_reference,9.185,1.4414224144627061
1,clean_reference,9.19,1.4387738666661503
1,clean_reference,9.195,1.4361177312922708
1,clean_reference,9.200000000000001,1.4334539531116088
1,clean_reference,9.205,1.4307824763061168
1,clean_reference,9.21,1.4281032444536934
1,clean_reference,9.215,1.4254162005207665
1,clean_reference,9.22,1.4227212868554082
1,clean_reference,9.225,1.4200184451790525
1,clean_reference,9.23,1.4173076165780685
1,clean_reference,9.235,1.41458874149522
1,clean_reference,9.24,1.4118617597209742
1,clean_reference,9.245000000000001,1.409126610384687
1,clean_reference,9.25,1.40638323194564
1,clean_reference,9.255,1.4036315621839304
1,clean_reference,9.26,1.4008715381912253
1,clean_reference,9.265,1.3981030963613499
1,clean_reference,9.27,1.3953261723807364
1,clean_reference,9.275,1.3925407012187019
1,clean_reference,9.28,1.3897466171175785
1,clean_reference,9.285,1.3869438535826673
1,clean_reference,9.290000000000001,1.3841323433720347
1,clean_reference,9.295,1.3813120184861347
1,clean_reference,9.3,1.378482810157251
1,clean_reference,9.305,1.3756446488387755
1,clean_reference,9.31,1.3727974641942902
1,clean_reference,9.315,1.3699411850864818
1,clean_reference,9.32,1.3670757395658517
1,clean_reference,9.325000000000001,1.3642010548592518
1,clean_reference,9.33,1.3613170573582163
1,clean_reference,9.335,1.3584236726070953
1,clean_reference,9.34,1.3555208252909994
1,clean_reference,9.345,1.3526084392235251
1,clean_reference,9.35,1.3496864373342883
1,clean_reference,9.355,1.3467547416562322
1,clean_reference,9.36,1.3438132733127384
1,clean_reference,9.365,1.3408619525045018
1,clean_reference,9.370000000000001,1.3379006984962047
1,clean_reference,9.375,1.3349294296029541
1,clean_reference,9.38,1.3319480631765024
1,clean_reference,9.385,1.3289565155916598
1,clean_reference,9.39,1.3259547022320948
1,clean_reference,9.395,1.3229425374752788
1,clean_reference,9.4,1.3199199346777375
1,clean_reference,9.405,1.3168868061600996
1,clean_reference,9.41,1.313843063191869
1,clean_reference,9.415000000000001,1.3107886159759408
1,clean_reference,9.42,1.3077233736328373
1,clean_reference,9.425,1.3046472441846622
1,clean_reference,9.43,1.3015601345387835
1,clean_reference,9.435,1.2984619504712127
1,clean_reference,9.44,1.2953525966097075
1,clean_reference,9.445,1.2922319764165575
1,clean_reference,9.450000000000001,1.2890999921710868
1,clean_reference,9.455,1.2859565449518335
1,clean_reference,9.46,1.2828015346184187
1,clean_reference,9.465,1.2796348597931075
1,clean_reference,9.47,1.276456417842031
1,clean_reference,9.475,1.273266104856098
1,clean_reference,9.48,1.2700638156315556
1,clean_reference,9.485,1.2668494436502304
1,clean_reference,9.49,1.263622881059409
1,clean_reference,9.495000000000001,1.2603840186513866
1,clean_reference,9.5,1.2571327458426538
1,clean_reference,9.505,1.2538689506527232
1,clean_reference,9.51,1.2505925196826064
1,clean_reference,9.515,1.2473033380929066
1,clean_reference,9.52,1.244001289581555
1,clean_reference,9.525,1.2406862563611538
1,clean_reference,9.53,1.237358119135954
1,clean_reference,9.535,1.2340167570784266
1,clean_reference,9.540000000000001,1.2306620478054606
1,clean_reference,9.545,1.2272938673540255
1,clean_reference,9.55,1.2239120901523497
1,clean_reference,9.555,1.220516588998863
1,clean_reference,9.56,1.2171072350368806
1,clean_reference,9.565,1.2136838977269337
1,clean_reference,9.57,1.210246444820209
1,clean_reference,9.575000000000001,1.206794742331511
1,clean_reference,9.58,1.2033286545117066
1,clean_reference,9.585,1.199848043819654
1,clean_reference,9.59,1.196352770893624
1,clean_reference,9.595,1.1928426945221702
1,clean_reference,9.6,1.189317671614481
1,clean_reference,9.605,1.1857775571701636
1,clean_reference,9.61,1.182222204248492
1,clean_reference,9.615,1.1786514639370698
1,clean_reference,9.620000000000001,1.1750651853199419
1,clean_reference,9.625,1.1714632154451086
1,clean_reference,9.63,1.1678453992914524
1,clean_reference,9.635,1.1642115797350787
1,clean_reference,9.64,1.1605615975150319
1,clean_reference,9.645,1.1568952911984152
1,clean_reference,9.65,1.153212497144868
1,clean_reference,9.655,1.1495130494704322
1,clean_reference,9.66,1.145796780010757
1,clean_reference,9.665000000000001,1.1420635182836751
1,clean_reference,9.67,1.1383130914511086
1,clean_reference,9.675,1.1345453242803103
1,clean_reference,9.68,1.1307600391044432
1,clean_reference,9.685,1.1269570557824584
1,clean_reference,9.69,1.1231361916583054
1,clean_reference,9.695,1.1192972615194179
1,clean_reference,9.700000000000001,1.1154400775545172
1,clean_reference,9.705,1.1115644493063337
1,clean_reference,9.71,1.1076701836269642
1,clean_reference,9.715,1.103757084639741
1,clean_reference,9.72,1.0998249536897564
1,clean_reference,9.725,1.0958735892974194
1,clean_reference,9.73,1.091902787111139
1,clean_reference,9.735,1.0879123398591413
1,clean_reference,9.74,1.0839020373003625
1,clean_reference,9.745000000000001,1.0798716661744552
1,clean_reference,9.75,1.075821010150847
1,clean_reference,9.755,1.071749849776863
1,clean_reference,9.76,1.067657962424906
1,clean_reference,9.765,1.0635451222386478
1,clean_reference,9.77,1.0594111000782618
1,clean_reference,9.775,1.0552556634646368
1,clean_reference,9.78,1.0510785765226058
1,clean_reference,9.785,1.0468795999231284
1,clean_reference,9.790000000000001,1.0426584908244583
1,clean_reference,9.795,1.038415002812248
1,clean_reference,9.8,1.0341488858385885
1,clean_reference,9.805,1.0298598861599866
1,clean_reference,9.81,1.0255477462742295
1,clean_reference,9.815,1.0212122048561698
1,clean_reference,9.82,1.0168529966923663
1,clean_reference,9.825000000000001,1.0124698526146174
1,clean_reference,9.83,1.008062499432334
1,clean_reference,9.835,1.0036306598637517
1,clean_reference,9.84,0.9991740524659871
1,clean_reference,9.845,0.9946923915638851
1,clean_reference,9.85,0.9901853871776894
1,clean_reference,9.855,0.9856527449469971
1,clean_reference,9.86,0.9810941660518223
1,clean_reference,9.865,0.976509347142256
1,clean_reference,9.870000000000001,0.9718979802602007
1,clean_reference,9.875,0.967259752759852
1,clean_reference,9.88,0.9625943472269112
1,clean_reference,9.885,0.9579014413965095
1,clean_reference,9.89,0.9531807080697869
1,clean_reference,9.895,0.9484318150291549
1,clean_reference,9.9,0.943654424952171
1,clean_reference,9.905,0.9388481953240622
1,clean_reference,9.91,0.9340127783488191
1,clean_reference,9.915000000000001,0.9291478208588998
1,clean_reference,9.92,0.9242529642234772
1,clean_reference,9.925,0.9193278442552297
1,clean_reference,9.93,0.914372091115674
1,clean_reference,9.935,0.9093853292189744
1,clean_reference,9.94,0.9043671771342682
1,clean_reference,9.945,0.8993172474864268
1,clean_reference,9.950000000000001,0.8942351468552916
1,clean_reference,9.955,0.8891204756733196
1,clean_reference,9.96,0.8839728281216376
1,clean_reference,9.965,0.8787917920245035
1,clean_reference,9.97,0.8735769487421111
1,clean_reference,9.975,0.8683278730617746
1,clean_reference,9.98,0.8630441330874158
1,clean_reference,9.985,0.8577252901273928
1,clean_reference,9.99,0.8523708985805932
1,clean_reference,9.995000000000001,0.8469805058208287
1,clean_reference,10.0,0.8415536520874755
1,clean_reference,10.005,0.8360898703908252
1,clean_reference,10.01,0.8305886863256915
1,clean_reference,10.015,0.8250496179991114
1,clean_reference,10.02,0.8194721759116977
1,clean_reference,10.025,0.8138558628298411
1,clean_reference,10.03,0.8082001736575013
1,clean_reference,10.035,0.8025045953074962
1,clean_reference,10.040000000000001,0.7967686065723227
1,clean_reference,10.045,0.7909916779944287
1,clean_reference,10.05,0.7851732717359303
1,clean_reference,10.055,0.7793128414477632
1,clean_reference,10.06,0.7734098321381914
1,clean_reference,10.065,0.7674636800407051
1,clean_reference,10.07,0.761473812481217
1,clean_reference,10.075000000000001,0.7554396477445893
1,clean_reference,10.08,0.7493605949404114
1,clean_reference,10.085,0.7432360538680227
1,clean_reference,10.09,0.7370654148807709
1,clean_reference,10.095,0.7308480587494242
1,clean_reference,10.1,0.7245833565247758
1,clean_reference,10.105,0.7182706693993437
1,clean_reference,10.11,0.7119093485682051
1,clean_reference,10.115,0.7054987350888674
1,clean_reference,10.120000000000001,0.699038159740217
1,clean_reference,10.125,0.6925269428804586
1,clean_reference,10.13,0.6859643943040428
1,clean_reference,10.135,0.6793498130975713
1,clean_reference,10.14,0.6726824874945994
1,clean_reference,10.145,0.6659616947293735
1,clean_reference,10.15,0.6591867008894043
1,clean_reference,10.155,0.6523567608745625
1,clean_reference,10.16,0.6454711184487576
1,clean_reference,10.165000000000001,0.638529005745157
1,clean_reference,10.17,0.6315296432796037
1,clean_reference,10.175,0.6244722398344051
1,clean_reference,10.18,0.6173559923367317
1,clean_reference,10.185,0.6101800857416969
1,clean_reference,10.19,0.6029436929203236
1,clean_reference,10.195,0.5956459745524422
1,clean_reference,10.200000000000001,0.5882860790247273
1,clean_reference,10.205,0.5808631423339347
1,clean_reference,10.21,0.573376287995492
1,clean_reference,10.215,0.5658246269575955
1,clean_reference,10.22,0.5582072575208746
1,clean_reference,10.225,0.5505232652638327
1,clean_reference,10.23,0.5427717229741058
1,clean_reference,10.235,0.5349516905857532
1,clean_reference,10.24,0.5270622151248824
1,clean_reference,10.245000000000001,0.5191023307222994
1,clean_reference,10.25,0.5110710585592646
1,clean_reference,10.255,0.5029674068447755
1,clean_reference,10.26,0.49479037082165883
1,clean_reference,10.265,0.4865389327745037
1,clean_reference,10.27,0.4782120620542645
1,clean_reference,10.275,0.4698087151198502
1,clean_reference,10.28,0.4613278355972039
1,clean_reference,10.285,0.45276835435618734
1,clean_reference,10.290000000000001,0.4441291896057715
1,clean_reference,10.295,0.4354092470078697
1,clean_reference,10.3,0.4266074198102508
1,clean_reference,10.305,0.4177225889989744
1,clean_reference,10.31,0.4087536234706798
1,clean_reference,10.315,0.3996993802252345
1,clean_reference,10.32,0.39055870462629594
1,clean_reference,10.325000000000001,0.38133043067993083
1,clean_reference,10.33,0.3720133812864132
1,clean_reference,10.335,0.36260636858171724
1,clean_reference,10.34,0.3531081942853848
1,clean_reference,10.345,0.3435176500888096
1,clean_reference,10.35,0.3338335180848632
1,clean_reference,10.355,0.3240545712395612
1,clean_reference,10.36,0.3141795739066824
1,clean_reference,10.365,0.304207282386038
1,clean_reference,10.370000000000001,0.2941364455263029
1,clean_reference,10.375,0.28396580537312766
1,clean_reference,10.38,0.2736940978633704
1,clean_reference,10.385,0.2633200535662916
1,clean_reference,10.39,0.25284239847242623
1,clean_reference,10.395,0.2422598548704424
1,clean_reference,10.4,0.23157114238324694
1,clean_reference,10.405,0.22077497885332048
1,clean_reference,10.41,0.20987008143903446
1,clean_reference,10.415000000000001,0.1988551677432805
1,clean_reference,10.42,0.1877289570172853
1,clean_reference,10.425,0.1764901714461879
1,clean_reference,10.43,0.16513753751781385
1,clean_reference,10.435,0.15366978747593962
1,clean_reference,10.44,0.14208566085956575
1,clean_reference,10.445,0.13038390612946216
1,clean_reference,10.450000000000001,0.11856328238350655
1,clean_reference,10.455,0.10662256116210644
1,clean_reference,10.46,0.09456052834513906
1,clean_reference,10.465,0.08237598614835949
1,clean_reference,10.47,0.0700677553482035
1,clean_reference,10.475,0.057634677472634024
1,clean_reference,10.48,0.045075617122372486
1,clean_reference,10.485,0.03238946445144758
1,clean_reference,10.49,0.019575137751515398
1,clean_reference,10.495000000000001,0.006631586159202327
1,clean_reference,10.5,-0.0064422075119313915
1,clean_reference,10.505,-0.019647223813053366
1,clean_reference,10.51,-0.032984403573587964
1,clean_reference,10.515,-0.04645464468501995
1,clean_reference,10.52,-0.060058798748713095
1,clean_reference,10.525,-0.07379766758029929
1,clean_reference,10.53,-0.08767199959760785
1,clean_reference,10.535,-0.10168248606157251
1,clean_reference,10.540000000000001,-0.11582975718135509
1,clean_reference,10.545,-0.1301143780867299
1,clean_reference,10.55,-0.14453684466819092
1,clean_reference,10.555,-0.15909757928528018
1,clean_reference,10.56,-0.17379692634381608
1,clean_reference,10.565,-0.18863514774241372
1,clean_reference,10.57,-0.20361241819397669
1,clean_reference,10.575000000000001,-0.21872882045080308
1,clean_reference,10.58,-0.23398434039658703
1,clean_reference,10.585,-0.24937886205302184
1,clean_reference,10.59,-0.2649121624656374
1,clean_reference,10.595,-0.2805839065111022
1,clean_reference,10.6,-0.29639364163715115
1,clean_reference,10.605,-0.3123407925424436
1,clean_reference,10.61,-0.3284246558033013
1,clean_reference,10.615,-0.3446443944546338
1,clean_reference,10.620000000000001,-0.36099903253200233
1,clean_reference,10.625,-0.37748744958209446
1,clean_reference,10.63,-0.39410837524220915
1,clean_reference,10.635,-0.41086038393799434
1,clean_reference,10.64,-0.4277418894438406
1,clean_reference,10.645,-0.44475113963911495
1,clean_reference,10.65,-0.4618862113339498
1,clean_reference,10.655,-0.4791450052369981
1,clean_reference,10.66,-0.4965252410878665
1,clean_reference,10.665000000000001,-0.5140244529761727
1,clean_reference,10.67,-0.5316399848695119
1,clean_reference,10.675,-0.5493689863724056
1,clean_reference,10.68,-0.5672084087390438
1,clean_reference,10.685,-0.5851550012880401
1,clean_reference,10.69,-0.6032053081752339
1,clean_reference,10.695,-0.6213556654328055
1,clean_reference,10.700000000000001,-0.6396021985237584
1,clean_reference,10.705,-0.6579408203353035
1,clean_reference,10.71,-0.6763672296643861
1,clean_reference,10.715,-0.6948769102331784
1,clean_reference,10.72,-0.7134651302725913
1,clean_reference,10.725,-0.7321269427114888
1,clean_reference,10.73,-0.7508571860097082
1,clean_reference,10.735,-0.7696504856689882
1,clean_reference,10.74,-0.7885012563972286
1,clean_reference,10.745000000000001,-0.8074037050440115
1,clean_reference,10.75,-0.8263518342647492
1,clean_reference,10.755,-0.8453394470012554
1,clean_reference,10.76,-0.8643601517387458
1,clean_reference,10.765,-0.8834073685496103
1,clean_reference,10.77,-0.9024743359537751
1,clean_reference,10.775,-0.9215541186259046
1,clean_reference,10.78,-0.940639615979254
1,clean_reference,10.785,-0.959723571649998
1,clean_reference,10.790000000000001,-0.978798583579187
1,clean_reference,10.795,-0.9978571149776683
1,clean_reference,10.8,-1.0168915062086274
1,clean_reference,10.805,-1.0358939873442663
1,clean_reference,10.81,-1.0548566914659194
1,clean_reference,10.815,-1.0737716686308911
1,clean_reference,10.82,-1.0926309004837174
1,clean_reference,10.825000000000001,-1.1114263154891297
1,clean_reference,10.83,-1.130149804764375
1,clean_reference,10.835,-1.1487932384282096
1,clean_reference,10.84,-1.1673484820800042
1,clean_reference,10.845,-1.1858074139432617
1,clean_reference,10.85,-1.204161942158674
1,clean_reference,10.855,-1.2224040222655352
1,clean_reference,10.86,-1.240525674810042
1,clean_reference,10.865,-1.258519002980147
1,clean_reference,10.870000000000001,-1.2763762101751517
1,clean_reference,10.875,-1.2940896174185768
1,clean_reference,10.88,-1.311651680522713
1,clean_reference,10.885,-1.3290550069621125
1,clean_reference,10.89,-1.34629237233848
1,clean_reference,10.895,-1.363356736322859
1,clean_reference,10.9,-1.3802412580055787
1,clean_reference,10.905,-1.3969393106119055
1,clean_reference,10.91,-1.413444495519964
1,clean_reference,10.915000000000001,-1.4297506554743882
1,clean_reference,10.92,-1.445851886889481
1,clean_reference,10.925,-1.4617425511439932
1,clean_reference,10.93,-1.4774172851037408
1,clean_reference,10.935,-1.4928710105853848
1,clean_reference,10.94,-1.508098942648002
1,clean_reference,10.945,-1.5230965968531343
1,clean_reference,10.950000000000001,-1.5378597954357935
1,clean_reference,10.955,-1.552384672387474
1,clean_reference,10.96,-1.5666676774051602
1,clean_reference,10.965,-1.5807055786603268
1,clean_reference,10.97,-1.5944954643519744
1,clean_reference,10.975,-1.6080347433986957
1,clean_reference,10.98,-1.621321144995079
1,clean_reference,10.985,-1.6343527169647003
1,clean_reference,10.99,-1.6471278232180486
1,clean_reference,10.995000000000001,-1.6596451402121164
1,clean_reference,11.0,-1.6719036524882698
1,clean_reference,11.005,-1.6839026473301892
1,clean_reference,11.01,-1.6956417085836688
1,clean_reference,11.015,-1.707120709699036
1,clean_reference,11.02,-1.7183398061207509
1,clean_reference,11.025,-1.7292994269649908
1,clean_reference,11.03,-1.7400002661571377
1,clean_reference,11.035,-1.7504432730375814
1,clean_reference,11.040000000000001,-1.7606296424924255
1,clean_reference,11.045,-1.7705608046937524
1,clean_reference,11.05,-1.7802384145336818
1,clean_reference,11.055,-1.789664340830735
1,clean_reference,11.06,-1.7988406552301963
1,clean_reference,11.065,-1.8077696209850185
1,clean_reference,11.07,-1.8164536816895935
1,clean_reference,11.075000000000001,-1.8248954499563041
1,clean_reference,11.08,-1.833097696081464
1,clean_reference,11.085,-1.8410633367528169
1,clean_reference,11.09,-1.8487954238706052
1,clean_reference,11.095,-1.8562971335543208
1,clean_reference,11.1,-1.8635717553666422
1,clean_reference,11.105,-1.8706226815499551
1,clean_reference,11.11,-1.8774533966911724
1,clean_reference,11.115,-1.8840674676084321
1,clean_reference,11.120000000000001,-1.8904685335437135
1,clean_reference,11.125,-1.8966602966535009
1,clean_reference,11.13,-1.9026465128189323
1,clean_reference,11.135,-1.9084309828065045
1,clean_reference,11.14,-1.9140175438104934
1,clean_reference,11.145,-1.919410061408119
1,clean_reference,11.15,-1.924612421894279
1,clean_reference,11.155,-1.9296285247759841
1,clean_reference,11.16,-1.9344622759323424
1,clean_reference,11.165000000000001,-1.9391175810269077
1,clean_reference,11.17,-1.943598339313358
1,clean_reference,11.175,-1.9479084378238858
1,clean_reference,11.18,-1.9520517459281554
1,clean_reference,11.185,-1.9560321102555878
1,clean_reference,11.19,-1.9598533499736377
1,clean_reference,11.195,-1.963519252420443
1,clean_reference,11.200000000000001,-1.967033569077662
1,clean_reference,11.205,-1.9704000118671008
1,clean_reference,11.21,-1.9736222497604676
1,clean_reference,11.215,-1.9767039057018088
1,clean_reference,11.22,-1.9796485538307325
1,clean_reference,11.225,-1.982459716985181
1,clean_reference,11.23,-1.9851408644625774
1,clean_reference,11.235,-1.9876954100205355
1,clean_reference,11.24,-1.9901267101702207
1,clean_reference,11.245000000000001,-1.9924380626829565
1,clean_reference,11.25,-1.9946327052914612
1,clean_reference,11.255,-1.9967138146193835
1,clean_reference,11.26,-1.9986845053049602
1,clean_reference,11.265,-2.000547829305505
1,clean_reference,11.27,-2.0023067753636914
1,clean_reference,11.275,-2.003964268644326
1,clean_reference,11.28,-2.0055231705232788
1,clean_reference,11.285,-2.0069862785029677
1,clean_reference,11.290000000000001,-2.008356326262194
1,clean_reference,11.295,-2.009635983827239
1,clean_reference,11.3,-2.0108278578505905
1,clean_reference,11.305,-2.011934491981916
1,clean_reference,11.31,-2.0129583673391305
1,clean_reference,11.315,-2.013901903065936
1,clean_reference,11.32,-2.014767456954969
1,clean_reference,11.325000000000001,-2.0155573261453106
1,clean_reference,11.33,-2.0162737478820008
1,clean_reference,11.335,-2.0169189003281938
1,clean_reference,11.34,-2.01749490342395
1,clean_reference,11.345,-2.0180038197947807
1,clean_reference,11.35,-2.0184476556922832
1,clean_reference,11.355,-2.018828361966912
1,clean_reference,11.36,-2.0191478350703544
1,clean_reference,11.365,-2.0194079180832536
1,clean_reference,11.370000000000001,-2.019610401760535
1,clean_reference,11.375,-2.0197570255865647
1,clean_reference,11.38,-2.0198494788429087
1,clean_reference,11.385,-2.019889401699445
1,clean_reference,11.39,-2.0198783862926497
1,clean_reference,11.395,-2.019817977813578
1,clean_reference,11.4,-2.0197096755950077
1,clean_reference,11.405,-2.0195549341987022
1,clean_reference,11.41,-2.019355164498668
1,clean_reference,11.415000000000001,-2.0191117347562573
1,clean_reference,11.42,-2.0188259716829515
1,clean_reference,11.425,-2.018499161493018
1,clean_reference,11.43,-2.0181325509631414
1,clean_reference,11.435,-2.017727348458008
1,clean_reference,11.44,-2.017284724954517
1,clean_reference,11.445,-2.016805815044994
1,clean_reference,11.450000000000001,-2.016291717926878
1,clean_reference,11.455,-2.0157434983781433
1,clean_reference,11.46,-2.0151621877170465
1,clean_reference,11.465,-2.0145487847447523
1,clean_reference,11.47,-2.0139042566694085
1,clean_reference,11.475,-2.0132295400102502
1,clean_reference,11.48,-2.0125255414802847
1,clean_reference,11.485,-2.01179313884614
1,clean_reference,11.49,-2.0110331817733935
1,clean_reference,11.495000000000001,-2.010246492692768
1,clean_reference,11.5,-2.0094338675801326
1,clean_reference,11.505,-2.008596076753018
1,clean_reference,11.51,-2.0077338656453634
1,clean_reference,11.515,-2.0068479555611094
1,clean_reference,11.52,-2.0059390444087555
1,clean_reference,11.525,-2.0050078074171935
1,clean_reference,11.53,-2.0040548978331634
1,clean_reference,11.535,-2.0030809476006493
1,clean_reference,11.540000000000001,-2.002086568022551
1,clean_reference,11.545,-2.001072350404856
1,clean_reference,11.55,-2.000038866680459
1,clean_reference,11.555,-1.9989866700173402
1,clean_reference,11.56,-1.997916295410216
1,clean_reference,11.565,-1.9968282602555754
1,clean_reference,11.57,-1.9957230649099762
1,clean_reference,11.575000000000001,-1.9946011932315577
1,clean_reference,11.58,-1.993463113105484
1,clean_reference,11.585,-1.9923092769540547
1,clean_reference,11.59,-1.9911401222322056
1,clean_reference,11.595,-1.9899560719091234
1,clean_reference,11.6,-1.9887575349367088
1,clean_reference,11.605,-1.9875449067013384
1,clean_reference,11.61,-1.986318569456107
1,clean_reference,11.615,-1.9850788927511003
1,clean_reference,11.620000000000001,-1.9838262338441262
1,clean_reference,11.625,-1.9825609381004017
1,clean_reference,11.63,-1.9812833393790512
1,clean_reference,11.635,-1.9799937604070725
1,clean_reference,11.64,-1.9786925131414699
1,clean_reference,11.645,-1.9773798991202811
1,clean_reference,11.65,-1.9760562098031955
1,clean_reference,11.655,-1.9747217269024873
1,clean_reference,11.66,-1.9733767227042187
1,clean_reference,11.665000000000001,-1.9720214603702895
1,clean_reference,11.67,-1.970656194239545
1,clean_reference,11.675,-1.9692811701177217
1,clean_reference,11.68,-1.9678966255571775
1,clean_reference,11.685,-1.966502790127724
1,clean_reference,11.69,-1.9650998856781117
1,clean_reference,11.695,-1.963688126588722
1,clean_reference,11.700000000000001,-1.9622677200160634
1,clean_reference,11.705,-1.9608388661296239
1,clean_reference,11.71,-1.9594017583416667
1,clean_reference,11.715,-1.9579565835305437
1,clean_reference,11.72,-1.9565035222565685
1,clean_reference,11.725,-1.9550427489621798
1,clean_reference,11.73,-1.9535744321767892
1,clean_reference,11.735,-1.952098734710145
1,clean_reference,11.74,-1.950615813839894
1,clean_reference,11.745000000000001,-1.9491258214928477
1,clean_reference,11.75,-1.9476289044197963
1,clean_reference,11.755,-1.946125204364296
1,clean_reference,11.76,-1.9446148582258531
1,clean_reference,11.765,-1.9430979982179124
1,clean_reference,11.77,-1.9415747520210846
1,clean_reference,11.775,-1.940045242932013
1,clean_reference,11.78,-1.9385095900081808
1,clean_reference,11.785,-1.936967908201549
1,clean_reference,11.790000000000001,-1.9354203084918395
1,clean_reference,11.795,-1.9338668980177856
1,clean_reference,11.8,-1.9323077802010513
1,clean_reference,11.805,-1.9307430548669857
1,clean_reference,11.81,-1.929172818360934
1,clean_reference,11.815,-1.9275971636604077
1,clean_reference,11.82,-1.9260161804833857
1,clean_reference,11.825000000000001,-1.9244299553930473
1,clean_reference,11.83,-1.922838571899208
1,clean_reference,11.835,-1.9212421105567539
1,clean_reference,11.84,-1.919640649061363
1,clean_reference,11.845,-1.9180342623426891
1,clean_reference,11.85,-1.9164230226489851
1,clean_reference,11.855,-1.914806999632514
1,clean_reference,11.86,-1.9131862604344172
1,clean_reference,11.865,-1.9115608697637838
1,clean_reference,11.870000000000001,-1.909930889975114
1,clean_reference,11.875,-1.9082963811428857
1,clean_reference,11.88,-1.9066574011334214
1,clean_reference,11.885,-1.9050140056742413
1,clean_reference,11.89,-1.9033662484210756
1,clean_reference,11.895,-1.9017141810227387
1,clean_reference,11.9,-1.9000578531840324
1,clean_reference,11.905,-1.8983973127268787
1,clean_reference,11.91,-1.8967326056498544
1,clean_reference,11.915000000000001,-1.8950637761858826
1,clean_reference,11.92,-1.8933908668523831
1,clean_reference,11.925,-1.8917139185066725
1,clean_reference,11.93,-1.8900329703974907
1,clean_reference,11.935,-1.8883480602140958
1,clean_reference,11.94,-1.8866592241342202
1,clean_reference,11.945,-1.884966496870219
1,clean_reference,11.950000000000001,-1.8832699117135483
1,clean_reference,11.955,-1.8815695005776654
1,clean_reference,11.96,-1.8798652940394784
1,clean_reference,11.965,-1.8781573213794573
1,clean_reference,11.97,-1.8764456106205123
1,clean_reference,11.975,-1.8747301885657663
1,clean_reference,11.98,-1.8730110808353204
1,clean_reference,11.985,-1.8712883119021413
1,clean_reference,11.99,-1.8695619051257581
1,clean_reference,11.995000000000001,-1.8678318827811853
1,clean_reference,12.0,-1.8660982660944245
1,clean_reference,12.005,-1.8643610752719768
1,clean_reference,12.01,-1.8626203295305006
1,clean_reference,12.015,-1.8608760471254824
1,clean_reference,12.02,-1.8591282453788447
1,clean_reference,12.025,-1.8573769407055318
1,clean_reference,12.030000000000001,-1.855622148639164
1,clean_reference,12.035,-1.8538638838568091
1,clean_reference,12.040000000000001,-1.8521021602029444
1,clean_reference,12.045,-1.8503369907126808
1,clean_reference,12.05,-1.8485683876343009
1,clean_reference,12.055,-1.8467963624511983
1,clean_reference,12.06,-1.8450209259032602
1,clean_reference,12.065,-1.8432420880077853
1,clean_reference,12.07,-1.8414598580773331
1,clean_reference,12.075000000000001,-1.839674244737714
1,clean_reference,12.08,-1.8378852559485321
1,clean_reference,12.085,-1.8360928990198986
1,clean_reference,12.09,-1.8342971806296247
1,clean_reference,12.095,-1.8324981068397463
1,clean_reference,12.1,-1.8306956831124315
1,clean_reference,12.105,-1.8288899143252895
1,clean_reference,12.11,-1.8270808047861407
1,clean_reference,12.115,-1.825268358247257
1,clean_reference,12.120000000000001,-1.8234525779191375
1,clean_reference,12.125,-1.8216334664838296
1,clean_reference,12.13,-1.8198110261078506
1,clean_reference,12.135,-1.8179852584547413
1,clean_reference,12.14,-1.816156164697279
1,clean_reference,12.145,-1.8143237455294052
1,clean_reference,12.15,-1.8124880011778228
1,clean_reference,12.155000000000001,-1.8106489314107947
1,clean_reference,12.16,-1.8088065355492982
1,clean_reference,12.165000000000001,-1.8069608124779286
1,clean_reference,12.17,-1.8051117606541338
1,clean_reference,12.175,-1.8032593781176554
1,clean_reference,12.18,-1.801403662499607
1,clean_reference,12.185,-1.79954461103119
1,clean_reference,12.19,-1.7976822205520802
1,clean_reference,12.195,-1.7958164875184908
1,clean_reference,12.200000000000001,-1.7939474080109425
1,clean_reference,12.205,-1.7920749777417484
1,clean_reference,12.21,-1.7901991920622344
1,clean_reference,12.215,-1.7883200459697257
1,clean_reference,12.22,-1.7864375341142948
1,clean_reference,12.225,-1.7845516508053136
1,clean_reference,12.23,-1.7826623900178078
1,clean_reference,12.235,-1.7807697453986502
1,clean_reference,12.24,-1.778873710272566
1,clean_reference,12.245000000000001,-1.7769742776464044
1,clean_reference,12.25,-1.7750714402148449
1,clean_reference,12.255,-1.773165190366243
1,clean_reference,12.26,-1.7712555201871834
1,clean_reference,12.265,-1.7693424214672422
1,clean_reference,12.27,-1.7674258857035547
1,clean_reference,12.275,-1.7655059041051746
1,clean_reference,12.280000000000001,-1.7635824675972553
1,clean_reference,12.285,-1.7616555668250429
1,clean_reference,12.290000000000001,-1.7597251921576962
1,clean_reference,12.295,-1.757791333691949
1,clean_reference,12.3,-1.7558539812556049
1,clean_reference,12.305,-1.7539131244108939
1,clean_reference,12.31,-1.7519687524576788
1,clean_reference,12.315,-1.750020854436537
1,clean_reference,12.32,-1.7480694191317088
1,clean_reference,12.325000000000001,-1.7461144350739384
1,clean_reference,12.33,-1.7441558905431993
1,clean_reference,12.335,-1.7421937735713189
1,clean_reference,12.34,-1.7402280719441046
1,clean_reference,12.345,-1.7382587732030728
1,clean_reference,12.35,-1.7362858646484618
1,clean_reference,12.355,-1.734309333340982
1,clean_reference,12.36,-1.7323291661037294
1,clean_reference,12.365,-1.730345349523983
1,clean_reference,12.370000000000001,-1.728357869954904
1,clean_reference,12.375,-1.726366713517126
1,clean_reference,12.38,-1.7243718661002359
1,clean_reference,12.385,-1.7223733133641652
1,clean_reference,12.39,-1.7203710407404706
1,clean_reference,12.395,-1.718365033433529
1,clean_reference,12.4,-1.7163552764216283
1,clean_reference,12.405000000000001,-1.7143417544579764
1,clean_reference,12.41,-1.7123244520716165
1,clean_reference,12.415000000000001,-1.7103033535682521
1,clean_reference,12.42,-1.7082784430309983
1,clean_reference,12.425,-1.7062497043210396
1,clean_reference,12.43,-1.7042171210782187
1,clean_reference,12.435,-1.7021806767215395
1,clean_reference,12.44,-1.700140354449601
1,clean_reference,12.445,-1.6980961372408507
1,clean_reference,12.450000000000001,-1.696048007853857
1,clean_reference,12.455,-1.693995948827585
1,clean_reference,12.46,-1.6919399424814945
1,clean_reference,12.465,-1.68987997091557
1,clean_reference,12.47,-1.6878160160102817
1,clean_reference,12.475,-1.685748059426494
1,clean_reference,12.48,-1.683676082605298
1,clean_reference,12.485,-1.6816000667677948
1,clean_reference,12.49,-1.6795199929148013
1,clean_reference,12.495000000000001,-1.6774358418265032
1,clean_reference,12.5,-1.6753475940620381
1,clean_reference,12.505,-1.6732552299590127
1,clean_reference,12.51,-1.6711587296329629
1,clean_reference,12.515,-1.6690580729767375
1,clean_reference,12.52,-1.6669532396598299
1,clean_reference,12.525,-1.6648442091276303
1,clean_reference,12.530000000000001,-1.662730960600625
1,clean_reference,12.535,-1.660613473073522
1,clean_reference,12.540000000000001,-1.6584917253143083
1,clean_reference,12.545,-1.6563656958633541
1,clean_reference,12.55,-1.6542353630327162
1,clean_reference,12.555,-1.6521007049045964
1,clean_reference,12.56,-1.6499616993304114
1,clean_reference,12.565,-1.647818323929615
1,clean_reference,12.57,-1.6456705560884282
1,clean_reference,12.575000000000001,-1.6435183729585379
1,clean_reference,12.58,-1.641361751455743
1,clean_reference,12.585,-1.6392006682585534
1,clean_reference,12.59,-1.6370350998067462
1,clean_reference,12.595,-1.634865022299863
1,clean_reference,12.6,-1.6326904116956678
1,clean_reference,12.605,-1.6305112437085363
1,clean_reference,12.61,-1.628327493807808
1,clean_reference,12.615,-1.626139137216067
1,clean_reference,12.620000000000001,-1.6239461489073763
1,clean_reference,12.625,-1.6217485036054482
1,clean_reference,12.63,-1.619546175781752
1,clean_reference,12.635,-1.617339139653568
1,clean_reference,12.64,-1.6151273691819672
1,clean_reference,12.645,-1.6129108380697383
1,clean_reference,12.65,-1.610689519759235
1,clean_reference,12.655000000000001,-1.6084633874307188
1,clean_reference,12.66,-1.6062324140000432
1,clean_reference,12.665000000000001,-1.6039965721157046
1,clean_reference,12.67,-1.6017558341573372
1,clean_reference,12.675,-1.5995101722332599
1,clean_reference,12.68,-1.5972595581779967
1,clean_reference,12.685,-1.5950039635497573
1,clean_reference,12.69,-1.592743359627894
1,clean_reference,12.695,-1.5904777174103086
1,clean_reference,12.700000000000001,-1.5882070076108348
1,clean_reference,12.705,-1.585931200656569
1,clean_reference,12.71,-1.5836502666851555
1,clean_reference,12.715,-1.5813641755420353
1,clean_reference,12.72,-1.5790728967776306
1,clean_reference,12.725,-1.5767763996444895
1,clean_reference,12.73,-1.5744746530943639
1,clean_reference,12.735,-1.572167625775241
1,clean_reference,12.74,-1.5698552860283024
1,clean_reference,12.745000000000001,-1.5675376018848288
1,clean_reference,12.75,-1.5652145410630351
1,clean_reference,12.755,-1.5628860709648331
1,clean_reference,12.76,-1.5605521586725315
1,clean_reference,12.765,-1.5582127709454503
1,clean_reference,12.77,-1.5558678742164707
1,clean_reference,12.775,-1.5535174345884928
1,clean_reference,12.780000000000001,-1.551161417830822
1,clean_reference,12.785,-1.5487997893754637
1,clean_reference,12.790000000000001,-1.5464325143133295
1,clean_reference,12.795,-1.5440595573903617
1,clean_reference,12.8,-1.5416808830035507
1,clean_reference,12.805,-1.5392964551973671
1,clean_reference,12.81,-1.5369062376645144
1,clean_reference,12.815,-1.5345101937354924
1,clean_reference,12.82,-1.5321082863761126
1,clean_reference,12.825000000000001,-1.5297004781843677
1,clean_reference,12.83,-1.5272867313860978
1,clean_reference,12.835,-1.5248670078306128
1,clean_reference,12.84,-1.5224412689862767
1,clean_reference,12.845,-1.5200094759360265
1,clean_reference,12.85,-1.5175715893728525
1,clean_reference,12.855,-1.515127569595207
1,clean_reference,12.86,-1.5126773765023662
1,clean_reference,12.865,-1.5102209695897182
1,clean_reference,12.870000000000001,-1.5077583079439933
1,clean_reference,12.875,-1.5052893502384204
1,clean_reference,12.88,-1.5028140547278082
1,clean_reference,12.885,-1.5003323792435617
1,clean_reference,12.89,-1.497844281188606
1,clean_reference,12.895,-1.4953497175322419
1,clean_reference,12.9,-1.4928486448049052
1,clean_reference,12.905000000000001,-1.4903410190928483
1,clean_reference,12.91,-1.4878267960327243
1,clean_reference,12.915000000000001,-1.485305930806076
1,clean_reference,12.92,-1.4827783781337383
1,clean_reference,12.925,-1.4802440922701248
1,clean_reference,12.93,-1.4777030269974272
1,clean_reference,12.935,-1.475155135619694
1,clean_reference,12.94,-1.4726003709568123
1,clean_reference,12.945,-1.470038685338367
1,clean_reference,12.950000000000001,-1.4674700305973918
1,clean_reference,12.955,-1.4648943580639988
1,clean_reference,12.96,-1.462311618558882
1,clean_reference,12.965,-1.4597217623867065
1,clean_reference,12.97,-1.4571247393293574
1,clean_reference,12.975,-1.4545204986390696
1,clean_reference,12.98,-1.4519089890314123
1,clean_reference,12.985,-1.4492901586781473
1,clean_reference,12.99,-1.4466639551999354
1,clean_reference,12.995000000000001,-1.4440303256631144
1,clean_reference,13.0,-1.4413892165766344
1,clean_reference,13.005,-1.4387405738723806
1,clean_reference,13.01,-1.436084342902987
1,clean_reference,13.015,-1.433420468434387
1,clean_reference,13.02,-1.4307488946380438
1,clean_reference,13.025,-1.4280695650830497
1,clean_reference,13.030000000000001,-1.425382422728117
1,clean_reference,13.035,-1.4226874099134357
1,clean_reference,13.040000000000001,-1.419984468352401
1,clean_reference,13.045,-1.4172735391232232
1,clean_reference,13.05,-1.414554562660386
1,clean_reference,13.055,-1.4118274787459826
1,clean_reference,13.06,-1.4090922265008994
1,clean_reference,13.065,-1.4063487443758667
1,clean_reference,13.07,-1.4035969701423507
1,clean_reference,13.075000000000001,-1.4008368408833076
1,clean_reference,13.08,-1.3980682929837764
1,clean_reference,13.085,-1.3952912621213143
1,clean_reference,13.09,-1.392505683256282
1,clean_reference,13.095,-1.3897114906219534
1,clean_reference,13.1,-1.3869086177144716
1,clean_reference,13.105,-1.3840969972826236
1,clean_reference,13.11,-1.3812765613174562
1,clean_reference,13.115,-1.3784472410417017
1,clean_reference,13.120000000000001,-1.3756089668990386
1,clean_reference,13.125,-1.372761668543162
1,clean_reference,13.13,-1.3699052748266678
1,clean_reference,13.135,-1.367039713789759
1,clean_reference,13.14,-1.3641649126487452
1,clean_reference,13.145,-1.3612807977843655
1,clean_reference,13.15,-1.358387294729894
1,clean_reference,13.155000000000001,-1.3554843281590632
1,clean_reference,13.16,-1.3525718218738045
1,clean_reference,13.165000000000001,-1.3496496987926252
1,clean_reference,13.17,-1.346717880937587
1,clean_reference,13.175,-1.3437762894208527
1,clean_reference,13.18,-1.3408248444316953
1,clean_reference,13.185,-1.3378634652231909
1,clean_reference,13.19,-1.3348920700987013
1,clean_reference,13.195,-1.3319105763981014
1,clean_reference,13.200000000000001,-1.3289189004837876
1,clean_reference,13.205,-1.3259169577264294
1,clean_reference,13.21,-1.3229046624904757
1,clean_reference,13.215,-1.3198819281194165
1,clean_reference,13.22,-1.3168486669207753
1,clean_reference,13.225,-1.313804790150855
1,clean_reference,13.23,-1.3107502079992006
1,clean_reference,13.235,-1.3076848295728114
1,clean_reference,13.24,-1.3046085628800583
1,clean_reference,13.245000000000001,-1.3015213148143399
1,clean_reference,13.25,-1.298422991137443
1,clean_reference,13.255,-1.2953134964626165
1,clean_reference,13.26,-1.292192734237361
1,clean_reference,13.265,-1.289060606725906
1,clean_reference,13.27,-1.2859170149914048
1,clean_reference,13.275,-1.2827618588778011
1,clean_reference,13.280000000000001,-1.279595036991407
1,clean_reference,13.285,-1.2764164466821493
1,clean_reference,13.290000000000001,-1.2732259840245
1,clean_reference,13.295,-1.2700235437980918
1,clean_reference,13.3,-1.266809019467989
1,clean_reference,13.305,-1.2635823031646432
1,clean_reference,13.31,-1.2603432856634915
1,clean_reference,13.315,-1.2570918563642333
1,clean_reference,13.32,-1.2538279032697404
1,clean_reference,13.325000000000001,-1.2505513129646337
1,clean_reference,13.33,-1.2472619705918524
1,clean_reference,13.335,-1.2439597598291647
1,clean_reference,13.34,-1.2406445628708485
1,clean_reference,13.345,-1.2373162604020562
1,clean_reference,13.35,-1.2339747315752851
1,clean_reference,13.355,-1.2306198539864814
1,clean_reference,13.36,-1.227251503650722
1,clean_reference,13.365,-1.223869554977424
1,clean_reference,13.370000000000001,-1.2204738807451159
1,clean_reference,13.375,-1.2170643520757314
1,clean_reference,13.38,-1.2136408384084287
1,clean_reference,13.385,-1.210203207472941
1,clean_reference,13.39,-1.2067513252624218
1,clean_reference,13.395,-1.2032850560058128
1,clean_reference,13.4,-1.1998042621396885
1,clean_reference,13.405000000000001,-1.1963088042796097
1,clean_reference,13.41,-1.1927985411909436
1,clean_reference,13.415000000000001,-1.189273329759161
1,clean_reference,13.42,-1.185733024959608
1,clean_reference,13.425,-1.182177479826724
1,clean_reference,13.43,-1.1786065454227224
1,clean_reference,13.435,-1.175020070805704
1,clean_reference,13.44,-1.1714179029972196
1,clean_reference,13.445,-1.1677998869492443
1,clean_reference,13.450000000000001,-1.1641658655105918
1,clean_reference,13.455,-1.1605156793927278
1,clean_reference,13.46,-1.1568491671349905
1,clean_reference,13.465,-1.1531661650692226
1,clean_reference,13.47,-1.149466507283773
1,clean_reference,13.475,-1.1457500255869046
1,clean_reference,13.48,-1.1420165494695553
1,clean_reference,13.485,-1.1382659060672864
1,clean_reference,13.49,-1.1344979201153853
1,clean_reference,13.495000000000001,-1.1307124139150782
1,clean_reference,13.5,-1.126909207294189
1,clean_reference,13.505,-1.123088117564094
1,clean_reference,13.51,-1.1192489594780737
1,clean_reference,13.515,-1.1153915451888574
1,clean_reference,13.52,-1.1115156842053922
1,clean_reference,13.525,-1.1076211833487748
1,clean_reference,13.530000000000001,-1.1037078467073815
1,clean_reference,13.535,-1.099775475591147
1,clean_reference,13.540000000000001,-1.0958238684849935
1,clean_reference,13.545,-1.0918528210014111
1,clean_reference,13.55,-1.0878621258321448
1,clean_reference,13.555,-1.0838515726990143
1,clean_reference,13.56,-1.0798209483038146
1,clean_reference,13.565,-1.0757700362773261
1,clean_reference,13.57,-1.071698617127377
1,clean_reference,13.575000000000001,-1.0676064681859923
1,clean_reference,13.58,-1.0634933635555768
1,clean_reference,13.585,-1.0593590740541392
1,clean_reference,13.59,-1.0552033671595542
1,clean_reference,13.595,-1.051026006952817
1,clean_reference,13.6,-1.0468267540603224
1,clean_reference,13.605,-1.0426053655951089
1,clean_reference,13.61,-1.038361595097101
1,clean_reference,13.615,-1.0340951924722936
1,clean_reference,13.620000000000001,-1.029805903930908
1,clean_reference,13.625,-1.025493471924472
1,clean_reference,13.63,-1.0211576350818259
1,clean_reference,13.635,-1.0167981281440586
1,clean_reference,13.64,-1.0124146818942117
1,clean_reference,13.645,-1.0080070230878508
1,clean_reference,13.65,-1.0035748743905977
1,clean_reference,13.655000000000001,-0.9991179543059114
1,clean_reference,13.66,-0.9946359771035195
1,clean_reference,13.665000000000001,-0.9901286527466236
1,clean_reference,13.67,-0.9855956868178832
1,clean_reference,13.675,-0.9810367804441144
1,clean_reference,13.68,-0.976451630219736
1,clean_reference,13.685,-0.9718399281288971
1,clean_reference,13.69,-0.9672013614663123
1,clean_reference,13.695,-0.9625356127567426
1,clean_reference,13.700000000000001,-0.9578423596731483
1,clean_reference,13.705,-0.9531212749534576
1,clean_reference,13.71,-0.9483720263159483
1,clean_reference,13.715,-0.9435942763732419
1,clean_reference,13.72,-0.9387876825448491
1,clean_reference,13.725,-0.9339518969683009
1,clean_reference,13.73,-0.9290865664087936
1,clean_reference,13.735,-0.9241913321673831
1,clean_reference,13.74,-0.9192658299876569
1,clean_reference,13.745000000000001,-0.9143096899609168
1,clean_reference,13.75,-0.9093225364298134
1,clean_reference,13.755,-0.9043039878904295
1,clean_reference,13.76,-0.8992536568928131
1,clean_reference,13.765,-0.894171149939897
1,clean_reference,13.77,-0.8890560673848424
1,clean_reference,13.775,-0.8839080033267308
1,clean_reference,13.780000000000001,-0.8787265455046414
1,clean_reference,13.785,-0.8735112751946867
1,clean_reference,13.790000000000001,-0.8682617671116032
1,clean_reference,13.795,-0.8629775892631085
1,clean_reference,13.8,-0.8576583028663123
1,clean_reference,13.805,-0.8523034622357449
1,clean_reference,13.81,-0.8469126146660799
1,clean_reference,13.815,-0.8414853003139531
1,clean_reference,13.82,-0.8360210520787952
1,clean_reference,13.825000000000001,-0.8305193954827121
1,clean_reference,13.83,-0.8249798485493397
1,clean_reference,13.835,-0.8194019216816681
1,clean_reference,13.84,-0.8137851175388323
1,clean_reference,13.845,-0.8081289309117927
1,clean_reference,13.85,-0.8024328485979454
1,clean_reference,13.855,-0.7966963492745714
1,clean_reference,13.86,-0.7909189033711671
1,clean_reference,13.865,-0.7850999729405642
1,clean_reference,13.870000000000001,-0.7792390115288806
1,clean_reference,13.875,-0.7733354640442244
1,clean_reference,13.88,-0.7673887666241475
1,clean_reference,13.885,-0.7613983465018469
1,clean_reference,13.89,-0.7553636218710352
1,clean_reference,13.895,-0.7492840017495211
1,clean_reference,13.9,-0.7431588858414089
1,clean_reference,13.905000000000001,-0.7369876643979577
1,clean_reference,13.91,-0.7307697180770232
1,clean_reference,13.915000000000001,-0.7245044178010775
1,clean_reference,13.92,-0.7181911246138066
1,clean_reference,13.925,-0.7118291895352038
1,clean_reference,13.93,-0.7054179534152057
1,clean_reference,13.935,-0.6989567468028309
1,clean_reference,13.94,-0.6924448899694698
1,clean_reference,13.945,-0.6858816925836559
1,clean_reference,13.950000000000001,-0.6792664535959589
1,clean_reference,13.955,-0.6725984611293264
1,clean_reference,13.96,-0.665876992341904
1,clean_reference,13.965,-0.659101313292322
1,clean_reference,13.97,-0.6522706788074624
1,clean_reference,13.975,-0.6453843323528464
1,clean_reference,13.98,-0.638441505905639
1,clean_reference,13.985,-0.6314414198304148
1,clean_reference,13.99,-0.6243832827576797
1,clean_reference,13.995000000000001,-0.617266291465292
1,clean_reference,14.0,-0.6100896307627928
1,clean_reference,14.005,-0.6028524733787393
1,clean_reference,14.01,-0.5955539798511371
1,clean_reference,14.015,-0.5881932984209766
1,clean_reference,14.02,-0.5807695649290238
1,clean_reference,14.025,-0.5732819027158524
1,clean_reference,14.030000000000001,-0.5657294225434947
1,clean_reference,14.035,-0.5581112225656595
1,clean_reference,14.040000000000001,-0.5504263881931047
1,clean_reference,14.045,-0.5426739920507067
1,clean_reference,14.05,-0.5348530939202144
1,clean_reference,14.055,-0.5269627406914547
1,clean_reference,14.06,-0.5190019663253228
1,clean_reference,14.065,-0.510969791828945
1,clean_reference,14.07,-0.5028652252432164
1,clean_reference,14.075000000000001,-0.4946872616430994
1,clean_reference,14.08,-0.4864348831509032
1,clean_reference,14.085,-0.47810705896286965
1,clean_reference,14.09,-0.46970274538939005
1,clean_reference,14.095,-0.46122088590907306
1,clean_reference,14.1,-0.4526604112370517
1,clean_reference,14.105,-0.44402023940772795
1,clean_reference,14.11,-0.43529927589963074
1,clean_reference,14.115,-0.42649641381265696
1,clean_reference,14.120000000000001,-0.41761053396893033
1,clean_reference,14.125,-0.4086405051189845
1,clean_reference,14.13,-0.39958518413993094
1,clean_reference,14.135,-0.39044341626351775
1,clean_reference,14.14,-0.3812140353363359
1,clean_reference,14.145,-0.3718958641128993
1,clean_reference,14.15,-0.3624877145821221
1,clean_reference,14.155000000000001,-0.35298838832791934
1,clean_reference,14.16,-0.34339667692447773
1,clean_reference,14.165000000000001,-0.3337113623668529
1,clean_reference,14.17,-0.3239312175375566
1,clean_reference,14.175,-0.31405500670967285
1,clean_reference,14.18,-0.3040814860872374
1,clean_reference,14.185,-0.29400940438339596
1,clean_reference,14.19,-0.28383750350811005
1,clean_reference,14.195,-0.27356451934366843
1,clean_reference,14.200000000000001,-0.26318918238966743
1,clean_reference,14.205,-0.25271021861528065
1,clean_reference,14.21,-0.24212635032056185
1,clean_reference,14.215,-0.2314362970649137
1,clean_reference,14.22,-0.22063877666478604
1,clean_reference,14.225,-0.209732506261961
1,clean_reference,14.23,-0.19871620346354343
1,clean_reference,14.235,-0.18758858755501856
1,clean_reference,14.24,-0.17634838078749326
1,clean_reference,14.245000000000001,-0.16499430974048224
1,clean_reference,14.25,-0.15352510676137987
1,clean_reference,14.255,-0.14193951148289752
1,clean_reference,14.26,-0.13023627242472938
1,clean_reference,14.265,-0.1184141488130525
1,clean_reference,14.27,-0.10647191236057174
1,clean_reference,14.275,-0.09440834914722165
1,clean_reference,14.280000000000001,-0.0822222616574755
1,clean_reference,14.285,-0.06991247090640407
1,clean_reference,14.290000000000001,-0.057477818677795126
1,clean_reference,14.295,-0.04491716987621262
1,clean_reference,14.3,-0.032229414994720484
1,clean_reference,14.305,-0.019413472700242282
1,clean_reference,14.31,-0.0064682925382489875
1,clean_reference,14.315,0.006607142241246894
1,clean_reference,14.32,0.01981381171934178
1,clean_reference,14.325000000000001,0.03315265620245715
1,clean_reference,14.33,0.04662457302070798
1,clean_reference,14.335,0.06023041316944633
1,clean_reference,14.34,0.07397097781964039
1,clean_reference,14.345,0.08784701469423918
1,clean_reference,14.35,0.10185921430998839
1,clean_reference,14.355,0.1160082060844806
1,clean_reference,14.36,0.13029455430790898
1,clean_reference,14.365,0.14471875397931008
1,clean_reference,14.370000000000001,0.1592812265067675
1,clean_reference,14.375,0.17398231528048813
1,clean_reference,14.38,0.18882228113150795
1,clean_reference,14.385,0.2038012976543175
1,clean_reference,14.39,0.2189194464205664
1,clean_reference,14.395,0.2341767120678786
1,clean_reference,14.4,0.24957297729315353
1,clean_reference,14.405000000000001,0.26510801775604187
1,clean_reference,14.41,0.2807814968979424
1,clean_reference,14.415000000000001,0.2965929606816792
1,clean_reference,14.42,0.3125418322570135
1,clean_reference,14.425,0.3286274065573427
1,clean_reference,14.43,0.3448488448481764
1,clean_reference,14.435,0.3612051693673545
1,clean_reference,14.44,0.37769525783210806
1,clean_reference,14.445,0.39431783802180603
1,clean_reference,14.450000000000001,0.4110714823599202
1,clean_reference,14.455,0.42795460255780254
1,clean_reference,14.46,0.4449654443534723
1,clean_reference,14.465,0.46210208236363615
1,clean_reference,14.47,0.4793624150673771
1,clean_reference,14.475,0.49674415993960874
1,clean_reference,14.48,0.5142448487527737
1,clean_reference,14.485,0.5318618230648752
1,clean_reference,14.49,0.5495922299166115
1,clean_reference,14.495000000000001,0.5674330180393179
1,clean_reference,14.5,0.5853809342655657
1,clean_reference,14.505,0.6034325201346008
1,clean_reference,14.51,0.6215841090505504
1,clean_reference,14.515,0.6398318238209473
1,clean_reference,14.52,0.658171574653414
1,clean_reference,14.525,0.676599057647689
1,clean_reference,14.530000000000001,0.6951097538197678
1,clean_reference,14.535,0.7136989286953008
1,clean_reference,14.540000000000001,0.7323616325091573
1,clean_reference,14.545,0.7510927010479056
1,clean_reference,14.55,0.7698867571408718
1,clean_reference,14.555,0.788738212869459
1,clean_reference,14.56,0.8076412724852459
1,clean_reference,14.565,0.8265899361156931
1,clean_reference,14.57,0.8455780042420847
1,clean_reference,14.575000000000001,0.864599082946603
1,clean_reference,14.58,0.8836465899607213
1,clean_reference,14.585,0.9027137615468666
1,clean_reference,14.59,0.9217936602453016
1,clean_reference,14.595,0.9408791835184134
1,clean_reference,14.6,0.9599630731239617
1,clean_reference,14.605,0.9790379251690468
1,clean_reference,14.61,0.9980962012665128
1,clean_reference,14.615,1.017130240321385
1,clean_reference,14.620000000000001,1.0361322711202208
1,clean_reference,14.625,1.0550944256178414
1,clean_reference,14.63,1.074008752904076
1,clean_reference,14.635,1.092867233833191
1,clean_reference,14.64,1.1116617962989241
1,clean_reference,14.645,1.130384331129515
1,clean_reference,14.65,1.1490267082384784
1,clean_reference,14.655000000000001,1.1675807932691808
1,clean_reference,14.66,1.186038464720578
1,clean_reference,14.665000000000001,1.204391631216487
1,clean_reference,14.67,1.222632249003724
1,clean_reference,14.675,1.2407523395606346
1,clean_reference,14.68,1.2587440072274627
1,clean_reference,14.685,1.2765994567704069
1,clean_reference,14.69,1.2943110107907991
1,clean_reference,14.695,1.3118711268979542
1,clean_reference,14.700000000000001,1.3292724145873278
1,clean_reference,14.705,1.3465076516748136
1,clean_reference,14.71,1.3635698002364833
1,clean_reference,14.715,1.380452021950071
1,clean_reference,14.72,1.3971476928212594
1,clean_reference,14.725,1.4136504171940143
1,clean_reference,14.73,1.4299540409374778
1,clean_reference,14.735,1.4460526637015545
1,clean_reference,14.74,1.461940650220948
1,clean_reference,14.745000000000001,1.477612640935369
1,clean_reference,14.75,1.4930635612841772
1,clean_reference,14.755,1.5082886300484943
1,clean_reference,14.76,1.5232833665915837
1,clean_reference,14.765,1.5380435970356978
1,clean_reference,14.77,1.5525654593330946
1,clean_reference,14.775,1.5668454071811404
1,clean_reference,14.780000000000001,1.5808802127310855
1,clean_reference,14.785,1.5946669681588885
1,clean_reference,14.790000000000001,1.6082030864801156
1,clean_reference,14.795,1.6214863008780347
1,clean_reference,14.8,1.6345146631610505
1,clean_reference,14.805,1.647286541183616
1,clean_reference,14.81,1.6598006152992573
1,clean_reference,14.815,1.6720558738890103
1,clean_reference,14.82,1.6840516080032302
1,clean_reference,14.825000000000001,1.695787405156073
1,clean_reference,14.83,1.7072631423913276
1,clean_reference,14.835,1.7184789786399008
1,clean_reference,14.84,1.7294353463982963
1,clean_reference,14.845,1.7401329428625798
1,clean_reference,14.85,1.7505727205164514
1,clean_reference,14.855,1.7607558772557654
1,clean_reference,14.86,1.7706838461328926
1,clean_reference,14.865,1.780358284804574
1,clean_reference,14.870000000000001,1.7897810647190702
1,clean_reference,14.875,1.798954259973196
1,clean_reference,14.88,1.807880136156376
1,clean_reference,14.885,1.8165611390612362
1,clean_reference,14.89,1.824999883355505
1,clean_reference,14.895,1.833199141237669
1,clean_reference,14.9,1.8411618311479434
1,clean_reference,14.905000000000001,1.8488910066081692
1,clean_reference,14.91,1.8563898452635892
1,clean_reference,14.915000000000001,1.8636616380181286
1,clean_reference,14.92,1.8707097783262072
1,clean_reference,14.925,1.8775377518689018
1,clean_reference,14.93,1.8841491264404442
1,clean_reference,14.935,1.8905475421382427
1,clean_reference,14.94,1.8967367018474828
1,clean_reference,14.945,1.9027203620539457
1,clean_reference,14.950000000000001,1.9085023240185368
1,clean_reference,14.955,1.9140864253471461
1,clean_reference,14.96,1.9194765319793787
1,clean_reference,14.965,1.924676530369383
1,clean_reference,14.97,1.9296903201522686
1,clean_reference,14.975,1.9345218072482782
1,clean_reference,14.98,1.9391748972777045
1,clean_reference,14.985,1.9436534893769066
1,clean_reference,14.99,1.947961470390285
1,clean_reference,14.995000000000001,1.9521027094324166
1,clean_reference,15.0,1.9560810528146373
1,clean_reference,15.005,1.9599003193309432
1,clean_reference,15.01,1.9635642958956758
1,clean_reference,15.015,1.9670767335170534
1,clean_reference,15.02,1.9704413435967956
1,clean_reference,15.025,1.973661794544762
1,clean_reference,15.030000000000001,1.976741708709584
1,clean_reference,15.035,1.9796846596056348
1,clean_reference,15.040000000000001,1.9824941694153462
1,clean_reference,15.045,1.9851737067458786
1,clean_reference,15.05,1.9877266846381794
1,clean_reference,15.055,1.9901564588868847
1,clean_reference,15.06,1.9924663265136364
1,clean_reference,15.065,1.9946595244894199
1,clean_reference,15.07,1.996739228664986
1,clean_reference,15.075000000000001,1.9987085528972257
1,clean_reference,15.08,2.000570548353046
1,clean_reference,15.085,2.002328202975813
1,clean_reference,15.09,2.003984441133603
1,clean_reference,15.095,2.005542123399915
1,clean_reference,15.1,2.007004046474888
1,clean_reference,15.105,2.0083729432381934
1,clean_reference,15.11,2.0096514829200474
1,clean_reference,15.115,2.0108422713763017
1,clean_reference,15.120000000000001,2.011947851468656
1,clean_reference,15.125,2.012970703536267
1,clean_reference,15.13,2.013913245947135
1,clean_reference,15.135,2.0147778357279664
1,clean_reference,15.14,2.0155667692626165
1,clean_reference,15.145,2.016282283048688
1,clean_reference,15.15,2.016926554511562
1,clean_reference,15.155000000000001,2.017501702868127
1,clean_reference,15.16,2.018009790030237
1,clean_reference,15.165000000000001,2.0184528215460555
1,clean_reference,15.17,2.018832747576831
1,clean_reference,15.175,2.0191514639012555
1,clean_reference,15.18,2.019410812938847
1,clean_reference,15.185,2.019612584787835
1,clean_reference,15.19,2.0197585182952547
1,clean_reference,15.195,2.01985030212475
1,clean_reference,15.200000000000001,2.0198895758353106
1,clean_reference,15.205,2.0198779309654826
1,clean_reference,15.21,2.0198169121225886
1,clean_reference,15.215,2.0197080180727576
1,clean_reference,15.22,2.0195527028269353
1,clean_reference,15.225,2.0193523767180572
1,clean_reference,15.23,2.019108407470745
1,clean_reference,15.235,2.0188221212819117
1,clean_reference,15.24,2.0184948038700967
1,clean_reference,15.245000000000001,2.018127701523001
1,clean_reference,15.25,2.0177220221296484
1,clean_reference,15.255,2.0172789362008072
1,clean_reference,15.26,2.016799577876266
1,clean_reference,15.265,2.0162850459170483
1,clean_reference,15.27,2.015736404680643
1,clean_reference,15.275,2.015154685077333
1,clean_reference,15.280000000000001,2.0145408855057036
1,clean_reference,15.285,2.013895972771555
1,clean_reference,15.290000000000001,2.0132208830119636
1,clean_reference,15.295,2.012516522566815
1,clean_reference,15.3,2.0117837688486704
1,clean_reference,15.305,2.0110234711919506
1,clean_reference,15.31,2.010236451682362
1,clean_reference,15.315,2.00942350596735
1,clean_reference,15.32,2.0085854040475666
1,clean_reference,15.325000000000001,2.0077228910493496
1,clean_reference,15.33,2.006836687978206
1,clean_reference,15.335,2.005927492453286
1,clean_reference,15.34,2.0049959794228713
1,clean_reference,15.345,2.004042801862417
1,clean_reference,15.35,2.0030685914537516
1,clean_reference,15.355,2.002073959244654
1,clean_reference,15.36,2.0010594962930184
1,clean_reference,15.365,2.0000257742925798
1,clean_reference,15.370000000000001,1.998973346180656
1,clean_reference,15.375,1.9979027467285422
1,clean_reference,15.38,1.9968144931152407
1,clean_reference,15.385,1.9957090854851827
1,clean_reference,15.39,1.994587007490604
1,clean_reference,15.395,1.9934487268192473
1,clean_reference,15.4,1.992294695705975
1,clean_reference,15.405000000000001,1.9911253514212732
1,clean_reference,15.41,1.9899411167563537
1,clean_reference,15.415000000000001,1.988742400488687
1,clean_reference,15.42,1.9875295978345218
1,clean_reference,15.425,1.9863030908870556
1,clean_reference,15.43,1.9850632490406608
1,clean_reference,15.435,1.9838104294018923
1,clean_reference,15.44,1.9825449771880281
1,clean_reference,15.445,1.9812672261138682
1,clean_reference,15.450000000000001,1.9799774987675438
1,clean_reference,15.455,1.9786761069757612
1,clean_reference,15.46,1.9773633521496565
1,clean_reference,15.465,1.9760395256251369
1,clean_reference,15.47,1.9747049089941864
1,clean_reference,15.475,1.9733597744233307
1,clean_reference,15.48,1.9720043849624311
1,clean_reference,15.485000000000001,1.970638994842938
1,clean_reference,15.49,1.9692638497662205
1,clean_reference,15.495000000000001,1.9678791871826018
1,clean_reference,15.5,1.966485236561729
1,clean_reference,15.505,1.965082219654889
1,clean_reference,15.51,1.9636703507499156
1,clean_reference,15.515,1.9622498369176828
1,clean_reference,15.52,1.9608208782417185
1,clean_reference,15.525,1.9593836680518069
1,clean_reference,15.530000000000001,1.9579383931451353
1,clean_reference,15.535,1.9564852340008128
1,clean_reference,15.540000000000001,1.955024364987174
1,clean_reference,15.545,1.953555954561786
1,clean_reference,15.55,1.952080165464618
1,clean_reference,15.555,1.9505971549048557
1,clean_reference,15.56,1.949107074741817
1,clean_reference,15.565,1.9476100716604519
1,clean_reference,15.57,1.946106287341882
1,clean_reference,15.575000000000001,1.944595858628815
1,clean_reference,15.58,1.9430789176775431
1,clean_reference,15.585,1.9415555921133665
1,clean_reference,15.59,1.9400260051789628
1,clean_reference,15.595,1.9384902758769784
1,clean_reference,15.6,1.9369485191082467
1,clean_reference,15.605,1.9354008458049816
1,clean_reference,15.610000000000001,1.9338473630592905
1,clean_reference,15.615,1.932288174247317
1,clean_reference,15.620000000000001,1.9307233791493519
1,clean_reference,15.625,1.9291530740662377
1,clean_reference,15.63,1.927577351932387
1,clean_reference,15.635,1.9259963024257536
1,clean_reference,15.64,1.9244100120735776
1,clean_reference,15.645,1.9228185643477973
1,clean_reference,15.65,1.9212220397675963
1,clean_reference,15.655000000000001,1.9196205159933435
1,clean_reference,15.66,1.9180140679182769
1,clean_reference,15.665000000000001,1.9164027677571234
1,clean_reference,15.67,1.91478668513147
1,clean_reference,15.675,1.9131658871520931
1,clean_reference,15.68,1.9115404384984713
1,clean_reference,15.685,1.9099104014956867
1,clean_reference,15.69,1.9082758361889396
1,clean_reference,15.695,1.9066368004158822
1,clean_reference,15.700000000000001,1.9049933498769982
1,clean_reference,15.705,1.90334553820421
1,clean_reference,15.71,1.9016934170229705
1,clean_reference,15.715,1.900037036013918
1,clean_reference,15.72,1.898376442976364
1,clean_reference,15.725,1.8967116838859102
1,clean_reference,15.73,1.8950428029513828
1,clean_reference,15.735000000000001,1.8933698426696364
1,clean_reference,15.74,1.8916928438783411
1,clean_reference,15.745000000000001,1.8900118458068988
1,clean_reference,15.75,1.8883268861256262
1,clean_reference,15.755,1.8866380009933243
1,clean_reference,15.76,1.8849452251033907
1,clean_reference,15.765,1.8832485917285835
1,clean_reference,15.77,1.8815481327645993
1,clean_reference,15.775,1.8798438787725718
1,clean_reference,15.780000000000001,1.8781358590190969
1,clean_reference,15.785,1.8764241015110013
1,clean_reference,15.790000000000001,1.8747086330369425
1,clean_reference,15.795,1.8729894792025714
1,clean_reference,15.8,1.8712666644657185
1,clean_reference,15.805,1.869540212170406
1,clean_reference,15.81,1.867810144579578
1,clean_reference,15.815,1.8660764829066514
1,clean_reference,15.82,1.8643392473459441
1,clean_reference,15.825000000000001,1.8625984571020817
1,clean_reference,15.83,1.8608541304184485
1,clean_reference,15.835,1.8591062846047652
1,clean_reference,15.84,1.8573549360638844
1,clean_reference,15.845,1.8556001003178624
1,clean_reference,15.85,1.8538417920334134
1,clean_reference,15.855,1.8520800250464982
1,clean_reference,15.860000000000001,1.8503148123821747
1,clean_reference,15.865,1.8485461662791582
1,clean_reference,15.870000000000001,1.8467740982117455
1,clean_reference,15.875,1.8449986189104433
1,clean_reference,15.88,1.8432197383823408
1,clean_reference,15.885,1.8414374659307178
1,clean_reference,15.89,1.8396518101739106
1,clean_reference,15.895,1.8378627790635027
1,clean_reference,15.9,1.8360703799018652
1,clean_reference,15.905000000000001,1.8342746193591104
1,clean_reference,15.91,1.8324755034894875
1,clean_reference,15.915000000000001,1.830673037747273
1,clean_reference,15.92,1.8288672270022068
1,clean_reference,15.925,1.8270580755545003
1,clean_reference,15.93,1.8252455871494857
1,clean_reference,15.935,1.8234297649919284
1,clean_reference,15.94,1.821610611758212
1,clean_reference,15.945,1.819788129608006
1,clean_reference,15.950000000000001,1.8179623201990087
1,clean_reference,15.955,1.8161331846980575
1,clean_reference,15.96,1.8143007237928332
1,clean_reference,15.965,1.8124649377031155
1,clean_reference,15.97,1.8106258261915942
1,clean_reference,15.975,1.8087833885742823
1,clean_reference,15.98,1.8069376237305288
1,clean_reference,15.985000000000001,1.8050885301126787
1,clean_reference,15.99,1.8032361057553863
1,clean_reference,15.995000000000001,1.801380348284611
1,clean_reference,16.0,1.7995212549263249
1,clean_reference,16.005,1.7976588225149437
1,clean_reference,16.01,1.7957930475015134
1,clean_reference,16.015,1.7939239259616788
1,clean_reference,16.02,1.7920514536034389
1,clean_reference,16.025,1.7901756257746175
1,clean_reference,16.03,1.788296437468043
1,clean_reference,16.035,1.7864138833294416
1,clean_reference,16.04,1.7845279576641624
1,clean_reference,16.045,1.7826386544431345
1,clean_reference,16.05,1.780745967308914
1,clean_reference,16.055,1.7788498895814673
1,clean_reference,16.06,1.7769504142637298
1,clean_reference,16.065,1.7750475340469294
1,clean_reference,16.07,1.773141241315701
1,clean_reference,16.075,1.7712315281529791
1,clean_reference,16.080000000000002,1.7693183863447102
1,clean_reference,16.085,1.7674018073843782
1,clean_reference,16.09,1.765481782477346
1,clean_reference,16.095,1.7635583025450454
1,clean_reference,16.1,1.7616313582290086
1,clean_reference,16.105,1.7597009398947656
1,clean_reference,16.11,1.7577670376355983
1,clean_reference,16.115000000000002,1.7558296412761867
1,clean_reference,16.12,1.7538887403760206
1,clean_reference,16.125,1.7519443242315165
1,clean_reference,16.13,1.7499963818799946
1,clean_reference,16.135,1.7480449021025997
1,clean_reference,16.14,1.746089873426963
1,clean_reference,16.145,1.744131284129852
1,clean_reference,16.15,1.7421691222396969
1,clean_reference,16.155,1.7402033755389803
1,clean_reference,16.16,1.738234031566508
1,clean_reference,16.165,1.7362610776195426
1,clean_reference,16.17,1.734284500755832
1,clean_reference,16.175,1.7323042877955233
1,clean_reference,16.18,1.73032042532295
1,clean_reference,16.185,1.7283328996883318
1,clean_reference,16.19,1.7263416970093564
1,clean_reference,16.195,1.7243468031726754
1,clean_reference,16.2,1.7223482038352884
1,clean_reference,16.205000000000002,1.720345884425849
1,clean_reference,16.21,1.718339830145882
1,clean_reference,16.215,1.7163300259709067
1,clean_reference,16.22,1.7143164566514741
1,clean_reference,16.225,1.7122991067137883
1,clean_reference,16.23,1.7102779604606853
1,clean_reference,16.235,1.7082530019724926
1,clean_reference,16.240000000000002,1.7062242151076346
1,clean_reference,16.245,1.7041915835031969
1,clean_reference,16.25,1.7021550905754046
1,clean_reference,16.255,1.7001147195200408
1,clean_reference,16.26,1.698070453312783
1,clean_reference,16.265,1.6960222747094758
1,clean_reference,16.27,1.6939701662463151
1,clean_reference,16.275,1.6919141102399773
1,clean_reference,16.28,1.6898540887876647
1,clean_reference,16.285,1.6877900837670912
1,clean_reference,16.29,1.6857220768363803
1,clean_reference,16.295,1.6836500494339073
1,clean_reference,16.3,1.6815739827780696
1,clean_reference,16.305,1.6794938578669747
1,clean_reference,16.31,1.6774096554780744
1,clean_reference,16.315,1.6753213561677198
1,clean_reference,16.32,1.673228940270656
1,clean_reference,16.325,1.6711323878994753
1,clean_reference,16.330000000000002,1.6690316789442825
1,clean_reference,16.335,1.6669267930717253
1,clean_reference,16.34,1.6648177097243324
1,clean_reference,16.345,1.6627044081197535
1,clean_reference,16.35,1.6605868672498951
1,clean_reference,16.355,1.6584650658800157
1,clean_reference,16.36,1.656338982547754
1,clean_reference,16.365000000000002,1.6542085955621186
1,clean_reference,16.37,1.6520738830024253
1,clean_reference,16.375,1.6499348227171649
1,clean_reference,16.38,1.6477913923228318
1,clean_reference,16.385,1.6456435692026883
1,clean_reference,16.39,1.6434913305054784
1,clean_reference,16.395,1.6413346531440711
1,clean_reference,16.4,1.6391735137940582
1,clean_reference,16.405,1.6370078888922823
1,clean_reference,16.41,1.6348377546353157
1,clean_reference,16.415,1.632663086977858
1,clean_reference,16.42,1.6304838616311077
1,clean_reference,16.425,1.6283000540614803
1,clean_reference,16.43,1.6261116394883233
1,clean_reference,16.435,1.6239185928824047
1,clean_reference,16.44,1.6217208889642287
1,clean_reference,16.445,1.619518502202096
1,clean_reference,16.45,1.6173114068101153
1,clean_reference,16.455000000000002,1.6150995767461949
1,clean_reference,16.46,1.6128829857099958
1,clean_reference,16.465,1.6106616071408308
1,clean_reference,16.47,1.6084354142155384
1,clean_reference,16.475,1.6062043798463017
1,clean_reference,16.48,1.6039684766784303
1,clean_reference,16.485,1.6017276770880777
1,clean_reference,16.490000000000002,1.5994819531799205
1,clean_reference,16.495,1.5972312767847856
1,clean_reference,16.5,1.594975619457205
1,clean_reference,16.505,1.5927149524729296
1,clean_reference,16.51,1.5904492468263727
1,clean_reference,16.515,1.588178473227998
1,clean_reference,16.52,1.5859026021016291
1,clean_reference,16.525,1.5836216035817061
1,clean_reference,16.53,1.5813354475104608
1,clean_reference,16.535,1.5790441034350324
1,clean_reference,16.54,1.5767475406044897
1,clean_reference,16.545,1.5744457279667923
1,clean_reference,16.55,1.572138634165672
1,clean_reference,16.555,1.5698262275374173
1,clean_reference,16.56,1.5675084761097189
1,clean_reference,16.565,1.5651853475977613
1,clean_reference,16.57,1.5628568093982256
1,clean_reference,16.575,1.5605228285886505
1,clean_reference,16.580000000000002,1.5581833719239018
1,clean_reference,16.585,1.5558384058325954
1,clean_reference,16.59,1.5534878964134793
1,clean_reference,16.595,1.5511318094317976
1,clean_reference,16.6,1.5487701103156095
1,clean_reference,16.605,1.5464027641520772
1,clean_reference,16.61,1.544029735683697
1,clean_reference,16.615000000000002,1.5416509893044978
1,clean_reference,16.62,1.5392664890561916
1,clean_reference,16.625,1.536876198624255
1,clean_reference,16.63,1.5344800813339745
1,clean_reference,16.635,1.5320781001464212
1,clean_reference,16.64,1.529670217654374
1,clean_reference,16.645,1.5272563960781604
1,clean_reference,16.65,1.5248365972614466
1,clean_reference,16.655,1.5224107826669453
1,clean_reference,16.66,1.5199789133720578
1,clean_reference,16.665,1.5175409500644228
1,clean_reference,16.67,1.5150968530373976
1,clean_reference,16.675,1.5126465821854553
1,clean_reference,16.68,1.5101900969994784
1,clean_reference,16.685,1.5077273565619786
1,clean_reference,16.69,1.505258319542212
1,clean_reference,16.695,1.5027829441912066
1,clean_reference,16.7,1.5003011883366728
1,clean_reference,16.705000000000002,1.4978130093778232
1,clean_reference,16.71,1.495318364280088
1,clean_reference,16.715,1.4928172095697017
1,clean_reference,16.72,1.4903095013281942
1,clean_reference,16.725,1.487795195186756
1,clean_reference,16.73,1.4852742463204904
1,clean_reference,16.735,1.4827466094425277
1,clean_reference,16.740000000000002,1.4802122387980259
1,clean_reference,16.745,1.4776710881580448
1,clean_reference,16.75,1.4751231108142806
1,clean_reference,16.755,1.472568259586552
1,clean_reference,16.76,1.4700064868003697
1,clean_reference,16.765,1.4674377442815452
1,clean_reference,16.77,1.4648619833530687
1,clean_reference,16.775,1.462279154828673
1,clean_reference,16.78,1.459689209006291
1,clean_reference,16.785,1.4570920956614315
1,clean_reference,16.79,1.4544877640404423
1,clean_reference,16.795,1.451876162853686
1,clean_reference,16.8,1.4492572402686161
1,clean_reference,16.805,1.4466309439027294
1,clean_reference,16.81,1.4439972208164276
1,clean_reference,16.815,1.441356017505757
1,clean_reference,16.82,1.4387072798950438
1,clean_reference,16.825,1.4360509533293926
1,clean_reference,16.830000000000002,1.4333869825670815
1,clean_reference,16.835,1.4307153117718325
1,clean_reference,16.84,1.4280358845049386
1,clean_reference,16.845,1.4253486437172798
1,clean_reference,16.85,1.422653531741194
1,clean_reference,16.855,1.4199504902822244
1,clean_reference,16.86,1.417239460410708
1,clean_reference,16.865000000000002,1.414520382553239
1,clean_reference,16.87,1.4117931964839894
1,clean_reference,16.875,1.4090578413158608
1,clean_reference,16.88,1.4063142554915065
1,clean_reference,16.885,1.4035623767741883
1,clean_reference,16.89,1.4008021422384866
1,clean_reference,16.895,1.398033488260832
1,clean_reference,16.9,1.3952563505098916
1,clean_reference,16.905,1.3924706639367797
1,clean_reference,16.91,1.3896763627651092
1,clean_reference,16.915,1.386873380480853
1,clean_reference,16.92,1.3840616498220457
1,clean_reference,16.925,1.3812411027698626
1,clean_reference,16.93,1.3784116705384704
1,clean_reference,16.935,1.3755732835617673
1,clean_reference,16.94,1.372725871483464
1,clean_reference,16.945,1.3698693631460086
1,clean_reference,16.95,1.3670036865793056
1,clean_reference,16.955000000000002,1.3641287689892645
1,clean_reference,16.96,1.3612445367461534
1,clean_reference,16.965,1.3583509153727402
1,clean_reference,16.97,1.3554478295322527
1,clean_reference,16.975,1.352535203016121
1,clean_reference,16.98,1.3496129587315255
1,clean_reference,16.985,1.3466810186887106
1,clean_reference,16.990000000000002,1.3437393039881012
1,clean_reference,16.995,1.3407877348071988
1,clean_reference,17.0,1.3378262303872361
1,clean_reference,17.005,1.3348547090196217
1,clean_reference,17.01,1.331873088032142
1,clean_reference,17.015,1.328881283774941
1,clean_reference,17.02,1.3258792116062363
1,clean_reference,17.025,1.322866785877814
1,clean_reference,17.03,1.3198439199202638
1,clean_reference,17.035,1.3168105260279743
1,clean_reference,17.04,1.3137665154438514
1,clean_reference,17.045,1.3107117983437968
1,clean_reference,17.05,1.3076462838209229
1,clean_reference,17.055,1.3045698798694811
1,clean_reference,17.06,1.3014824933685414
1,clean_reference,17.065,1.2983840300653808
1,clean_reference,17.07,1.2952743945586094
1,clean_reference,17.075,1.292153490280989
1,clean_reference,17.080000000000002,1.289021219481986
1,clean_reference,17.085,1.2858774832100313
1,clean_reference,17.09,1.2827221812944691
1,clean_reference,17.095,1.2795552123266642
1,clean_reference,17.1,1.2763764736394374
1,clean_reference,17.105,1.2731858612916183
1,clean_reference,17.11,1.269983270046958
1,clean_reference,17.115000000000002,1.2667685933541564
1,clean_reference,17.12,1.2635417233268262
1,clean_reference,17.125,1.2603025507230703
1,clean_reference,17.13,1.2570509649247077
1,clean_reference,17.135,1.2537868539161094
1,clean_reference,17.14,1.250510104262661
1,clean_reference,17.145,1.2472206010888105
1,clean_reference,17.150000000000002,1.2439182280557397
1,clean_reference,17.155,1.2406028673386298
1,clean_reference,17.16,1.2372743996034956
1,clean_reference,17.165,1.2339327039836248
1,clean_reference,17.17,1.2305776580555796
1,clean_reference,17.175,1.2272091378147825
1,clean_reference,17.18,1.2238270176506412
1,clean_reference,17.185,1.220431170321252
1,clean_reference,17.19,1.2170214669276431
1,clean_reference,17.195,1.213597776887572
1,clean_reference,17.2,1.2101599679088388
1,clean_reference,17.205000000000002,1.2067079059621508
1,clean_reference,17.21,1.2032414552535118
1,clean_reference,17.215,1.1997604781961084
1,clean_reference,17.22,1.19626483538173
1,clean_reference,17.225,1.1927543855516827
1,clean_reference,17.23,1.189228985567213
1,clean_reference,17.235,1.1856884903794005
1,clean_reference,17.240000000000002,1.1821327529985608
1,clean_reference,17.245,1.1785616244631236
1,clean_reference,17.25,1.1749749538079641
1,clean_reference,17.255,1.1713725880313652
1,clean_reference,17.26,1.1677543720566266
1,clean_reference,17.265,1.1641201487062636
1,clean_reference,17.27,1.160469758665515
1,clean_reference,17.275000000000002,1.1568030404466576
1,clean_reference,17.28,1.15311983035361
1,clean_reference,17.285,1.149419962445845
1,clean_reference,17.29,1.1457032685016442
1,clean_reference,17.295,1.1419695779806485
1,clean_reference,17.3,1.1382187179857202
1,clean_reference,17.305,1.1344505132240659
1,clean_reference,17.31,1.1306647859676622
1,clean_reference,17.315,1.12686135601293
1,clean_reference,17.32,1.1230400406396794
1,clean_reference,17.325,1.1192006545692716
1,clean_reference,17.330000000000002,1.115343009922037
1,clean_reference,17.335,1.1114669161739155
1,clean_reference,17.34,1.1075721801122835
1,clean_reference,17.345,1.1036586057910076
1,clean_reference,17.35,1.0997259944846713
1,clean_reference,17.355,1.0957741446419977
1,clean_reference,17.36,1.091802851838411
1,clean_reference,17.365000000000002,1.08781190872778
1,clean_reference,17.37,1.0838011049933072
1,clean_reference,17.375,1.0797702272975294
1,clean_reference,17.38,1.075719059231469
1,clean_reference,17.385,1.0716473812628813
1,clean_reference,17.39,1.0675549706836247
1,clean_reference,17.395,1.0634416015560895
1,clean_reference,17.400000000000002,1.059307044658737
1,clean_reference,17.405,1.0551510674307079
1,clean_reference,17.41,1.0509734339116714
1,clean_reference,17.415,1.0467739046813216
1,clean_reference,17.42,1.0425522368087126
1,clean_reference,17.425,1.0383081837890027
1,clean_reference,17.43,1.0340414954824182
1,clean_reference,17.435,1.0297519180522123
1,clean_reference,17.44,1.02543919390149
1,clean_reference,17.445,1.0211030616089192
1,clean_reference,17.45,1.0167432558632645
1,clean_reference,17.455000000000002,1.0123595073967822
1,clean_reference,17.46,1.0079515429174337
1,clean_reference,17.465,1.003519085039875
1,clean_reference,17.47,0.999061852215261
1,clean_reference,17.475,0.9945795586598002
1,clean_reference,17.48,0.9900719142820823
1,clean_reference,17.485,0.9855386246091079
1,clean_reference,17.490000000000002,0.9809793907110677
1,clean_reference,17.495,0.9763939091248239
1,clean_reference,17.5,0.9717818717760491
1,clean_reference,17.505,0.9671429659000672
1,clean_reference,17.51,0.9624768739613276
1,clean_reference,17.515,0.9577832735715369
1,clean_reference,17.52,0.9530618374063761
1,clean_reference,17.525000000000002,0.9483122331208523
1,clean_reference,17.53,0.9435341232632372
1,clean_reference,17.535,0.9387271651875456
1,clean_reference,17.54,0.9338910109646021
1,clean_reference,17.545,0.9290253072916241
1,clean_reference,17.55,0.9241296954003467
1,clean_reference,17.555,0.9192038109640309
1,clean_reference,17.56,0.9142472840067448
1,clean_reference,17.565,0.9092597387930801
1,clean_reference,17.57,0.9042407937403938
1,clean_reference,17.575,0.8991900613221119
1,clean_reference,17.580000000000002,0.894107147965521
1,clean_reference,17.585,0.8889916539483133
1,clean_reference,17.59,0.8838431732938274
1,clean_reference,17.595,0.8786612936650355
1,clean_reference,17.6,0.8734455962571936
1,clean_reference,17.605,0.8681956556891807
1,clean_reference,17.61,0.8629110398934422
1,clean_reference,17.615000000000002,0.8575913100045901
1,clean_reference,17.62,0.8522360202466019
1,clean_reference,17.625,0.8468447178185644
1,clean_reference,17.63,0.8414169427790106
1,clean_reference,17.635,0.8359522279287701
1,clean_reference,17.64,0.8304500986923542
1,clean_reference,17.645,0.8249100729977944
1,clean_reference,17.650000000000002,0.8193316611549843
1,clean_reference,17.655,0.8137143657324711
1,clean_reference,17.66,0.8080576814326361
1,clean_reference,17.665,0.8023610949653198
1,clean_reference,17.67,0.7966240849198064
1,clean_reference,17.675,0.7908461216351921
1,clean_reference,17.68,0.7850266670690534
1,clean_reference,17.685,0.7791651746644731
1,clean_reference,17.69,0.7732610892153372
1,clean_reference,17.695,0.7673138467299313
1,clean_reference,17.7,0.761322874292748
1,clean_reference,17.705000000000002,0.7552875899479066
1,clean_reference,17.71,0.7492074026227872
1,clean_reference,17.715,0.7430817118874139
1,clean_reference,17.72,0.7369099078577426
1,clean_reference,17.725,0.7306913710601319
1,clean_reference,17.73,0.7244254722911456
1,clean_reference,17.735,0.7181115724778957
1,clean_reference,17.740000000000002,0.7117490225390344
1,clean_reference,17.745,0.7053371632463693
1,clean_reference,17.75,0.6988753250870812
1,clean_reference,17.755,0.6923628281266468
1,clean_reference,17.76,0.6857989818724142
1,clean_reference,17.765,0.679183085137901
1,clean_reference,17.77,0.6725144259077627
1,clean_reference,17.775000000000002,0.6657922812035343
1,clean_reference,17.78,0.6590159169501242
1,clean_reference,17.785,0.652184587843034
1,clean_reference,17.79,0.645297537216413
1,clean_reference,17.795,0.6383539969118893
1,clean_reference,17.8,0.6313531871482535
1,clean_reference,17.805,0.6242943163919348
1,clean_reference,17.81,0.6171765812362465
1,clean_reference,17.815,0.6099991663563473
1,clean_reference,17.82,0.6027612443280498
1,clean_reference,17.825,0.5954619755285103
1,clean_reference,17.830000000000002,0.5881005080404828
1,clean_reference,17.835,0.5806759775514458
1,clean_reference,17.84,0.5731875072599965
1,clean_reference,17.845,0.5656342077897917
1,clean_reference,17.85,0.5580151771111418
1,clean_reference,17.855,0.5503295004705017
1,clean_reference,17.86,0.5425762503279595
1,clean_reference,17.865000000000002,0.5347544863030107
1,clean_reference,17.87,0.5268632551287523
1,clean_reference,17.875,0.5189015906146347
1,clean_reference,17.88,0.5108685136180574
1,clean_reference,17.885,0.5027630320249072
1,clean_reference,17.89,0.4945841407392917
1,clean_reference,17.895,0.48633082169109954
1,clean_reference,17.900000000000002,0.4780020439227142
1,clean_reference,17.905,0.46959676357796915
1,clean_reference,17.91,0.4611139239683427
1,clean_reference,17.915,0.45255245565009383
1,clean_reference,17.92,0.4439112765147066
1,clean_reference,17.925,0.43518929190180067
1,clean_reference,17.93,0.4263853947349398
1,clean_reference,17.935,0.417498465680994
1,clean_reference,17.94,0.408527373333488
1,clean_reference,17.945,0.3994709744205433
1,clean_reference,17.95,0.39032811403784295
1,clean_reference,17.955000000000002,0.3810976259072725
1,clean_reference,17.96,0.37177833266171184
1,clean_reference,17.965,0.36236904615645016
1,clean_reference,17.97,0.3528685678216568
1,clean_reference,17.975,0.34327568911872963
1,clean_reference,17.98,0.33358919191337816
1,clean_reference,17.985,0.32380784896256737
1,clean_reference,17.990000000000002,0.31393042442195074
1,clean_reference,17.995,0.3039556743961428
1,clean_reference,18.0,0.2938823475398245
1,clean_reference,18.005,0.28370918571080117
1,clean_reference,18.01,0.27343492467587993
1,clean_reference,18.015,0.2630582948706383
1,clean_reference,18.02,0.25257802221394854
1,clean_reference,18.025000000000002,0.24199282897837954
1,clean_reference,18.03,0.23130143471739556
1,clean_reference,18.035,0.2205025572502642
1,clean_reference,18.04,0.209594913705801
1,clean_reference,18.045,0.19857722165914557
1,clean_reference,18.05,0.18744820045211263
1,clean_reference,18.055,0.17620657237371334
1,clean_reference,18.06,0.16485106404990318
1,clean_reference,18.065,0.15338040789404517
1,clean_reference,18.07,0.1417933436430088
1,clean_reference,18.075,0.13008861998626353
1,clean_reference,18.080000000000002,0.11826499628982978
1,clean_reference,18.085,0.10632124441672355
1,clean_reference,18.09,0.09425615064552526
1,clean_reference,18.095,0.08206851768894022
1,clean_reference,18.1,0.06975716681392444
1,clean_reference,18.105,0.05732094006556957
1,clean_reference,18.11,0.044758702646622156
1,clean_reference,18.115000000000002,0.03206934539588724
1,clean_reference,18.12,0.019251787347277276
1,clean_reference,18.125,0.0063049784482592935
1,clean_reference,18.13,-0.0067720976058193855
1,clean_reference,18.135,-0.019980420409517433
1,clean_reference,18.14,-0.03332092975565505
1,clean_reference,18.145,-0.04679452241295676
1,clean_reference,18.150000000000002,-0.0604020487713708
1,clean_reference,18.155,-0.07414430935371596
1,clean_reference,18.16,-0.08802205119204463
1,clean_reference,18.165,-0.10203596406158838
1,clean_reference,18.17,-0.11618667658670248
1,clean_reference,18.175,-0.13047475221355082
1,clean_reference,18.18,-0.14490068504114856
1,clean_reference,18.185,-0.15946489552349208
1,clean_reference,18.19,-0.1741677260450672
1,clean_reference,18.195,-0.18900943637123646
1,clean_reference,18.2,-0.2039901989752952
1,clean_reference,18.205000000000002,-0.21911009424362032
1,clean_reference,18.21,-0.23436910556124113
1,clean_reference,18.215,-0.24976711431826962
1,clean_reference,18.22,-0.2653038948022637
1,clean_reference,18.225,-0.28097910902017165
1,clean_reference,18.23,-0.29679230142265084
1,clean_reference,18.235,-0.31274289356028606
1,clean_reference,18.240000000000002,-0.3288301787013952
1,clean_reference,18.245,-0.34505331642104814
1,clean_reference,18.25,-0.36141132717092866
1,clean_reference,18.255,-0.37790308683934926
1,clean_reference,18.26,-0.39452732131112833
1,clean_reference,18.265,-0.411282601036716
1,clean_reference,18.27,-0.428167335626924
1,clean_reference,18.275000000000002,-0.44517976870977866
1,clean_reference,18.28,-0.46231797276352604
1,clean_reference,18.285,-0.4795798440282445
1,clean_reference,18.29,-0.4969630976480642
1,clean_reference,18.295,-0.514465262981518
1,clean_reference,18.3,-0.5320836791385218
1,clean_reference,18.305,-0.5498154907706168
1,clean_reference,18.31,-0.5676576441406553
1,clean_reference,18.315,-0.5856068834985626
1,clean_reference,18.32,-0.6036597477894546
1,clean_reference,18.325,-0.6218125677526534
1,clean_reference,18.330000000000002,-0.6400614635541129
1,clean_reference,18.335,-0.6584023427230985
1,clean_reference,18.34,-0.6768308986604432
1,clean_reference,18.345,-0.6953426096822705
1,clean_reference,18.35,-0.7139327386202712
1,clean_reference,18.355,-0.7325963330193523
1,clean_reference,18.36,-0.7513282259721985
1,clean_reference,18.365000000000002,-0.7701230376298234
1,clean_reference,18.37,-0.7889751774275598
1,clean_reference,18.375,-0.8078788470632113
1,clean_reference,18.38,-0.82682804414322
1,clean_reference,18.385,-0.8458165666556894
1,clean_reference,18.39,-0.864838018243946
1,clean_reference,18.395,-0.8838858143124599
1,clean_reference,18.400000000000002,-0.9029531889473804
1,clean_reference,18.405,-0.9220332026351142
1,clean_reference,18.41,-0.9411187508020468
1,clean_reference,18.415,-0.9602025731981286
1,clean_reference,18.42,-0.9792772641475207
1,clean_reference,18.425,-0.9983352836891163
1,clean_reference,18.43,-1.0173689693655563
1,clean_reference,18.435,-1.0363705485940642
1,clean_reference,18.44,-1.055332152172868
1,clean_reference,18.445,-1.074245828242507
1,clean_reference,18.45,-1.0931035569480747
1,clean_reference,18.455000000000002,-1.111897265676826
1,clean_reference,18.46,-1.1306188448323808
1,clean_reference,18.465,-1.149260164106774
1,clean_reference,18.47,-1.1678130892112186
1,clean_reference,18.475,-1.1862694989697795
1,clean_reference,18.48,-1.2046213024783505
1,clean_reference,18.485,-1.2228604566969459
1,clean_reference,18.490000000000002,-1.2409789840365753
1,clean_reference,18.495,-1.2589689899768817
1,clean_reference,18.5,-1.2768226806407565
1,clean_reference,18.505,-1.294532380221371
1,clean_reference,18.51,-1.3120905481610547
1,clean_reference,18.515,-1.329489795981112
1,clean_reference,18.52,-1.3467229036750559
1,clean_reference,18.525000000000002,-1.3637828357203894
1,clean_reference,18.53,-1.3806627564219134
1,clean_reference,18.535,-1.3973560445964748
1,clean_reference,18.54,-1.4138563075175181
1,clean_reference,18.545,-1.4301573940977585
1,clean_reference,18.55,-1.4462534072263327
1,clean_reference,18.555,-1.4621387151605605
1,clean_reference,18.56,-1.4778079618720237
1,clean_reference,18.565,-1.4932560763359843
1,clean_reference,18.57,-1.5084782810763453
1,clean_reference,18.575,-1.5234700993048105
1,clean_reference,18.580000000000002,-1.5382273610606139
1,clean_reference,18.585,-1.5527462082082018
1,clean_reference,18.59,-1.5670230983481406
1,clean_reference,18.595,-1.5810548076204713
1,clean_reference,18.6,-1.5948384323708145
1,clean_reference,18.605,-1.608371389649231
1,clean_reference,18.61,-1.621651416558445
1,clean_reference,18.615000000000002,-1.6346765688951896
1,clean_reference,18.62,-1.6474452184799901
1,clean_reference,18.625,-1.6599560495675139
1,clean_reference,18.63,-1.672208054369942
1,clean_reference,18.635,-1.6842005276870353
1,clean_reference,18.64,-1.6959330607157854
1,clean_reference,18.645,-1.7074055340951515
1,clean_reference,18.650000000000002,-1.7186181102410711
1,clean_reference,18.655,-1.72957122503169
1,clean_reference,18.66,-1.7402655789208945
1,clean_reference,18.665,-1.7507021275187886
1,clean_reference,18.67,-1.760882071745035
1,clean_reference,18.675,-1.7708068475699381
1,clean_reference,18.68,-1.7804781154119282
1,clean_reference,18.685,-1.7898977492769181
1,clean_reference,18.69,-1.7990678257252526
1,clean_reference,18.695,-1.807990612723818
1,clean_reference,18.7,-1.8166685582535347
1,clean_reference,18.705000000000002,-1.8251042790048768
1,clean_reference,18.71,-1.8333005490664118
1,clean_reference,18.715,-1.8412602886697573
1,clean_reference,18.72,-1.8489865530111589
1,clean_reference,18.725,-1.8564825212062488
1,clean_reference,18.73,-1.8637514854428707
1,clean_reference,18.735,-1.8707968403970163
1,clean_reference,18.740000000000002,-1.877622072908122
1,clean_reference,18.745,-1.8842307517236891
1,clean_reference,18.75,-1.890626517767109
1,clean_reference,18.755,-1.8968130746292498
1,clean_reference,18.76,-1.9027941794215049
1,clean_reference,18.765,-1.9085736339595774
1,clean_reference,18.77,-1.9141552762949843
1,clean_reference,18.775000000000002,-1.9195429726158053
1,clean_reference,18.78,-1.9247406095383235
1,clean_reference,18.785,-1.9297520868111895
1,clean_reference,18.79,-1.9345813104430194
1,clean_reference,18.795,-1.9392321860229254
1,clean_reference,18.8,-1.9437086125495666
1,clean_reference,18.805,-1.9480144766774523
1,clean_reference,18.81,-1.9521536472626404
1,clean_reference,18.815,-1.956129970298061
1,clean_reference,18.82,-1.959947264206943
1,clean_reference,18.825,-1.9636093154815981
1,clean_reference,18.830000000000002,-1.9671198746547247
1,clean_reference,18.835,-1.9704826525996313
1,clean_reference,18.84,-1.9737013171729267
1,clean_reference,18.845,-1.9767794901342322
1,clean_reference,18.85,-1.9797207443658287
1,clean_reference,18.855,-1.9825286013756525
1,clean_reference,18.86,-1.9852065290778276
1,clean_reference,18.865000000000002,-1.9877579398292153
1,clean_reference,18.87,-1.9901861886999264
1,clean_reference,18.875,-1.9924945719565237
1,clean_reference,18.88,-1.9946863258002343
1,clean_reference,18.885,-1.9967646253168743
1,clean_reference,18.89,-1.9987325835787817
1,clean_reference,18.895,-2.00059325095758
1,clean_reference,18.900000000000002,-2.002349614605114
1,clean_reference,18.905,-2.004004598091755
1,clean_reference,18.91,-2.005561061186568
1,clean_reference,18.915,-2.007021799788425
1,clean_reference,18.92,-2.0083895459778067
1,clean_reference,18.925,-2.0096669681856185
1,clean_reference,18.93,-2.010856671474213
1,clean_reference,18.935,-2.0119611979193732
1,clean_reference,18.94,-2.012983027079276
1,clean_reference,18.945,-2.0139245765459695
1,clean_reference,18.95,-2.0147882025816766
1,clean_reference,18.955000000000002,-2.0155762008131606
1,clean_reference,18.96,-2.0162908069907712
1,clean_reference,18.965,-2.016934197804063
1,clean_reference,18.97,-2.017508491745932
1,clean_reference,18.975,-2.018015750014964
1,clean_reference,18.98,-2.0184579774574503
1,clean_reference,18.985,-2.0188371235471405
1,clean_reference,18.990000000000002,-2.0191550833853285
1,clean_reference,18.995,-2.019413698725196
1,clean_reference,19.0,-2.0196147590173847
1,clean_reference,19.005,-2.019760002472359
1,clean_reference,19.01,-2.0198511171327103
1,clean_reference,19.015,-2.0198897419485657
1,clean_reference,19.02,-2.019877467859102
1,clean_reference,19.025000000000002,-2.0198158388925003
1,clean_reference,19.03,-2.0197063532464035
1,clean_reference,19.035,-2.019550464374035
1,clean_reference,19.04,-2.0193495820643195
1,clean_reference,19.045,-2.019105073517949
1,clean_reference,19.05,-2.0188182644160473
1,clean_reference,19.055,-2.0184904399780077
1,clean_reference,19.06,-2.0181228460050797
1,clean_reference,19.065,-2.01771668990707
1,clean_reference,19.07,-2.017273141732101
1,clean_reference,19.075,-2.0167933351723453
1,clean_reference,19.080000000000002,-2.0162783685511902
1,clean_reference,19.085,-2.0157293057981387
1,clean_reference,19.09,-2.0151471774054897
1,clean_reference,19.095,-2.0145329813688515
1,clean_reference,19.1,-2.013887684110541
1,clean_reference,19.105,-2.0132122213849484
1,clean_reference,19.11,-2.0125074991649217
1,clean_reference,19.115000000000002,-2.011774394508253
1,clean_reference,19.12,-2.0110137564033255
1,clean_reference,19.125,-2.0102264065934063
1,clean_reference,19.13,-2.0094131403978532
1,clean_reference,19.135,-2.0085747275030057
1,clean_reference,19.14,-2.007711912727285
1,clean_reference,19.145,-2.0068254167778554
1,clean_reference,19.150000000000002,-2.005915936985211
1,clean_reference,19.155,-2.0049841480185755
1,clean_reference,19.16,-2.004030702582559
1,clean_reference,19.165,-2.0030562320955263
1,clean_reference,19.17,-2.00206134735011
1,clean_reference,19.175,-2.00104663915632
1,clean_reference,19.18,-2.0000126789676886
1,clean_reference,19.185,-1.9989600194908266
1,clean_reference,19.19,-1.9978891952730722
1,clean_reference,19.195,-1.9968007232756868
1,clean_reference,19.2,-1.9956951034334665
1,clean_reference,19.205000000000002,-1.9945728191962075
1,clean_reference,19.21,-1.993434338054786
1,clean_reference,19.215,-1.9922801120510565
1,clean_reference,19.22,-1.9911105782723237
1,clean_reference,19.225,-1.9899261593311222
1,clean_reference,19.23,-1.9887272638310478
1,clean_reference,19.235,-1.98751428681938
1,clean_reference,19.240000000000002,-1.986287610227243
1,clean_reference,19.245,-1.985047603294573
1,clean_reference,19.25,-1.983794622974718
1,clean_reference,19.255,-1.982529014338714
1,clean_reference,19.26,-1.9812511109605464
1,clean_reference,19.265,-1.9799612352919993
1,clean_reference,19.27,-1.9786596990250442
1,clean_reference,19.275000000000002,-1.977346803442325
1,clean_reference,19.28,-1.9760228397564275
1,clean_reference,19.285,-1.9746880894386107
1,clean_reference,19.29,-1.9733428245377118
1,clean_reference,19.295,-1.9719873079898977
1,clean_reference,19.3,-1.9706217939196538
1,clean_reference,19.305,-1.9692465279231615
1,clean_reference,19.31,-1.9678617473482765
1,clean_reference,19.315,-1.9664676815669166
1,clean_reference,19.32,-1.9650645522363652
1,clean_reference,19.325,-1.9636525735526402
1,clean_reference,19.330000000000002,-1.9622319524950285
1,clean_reference,19.335,-1.960802889062314
1,clean_reference,19.34,-1.9593655765012425
1,clean_reference,19.345,-1.9579202015277832
1,clean_reference,19.35,-1.9564669445417155
1,clean_reference,19.355,-1.9550059798351012
1,clean_reference,19.36,-1.9535374757946617
1,clean_reference,19.365000000000002,-1.952061595089452
1,clean_reference,19.37,-1.9505784948599227
1,clean_reference,19.375,-1.949088326900044
1,clean_reference,19.38,-1.9475912378320235
1,clean_reference,19.385,-1.9460873692756868
1,clean_reference,19.39,-1.9445768580117782
1,clean_reference,19.395,-1.94305983613955
1,clean_reference,19.400000000000002,-1.941536431229058
1,clean_reference,19.405,-1.940006766468546
1,clean_reference,19.41,-1.9384709608072985
1,clean_reference,19.415,-1.9369291290943775
1,clean_reference,19.42,-1.9353813822136188
1,clean_reference,19.425,-1.9338278272115939
1,clean_reference,19.43,-1.9322685674169988
1,clean_reference,19.435,-1.9307037025661216
1,clean_reference,19.44,-1.9291333289176158
1,clean_reference,19.445,-1.9275575393652933
1,clean_reference,19.45,-1.9259764235467671
1,clean_reference,19.455000000000002,-1.9243900679481754
1,clean_reference,19.46,-1.9227985560052447
1,clean_reference,19.465,-1.9212019682009434
1,clean_reference,19.47,-1.9196003821600165
1,clean_reference,19.475,-1.9179938727406434
1,clean_reference,19.48,-1.916382512123502
1,clean_reference,19.485,-1.9147663698984847
1,clean_reference,19.490000000000002,-1.913145513147341
1,clean_reference,19.495,-1.9115200065180913
1,clean_reference,19.5,-1.9098899123068935
1,clean_reference,19.505,-1.908255290531323
1,clean_reference,19.51,-1.9066161990025887
1,clean_reference,19.515,-1.9049726933952285
1,clean_reference,19.52,-1.9033248273142285
1,clean_reference,19.525000000000002,-1.9016726523597554
1,clean_reference,19.53,-1.9000162181896612
1,clean_reference,19.535,-1.8983555725799206
1,clean_reference,19.54,-1.8966907614831932
1,clean_reference,19.545,-1.8950218290856589
1,clean_reference,19.55,-1.8933488178623157
1,clean_reference,19.555,-1.8916717686308844
1,clean_reference,19.56,-1.8899907206025126
1,clean_reference,19.565,-1.8883057114268855
1,clean_reference,19.57,-1.8866167772442843
1,clean_reference,19.575,-1.8849239527303978
1,clean_reference,19.580000000000002,-1.8832272711410771
1,clean_reference,19.585,-1.8815267643555094
1,clean_reference,19.59,-1.8798224629177767
1,clean_reference,19.595,-1.8781143960769244
1,clean_reference,19.6,-1.8764025918256282
1,clean_reference,19.605,-1.8746870769375719
1,clean_reference,19.61,-1.8729678770036247
1,clean_reference,19.615000000000002,-1.8712450164669416
1,clean_reference,19.62,-1.8695185186570824
1,clean_reference,19.625,-1.8677884058232366
1,clean_reference,19.63,-1.8660546991666875
1,clean_reference,19.635,-1.8643174188701352
1,clean_reference,19.64,-1.8625765841248019
1,clean_reference,19.645,-1.8608322131623634
1,clean_reference,19.650000000000002,-1.8590843232813006
1,clean_reference,19.655,-1.8573329308737458
1,clean_reference,19.66,-1.855578051451309
1,clean_reference,19.665,-1.8538196996699483
1,clean_reference,19.67,-1.8520578893539312
1,clean_reference,19.675,-1.8502926335189505
1,clean_reference,19.68,-1.8485239443944448
1,clean_reference,19.685,-1.8467518334452035
1,clean_reference,19.69,-1.8449763113922957
1,clean_reference,19.695,-1.8431973882333996
1,clean_reference,19.7,-1.8414150732625731
1,clean_reference,19.705000000000002,-1.8396293750895443
1,clean_reference,19.71,-1.8378403016585765
1,clean_reference,19.715,-1.8360478602644117
1,clean_reference,19.72,-1.8342520575684973
1,clean_reference,19.725,-1.8324528996175893
1,clean_reference,19.73,-1.8306503918587542
1,clean_reference,19.735,-1.8288445391548427
1,clean_reference,19.740000000000002,-1.827035345799374
1,clean_reference,19.745,-1.825222815530857
1,clean_reference,19.75,-1.8234069515465663
1,clean_reference,19.755,-1.821587756515832
1,clean_reference,19.76,-1.8197652325928533
1,clean_reference,19.765,-1.8179393814290832
1,clean_reference,19.77,-1.8161102041852002
1,clean_reference,19.775000000000002,-1.8142777015427183
1,clean_reference,19.78,-1.8124418737152606
1,clean_reference,19.785,-1.810602720459514
1,clean_reference,19.79,-1.8087602410859247
1,clean_reference,19.795,-1.8069144344691441
1,clean_reference,19.8,-1.8050652990565668
1,clean_reference,19.805,-1.8032128328769608
1,clean_reference,19.81,-1.8013570335512943
1,clean_reference,19.815,-1.7994978983007013
1,clean_reference,19.82,-1.7976354239549586
1,clean_reference,19.825,-1.795769606960613
1,clean_reference,19.830000000000002,-1.7939004433887977
1,clean_reference,19.835,-1.7920279289427437
1,clean_reference,19.84,-1.7901520589649877
1,clean_reference,19.845,-1.7882728284443214
1,clean_reference,19.85,-1.7863902320224732
1,clean_reference,19.855,-1.7845042640005557
1,clean_reference,19.86,-1.7826149183452764
1,clean_reference,19.865000000000002,-1.7807221886949471
1,clean_reference,19.87,-1.778826068365302
1,clean_reference,19.875,-1.776926550355125
1,clean_reference,19.88,-1.7750236273517277
1,clean_reference,19.885,-1.773117291736275
1,clean_reference,19.89,-1.7712075355884784
1,clean_reference,19.895,-1.769294350690032
1,clean_reference,19.900000000000002,-1.767377728530749
1,clean_reference,19.905,-1.7654576603124619
1,clean_reference,19.91,-1.7635341369531674
1,clean_reference,19.915,-1.7616071490910556
1,clean_reference,19.92,-1.759676687088349
1,clean_reference,19.925,-1.75774274103498
1,clean_reference,19.93,-1.755805300752087
1,clean_reference,19.935,-1.7538643557953664
1,clean_reference,19.94,-1.7519198954582624
1,clean_reference,19.945,-1.749971908775021
1,clean_reference,19.95,-1.7480203845235898
1,clean_reference,19.955000000000002,-1.7460653112283993
1,clean_reference,19.96,-1.7441066771630167
1,clean_reference,19.965,-1.7421444703526705
1,clean_reference,19.97,-1.7401786785766746
1,clean_reference,19.975,-1.7382092893707397
1,clean_reference,19.98,-1.7362362900291948
1,clean_reference,19.985,-1.7342596676070892
1,clean_reference,19.990000000000002,-1.7322794089215565
1,clean_reference,19.995,-1.7302955005538132
1,clean_reference,20.0,-1.7283079288511602
1,noisy_observation,0.0,1.9443378741700867
1,noisy_observation,0.08,2.01228046988515
1,noisy_observation,0.16,1.9708216596661272
1,noisy_observation,0.24,1.9673284345457358
1,noisy_observation,0.32,1.892436483546555
1,noisy_observation,0.4,1.8315275697312474
1,noisy_observation,0.48,1.965808754090109
1,noisy_observation,0.56,1.8328496930840044
1,noisy_observation,0.64,1.8857101130864276
1,noisy_observation,0.72,1.7622571406642573
1,noisy_observation,0.8,1.7265568035702734
1,noisy_observation,0.88,1.761555106299306
1,noisy_observation,0.96,1.680618939927349
1,noisy_observation,1.04,1.7137830195649983
1,noisy_observation,1.12,1.7097578379434255
1,noisy_observation,1.2,1.6327040947665825
1,noisy_observation,1.28,1.5367799017656187
1,noisy_observation,1.36,1.5745741693050541
1,noisy_observation,1.44,1.5824464970935364
1,noisy_observation,1.52,1.44826569553991
1,noisy_observation,1.6,1.4245208496360369
1,noisy_observation,1.68,1.3643923731988283
1,noisy_observation,1.76,1.265539640935297
1,noisy_observation,1.84,1.2155452203329682
1,noisy_observation,1.92,1.181488805853546
1,noisy_observation,2.0,1.1494779397521087
1,noisy_observation,2.08,1.1573098242910331
1,noisy_observation,2.16,1.0585231869894014
1,noisy_observation,2.24,0.9150571917703676
1,noisy_observation,2.32,0.9145567200581213
1,noisy_observation,2.4,0.8209823318348002
1,noisy_observation,2.48,0.7548113007454303
1,noisy_observation,2.56,0.629818198590387
1,noisy_observation,2.64,0.5133165100463629
1,noisy_observation,2.72,0.31604402100627305
1,noisy_observation,2.8000000000000003,0.14520351267790152
1,noisy_observation,2.88,0.023584914451382034
1,noisy_observation,2.96,-0.2414084745535029
1,noisy_observation,3.04,-0.5430062056819089
1,noisy_observation,3.12,-0.8750071407400021
1,noisy_observation,3.2,-1.1590245750010078
1,noisy_observation,3.2800000000000002,-1.316677393700984
1,noisy_observation,3.36,-1.7051107301826771
1,noisy_observation,3.44,-1.8935140732322289
1,noisy_observation,3.52,-1.995378568890962
1,noisy_observation,3.6,-1.9648538614777469
1,noisy_observation,3.68,-2.055094981377459
1,noisy_observation,3.7600000000000002,-2.02687428519069
1,noisy_observation,3.84,-2.016371329549994
1,noisy_observation,3.92,-1.9599651081005323
1,noisy_observation,4.0,-2.0495894045786693
1,noisy_observation,4.08,-1.944137059805022
1,noisy_observation,4.16,-1.9993655338251823
1,noisy_observation,4.24,-1.93123179799889
1,noisy_observation,4.32,-1.8460557133711493
1,noisy_observation,4.4,-1.91928710324288
1,noisy_observation,4.48,-1.8117657775137903
1,noisy_observation,4.5600000000000005,-1.7641452704429548
1,noisy_observation,4.64,-1.7303818930617307
1,noisy_observation,4.72,-1.7502948569484926
1,noisy_observation,4.8,-1.7378222053679961
1,noisy_observation,4.88,-1.7393347297700514
1,noisy_observation,4.96,-1.5554461279323302
1,noisy_observation,5.04,-1.5992636804293479
1,noisy_observation,5.12,-1.576621851326338
1,noisy_observation,5.2,-1.5066263917601748
1,noisy_observation,5.28,-1.4705188916930896
1,noisy_observation,5.36,-1.4046218070772472
1,noisy_observation,5.44,-1.425325729890156
1,noisy_observation,5.5200000000000005,-1.281602679562354
1,noisy_observation,5.6000000000000005,-1.4006262255224597
1,noisy_observation,5.68,-1.2585752247206223
1,noisy_observation,5.76,-1.2294058643931505
1,noisy_observation,5.84,-1.1175313810918552
1,noisy_observation,5.92,-1.1334282250215126
1,noisy_observation,6.0,-1.0447255783013012
1,noisy_observation,6.08,-0.978800724928513
1,noisy_observation,6.16,-0.8542789684637302
1,noisy_observation,6.24,-0.7013082316718836
1,noisy_observation,6.32,-0.7364488331785547
1,noisy_observation,6.4,-0.4992402818013472
1,noisy_observation,6.48,-0.47651155859505895
1,noisy_observation,6.5600000000000005,-0.2681846319003641
1,noisy_observation,6.640000000000001,-0.07048057952738021
1,noisy_observation,6.72,0.06193104066417127
1,noisy_observation,6.8,0.36553522325259274
1,noisy_observation,6.88,0.665014805889733
1,noisy_observation,6.96,0.9586598014075834
1,noisy_observation,7.04,1.244640362687871
1,noisy_observation,7.12,1.5425402128158368
1,noisy_observation,7.2,1.6982231285257607
1,noisy_observation,7.28,1.8390408931864277
1,noisy_observation,7.36,1.9716154604332192
1,noisy_observation,7.44,2.0135989281135283
1,noisy_observation,7.5200000000000005,2.1304393430514654
1,noisy_observation,7.6000000000000005,2.054646486453473
1,noisy_observation,7.68,2.078848277354355
1,noisy_observation,7.76,1.9516278321759994
1,noisy_observation,7.84,2.0144762343627316
1,noisy_observation,7.92,1.9437313201076296
1,noisy_observation,8.0,1.9046115744787968
1,noisy_observation,8.08,1.9692749995435095
1,noisy_observation,8.16,1.900164086399243
1,noisy_observation,8.24,1.798123529524521
1,noisy_observation,8.32,1.8479189925790476
1,noisy_observation,8.4,1.8275073056144144
1,noisy_observation,8.48,1.8383890750997265
1,noisy_observation,8.56,1.6985831812121976
1,noisy_observation,8.64,1.698906681117484
1,noisy_observation,8.72,1.662468779044934
1,noisy_observation,8.8,1.685344659347815
1,noisy_observation,8.88,1.5585183196381376
1,noisy_observation,8.96,1.5654892066335264
1,noisy_observation,9.040000000000001,1.5350497806476384
1,noisy_observation,9.120000000000001,1.4895377605279199
1,noisy_observation,9.200000000000001,1.4743358781238625
1,noisy_observation,9.28,1.406114453070211
1,noisy_observation,9.36,1.3580349354282892
1,noisy_observation,9.44,1.2941767577301015
1,noisy_observation,9.52,1.2940675559821904
1,noisy_observation,9.6,1.2262870445044847
1,noisy_observation,9.68,1.1771284835211224
1,noisy_observation,9.76,0.9878214257045937
1,noisy_observation,9.84,0.9335715643103006
1,noisy_observation,9.92,0.8647612789846681
1,noisy_observation,10.0,0.7890418754282582
1,noisy_observation,10.08,0.8218549006666519
1,noisy_observation,10.16,0.6623674613011125
1,noisy_observation,10.24,0.46740424953793613
1,noisy_observation,10.32,0.4127183936748404
1,noisy_observation,10.4,0.1979038334416315
1,noisy_observation,10.48,0.10840309572696365
1,noisy_observation,10.56,-0.14226789173659343
1,noisy_observation,10.64,-0.38067768307354755
1,noisy_observation,10.72,-0.8678949584962508
1,noisy_observation,10.8,-1.0847770219673496
1,noisy_observation,10.88,-1.4069046656192605
1,noisy_observation,10.96,-1.5972154171947521
1,noisy_observation,11.040000000000001,-1.7268571970618087
1,noisy_observation,11.120000000000001,-1.8738032218795202
1,noisy_observation,11.200000000000001,-2.051232996684781
1,noisy_observation,11.28,-1.9355513762654997
1,noisy_observation,11.36,-2.033272278414577
1,noisy_observation,11.44,-2.067265986555988
1,noisy_observation,11.52,-1.9827184562132123
1,noisy_observation,11.6,-2.0162645512225223
1,noisy_observation,11.68,-1.9488421751876315
1,noisy_observation,11.76,-1.9644607424283793
1,noisy_observation,11.84,-1.9103139761386352
1,noisy_observation,11.92,-1.8691245299255057
1,noisy_observation,12.0,-1.9381644888301037
1,noisy_observation,12.08,-1.8970295917860451
1,noisy_observation,12.16,-1.7576583783843012
1,noisy_observation,12.24,-1.7740308970673944
1,noisy_observation,12.32,-1.7159992330643232
1,noisy_observation,12.4,-1.7423280718602714
1,noisy_observation,12.48,-1.7413122261858007
1,noisy_observation,12.56,-1.6443609364753364
1,noisy_observation,12.64,-1.6766314077272426
1,noisy_observation,12.72,-1.4558438958743338
1,noisy_observation,12.8,-1.5489294305478516
1,noisy_observation,12.88,-1.3699068207976484
1,noisy_observation,12.96,-1.3867791550882593
1,noisy_observation,13.040000000000001,-1.3631565362118612
1,noisy_observation,13.120000000000001,-1.392461541232179
1,noisy_observation,13.200000000000001,-1.3021687377283389
1,noisy_observation,13.280000000000001,-1.2388372711181814
1,noisy_observation,13.36,-1.2765186871449277
1,noisy_observation,13.44,-1.0903828766424044
1,noisy_observation,13.52,-1.018782111910704
1,noisy_observation,13.6,-1.052749120839562
1,noisy_observation,13.68,-0.9599296930825687
1,noisy_observation,13.76,-0.8622117573683948
1,noisy_observation,13.84,-0.8309817742762188
1,noisy_observation,13.92,-0.7470851752441322
1,noisy_observation,14.0,-0.570906210560297
1,noisy_observation,14.08,-0.45207307872859825
1,noisy_observation,14.16,-0.34877474571433553
1,noisy_observation,14.24,-0.1511756436157581
1,noisy_observation,14.32,-0.002154584930054281
1,noisy_observation,14.4,0.26826002470526583
1,noisy_observation,14.48,0.5487606777427433
1,noisy_observation,14.56,0.8907996396304678
1,noisy_observation,14.64,1.0940577695593707
1,noisy_observation,14.72,1.3785045061057317
1,noisy_observation,14.8,1.627215362358349
1,noisy_observation,14.88,1.7726106660496455
1,noisy_observation,14.96,1.8991647186021308
1,noisy_observation,15.040000000000001,2.0242370475506655
1,noisy_observation,15.120000000000001,2.0258495458036276
1,noisy_observation,15.200000000000001,1.9511680393310271
1,noisy_observation,15.280000000000001,2.090068344449443
1,noisy_observation,15.36,1.9996313733012672
1,noisy_observation,15.44,1.9797022336432053
1,noisy_observation,15.52,2.032036330732917
1,noisy_observation,15.6,1.896760661107176
1,noisy_observation,15.68,1.886908949269726
1,noisy_observation,15.76,1.8716602149585315
1,noisy_observation,15.84,1.8759759613691862
1,noisy_observation,15.92,1.7803931218062303
1,noisy_observation,16.0,1.873141719266259
1,noisy_observation,16.080000000000002,1.7739276397867085
1,noisy_observation,16.16,1.8039024156224652
1,noisy_observation,16.240000000000002,1.6877360756137787
1,noisy_observation,16.32,1.6296924566895843
1,noisy_observation,16.4,1.6560070562648772
1,noisy_observation,16.48,1.593912801485808
1,noisy_observation,16.56,1.5894312336236436
1,noisy_observation,16.64,1.6002379100231674
1,noisy_observation,16.72,1.5058465360116156
1,noisy_observation,16.8,1.4557849613077358
1,noisy_observation,16.88,1.336311727693393
1,noisy_observation,16.96,1.432899230290087
1,noisy_observation,17.04,1.3063810484076344
1,noisy_observation,17.12,1.2670260254137007
1,noisy_observation,17.2,1.1607820912466886
1,noisy_observation,17.28,1.1208180673096595
1,noisy_observation,17.36,1.1205185083516755
1,noisy_observation,17.44,1.0944453437779107
1,noisy_observation,17.52,0.9979057980433496
1,noisy_observation,17.6,0.956012353952101
1,noisy_observation,17.68,0.6984164431539106
1,noisy_observation,17.76,0.6767437672193884
1,noisy_observation,17.84,0.6425983841570916
1,noisy_observation,17.92,0.48341141010013056
1,noisy_observation,18.0,0.3296657429933474
1,noisy_observation,18.080000000000002,0.11031446220556751
1,noisy_observation,18.16,-0.11427807066563317
1,noisy_observation,18.240000000000002,-0.34471513781158497
1,noisy_observation,18.32,-0.5841224363810446
1,noisy_observation,18.400000000000002,-0.9268622370682325
1,noisy_observation,18.48,-1.248371226787046
1,noisy_observation,18.56,-1.4908454032598546
1,noisy_observation,18.64,-1.736732767432334
1,noisy_observation,18.72,-1.8777048364198425
1,noisy_observation,18.8,-1.9140595540045022
1,noisy_observation,18.88,-1.97691213233413
1,noisy_observation,18.96,-2.0093717858552553
1,noisy_observation,19.04,-2.0634916885342145
1,noisy_observation,19.12,-2.0055464518296477
1,noisy_observation,19.2,-2.0026464955744543
1,noisy_observation,19.28,-1.9704784408327543
1,noisy_observation,19.36,-1.8836794952536695
1,noisy_observation,19.44,-1.9614678168311275
1,noisy_observation,19.52,-1.908140815624631
1,noisy_observation,19.6,-1.8795244723843976
1,noisy_observation,19.68,-1.9122727612748076
1,noisy_observation,19.76,-1.8775068960335497
1,noisy_observation,19.84,-1.7221699287922532
1,noisy_observation,19.92,-1.822609956819061
1,noisy_observation,20.0,-1.7485089392283226
1,reconstruction,0.0,1.9443378741700867
1,reconstruction,0.016,1.9465088628562928
1,reconstruction,0.032,1.9479241083246956
1,reconstruction,0.048,1.9486152868020927
1,reconstruction,0.064,1.948612650814956
1,reconstruction,0.08,2.01228046988515
1,reconstruction,0.096,2.0086955853948654
1,reconstruction,0.112,2.0045769446707093
1,reconstruction,0.128,1.999965234021387
1,reconstruction,0.14400000000000002,1.9948999787352002
1,reconstruction,0.16,1.9708216596661272
1,reconstruction,0.176,1.9650320623580064
1,reconstruction,0.192,1.9589458991986606
1,reconstruction,0.20800000000000002,1.9525959118964995
1,reconstruction,0.224,1.9460138282990254
1,reconstruction,0.24,1.9673284345457358
1,reconstruction,0.256,1.960241892385098
1,reconstruction,0.272,1.9529522631843415
1,reconstruction,0.28800000000000003,1.9454913013591284
1,reconstruction,0.304,1.93788985352153
1,reconstruction,0.32,1.892436483546555
1,reconstruction,0.336,1.8860684499331675
1,reconstruction,0.352,1.8795691838055864
1,reconstruction,0.368,1.8729591179155411
1,reconstruction,0.384,1.8662577454619955
1,reconstruction,0.4,1.8315275697312474
1,reconstruction,0.41600000000000004,1.8254576687961943
1,reconstruction,0.432,1.8193147475935267
1,reconstruction,0.448,1.8131108971463483
1,reconstruction,0.464,1.806857275096136
1,reconstruction,0.48,1.965808754090109
1,reconstruction,0.496,1.954573530223284
1,reconstruction,0.512,1.9434194080067146
1,reconstruction,0.528,1.932376820193906
1,reconstruction,0.544,1.9214756945717146
1,reconstruction,0.56,1.8328496930840044
1,reconstruction,0.5760000000000001,1.8276283618992661
1,reconstruction,0.592,1.8222844102289362
1,reconstruction,0.608,1.8168302733137585
1,reconstruction,0.624,1.8112773748403028
1,reconstruction,0.64,1.8857101130864276
1,reconstruction,0.656,1.8757660487378296
1,reconstruction,0.672,1.865921187130879
1,reconstruction,0.6880000000000001,1.856194276296707
1,reconstruction,0.704,1.8466034864836727
1,reconstruction,0.72,1.7622571406642573
1,reconstruction,0.736,1.7548477463121295
1,reconstruction,0.752,1.747499601398916
1,reconstruction,0.768,1.7402161133649166
1,reconstruction,0.784,1.7329999442568065
1,reconstruction,0.8,1.7265568035702734
1,reconstruction,0.8160000000000001,1.7191315584132956
1,reconstruction,0.8320000000000001,1.7117891920068773
1,reconstruction,0.848,1.7045291685831776
1,reconstruction,0.864,1.6973502416667532
1,reconstruction,0.88,1.761555106299306
1,reconstruction,0.896,1.7537694579328855
1,reconstruction,0.912,1.7460653714816672
1,reconstruction,0.928,1.738446140772081
1,reconstruction,0.9440000000000001,1.7309143560994908
1,reconstruction,0.96,1.680618939927349
1,reconstruction,0.976,1.6739204670927244
1,reconstruction,0.992,1.6672894813248011
1,reconstruction,1.008,1.6607207871174707
1,reconstruction,1.024,1.6542084409847984
1,reconstruction,1.04,1.7137830195649983
1,reconstruction,1.056,1.706316417154913
1,reconstruction,1.072,1.6989407775213128
1,reconstruction,1.088,1.6916542186726775
1,reconstruction,1.104,1.6844541648995977
1,reconstruction,1.12,1.7097578379434255
1,reconstruction,1.1360000000000001,1.700015288094459
1,reconstruction,1.1520000000000001,1.6904788397964776
1,reconstruction,1.168,1.6811461546913316
1,reconstruction,1.184,1.672014477149934
1,reconstruction,1.2,1.6327040947665825
1,reconstruction,1.216,1.6240692862030106
1,reconstruction,1.232,1.6155987721678964
1,reconstruction,1.248,1.6072829789092544
1,reconstruction,1.264,1.59911186671087
1,reconstruction,1.28,1.5367799017656187
1,reconstruction,1.296,1.5307086037490971
1,reconstruction,1.312,1.5246930736846112
1,reconstruction,1.328,1.5187160357098215
1,reconstruction,1.344,1.5127595403926912
1,reconstruction,1.36,1.5745741693050541
1,reconstruction,1.3760000000000001,1.5679126409424533
1,reconstruction,1.3920000000000001,1.5613323801514873
1,reconstruction,1.408,1.5548189455404433
1,reconstruction,1.424,1.5483572521398823
1,reconstruction,1.44,1.5824464970935364
1,reconstruction,1.456,1.5760282500951424
1,reconstruction,1.472,1.5696821298743515
1,reconstruction,1.488,1.5633942916761339
1,reconstruction,1.504,1.5571502098322225
1,reconstruction,1.52,1.44826569553991
1,reconstruction,1.536,1.4416533932986477
1,reconstruction,1.552,1.4350868986165366
1,reconstruction,1.568,1.4285434886106916
1,reconstruction,1.584,1.4219999322375918
1,reconstruction,1.6,1.4245208496360369
1,reconstruction,1.616,1.417376412281525
1,reconstruction,1.6320000000000001,1.410280627429816
1,reconstruction,1.6480000000000001,1.4032096401023633
1,reconstruction,1.6640000000000001,1.396139184175305
1,reconstruction,1.68,1.3643923731988283
1,reconstruction,1.696,1.357412172082508
1,reconstruction,1.712,1.3504374433491544
1,reconstruction,1.728,1.3434415674991973
1,reconstruction,1.744,1.3363975630595326
1,reconstruction,1.76,1.265539640935297
1,reconstruction,1.776,1.259829937523816
1,reconstruction,1.792,1.2540245130492071
1,reconstruction,1.808,1.2480930216166142
1,reconstruction,1.824,1.2420046990326175
1,reconstruction,1.84,1.2155452203329682
1,reconstruction,1.856,1.2081470928614424
1,reconstruction,1.872,1.2006276163705516
1,reconstruction,1.8880000000000001,1.1929559301829027
1,reconstruction,1.9040000000000001,1.185101043373038
1,reconstruction,1.92,1.181488805853546
1,reconstruction,1.936,1.1745892050761544
1,reconstruction,1.952,1.167526165544874
1,reconstruction,1.968,1.1602680396177183
1,reconstruction,1.984,1.1527830168830315
1,reconstruction,2.0,1.1494779397521087
1,reconstruction,2.016,1.1399096215095401
1,reconstruction,2.032,1.1301671918180516
1,reconstruction,2.048,1.1202199059026343
1,reconstruction,2.064,1.1100372888292735
1,reconstruction,2.08,1.1573098242910331
1,reconstruction,2.096,1.1469317082851938
1,reconstruction,2.112,1.136400572032177
1,reconstruction,2.128,1.125686165252875
1,reconstruction,2.144,1.1147586262614613
1,reconstruction,2.16,1.0585231869894014
1,reconstruction,2.176,1.0476397509183863
1,reconstruction,2.192,1.036464414475293
1,reconstruction,2.208,1.0249669475543393
1,reconstruction,2.224,1.013117700042257
1,reconstruction,2.24,0.9150571917703676
1,reconstruction,2.2560000000000002,0.9042840692281174
1,reconstruction,2.2720000000000002,0.8929902917409088
1,reconstruction,2.2880000000000003,0.8811470216223558
1,reconstruction,2.3040000000000003,0.8687261172071601
1,reconstruction,2.32,0.9145567200581213
1,reconstruction,2.336,0.8994496155200461
1,reconstruction,2.352,0.8838326056469279
1,reconstruction,2.368,0.8676803047582698
1,reconstruction,2.384,0.8509687728015356
1,reconstruction,2.4,0.8209823318348002
1,reconstruction,2.416,0.8041012748001193
1,reconstruction,2.432,0.7865364068361899
1,reconstruction,2.448,0.7682662922344236
1,reconstruction,2.464,0.7492713292973655
1,reconstruction,2.48,0.7548113007454303
1,reconstruction,2.496,0.7366626132597475
1,reconstruction,2.512,0.7176995885766971
1,reconstruction,2.528,0.6979041944488233
1,reconstruction,2.544,0.6772604984830705
1,reconstruction,2.56,0.629818198590387
1,reconstruction,2.576,0.6074777807922676
1,reconstruction,2.592,0.5840783328686182
1,reconstruction,2.608,0.5596116035719577
1,reconstruction,2.624,0.5340722581515791
1,reconstruction,2.64,0.5133165100463629
1,reconstruction,2.656,0.4832883200543926
1,reconstruction,2.672,0.45204539302614544
1,reconstruction,2.688,0.41959572655046273
1,reconstruction,2.704,0.38595172850425974
1,reconstruction,2.72,0.31604402100627305
1,reconstruction,2.736,0.2857279556740488
1,reconstruction,2.7520000000000002,0.2537552551887938
1,reconstruction,2.7680000000000002,0.22014577672986374
1,reconstruction,2.7840000000000003,0.18492349255696794
1,reconstruction,2.8000000000000003,0.14520351267790152
1,reconstruction,2.816,0.10752122210569721
1,reconstruction,2.832,0.06802989327907723
1,reconstruction,2.848,0.026772986060030153
1,reconstruction,2.864,-0.016201039874664216
1,reconstruction,2.88,0.023584914451382034
1,reconstruction,2.896,-0.023008077642478315
1,reconstruction,2.912,-0.0712285912713284
1,reconstruction,2.928,-0.12100692458071993
1,reconstruction,2.944,-0.17226729402332308
1,reconstruction,2.96,-0.2414084745535029
1,reconstruction,2.976,-0.29790787345241154
1,reconstruction,2.992,-0.3555903167025628
1,reconstruction,3.008,-0.41434515250644494
1,reconstruction,3.024,-0.4740561158357708
1,reconstruction,3.04,-0.5430062056819089
1,reconstruction,3.056,-0.6058010595431066
1,reconstruction,3.072,-0.6688837152649146
1,reconstruction,3.088,-0.7321101028734799
1,reconstruction,3.104,-0.7953337207144032
1,reconstruction,3.12,-0.8750071407400021
1,reconstruction,3.136,-0.9374759154091302
1,reconstruction,3.152,-0.9990857587635882
1,reconstruction,3.168,-1.0596870875098883
1,reconstruction,3.184,-1.1191342337936308
1,reconstruction,3.2,-1.1590245750010078
1,reconstruction,3.216,-1.2163461182265027
1,reconstruction,3.232,-1.2718436874877925
1,reconstruction,3.248,-1.3253951066464724
1,reconstruction,3.2640000000000002,-1.3768885176031584
1,reconstruction,3.2800000000000002,-1.316677393700984
1,reconstruction,3.2960000000000003,-1.3618857693902942
1,reconstruction,3.3120000000000003,-1.4060614628916752
1,reconstruction,3.3280000000000003,-1.4491408839434763
1,reconstruction,3.344,-1.491071602340568
1,reconstruction,3.36,-1.7051107301826771
1,reconstruction,3.376,-1.7399155442386636
1,reconstruction,3.392,-1.772693341500994
1,reconstruction,3.408,-1.8034715426255792
1,reconstruction,3.424,-1.8322881144118948
1,reconstruction,3.44,-1.8935140732322289
1,reconstruction,3.456,-1.9212241371978815
1,reconstruction,3.472,-1.9466066917442224
1,reconstruction,3.488,-1.969725539660924
1,reconstruction,3.504,-1.9906492474817987
1,reconstruction,3.52,-1.995378568890962
1,reconstruction,3.536,-2.014854243697526
1,reconstruction,3.552,-2.0321626851558032
1,reconstruction,3.568,-2.0473731441529504
1,reconstruction,3.584,-2.060555347111632
1,reconstruction,3.6,-1.9648538614777469
1,reconstruction,3.616,-1.9756137729088319
1,reconstruction,3.632,-1.9849745062964228
1,reconstruction,3.648,-1.9929849936209973
1,reconstruction,3.664,-1.9996927090782368
1,reconstruction,3.68,-2.055094981377459
1,reconstruction,3.696,-2.0594634851578255
1,reconstruction,3.712,-2.0625846045641936
1,reconstruction,3.728,-2.064515179040358
1,reconstruction,3.744,-2.065310460224914
1,reconstruction,3.7600000000000002,-2.02687428519069
1,reconstruction,3.7760000000000002,-2.0277579032449067
1,reconstruction,3.7920000000000003,-2.0277482810236314
1,reconstruction,3.8080000000000003,-2.026892631124586
1,reconstruction,3.8240000000000003,-2.025236607016701
1,reconstruction,3.84,-2.016371329549994
1,reconstruction,3.856,-2.0128841906525765
1,reconstruction,3.872,-2.0088592115757566
1,reconstruction,3.888,-2.0043370297054333
1,reconstruction,3.904,-1.9993570005557066
1,reconstruction,3.92,-1.9599651081005323
1,reconstruction,3.936,-1.9547466949878038
1,reconstruction,3.952,-1.9492364340499333
1,reconstruction,3.968,-1.943463917683021
1,reconstruction,3.984,-1.9374576121938896
1,reconstruction,4.0,-2.0495894045786693
1,reconstruction,4.016,-2.040508414677241
1,reconstruction,4.032,-2.031247416394727
1,reconstruction,4.048,-2.0218477185751755
1,reconstruction,4.064,-2.012349951689045
1,reconstruction,4.08,-1.944137059805022
1,reconstruction,4.096,-1.9355148002450329
1,reconstruction,4.112,-1.9268685146568896
1,reconstruction,4.128,-1.9182225442806689
1,reconstruction,4.144,-1.9096005250280805
1,reconstruction,4.16,-1.9993655338251823
1,reconstruction,4.176,-1.9883123545367583
1,reconstruction,4.192,-1.977326554527664
1,reconstruction,4.208,-1.9664392897351464
1,reconstruction,4.224,-1.955681324904998
1,reconstruction,4.24,-1.93123179799889
1,reconstruction,4.256,-1.9216628750832105
1,reconstruction,4.272,-1.9121553765885342
1,reconstruction,4.288,-1.9027310151342494
1,reconstruction,4.304,-1.8934109368912124
1,reconstruction,4.32,-1.8460557133711493
1,reconstruction,4.336,-1.838540681662581
1,reconstruction,4.352,-1.8310546906276823
1,reconstruction,4.368,-1.8236091793370433
1,reconstruction,4.384,-1.8162147734626537
1,reconstruction,4.4,-1.91928710324288
1,reconstruction,4.416,-1.9132886423759237
1,reconstruction,4.432,-1.9071229578978512
1,reconstruction,4.448,-1.9008127455404957
1,reconstruction,4.464,-1.8943796665183859
1,reconstruction,4.48,-1.8117657775137903
1,reconstruction,4.496,-1.8044847493857918
1,reconstruction,4.5120000000000005,-1.7972530077425244
1,reconstruction,4.5280000000000005,-1.7900778724142141
1,reconstruction,4.5440000000000005,-1.7829658341258456
1,reconstruction,4.5600000000000005,-1.7641452704429548
1,reconstruction,4.5760000000000005,-1.7592005726364763
1,reconstruction,4.5920000000000005,-1.754216521821642
1,reconstruction,4.6080000000000005,-1.749196445476989
1,reconstruction,4.624,-1.744142545728511
1,reconstruction,4.64,-1.7303818930617307
1,reconstruction,4.656,-1.7240766983640388
1,reconstruction,4.672,-1.7178300878280253
1,reconstruction,4.688,-1.7116408585446574
1,reconstruction,4.704,-1.7055068822020174
1,reconstruction,4.72,-1.7502948569484926
1,reconstruction,4.736,-1.7428686637274569
1,reconstruction,4.752,-1.7355481066725342
1,reconstruction,4.768,-1.7283334107813515
1,reconstruction,4.784,-1.721224028082249
1,reconstruction,4.8,-1.7378222053679961
1,reconstruction,4.816,-1.7304655566293765
1,reconstruction,4.832,-1.723218397564857
1,reconstruction,4.848,-1.7160796753805192
1,reconstruction,4.864,-1.7090475616467764
1,reconstruction,4.88,-1.7393347297700514
1,reconstruction,4.896,-1.7319744151405556
1,reconstruction,4.912,-1.7247228958346117
1,reconstruction,4.928,-1.7175792750899757
1,reconstruction,4.944,-1.71054188011546
1,reconstruction,4.96,-1.5554461279323302
1,reconstruction,4.976,-1.5510240918856142
1,reconstruction,4.992,-1.546644564928843
1,reconstruction,5.008,-1.5422921689088265
1,reconstruction,5.024,-1.5379504225463598
1,reconstruction,5.04,-1.5992636804293479
1,reconstruction,5.056,-1.592117591197537
1,reconstruction,5.072,-1.5851138232117514
1,reconstruction,5.088,-1.5782389515125748
1,reconstruction,5.104,-1.5714788360838583
1,reconstruction,5.12,-1.576621851326338
1,reconstruction,5.136,-1.569279510836741
1,reconstruction,5.152,-1.562087614271756
1,reconstruction,5.168,-1.5550309766299915
1,reconstruction,5.184,-1.5480937460414634
1,reconstruction,5.2,-1.5066263917601748
1,reconstruction,5.216,-1.5013574232466778
1,reconstruction,5.232,-1.4961599082356742
1,reconstruction,5.248,-1.4910148813757018
1,reconstruction,5.264,-1.4859024271027859
1,reconstruction,5.28,-1.4705188916930896
1,reconstruction,5.296,-1.463894085481851
1,reconstruction,5.312,-1.4573747943774065
1,reconstruction,5.328,-1.450939491372604
1,reconstruction,5.344,-1.4445659394380177
1,reconstruction,5.36,-1.4046218070772472
1,reconstruction,5.376,-1.3965526518034304
1,reconstruction,5.392,-1.388599011243785
1,reconstruction,5.408,-1.3807358625742736
1,reconstruction,5.424,-1.372937771513257
1,reconstruction,5.44,-1.425325729890156
1,reconstruction,5.456,-1.4191828809209843
1,reconstruction,5.472,-1.4131161364578506
1,reconstruction,5.488,-1.4071018815232883
1,reconstruction,5.5040000000000004,-1.4011157414649609
1,reconstruction,5.5200000000000005,-1.281602679562354
1,reconstruction,5.5360000000000005,-1.2741173582163523
1,reconstruction,5.5520000000000005,-1.2666454611535989
1,reconstruction,5.5680000000000005,-1.2591581992036216
1,reconstruction,5.5840000000000005,-1.2516263517086537
1,reconstruction,5.6000000000000005,-1.4006262255224597
1,reconstruction,5.6160000000000005,-1.392753986303654
1,reconstruction,5.632,-1.384989623424679
1,reconstruction,5.648,-1.3773079970935374
1,reconstruction,5.664,-1.369683523564981
1,reconstruction,5.68,-1.2585752247206223
1,reconstruction,5.696,-1.2484492866636387
1,reconstruction,5.712,-1.2383580402785446
1,reconstruction,5.728,-1.2282720410949581
1,reconstruction,5.744,-1.2181619355590714
1,reconstruction,5.76,-1.2294058643931505
1,reconstruction,5.776,-1.21889896411242
1,reconstruction,5.792,-1.2084000879205594
1,reconstruction,5.808,-1.1978793617336139
1,reconstruction,5.824,-1.187307100129912
1,reconstruction,5.84,-1.1175313810918552
1,reconstruction,5.856,-1.1087469345791845
1,reconstruction,5.872,-1.0998206690712449
1,reconstruction,5.888,-1.0907219686960468
1,reconstruction,5.904,-1.0814201268343886
1,reconstruction,5.92,-1.1334282250215126
1,reconstruction,5.936,-1.1222560219120297
1,reconstruction,5.952,-1.1109779275455813
1,reconstruction,5.968,-1.0995635426075787
1,reconstruction,5.984,-1.0879828547506367
1,reconstruction,6.0,-1.0447255783013012
1,reconstruction,6.016,-1.033874620429455
1,reconstruction,6.032,-1.0227916483626895
1,reconstruction,6.048,-1.0114466850422772
1,reconstruction,6.064,-0.9998101149249019
1,reconstruction,6.08,-0.978800724928513
1,reconstruction,6.096,-0.9655563262448543
1,reconstruction,6.112,-0.9519835372179688
1,reconstruction,6.128,-0.9380539461296118
1,reconstruction,6.144,-0.9237400453942161
1,reconstruction,6.16,-0.8542789684637302
1,reconstruction,6.176,-0.8402880660795936
1,reconstruction,6.192,-0.8257554450279426
1,reconstruction,6.208,-0.8106560680553233
1,reconstruction,6.224,-0.7949659852944316
1,reconstruction,6.24,-0.7013082316718836
1,reconstruction,6.256,-0.682974194686312
1,reconstruction,6.272,-0.6637917910647848
1,reconstruction,6.288,-0.6437442206306448
1,reconstruction,6.304,-0.622816748479057
1,reconstruction,6.32,-0.7364488331785547
1,reconstruction,6.336,-0.7173331851610755
1,reconstruction,6.352,-0.697440702500714
1,reconstruction,6.368,-0.6767535977432483
1,reconstruction,6.384,-0.6552563618841093
1,reconstruction,6.4,-0.4992402818013472
1,reconstruction,6.416,-0.4774112026333
1,reconstruction,6.432,-0.45431019037224707
1,reconstruction,6.448,-0.42993349172809986
1,reconstruction,6.464,-0.404280064302442
1,reconstruction,6.48,-0.47651155859505895
1,reconstruction,6.496,-0.4468003425705359
1,reconstruction,6.5120000000000005,-0.415831034533353
1,reconstruction,6.5280000000000005,-0.38360973734278236
1,reconstruction,6.5440000000000005,-0.35014727592426126
1,reconstruction,6.5600000000000005,-0.2681846319003641
1,reconstruction,6.5760000000000005,-0.23505839447388038
1,reconstruction,6.5920000000000005,-0.20028137652966121
1,reconstruction,6.6080000000000005,-0.163877841966866
1,reconstruction,6.6240000000000006,-0.12587707027738204
1,reconstruction,6.640000000000001,-0.07048057952738021
1,reconstruction,6.656000000000001,-0.029750695038574942
1,reconstruction,6.672,0.012748793479828817
1,reconstruction,6.688,0.056967464522927
1,reconstruction,6.704,0.10284886881645883
1,reconstruction,6.72,0.06193104066417127
1,reconstruction,6.736,0.10884439694696475
1,reconstruction,6.752,0.15738687224780062
1,reconstruction,6.768,0.2074865737698171
1,reconstruction,6.784,0.25906496500783255
1,reconstruction,6.8,0.36553522325259274
1,reconstruction,6.816,0.4226559850388655
1,reconstruction,6.832,0.4806782448410569
1,reconstruction,6.848,0.539485850392462
1,reconstruction,6.864,0.5989569371953016
1,reconstruction,6.88,0.665014805889733
1,reconstruction,6.896,0.7271459601929408
1,reconstruction,6.912,0.7890323683812267
1,reconstruction,6.928,0.8505291106126988
1,reconstruction,6.944,0.9114895887492412
1,reconstruction,6.96,0.9586598014075834
1,reconstruction,6.976,1.0171169152050499
1,reconstruction,6.992,1.0745832554102421
1,reconstruction,7.008,1.1309232087337056
1,reconstruction,7.024,1.1860060562272459
1,reconstruction,7.04,1.244640362687871
1,reconstruction,7.056,1.2959704291062737
1,reconstruction,7.072,1.3457644259033699
1,reconstruction,7.088,1.393927024323622
1,reconstruction,7.104,1.4403739448694182
1,reconstruction,7.12,1.5425402128158368
1,reconstruction,7.136,1.5849301607260824
1,reconstruction,7.152,1.6254617467254557
1,reconstruction,7.168,1.6641097053623282
1,reconstruction,7.184,1.7008620535944416
1,reconstruction,7.2,1.6982231285257607
1,reconstruction,7.216,1.7336200755329603
1,reconstruction,7.232,1.7673370491747342
1,reconstruction,7.248,1.7993897887896362
1,reconstruction,7.264,1.8298024325337345
1,reconstruction,7.28,1.8390408931864277
1,reconstruction,7.296,1.8675477355758898
1,reconstruction,7.312,1.894176791447201
1,reconstruction,7.328,1.9189644397744192
1,reconstruction,7.344,1.941950395821698
1,reconstruction,7.36,1.9716154604332192
1,reconstruction,7.376,1.991383270713644
1,reconstruction,7.392,2.0091962082426527
1,reconstruction,7.408,2.0251047756838894
1,reconstruction,7.424,2.0391597195264404
1,reconstruction,7.44,2.0135989281135283
1,reconstruction,7.456,2.0233236994041954
1,reconstruction,7.472,2.0315991822035366
1,reconstruction,7.488,2.038474359561633
1,reconstruction,7.5040000000000004,2.0439970466110746
1,reconstruction,7.5200000000000005,2.1304393430514654
1,reconstruction,7.5360000000000005,2.134329195944047
1,reconstruction,7.5520000000000005,2.1367791121491835
1,reconstruction,7.5680000000000005,2.1378574726546025
1,reconstruction,7.5840000000000005,2.1376314615709617
1,reconstruction,7.6000000000000005,2.054646486453473
1,reconstruction,7.6160000000000005,2.050752212631731
1,reconstruction,7.632000000000001,2.046243817696036
1,reconstruction,7.648000000000001,2.0411696085905047
1,reconstruction,7.664000000000001,2.0355767616925333
1,reconstruction,7.68,2.078848277354355
1,reconstruction,7.696,2.0715138661100325
1,reconstruction,7.712,2.0637605472170906
1,reconstruction,7.728,2.055639719221903
1,reconstruction,7.744,2.0472018751172327
1,reconstruction,7.76,1.9516278321759994
1,reconstruction,7.776,1.9458073301175434
1,reconstruction,7.792,1.9397273088248852
1,reconstruction,7.808,1.9334173814897193
1,reconstruction,7.824,1.926906153879114
1,reconstruction,7.84,2.0144762343627316
1,reconstruction,7.856,2.0062564054575285
1,reconstruction,7.872,1.9978239722805828
1,reconstruction,7.888,1.989218257906852
1,reconstruction,7.904,1.9804777594340268
1,reconstruction,7.92,1.9437313201076296
1,reconstruction,7.936,1.9351196375645052
1,reconstruction,7.952,1.9264452929590348
1,reconstruction,7.968,1.9177358682425858
1,reconstruction,7.984,1.9090181871635303
1,reconstruction,8.0,1.9046115744787968
1,reconstruction,8.016,1.896683827052049
1,reconstruction,8.032,1.8887053136375724
1,reconstruction,8.048,1.880697876728477
1,reconstruction,8.064,1.8726825579362723
1,reconstruction,8.08,1.9692749995435095
1,reconstruction,8.096,1.95968196625202
1,reconstruction,8.112,1.950052387915968
1,reconstruction,8.128,1.9404176357056138
1,reconstruction,8.144,1.9308084032569983
1,reconstruction,8.16,1.900164086399243
1,reconstruction,8.176,1.8923891297053312
1,reconstruction,8.192,1.8845597687486653
1,reconstruction,8.208,1.876697230869102
1,reconstruction,8.224,1.8688219304699245
1,reconstruction,8.24,1.798123529524521
1,reconstruction,8.256,1.7898914805832433
1,reconstruction,8.272,1.7817394179403359
1,reconstruction,8.288,1.7736748905023323
1,reconstruction,8.304,1.7657047594021555
1,reconstruction,8.32,1.8479189925790476
1,reconstruction,8.336,1.8418446094406493
1,reconstruction,8.352,1.835678769339942
1,reconstruction,8.368,1.8294357419348626
1,reconstruction,8.384,1.8231288542163342
1,reconstruction,8.4,1.8275073056144144
1,reconstruction,8.416,1.819393975136556
1,reconstruction,8.432,1.8113287938035938
1,reconstruction,8.448,1.8033229913885143
1,reconstruction,8.464,1.7953870716890834
1,reconstruction,8.48,1.8383890750997265
1,reconstruction,8.496,1.82688866472677
1,reconstruction,8.512,1.815627164693448
1,reconstruction,8.528,1.8046168099547775
1,reconstruction,8.544,1.7938694867334843
1,reconstruction,8.56,1.6985831812121976
1,reconstruction,8.576,1.6923353052089949
1,reconstruction,8.592,1.6861264991259612
1,reconstruction,8.608,1.679953379415062
1,reconstruction,8.624,1.6738117484788662
1,reconstruction,8.64,1.698906681117484
1,reconstruction,8.656,1.6914198667178706
1,reconstruction,8.672,1.6840310878778109
1,reconstruction,8.688,1.6767369401350105
1,reconstruction,8.704,1.669533342335863
1,reconstruction,8.72,1.662468779044934
1,reconstruction,8.736,1.6561707010586044
1,reconstruction,8.752,1.6499279570500867
1,reconstruction,8.768,1.6437336179090962
1,reconstruction,8.784,1.6375799793268193
1,reconstruction,8.8,1.685344659347815
1,reconstruction,8.816,1.6765312173380758
1,reconstruction,8.832,1.6678838921337205
1,reconstruction,8.848,1.65939792778501
1,reconstruction,8.864,1.651068063787385
1,reconstruction,8.88,1.5585183196381376
1,reconstruction,8.896,1.5521686502011
1,reconstruction,8.912,1.545887318131709
1,reconstruction,8.928,1.5396586449063945
1,reconstruction,8.944,1.533466288381746
1,reconstruction,8.96,1.5654892066335264
1,reconstruction,8.976,1.5597100621357136
1,reconstruction,8.992,1.5539785964716892
1,reconstruction,9.008000000000001,1.5482796149305782
1,reconstruction,9.024000000000001,1.5425971849140006
1,reconstruction,9.040000000000001,1.5350497806476384
1,reconstruction,9.056000000000001,1.5277135421635668
1,reconstruction,9.072000000000001,1.5204778433635189
1,reconstruction,9.088000000000001,1.5133254252027917
1,reconstruction,9.104000000000001,1.5062385124619804
1,reconstruction,9.120000000000001,1.4895377605279199
1,reconstruction,9.136000000000001,1.4832717367299355
1,reconstruction,9.152000000000001,1.4770571069940612
1,reconstruction,9.168000000000001,1.470873492326066
1,reconstruction,9.184000000000001,1.4646999153291869
1,reconstruction,9.200000000000001,1.4743358781238625
1,reconstruction,9.216000000000001,1.46651126907611
1,reconstruction,9.232,1.4587820640202256
1,reconstruction,9.248,1.4511272337932652
1,reconstruction,9.264,1.443525368619204
1,reconstruction,9.28,1.406114453070211
1,reconstruction,9.296,1.4004964063639165
1,reconstruction,9.312,1.3948769858456633
1,reconstruction,9.328,1.3892311029023445
1,reconstruction,9.344,1.3835330826236567
1,reconstruction,9.36,1.3580349354282892
1,reconstruction,9.376,1.3507623423374904
1,reconstruction,9.392,1.3434973265499
1,reconstruction,9.408,1.3362130961232013
1,reconstruction,9.424,1.328882544318098
1,reconstruction,9.44,1.2941767577301015
1,reconstruction,9.456,1.28675825762936
1,reconstruction,9.472,1.2792968578887798
1,reconstruction,9.488,1.2717636099836696
1,reconstruction,9.504,1.2641293466262593
1,reconstruction,9.52,1.2940675559821904
1,reconstruction,9.536,1.2869567001825508
1,reconstruction,9.552,1.2797971695274928
1,reconstruction,9.568,1.272559906503406
1,reconstruction,9.584,1.2652155920979782
1,reconstruction,9.6,1.2262870445044847
1,reconstruction,9.616,1.216021192856629
1,reconstruction,9.632,1.2056914586369494
1,reconstruction,9.648,1.1952684471358652
1,reconstruction,9.664,1.1847230513715405
1,reconstruction,9.68,1.1771284835211224
1,reconstruction,9.696,1.1675273755855726
1,reconstruction,9.712,1.157788884752591
1,reconstruction,9.728,1.1478825665196464
1,reconstruction,9.744,1.1377782193693868
1,reconstruction,9.76,0.9878214257045937
1,reconstruction,9.776,0.9787930126283685
1,reconstruction,9.792,0.9693599040762252
1,reconstruction,9.808,0.9594911047063196
1,reconstruction,9.824,0.9491559733556
1,reconstruction,9.84,0.9335715643103006
1,reconstruction,9.856,0.9230052840683202
1,reconstruction,9.872,0.9119487391803683
1,reconstruction,9.888,0.9003726424597057
1,reconstruction,9.904,0.8882483536117537
1,reconstruction,9.92,0.8647612789846681
1,reconstruction,9.936,0.8523523243773606
1,reconstruction,9.952,0.8393338002971328
1,reconstruction,9.968,0.8256791486484129
1,reconstruction,9.984,0.8113628183593459
1,reconstruction,10.0,0.7890418754282582
1,reconstruction,10.016,0.7753751635691902
1,reconstruction,10.032,0.7609585527586008
1,reconstruction,10.048,0.7457685373544273
1,reconstruction,10.064,0.7297828813695322
1,reconstruction,10.08,0.8218549006666519
1,reconstruction,10.096,0.8024352836683054
1,reconstruction,10.112,0.7823561133231812
1,reconstruction,10.128,0.7615984119670347
1,reconstruction,10.144,0.7401455223443135
1,reconstruction,10.16,0.6623674613011125
1,reconstruction,10.176,0.6418343847938016
1,reconstruction,10.192,0.6203011048972714
1,reconstruction,10.208,0.5977557910762772
1,reconstruction,10.224,0.5741891806678
1,reconstruction,10.24,0.46740424953793613
1,reconstruction,10.256,0.44264993607814024
1,reconstruction,10.272,0.41649463454515046
1,reconstruction,10.288,0.38894125894806786
1,reconstruction,10.304,0.3599960033519482
1,reconstruction,10.32,0.4127183936748404
1,reconstruction,10.336,0.3809665360653666
1,reconstruction,10.352,0.34780061532867773
1,reconstruction,10.368,0.313237079856187
1,reconstruction,10.384,0.27729699052394174
1,reconstruction,10.4,0.1979038334416315
1,reconstruction,10.416,0.15943707252104536
1,reconstruction,10.432,0.11928575395888436
1,reconstruction,10.448,0.0774914577122024
1,reconstruction,10.464,0.03410113417747682
1,reconstruction,10.48,0.10840309572696365
1,reconstruction,10.496,0.0636123070734918
1,reconstruction,10.512,0.017233044035667913
1,reconstruction,10.528,-0.030674614773843742
1,reconstruction,10.544,-0.08004436316036104
1,reconstruction,10.56,-0.14226789173659343
1,reconstruction,10.576,-0.19941483192982873
1,reconstruction,10.592,-0.2576827896988492
1,reconstruction,10.608,-0.3169660742447231
1,reconstruction,10.624,-0.37715224403959524
1,reconstruction,10.64,-0.38067768307354755
1,reconstruction,10.656,-0.4452004369945298
1,reconstruction,10.672,-0.5101335649388345
1,reconstruction,10.688,-0.5753362475053252
1,reconstruction,10.704,-0.6406625116100291
1,reconstruction,10.72,-0.8678949584962508
1,reconstruction,10.736,-0.9325941645843818
1,reconstruction,10.752,-0.9961796438819593
1,reconstruction,10.768,-1.058494133793044
1,reconstruction,10.784,-1.1193840850589325
1,reconstruction,10.8,-1.0847770219673496
1,reconstruction,10.816,-1.1436530147813857
1,reconstruction,10.832,-1.2009697470031326
1,reconstruction,10.848,-1.256595365636736
1,reconstruction,10.864,-1.3104066682111553
1,reconstruction,10.88,-1.4069046656192605
1,reconstruction,10.896,-1.4548775659649278
1,reconstruction,10.912,-1.5007269586803282
1,reconstruction,10.928,-1.5443895146311069
1,reconstruction,10.944,-1.585816011698939
1,reconstruction,10.96,-1.5972154171947521
1,reconstruction,10.976,-1.634889879382386
1,reconstruction,10.992,-1.6708175374149308
1,reconstruction,11.008000000000001,-1.7049997310056424
1,reconstruction,11.024000000000001,-1.737449658835795
1,reconstruction,11.040000000000001,-1.7268571970618087
1,reconstruction,11.056000000000001,-1.7569643343233086
1,reconstruction,11.072000000000001,-1.7855069798655343
1,reconstruction,11.088000000000001,-1.8125201977778025
1,reconstruction,11.104000000000001,-1.8380452953296413
1,reconstruction,11.120000000000001,-1.8738032218795202
1,reconstruction,11.136000000000001,-1.896034277000706
1,reconstruction,11.152000000000001,-1.916505456866141
1,reconstruction,11.168000000000001,-1.9352683438941487
1,reconstruction,11.184000000000001,-1.9523757679634535
1,reconstruction,11.200000000000001,-2.051232996684781
1,reconstruction,11.216000000000001,-2.062770174773826
1,reconstruction,11.232000000000001,-2.072512705318187
1,reconstruction,11.248000000000001,-2.0805271319961363
1,reconstruction,11.264,-2.0868788361488786
1,reconstruction,11.28,-1.9355513762654997
1,reconstruction,11.296,-1.9424564187762083
1,reconstruction,11.312,-1.9483121466062296
1,reconstruction,11.328,-1.9531571566217418
1,reconstruction,11.344,-1.9570283019968293
1,reconstruction,11.36,-2.033272278414577
1,reconstruction,11.376,-2.034424631042271
1,reconstruction,11.392,-2.034645058985819
1,reconstruction,11.408,-2.0339822642883716
1,reconstruction,11.424,-2.032483386241957
1,reconstruction,11.44,-2.067265986555988
1,reconstruction,11.456,-2.06291404330375
1,reconstruction,11.472,-2.0579646140221537
1,reconstruction,11.488,-2.052466705376551
1,reconstruction,11.504,-2.0464681418689787
1,reconstruction,11.52,-1.9827184562132123
1,reconstruction,11.536,-1.9767493139979277
1,reconstruction,11.552,-1.9704986012267962
1,reconstruction,11.568,-1.9639989190623468
1,reconstruction,11.584,-1.957281826061293
1,reconstruction,11.6,-2.0162645512225223
1,reconstruction,11.616,-2.0071822789510625
1,reconstruction,11.632,-1.9979868698262515
1,reconstruction,11.648,-1.9887138468455114
1,reconstruction,11.664,-1.9793980630127888
1,reconstruction,11.68,-1.9488421751876315
1,reconstruction,11.696,-1.9417031524511106
1,reconstruction,11.712,-1.9344277056479022
1,reconstruction,11.728,-1.9270420627678815
1,reconstruction,11.744,-1.9195715513359402
1,reconstruction,11.76,-1.9644607424283793
1,reconstruction,11.776,-1.9563370748925186
1,reconstruction,11.792,-1.948121311335933
1,reconstruction,11.808,-1.9398413131032588
1,reconstruction,11.824,-1.9315241624731365
1,reconstruction,11.84,-1.9103139761386352
1,reconstruction,11.856,-1.9025992594221237
1,reconstruction,11.872,-1.894846917376043
1,reconstruction,11.888,-1.8870769925695647
1,reconstruction,11.904,-1.879308713369964
1,reconstruction,11.92,-1.8691245299255057
1,reconstruction,11.936,-1.8590690139533919
1,reconstruction,11.952,-1.8491815587858467
1,reconstruction,11.968,-1.8394749040413454
1,reconstruction,11.984,-1.8299613358505247
1,reconstruction,12.0,-1.9381644888301037
1,reconstruction,12.016,-1.9280351493045194
1,reconstruction,12.032,-1.9179973722965769
1,reconstruction,12.048,-1.9080734892252766
1,reconstruction,12.064,-1.8982853424468953
1,reconstruction,12.08,-1.8970295917860451
1,reconstruction,12.096,-1.8880715637180132
1,reconstruction,12.112,-1.8791773869564883
1,reconstruction,12.128,-1.8703643173656366
1,reconstruction,12.144,-1.861648975568745
1,reconstruction,12.16,-1.7576583783843012
1,reconstruction,12.176,-1.7516040206736327
1,reconstruction,12.192,-1.745575550318805
1,reconstruction,12.208,-1.739574838870991
1,reconstruction,12.224,-1.7336027835535142
1,reconstruction,12.24,-1.7740308970673944
1,reconstruction,12.256,-1.7689891608602424
1,reconstruction,12.272,-1.763904177258664
1,reconstruction,12.288,-1.758780331476127
1,reconstruction,12.304,-1.7536208924753833
1,reconstruction,12.32,-1.7159992330643232
1,reconstruction,12.336,-1.7063533383966014
1,reconstruction,12.352,-1.6969495439790774
1,reconstruction,12.368,-1.687783359489418
1,reconstruction,12.384,-1.6788498991388205
1,reconstruction,12.4,-1.7423280718602714
1,reconstruction,12.416,-1.7360649082936133
1,reconstruction,12.432,-1.7298501365059595
1,reconstruction,12.448,-1.7236838361674562
1,reconstruction,12.464,-1.7175651493534951
1,reconstruction,12.48,-1.7413122261858007
1,reconstruction,12.496,-1.7344101460580716
1,reconstruction,12.512,-1.7275911116395508
1,reconstruction,12.528,-1.7208547054899912
1,reconstruction,12.544,-1.7141996650857358
1,reconstruction,12.56,-1.6443609364753364
1,reconstruction,12.576,-1.6355864339207482
1,reconstruction,12.592,-1.627023891318592
1,reconstruction,12.608,-1.6186627563998963
1,reconstruction,12.624,-1.6104919956147874
1,reconstruction,12.64,-1.6766314077272426
1,reconstruction,12.656,-1.6694934215661232
1,reconstruction,12.672,-1.6624822047557448
1,reconstruction,12.688,-1.655590828065207
1,reconstruction,12.704,-1.648811592775255
1,reconstruction,12.72,-1.4558438958743338
1,reconstruction,12.736,-1.4509089666349606
1,reconstruction,12.752,-1.4460284928092135
1,reconstruction,12.768,-1.4411807647071482
1,reconstruction,12.784,-1.4363431010837553
1,reconstruction,12.8,-1.5489294305478516
1,reconstruction,12.816,-1.5422101224544407
1,reconstruction,12.832,-1.5356154283477936
1,reconstruction,12.848,-1.529128498308887
1,reconstruction,12.864,-1.522731733709877
1,reconstruction,12.88,-1.3699068207976484
1,reconstruction,12.896,-1.362524660146786
1,reconstruction,12.912,-1.3552192775730958
1,reconstruction,12.928,-1.3479644719296564
1,reconstruction,12.944,-1.340733532656191
1,reconstruction,12.96,-1.3867791550882593
1,reconstruction,12.976,-1.3813921229033432
1,reconstruction,12.992,-1.3760483229088174
1,reconstruction,13.008000000000001,-1.3707226958069543
1,reconstruction,13.024000000000001,-1.3653893233109777
1,reconstruction,13.040000000000001,-1.3631565362118612
1,reconstruction,13.056000000000001,-1.3551372713502272
1,reconstruction,13.072000000000001,-1.3472046952365258
1,reconstruction,13.088000000000001,-1.3393322424851037
1,reconstruction,13.104000000000001,-1.33149295786503
1,reconstruction,13.120000000000001,-1.392461541232179
1,reconstruction,13.136000000000001,-1.3848991610899393
1,reconstruction,13.152000000000001,-1.3774318425536105
1,reconstruction,13.168000000000001,-1.3700341920482526
1,reconstruction,13.184000000000001,-1.3626803226306101
1,reconstruction,13.200000000000001,-1.3021687377283389
1,reconstruction,13.216000000000001,-1.2952697398965392
1,reconstruction,13.232000000000001,-1.2883915035980014
1,reconstruction,13.248000000000001,-1.281505823307905
1,reconstruction,13.264000000000001,-1.2745839435364823
1,reconstruction,13.280000000000001,-1.2388372711181814
1,reconstruction,13.296000000000001,-1.2305787863675524
1,reconstruction,13.312000000000001,-1.2223056433384658
1,reconstruction,13.328,-1.2139881608971408
1,reconstruction,13.344,-1.2055963972628372
1,reconstruction,13.36,-1.2765186871449277
1,reconstruction,13.376,-1.2661475744133024
1,reconstruction,13.392,-1.255835529698575
1,reconstruction,13.408,-1.245553421427739
1,reconstruction,13.424,-1.2352722452913958
1,reconstruction,13.44,-1.0903828766424044
1,reconstruction,13.456,-1.0827995660820935
1,reconstruction,13.472,-1.0750438303777257
1,reconstruction,13.488,-1.0670850079923906
1,reconstruction,13.504,-1.0588921296651586
1,reconstruction,13.52,-1.018782111910704
1,reconstruction,13.536,-1.0093366102441548
1,reconstruction,13.552,-0.9996254763197651
1,reconstruction,13.568,-0.989618755712362
1,reconstruction,13.584,-0.9792865765559892
1,reconstruction,13.6,-1.052749120839562
1,reconstruction,13.616,-1.0421234280801739
1,reconstruction,13.632,-1.0312766207748754
1,reconstruction,13.648,-1.0201786038934488
1,reconstruction,13.664,-1.0087995935247458
1,reconstruction,13.68,-0.9599296930825687
1,reconstruction,13.696,-0.9472050716199237
1,reconstruction,13.712,-0.9341203526529235
1,reconstruction,13.728,-0.9206473286632372
1,reconstruction,13.744,-0.9067585849769693
1,reconstruction,13.76,-0.8622117573683948
1,reconstruction,13.776,-0.8494848181213109
1,reconstruction,13.792,-0.8362381596924479
1,reconstruction,13.808,-0.8224459711524776
1,reconstruction,13.824,-0.8080832467511392
1,reconstruction,13.84,-0.8309817742762188
1,reconstruction,13.856,-0.813313337009782
1,reconstruction,13.872,-0.7950577375071065
1,reconstruction,13.888,-0.7761925699888168
1,reconstruction,13.904,-0.7566973832075639
1,reconstruction,13.92,-0.7470851752441322
1,reconstruction,13.936,-0.728986407234136
1,reconstruction,13.952,-0.7101318502120649
1,reconstruction,13.968,-0.6905025865010362
1,reconstruction,13.984,-0.6700817310220547
1,reconstruction,14.0,-0.570906210560297
1,reconstruction,14.016,-0.5509380399228988
1,reconstruction,14.032,-0.5298520092955136
1,reconstruction,14.048,-0.507638846269977
1,reconstruction,14.064,-0.48429162859699654
1,reconstruction,14.08,-0.45207307872859825
1,reconstruction,14.096,-0.42734257095993833
1,reconstruction,14.112,-0.4012410078399237
1,reconstruction,14.128,-0.3737703066721908
1,reconstruction,14.144,-0.34493573983773984
1,reconstruction,14.16,-0.34877474571433553
1,reconstruction,14.176,-0.31870850613709967
1,reconstruction,14.192,-0.28710155525983416
1,reconstruction,14.208,-0.2539685970727211
1,reconstruction,14.224,-0.21932881774792534
1,reconstruction,14.24,-0.1511756436157581
1,reconstruction,14.256,-0.1148204407246031
1,reconstruction,14.272,-0.07667293958557941
1,reconstruction,14.288,-0.03677036123009127
1,reconstruction,14.304,0.004844724321188855
1,reconstruction,14.32,-0.002154584930054281
1,reconstruction,14.336,0.04447477259452699
1,reconstruction,14.352,0.09267435332980384
1,reconstruction,14.368,0.1423774781405698
1,reconstruction,14.384,0.19351038756947672
1,reconstruction,14.4,0.26826002470526583
1,reconstruction,14.416,0.3215849291164698
1,reconstruction,14.432,0.3761907666639304
1,reconstruction,14.448,0.43197709443718796
1,reconstruction,14.464,0.4888373496871611
1,reconstruction,14.48,0.5487606777427433
1,reconstruction,14.496,0.6107036423756041
1,reconstruction,14.512,0.6727518368527482
1,reconstruction,14.528,0.7347656835414633
1,reconstruction,14.544,0.7966018081911245
1,reconstruction,14.56,0.8907996396304678
1,reconstruction,14.576,0.9507024252802477
1,reconstruction,14.592,1.009744459351462
1,reconstruction,14.608,1.0677844532535248
1,reconstruction,14.624,1.1246844082676877
1,reconstruction,14.64,1.0940577695593707
1,reconstruction,14.656,1.1502159520264452
1,reconstruction,14.672,1.2049705262566155
1,reconstruction,14.688,1.2581982697599703
1,reconstruction,14.704,1.3097840222015524
1,reconstruction,14.72,1.3785045061057317
1,reconstruction,14.736,1.424325655271077
1,reconstruction,14.752,1.4687318314041442
1,reconstruction,14.768,1.5116624341896512
1,reconstruction,14.784,1.5530691361607645
1,reconstruction,14.8,1.627215362358349
1,reconstruction,14.816,1.6643378496483363
1,reconstruction,14.832,1.6999798712336085
1,reconstruction,14.848,1.7341434115554302
1,reconstruction,14.864,1.7668401251783572
1,reconstruction,14.88,1.7726106660496455
1,reconstruction,14.896,1.803681796459899
1,reconstruction,14.912,1.8330541910197304
1,reconstruction,14.928,1.860755310851552
1,reconstruction,14.944,1.8868174811582685
1,reconstruction,14.96,1.8991647186021308
1,reconstruction,14.976,1.9216026187087618
1,reconstruction,14.992,1.9422447014962831
1,reconstruction,15.008000000000001,1.9611310393912385
1,reconstruction,15.024000000000001,1.978302505812179
1,reconstruction,15.040000000000001,2.0242370475506655
1,reconstruction,15.056000000000001,2.037699746928331
1,reconstruction,15.072000000000001,2.049415142833243
1,reconstruction,15.088000000000001,2.0594375529112905
1,reconstruction,15.104000000000001,2.0678205169570996
1,reconstruction,15.120000000000001,2.0258495458036276
1,reconstruction,15.136000000000001,2.0305430206575275
1,reconstruction,15.152000000000001,2.034092120744772
1,reconstruction,15.168000000000001,2.0365445009737297
1,reconstruction,15.184000000000001,2.037946465264859
1,reconstruction,15.200000000000001,1.9511680393310271
1,reconstruction,15.216000000000001,1.9532835944593483
1,reconstruction,15.232000000000001,1.9546305211160666
1,reconstruction,15.248000000000001,1.9552416094450205
1,reconstruction,15.264000000000001,1.9551482317488618
1,reconstruction,15.280000000000001,2.090068344449443
1,reconstruction,15.296000000000001,2.0865815593696353
1,reconstruction,15.312000000000001,2.0823557803020045
1,reconstruction,15.328000000000001,2.0774463689905875
1,reconstruction,15.344000000000001,2.0719075531516533
1,reconstruction,15.36,1.9996313733012672
1,reconstruction,15.376,1.9942699753505986
1,reconstruction,15.392,1.9885257549266182
1,reconstruction,15.408,1.982436468245002
1,reconstruction,15.424,1.9760388231678492
1,reconstruction,15.44,1.9797022336432053
1,reconstruction,15.456,1.9725066258345085
1,reconstruction,15.472,1.9650930833236113
1,reconstruction,15.488,1.9574953587156743
1,reconstruction,15.504,1.9497463020517403
1,reconstruction,15.52,2.032036330732917
1,reconstruction,15.536,2.0194589870400037
1,reconstruction,15.552,2.0069507328635883
1,reconstruction,15.568,1.9945526699901843
1,reconstruction,15.584,1.982305487348286
1,reconstruction,15.6,1.896760661107176
1,reconstruction,15.616,1.888987076189926
1,reconstruction,15.632,1.881163516250485
1,reconstruction,15.648,1.8733107151120292
1,reconstruction,15.664,1.8654485956362568
1,reconstruction,15.68,1.886908949269726
1,reconstruction,15.696,1.87787877969473
1,reconstruction,15.712,1.8688893192256895
1,reconstruction,15.728,1.8599596420723703
1,reconstruction,15.744,1.851108145401174
1,reconstruction,15.76,1.8716602149585315
1,reconstruction,15.776,1.8642188366461534
1,reconstruction,15.792,1.8567387282672878
1,reconstruction,15.808,1.8492371325045371
1,reconstruction,15.824,1.8417304647619455
1,reconstruction,15.84,1.8759759613691862
1,reconstruction,15.856,1.8688201849099437
1,reconstruction,15.872,1.8616030708266949
1,reconstruction,15.888,1.8543425235221076
1,reconstruction,15.904,1.8470555897545362
1,reconstruction,15.92,1.7803931218062303
1,reconstruction,15.936,1.7746443270369725
1,reconstruction,15.952,1.7688552138566376
1,reconstruction,15.968,1.7630315126804303
1,reconstruction,15.984,1.7571780233846905
1,reconstruction,16.0,1.873141719266259
1,reconstruction,16.016000000000002,1.8647254852123851
1,reconstruction,16.032,1.8563280504806217
1,reconstruction,16.048000000000002,1.8479666770049112
1,reconstruction,16.064,1.8396578963470427
1,reconstruction,16.080000000000002,1.7739276397867085
1,reconstruction,16.096,1.7645592365825105
1,reconstruction,16.112000000000002,1.7553500557831685
1,reconstruction,16.128,1.746304687915282
1,reconstruction,16.144000000000002,1.73742718876642
1,reconstruction,16.16,1.8039024156224652
1,reconstruction,16.176000000000002,1.7946732829889942
1,reconstruction,16.192,1.785575830961057
1,reconstruction,16.208000000000002,1.7766182072465668
1,reconstruction,16.224,1.767807978069335
1,reconstruction,16.240000000000002,1.6877360756137787
1,reconstruction,16.256,1.680190704087242
1,reconstruction,16.272000000000002,1.672750082227779
1,reconstruction,16.288,1.665409692160034
1,reconstruction,16.304000000000002,1.6581643573741993
1,reconstruction,16.32,1.6296924566895843
1,reconstruction,16.336000000000002,1.6232964230196876
1,reconstruction,16.352,1.6169678382579475
1,reconstruction,16.368000000000002,1.6106967873607363
1,reconstruction,16.384,1.6044726231606317
1,reconstruction,16.4,1.6560070562648772
1,reconstruction,16.416,1.6481145577263545
1,reconstruction,16.432,1.6403507383960925
1,reconstruction,16.448,1.6327080676458292
1,reconstruction,16.464,1.6251784308165804
1,reconstruction,16.48,1.593912801485808
1,reconstruction,16.496,1.5876545942573599
1,reconstruction,16.512,1.5814620471252585
1,reconstruction,16.528,1.5753222223287386
1,reconstruction,16.544,1.5692214705032022
1,reconstruction,16.56,1.5894312336236436
1,reconstruction,16.576,1.58407092973446
1,reconstruction,16.592,1.5787417142720948
1,reconstruction,16.608,1.5734302537336193
1,reconstruction,16.624,1.5681224054232443
1,reconstruction,16.64,1.6002379100231674
1,reconstruction,16.656,1.5919747404647728
1,reconstruction,16.672,1.5838589284691171
1,reconstruction,16.688,1.5758781718335637
1,reconstruction,16.704,1.5680196935549644
1,reconstruction,16.72,1.5058465360116156
1,reconstruction,16.736,1.4983741862203297
1,reconstruction,16.752,1.4909984993157834
1,reconstruction,16.768,1.4837002986645198
1,reconstruction,16.784,1.4764599430203191
1,reconstruction,16.8,1.4557849613077358
1,reconstruction,16.816,1.4484758658039092
1,reconstruction,16.832,1.4412369357263597
1,reconstruction,16.848,1.4340459946575284
1,reconstruction,16.864,1.4268804396447503
1,reconstruction,16.88,1.336311727693393
1,reconstruction,16.896,1.3306450180019114
1,reconstruction,16.912,1.3249361413796525
1,reconstruction,16.928,1.319157023840049
1,reconstruction,16.944,1.3132790888159638
1,reconstruction,16.96,1.432899230290087
1,reconstruction,16.976,1.4247294419048881
1,reconstruction,16.992,1.4166430302834665
1,reconstruction,17.008,1.408616796715495
1,reconstruction,17.024,1.4006272595434694
1,reconstruction,17.04,1.3063810484076344
1,reconstruction,17.056,1.2989501421427478
1,reconstruction,17.072,1.2914875930490612
1,reconstruction,17.088,1.2839648302809437
1,reconstruction,17.104,1.276353051521629
1,reconstruction,17.12,1.2670260254137007
1,reconstruction,17.136,1.2577520359921084
1,reconstruction,17.152,1.2484433378798256
1,reconstruction,17.168,1.2390709540346254
1,reconstruction,17.184,1.2296059917668452
1,reconstruction,17.2,1.1607820912466886
1,reconstruction,17.216,1.1529679568831628
1,reconstruction,17.232,1.1449753197430284
1,reconstruction,17.248,1.1367726750745948
1,reconstruction,17.264,1.1283285098354618
1,reconstruction,17.28,1.1208180673096595
1,reconstruction,17.296,1.1099792964831807
1,reconstruction,17.312,1.0989417134491977
1,reconstruction,17.328,1.0876750889386484
1,reconstruction,17.344,1.0761496985075174
1,reconstruction,17.36,1.1205185083516755
1,reconstruction,17.376,1.110691641234277
1,reconstruction,17.392,1.100654089285385
1,reconstruction,17.408,1.0903750522893978
1,reconstruction,17.424,1.0798240730704654
1,reconstruction,17.44,1.0944453437779107
1,reconstruction,17.456,1.0831465960506879
1,reconstruction,17.472,1.0716150604299868
1,reconstruction,17.488,1.0598207184729276
1,reconstruction,17.504,1.0477341614493834
1,reconstruction,17.52,0.9979057980433496
1,reconstruction,17.536,0.9846662830983349
1,reconstruction,17.552,0.9710548548527991
1,reconstruction,17.568,0.9570433222651754
1,reconstruction,17.584,0.9426045341210598
1,reconstruction,17.6,0.956012353952101
1,reconstruction,17.616,0.9426720076799392
1,reconstruction,17.632,0.928886354773469
1,reconstruction,17.648,0.9146278412559704
1,reconstruction,17.664,0.8998700090186327
1,reconstruction,17.68,0.6984164431539106
1,reconstruction,17.696,0.6837598753310772
1,reconstruction,17.712,0.6681788086355658
1,reconstruction,17.728,0.6516536257012643
1,reconstruction,17.744,0.6341661871105995
1,reconstruction,17.76,0.6767437672193884
1,reconstruction,17.776,0.6570089311077854
1,reconstruction,17.792,0.6363007865076462
1,reconstruction,17.808,0.614605990044691
1,reconstruction,17.824,0.59191361262739
1,reconstruction,17.84,0.6425983841570916
1,reconstruction,17.856,0.6172497978452345
1,reconstruction,17.872,0.5909098244539035
1,reconstruction,17.888,0.5635733676044686
1,reconstruction,17.904,0.535238863093767
1,reconstruction,17.92,0.48341141010013056
1,reconstruction,17.936,0.454580716905717
1,reconstruction,17.952,0.42444014146371245
1,reconstruction,17.968,0.3929976001098125
1,reconstruction,17.984,0.3602651294580597
1,reconstruction,18.0,0.3296657429933474
1,reconstruction,18.016000000000002,0.2946266255743726
1,reconstruction,18.032,0.2580698219845574
1,reconstruction,18.048000000000002,0.22002228627509032
1,reconstruction,18.064,0.18051607800117814
1,reconstruction,18.080000000000002,0.11031446220556751
1,reconstruction,18.096,0.06715087338298552
1,reconstruction,18.112000000000002,0.022328023457422515
1,reconstruction,18.128,-0.02409747759999585
1,reconstruction,18.144000000000002,-0.07206310847814099
1,reconstruction,18.16,-0.11427807066563317
1,reconstruction,18.176000000000002,-0.16253194023184883
1,reconstruction,18.192,-0.21247062472155603
1,reconstruction,18.208000000000002,-0.2640116864435065
1,reconstruction,18.224,-0.3170672916625388
1,reconstruction,18.240000000000002,-0.34471513781158497
1,reconstruction,18.256,-0.40361520259918515
1,reconstruction,18.272000000000002,-0.46346246034896876
1,reconstruction,18.288,-0.5241337381080944
1,reconstruction,18.304000000000002,-0.5855010810275459
1,reconstruction,18.32,-0.5841224363810446
1,reconstruction,18.336000000000002,-0.6491063418573093
1,reconstruction,18.352,-0.7140460713496265
1,reconstruction,18.368000000000002,-0.778789268444265
1,reconstruction,18.384,-0.8431815996745582
1,reconstruction,18.400000000000002,-0.9268622370682325
1,reconstruction,18.416,-0.9885924635621259
1,reconstruction,18.432000000000002,-1.0492946271575123
1,reconstruction,18.448,-1.1088221411538666
1,reconstruction,18.464,-1.1670334894035739
1,reconstruction,18.48,-1.248371226787046
1,reconstruction,18.496,-1.3040178253507468
1,reconstruction,18.512,-1.3574553643534828
1,reconstruction,18.528,-1.4085743543186093
1,reconstruction,18.544,-1.4572776308055029
1,reconstruction,18.56,-1.4908454032598546
1,reconstruction,18.576,-1.53226908249951
1,reconstruction,18.592,-1.5720721215058957
1,reconstruction,18.608,-1.6102268999669205
1,reconstruction,18.624,-1.6467185317746746
1,reconstruction,18.64,-1.736732767432334
1,reconstruction,18.656,-1.7700228556423403
1,reconstruction,18.672,-1.8013017319906297
1,reconstruction,18.688,-1.8306048188897777
1,reconstruction,18.704,-1.857976844975914
1,reconstruction,18.72,-1.8777048364198425
1,reconstruction,18.736,-1.902382657752461
1,reconstruction,18.752,-1.92510183878106
1,reconstruction,18.768,-1.9459186667262163
1,reconstruction,18.784,-1.9648920003284058
1,reconstruction,18.8,-1.9140595540045022
1,reconstruction,18.816,-1.9306447457875133
1,reconstruction,18.832,-1.9456485389658893
1,reconstruction,18.848,-1.9591200256740067
1,reconstruction,18.864,-1.9711076841641038
1,reconstruction,18.88,-1.97691213233413
1,reconstruction,18.896,-1.9858901274554353
1,reconstruction,18.912,-1.9935481367499668
1,reconstruction,18.928,-1.9999346802667126
1,reconstruction,18.944,-2.00509669920689
1,reconstruction,18.96,-2.0093717858552553
1,reconstruction,18.976,-2.0108703740918075
1,reconstruction,18.992,-2.0114794781665566
1,reconstruction,19.008,-2.0112438540075517
1,reconstruction,19.024,-2.0102066546627944
1,reconstruction,19.04,-2.0634916885342145
1,reconstruction,19.056,-2.0586400915343033
1,reconstruction,19.072,-2.053240518193912
1,reconstruction,19.088,-2.047340761518887
1,reconstruction,19.104,-2.0409874753366126
1,reconstruction,19.12,-2.0055464518296477
1,reconstruction,19.136,-2.000078731049825
1,reconstruction,19.152,-1.9942458176587938
1,reconstruction,19.168,-1.988084579015959
1,reconstruction,19.184,-1.9816307874054626
1,reconstruction,19.2,-2.0026464955744543
1,reconstruction,19.216,-1.997952281161281
1,reconstruction,19.232,-1.9928415296863295
1,reconstruction,19.248,-1.9873513360960242
1,reconstruction,19.264,-1.981517620870351
1,reconstruction,19.28,-1.9704784408327543
1,reconstruction,19.296,-1.9621695527767342
1,reconstruction,19.312,-1.9537718906617252
1,reconstruction,19.328,-1.9453141152955349
1,reconstruction,19.344,-1.9368241306802179
1,reconstruction,19.36,-1.8836794952536695
1,reconstruction,19.376,-1.8758659860949003
1,reconstruction,19.392,-1.8680567663656562
1,reconstruction,19.408,-1.8602680638857292
1,reconstruction,19.424,-1.8525153168127806
1,reconstruction,19.44,-1.9614678168311275
1,reconstruction,19.456,-1.9517092710893387
1,reconstruction,19.472,-1.941981928905548
1,reconstruction,19.488,-1.9323119174144094
1,reconstruction,19.504,-1.9227248080293213
1,reconstruction,19.52,-1.908140815624631
1,reconstruction,19.536,-1.8997345685504532
1,reconstruction,19.552,-1.8913405888147419
1,reconstruction,19.568,-1.8829780940054957
1,reconstruction,19.584,-1.8746655827197276
1,reconstruction,19.6,-1.8795244723843976
1,reconstruction,19.616,-1.8729862004012539
1,reconstruction,19.632,-1.8663745163814904
1,reconstruction,19.648,-1.859706019699337
1,reconstruction,19.664,-1.8529963517392107
1,reconstruction,19.68,-1.9122727612748076
1,reconstruction,19.696,-1.9036666667559836
1,reconstruction,19.712,-1.8950809312339465
1,reconstruction,19.728,-1.8865352165769131
1,reconstruction,19.744,-1.8780484915277156
1,reconstruction,19.76,-1.8775068960335497
1,reconstruction,19.776,-1.8668598480612093
1,reconstruction,19.792,-1.856411703609763
1,reconstruction,19.808,-1.8461759293323206
1,reconstruction,19.824,-1.836165624139624
1,reconstruction,19.84,-1.7221699287922532
1,reconstruction,19.856,-1.7169447205677721
1,reconstruction,19.872,-1.711728391017629
1,reconstruction,19.888,-1.7065195531326716
1,reconstruction,19.904,-1.7013157480906569
1,reconstruction,19.92,-1.822609956819061
1,reconstruction,19.936,-1.8141815734617752
1,reconstruction,19.952,-1.8058618381053957
1,reconstruction,19.968,-1.7976586410721966
1,reconstruction,19.984,-1.7895792041039529
1,reconstruction,20.0,-1.7485089392283226
2,clean_reference,0.0,0.9006653346024693
2,clean_reference,0.005,0.9049377231092798
2,clean_reference,0.01,0.9092286276519999
2,clean_reference,0.015,0.9135373089467866
2,clean_reference,0.02,0.9178629845991121
2,clean_reference,0.025,0.9222048280771358
2,clean_reference,0.03,0.9265619677318916
2,clean_reference,0.035,0.9309334858731555
2,clean_reference,0.04,0.9353184179098605
2,clean_reference,0.045,0.9397157515639262
2,clean_reference,0.05,0.9441244261334679
2,clean_reference,0.055,0.9485433318499701
2,clean_reference,0.06,0.9529713097846179
2,clean_reference,0.065,0.9574071506308163
2,clean_reference,0.07,0.9618495946419192
2,clean_reference,0.075,0.9662973317179099
2,clean_reference,0.08,0.9707490014745518
2,clean_reference,0.085,0.975203193335948
2,clean_reference,0.09,0.9796584466914491
2,clean_reference,0.095,0.9841132511578481
2,clean_reference,0.1,0.9885660469878008
2,clean_reference,0.105,0.9930152256654119
2,clean_reference,0.11,0.9974591307299245
2,clean_reference,0.115,1.0018960588684527
2,clean_reference,0.12,1.0063242613186956
2,clean_reference,0.125,1.0107419456225726
2,clean_reference,0.13,1.0151472777717185
2,clean_reference,0.135,1.0195383847857769
2,clean_reference,0.14,1.0239133571217185
2,clean_reference,0.145,1.0282702452151455
2,clean_reference,0.15,1.032607066510834
2,clean_reference,0.155,1.0369218082396863
2,clean_reference,0.16,1.0412124295687166
2,clean_reference,0.165,1.0454768646422934
2,clean_reference,0.17,1.0497130257888323
2,clean_reference,0.17500000000000002,1.0539188068836876
2,clean_reference,0.18,1.0580920868589696
2,clean_reference,0.185,1.0622307333510346
2,clean_reference,0.19,1.066332606476379
2,clean_reference,0.195,1.070395562726679
2,clean_reference,0.2,1.0744174589737125
2,clean_reference,0.20500000000000002,1.0783961565749005
2,clean_reference,0.21,1.082329525570207
2,clean_reference,0.215,1.0862154489611342
2,clean_reference,0.22,1.0900518270625519
2,clean_reference,0.225,1.0938365819180977
2,clean_reference,0.23,1.097567661769887
2,clean_reference,0.23500000000000001,1.1012430455732691
2,clean_reference,0.24,1.1048607469928
2,clean_reference,0.245,1.1084188162020934
2,clean_reference,0.25,1.1119153468293217
2,clean_reference,0.255,1.1153484805380134
2,clean_reference,0.26,1.1187164099852753
2,clean_reference,0.265,1.1220173819814245
2,clean_reference,0.27,1.1252497007872468
2,clean_reference,0.275,1.1284117314801954
2,clean_reference,0.28,1.1315019033208424
2,clean_reference,0.28500000000000003,1.1345187130509036
2,clean_reference,0.29,1.137460728054143
2,clean_reference,0.295,1.1403265893114807
2,clean_reference,0.3,1.143115014081608
2,clean_reference,0.305,1.1458247982384364
2,clean_reference,0.31,1.1484548181966843
2,clean_reference,0.315,1.151004032356923
2,clean_reference,0.32,1.1534714820013927
2,clean_reference,0.325,1.1558562915719057
2,clean_reference,0.33,1.1581576682611492
2,clean_reference,0.335,1.1603749008487032
2,clean_reference,0.34,1.1625073577130893
2,clean_reference,0.34500000000000003,1.1645544966293182
2,clean_reference,0.35000000000000003,1.1665158742758963
2,clean_reference,0.355,1.1683911235595676
2,clean_reference,0.36,1.170179961060756
2,clean_reference,0.365,1.171882186619401
2,clean_reference,0.37,1.1734976824813796
2,clean_reference,0.375,1.175026412117213
2,clean_reference,0.38,1.1764684187504033
2,clean_reference,0.385,1.1778238236327514
2,clean_reference,0.39,1.1790928241039944
2,clean_reference,0.395,1.1802756914731185
2,clean_reference,0.4,1.1813727687586868
2,clean_reference,0.405,1.1823844683255318
2,clean_reference,0.41000000000000003,1.1833112694551582
2,clean_reference,0.41500000000000004,1.1841537158872029
2,clean_reference,0.42,1.1849124133692988
2,clean_reference,0.425,1.1855880272526886
2,clean_reference,0.43,1.186181280170935
2,clean_reference,0.435,1.1866929498390741
2,clean_reference,0.44,1.1871238670105586
2,clean_reference,0.445,1.1874749134092728
2,clean_reference,0.45,1.187747011738555
2,clean_reference,0.455,1.1879411271724976
2,clean_reference,0.46,1.1880582668525967
2,clean_reference,0.465,1.1880994752098502
2,clean_reference,0.47000000000000003,1.1880658314358852
2,clean_reference,0.47500000000000003,1.1879584468931275
2,clean_reference,0.48,1.1877784624871637
2,clean_reference,0.485,1.1875270460244556
2,clean_reference,0.49,1.187205389578563
2,clean_reference,0.495,1.186814706888033
2,clean_reference,0.5,1.186356230809111
2,clean_reference,0.505,1.1858312108464297
2,clean_reference,0.51,1.1852409107848387
2,clean_reference,0.515,1.1845866064455215
2,clean_reference,0.52,1.1838695835895672
2,clean_reference,0.525,1.183091135992147
2,clean_reference,0.53,1.1822525637104537
2,clean_reference,0.535,1.1813551715685653
2,clean_reference,0.54,1.180400267882382
2,clean_reference,0.545,1.1793891629803825
2,clean_reference,0.55,1.1783231624603614
2,clean_reference,0.555,1.1772035695834289
2,clean_reference,0.56,1.1760316846266958
2,clean_reference,0.5650000000000001,1.1748088025738301
2,clean_reference,0.5700000000000001,1.1735362116100696
2,clean_reference,0.5750000000000001,1.172215191798147
2,clean_reference,0.58,1.1708470139121832
2,clean_reference,0.585,1.16943293840662
2,clean_reference,0.59,1.1679742144972505
2,clean_reference,0.595,1.1664720793314158
2,clean_reference,0.6,1.1649277572244303
2,clean_reference,0.605,1.1633424589392982
2,clean_reference,0.61,1.16171738098679
2,clean_reference,0.615,1.1600537049229371
2,clean_reference,0.62,1.1583525966210146
2,clean_reference,0.625,1.1566152054950711
2,clean_reference,0.63,1.1548426636520743
2,clean_reference,0.635,1.153036084949734
2,clean_reference,0.64,1.1511965653243204
2,clean_reference,0.645,1.1493251862225846
2,clean_reference,0.65,1.147423009622194
2,clean_reference,0.655,1.1454910784455914
2,clean_reference,0.66,1.1435304170363294
2,clean_reference,0.665,1.1415420313147542
2,clean_reference,0.67,1.1395269087461932
2,clean_reference,0.675,1.1374860181791242
2,clean_reference,0.68,1.135420309610809
2,clean_reference,0.685,1.1333307139378732
2,clean_reference,0.6900000000000001,1.131218142749312
2,clean_reference,0.6950000000000001,1.1290834882194054
2,clean_reference,0.7000000000000001,1.1269276231580239
2,clean_reference,0.705,1.1247514012758055
2,clean_reference,0.71,1.1225556577216846
2,clean_reference,0.715,1.1203412099502577
2,clean_reference,0.72,1.118108858976463
2,clean_reference,0.725,1.1158593892218376
2,clean_reference,0.73,1.1135935606788203
2,clean_reference,0.735,1.111312117152085
2,clean_reference,0.74,1.1090157858654288
2,clean_reference,0.745,1.1067052763892542
2,clean_reference,0.75,1.104381280399903
2,clean_reference,0.755,1.1020444718188809
2,clean_reference,0.76,1.0996955072161017
2,clean_reference,0.765,1.0973350263612787
2,clean_reference,0.77,1.094963652807594
2,clean_reference,0.775,1.0925819943917736
2,clean_reference,0.78,1.0901906435346973
2,clean_reference,0.785,1.0877901772266707
2,clean_reference,0.79,1.0853811565814915
2,clean_reference,0.795,1.0829641258434355
2,clean_reference,0.8,1.080539610742022
2,clean_reference,0.805,1.0781081241050505
2,clean_reference,0.81,1.0756701682875363
2,clean_reference,0.8150000000000001,1.0732262290247174
2,clean_reference,0.8200000000000001,1.0707767781219277
2,clean_reference,0.8250000000000001,1.06832227353113
2,clean_reference,0.8300000000000001,1.0658631596591892
2,clean_reference,0.835,1.0633998678199579
2,clean_reference,0.84,1.0609328167422443
2,clean_reference,0.845,1.058462413045737
2,clean_reference,0.85,1.0559890515969554
2,clean_reference,0.855,1.0535131156573014
2,clean_reference,0.86,1.0510349767352811
2,clean_reference,0.865,1.0485549940767662
2,clean_reference,0.87,1.0460735167061572
2,clean_reference,0.875,1.0435908848840192
2,clean_reference,0.88,1.0411074274048475
2,clean_reference,0.885,1.0386234632799591
2,clean_reference,0.89,1.0361393027267924
2,clean_reference,0.895,1.0336552474533254
2,clean_reference,0.9,1.0311715905174803
2,clean_reference,0.905,1.0286886160413709
2,clean_reference,0.91,1.0262065990602556
2,clean_reference,0.915,1.02372580578606
2,clean_reference,0.92,1.021246494565328
2,clean_reference,0.925,1.0187689178114632
2,clean_reference,0.93,1.0162933246066215
2,clean_reference,0.935,1.0138199531296368
2,clean_reference,0.9400000000000001,1.0113490337876425
2,clean_reference,0.9450000000000001,1.008880791018928
2,clean_reference,0.9500000000000001,1.0064154429216636
2,clean_reference,0.9550000000000001,1.0039532016935746
2,clean_reference,0.96,1.0014942735560926
2,clean_reference,0.965,0.9990388584110161
2,clean_reference,0.97,0.9965871494776999
2,clean_reference,0.975,0.9941393331588034
2,clean_reference,0.98,0.991695589382622
2,clean_reference,0.985,0.9892560926700268
2,clean_reference,0.99,0.9868210141445793
2,clean_reference,0.995,0.984390518307267
2,clean_reference,1.0,0.9819647609202393
2,clean_reference,1.0050000000000001,0.9795438934032684
2,clean_reference,1.01,0.9771280610649905
2,clean_reference,1.0150000000000001,0.9747174029533128
2,clean_reference,1.02,0.972312052074082
2,clean_reference,1.025,0.969912135713412
2,clean_reference,1.03,0.9675177755990765
2,clean_reference,1.035,0.9651290876363697
2,clean_reference,1.04,0.9627461809538349
2,clean_reference,1.045,0.9603691580994016
2,clean_reference,1.05,0.9579981171569982
2,clean_reference,1.055,0.9556331502645607
2,clean_reference,1.06,0.9532743437601024
2,clean_reference,1.065,0.9509217779457864
2,clean_reference,1.07,0.9485755275691793
2,clean_reference,1.075,0.946235662547147
2,clean_reference,1.08,0.9439022484513624
2,clean_reference,1.085,0.9415753462744104
2,clean_reference,1.09,0.939255010995463
2,clean_reference,1.095,0.9369412917195251
2,clean_reference,1.1,0.93463423607916
2,clean_reference,1.105,0.9323338868739758
2,clean_reference,1.11,0.9300402831970918
2,clean_reference,1.115,0.927753460721116
2,clean_reference,1.12,0.9254734521007274
2,clean_reference,1.125,0.9232002873860218
2,clean_reference,1.1300000000000001,0.9209339943237189
2,clean_reference,1.135,0.9186745984233337
2,clean_reference,1.1400000000000001,0.9164221231206152
2,clean_reference,1.145,0.9141765908638102
2,clean_reference,1.1500000000000001,0.911938022684814
2,clean_reference,1.155,0.909706438862968
2,clean_reference,1.16,0.9074818592901851
2,clean_reference,1.165,0.9052643034800587
2,clean_reference,1.17,0.9030537905699159
2,clean_reference,1.175,0.9008503396624734
2,clean_reference,1.18,0.8986539708348792
2,clean_reference,1.185,0.8964647049042257
2,clean_reference,1.19,0.8942825627362013
2,clean_reference,1.195,0.8921075660744276
2,clean_reference,1.2,0.8899397378086146
2,clean_reference,1.205,0.8877791019120704
2,clean_reference,1.21,0.8856256830264095
2,clean_reference,1.215,0.8834795062492588
2,clean_reference,1.22,0.8813405976807669
2,clean_reference,1.225,0.8792089854375685
2,clean_reference,1.23,0.8770846973346311
2,clean_reference,1.235,0.8749677617064852
2,clean_reference,1.24,0.8728582073720343
2,clean_reference,1.245,0.8707560636852925
2,clean_reference,1.25,0.86866136009016
2,clean_reference,1.2550000000000001,0.8665741254755641
2,clean_reference,1.26,0.8644943877373178
2,clean_reference,1.2650000000000001,0.8624221739530484
2,clean_reference,1.27,0.8603575114737566
2,clean_reference,1.2750000000000001,0.8583004260652718
2,clean_reference,1.28,0.8562509411137382
2,clean_reference,1.285,0.8542090785947114
2,clean_reference,1.29,0.852174858246149
2,clean_reference,1.295,0.8501482973769321
2,clean_reference,1.3,0.848129410785687
2,clean_reference,1.305,0.8461182105614703
2,clean_reference,1.31,0.8441147055378737
2,clean_reference,1.315,0.8421189008637907
2,clean_reference,1.32,0.8401307986792294
2,clean_reference,1.325,0.8381503974387142
2,clean_reference,1.33,0.8361776917132608
2,clean_reference,1.335,0.834212672207588
2,clean_reference,1.34,0.8322553259857566
2,clean_reference,1.345,0.8303056363860469
2,clean_reference,1.35,0.8283635823226916
2,clean_reference,1.355,0.8264291390836421
2,clean_reference,1.36,0.8245022783885945
2,clean_reference,1.365,0.822582968197204
2,clean_reference,1.37,0.8206711728578411
2,clean_reference,1.375,0.818766853568095
2,clean_reference,1.3800000000000001,0.8168699687155554
2,clean_reference,1.385,0.8149804735764461
2,clean_reference,1.3900000000000001,0.8130983205696442
2,clean_reference,1.395,0.8112234602508125
2,clean_reference,1.4000000000000001,0.8093558411745745
2,clean_reference,1.405,0.8074954100923912
2,clean_reference,1.41,0.80564211235741
2,clean_reference,1.415,0.8037958925404117
2,clean_reference,1.42,0.8019566949373532
2,clean_reference,1.425,0.8001244636490019
2,clean_reference,1.43,0.7982991421521639
2,clean_reference,1.435,0.7964806749824727
2,clean_reference,1.44,0.7946690075913762
2,clean_reference,1.445,0.7928640864789884
2,clean_reference,1.45,0.7910658599512576
2,clean_reference,1.455,0.7892742782759569
2,clean_reference,1.46,0.7874892936390517
2,clean_reference,1.465,0.7857108602639719
2,clean_reference,1.47,0.7839389350563255
2,clean_reference,1.475,0.7821734788652072
2,clean_reference,1.48,0.7804144551021182
2,clean_reference,1.485,0.7786618300354307
2,clean_reference,1.49,0.7769155732863563
2,clean_reference,1.495,0.7751756584720967
2,clean_reference,1.5,0.7734420629307066
2,clean_reference,1.5050000000000001,0.7717147669694293
2,clean_reference,1.51,0.769993753479097
2,clean_reference,1.5150000000000001,0.7682790087571847
2,clean_reference,1.52,0.7665705248066635
2,clean_reference,1.5250000000000001,0.7648682955932405
2,clean_reference,1.53,0.7631723174390347
2,clean_reference,1.5350000000000001,0.7614825898405573
2,clean_reference,1.54,0.7597991153947028
2,clean_reference,1.545,0.7581218992593955
2,clean_reference,1.55,0.756450948273225
2,clean_reference,1.555,0.7547862704383481
2,clean_reference,1.56,0.753127875470933
2,clean_reference,1.565,0.7514757762605693
2,clean_reference,1.57,0.7498299850917222
2,clean_reference,1.575,0.7481905147453758
2,clean_reference,1.58,0.746557378427112
2,clean_reference,1.585,0.7449305893282485
2,clean_reference,1.59,0.7433101602343113
2,clean_reference,1.595,0.7416961030626766
2,clean_reference,1.6,0.7400884284321507
2,clean_reference,1.605,0.7384871453672578
2,clean_reference,1.61,0.7368922612400038
2,clean_reference,1.615,0.7353037818543134
2,clean_reference,1.62,0.7337217101385677
2,clean_reference,1.625,0.7321460465075732
2,clean_reference,1.6300000000000001,0.7305767885429285
2,clean_reference,1.635,0.7290139306322531
2,clean_reference,1.6400000000000001,0.7274574640610241
2,clean_reference,1.645,0.7259073770132747
2,clean_reference,1.6500000000000001,0.7243636539732878
2,clean_reference,1.655,0.7228262753371955
2,clean_reference,1.6600000000000001,0.7212952183624093
2,clean_reference,1.665,0.7197704565169493
2,clean_reference,1.67,0.7182519593178892
2,clean_reference,1.675,0.7167396925305933
2,clean_reference,1.68,0.715233618602996
2,clean_reference,1.685,0.71373369663057
2,clean_reference,1.69,0.7122398814412002
2,clean_reference,1.695,0.7107521248099292
2,clean_reference,1.7,0.709270375570824
2,clean_reference,1.705,0.707794579373179
2,clean_reference,1.71,0.7063246788817983
2,clean_reference,1.715,0.7048606143042332
2,clean_reference,1.72,0.7034023238013752
2,clean_reference,1.725,0.701949743186536
2,clean_reference,1.73,0.7005028059227062
2,clean_reference,1.735,0.6990614444630715
2,clean_reference,1.74,0.6976255898458797
2,clean_reference,1.745,0.6961951719544042
2,clean_reference,1.75,0.6947701198484274
2,clean_reference,1.7550000000000001,0.6933503622685189
2,clean_reference,1.76,0.6919358280234276
2,clean_reference,1.7650000000000001,0.6905264459709054
2,clean_reference,1.77,0.6891221447454353
2,clean_reference,1.7750000000000001,0.6877228543290255
2,clean_reference,1.78,0.6863285053523112
2,clean_reference,1.7850000000000001,0.6849390295868069
2,clean_reference,1.79,0.6835543605707146
2,clean_reference,1.795,0.6821744336124552
2,clean_reference,1.8,0.6807991855806493
2,clean_reference,1.805,0.6794285548825814
2,clean_reference,1.81,0.6780624820331816
2,clean_reference,1.815,0.676700911170604
2,clean_reference,1.82,0.6753437889644189
2,clean_reference,1.825,0.6739910642922046
2,clean_reference,1.83,0.6726426878327432
2,clean_reference,1.835,0.6712986138350227
2,clean_reference,1.84,0.669958800992887
2,clean_reference,1.845,0.6686232113853515
2,clean_reference,1.85,0.6672918087989317
2,clean_reference,1.855,0.665964557748341
2,clean_reference,1.86,0.6646414245119074
2,clean_reference,1.865,0.6633223814980644
2,clean_reference,1.87,0.6620074109231395
2,clean_reference,1.875,0.6606964894317713
2,clean_reference,1.8800000000000001,0.6593895975919509
2,clean_reference,1.885,0.658086718695125
2,clean_reference,1.8900000000000001,0.6567878406546579
2,clean_reference,1.895,0.6554929553886757
2,clean_reference,1.9000000000000001,0.6542020566105348
2,clean_reference,1.905,0.6529151377527065
2,clean_reference,1.9100000000000001,0.6516321917498704
2,clean_reference,1.915,0.650353214407008
2,clean_reference,1.92,0.6490782125691743
2,clean_reference,1.925,0.6478071922767205
2,clean_reference,1.93,0.6465401554159772
2,clean_reference,1.935,0.645277107289356
2,clean_reference,1.94,0.6440180556102387
2,clean_reference,1.945,0.642763010776089
2,clean_reference,1.95,0.641511984278721
2,clean_reference,1.955,0.6402649867797614
2,clean_reference,1.96,0.6390220273793428
2,clean_reference,1.965,0.6377831156060627
2,clean_reference,1.97,0.6365482675594784
2,clean_reference,1.975,0.6353175002619874
2,clean_reference,1.98,0.6340908246504834
2,clean_reference,1.985,0.6328682545004397
2,clean_reference,1.99,0.6316498036403505
2,clean_reference,1.995,0.6304354856665124
2,clean_reference,2.0,0.6292253138999376
2,noisy_observation,0.0,0.9249374133791374
2,noisy_observation,0.08,0.9565236818857734
2,noisy_observation,0.16,1.0302825743594821
2,noisy_observation,0.24,1.1193469620118257
2,noisy_observation,0.32,1.1073391355028825
2,noisy_observation,0.4,1.220619159940308
2,noisy_observation,0.48,1.2234338780824714
2,noisy_observation,0.56,1.169717470295798
2,noisy_observation,0.64,1.1774928803906093
2,noisy_observation,0.72,1.1202483834962436
2,noisy_observation,0.8,1.097174515832923
2,noisy_observation,0.88,1.0336747376105773
2,noisy_observation,0.96,1.033781392999842
2,noisy_observation,1.04,0.961647653009334
2,noisy_observation,1.12,0.9090377505003546
2,noisy_observation,1.2,0.8900487422013554
2,noisy_observation,1.28,0.8526549439407722
2,noisy_observation,1.36,0.8491954956340082
2,noisy_observation,1.44,0.8016419953389051
2,noisy_observation,1.52,0.7453908850915147
2,noisy_observation,1.6,0.7358385895783504
2,noisy_observation,1.68,0.729012545921199
2,noisy_observation,1.76,0.6938959995288777
2,noisy_observation,1.84,0.6624629312273274
2,noisy_observation,1.92,0.6210272175134772
2,noisy_observation,2.0,0.6485630160434388
2,reconstruction,0.0,0.9184888009425419
2,reconstruction,0.016,0.9673826416143377
2,reconstruction,0.032,0.9885386135687169
2,reconstruction,0.048,0.9891907391023846
2,reconstruction,0.064,0.9796018632442118
2,reconstruction,0.08,0.969594549807282
2,reconstruction,0.096,0.9661417309313527
2,reconstruction,0.112,0.9719359826342203
2,reconstruction,0.128,0.9859441760766816
2,reconstruction,0.14400000000000002,1.0048746823358508
2,reconstruction,0.16,1.0251163753756152
2,reconstruction,0.176,1.0437096931330903
2,reconstruction,0.192,1.0595676926124473
2,reconstruction,0.20800000000000002,1.0729713407788635
2,reconstruction,0.224,1.0849088296530427
2,reconstruction,0.24,1.0963463331333767
2,reconstruction,0.256,1.1075303921509465
2,reconstruction,0.272,1.1183140810061665
2,reconstruction,0.28800000000000003,1.1283129587801028
2,reconstruction,0.304,1.1374325132884215
2,reconstruction,0.32,1.1458261558563794
2,reconstruction,0.336,1.1550642687150683
2,reconstruction,0.352,1.1659671207991888
2,reconstruction,0.368,1.179001320197076
2,reconstruction,0.384,1.1936119613714684
2,reconstruction,0.4,1.2084047436547873
2,reconstruction,0.41600000000000004,1.2205662910982253
2,reconstruction,0.432,1.2279370705527985
2,reconstruction,0.448,1.2290642190011576
2,reconstruction,0.464,1.22394741524606
2,reconstruction,0.48,1.2141373939828135
2,reconstruction,0.496,1.2023242885142478
2,reconstruction,0.512,1.1914394957319883
2,reconstruction,0.528,1.1838031892449117
2,reconstruction,0.544,1.1803998339971773
2,reconstruction,0.56,1.1806844111248278
2,reconstruction,0.5760000000000001,1.1826756825017206
2,reconstruction,0.592,1.184087464469181
2,reconstruction,0.608,1.1828768492139434
2,reconstruction,0.624,1.1780192547897088
2,reconstruction,0.64,1.169556468507789
2,reconstruction,0.656,1.1593546967733976
2,reconstruction,0.672,1.1490700927781081
2,reconstruction,0.6880000000000001,1.1402931888781795
2,reconstruction,0.704,1.133724858578913
2,reconstruction,0.72,1.1291528952821006
2,reconstruction,0.736,1.1248113884623332
2,reconstruction,0.752,1.1190489876904162
2,reconstruction,0.768,1.1104431718004668
2,reconstruction,0.784,1.0985287685279552
2,reconstruction,0.8,1.0840358108040165
2,reconstruction,0.8160000000000001,1.0686955016690478
2,reconstruction,0.8320000000000001,1.0548752007255178
2,reconstruction,0.848,1.0446100008828643
2,reconstruction,0.864,1.0389948472362285
2,reconstruction,0.88,1.0375984663218722
2,reconstruction,0.896,1.0393627565833323
2,reconstruction,0.912,1.0417331548009563
2,reconstruction,0.928,1.0422150451136498
2,reconstruction,0.9440000000000001,1.038892745829926
2,reconstruction,0.96,1.0312469446540096
2,reconstruction,0.976,1.0191450642492874
2,reconstruction,0.992,1.004350563762005
2,reconstruction,1.008,0.9889174054757757
2,reconstruction,1.024,0.9747929491027846
2,reconstruction,1.04,0.9630155118124903
2,reconstruction,1.056,0.9543818747790239
2,reconstruction,1.072,0.9479763034156766
2,reconstruction,1.088,0.9424294579465818
2,reconstruction,1.104,0.9362059103489119
2,reconstruction,1.12,0.9283418983362917
2,reconstruction,1.1360000000000001,0.9179275010203409
2,reconstruction,1.1520000000000001,0.9055372707488744
2,reconstruction,1.168,0.8922860923032296
2,reconstruction,1.184,0.8796379207934746
2,reconstruction,1.2,0.8688228300355162
2,reconstruction,1.216,0.8609662360907574
2,reconstruction,1.232,0.8562184816340411
2,reconstruction,1.248,0.8541054761319146
2,reconstruction,1.264,0.8536910712796469
2,reconstruction,1.28,0.8538501790656234
2,reconstruction,1.296,0.8538786217737595
2,reconstruction,1.312,0.8531144263032672
2,reconstruction,1.328,0.8514359826866424
2,reconstruction,1.344,0.8489925785911394
2,reconstruction,1.36,0.84599481495357
2,reconstruction,1.3760000000000001,0.8423399830115159
2,reconstruction,1.3920000000000001,0.8378538088437927
2,reconstruction,1.408,0.8319863715916946
2,reconstruction,1.424,0.8240992450320227
2,reconstruction,1.44,0.8139299696829345
2,reconstruction,1.456,0.8011355447177985
2,reconstruction,1.472,0.7864811854838605
2,reconstruction,1.488,0.771203355571263
2,reconstruction,1.504,0.7569188349025948
2,reconstruction,1.52,0.7451112093644993
2,reconstruction,1.536,0.7372601119968076
2,reconstruction,1.552,0.7335988629611052
2,reconstruction,1.568,0.7335768003458849
2,reconstruction,1.584,0.7358002613676138
2,reconstruction,1.6,0.7382593899440235
2,reconstruction,1.616,0.7392647364533771
2,reconstruction,1.6320000000000001,0.737345675745681
2,reconstruction,1.6480000000000001,0.7319943711808298
2,reconstruction,1.6640000000000001,0.723719789841713
2,reconstruction,1.68,0.7140430370068318
2,reconstruction,1.696,0.7044181482272056
2,reconstruction,1.712,0.696707263121268
2,reconstruction,1.728,0.6919493998358516
2,reconstruction,1.744,0.6901970749298053
2,reconstruction,1.76,0.6904813270567808
2,reconstruction,1.776,0.6911394824221937
2,reconstruction,1.792,0.690271989832272
2,reconstruction,1.808,0.6864255565395208
2,reconstruction,1.824,0.6790803150550275
2,reconstruction,1.84,0.6688039710686786
2,reconstruction,1.856,0.6573807552312319
2,reconstruction,1.872,0.6468865384445476
2,reconstruction,1.8880000000000001,0.6393308749419916
2,reconstruction,1.9040000000000001,0.6359109751907408
2,reconstruction,1.92,0.6366034914420484
2,reconstruction,1.936,0.6400032176281945
2,reconstruction,1.952,0.6438963186921092
2,reconstruction,1.968,0.6458140598529805
2,reconstruction,1.984,0.6438921153408506
2,reconstruction,2.0,0.6375429721000826
