system,sparse_factor,noise,seed,method,feature,equation,coef,true_coef
burgers,8,0.05,0,edmd_weak,(u^2)_xx,0,0.0,0.0
burgers,8,0.05,0,edmd_weak,1,0,0.0,0.0
burgers,8,0.05,0,edmd_weak,u,0,0.0,0.0
burgers,8,0.05,0,edmd_weak,u*u_x,0,-1.0102492459158092,-1.0
burgers,8,0.05,0,edmd_weak,u^2,0,0.0,0.0
burgers,8,0.05,0,edmd_weak,u^2*u_x,0,0.0,0.0
burgers,8,0.05,0,edmd_weak,u_x,0,0.0,0.0
burgers,8,0.05,0,edmd_weak,u_xx,0,0.047862382963204164,0.05
burgers,8,0.05,0,linear_weak,(u^2)_xx,0,0.0,0.0
burgers,8,0.05,0,linear_weak,1,0,0.0,0.0
burgers,8,0.05,0,linear_weak,u,0,0.0,0.0
burgers,8,0.05,0,linear_weak,u*u_x,0,-1.0103423797891293,-1.0
burgers,8,0.05,0,linear_weak,u^2,0,0.0,0.0
burgers,8,0.05,0,linear_weak,u^2*u_x,0,0.0,0.0
burgers,8,0.05,0,linear_weak,u_x,0,0.0,0.0
burgers,8,0.05,0,linear_weak,u_xx,0,0.04747807706981491,0.05
burgers,8,0.05,0,pod_tv_weak,(u^2)_xx,0,0.0,0.0
burgers,8,0.05,0,pod_tv_weak,1,0,0.0,0.0
burgers,8,0.05,0,pod_tv_weak,u,0,0.0,0.0
burgers,8,0.05,0,pod_tv_weak,u*u_x,0,-1.0104249727227854,-1.0
burgers,8,0.05,0,pod_tv_weak,u^2,0,0.0,0.0
burgers,8,0.05,0,pod_tv_weak,u^2*u_x,0,0.0,0.0
burgers,8,0.05,0,pod_tv_weak,u_x,0,0.0,0.0
burgers,8,0.05,0,pod_tv_weak,u_xx,0,0.047928336296340905,0.05
burgers,8,0.05,0,pod_weak,(u^2)_xx,0,0.0,0.0
burgers,8,0.05,0,pod_weak,1,0,0.0,0.0
burgers,8,0.05,0,pod_weak,u,0,0.0,0.0
burgers,8,0.05,0,pod_weak,u*u_x,0,-1.010353169454212,-1.0
burgers,8,0.05,0,pod_weak,u^2,0,0.0,0.0
burgers,8,0.05,0,pod_weak,u^2*u_x,0,0.0,0.0
burgers,8,0.05,0,pod_weak,u_x,0,0.0,0.0
burgers,8,0.05,0,pod_weak,u_xx,0,0.047841329434892485,0.05
burgers,8,0.05,0,raw_weak,(u^2)_xx,0,0.0,0.0
burgers,8,0.05,0,raw_weak,1,0,0.0,0.0
burgers,8,0.05,0,raw_weak,u,0,0.0,0.0
burgers,8,0.05,0,raw_weak,u*u_x,0,-1.0102994602164779,-1.0
burgers,8,0.05,0,raw_weak,u^2,0,0.0,0.0
burgers,8,0.05,0,raw_weak,u^2*u_x,0,0.0,0.0
burgers,8,0.05,0,raw_weak,u_x,0,0.0,0.0
burgers,8,0.05,0,raw_weak,u_xx,0,0.04741442645081585,0.05
burgers,8,0.05,0,tv_weak,(u^2)_xx,0,0.0,0.0
burgers,8,0.05,0,tv_weak,1,0,0.0,0.0
burgers,8,0.05,0,tv_weak,u,0,0.0,0.0
burgers,8,0.05,0,tv_weak,u*u_x,0,-1.0093357925617308,-1.0
burgers,8,0.05,0,tv_weak,u^2,0,0.0,0.0
burgers,8,0.05,0,tv_weak,u^2*u_x,0,0.0,0.0
burgers,8,0.05,0,tv_weak,u_x,0,0.0,0.0
burgers,8,0.05,0,tv_weak,u_xx,0,0.04734963012543599,0.05
burgers,8,0.05,1,edmd_weak,(u^2)_xx,0,0.0,0.0
burgers,8,0.05,1,edmd_weak,1,0,0.0,0.0
burgers,8,0.05,1,edmd_weak,u,0,0.0,0.0
burgers,8,0.05,1,edmd_weak,u*u_x,0,-1.0020899458495283,-1.0
burgers,8,0.05,1,edmd_weak,u^2,0,0.0,0.0
burgers,8,0.05,1,edmd_weak,u^2*u_x,0,0.0,0.0
burgers,8,0.05,1,edmd_weak,u_x,0,0.0,0.0
burgers,8,0.05,1,edmd_weak,u_xx,0,0.051901155639656,0.05
burgers,8,0.05,1,linear_weak,(u^2)_xx,0,0.0,0.0
burgers,8,0.05,1,linear_weak,1,0,0.0,0.0
burgers,8,0.05,1,linear_weak,u,0,0.0,0.0
burgers,8,0.05,1,linear_weak,u*u_x,0,-1.002130356524841,-1.0
burgers,8,0.05,1,linear_weak,u^2,0,0.0,0.0
burgers,8,0.05,1,linear_weak,u^2*u_x,0,0.0,0.0
burgers,8,0.05,1,linear_weak,u_x,0,0.0,0.0
burgers,8,0.05,1,linear_weak,u_xx,0,0.0517676004031318,0.05
burgers,8,0.05,1,pod_tv_weak,(u^2)_xx,0,0.0,0.0
burgers,8,0.05,1,pod_tv_weak,1,0,0.0,0.0
burgers,8,0.05,1,pod_tv_weak,u,0,0.0,0.0
burgers,8,0.05,1,pod_tv_weak,u*u_x,0,-1.0015699123493822,-1.0
burgers,8,0.05,1,pod_tv_weak,u^2,0,0.0,0.0
burgers,8,0.05,1,pod_tv_weak,u^2*u_x,0,0.0,0.0
burgers,8,0.05,1,pod_tv_weak,u_x,0,0.0,0.0
burgers,8,0.05,1,pod_tv_weak,u_xx,0,0.05183379278344053,0.05
burgers,8,0.05,1,pod_weak,(u^2)_xx,0,0.0,0.0
burgers,8,0.05,1,pod_weak,1,0,0.0,0.0
burgers,8,0.05,1,pod_weak,u,0,0.0,0.0
burgers,8,0.05,1,pod_weak,u*u_x,0,-1.00201699156139,-1.0
burgers,8,0.05,1,pod_weak,u^2,0,0.0,0.0
burgers,8,0.05,1,pod_weak,u^2*u_x,0,0.0,0.0
burgers,8,0.05,1,pod_weak,u_x,0,0.0,0.0
burgers,8,0.05,1,pod_weak,u_xx,0,0.05186120645830772,0.05
burgers,8,0.05,1,raw_weak,(u^2)_xx,0,0.0,0.0
burgers,8,0.05,1,raw_weak,1,0,0.0,0.0
burgers,8,0.05,1,raw_weak,u,0,0.0,0.0
burgers,8,0.05,1,raw_weak,u*u_x,0,-1.0020898099773812,-1.0
burgers,8,0.05,1,raw_weak,u^2,0,0.0,0.0
burgers,8,0.05,1,raw_weak,u^2*u_x,0,0.0,0.0
burgers,8,0.05,1,raw_weak,u_x,0,0.0,0.0
burgers,8,0.05,1,raw_weak,u_xx,0,0.05171576428316384,0.05
burgers,8,0.05,1,tv_weak,(u^2)_xx,0,0.0,0.0
burgers,8,0.05,1,tv_weak,1,0,0.0,0.0
burgers,8,0.05,1,tv_weak,u,0,0.0,0.0
burgers,8,0.05,1,tv_weak,u*u_x,0,-1.0018650547117427,-1.0
burgers,8,0.05,1,tv_weak,u^2,0,0.0,0.0
burgers,8,0.05,1,tv_weak,u^2*u_x,0,0.0,0.0
burgers,8,0.05,1,tv_weak,u_x,0,0.0,0.0
burgers,8,0.05,1,tv_weak,u_xx,0,0.05172597281351565,0.05
burgers,8,0.05,2,edmd_weak,(u^2)_xx,0,0.0,0.0
burgers,8,0.05,2,edmd_weak,1,0,0.0,0.0
burgers,8,0.05,2,edmd_weak,u,0,0.0,0.0
burgers,8,0.05,2,edmd_weak,u*u_x,0,-1.001431920714874,-1.0
burgers,8,0.05,2,edmd_weak,u^2,0,0.0,0.0
burgers,8,0.05,2,edmd_weak,u^2*u_x,0,0.0,0.0
burgers,8,0.05,2,edmd_weak,u_x,0,0.0,0.0
burgers,8,0.05,2,edmd_weak,u_xx,0,0.0502591761026097,0.05
burgers,8,0.05,2,linear_weak,(u^2)_xx,0,0.0,0.0
burgers,8,0.05,2,linear_weak,1,0,0.0,0.0
burgers,8,0.05,2,linear_weak,u,0,0.0,0.0
burgers,8,0.05,2,linear_weak,u*u_x,0,-1.001648921549776,-1.0
burgers,8,0.05,2,linear_weak,u^2,0,0.0,0.0
burgers,8,0.05,2,linear_weak,u^2*u_x,0,0.0,0.0
burgers,8,0.05,2,linear_weak,u_x,0,0.0,0.0
burgers,8,0.05,2,linear_weak,u_xx,0,0.050111709968229466,0.05
burgers,8,0.05,2,pod_tv_weak,(u^2)_xx,0,0.0,0.0
burgers,8,0.05,2,pod_tv_weak,1,0,0.0,0.0
burgers,8,0.05,2,pod_tv_weak,u,0,0.0,0.0
burgers,8,0.05,2,pod_tv_weak,u*u_x,0,-1.002106738601518,-1.0
burgers,8,0.05,2,pod_tv_weak,u^2,0,0.0,0.0
burgers,8,0.05,2,pod_tv_weak,u^2*u_x,0,0.0,0.0
burgers,8,0.05,2,pod_tv_weak,u_x,0,0.0,0.0
burgers,8,0.05,2,pod_tv_weak,u_xx,0,0.05041988139479423,0.05
burgers,8,0.05,2,pod_weak,(u^2)_xx,0,0.0,0.0
burgers,8,0.05,2,pod_weak,1,0,0.0,0.0
burgers,8,0.05,2,pod_weak,u,0,0.0,0.0
burgers,8,0.05,2,pod_weak,u*u_x,0,-1.0014525830270429,-1.0
burgers,8,0.05,2,pod_weak,u^2,0,0.0,0.0
burgers,8,0.05,2,pod_weak,u^2*u_x,0,0.0,0.0
burgers,8,0.05,2,pod_weak,u_x,0,0.0,0.0
burgers,8,0.05,2,pod_weak,u_xx,0,0.05024907520454188,0.05
burgers,8,0.05,2,raw_weak,(u^2)_xx,0,0.0,0.0
burgers,8,0.05,2,raw_weak,1,0,0.0,0.0
burgers,8,0.05,2,raw_weak,u,0,0.0,0.0
burgers,8,0.05,2,raw_weak,u*u_x,0,-1.0016788546210984,-1.0
burgers,8,0.05,2,raw_weak,u^2,0,0.0,0.0
burgers,8,0.05,2,raw_weak,u^2*u_x,0,0.0,0.0
burgers,8,0.05,2,raw_weak,u_x,0,0.0,0.0
burgers,8,0.05,2,raw_weak,u_xx,0,0.05006784930818219,0.05
burgers,8,0.05,2,tv_weak,(u^2)_xx,0,0.0,0.0
burgers,8,0.05,2,tv_weak,1,0,0.0,0.0
burgers,8,0.05,2,tv_weak,u,0,0.0,0.0
burgers,8,0.05,2,tv_weak,u*u_x,0,-1.0019284146918184,-1.0
burgers,8,0.05,2,tv_weak,u^2,0,0.0,0.0
burgers,8,0.05,2,tv_weak,u^2*u_x,0,0.0,0.0
burgers,8,0.05,2,tv_weak,u_x,0,0.0,0.0
burgers,8,0.05,2,tv_weak,u_xx,0,0.050259549286714694,0.05
burgers,8,0.05,3,edmd_weak,(u^2)_xx,0,0.0,0.0
burgers,8,0.05,3,edmd_weak,1,0,0.0,0.0
burgers,8,0.05,3,edmd_weak,u,0,0.0,0.0
burgers,8,0.05,3,edmd_weak,u*u_x,0,-1.0016061766888325,-1.0
burgers,8,0.05,3,edmd_weak,u^2,0,0.0,0.0
burgers,8,0.05,3,edmd_weak,u^2*u_x,0,0.0,0.0
burgers,8,0.05,3,edmd_weak,u_x,0,0.0,0.0
burgers,8,0.05,3,edmd_weak,u_xx,0,0.0512599080135483,0.05
burgers,8,0.05,3,linear_weak,(u^2)_xx,0,0.0,0.0
burgers,8,0.05,3,linear_weak,1,0,0.0,0.0
burgers,8,0.05,3,linear_weak,u,0,0.0,0.0
burgers,8,0.05,3,linear_weak,u*u_x,0,-1.0017032312841823,-1.0
burgers,8,0.05,3,linear_weak,u^2,0,0.0,0.0
burgers,8,0.05,3,linear_weak,u^2*u_x,0,0.0,0.0
burgers,8,0.05,3,linear_weak,u_x,0,0.0,0.0
burgers,8,0.05,3,linear_weak,u_xx,0,0.05097770849679614,0.05
burgers,8,0.05,3,pod_tv_weak,(u^2)_xx,0,0.0,0.0
burgers,8,0.05,3,pod_tv_weak,1,0,0.0,0.0
burgers,8,0.05,3,pod_tv_weak,u,0,0.0,0.0
burgers,8,0.05,3,pod_tv_weak,u*u_x,0,-1.0017957850450516,-1.0
burgers,8,0.05,3,pod_tv_weak,u^2,0,0.0,0.0
burgers,8,0.05,3,pod_tv_weak,u^2*u_x,0,0.0,0.0
burgers,8,0.05,3,pod_tv_weak,u_x,0,0.0,0.0
burgers,8,0.05,3,pod_tv_weak,u_xx,0,0.051269763104622106,0.05
burgers,8,0.05,3,pod_weak,(u^2)_xx,0,0.0,0.0
burgers,8,0.05,3,pod_weak,1,0,0.0,0.0
burgers,8,0.05,3,pod_weak,u,0,0.0,0.0
burgers,8,0.05,3,pod_weak,u*u_x,0,-1.0015998746965158,-1.0
burgers,8,0.05,3,pod_weak,u^2,0,0.0,0.0
burgers,8,0.05,3,pod_weak,u^2*u_x,0,0.0,0.0
burgers,8,0.05,3,pod_weak,u_x,0,0.0,0.0
burgers,8,0.05,3,pod_weak,u_xx,0,0.051273138947051176,0.05
burgers,8,0.05,3,raw_weak,(u^2)_xx,0,0.0,0.0
burgers,8,0.05,3,raw_weak,1,0,0.0,0.0
burgers,8,0.05,3,raw_weak,u,0,0.0,0.0
burgers,8,0.05,3,raw_weak,u*u_x,0,-1.0016940412407584,-1.0
burgers,8,0.05,3,raw_weak,u^2,0,0.0,0.0
burgers,8,0.05,3,raw_weak,u^2*u_x,0,0.0,0.0
burgers,8,0.05,3,raw_weak,u_x,0,0.0,0.0
burgers,8,0.05,3,raw_weak,u_xx,0,0.050917996542335205,0.05
burgers,8,0.05,3,tv_weak,(u^2)_xx,0,0.0,0.0
burgers,8,0.05,3,tv_weak,1,0,0.0,0.0
burgers,8,0.05,3,tv_weak,u,0,0.0,0.0
burgers,8,0.05,3,tv_weak,u*u_x,0,-1.0023312804886209,-1.0
burgers,8,0.05,3,tv_weak,u^2,0,0.0,0.0
burgers,8,0.05,3,tv_weak,u^2*u_x,0,0.0,0.0
burgers,8,0.05,3,tv_weak,u_x,0,0.0,0.0
burgers,8,0.05,3,tv_weak,u_xx,0,0.0512769402820761,0.05
burgers,8,0.05,4,edmd_weak,(u^2)_xx,0,0.0,0.0
burgers,8,0.05,4,edmd_weak,1,0,0.0,0.0
burgers,8,0.05,4,edmd_weak,u,0,0.0,0.0
burgers,8,0.05,4,edmd_weak,u*u_x,0,-0.9906793488430111,-1.0
burgers,8,0.05,4,edmd_weak,u^2,0,0.0,0.0
burgers,8,0.05,4,edmd_weak,u^2*u_x,0,0.0,0.0
burgers,8,0.05,4,edmd_weak,u_x,0,0.0,0.0
burgers,8,0.05,4,edmd_weak,u_xx,0,0.047122594950491384,0.05
burgers,8,0.05,4,linear_weak,(u^2)_xx,0,0.0,0.0
burgers,8,0.05,4,linear_weak,1,0,0.0,0.0
burgers,8,0.05,4,linear_weak,u,0,0.0,0.0
burgers,8,0.05,4,linear_weak,u*u_x,0,-0.9909983047996913,-1.0
burgers,8,0.05,4,linear_weak,u^2,0,0.0,0.0
burgers,8,0.05,4,linear_weak,u^2*u_x,0,0.0,0.0
burgers,8,0.05,4,linear_weak,u_x,0,0.0,0.0
burgers,8,0.05,4,linear_weak,u_xx,0,0.046532407150207476,0.05
burgers,8,0.05,4,pod_tv_weak,(u^2)_xx,0,0.0,0.0
burgers,8,0.05,4,pod_tv_weak,1,0,0.0,0.0
burgers,8,0.05,4,pod_tv_weak,u,0,0.0,0.0
burgers,8,0.05,4,pod_tv_weak,u*u_x,0,-0.9910326412987129,-1.0
burgers,8,0.05,4,pod_tv_weak,u^2,0,0.0,0.0
burgers,8,0.05,4,pod_tv_weak,u^2*u_x,0,0.0,0.0
burgers,8,0.05,4,pod_tv_weak,u_x,0,0.0,0.0
burgers,8,0.05,4,pod_tv_weak,u_xx,0,0.04719891423132156,0.05
burgers,8,0.05,4,pod_weak,(u^2)_xx,0,0.0,0.0
burgers,8,0.05,4,pod_weak,1,0,0.0,0.0
burgers,8,0.05,4,pod_weak,u,0,0.0,0.0
burgers,8,0.05,4,pod_weak,u*u_x,0,-0.9908052878888813,-1.0
burgers,8,0.05,4,pod_weak,u^2,0,0.0,0.0
burgers,8,0.05,4,pod_weak,u^2*u_x,0,0.0,0.0
burgers,8,0.05,4,pod_weak,u_x,0,0.0,0.0
burgers,8,0.05,4,pod_weak,u_xx,0,0.04713715068210841,0.05
burgers,8,0.05,4,raw_weak,(u^2)_xx,0,0.0,0.0
burgers,8,0.05,4,raw_weak,1,0,0.0,0.0
burgers,8,0.05,4,raw_weak,u,0,0.0,0.0
burgers,8,0.05,4,raw_weak,u*u_x,0,-0.9909126733956859,-1.0
burgers,8,0.05,4,raw_weak,u^2,0,0.0,0.0
burgers,8,0.05,4,raw_weak,u^2*u_x,0,0.0,0.0
burgers,8,0.05,4,raw_weak,u_x,0,0.0,0.0
burgers,8,0.05,4,raw_weak,u_xx,0,0.046485164807013264,0.05
burgers,8,0.05,4,tv_weak,(u^2)_xx,0,0.0,0.0
burgers,8,0.05,4,tv_weak,1,0,0.0,0.0
burgers,8,0.05,4,tv_weak,u,0,0.0,0.0
burgers,8,0.05,4,tv_weak,u*u_x,0,-0.9908509800437023,-1.0
burgers,8,0.05,4,tv_weak,u^2,0,0.0,0.0
burgers,8,0.05,4,tv_weak,u^2*u_x,0,0.0,0.0
burgers,8,0.05,4,tv_weak,u_x,0,0.0,0.0
burgers,8,0.05,4,tv_weak,u_xx,0,0.04688453331246251,0.05
burgers,8,0.1,0,edmd_weak,(u^2)_xx,0,0.0,0.0
burgers,8,0.1,0,edmd_weak,1,0,0.0,0.0
burgers,8,0.1,0,edmd_weak,u,0,0.0,0.0
burgers,8,0.1,0,edmd_weak,u*u_x,0,-1.0015718577149664,-1.0
burgers,8,0.1,0,edmd_weak,u^2,0,0.0,0.0
burgers,8,0.1,0,edmd_weak,u^2*u_x,0,0.0,0.0
burgers,8,0.1,0,edmd_weak,u_x,0,0.0,0.0
burgers,8,0.1,0,edmd_weak,u_xx,0,0.05223821281917715,0.05
burgers,8,0.1,0,linear_weak,(u^2)_xx,0,0.0,0.0
burgers,8,0.1,0,linear_weak,1,0,0.0,0.0
burgers,8,0.1,0,linear_weak,u,0,0.0,0.0
burgers,8,0.1,0,linear_weak,u*u_x,0,-1.0019395488799647,-1.0
burgers,8,0.1,0,linear_weak,u^2,0,0.0,0.0
burgers,8,0.1,0,linear_weak,u^2*u_x,0,0.0,0.0
burgers,8,0.1,0,linear_weak,u_x,0,0.0,0.0
burgers,8,0.1,0,linear_weak,u_xx,0,0.0516493764522291,0.05
burgers,8,0.1,0,pod_tv_weak,(u^2)_xx,0,0.0,0.0
burgers,8,0.1,0,pod_tv_weak,1,0,0.0,0.0
burgers,8,0.1,0,pod_tv_weak,u,0,0.0,0.0
burgers,8,0.1,0,pod_tv_weak,u*u_x,0,-1.003458572324272,-1.0
burgers,8,0.1,0,pod_tv_weak,u^2,0,0.0,0.0
burgers,8,0.1,0,pod_tv_weak,u^2*u_x,0,0.0,0.0
burgers,8,0.1,0,pod_tv_weak,u_x,0,0.0,0.0
burgers,8,0.1,0,pod_tv_weak,u_xx,0,0.052588780203423,0.05
burgers,8,0.1,0,pod_weak,(u^2)_xx,0,0.0,0.0
burgers,8,0.1,0,pod_weak,1,0,0.0,0.0
burgers,8,0.1,0,pod_weak,u,0,0.0,0.0
burgers,8,0.1,0,pod_weak,u*u_x,0,-1.0030921110973636,-1.0
burgers,8,0.1,0,pod_weak,u^2,0,0.0,0.0
burgers,8,0.1,0,pod_weak,u^2*u_x,0,0.0,0.0
burgers,8,0.1,0,pod_weak,u_x,0,0.0,0.0
burgers,8,0.1,0,pod_weak,u_xx,0,0.05228747439361793,0.05
burgers,8,0.1,0,raw_weak,(u^2)_xx,0,0.0,0.0
burgers,8,0.1,0,raw_weak,1,0,0.0,0.0
burgers,8,0.1,0,raw_weak,u,0,0.0,0.0
burgers,8,0.1,0,raw_weak,u*u_x,0,-1.0018146504789096,-1.0
burgers,8,0.1,0,raw_weak,u^2,0,0.0,0.0
burgers,8,0.1,0,raw_weak,u^2*u_x,0,0.0,0.0
burgers,8,0.1,0,raw_weak,u_x,0,0.0,0.0
burgers,8,0.1,0,raw_weak,u_xx,0,0.05158899495879854,0.05
burgers,8,0.1,0,tv_weak,(u^2)_xx,0,0.0,0.0
burgers,8,0.1,0,tv_weak,1,0,0.0,0.0
burgers,8,0.1,0,tv_weak,u,0,0.0,0.0
burgers,8,0.1,0,tv_weak,u*u_x,0,-0.996645953174205,-1.0
burgers,8,0.1,0,tv_weak,u^2,0,0.0,0.0
burgers,8,0.1,0,tv_weak,u^2*u_x,0,0.0,0.0
burgers,8,0.1,0,tv_weak,u_x,0,0.0,0.0
burgers,8,0.1,0,tv_weak,u_xx,0,0.0521092490356832,0.05
burgers,8,0.1,1,edmd_weak,(u^2)_xx,0,0.0,0.0
burgers,8,0.1,1,edmd_weak,1,0,0.0,0.0
burgers,8,0.1,1,edmd_weak,u,0,0.0,0.0
burgers,8,0.1,1,edmd_weak,u*u_x,0,-1.0009440938491332,-1.0
burgers,8,0.1,1,edmd_weak,u^2,0,0.0,0.0
burgers,8,0.1,1,edmd_weak,u^2*u_x,0,0.0,0.0
burgers,8,0.1,1,edmd_weak,u_x,0,0.0,0.0
burgers,8,0.1,1,edmd_weak,u_xx,0,0.05484616337865329,0.05
burgers,8,0.1,1,linear_weak,(u^2)_xx,0,0.0,0.0
burgers,8,0.1,1,linear_weak,1,0,0.0,0.0
burgers,8,0.1,1,linear_weak,u,0,0.0,0.0
burgers,8,0.1,1,linear_weak,u*u_x,0,-1.0004102875110672,-1.0
burgers,8,0.1,1,linear_weak,u^2,0,0.0,0.0
burgers,8,0.1,1,linear_weak,u^2*u_x,0,0.0,0.0
burgers,8,0.1,1,linear_weak,u_x,0,0.0,0.0
burgers,8,0.1,1,linear_weak,u_xx,0,0.053822974613176124,0.05
burgers,8,0.1,1,pod_tv_weak,(u^2)_xx,0,0.0,0.0
burgers,8,0.1,1,pod_tv_weak,1,0,0.0,0.0
burgers,8,0.1,1,pod_tv_weak,u,0,0.0,0.0
burgers,8,0.1,1,pod_tv_weak,u*u_x,0,-1.0002509222422022,-1.0
burgers,8,0.1,1,pod_tv_weak,u^2,0,0.0,0.0
burgers,8,0.1,1,pod_tv_weak,u^2*u_x,0,0.0,0.0
burgers,8,0.1,1,pod_tv_weak,u_x,0,0.0,0.0
burgers,8,0.1,1,pod_tv_weak,u_xx,0,0.05356726666228802,0.05
burgers,8,0.1,1,pod_weak,(u^2)_xx,0,0.0,0.0
burgers,8,0.1,1,pod_weak,1,0,0.0,0.0
burgers,8,0.1,1,pod_weak,u,0,0.0,0.0
burgers,8,0.1,1,pod_weak,u*u_x,0,-1.001390334006511,-1.0
burgers,8,0.1,1,pod_weak,u^2,0,0.0,0.0
burgers,8,0.1,1,pod_weak,u^2*u_x,0,0.0,0.0
burgers,8,0.1,1,pod_weak,u_x,0,0.0,0.0
burgers,8,0.1,1,pod_weak,u_xx,0,0.05481110542390879,0.05
burgers,8,0.1,1,raw_weak,(u^2)_xx,0,0.0,0.0
burgers,8,0.1,1,raw_weak,1,0,0.0,0.0
burgers,8,0.1,1,raw_weak,u,0,0.0,0.0
burgers,8,0.1,1,raw_weak,u*u_x,0,-1.000300202544379,-1.0
burgers,8,0.1,1,raw_weak,u^2,0,0.0,0.0
burgers,8,0.1,1,raw_weak,u^2*u_x,0,0.0,0.0
burgers,8,0.1,1,raw_weak,u_x,0,0.0,0.0
burgers,8,0.1,1,raw_weak,u_xx,0,0.05380333104953309,0.05
burgers,8,0.1,1,tv_weak,(u^2)_xx,0,0.0,0.0
burgers,8,0.1,1,tv_weak,1,0,0.0,0.0
burgers,8,0.1,1,tv_weak,u,0,0.0,0.0
burgers,8,0.1,1,tv_weak,u*u_x,0,-0.9920295657304782,-1.0
burgers,8,0.1,1,tv_weak,u^2,0,0.0,0.0
burgers,8,0.1,1,tv_weak,u^2*u_x,0,0.0,0.0
burgers,8,0.1,1,tv_weak,u_x,0,0.0,0.0
burgers,8,0.1,1,tv_weak,u_xx,0,0.053238920378353496,0.05
burgers,8,0.1,2,edmd_weak,(u^2)_xx,0,0.0,0.0
burgers,8,0.1,2,edmd_weak,1,0,0.0,0.0
burgers,8,0.1,2,edmd_weak,u,0,0.0,0.0
burgers,8,0.1,2,edmd_weak,u*u_x,0,-1.0198091472429176,-1.0
burgers,8,0.1,2,edmd_weak,u^2,0,0.0,0.0
burgers,8,0.1,2,edmd_weak,u^2*u_x,0,0.0,0.0
burgers,8,0.1,2,edmd_weak,u_x,0,0.0,0.0
burgers,8,0.1,2,edmd_weak,u_xx,0,0.04993227148495147,0.05
burgers,8,0.1,2,linear_weak,(u^2)_xx,0,0.0,0.0
burgers,8,0.1,2,linear_weak,1,0,0.0,0.0
burgers,8,0.1,2,linear_weak,u,0,0.0,0.0
burgers,8,0.1,2,linear_weak,u*u_x,0,-1.020964594007088,-1.0
burgers,8,0.1,2,linear_weak,u^2,0,0.0,0.0
burgers,8,0.1,2,linear_weak,u^2*u_x,0,0.0,0.0
burgers,8,0.1,2,linear_weak,u_x,0,0.0,0.0
burgers,8,0.1,2,linear_weak,u_xx,0,0.051033076479332674,0.05
burgers,8,0.1,2,pod_tv_weak,(u^2)_xx,0,0.0,0.0
burgers,8,0.1,2,pod_tv_weak,1,0,0.0,0.0
burgers,8,0.1,2,pod_tv_weak,u,0,0.0,0.0
burgers,8,0.1,2,pod_tv_weak,u*u_x,0,-1.0174928420287437,-1.0
burgers,8,0.1,2,pod_tv_weak,u^2,0,0.0,0.0
burgers,8,0.1,2,pod_tv_weak,u^2*u_x,0,0.0,0.0
burgers,8,0.1,2,pod_tv_weak,u_x,0,0.0,0.0
burgers,8,0.1,2,pod_tv_weak,u_xx,0,0.05073719189390055,0.05
burgers,8,0.1,2,pod_weak,(u^2)_xx,0,0.0,0.0
burgers,8,0.1,2,pod_weak,1,0,0.0,0.0
burgers,8,0.1,2,pod_weak,u,0,0.0,0.0
burgers,8,0.1,2,pod_weak,u*u_x,0,-1.0201223468593343,-1.0
burgers,8,0.1,2,pod_weak,u^2,0,0.0,0.0
burgers,8,0.1,2,pod_weak,u^2*u_x,0,0.0,0.0
burgers,8,0.1,2,pod_weak,u_x,0,0.0,0.0
burgers,8,0.1,2,pod_weak,u_xx,0,0.04985283152704865,0.05
burgers,8,0.1,2,raw_weak,(u^2)_xx,0,0.0,0.0
burgers,8,0.1,2,raw_weak,1,0,0.0,0.0
burgers,8,0.1,2,raw_weak,u,0,0.0,0.0
burgers,8,0.1,2,raw_weak,u*u_x,0,-1.0207989987303745,-1.0
burgers,8,0.1,2,raw_weak,u^2,0,0.0,0.0
burgers,8,0.1,2,raw_weak,u^2*u_x,0,0.0,0.0
burgers,8,0.1,2,raw_weak,u_x,0,0.0,0.0
burgers,8,0.1,2,raw_weak,u_xx,0,0.05093837623122468,0.05
burgers,8,0.1,2,tv_weak,(u^2)_xx,0,0.0,0.0
burgers,8,0.1,2,tv_weak,1,0,0.0,0.0
burgers,8,0.1,2,tv_weak,u,0,0.0,0.0
burgers,8,0.1,2,tv_weak,u*u_x,0,-1.0102606565848764,-1.0
burgers,8,0.1,2,tv_weak,u^2,0,0.0,0.0
burgers,8,0.1,2,tv_weak,u^2*u_x,0,0.0,0.0
burgers,8,0.1,2,tv_weak,u_x,0,0.0,0.0
burgers,8,0.1,2,tv_weak,u_xx,0,0.04993510479377485,0.05
burgers,8,0.1,3,edmd_weak,(u^2)_xx,0,0.0,0.0
burgers,8,0.1,3,edmd_weak,1,0,0.0,0.0
burgers,8,0.1,3,edmd_weak,u,0,0.0,0.0
burgers,8,0.1,3,edmd_weak,u*u_x,0,-0.9887594724865099,-1.0
burgers,8,0.1,3,edmd_weak,u^2,0,0.0,0.0
burgers,8,0.1,3,edmd_weak,u^2*u_x,0,0.0,0.0
burgers,8,0.1,3,edmd_weak,u_x,0,0.0,0.0
burgers,8,0.1,3,edmd_weak,u_xx,0,0.052620909651829285,0.05
burgers,8,0.1,3,linear_weak,(u^2)_xx,0,0.0,0.0
burgers,8,0.1,3,linear_weak,1,0,0.0,0.0
burgers,8,0.1,3,linear_weak,u,0,0.0,0.0
burgers,8,0.1,3,linear_weak,u*u_x,0,-0.9881231393328058,-1.0
burgers,8,0.1,3,linear_weak,u^2,0,0.0,0.0
burgers,8,0.1,3,linear_weak,u^2*u_x,0,0.0,0.0
burgers,8,0.1,3,linear_weak,u_x,0,0.0,0.0
burgers,8,0.1,3,linear_weak,u_xx,0,0.052235765330173344,0.05
burgers,8,0.1,3,pod_tv_weak,(u^2)_xx,0,0.0,0.0
burgers,8,0.1,3,pod_tv_weak,1,0,0.0,0.0
burgers,8,0.1,3,pod_tv_weak,u,0,0.0,0.0
burgers,8,0.1,3,pod_tv_weak,u*u_x,0,-0.989072078329345,-1.0
burgers,8,0.1,3,pod_tv_weak,u^2,0,0.0,0.0
burgers,8,0.1,3,pod_tv_weak,u^2*u_x,0,0.0,0.0
burgers,8,0.1,3,pod_tv_weak,u_x,0,0.0,0.0
burgers,8,0.1,3,pod_tv_weak,u_xx,0,0.052749315822221796,0.05
burgers,8,0.1,3,pod_weak,(u^2)_xx,0,0.0,0.0
burgers,8,0.1,3,pod_weak,1,0,0.0,0.0
burgers,8,0.1,3,pod_weak,u,0,0.0,0.0
burgers,8,0.1,3,pod_weak,u*u_x,0,-0.9889079331140944,-1.0
burgers,8,0.1,3,pod_weak,u^2,0,0.0,0.0
burgers,8,0.1,3,pod_weak,u^2*u_x,0,0.0,0.0
burgers,8,0.1,3,pod_weak,u_x,0,0.0,0.0
burgers,8,0.1,3,pod_weak,u_xx,0,0.05265861835442515,0.05
burgers,8,0.1,3,raw_weak,(u^2)_xx,0,0.0,0.0
burgers,8,0.1,3,raw_weak,1,0,0.0,0.0
burgers,8,0.1,3,raw_weak,u,0,0.0,0.0
burgers,8,0.1,3,raw_weak,u*u_x,0,-0.9882520119105428,-1.0
burgers,8,0.1,3,raw_weak,u^2,0,0.0,0.0
burgers,8,0.1,3,raw_weak,u^2*u_x,0,0.0,0.0
burgers,8,0.1,3,raw_weak,u_x,0,0.0,0.0
burgers,8,0.1,3,raw_weak,u_xx,0,0.05214432283738357,0.05
burgers,8,0.1,3,tv_weak,(u^2)_xx,0,0.0,0.0
burgers,8,0.1,3,tv_weak,1,0,0.0,0.0
burgers,8,0.1,3,tv_weak,u,0,0.0,0.0
burgers,8,0.1,3,tv_weak,u*u_x,0,-0.983153130224605,-1.0
burgers,8,0.1,3,tv_weak,u^2,0,0.0,0.0
burgers,8,0.1,3,tv_weak,u^2*u_x,0,0.0,0.0
burgers,8,0.1,3,tv_weak,u_x,0,0.0,0.0
burgers,8,0.1,3,tv_weak,u_xx,0,0.05339316991598956,0.05
burgers,8,0.1,4,edmd_weak,(u^2)_xx,0,0.0,0.0
burgers,8,0.1,4,edmd_weak,1,0,0.0,0.0
burgers,8,0.1,4,edmd_weak,u,0,0.0,0.0
burgers,8,0.1,4,edmd_weak,u*u_x,0,-1.0031616279138713,-1.0
burgers,8,0.1,4,edmd_weak,u^2,0,0.0,0.0
burgers,8,0.1,4,edmd_weak,u^2*u_x,0,0.0,0.0
burgers,8,0.1,4,edmd_weak,u_x,0,0.0,0.0
burgers,8,0.1,4,edmd_weak,u_xx,0,0.049021880605692146,0.05
burgers,8,0.1,4,linear_weak,(u^2)_xx,0,0.0,0.0
burgers,8,0.1,4,linear_weak,1,0,0.0,0.0
burgers,8,0.1,4,linear_weak,u,0,0.0,0.0
burgers,8,0.1,4,linear_weak,u*u_x,0,-1.0026302473267432,-1.0
burgers,8,0.1,4,linear_weak,u^2,0,0.0,0.0
burgers,8,0.1,4,linear_weak,u^2*u_x,0,0.0,0.0
burgers,8,0.1,4,linear_weak,u_x,0,0.0,0.0
burgers,8,0.1,4,linear_weak,u_xx,0,0.0479581923566043,0.05
burgers,8,0.1,4,pod_tv_weak,(u^2)_xx,0,0.0,0.0
burgers,8,0.1,4,pod_tv_weak,1,0,0.0,0.0
burgers,8,0.1,4,pod_tv_weak,u,0,0.0,0.0
burgers,8,0.1,4,pod_tv_weak,u*u_x,0,-1.002812411042147,-1.0
burgers,8,0.1,4,pod_tv_weak,u^2,0,0.0,0.0
burgers,8,0.1,4,pod_tv_weak,u^2*u_x,0,0.0,0.0
burgers,8,0.1,4,pod_tv_weak,u_x,0,0.0,0.0
burgers,8,0.1,4,pod_tv_weak,u_xx,0,0.048136213933067135,0.05
burgers,8,0.1,4,pod_weak,(u^2)_xx,0,0.0,0.0
burgers,8,0.1,4,pod_weak,1,0,0.0,0.0
burgers,8,0.1,4,pod_weak,u,0,0.0,0.0
burgers,8,0.1,4,pod_weak,u*u_x,0,-1.0033535941967175,-1.0
burgers,8,0.1,4,pod_weak,u^2,0,0.0,0.0
burgers,8,0.1,4,pod_weak,u^2*u_x,0,0.0,0.0
burgers,8,0.1,4,pod_weak,u_x,0,0.0,0.0
burgers,8,0.1,4,pod_weak,u_xx,0,0.04890798325102392,0.05
burgers,8,0.1,4,raw_weak,(u^2)_xx,0,0.0,0.0
burgers,8,0.1,4,raw_weak,1,0,0.0,0.0
burgers,8,0.1,4,raw_weak,u,0,0.0,0.0
burgers,8,0.1,4,raw_weak,u*u_x,0,-1.0026352037135426,-1.0
burgers,8,0.1,4,raw_weak,u^2,0,0.0,0.0
burgers,8,0.1,4,raw_weak,u^2*u_x,0,0.0,0.0
burgers,8,0.1,4,raw_weak,u_x,0,0.0,0.0
burgers,8,0.1,4,raw_weak,u_xx,0,0.04789172252398303,0.05
burgers,8,0.1,4,tv_weak,(u^2)_xx,0,0.0,0.0
burgers,8,0.1,4,tv_weak,1,0,0.0,0.0
burgers,8,0.1,4,tv_weak,u,0,0.0,0.0
burgers,8,0.1,4,tv_weak,u*u_x,0,-1.000085116106754,-1.0
burgers,8,0.1,4,tv_weak,u^2,0,0.0,0.0
burgers,8,0.1,4,tv_weak,u^2*u_x,0,0.0,0.0
burgers,8,0.1,4,tv_weak,u_x,0,0.0,0.0
burgers,8,0.1,4,tv_weak,u_xx,0,0.04774226181717766,0.05
burgers,8,0.2,0,edmd_weak,(u^2)_xx,0,0.0,0.0
burgers,8,0.2,0,edmd_weak,1,0,0.0,0.0
burgers,8,0.2,0,edmd_weak,u,0,0.0,0.0
burgers,8,0.2,0,edmd_weak,u*u_x,0,-0.9946893581645033,-1.0
burgers,8,0.2,0,edmd_weak,u^2,0,0.0,0.0
burgers,8,0.2,0,edmd_weak,u^2*u_x,0,0.0,0.0
burgers,8,0.2,0,edmd_weak,u_x,0,0.0,0.0
burgers,8,0.2,0,edmd_weak,u_xx,0,0.05218882339306388,0.05
burgers,8,0.2,0,linear_weak,(u^2)_xx,0,0.0,0.0
burgers,8,0.2,0,linear_weak,1,0,0.0,0.0
burgers,8,0.2,0,linear_weak,u,0,0.0,0.0
burgers,8,0.2,0,linear_weak,u*u_x,0,-0.9860898182007195,-1.0
burgers,8,0.2,0,linear_weak,u^2,0,0.0,0.0
burgers,8,0.2,0,linear_weak,u^2*u_x,0,0.0,0.0
burgers,8,0.2,0,linear_weak,u_x,0,0.0,0.0
burgers,8,0.2,0,linear_weak,u_xx,0,0.04671915563528366,0.05
burgers,8,0.2,0,pod_tv_weak,(u^2)_xx,0,0.0,0.0
burgers,8,0.2,0,pod_tv_weak,1,0,0.0,0.0
burgers,8,0.2,0,pod_tv_weak,u,0,0.0,0.0
burgers,8,0.2,0,pod_tv_weak,u*u_x,0,-0.9952384235771392,-1.0
burgers,8,0.2,0,pod_tv_weak,u^2,0,0.0,0.0
burgers,8,0.2,0,pod_tv_weak,u^2*u_x,0,0.0,0.0
burgers,8,0.2,0,pod_tv_weak,u_x,0,0.0,0.0
burgers,8,0.2,0,pod_tv_weak,u_xx,0,0.05208184849449641,0.05
burgers,8,0.2,0,pod_weak,(u^2)_xx,0,0.0,0.0
burgers,8,0.2,0,pod_weak,1,0,0.0,0.0
burgers,8,0.2,0,pod_weak,u,0,0.0,0.0
burgers,8,0.2,0,pod_weak,u*u_x,0,-0.9913316729744506,-1.0
burgers,8,0.2,0,pod_weak,u^2,0,0.0,0.0
burgers,8,0.2,0,pod_weak,u^2*u_x,0,0.0,0.0
burgers,8,0.2,0,pod_weak,u_x,0,0.0,0.0
burgers,8,0.2,0,pod_weak,u_xx,0,0.0515819764206169,0.05
burgers,8,0.2,0,raw_weak,(u^2)_xx,0,0.0,0.0
burgers,8,0.2,0,raw_weak,1,0,0.0,0.0
burgers,8,0.2,0,raw_weak,u,0,0.0,0.0
burgers,8,0.2,0,raw_weak,u*u_x,0,-0.9851744567187729,-1.0
burgers,8,0.2,0,raw_weak,u^2,0,0.0,0.0
burgers,8,0.2,0,raw_weak,u^2*u_x,0,0.0,0.0
burgers,8,0.2,0,raw_weak,u_x,0,0.0,0.0
burgers,8,0.2,0,raw_weak,u_xx,0,0.04643573515238107,0.05
burgers,8,0.2,0,tv_weak,(u^2)_xx,0,0.0,0.0
burgers,8,0.2,0,tv_weak,1,0,0.0,0.0
burgers,8,0.2,0,tv_weak,u,0,0.0,0.0
burgers,8,0.2,0,tv_weak,u*u_x,0,-0.98873974563565,-1.0
burgers,8,0.2,0,tv_weak,u^2,0,0.0,0.0
burgers,8,0.2,0,tv_weak,u^2*u_x,0,0.0,0.0
burgers,8,0.2,0,tv_weak,u_x,0,0.0,0.0
burgers,8,0.2,0,tv_weak,u_xx,0,0.04981210005341581,0.05
burgers,8,0.2,1,edmd_weak,(u^2)_xx,0,0.0,0.0
burgers,8,0.2,1,edmd_weak,1,0,0.0,0.0
burgers,8,0.2,1,edmd_weak,u,0,0.0,0.0
burgers,8,0.2,1,edmd_weak,u*u_x,0,-0.9804955955232691,-1.0
burgers,8,0.2,1,edmd_weak,u^2,0,0.0,0.0
burgers,8,0.2,1,edmd_weak,u^2*u_x,0,0.0,0.0
burgers,8,0.2,1,edmd_weak,u_x,0,0.0,0.0
burgers,8,0.2,1,edmd_weak,u_xx,0,0.05535264412851453,0.05
burgers,8,0.2,1,linear_weak,(u^2)_xx,0,0.0,0.0
burgers,8,0.2,1,linear_weak,1,0,0.0,0.0
burgers,8,0.2,1,linear_weak,u,0,0.0,0.0
burgers,8,0.2,1,linear_weak,u*u_x,0,-0.9730196775065311,-1.0
burgers,8,0.2,1,linear_weak,u^2,0,0.0,0.0
burgers,8,0.2,1,linear_weak,u^2*u_x,0,0.0,0.0
burgers,8,0.2,1,linear_weak,u_x,0,0.0,0.0
burgers,8,0.2,1,linear_weak,u_xx,0,0.05203029940855856,0.05
burgers,8,0.2,1,pod_tv_weak,(u^2)_xx,0,0.0,0.0
burgers,8,0.2,1,pod_tv_weak,1,0,0.0,0.0
burgers,8,0.2,1,pod_tv_weak,u,0,0.0,0.0
burgers,8,0.2,1,pod_tv_weak,u*u_x,0,-0.9821927565390726,-1.0
burgers,8,0.2,1,pod_tv_weak,u^2,0,0.0,0.0
burgers,8,0.2,1,pod_tv_weak,u^2*u_x,0,0.0,0.0
burgers,8,0.2,1,pod_tv_weak,u_x,0,0.0,0.0
burgers,8,0.2,1,pod_tv_weak,u_xx,0,0.055535949924442156,0.05
burgers,8,0.2,1,pod_weak,(u^2)_xx,0,0.0,0.0
burgers,8,0.2,1,pod_weak,1,0,0.0,0.0
burgers,8,0.2,1,pod_weak,u,0,0.0,0.0
burgers,8,0.2,1,pod_weak,u*u_x,0,-0.9815218303563231,-1.0
burgers,8,0.2,1,pod_weak,u^2,0,0.0,0.0
burgers,8,0.2,1,pod_weak,u^2*u_x,0,0.0,0.0
burgers,8,0.2,1,pod_weak,u_x,0,0.0,0.0
burgers,8,0.2,1,pod_weak,u_xx,0,0.05454942966452839,0.05
burgers,8,0.2,1,raw_weak,(u^2)_xx,0,0.0,0.0
burgers,8,0.2,1,raw_weak,1,0,0.0,0.0
burgers,8,0.2,1,raw_weak,u,0,0.0,0.0
burgers,8,0.2,1,raw_weak,u*u_x,0,-0.9729748649684029,-1.0
burgers,8,0.2,1,raw_weak,u^2,0,0.0,0.0
burgers,8,0.2,1,raw_weak,u^2*u_x,0,0.0,0.0
burgers,8,0.2,1,raw_weak,u_x,0,0.0,0.0
burgers,8,0.2,1,raw_weak,u_xx,0,0.0520769590275297,0.05
burgers,8,0.2,1,tv_weak,(u^2)_xx,0,0.0,0.0
burgers,8,0.2,1,tv_weak,1,0,0.0,0.0
burgers,8,0.2,1,tv_weak,u,0,0.0,0.0
burgers,8,0.2,1,tv_weak,u*u_x,0,-0.9779530021280881,-1.0
burgers,8,0.2,1,tv_weak,u^2,0,0.0,0.0
burgers,8,0.2,1,tv_weak,u^2*u_x,0,0.0,0.0
burgers,8,0.2,1,tv_weak,u_x,0,0.0,0.0
burgers,8,0.2,1,tv_weak,u_xx,0,0.05715572382532972,0.05
burgers,8,0.2,2,edmd_weak,(u^2)_xx,0,0.0,0.0
burgers,8,0.2,2,edmd_weak,1,0,0.0,0.0
burgers,8,0.2,2,edmd_weak,u,0,0.0,0.0
burgers,8,0.2,2,edmd_weak,u*u_x,0,-1.0256159815422086,-1.0
burgers,8,0.2,2,edmd_weak,u^2,0,0.0,0.0
burgers,8,0.2,2,edmd_weak,u^2*u_x,0,0.0,0.0
burgers,8,0.2,2,edmd_weak,u_x,0,0.0,0.0
burgers,8,0.2,2,edmd_weak,u_xx,0,0.05061881546730142,0.05
burgers,8,0.2,2,linear_weak,(u^2)_xx,0,0.0,0.0
burgers,8,0.2,2,linear_weak,1,0,0.0,0.0
burgers,8,0.2,2,linear_weak,u,0,0.0,0.0
burgers,8,0.2,2,linear_weak,u*u_x,0,-1.0183100736067927,-1.0
burgers,8,0.2,2,linear_weak,u^2,0,0.0,0.0
burgers,8,0.2,2,linear_weak,u^2*u_x,0,0.0,0.0
burgers,8,0.2,2,linear_weak,u_x,0,0.0,0.0
burgers,8,0.2,2,linear_weak,u_xx,0,0.05227112908000658,0.05
burgers,8,0.2,2,pod_tv_weak,(u^2)_xx,0,0.0,0.0
burgers,8,0.2,2,pod_tv_weak,1,0,0.0,0.0
burgers,8,0.2,2,pod_tv_weak,u,0,0.0,0.0
burgers,8,0.2,2,pod_tv_weak,u*u_x,0,-1.0233118978146376,-1.0
burgers,8,0.2,2,pod_tv_weak,u^2,0,0.0,0.0
burgers,8,0.2,2,pod_tv_weak,u^2*u_x,0,0.0,0.0
burgers,8,0.2,2,pod_tv_weak,u_x,0,0.0,0.0
burgers,8,0.2,2,pod_tv_weak,u_xx,0,0.052110577532864785,0.05
burgers,8,0.2,2,pod_weak,(u^2)_xx,0,0.0,0.0
burgers,8,0.2,2,pod_weak,1,0,0.0,0.0
burgers,8,0.2,2,pod_weak,u,0,0.0,0.0
burgers,8,0.2,2,pod_weak,u*u_x,0,-1.0253637635336428,-1.0
burgers,8,0.2,2,pod_weak,u^2,0,0.0,0.0
burgers,8,0.2,2,pod_weak,u^2*u_x,0,0.0,0.0
burgers,8,0.2,2,pod_weak,u_x,0,0.0,0.0
burgers,8,0.2,2,pod_weak,u_xx,0,0.0507067122080276,0.05
burgers,8,0.2,2,raw_weak,(u^2)_xx,0,0.0,0.0
burgers,8,0.2,2,raw_weak,1,0,0.0,0.0
burgers,8,0.2,2,raw_weak,u,0,0.0,0.0
burgers,8,0.2,2,raw_weak,u*u_x,0,-1.0175067235579105,-1.0
burgers,8,0.2,2,raw_weak,u^2,0,0.0,0.0
burgers,8,0.2,2,raw_weak,u^2*u_x,0,0.0,0.0
burgers,8,0.2,2,raw_weak,u_x,0,0.0,0.0
burgers,8,0.2,2,raw_weak,u_xx,0,0.05180629108805474,0.05
burgers,8,0.2,2,tv_weak,(u^2)_xx,0,0.0,0.0
burgers,8,0.2,2,tv_weak,1,0,0.0,0.0
burgers,8,0.2,2,tv_weak,u,0,0.0,0.0
burgers,8,0.2,2,tv_weak,u*u_x,0,-1.017055723780623,-1.0
burgers,8,0.2,2,tv_weak,u^2,0,0.0,0.0
burgers,8,0.2,2,tv_weak,u^2*u_x,0,0.0,0.0
burgers,8,0.2,2,tv_weak,u_x,0,0.0,0.0
burgers,8,0.2,2,tv_weak,u_xx,0,0.057086150003104484,0.05
burgers,8,0.2,3,edmd_weak,(u^2)_xx,0,0.0,0.0
burgers,8,0.2,3,edmd_weak,1,0,0.0,0.0
burgers,8,0.2,3,edmd_weak,u,0,0.0,0.0
burgers,8,0.2,3,edmd_weak,u*u_x,0,-1.0279329217037492,-1.0
burgers,8,0.2,3,edmd_weak,u^2,0,0.0,0.0
burgers,8,0.2,3,edmd_weak,u^2*u_x,0,0.0,0.0
burgers,8,0.2,3,edmd_weak,u_x,0,0.0,0.0
burgers,8,0.2,3,edmd_weak,u_xx,0,0.03837344758422753,0.05
burgers,8,0.2,3,linear_weak,(u^2)_xx,0,0.0,0.0
burgers,8,0.2,3,linear_weak,1,0,0.0,0.0
burgers,8,0.2,3,linear_weak,u,0,0.0,0.0
burgers,8,0.2,3,linear_weak,u*u_x,0,-1.0178575850314813,-1.0
burgers,8,0.2,3,linear_weak,u^2,0,0.0,0.0
burgers,8,0.2,3,linear_weak,u^2*u_x,0,0.0,0.0
burgers,8,0.2,3,linear_weak,u_x,0,0.0,0.0
burgers,8,0.2,3,linear_weak,u_xx,0,0.03369068132849002,0.05
burgers,8,0.2,3,pod_tv_weak,(u^2)_xx,0,0.0,0.0
burgers,8,0.2,3,pod_tv_weak,1,0,0.0,0.0
burgers,8,0.2,3,pod_tv_weak,u,0,0.0,0.0
burgers,8,0.2,3,pod_tv_weak,u*u_x,0,-1.0207734946337201,-1.0
burgers,8,0.2,3,pod_tv_weak,u^2,0,0.0,0.0
burgers,8,0.2,3,pod_tv_weak,u^2*u_x,0,0.0,0.0
burgers,8,0.2,3,pod_tv_weak,u_x,0,0.0,0.0
burgers,8,0.2,3,pod_tv_weak,u_xx,0,0.0,0.05
burgers,8,0.2,3,pod_weak,(u^2)_xx,0,0.0,0.0
burgers,8,0.2,3,pod_weak,1,0,0.0,0.0
burgers,8,0.2,3,pod_weak,u,0,0.0,0.0
burgers,8,0.2,3,pod_weak,u*u_x,0,-1.030124322725261,-1.0
burgers,8,0.2,3,pod_weak,u^2,0,0.0,0.0
burgers,8,0.2,3,pod_weak,u^2*u_x,0,0.0,0.0
burgers,8,0.2,3,pod_weak,u_x,0,0.0,0.0
burgers,8,0.2,3,pod_weak,u_xx,0,0.03859061132145805,0.05
burgers,8,0.2,3,raw_weak,(u^2)_xx,0,0.0,0.0
burgers,8,0.2,3,raw_weak,1,0,0.0,0.0
burgers,8,0.2,3,raw_weak,u,0,0.0,0.0
burgers,8,0.2,3,raw_weak,u*u_x,0,-1.0172957347043468,-1.0
burgers,8,0.2,3,raw_weak,u^2,0,0.0,0.0
burgers,8,0.2,3,raw_weak,u^2*u_x,0,0.0,0.0
burgers,8,0.2,3,raw_weak,u_x,0,0.0,0.0
burgers,8,0.2,3,raw_weak,u_xx,0,0.0337214479193576,0.05
burgers,8,0.2,3,tv_weak,(u^2)_xx,0,0.0,0.0
burgers,8,0.2,3,tv_weak,1,0,0.0,0.0
burgers,8,0.2,3,tv_weak,u,0,0.0,0.0
burgers,8,0.2,3,tv_weak,u*u_x,0,-1.0074987443184609,-1.0
burgers,8,0.2,3,tv_weak,u^2,0,0.0,0.0
burgers,8,0.2,3,tv_weak,u^2*u_x,0,0.0,0.0
burgers,8,0.2,3,tv_weak,u_x,0,0.0,0.0
burgers,8,0.2,3,tv_weak,u_xx,0,0.0,0.05
burgers,8,0.2,4,edmd_weak,(u^2)_xx,0,0.0,0.0
burgers,8,0.2,4,edmd_weak,1,0,0.0,0.0
burgers,8,0.2,4,edmd_weak,u,0,0.03443290272457365,0.0
burgers,8,0.2,4,edmd_weak,u*u_x,0,-1.0205383657060516,-1.0
burgers,8,0.2,4,edmd_weak,u^2,0,0.0,0.0
burgers,8,0.2,4,edmd_weak,u^2*u_x,0,0.0,0.0
burgers,8,0.2,4,edmd_weak,u_x,0,0.0,0.0
burgers,8,0.2,4,edmd_weak,u_xx,0,0.07683931827101688,0.05
burgers,8,0.2,4,linear_weak,(u^2)_xx,0,0.0,0.0
burgers,8,0.2,4,linear_weak,1,0,0.0,0.0
burgers,8,0.2,4,linear_weak,u,0,0.0,0.0
burgers,8,0.2,4,linear_weak,u*u_x,0,-1.0040546428427541,-1.0
burgers,8,0.2,4,linear_weak,u^2,0,0.0,0.0
burgers,8,0.2,4,linear_weak,u^2*u_x,0,0.0,0.0
burgers,8,0.2,4,linear_weak,u_x,0,0.0,0.0
burgers,8,0.2,4,linear_weak,u_xx,0,0.051070298656753985,0.05
burgers,8,0.2,4,pod_tv_weak,(u^2)_xx,0,0.0,0.0
burgers,8,0.2,4,pod_tv_weak,1,0,0.0,0.0
burgers,8,0.2,4,pod_tv_weak,u,0,0.0,0.0
burgers,8,0.2,4,pod_tv_weak,u*u_x,0,-0.9986961429733408,-1.0
burgers,8,0.2,4,pod_tv_weak,u^2,0,0.0,0.0
burgers,8,0.2,4,pod_tv_weak,u^2*u_x,0,0.0,0.0
burgers,8,0.2,4,pod_tv_weak,u_x,0,0.0,0.0
burgers,8,0.2,4,pod_tv_weak,u_xx,0,0.05305837089933587,0.05
burgers,8,0.2,4,pod_weak,(u^2)_xx,0,0.0,0.0
burgers,8,0.2,4,pod_weak,1,0,0.0,0.0
burgers,8,0.2,4,pod_weak,u,0,0.03267659348392244,0.0
burgers,8,0.2,4,pod_weak,u*u_x,0,-1.0212274589025934,-1.0
burgers,8,0.2,4,pod_weak,u^2,0,0.0,0.0
burgers,8,0.2,4,pod_weak,u^2*u_x,0,0.0,0.0
burgers,8,0.2,4,pod_weak,u_x,0,0.0,0.0
burgers,8,0.2,4,pod_weak,u_xx,0,0.07521821010680271,0.05
burgers,8,0.2,4,raw_weak,(u^2)_xx,0,0.0,0.0
burgers,8,0.2,4,raw_weak,1,0,0.0,0.0
burgers,8,0.2,4,raw_weak,u,0,0.0,0.0
burgers,8,0.2,4,raw_weak,u*u_x,0,-1.0045556941978195,-1.0
burgers,8,0.2,4,raw_weak,u^2,0,0.0,0.0
burgers,8,0.2,4,raw_weak,u^2*u_x,0,0.0,0.0
burgers,8,0.2,4,raw_weak,u_x,0,0.0,0.0
burgers,8,0.2,4,raw_weak,u_xx,0,0.0509203531541334,0.05
burgers,8,0.2,4,tv_weak,(u^2)_xx,0,0.0,0.0
burgers,8,0.2,4,tv_weak,1,0,0.0,0.0
burgers,8,0.2,4,tv_weak,u,0,0.0,0.0
burgers,8,0.2,4,tv_weak,u*u_x,0,-0.9935315928848524,-1.0
burgers,8,0.2,4,tv_weak,u^2,0,0.0,0.0
burgers,8,0.2,4,tv_weak,u^2*u_x,0,0.0,0.0
burgers,8,0.2,4,tv_weak,u_x,0,0.0,0.0
burgers,8,0.2,4,tv_weak,u_xx,0,0.05110823087397829,0.05
burgers,32,0.05,0,edmd_weak,(u^2)_xx,0,0.0,0.0
burgers,32,0.05,0,edmd_weak,1,0,0.0,0.0
burgers,32,0.05,0,edmd_weak,u,0,0.0,0.0
burgers,32,0.05,0,edmd_weak,u*u_x,0,-1.009555789672494,-1.0
burgers,32,0.05,0,edmd_weak,u^2,0,0.0,0.0
burgers,32,0.05,0,edmd_weak,u^2*u_x,0,0.0,0.0
burgers,32,0.05,0,edmd_weak,u_x,0,0.0,0.0
burgers,32,0.05,0,edmd_weak,u_xx,0,0.04760485716986685,0.05
burgers,32,0.05,0,linear_weak,(u^2)_xx,0,0.0,0.0
burgers,32,0.05,0,linear_weak,1,0,0.0,0.0
burgers,32,0.05,0,linear_weak,u,0,0.0,0.0
burgers,32,0.05,0,linear_weak,u*u_x,0,-1.0094930223284855,-1.0
burgers,32,0.05,0,linear_weak,u^2,0,0.0,0.0
burgers,32,0.05,0,linear_weak,u^2*u_x,0,0.0,0.0
burgers,32,0.05,0,linear_weak,u_x,0,0.0,0.0
burgers,32,0.05,0,linear_weak,u_xx,0,0.048755504078058974,0.05
burgers,32,0.05,0,pod_tv_weak,(u^2)_xx,0,0.0,0.0
burgers,32,0.05,0,pod_tv_weak,1,0,0.0,0.0
burgers,32,0.05,0,pod_tv_weak,u,0,0.0,0.0
burgers,32,0.05,0,pod_tv_weak,u*u_x,0,-1.0101077296471883,-1.0
burgers,32,0.05,0,pod_tv_weak,u^2,0,0.0,0.0
burgers,32,0.05,0,pod_tv_weak,u^2*u_x,0,0.0,0.0
burgers,32,0.05,0,pod_tv_weak,u_x,0,0.0,0.0
burgers,32,0.05,0,pod_tv_weak,u_xx,0,0.048320591674885324,0.05
burgers,32,0.05,0,pod_weak,(u^2)_xx,0,0.0,0.0
burgers,32,0.05,0,pod_weak,1,0,0.0,0.0
burgers,32,0.05,0,pod_weak,u,0,0.0,0.0
burgers,32,0.05,0,pod_weak,u*u_x,0,-1.0098537413683324,-1.0
burgers,32,0.05,0,pod_weak,u^2,0,0.0,0.0
burgers,32,0.05,0,pod_weak,u^2*u_x,0,0.0,0.0
burgers,32,0.05,0,pod_weak,u_x,0,0.0,0.0
burgers,32,0.05,0,pod_weak,u_xx,0,0.047965969554716,0.05
burgers,32,0.05,0,raw_weak,(u^2)_xx,0,0.0,0.0
burgers,32,0.05,0,raw_weak,1,0,0.0,0.0
burgers,32,0.05,0,raw_weak,u,0,0.0,0.0
burgers,32,0.05,0,raw_weak,u*u_x,0,-1.0088735902904051,-1.0
burgers,32,0.05,0,raw_weak,u^2,0,0.0,0.0
burgers,32,0.05,0,raw_weak,u^2*u_x,0,0.0,0.0
burgers,32,0.05,0,raw_weak,u_x,0,0.0,0.0
burgers,32,0.05,0,raw_weak,u_xx,0,0.04795842650419341,0.05
burgers,32,0.05,0,tv_weak,(u^2)_xx,0,0.0,0.0
burgers,32,0.05,0,tv_weak,1,0,0.0,0.0
burgers,32,0.05,0,tv_weak,u,0,0.0,0.0
burgers,32,0.05,0,tv_weak,u*u_x,0,-1.0088794904915623,-1.0
burgers,32,0.05,0,tv_weak,u^2,0,0.0,0.0
burgers,32,0.05,0,tv_weak,u^2*u_x,0,0.0,0.0
burgers,32,0.05,0,tv_weak,u_x,0,0.0,0.0
burgers,32,0.05,0,tv_weak,u_xx,0,0.04807809656220422,0.05
burgers,32,0.05,1,edmd_weak,(u^2)_xx,0,0.0,0.0
burgers,32,0.05,1,edmd_weak,1,0,0.0,0.0
burgers,32,0.05,1,edmd_weak,u,0,0.0,0.0
burgers,32,0.05,1,edmd_weak,u*u_x,0,-0.990552945515876,-1.0
burgers,32,0.05,1,edmd_weak,u^2,0,0.0,0.0
burgers,32,0.05,1,edmd_weak,u^2*u_x,0,0.0,0.0
burgers,32,0.05,1,edmd_weak,u_x,0,0.0,0.0
burgers,32,0.05,1,edmd_weak,u_xx,0,0.047825836330832434,0.05
burgers,32,0.05,1,linear_weak,(u^2)_xx,0,0.0,0.0
burgers,32,0.05,1,linear_weak,1,0,0.0,0.0
burgers,32,0.05,1,linear_weak,u,0,0.0,0.0
burgers,32,0.05,1,linear_weak,u*u_x,0,-0.9911323275810474,-1.0
burgers,32,0.05,1,linear_weak,u^2,0,0.0,0.0
burgers,32,0.05,1,linear_weak,u^2*u_x,0,0.0,0.0
burgers,32,0.05,1,linear_weak,u_x,0,0.0,0.0
burgers,32,0.05,1,linear_weak,u_xx,0,0.048995671745378944,0.05
burgers,32,0.05,1,pod_tv_weak,(u^2)_xx,0,0.0,0.0
burgers,32,0.05,1,pod_tv_weak,1,0,0.0,0.0
burgers,32,0.05,1,pod_tv_weak,u,0,0.0,0.0
burgers,32,0.05,1,pod_tv_weak,u*u_x,0,-0.9908864457441144,-1.0
burgers,32,0.05,1,pod_tv_weak,u^2,0,0.0,0.0
burgers,32,0.05,1,pod_tv_weak,u^2*u_x,0,0.0,0.0
burgers,32,0.05,1,pod_tv_weak,u_x,0,0.0,0.0
burgers,32,0.05,1,pod_tv_weak,u_xx,0,0.048151301194703754,0.05
burgers,32,0.05,1,pod_weak,(u^2)_xx,0,0.0,0.0
burgers,32,0.05,1,pod_weak,1,0,0.0,0.0
burgers,32,0.05,1,pod_weak,u,0,0.0,0.0
burgers,32,0.05,1,pod_weak,u*u_x,0,-0.9904279888166094,-1.0
burgers,32,0.05,1,pod_weak,u^2,0,0.0,0.0
burgers,32,0.05,1,pod_weak,u^2*u_x,0,0.0,0.0
burgers,32,0.05,1,pod_weak,u_x,0,0.0,0.0
burgers,32,0.05,1,pod_weak,u_xx,0,0.048087388860119214,0.05
burgers,32,0.05,1,raw_weak,(u^2)_xx,0,0.0,0.0
burgers,32,0.05,1,raw_weak,1,0,0.0,0.0
burgers,32,0.05,1,raw_weak,u,0,0.0,0.0
burgers,32,0.05,1,raw_weak,u*u_x,0,-0.9904826884317137,-1.0
burgers,32,0.05,1,raw_weak,u^2,0,0.0,0.0
burgers,32,0.05,1,raw_weak,u^2*u_x,0,0.0,0.0
burgers,32,0.05,1,raw_weak,u_x,0,0.0,0.0
burgers,32,0.05,1,raw_weak,u_xx,0,0.048230381067045074,0.05
burgers,32,0.05,1,tv_weak,(u^2)_xx,0,0.0,0.0
burgers,32,0.05,1,tv_weak,1,0,0.0,0.0
burgers,32,0.05,1,tv_weak,u,0,0.0,0.0
burgers,32,0.05,1,tv_weak,u*u_x,0,-0.9898858164615179,-1.0
burgers,32,0.05,1,tv_weak,u^2,0,0.0,0.0
burgers,32,0.05,1,tv_weak,u^2*u_x,0,0.0,0.0
burgers,32,0.05,1,tv_weak,u_x,0,0.0,0.0
burgers,32,0.05,1,tv_weak,u_xx,0,0.04883780762176329,0.05
burgers,32,0.05,2,edmd_weak,(u^2)_xx,0,0.0,0.0
burgers,32,0.05,2,edmd_weak,1,0,0.0,0.0
burgers,32,0.05,2,edmd_weak,u,0,0.0,0.0
burgers,32,0.05,2,edmd_weak,u*u_x,0,-1.0007763525199194,-1.0
burgers,32,0.05,2,edmd_weak,u^2,0,0.0,0.0
burgers,32,0.05,2,edmd_weak,u^2*u_x,0,0.0,0.0
burgers,32,0.05,2,edmd_weak,u_x,0,0.0,0.0
burgers,32,0.05,2,edmd_weak,u_xx,0,0.0529160921153074,0.05
burgers,32,0.05,2,linear_weak,(u^2)_xx,0,0.0,0.0
burgers,32,0.05,2,linear_weak,1,0,0.0,0.0
burgers,32,0.05,2,linear_weak,u,0,0.0,0.0
burgers,32,0.05,2,linear_weak,u*u_x,0,-1.0012509389897746,-1.0
burgers,32,0.05,2,linear_weak,u^2,0,0.0,0.0
burgers,32,0.05,2,linear_weak,u^2*u_x,0,0.0,0.0
burgers,32,0.05,2,linear_weak,u_x,0,0.0,0.0
burgers,32,0.05,2,linear_weak,u_xx,0,0.053299057356350626,0.05
burgers,32,0.05,2,pod_tv_weak,(u^2)_xx,0,0.0,0.0
burgers,32,0.05,2,pod_tv_weak,1,0,0.0,0.0
burgers,32,0.05,2,pod_tv_weak,u,0,0.0,0.0
burgers,32,0.05,2,pod_tv_weak,u*u_x,0,-1.0013994354773081,-1.0
burgers,32,0.05,2,pod_tv_weak,u^2,0,0.0,0.0
burgers,32,0.05,2,pod_tv_weak,u^2*u_x,0,0.0,0.0
burgers,32,0.05,2,pod_tv_weak,u_x,0,0.0,0.0
burgers,32,0.05,2,pod_tv_weak,u_xx,0,0.053128226720944235,0.05
burgers,32,0.05,2,pod_weak,(u^2)_xx,0,0.0,0.0
burgers,32,0.05,2,pod_weak,1,0,0.0,0.0
burgers,32,0.05,2,pod_weak,u,0,0.0,0.0
burgers,32,0.05,2,pod_weak,u*u_x,0,-1.0013947400429681,-1.0
burgers,32,0.05,2,pod_weak,u^2,0,0.0,0.0
burgers,32,0.05,2,pod_weak,u^2*u_x,0,0.0,0.0
burgers,32,0.05,2,pod_weak,u_x,0,0.0,0.0
burgers,32,0.05,2,pod_weak,u_xx,0,0.052947838640698235,0.05
burgers,32,0.05,2,raw_weak,(u^2)_xx,0,0.0,0.0
burgers,32,0.05,2,raw_weak,1,0,0.0,0.0
burgers,32,0.05,2,raw_weak,u,0,0.0,0.0
burgers,32,0.05,2,raw_weak,u*u_x,0,-1.0006764753298594,-1.0
burgers,32,0.05,2,raw_weak,u^2,0,0.0,0.0
burgers,32,0.05,2,raw_weak,u^2*u_x,0,0.0,0.0
burgers,32,0.05,2,raw_weak,u_x,0,0.0,0.0
burgers,32,0.05,2,raw_weak,u_xx,0,0.0525680422013159,0.05
burgers,32,0.05,2,tv_weak,(u^2)_xx,0,0.0,0.0
burgers,32,0.05,2,tv_weak,1,0,0.0,0.0
burgers,32,0.05,2,tv_weak,u,0,0.0,0.0
burgers,32,0.05,2,tv_weak,u*u_x,0,-1.000848731683137,-1.0
burgers,32,0.05,2,tv_weak,u^2,0,0.0,0.0
burgers,32,0.05,2,tv_weak,u^2*u_x,0,0.0,0.0
burgers,32,0.05,2,tv_weak,u_x,0,0.0,0.0
burgers,32,0.05,2,tv_weak,u_xx,0,0.05302079927347676,0.05
burgers,32,0.05,3,edmd_weak,(u^2)_xx,0,0.0,0.0
burgers,32,0.05,3,edmd_weak,1,0,0.0,0.0
burgers,32,0.05,3,edmd_weak,u,0,0.0,0.0
burgers,32,0.05,3,edmd_weak,u*u_x,0,-0.98797992739602,-1.0
burgers,32,0.05,3,edmd_weak,u^2,0,0.0,0.0
burgers,32,0.05,3,edmd_weak,u^2*u_x,0,0.0,0.0
burgers,32,0.05,3,edmd_weak,u_x,0,0.0,0.0
burgers,32,0.05,3,edmd_weak,u_xx,0,0.049007722907723594,0.05
burgers,32,0.05,3,linear_weak,(u^2)_xx,0,0.0,0.0
burgers,32,0.05,3,linear_weak,1,0,0.0,0.0
burgers,32,0.05,3,linear_weak,u,0,0.0,0.0
burgers,32,0.05,3,linear_weak,u*u_x,0,-0.9882881645232429,-1.0
burgers,32,0.05,3,linear_weak,u^2,0,0.0,0.0
burgers,32,0.05,3,linear_weak,u^2*u_x,0,0.0,0.0
burgers,32,0.05,3,linear_weak,u_x,0,0.0,0.0
burgers,32,0.05,3,linear_weak,u_xx,0,0.049552745539708946,0.05
burgers,32,0.05,3,pod_tv_weak,(u^2)_xx,0,0.0,0.0
burgers,32,0.05,3,pod_tv_weak,1,0,0.0,0.0
burgers,32,0.05,3,pod_tv_weak,u,0,0.0,0.0
burgers,32,0.05,3,pod_tv_weak,u*u_x,0,-0.9890455316795221,-1.0
burgers,32,0.05,3,pod_tv_weak,u^2,0,0.0,0.0
burgers,32,0.05,3,pod_tv_weak,u^2*u_x,0,0.0,0.0
burgers,32,0.05,3,pod_tv_weak,u_x,0,0.0,0.0
burgers,32,0.05,3,pod_tv_weak,u_xx,0,0.04968485292792729,0.05
burgers,32,0.05,3,pod_weak,(u^2)_xx,0,0.0,0.0
burgers,32,0.05,3,pod_weak,1,0,0.0,0.0
burgers,32,0.05,3,pod_weak,u,0,0.0,0.0
burgers,32,0.05,3,pod_weak,u*u_x,0,-0.9887595688664866,-1.0
burgers,32,0.05,3,pod_weak,u^2,0,0.0,0.0
burgers,32,0.05,3,pod_weak,u^2*u_x,0,0.0,0.0
burgers,32,0.05,3,pod_weak,u_x,0,0.0,0.0
burgers,32,0.05,3,pod_weak,u_xx,0,0.049330179949772,0.05
burgers,32,0.05,3,raw_weak,(u^2)_xx,0,0.0,0.0
burgers,32,0.05,3,raw_weak,1,0,0.0,0.0
burgers,32,0.05,3,raw_weak,u,0,0.0,0.0
burgers,32,0.05,3,raw_weak,u*u_x,0,-0.9876230180524243,-1.0
burgers,32,0.05,3,raw_weak,u^2,0,0.0,0.0
burgers,32,0.05,3,raw_weak,u^2*u_x,0,0.0,0.0
burgers,32,0.05,3,raw_weak,u_x,0,0.0,0.0
burgers,32,0.05,3,raw_weak,u_xx,0,0.04880051007112015,0.05
burgers,32,0.05,3,tv_weak,(u^2)_xx,0,0.0,0.0
burgers,32,0.05,3,tv_weak,1,0,0.0,0.0
burgers,32,0.05,3,tv_weak,u,0,0.0,0.0
burgers,32,0.05,3,tv_weak,u*u_x,0,-0.9877073797263295,-1.0
burgers,32,0.05,3,tv_weak,u^2,0,0.0,0.0
burgers,32,0.05,3,tv_weak,u^2*u_x,0,0.0,0.0
burgers,32,0.05,3,tv_weak,u_x,0,0.0,0.0
burgers,32,0.05,3,tv_weak,u_xx,0,0.048884705707772425,0.05
burgers,32,0.05,4,edmd_weak,(u^2)_xx,0,0.0,0.0
burgers,32,0.05,4,edmd_weak,1,0,0.0,0.0
burgers,32,0.05,4,edmd_weak,u,0,0.0,0.0
burgers,32,0.05,4,edmd_weak,u*u_x,0,-0.9984121983924611,-1.0
burgers,32,0.05,4,edmd_weak,u^2,0,0.0,0.0
burgers,32,0.05,4,edmd_weak,u^2*u_x,0,0.0,0.0
burgers,32,0.05,4,edmd_weak,u_x,0,0.0,0.0
burgers,32,0.05,4,edmd_weak,u_xx,0,0.04726028118447689,0.05
burgers,32,0.05,4,linear_weak,(u^2)_xx,0,0.0,0.0
burgers,32,0.05,4,linear_weak,1,0,0.0,0.0
burgers,32,0.05,4,linear_weak,u,0,0.0,0.0
burgers,32,0.05,4,linear_weak,u*u_x,0,-0.9988746547817328,-1.0
burgers,32,0.05,4,linear_weak,u^2,0,0.0,0.0
burgers,32,0.05,4,linear_weak,u^2*u_x,0,0.0,0.0
burgers,32,0.05,4,linear_weak,u_x,0,0.0,0.0
burgers,32,0.05,4,linear_weak,u_xx,0,0.048667676976010626,0.05
burgers,32,0.05,4,pod_tv_weak,(u^2)_xx,0,0.0,0.0
burgers,32,0.05,4,pod_tv_weak,1,0,0.0,0.0
burgers,32,0.05,4,pod_tv_weak,u,0,0.0,0.0
burgers,32,0.05,4,pod_tv_weak,u*u_x,0,-0.9971482310469251,-1.0
burgers,32,0.05,4,pod_tv_weak,u^2,0,0.0,0.0
burgers,32,0.05,4,pod_tv_weak,u^2*u_x,0,0.0,0.0
burgers,32,0.05,4,pod_tv_weak,u_x,0,0.0,0.0
burgers,32,0.05,4,pod_tv_weak,u_xx,0,0.04764858218247589,0.05
burgers,32,0.05,4,pod_weak,(u^2)_xx,0,0.0,0.0
burgers,32,0.05,4,pod_weak,1,0,0.0,0.0
burgers,32,0.05,4,pod_weak,u,0,0.0,0.0
burgers,32,0.05,4,pod_weak,u*u_x,0,-0.9976421291506923,-1.0
burgers,32,0.05,4,pod_weak,u^2,0,0.0,0.0
burgers,32,0.05,4,pod_weak,u^2*u_x,0,0.0,0.0
burgers,32,0.05,4,pod_weak,u_x,0,0.0,0.0
burgers,32,0.05,4,pod_weak,u_xx,0,0.04741755696551581,0.05
burgers,32,0.05,4,raw_weak,(u^2)_xx,0,0.0,0.0
burgers,32,0.05,4,raw_weak,1,0,0.0,0.0
burgers,32,0.05,4,raw_weak,u,0,0.0,0.0
burgers,32,0.05,4,raw_weak,u*u_x,0,-0.9982046398730046,-1.0
burgers,32,0.05,4,raw_weak,u^2,0,0.0,0.0
burgers,32,0.05,4,raw_weak,u^2*u_x,0,0.0,0.0
burgers,32,0.05,4,raw_weak,u_x,0,0.0,0.0
burgers,32,0.05,4,raw_weak,u_xx,0,0.047932060620766596,0.05
burgers,32,0.05,4,tv_weak,(u^2)_xx,0,0.0,0.0
burgers,32,0.05,4,tv_weak,1,0,0.0,0.0
burgers,32,0.05,4,tv_weak,u,0,0.0,0.0
burgers,32,0.05,4,tv_weak,u*u_x,0,-0.9962958229126142,-1.0
burgers,32,0.05,4,tv_weak,u^2,0,0.0,0.0
burgers,32,0.05,4,tv_weak,u^2*u_x,0,0.0,0.0
burgers,32,0.05,4,tv_weak,u_x,0,0.0,0.0
burgers,32,0.05,4,tv_weak,u_xx,0,0.04805996698922287,0.05
burgers,32,0.1,0,edmd_weak,(u^2)_xx,0,0.0,0.0
burgers,32,0.1,0,edmd_weak,1,0,0.0,0.0
burgers,32,0.1,0,edmd_weak,u,0,0.0,0.0
burgers,32,0.1,0,edmd_weak,u*u_x,0,-1.009294174626668,-1.0
burgers,32,0.1,0,edmd_weak,u^2,0,0.0,0.0
burgers,32,0.1,0,edmd_weak,u^2*u_x,0,0.0,0.0
burgers,32,0.1,0,edmd_weak,u_x,0,0.0,0.0
burgers,32,0.1,0,edmd_weak,u_xx,0,0.0,0.05
burgers,32,0.1,0,linear_weak,(u^2)_xx,0,0.0,0.0
burgers,32,0.1,0,linear_weak,1,0,0.0,0.0
burgers,32,0.1,0,linear_weak,u,0,0.0,0.0
burgers,32,0.1,0,linear_weak,u*u_x,0,-1.0131634788725696,-1.0
burgers,32,0.1,0,linear_weak,u^2,0,0.0,0.0
burgers,32,0.1,0,linear_weak,u^2*u_x,0,0.0,0.0
burgers,32,0.1,0,linear_weak,u_x,0,0.0,0.0
burgers,32,0.1,0,linear_weak,u_xx,0,0.033501936350803764,0.05
burgers,32,0.1,0,pod_tv_weak,(u^2)_xx,0,0.0,0.0
burgers,32,0.1,0,pod_tv_weak,1,0,0.0,0.0
burgers,32,0.1,0,pod_tv_weak,u,0,0.0,0.0
burgers,32,0.1,0,pod_tv_weak,u*u_x,0,-1.0120404399041594,-1.0
burgers,32,0.1,0,pod_tv_weak,u^2,0,0.0,0.0
burgers,32,0.1,0,pod_tv_weak,u^2*u_x,0,0.0,0.0
burgers,32,0.1,0,pod_tv_weak,u_x,0,0.0,0.0
burgers,32,0.1,0,pod_tv_weak,u_xx,0,0.033843098310028165,0.05
burgers,32,0.1,0,pod_weak,(u^2)_xx,0,0.0,0.0
burgers,32,0.1,0,pod_weak,1,0,0.0,0.0
burgers,32,0.1,0,pod_weak,u,0,0.0,0.0
burgers,32,0.1,0,pod_weak,u*u_x,0,-1.0136156834702341,-1.0
burgers,32,0.1,0,pod_weak,u^2,0,0.0,0.0
burgers,32,0.1,0,pod_weak,u^2*u_x,0,0.0,0.0
burgers,32,0.1,0,pod_weak,u_x,0,0.0,0.0
burgers,32,0.1,0,pod_weak,u_xx,0,0.032289673876921644,0.05
burgers,32,0.1,0,raw_weak,(u^2)_xx,0,0.0,0.0
burgers,32,0.1,0,raw_weak,1,0,0.0,0.0
burgers,32,0.1,0,raw_weak,u,0,0.0,0.0
burgers,32,0.1,0,raw_weak,u*u_x,0,-1.0126593745618768,-1.0
burgers,32,0.1,0,raw_weak,u^2,0,0.0,0.0
burgers,32,0.1,0,raw_weak,u^2*u_x,0,0.0,0.0
burgers,32,0.1,0,raw_weak,u_x,0,0.0,0.0
burgers,32,0.1,0,raw_weak,u_xx,0,0.0326482081137887,0.05
burgers,32,0.1,0,tv_weak,(u^2)_xx,0,0.0,0.0
burgers,32,0.1,0,tv_weak,1,0,0.0,0.0
burgers,32,0.1,0,tv_weak,u,0,0.0,0.0
burgers,32,0.1,0,tv_weak,u*u_x,0,-1.0126593745618768,-1.0
burgers,32,0.1,0,tv_weak,u^2,0,0.0,0.0
burgers,32,0.1,0,tv_weak,u^2*u_x,0,0.0,0.0
burgers,32,0.1,0,tv_weak,u_x,0,0.0,0.0
burgers,32,0.1,0,tv_weak,u_xx,0,0.03264820811378869,0.05
burgers,32,0.1,1,edmd_weak,(u^2)_xx,0,0.0,0.0
burgers,32,0.1,1,edmd_weak,1,0,0.0,0.0
burgers,32,0.1,1,edmd_weak,u,0,0.0,0.0
burgers,32,0.1,1,edmd_weak,u*u_x,0,-0.9803827962298675,-1.0
burgers,32,0.1,1,edmd_weak,u^2,0,0.0,0.0
burgers,32,0.1,1,edmd_weak,u^2*u_x,0,0.0,0.0
burgers,32,0.1,1,edmd_weak,u_x,0,0.0,0.0
burgers,32,0.1,1,edmd_weak,u_xx,0,0.0,0.05
burgers,32,0.1,1,linear_weak,(u^2)_xx,0,0.0,0.0
burgers,32,0.1,1,linear_weak,1,0,0.0,0.0
burgers,32,0.1,1,linear_weak,u,0,0.0,0.0
burgers,32,0.1,1,linear_weak,u*u_x,0,-0.9866340691668557,-1.0
burgers,32,0.1,1,linear_weak,u^2,0,0.0,0.0
burgers,32,0.1,1,linear_weak,u^2*u_x,0,0.0,0.0
burgers,32,0.1,1,linear_weak,u_x,0,0.0,0.0
burgers,32,0.1,1,linear_weak,u_xx,0,0.043034992245629206,0.05
burgers,32,0.1,1,pod_tv_weak,(u^2)_xx,0,0.0,0.0
burgers,32,0.1,1,pod_tv_weak,1,0,0.0,0.0
burgers,32,0.1,1,pod_tv_weak,u,0,0.0,0.0
burgers,32,0.1,1,pod_tv_weak,u*u_x,0,-0.9823107730497371,-1.0
burgers,32,0.1,1,pod_tv_weak,u^2,0,0.0,0.0
burgers,32,0.1,1,pod_tv_weak,u^2*u_x,0,0.0,0.0
burgers,32,0.1,1,pod_tv_weak,u_x,0,0.0,0.0
burgers,32,0.1,1,pod_tv_weak,u_xx,0,0.0,0.05
burgers,32,0.1,1,pod_weak,(u^2)_xx,0,0.0,0.0
burgers,32,0.1,1,pod_weak,1,0,0.0,0.0
burgers,32,0.1,1,pod_weak,u,0,0.0,0.0
burgers,32,0.1,1,pod_weak,u*u_x,0,-0.9824928471873189,-1.0
burgers,32,0.1,1,pod_weak,u^2,0,0.0,0.0
burgers,32,0.1,1,pod_weak,u^2*u_x,0,0.0,0.0
burgers,32,0.1,1,pod_weak,u_x,0,0.0,0.0
burgers,32,0.1,1,pod_weak,u_xx,0,0.0,0.05
burgers,32,0.1,1,raw_weak,(u^2)_xx,0,0.0,0.0
burgers,32,0.1,1,raw_weak,1,0,0.0,0.0
burgers,32,0.1,1,raw_weak,u,0,0.0,0.0
burgers,32,0.1,1,raw_weak,u*u_x,0,-0.9858678674938497,-1.0
burgers,32,0.1,1,raw_weak,u^2,0,0.0,0.0
burgers,32,0.1,1,raw_weak,u^2*u_x,0,0.0,0.0
burgers,32,0.1,1,raw_weak,u_x,0,0.0,0.0
burgers,32,0.1,1,raw_weak,u_xx,0,0.042147411879843576,0.05
burgers,32,0.1,1,tv_weak,(u^2)_xx,0,0.0,0.0
burgers,32,0.1,1,tv_weak,1,0,0.0,0.0
burgers,32,0.1,1,tv_weak,u,0,0.0,0.0
burgers,32,0.1,1,tv_weak,u*u_x,0,-0.9858678674938497,-1.0
burgers,32,0.1,1,tv_weak,u^2,0,0.0,0.0
burgers,32,0.1,1,tv_weak,u^2*u_x,0,0.0,0.0
burgers,32,0.1,1,tv_weak,u_x,0,0.0,0.0
burgers,32,0.1,1,tv_weak,u_xx,0,0.04214741187984358,0.05
burgers,32,0.1,2,edmd_weak,(u^2)_xx,0,0.0,0.0
burgers,32,0.1,2,edmd_weak,1,0,0.0,0.0
burgers,32,0.1,2,edmd_weak,u,0,0.0,0.0
burgers,32,0.1,2,edmd_weak,u*u_x,0,-1.0362139233831607,-1.0
burgers,32,0.1,2,edmd_weak,u^2,0,0.0,0.0
burgers,32,0.1,2,edmd_weak,u^2*u_x,0,0.0,0.0
burgers,32,0.1,2,edmd_weak,u_x,0,0.0,0.0
burgers,32,0.1,2,edmd_weak,u_xx,0,0.0,0.05
burgers,32,0.1,2,linear_weak,(u^2)_xx,0,0.0,0.0
burgers,32,0.1,2,linear_weak,1,0,0.0,0.0
burgers,32,0.1,2,linear_weak,u,0,0.0,0.0
burgers,32,0.1,2,linear_weak,u*u_x,0,-1.0333000561382206,-1.0
burgers,32,0.1,2,linear_weak,u^2,0,0.0,0.0
burgers,32,0.1,2,linear_weak,u^2*u_x,0,0.0,0.0
burgers,32,0.1,2,linear_weak,u_x,0,0.0,0.0
burgers,32,0.1,2,linear_weak,u_xx,0,0.0,0.05
burgers,32,0.1,2,pod_tv_weak,(u^2)_xx,0,0.0,0.0
burgers,32,0.1,2,pod_tv_weak,1,0,0.0,0.0
burgers,32,0.1,2,pod_tv_weak,u,0,0.0,0.0
burgers,32,0.1,2,pod_tv_weak,u*u_x,0,-1.0275226945080684,-1.0
burgers,32,0.1,2,pod_tv_weak,u^2,0,0.0,0.0
burgers,32,0.1,2,pod_tv_weak,u^2*u_x,0,0.0,0.0
burgers,32,0.1,2,pod_tv_weak,u_x,0,0.0,0.0
burgers,32,0.1,2,pod_tv_weak,u_xx,0,0.0,0.05
burgers,32,0.1,2,pod_weak,(u^2)_xx,0,0.0,0.0
burgers,32,0.1,2,pod_weak,1,0,0.0,0.0
burgers,32,0.1,2,pod_weak,u,0,0.0,0.0
burgers,32,0.1,2,pod_weak,u*u_x,0,-1.0349818268702122,-1.0
burgers,32,0.1,2,pod_weak,u^2,0,0.0,0.0
burgers,32,0.1,2,pod_weak,u^2*u_x,0,0.0,0.0
burgers,32,0.1,2,pod_weak,u_x,0,0.0,0.0
burgers,32,0.1,2,pod_weak,u_xx,0,0.0,0.05
burgers,32,0.1,2,raw_weak,(u^2)_xx,0,0.0,0.0
burgers,32,0.1,2,raw_weak,1,0,0.0,0.0
burgers,32,0.1,2,raw_weak,u,0,0.0,0.0
burgers,32,0.1,2,raw_weak,u*u_x,0,-1.0335862235624147,-1.0
burgers,32,0.1,2,raw_weak,u^2,0,0.0,0.0
burgers,32,0.1,2,raw_weak,u^2*u_x,0,0.0,0.0
burgers,32,0.1,2,raw_weak,u_x,0,0.0,0.0
burgers,32,0.1,2,raw_weak,u_xx,0,0.0,0.05
burgers,32,0.1,2,tv_weak,(u^2)_xx,0,0.0,0.0
burgers,32,0.1,2,tv_weak,1,0,0.0,0.0
burgers,32,0.1,2,tv_weak,u,0,0.0,0.0
burgers,32,0.1,2,tv_weak,u*u_x,0,-1.021624221267009,-1.0
burgers,32,0.1,2,tv_weak,u^2,0,0.0,0.0
burgers,32,0.1,2,tv_weak,u^2*u_x,0,0.0,0.0
burgers,32,0.1,2,tv_weak,u_x,0,0.0,0.0
burgers,32,0.1,2,tv_weak,u_xx,0,0.0,0.05
burgers,32,0.1,3,edmd_weak,(u^2)_xx,0,0.0,0.0
burgers,32,0.1,3,edmd_weak,1,0,0.0,0.0
burgers,32,0.1,3,edmd_weak,u,0,0.0,0.0
burgers,32,0.1,3,edmd_weak,u*u_x,0,-1.016740009467822,-1.0
burgers,32,0.1,3,edmd_weak,u^2,0,0.0,0.0
burgers,32,0.1,3,edmd_weak,u^2*u_x,0,0.0,0.0
burgers,32,0.1,3,edmd_weak,u_x,0,0.0,0.0
burgers,32,0.1,3,edmd_weak,u_xx,0,0.061057674138027,0.05
burgers,32,0.1,3,linear_weak,(u^2)_xx,0,0.0,0.0
burgers,32,0.1,3,linear_weak,1,0,0.0,0.0
burgers,32,0.1,3,linear_weak,u,0,0.0,0.0
burgers,32,0.1,3,linear_weak,u*u_x,0,-1.01674452291415,-1.0
burgers,32,0.1,3,linear_weak,u^2,0,0.0,0.0
burgers,32,0.1,3,linear_weak,u^2*u_x,0,0.0,0.0
burgers,32,0.1,3,linear_weak,u_x,0,0.0,0.0
burgers,32,0.1,3,linear_weak,u_xx,0,0.06137717241424384,0.05
burgers,32,0.1,3,pod_tv_weak,(u^2)_xx,0,0.0,0.0
burgers,32,0.1,3,pod_tv_weak,1,0,0.0,0.0
burgers,32,0.1,3,pod_tv_weak,u,0,0.0,0.0
burgers,32,0.1,3,pod_tv_weak,u*u_x,0,-1.0092662861080843,-1.0
burgers,32,0.1,3,pod_tv_weak,u^2,0,0.0,0.0
burgers,32,0.1,3,pod_tv_weak,u^2*u_x,0,0.0,0.0
burgers,32,0.1,3,pod_tv_weak,u_x,0,0.0,0.0
burgers,32,0.1,3,pod_tv_weak,u_xx,0,0.05996565155342002,0.05
burgers,32,0.1,3,pod_weak,(u^2)_xx,0,0.0,0.0
burgers,32,0.1,3,pod_weak,1,0,0.0,0.0
burgers,32,0.1,3,pod_weak,u,0,0.0,0.0
burgers,32,0.1,3,pod_weak,u*u_x,0,-1.0167944174357861,-1.0
burgers,32,0.1,3,pod_weak,u^2,0,0.0,0.0
burgers,32,0.1,3,pod_weak,u^2*u_x,0,0.0,0.0
burgers,32,0.1,3,pod_weak,u_x,0,0.0,0.0
burgers,32,0.1,3,pod_weak,u_xx,0,0.06076540262539612,0.05
burgers,32,0.1,3,raw_weak,(u^2)_xx,0,0.0,0.0
burgers,32,0.1,3,raw_weak,1,0,0.0,0.0
burgers,32,0.1,3,raw_weak,u,0,0.0,0.0
burgers,32,0.1,3,raw_weak,u*u_x,0,-1.0167736847302178,-1.0
burgers,32,0.1,3,raw_weak,u^2,0,0.0,0.0
burgers,32,0.1,3,raw_weak,u^2*u_x,0,0.0,0.0
burgers,32,0.1,3,raw_weak,u_x,0,0.0,0.0
burgers,32,0.1,3,raw_weak,u_xx,0,0.0606703688456699,0.05
burgers,32,0.1,3,tv_weak,(u^2)_xx,0,0.0,0.0
burgers,32,0.1,3,tv_weak,1,0,0.0,0.0
burgers,32,0.1,3,tv_weak,u,0,0.0,0.0
burgers,32,0.1,3,tv_weak,u*u_x,0,-1.000903824435029,-1.0
burgers,32,0.1,3,tv_weak,u^2,0,0.0,0.0
burgers,32,0.1,3,tv_weak,u^2*u_x,0,0.0,0.0
burgers,32,0.1,3,tv_weak,u_x,0,0.0,0.0
burgers,32,0.1,3,tv_weak,u_xx,0,0.06016997072375066,0.05
burgers,32,0.1,4,edmd_weak,(u^2)_xx,0,0.0,0.0
burgers,32,0.1,4,edmd_weak,1,0,0.0,0.0
burgers,32,0.1,4,edmd_weak,u,0,0.0,0.0
burgers,32,0.1,4,edmd_weak,u*u_x,0,-0.973331744278215,-1.0
burgers,32,0.1,4,edmd_weak,u^2,0,0.0,0.0
burgers,32,0.1,4,edmd_weak,u^2*u_x,0,0.0,0.0
burgers,32,0.1,4,edmd_weak,u_x,0,0.0,0.0
burgers,32,0.1,4,edmd_weak,u_xx,0,0.06054932827061199,0.05
burgers,32,0.1,4,linear_weak,(u^2)_xx,0,0.0,0.0
burgers,32,0.1,4,linear_weak,1,0,0.0,0.0
burgers,32,0.1,4,linear_weak,u,0,0.0,0.0
burgers,32,0.1,4,linear_weak,u*u_x,0,-0.9785569738546794,-1.0
burgers,32,0.1,4,linear_weak,u^2,0,0.0,0.0
burgers,32,0.1,4,linear_weak,u^2*u_x,0,0.0,0.0
burgers,32,0.1,4,linear_weak,u_x,0,0.0,0.0
burgers,32,0.1,4,linear_weak,u_xx,0,0.06110878153200173,0.05
burgers,32,0.1,4,pod_tv_weak,(u^2)_xx,0,0.0,0.0
burgers,32,0.1,4,pod_tv_weak,1,0,0.0,0.0
burgers,32,0.1,4,pod_tv_weak,u,0,0.0,0.0
burgers,32,0.1,4,pod_tv_weak,u*u_x,0,-0.9731942975332402,-1.0
burgers,32,0.1,4,pod_tv_weak,u^2,0,0.0,0.0
burgers,32,0.1,4,pod_tv_weak,u^2*u_x,0,0.0,0.0
burgers,32,0.1,4,pod_tv_weak,u_x,0,0.0,0.0
burgers,32,0.1,4,pod_tv_weak,u_xx,0,0.05990462240155799,0.05
burgers,32,0.1,4,pod_weak,(u^2)_xx,0,0.0,0.0
burgers,32,0.1,4,pod_weak,1,0,0.0,0.0
burgers,32,0.1,4,pod_weak,u,0,0.0,0.0
burgers,32,0.1,4,pod_weak,u*u_x,0,-0.9797063346608303,-1.0
burgers,32,0.1,4,pod_weak,u^2,0,0.0,0.0
burgers,32,0.1,4,pod_weak,u^2*u_x,0,0.0,0.0
burgers,32,0.1,4,pod_weak,u_x,0,0.0,0.0
burgers,32,0.1,4,pod_weak,u_xx,0,0.0613148676885904,0.05
burgers,32,0.1,4,raw_weak,(u^2)_xx,0,0.0,0.0
burgers,32,0.1,4,raw_weak,1,0,0.0,0.0
burgers,32,0.1,4,raw_weak,u,0,0.0,0.0
burgers,32,0.1,4,raw_weak,u*u_x,0,-0.9782334218524794,-1.0
burgers,32,0.1,4,raw_weak,u^2,0,0.0,0.0
burgers,32,0.1,4,raw_weak,u^2*u_x,0,0.0,0.0
burgers,32,0.1,4,raw_weak,u_x,0,0.0,0.0
burgers,32,0.1,4,raw_weak,u_xx,0,0.0603892375788511,0.05
burgers,32,0.1,4,tv_weak,(u^2)_xx,0,0.0,0.0
burgers,32,0.1,4,tv_weak,1,0,0.0,0.0
burgers,32,0.1,4,tv_weak,u,0,0.0,0.0
burgers,32,0.1,4,tv_weak,u*u_x,0,-0.9769774731152328,-1.0
burgers,32,0.1,4,tv_weak,u^2,0,0.0,0.0
burgers,32,0.1,4,tv_weak,u^2*u_x,0,0.0,0.0
burgers,32,0.1,4,tv_weak,u_x,0,0.0,0.0
burgers,32,0.1,4,tv_weak,u_xx,0,0.05762335760185446,0.05
burgers,32,0.2,0,edmd_weak,(u^2)_xx,0,0.0,0.0
burgers,32,0.2,0,edmd_weak,1,0,0.0,0.0
burgers,32,0.2,0,edmd_weak,u,0,0.0,0.0
burgers,32,0.2,0,edmd_weak,u*u_x,0,-1.0174994481575588,-1.0
burgers,32,0.2,0,edmd_weak,u^2,0,0.0,0.0
burgers,32,0.2,0,edmd_weak,u^2*u_x,0,0.0,0.0
burgers,32,0.2,0,edmd_weak,u_x,0,0.0,0.0
burgers,32,0.2,0,edmd_weak,u_xx,0,0.0,0.05
burgers,32,0.2,0,linear_weak,(u^2)_xx,0,0.0,0.0
burgers,32,0.2,0,linear_weak,1,0,0.0,0.0
burgers,32,0.2,0,linear_weak,u,0,0.0,0.0
burgers,32,0.2,0,linear_weak,u*u_x,0,-1.0043675096009352,-1.0
burgers,32,0.2,0,linear_weak,u^2,0,0.0,0.0
burgers,32,0.2,0,linear_weak,u^2*u_x,0,0.0,0.0
burgers,32,0.2,0,linear_weak,u_x,0,0.0,0.0
burgers,32,0.2,0,linear_weak,u_xx,0,0.0,0.05
burgers,32,0.2,0,pod_tv_weak,(u^2)_xx,0,0.0,0.0
burgers,32,0.2,0,pod_tv_weak,1,0,0.0,0.0
burgers,32,0.2,0,pod_tv_weak,u,0,0.0,0.0
burgers,32,0.2,0,pod_tv_weak,u*u_x,0,-0.9597317353685063,-1.0
burgers,32,0.2,0,pod_tv_weak,u^2,0,0.0,0.0
burgers,32,0.2,0,pod_tv_weak,u^2*u_x,0,0.03172187463408041,0.0
burgers,32,0.2,0,pod_tv_weak,u_x,0,0.0,0.0
burgers,32,0.2,0,pod_tv_weak,u_xx,0,0.04698394698222935,0.05
burgers,32,0.2,0,pod_weak,(u^2)_xx,0,0.0,0.0
burgers,32,0.2,0,pod_weak,1,0,0.0,0.0
burgers,32,0.2,0,pod_weak,u,0,0.0,0.0
burgers,32,0.2,0,pod_weak,u*u_x,0,-1.0151587891148206,-1.0
burgers,32,0.2,0,pod_weak,u^2,0,0.0,0.0
burgers,32,0.2,0,pod_weak,u^2*u_x,0,0.0,0.0
burgers,32,0.2,0,pod_weak,u_x,0,0.0,0.0
burgers,32,0.2,0,pod_weak,u_xx,0,0.0,0.05
burgers,32,0.2,0,raw_weak,(u^2)_xx,0,0.0,0.0
burgers,32,0.2,0,raw_weak,1,0,0.0,0.0
burgers,32,0.2,0,raw_weak,u,0,0.0,0.0
burgers,32,0.2,0,raw_weak,u*u_x,0,-1.0048846966778553,-1.0
burgers,32,0.2,0,raw_weak,u^2,0,0.0,0.0
burgers,32,0.2,0,raw_weak,u^2*u_x,0,0.0,0.0
burgers,32,0.2,0,raw_weak,u_x,0,0.0,0.0
burgers,32,0.2,0,raw_weak,u_xx,0,0.0,0.05
burgers,32,0.2,0,tv_weak,(u^2)_xx,0,0.0,0.0
burgers,32,0.2,0,tv_weak,1,0,0.0,0.0
burgers,32,0.2,0,tv_weak,u,0,0.0,0.0
burgers,32,0.2,0,tv_weak,u*u_x,0,-0.9908115115839021,-1.0
burgers,32,0.2,0,tv_weak,u^2,0,0.0,0.0
burgers,32,0.2,0,tv_weak,u^2*u_x,0,0.0,0.0
burgers,32,0.2,0,tv_weak,u_x,0,0.0,0.0
burgers,32,0.2,0,tv_weak,u_xx,0,0.0,0.05
burgers,32,0.2,1,edmd_weak,(u^2)_xx,0,0.0,0.0
burgers,32,0.2,1,edmd_weak,1,0,0.0,0.0
burgers,32,0.2,1,edmd_weak,u,0,0.0,0.0
burgers,32,0.2,1,edmd_weak,u*u_x,0,-1.0383476071828461,-1.0
burgers,32,0.2,1,edmd_weak,u^2,0,0.0,0.0
burgers,32,0.2,1,edmd_weak,u^2*u_x,0,0.0,0.0
burgers,32,0.2,1,edmd_weak,u_x,0,0.0,0.0
burgers,32,0.2,1,edmd_weak,u_xx,0,0.0,0.05
burgers,32,0.2,1,linear_weak,(u^2)_xx,0,0.0,0.0
burgers,32,0.2,1,linear_weak,1,0,0.0,0.0
burgers,32,0.2,1,linear_weak,u,0,0.0,0.0
burgers,32,0.2,1,linear_weak,u*u_x,0,-1.0300749614051654,-1.0
burgers,32,0.2,1,linear_weak,u^2,0,0.0,0.0
burgers,32,0.2,1,linear_weak,u^2*u_x,0,0.0,0.0
burgers,32,0.2,1,linear_weak,u_x,0,0.0,0.0
burgers,32,0.2,1,linear_weak,u_xx,0,0.0,0.05
burgers,32,0.2,1,pod_tv_weak,(u^2)_xx,0,0.0,0.0
burgers,32,0.2,1,pod_tv_weak,1,0,0.0,0.0
burgers,32,0.2,1,pod_tv_weak,u,0,0.0,0.0
burgers,32,0.2,1,pod_tv_weak,u*u_x,0,-1.0267204497703115,-1.0
burgers,32,0.2,1,pod_tv_weak,u^2,0,0.0,0.0
burgers,32,0.2,1,pod_tv_weak,u^2*u_x,0,0.0,0.0
burgers,32,0.2,1,pod_tv_weak,u_x,0,0.0,0.0
burgers,32,0.2,1,pod_tv_weak,u_xx,0,0.0,0.05
burgers,32,0.2,1,pod_weak,(u^2)_xx,0,0.0,0.0
burgers,32,0.2,1,pod_weak,1,0,0.0,0.0
burgers,32,0.2,1,pod_weak,u,0,0.0,0.0
burgers,32,0.2,1,pod_weak,u*u_x,0,-1.0356947851005276,-1.0
burgers,32,0.2,1,pod_weak,u^2,0,0.0,0.0
burgers,32,0.2,1,pod_weak,u^2*u_x,0,0.0,0.0
burgers,32,0.2,1,pod_weak,u_x,0,0.0,0.0
burgers,32,0.2,1,pod_weak,u_xx,0,0.0,0.05
burgers,32,0.2,1,raw_weak,(u^2)_xx,0,0.0,0.0
burgers,32,0.2,1,raw_weak,1,0,0.0,0.0
burgers,32,0.2,1,raw_weak,u,0,0.0,0.0
burgers,32,0.2,1,raw_weak,u*u_x,0,-1.030801741907749,-1.0
burgers,32,0.2,1,raw_weak,u^2,0,0.0,0.0
burgers,32,0.2,1,raw_weak,u^2*u_x,0,0.0,0.0
burgers,32,0.2,1,raw_weak,u_x,0,0.0,0.0
burgers,32,0.2,1,raw_weak,u_xx,0,0.0,0.05
burgers,32,0.2,1,tv_weak,(u^2)_xx,0,0.0,0.0
burgers,32,0.2,1,tv_weak,1,0,0.0,0.0
burgers,32,0.2,1,tv_weak,u,0,0.0,0.0
burgers,32,0.2,1,tv_weak,u*u_x,0,-1.030801741907749,-1.0
burgers,32,0.2,1,tv_weak,u^2,0,0.0,0.0
burgers,32,0.2,1,tv_weak,u^2*u_x,0,0.0,0.0
burgers,32,0.2,1,tv_weak,u_x,0,0.0,0.0
burgers,32,0.2,1,tv_weak,u_xx,0,0.0,0.05
burgers,32,0.2,2,edmd_weak,(u^2)_xx,0,0.0,0.0
burgers,32,0.2,2,edmd_weak,1,0,0.0,0.0
burgers,32,0.2,2,edmd_weak,u,0,0.0,0.0
burgers,32,0.2,2,edmd_weak,u*u_x,0,-0.9918183639451223,-1.0
burgers,32,0.2,2,edmd_weak,u^2,0,0.0,0.0
burgers,32,0.2,2,edmd_weak,u^2*u_x,0,0.0,0.0
burgers,32,0.2,2,edmd_weak,u_x,0,0.0,0.0
burgers,32,0.2,2,edmd_weak,u_xx,0,0.0,0.05
burgers,32,0.2,2,linear_weak,(u^2)_xx,0,0.0,0.0
burgers,32,0.2,2,linear_weak,1,0,0.0,0.0
burgers,32,0.2,2,linear_weak,u,0,0.0,0.0
burgers,32,0.2,2,linear_weak,u*u_x,0,-0.9903232611407977,-1.0
burgers,32,0.2,2,linear_weak,u^2,0,0.0,0.0
burgers,32,0.2,2,linear_weak,u^2*u_x,0,0.0,0.0
burgers,32,0.2,2,linear_weak,u_x,0,0.0,0.0
burgers,32,0.2,2,linear_weak,u_xx,0,0.0,0.05
burgers,32,0.2,2,pod_tv_weak,(u^2)_xx,0,0.0,0.0
burgers,32,0.2,2,pod_tv_weak,1,0,0.0,0.0
burgers,32,0.2,2,pod_tv_weak,u,0,0.0,0.0
burgers,32,0.2,2,pod_tv_weak,u*u_x,0,-0.9780725291234972,-1.0
burgers,32,0.2,2,pod_tv_weak,u^2,0,0.0,0.0
burgers,32,0.2,2,pod_tv_weak,u^2*u_x,0,0.0,0.0
burgers,32,0.2,2,pod_tv_weak,u_x,0,0.0,0.0
burgers,32,0.2,2,pod_tv_weak,u_xx,0,0.0,0.05
burgers,32,0.2,2,pod_weak,(u^2)_xx,0,0.0,0.0
burgers,32,0.2,2,pod_weak,1,0,0.0,0.0
burgers,32,0.2,2,pod_weak,u,0,0.0,0.0
burgers,32,0.2,2,pod_weak,u*u_x,0,-0.9941648567015148,-1.0
burgers,32,0.2,2,pod_weak,u^2,0,0.0,0.0
burgers,32,0.2,2,pod_weak,u^2*u_x,0,0.0,0.0
burgers,32,0.2,2,pod_weak,u_x,0,0.0,0.0
burgers,32,0.2,2,pod_weak,u_xx,0,0.0,0.05
burgers,32,0.2,2,raw_weak,(u^2)_xx,0,0.0,0.0
burgers,32,0.2,2,raw_weak,1,0,0.0,0.0
burgers,32,0.2,2,raw_weak,u,0,0.0,0.0
burgers,32,0.2,2,raw_weak,u*u_x,0,-0.9894139395333601,-1.0
burgers,32,0.2,2,raw_weak,u^2,0,0.0,0.0
burgers,32,0.2,2,raw_weak,u^2*u_x,0,0.0,0.0
burgers,32,0.2,2,raw_weak,u_x,0,0.0,0.0
burgers,32,0.2,2,raw_weak,u_xx,0,0.0,0.05
burgers,32,0.2,2,tv_weak,(u^2)_xx,0,0.0,0.0
burgers,32,0.2,2,tv_weak,1,0,0.0,0.0
burgers,32,0.2,2,tv_weak,u,0,0.0,0.0
burgers,32,0.2,2,tv_weak,u*u_x,0,-0.9973879128859586,-1.0
burgers,32,0.2,2,tv_weak,u^2,0,0.0,0.0
burgers,32,0.2,2,tv_weak,u^2*u_x,0,0.0,0.0
burgers,32,0.2,2,tv_weak,u_x,0,0.0,0.0
burgers,32,0.2,2,tv_weak,u_xx,0,0.0,0.05
burgers,32,0.2,3,edmd_weak,(u^2)_xx,0,0.0,0.0
burgers,32,0.2,3,edmd_weak,1,0,0.0,0.0
burgers,32,0.2,3,edmd_weak,u,0,0.0,0.0
burgers,32,0.2,3,edmd_weak,u*u_x,0,-0.9814378906196414,-1.0
burgers,32,0.2,3,edmd_weak,u^2,0,0.0,0.0
burgers,32,0.2,3,edmd_weak,u^2*u_x,0,0.0,0.0
burgers,32,0.2,3,edmd_weak,u_x,0,0.0,0.0
burgers,32,0.2,3,edmd_weak,u_xx,0,0.0,0.05
burgers,32,0.2,3,linear_weak,(u^2)_xx,0,0.0,0.0
burgers,32,0.2,3,linear_weak,1,0,0.0,0.0
burgers,32,0.2,3,linear_weak,u,0,0.0,0.0
burgers,32,0.2,3,linear_weak,u*u_x,0,-0.9875475675557467,-1.0
burgers,32,0.2,3,linear_weak,u^2,0,0.0,0.0
burgers,32,0.2,3,linear_weak,u^2*u_x,0,0.0,0.0
burgers,32,0.2,3,linear_weak,u_x,0,0.0,0.0
burgers,32,0.2,3,linear_weak,u_xx,0,0.0,0.05
burgers,32,0.2,3,pod_tv_weak,(u^2)_xx,0,0.0,0.0
burgers,32,0.2,3,pod_tv_weak,1,0,0.0,0.0
burgers,32,0.2,3,pod_tv_weak,u,0,0.0,0.0
burgers,32,0.2,3,pod_tv_weak,u*u_x,0,-0.9799929108629103,-1.0
burgers,32,0.2,3,pod_tv_weak,u^2,0,0.0,0.0
burgers,32,0.2,3,pod_tv_weak,u^2*u_x,0,0.0,0.0
burgers,32,0.2,3,pod_tv_weak,u_x,0,0.0,0.0
burgers,32,0.2,3,pod_tv_weak,u_xx,0,0.0,0.05
burgers,32,0.2,3,pod_weak,(u^2)_xx,0,0.0,0.0
burgers,32,0.2,3,pod_weak,1,0,0.0,0.0
burgers,32,0.2,3,pod_weak,u,0,0.0,0.0
burgers,32,0.2,3,pod_weak,u*u_x,0,-0.9838111093643174,-1.0
burgers,32,0.2,3,pod_weak,u^2,0,0.0,0.0
burgers,32,0.2,3,pod_weak,u^2*u_x,0,0.0,0.0
burgers,32,0.2,3,pod_weak,u_x,0,0.0,0.0
burgers,32,0.2,3,pod_weak,u_xx,0,0.0,0.05
burgers,32,0.2,3,raw_weak,(u^2)_xx,0,0.0,0.0
burgers,32,0.2,3,raw_weak,1,0,0.0,0.0
burgers,32,0.2,3,raw_weak,u,0,0.0,0.0
burgers,32,0.2,3,raw_weak,u*u_x,0,-0.9877407120931437,-1.0
burgers,32,0.2,3,raw_weak,u^2,0,0.0,0.0
burgers,32,0.2,3,raw_weak,u^2*u_x,0,0.0,0.0
burgers,32,0.2,3,raw_weak,u_x,0,0.0,0.0
burgers,32,0.2,3,raw_weak,u_xx,0,0.0,0.05
burgers,32,0.2,3,tv_weak,(u^2)_xx,0,0.0,0.0
burgers,32,0.2,3,tv_weak,1,0,0.0,0.0
burgers,32,0.2,3,tv_weak,u,0,0.0,0.0
burgers,32,0.2,3,tv_weak,u*u_x,0,-0.9837662506382276,-1.0
burgers,32,0.2,3,tv_weak,u^2,0,0.0,0.0
burgers,32,0.2,3,tv_weak,u^2*u_x,0,0.0,0.0
burgers,32,0.2,3,tv_weak,u_x,0,0.0,0.0
burgers,32,0.2,3,tv_weak,u_xx,0,0.0,0.05
burgers,32,0.2,4,edmd_weak,(u^2)_xx,0,0.0,0.0
burgers,32,0.2,4,edmd_weak,1,0,0.0,0.0
burgers,32,0.2,4,edmd_weak,u,0,0.0,0.0
burgers,32,0.2,4,edmd_weak,u*u_x,0,-1.0043506705222076,-1.0
burgers,32,0.2,4,edmd_weak,u^2,0,0.0,0.0
burgers,32,0.2,4,edmd_weak,u^2*u_x,0,0.0,0.0
burgers,32,0.2,4,edmd_weak,u_x,0,0.0,0.0
burgers,32,0.2,4,edmd_weak,u_xx,0,0.0,0.05
burgers,32,0.2,4,linear_weak,(u^2)_xx,0,0.0,0.0
burgers,32,0.2,4,linear_weak,1,0,0.0,0.0
burgers,32,0.2,4,linear_weak,u,0,0.0,0.0
burgers,32,0.2,4,linear_weak,u*u_x,0,-1.0039998672855357,-1.0
burgers,32,0.2,4,linear_weak,u^2,0,0.0,0.0
burgers,32,0.2,4,linear_weak,u^2*u_x,0,0.0,0.0
burgers,32,0.2,4,linear_weak,u_x,0,0.0,0.0
burgers,32,0.2,4,linear_weak,u_xx,0,0.0,0.05
burgers,32,0.2,4,pod_tv_weak,(u^2)_xx,0,0.0,0.0
burgers,32,0.2,4,pod_tv_weak,1,0,0.0,0.0
burgers,32,0.2,4,pod_tv_weak,u,0,0.0,0.0
burgers,32,0.2,4,pod_tv_weak,u*u_x,0,-0.982418400749577,-1.0
burgers,32,0.2,4,pod_tv_weak,u^2,0,0.0,0.0
burgers,32,0.2,4,pod_tv_weak,u^2*u_x,0,0.0,0.0
burgers,32,0.2,4,pod_tv_weak,u_x,0,0.0,0.0
burgers,32,0.2,4,pod_tv_weak,u_xx,0,0.05563028579187279,0.05
burgers,32,0.2,4,pod_weak,(u^2)_xx,0,0.0,0.0
burgers,32,0.2,4,pod_weak,1,0,0.0,0.0
burgers,32,0.2,4,pod_weak,u,0,0.0,0.0
burgers,32,0.2,4,pod_weak,u*u_x,0,-1.0078118144988242,-1.0
burgers,32,0.2,4,pod_weak,u^2,0,0.0,0.0
burgers,32,0.2,4,pod_weak,u^2*u_x,0,0.0,0.0
burgers,32,0.2,4,pod_weak,u_x,0,0.0,0.0
burgers,32,0.2,4,pod_weak,u_xx,0,0.0,0.05
burgers,32,0.2,4,raw_weak,(u^2)_xx,0,0.0,0.0
burgers,32,0.2,4,raw_weak,1,0,0.0,0.0
burgers,32,0.2,4,raw_weak,u,0,0.0,0.0
burgers,32,0.2,4,raw_weak,u*u_x,0,-1.003943261763117,-1.0
burgers,32,0.2,4,raw_weak,u^2,0,0.0,0.0
burgers,32,0.2,4,raw_weak,u^2*u_x,0,0.0,0.0
burgers,32,0.2,4,raw_weak,u_x,0,0.0,0.0
burgers,32,0.2,4,raw_weak,u_xx,0,0.0,0.05
burgers,32,0.2,4,tv_weak,(u^2)_xx,0,0.0,0.0
burgers,32,0.2,4,tv_weak,1,0,0.0,0.0
burgers,32,0.2,4,tv_weak,u,0,0.0,0.0
burgers,32,0.2,4,tv_weak,u*u_x,0,-1.00528865993045,-1.0
burgers,32,0.2,4,tv_weak,u^2,0,0.0,0.0
burgers,32,0.2,4,tv_weak,u^2*u_x,0,0.0,0.0
burgers,32,0.2,4,tv_weak,u_x,0,0.0,0.0
burgers,32,0.2,4,tv_weak,u_xx,0,0.0,0.05
vanderpol_mu2,16,0.05,0,edmd_weak,1,0,0.0,0.0
vanderpol_mu2,16,0.05,0,edmd_weak,x,0,0.0,0.0
vanderpol_mu2,16,0.05,0,edmd_weak,x*x,0,0.0,0.0
vanderpol_mu2,16,0.05,0,edmd_weak,x*x*x,0,0.0,0.0
vanderpol_mu2,16,0.05,0,edmd_weak,x*x*y,0,0.0,0.0
vanderpol_mu2,16,0.05,0,edmd_weak,x*y,0,0.0,0.0
vanderpol_mu2,16,0.05,0,edmd_weak,x*y*y,0,0.0,0.0
vanderpol_mu2,16,0.05,0,edmd_weak,y,0,1.0015640653619382,1.0
vanderpol_mu2,16,0.05,0,edmd_weak,y*y,0,0.0,0.0
vanderpol_mu2,16,0.05,0,edmd_weak,y*y*y,0,0.0,0.0
vanderpol_mu2,16,0.05,0,edmd_weak,1,1,0.0,0.0
vanderpol_mu2,16,0.05,0,edmd_weak,x,1,-0.9661485875881853,-1.0
vanderpol_mu2,16,0.05,0,edmd_weak,x*x,1,0.0,0.0
vanderpol_mu2,16,0.05,0,edmd_weak,x*x*x,1,0.0,0.0
vanderpol_mu2,16,0.05,0,edmd_weak,x*x*y,1,-1.9885212375016657,-2.0
vanderpol_mu2,16,0.05,0,edmd_weak,x*y,1,0.0,0.0
vanderpol_mu2,16,0.05,0,edmd_weak,x*y*y,1,0.0,0.0
vanderpol_mu2,16,0.05,0,edmd_weak,y,1,2.042432622598101,2.0
vanderpol_mu2,16,0.05,0,edmd_weak,y*y,1,0.0,0.0
vanderpol_mu2,16,0.05,0,edmd_weak,y*y*y,1,0.0,0.0
vanderpol_mu2,16,0.05,0,linear_weak,1,0,0.0,0.0
vanderpol_mu2,16,0.05,0,linear_weak,x,0,0.0,0.0
vanderpol_mu2,16,0.05,0,linear_weak,x*x,0,0.0,0.0
vanderpol_mu2,16,0.05,0,linear_weak,x*x*x,0,0.0,0.0
vanderpol_mu2,16,0.05,0,linear_weak,x*x*y,0,0.0,0.0
vanderpol_mu2,16,0.05,0,linear_weak,x*y,0,0.0,0.0
vanderpol_mu2,16,0.05,0,linear_weak,x*y*y,0,0.0,0.0
vanderpol_mu2,16,0.05,0,linear_weak,y,0,1.0002473817639008,1.0
vanderpol_mu2,16,0.05,0,linear_weak,y*y,0,0.0,0.0
vanderpol_mu2,16,0.05,0,linear_weak,y*y*y,0,0.0,0.0
vanderpol_mu2,16,0.05,0,linear_weak,1,1,0.0,0.0
vanderpol_mu2,16,0.05,0,linear_weak,x,1,-0.9578435454122808,-1.0
vanderpol_mu2,16,0.05,0,linear_weak,x*x,1,0.0,0.0
vanderpol_mu2,16,0.05,0,linear_weak,x*x*x,1,0.0,0.0
vanderpol_mu2,16,0.05,0,linear_weak,x*x*y,1,-1.9496735401156058,-2.0
vanderpol_mu2,16,0.05,0,linear_weak,x*y,1,0.0,0.0
vanderpol_mu2,16,0.05,0,linear_weak,x*y*y,1,0.0,0.0
vanderpol_mu2,16,0.05,0,linear_weak,y,1,1.999761546552983,2.0
vanderpol_mu2,16,0.05,0,linear_weak,y*y,1,0.0,0.0
vanderpol_mu2,16,0.05,0,linear_weak,y*y*y,1,0.0,0.0
vanderpol_mu2,16,0.05,0,raw_weak,1,0,0.0,0.0
vanderpol_mu2,16,0.05,0,raw_weak,x,0,0.0,0.0
vanderpol_mu2,16,0.05,0,raw_weak,x*x,0,0.0,0.0
vanderpol_mu2,16,0.05,0,raw_weak,x*x*x,0,0.0,0.0
vanderpol_mu2,16,0.05,0,raw_weak,x*x*y,0,0.0,0.0
vanderpol_mu2,16,0.05,0,raw_weak,x*y,0,0.0,0.0
vanderpol_mu2,16,0.05,0,raw_weak,x*y*y,0,0.0,0.0
vanderpol_mu2,16,0.05,0,raw_weak,y,0,1.0002473817639008,1.0
vanderpol_mu2,16,0.05,0,raw_weak,y*y,0,0.0,0.0
vanderpol_mu2,16,0.05,0,raw_weak,y*y*y,0,0.0,0.0
vanderpol_mu2,16,0.05,0,raw_weak,1,1,0.0,0.0
vanderpol_mu2,16,0.05,0,raw_weak,x,1,-0.9605305335920876,-1.0
vanderpol_mu2,16,0.05,0,raw_weak,x*x,1,0.0,0.0
vanderpol_mu2,16,0.05,0,raw_weak,x*x*x,1,0.0,0.0
vanderpol_mu2,16,0.05,0,raw_weak,x*x*y,1,-1.9611699733313444,-2.0
vanderpol_mu2,16,0.05,0,raw_weak,x*y,1,0.0,0.0
vanderpol_mu2,16,0.05,0,raw_weak,x*y*y,1,0.0,0.0
vanderpol_mu2,16,0.05,0,raw_weak,y,1,2.0191857883432602,2.0
vanderpol_mu2,16,0.05,0,raw_weak,y*y,1,0.0,0.0
vanderpol_mu2,16,0.05,0,raw_weak,y*y*y,1,0.0,0.0
vanderpol_mu2,16,0.05,0,tv_weak,1,0,0.0,0.0
vanderpol_mu2,16,0.05,0,tv_weak,x,0,0.0,0.0
vanderpol_mu2,16,0.05,0,tv_weak,x*x,0,0.0,0.0
vanderpol_mu2,16,0.05,0,tv_weak,x*x*x,0,0.0,0.0
vanderpol_mu2,16,0.05,0,tv_weak,x*x*y,0,0.0,0.0
vanderpol_mu2,16,0.05,0,tv_weak,x*y,0,0.0,0.0
vanderpol_mu2,16,0.05,0,tv_weak,x*y*y,0,0.0,0.0
vanderpol_mu2,16,0.05,0,tv_weak,y,0,1.0002205592258449,1.0
vanderpol_mu2,16,0.05,0,tv_weak,y*y,0,0.0,0.0
vanderpol_mu2,16,0.05,0,tv_weak,y*y*y,0,0.0,0.0
vanderpol_mu2,16,0.05,0,tv_weak,1,1,0.0,0.0
vanderpol_mu2,16,0.05,0,tv_weak,x,1,-0.9612733596543946,-1.0
vanderpol_mu2,16,0.05,0,tv_weak,x*x,1,0.0,0.0
vanderpol_mu2,16,0.05,0,tv_weak,x*x*x,1,0.0,0.0
vanderpol_mu2,16,0.05,0,tv_weak,x*x*y,1,-1.9610618580316068,-2.0
vanderpol_mu2,16,0.05,0,tv_weak,x*y,1,0.0,0.0
vanderpol_mu2,16,0.05,0,tv_weak,x*y*y,1,0.0,0.0
vanderpol_mu2,16,0.05,0,tv_weak,y,1,2.011865437817232,2.0
vanderpol_mu2,16,0.05,0,tv_weak,y*y,1,0.0,0.0
vanderpol_mu2,16,0.05,0,tv_weak,y*y*y,1,0.0,0.0
vanderpol_mu2,16,0.05,1,edmd_weak,1,0,0.0,0.0
vanderpol_mu2,16,0.05,1,edmd_weak,x,0,0.0,0.0
vanderpol_mu2,16,0.05,1,edmd_weak,x*x,0,0.0,0.0
vanderpol_mu2,16,0.05,1,edmd_weak,x*x*x,0,0.0,0.0
vanderpol_mu2,16,0.05,1,edmd_weak,x*x*y,0,0.0,0.0
vanderpol_mu2,16,0.05,1,edmd_weak,x*y,0,0.0,0.0
vanderpol_mu2,16,0.05,1,edmd_weak,x*y*y,0,0.0,0.0
vanderpol_mu2,16,0.05,1,edmd_weak,y,0,1.0019335154082867,1.0
vanderpol_mu2,16,0.05,1,edmd_weak,y*y,0,0.0,0.0
vanderpol_mu2,16,0.05,1,edmd_weak,y*y*y,0,0.0,0.0
vanderpol_mu2,16,0.05,1,edmd_weak,1,1,0.0,0.0
vanderpol_mu2,16,0.05,1,edmd_weak,x,1,-1.005181471424193,-1.0
vanderpol_mu2,16,0.05,1,edmd_weak,x*x,1,0.0,0.0
vanderpol_mu2,16,0.05,1,edmd_weak,x*x*x,1,0.0,0.0
vanderpol_mu2,16,0.05,1,edmd_weak,x*x*y,1,-1.9528323844423168,-2.0
vanderpol_mu2,16,0.05,1,edmd_weak,x*y,1,0.0,0.0
vanderpol_mu2,16,0.05,1,edmd_weak,x*y*y,1,0.0,0.0
vanderpol_mu2,16,0.05,1,edmd_weak,y,1,1.962109989901853,2.0
vanderpol_mu2,16,0.05,1,edmd_weak,y*y,1,0.0,0.0
vanderpol_mu2,16,0.05,1,edmd_weak,y*y*y,1,0.0,0.0
vanderpol_mu2,16,0.05,1,linear_weak,1,0,0.0,0.0
vanderpol_mu2,16,0.05,1,linear_weak,x,0,0.0,0.0
vanderpol_mu2,16,0.05,1,linear_weak,x*x,0,0.0,0.0
vanderpol_mu2,16,0.05,1,linear_weak,x*x*x,0,0.0,0.0
vanderpol_mu2,16,0.05,1,linear_weak,x*x*y,0,0.0,0.0
vanderpol_mu2,16,0.05,1,linear_weak,x*y,0,0.0,0.0
vanderpol_mu2,16,0.05,1,linear_weak,x*y*y,0,0.0,0.0
vanderpol_mu2,16,0.05,1,linear_weak,y,0,1.0001975080013104,1.0
vanderpol_mu2,16,0.05,1,linear_weak,y*y,0,0.0,0.0
vanderpol_mu2,16,0.05,1,linear_weak,y*y*y,0,0.0,0.0
vanderpol_mu2,16,0.05,1,linear_weak,1,1,0.0,0.0
vanderpol_mu2,16,0.05,1,linear_weak,x,1,-0.999464958973484,-1.0
vanderpol_mu2,16,0.05,1,linear_weak,x*x,1,0.0,0.0
vanderpol_mu2,16,0.05,1,linear_weak,x*x*x,1,0.0,0.0
vanderpol_mu2,16,0.05,1,linear_weak,x*x*y,1,-1.9158345362656806,-2.0
vanderpol_mu2,16,0.05,1,linear_weak,x*y,1,0.0,0.0
vanderpol_mu2,16,0.05,1,linear_weak,x*y*y,1,0.0,0.0
vanderpol_mu2,16,0.05,1,linear_weak,y,1,1.9203534178333383,2.0
vanderpol_mu2,16,0.05,1,linear_weak,y*y,1,0.0,0.0
vanderpol_mu2,16,0.05,1,linear_weak,y*y*y,1,0.0,0.0
vanderpol_mu2,16,0.05,1,raw_weak,1,0,0.0,0.0
vanderpol_mu2,16,0.05,1,raw_weak,x,0,0.0,0.0
vanderpol_mu2,16,0.05,1,raw_weak,x*x,0,0.0,0.0
vanderpol_mu2,16,0.05,1,raw_weak,x*x*x,0,0.0,0.0
vanderpol_mu2,16,0.05,1,raw_weak,x*x*y,0,0.0,0.0
vanderpol_mu2,16,0.05,1,raw_weak,x*y,0,0.0,0.0
vanderpol_mu2,16,0.05,1,raw_weak,x*y*y,0,0.0,0.0
vanderpol_mu2,16,0.05,1,raw_weak,y,0,1.0001975080013106,1.0
vanderpol_mu2,16,0.05,1,raw_weak,y*y,0,0.0,0.0
vanderpol_mu2,16,0.05,1,raw_weak,y*y*y,0,0.0,0.0
vanderpol_mu2,16,0.05,1,raw_weak,1,1,0.0,0.0
vanderpol_mu2,16,0.05,1,raw_weak,x,1,-1.0013407968232644,-1.0
vanderpol_mu2,16,0.05,1,raw_weak,x*x,1,0.0,0.0
vanderpol_mu2,16,0.05,1,raw_weak,x*x*x,1,0.0,0.0
vanderpol_mu2,16,0.05,1,raw_weak,x*x*y,1,-1.924822644856008,-2.0
vanderpol_mu2,16,0.05,1,raw_weak,x*y,1,0.0,0.0
vanderpol_mu2,16,0.05,1,raw_weak,x*y*y,1,0.0,0.0
vanderpol_mu2,16,0.05,1,raw_weak,y,1,1.9363298982195856,2.0
vanderpol_mu2,16,0.05,1,raw_weak,y*y,1,0.0,0.0
vanderpol_mu2,16,0.05,1,raw_weak,y*y*y,1,0.0,0.0
vanderpol_mu2,16,0.05,1,tv_weak,1,0,0.0,0.0
vanderpol_mu2,16,0.05,1,tv_weak,x,0,0.0,0.0
vanderpol_mu2,16,0.05,1,tv_weak,x*x,0,0.0,0.0
vanderpol_mu2,16,0.05,1,tv_weak,x*x*x,0,0.0,0.0
vanderpol_mu2,16,0.05,1,tv_weak,x*x*y,0,0.0,0.0
vanderpol_mu2,16,0.05,1,tv_weak,x*y,0,0.0,0.0
vanderpol_mu2,16,0.05,1,tv_weak,x*y*y,0,0.0,0.0
vanderpol_mu2,16,0.05,1,tv_weak,y,0,0.999103815533327,1.0
vanderpol_mu2,16,0.05,1,tv_weak,y*y,0,0.0,0.0
vanderpol_mu2,16,0.05,1,tv_weak,y*y*y,0,0.0,0.0
vanderpol_mu2,16,0.05,1,tv_weak,1,1,0.0,0.0
vanderpol_mu2,16,0.05,1,tv_weak,x,1,-1.014521546656979,-1.0
vanderpol_mu2,16,0.05,1,tv_weak,x*x,1,0.0,0.0
vanderpol_mu2,16,0.05,1,tv_weak,x*x*x,1,0.0,0.0
vanderpol_mu2,16,0.05,1,tv_weak,x*x*y,1,-1.9383620761352798,-2.0
vanderpol_mu2,16,0.05,1,tv_weak,x*y,1,0.0,0.0
vanderpol_mu2,16,0.05,1,tv_weak,x*y*y,1,0.0,0.0
vanderpol_mu2,16,0.05,1,tv_weak,y,1,1.920589535105128,2.0
vanderpol_mu2,16,0.05,1,tv_weak,y*y,1,0.0,0.0
vanderpol_mu2,16,0.05,1,tv_weak,y*y*y,1,0.0,0.0
vanderpol_mu2,16,0.05,2,edmd_weak,1,0,0.0,0.0
vanderpol_mu2,16,0.05,2,edmd_weak,x,0,0.0,0.0
vanderpol_mu2,16,0.05,2,edmd_weak,x*x,0,0.0,0.0
vanderpol_mu2,16,0.05,2,edmd_weak,x*x*x,0,0.0,0.0
vanderpol_mu2,16,0.05,2,edmd_weak,x*x*y,0,0.0,0.0
vanderpol_mu2,16,0.05,2,edmd_weak,x*y,0,0.0,0.0
vanderpol_mu2,16,0.05,2,edmd_weak,x*y*y,0,0.0,0.0
vanderpol_mu2,16,0.05,2,edmd_weak,y,0,1.0065814777927444,1.0
vanderpol_mu2,16,0.05,2,edmd_weak,y*y,0,0.0,0.0
vanderpol_mu2,16,0.05,2,edmd_weak,y*y*y,0,0.0,0.0
vanderpol_mu2,16,0.05,2,edmd_weak,1,1,0.0,0.0
vanderpol_mu2,16,0.05,2,edmd_weak,x,1,-1.003600948214496,-1.0
vanderpol_mu2,16,0.05,2,edmd_weak,x*x,1,0.0,0.0
vanderpol_mu2,16,0.05,2,edmd_weak,x*x*x,1,0.0,0.0
vanderpol_mu2,16,0.05,2,edmd_weak,x*x*y,1,-2.0636138926782133,-2.0
vanderpol_mu2,16,0.05,2,edmd_weak,x*y,1,0.0,0.0
vanderpol_mu2,16,0.05,2,edmd_weak,x*y*y,1,0.0,0.0
vanderpol_mu2,16,0.05,2,edmd_weak,y,1,2.048524410389613,2.0
vanderpol_mu2,16,0.05,2,edmd_weak,y*y,1,0.0,0.0
vanderpol_mu2,16,0.05,2,edmd_weak,y*y*y,1,0.0,0.0
vanderpol_mu2,16,0.05,2,linear_weak,1,0,0.0,0.0
vanderpol_mu2,16,0.05,2,linear_weak,x,0,0.0,0.0
vanderpol_mu2,16,0.05,2,linear_weak,x*x,0,0.0,0.0
vanderpol_mu2,16,0.05,2,linear_weak,x*x*x,0,0.0,0.0
vanderpol_mu2,16,0.05,2,linear_weak,x*x*y,0,0.0,0.0
vanderpol_mu2,16,0.05,2,linear_weak,x*y,0,0.0,0.0
vanderpol_mu2,16,0.05,2,linear_weak,x*y*y,0,0.0,0.0
vanderpol_mu2,16,0.05,2,linear_weak,y,0,1.0052910656318035,1.0
vanderpol_mu2,16,0.05,2,linear_weak,y*y,0,0.0,0.0
vanderpol_mu2,16,0.05,2,linear_weak,y*y*y,0,0.0,0.0
vanderpol_mu2,16,0.05,2,linear_weak,1,1,0.0,0.0
vanderpol_mu2,16,0.05,2,linear_weak,x,1,-0.9971980220606946,-1.0
vanderpol_mu2,16,0.05,2,linear_weak,x*x,1,0.0,0.0
vanderpol_mu2,16,0.05,2,linear_weak,x*x*x,1,0.0,0.0
vanderpol_mu2,16,0.05,2,linear_weak,x*x*y,1,-2.0331078840114043,-2.0
vanderpol_mu2,16,0.05,2,linear_weak,x*y,1,0.0,0.0
vanderpol_mu2,16,0.05,2,linear_weak,x*y*y,1,0.0,0.0
vanderpol_mu2,16,0.05,2,linear_weak,y,1,2.0140390477506473,2.0
vanderpol_mu2,16,0.05,2,linear_weak,y*y,1,0.0,0.0
vanderpol_mu2,16,0.05,2,linear_weak,y*y*y,1,0.0,0.0
vanderpol_mu2,16,0.05,2,raw_weak,1,0,0.0,0.0
vanderpol_mu2,16,0.05,2,raw_weak,x,0,0.0,0.0
vanderpol_mu2,16,0.05,2,raw_weak,x*x,0,0.0,0.0
vanderpol_mu2,16,0.05,2,raw_weak,x*x*x,0,0.0,0.0
vanderpol_mu2,16,0.05,2,raw_weak,x*x*y,0,0.0,0.0
vanderpol_mu2,16,0.05,2,raw_weak,x*y,0,0.0,0.0
vanderpol_mu2,16,0.05,2,raw_weak,x*y*y,0,0.0,0.0
vanderpol_mu2,16,0.05,2,raw_weak,y,0,1.005291065631803,1.0
vanderpol_mu2,16,0.05,2,raw_weak,y*y,0,0.0,0.0
vanderpol_mu2,16,0.05,2,raw_weak,y*y*y,0,0.0,0.0
vanderpol_mu2,16,0.05,2,raw_weak,1,1,0.0,0.0
vanderpol_mu2,16,0.05,2,raw_weak,x,1,-1.00126977808869,-1.0
vanderpol_mu2,16,0.05,2,raw_weak,x*x,1,0.0,0.0
vanderpol_mu2,16,0.05,2,raw_weak,x*x*x,1,0.0,0.0
vanderpol_mu2,16,0.05,2,raw_weak,x*x*y,1,-2.0452299971463144,-2.0
vanderpol_mu2,16,0.05,2,raw_weak,x*y,1,0.0,0.0
vanderpol_mu2,16,0.05,2,raw_weak,x*y*y,1,0.0,0.0
vanderpol_mu2,16,0.05,2,raw_weak,y,1,2.031962881075152,2.0
vanderpol_mu2,16,0.05,2,raw_weak,y*y,1,0.0,0.0
vanderpol_mu2,16,0.05,2,raw_weak,y*y*y,1,0.0,0.0
vanderpol_mu2,16,0.05,2,tv_weak,1,0,0.0,0.0
vanderpol_mu2,16,0.05,2,tv_weak,x,0,0.0,0.0
vanderpol_mu2,16,0.05,2,tv_weak,x*x,0,0.0,0.0
vanderpol_mu2,16,0.05,2,tv_weak,x*x*x,0,0.0,0.0
vanderpol_mu2,16,0.05,2,tv_weak,x*x*y,0,0.0,0.0
vanderpol_mu2,16,0.05,2,tv_weak,x*y,0,0.0,0.0
vanderpol_mu2,16,0.05,2,tv_weak,x*y*y,0,0.0,0.0
vanderpol_mu2,16,0.05,2,tv_weak,y,0,1.0040882069142898,1.0
vanderpol_mu2,16,0.05,2,tv_weak,y*y,0,0.0,0.0
vanderpol_mu2,16,0.05,2,tv_weak,y*y*y,0,0.0,0.0
vanderpol_mu2,16,0.05,2,tv_weak,1,1,0.0,0.0
vanderpol_mu2,16,0.05,2,tv_weak,x,1,-1.0062324548667765,-1.0
vanderpol_mu2,16,0.05,2,tv_weak,x*x,1,0.0,0.0
vanderpol_mu2,16,0.05,2,tv_weak,x*x*x,1,0.0,0.0
vanderpol_mu2,16,0.05,2,tv_weak,x*x*y,1,-2.044427764075376,-2.0
vanderpol_mu2,16,0.05,2,tv_weak,x*y,1,0.0,0.0
vanderpol_mu2,16,0.05,2,tv_weak,x*y*y,1,0.0,0.0
vanderpol_mu2,16,0.05,2,tv_weak,y,1,2.0032085315279007,2.0
vanderpol_mu2,16,0.05,2,tv_weak,y*y,1,0.0,0.0
vanderpol_mu2,16,0.05,2,tv_weak,y*y*y,1,0.0,0.0
vanderpol_mu2,16,0.05,3,edmd_weak,1,0,0.0,0.0
vanderpol_mu2,16,0.05,3,edmd_weak,x,0,0.0,0.0
vanderpol_mu2,16,0.05,3,edmd_weak,x*x,0,0.0,0.0
vanderpol_mu2,16,0.05,3,edmd_weak,x*x*x,0,0.0,0.0
vanderpol_mu2,16,0.05,3,edmd_weak,x*x*y,0,0.0,0.0
vanderpol_mu2,16,0.05,3,edmd_weak,x*y,0,0.0,0.0
vanderpol_mu2,16,0.05,3,edmd_weak,x*y*y,0,0.0,0.0
vanderpol_mu2,16,0.05,3,edmd_weak,y,0,1.00092864375214,1.0
vanderpol_mu2,16,0.05,3,edmd_weak,y*y,0,0.0,0.0
vanderpol_mu2,16,0.05,3,edmd_weak,y*y*y,0,0.0,0.0
vanderpol_mu2,16,0.05,3,edmd_weak,1,1,0.0,0.0
vanderpol_mu2,16,0.05,3,edmd_weak,x,1,-0.9892639094364165,-1.0
vanderpol_mu2,16,0.05,3,edmd_weak,x*x,1,0.0,0.0
vanderpol_mu2,16,0.05,3,edmd_weak,x*x*x,1,0.0,0.0
vanderpol_mu2,16,0.05,3,edmd_weak,x*x*y,1,-1.9745014668628869,-2.0
vanderpol_mu2,16,0.05,3,edmd_weak,x*y,1,0.0,0.0
vanderpol_mu2,16,0.05,3,edmd_weak,x*y*y,1,0.0,0.0
vanderpol_mu2,16,0.05,3,edmd_weak,y,1,1.997568874659243,2.0
vanderpol_mu2,16,0.05,3,edmd_weak,y*y,1,0.0,0.0
vanderpol_mu2,16,0.05,3,edmd_weak,y*y*y,1,0.0,0.0
vanderpol_mu2,16,0.05,3,linear_weak,1,0,0.0,0.0
vanderpol_mu2,16,0.05,3,linear_weak,x,0,0.0,0.0
vanderpol_mu2,16,0.05,3,linear_weak,x*x,0,0.0,0.0
vanderpol_mu2,16,0.05,3,linear_weak,x*x*x,0,0.0,0.0
vanderpol_mu2,16,0.05,3,linear_weak,x*x*y,0,0.0,0.0
vanderpol_mu2,16,0.05,3,linear_weak,x*y,0,0.0,0.0
vanderpol_mu2,16,0.05,3,linear_weak,x*y*y,0,0.0,0.0
vanderpol_mu2,16,0.05,3,linear_weak,y,0,1.000357328010017,1.0
vanderpol_mu2,16,0.05,3,linear_weak,y*y,0,0.0,0.0
vanderpol_mu2,16,0.05,3,linear_weak,y*y*y,0,0.0,0.0
vanderpol_mu2,16,0.05,3,linear_weak,1,1,0.0,0.0
vanderpol_mu2,16,0.05,3,linear_weak,x,1,-0.9804997167768383,-1.0
vanderpol_mu2,16,0.05,3,linear_weak,x*x,1,0.0,0.0
vanderpol_mu2,16,0.05,3,linear_weak,x*x*x,1,0.0,0.0
vanderpol_mu2,16,0.05,3,linear_weak,x*x*y,1,-1.9390954451445135,-2.0
vanderpol_mu2,16,0.05,3,linear_weak,x*y,1,0.0,0.0
vanderpol_mu2,16,0.05,3,linear_weak,x*y*y,1,0.0,0.0
vanderpol_mu2,16,0.05,3,linear_weak,y,1,1.964658781741726,2.0
vanderpol_mu2,16,0.05,3,linear_weak,y*y,1,0.0,0.0
vanderpol_mu2,16,0.05,3,linear_weak,y*y*y,1,0.0,0.0
vanderpol_mu2,16,0.05,3,raw_weak,1,0,0.0,0.0
vanderpol_mu2,16,0.05,3,raw_weak,x,0,0.0,0.0
vanderpol_mu2,16,0.05,3,raw_weak,x*x,0,0.0,0.0
vanderpol_mu2,16,0.05,3,raw_weak,x*x*x,0,0.0,0.0
vanderpol_mu2,16,0.05,3,raw_weak,x*x*y,0,0.0,0.0
vanderpol_mu2,16,0.05,3,raw_weak,x*y,0,0.0,0.0
vanderpol_mu2,16,0.05,3,raw_weak,x*y*y,0,0.0,0.0
vanderpol_mu2,16,0.05,3,raw_weak,y,0,1.000357328010017,1.0
vanderpol_mu2,16,0.05,3,raw_weak,y*y,0,0.0,0.0
vanderpol_mu2,16,0.05,3,raw_weak,y*y*y,0,0.0,0.0
vanderpol_mu2,16,0.05,3,raw_weak,1,1,0.0,0.0
vanderpol_mu2,16,0.05,3,raw_weak,x,1,-0.9826117859688683,-1.0
vanderpol_mu2,16,0.05,3,raw_weak,x*x,1,0.0,0.0
vanderpol_mu2,16,0.05,3,raw_weak,x*x*x,1,0.0,0.0
vanderpol_mu2,16,0.05,3,raw_weak,x*x*y,1,-1.9478750862733898,-2.0
vanderpol_mu2,16,0.05,3,raw_weak,x*y,1,0.0,0.0
vanderpol_mu2,16,0.05,3,raw_weak,x*y*y,1,0.0,0.0
vanderpol_mu2,16,0.05,3,raw_weak,y,1,1.9812924785561141,2.0
vanderpol_mu2,16,0.05,3,raw_weak,y*y,1,0.0,0.0
vanderpol_mu2,16,0.05,3,raw_weak,y*y*y,1,0.0,0.0
vanderpol_mu2,16,0.05,3,tv_weak,1,0,0.0,0.0
vanderpol_mu2,16,0.05,3,tv_weak,x,0,0.0,0.0
vanderpol_mu2,16,0.05,3,tv_weak,x*x,0,0.0,0.0
vanderpol_mu2,16,0.05,3,tv_weak,x*x*x,0,0.0,0.0
vanderpol_mu2,16,0.05,3,tv_weak,x*x*y,0,0.0,0.0
vanderpol_mu2,16,0.05,3,tv_weak,x*y,0,0.0,0.0
vanderpol_mu2,16,0.05,3,tv_weak,x*y*y,0,0.0,0.0
vanderpol_mu2,16,0.05,3,tv_weak,y,0,0.9992860432658162,1.0
vanderpol_mu2,16,0.05,3,tv_weak,y*y,0,0.0,0.0
vanderpol_mu2,16,0.05,3,tv_weak,y*y*y,0,0.0,0.0
vanderpol_mu2,16,0.05,3,tv_weak,1,1,0.0,0.0
vanderpol_mu2,16,0.05,3,tv_weak,x,1,-0.9890952879475392,-1.0
vanderpol_mu2,16,0.05,3,tv_weak,x*x,1,0.0,0.0
vanderpol_mu2,16,0.05,3,tv_weak,x*x*x,1,0.0,0.0
vanderpol_mu2,16,0.05,3,tv_weak,x*x*y,1,-1.9527510177841068,-2.0
vanderpol_mu2,16,0.05,3,tv_weak,x*y,1,0.0,0.0
vanderpol_mu2,16,0.05,3,tv_weak,x*y*y,1,0.0,0.0
vanderpol_mu2,16,0.05,3,tv_weak,y,1,1.9635229406899255,2.0
vanderpol_mu2,16,0.05,3,tv_weak,y*y,1,0.0,0.0
vanderpol_mu2,16,0.05,3,tv_weak,y*y*y,1,0.0,0.0
vanderpol_mu2,16,0.05,4,edmd_weak,1,0,0.0,0.0
vanderpol_mu2,16,0.05,4,edmd_weak,x,0,0.0,0.0
vanderpol_mu2,16,0.05,4,edmd_weak,x*x,0,0.0,0.0
vanderpol_mu2,16,0.05,4,edmd_weak,x*x*x,0,0.0,0.0
vanderpol_mu2,16,0.05,4,edmd_weak,x*x*y,0,0.0,0.0
vanderpol_mu2,16,0.05,4,edmd_weak,x*y,0,0.0,0.0
vanderpol_mu2,16,0.05,4,edmd_weak,x*y*y,0,0.0,0.0
vanderpol_mu2,16,0.05,4,edmd_weak,y,0,1.0002506397495798,1.0
vanderpol_mu2,16,0.05,4,edmd_weak,y*y,0,0.0,0.0
vanderpol_mu2,16,0.05,4,edmd_weak,y*y*y,0,0.0,0.0
vanderpol_mu2,16,0.05,4,edmd_weak,1,1,0.0,0.0
vanderpol_mu2,16,0.05,4,edmd_weak,x,1,-0.9982579522547212,-1.0
vanderpol_mu2,16,0.05,4,edmd_weak,x*x,1,0.0,0.0
vanderpol_mu2,16,0.05,4,edmd_weak,x*x*x,1,0.0,0.0
vanderpol_mu2,16,0.05,4,edmd_weak,x*x*y,1,-2.031584887807453,-2.0
vanderpol_mu2,16,0.05,4,edmd_weak,x*y,1,0.0,0.0
vanderpol_mu2,16,0.05,4,edmd_weak,x*y*y,1,0.0,0.0
vanderpol_mu2,16,0.05,4,edmd_weak,y,1,1.9755189480855018,2.0
vanderpol_mu2,16,0.05,4,edmd_weak,y*y,1,0.0,0.0
vanderpol_mu2,16,0.05,4,edmd_weak,y*y*y,1,0.0,0.0
vanderpol_mu2,16,0.05,4,linear_weak,1,0,0.0,0.0
vanderpol_mu2,16,0.05,4,linear_weak,x,0,0.0,0.0
vanderpol_mu2,16,0.05,4,linear_weak,x*x,0,0.0,0.0
vanderpol_mu2,16,0.05,4,linear_weak,x*x*x,0,0.0,0.0
vanderpol_mu2,16,0.05,4,linear_weak,x*x*y,0,0.0,0.0
vanderpol_mu2,16,0.05,4,linear_weak,x*y,0,0.0,0.0
vanderpol_mu2,16,0.05,4,linear_weak,x*y*y,0,0.0,0.0
vanderpol_mu2,16,0.05,4,linear_weak,y,0,0.9996450455273019,1.0
vanderpol_mu2,16,0.05,4,linear_weak,y*y,0,0.0,0.0
vanderpol_mu2,16,0.05,4,linear_weak,y*y*y,0,0.0,0.0
vanderpol_mu2,16,0.05,4,linear_weak,1,1,0.0,0.0
vanderpol_mu2,16,0.05,4,linear_weak,x,1,-0.9935233619337295,-1.0
vanderpol_mu2,16,0.05,4,linear_weak,x*x,1,0.0,0.0
vanderpol_mu2,16,0.05,4,linear_weak,x*x*x,1,0.0,0.0
vanderpol_mu2,16,0.05,4,linear_weak,x*x*y,1,-2.0044297822523505,-2.0
vanderpol_mu2,16,0.05,4,linear_weak,x*y,1,0.0,0.0
vanderpol_mu2,16,0.05,4,linear_weak,x*y*y,1,0.0,0.0
vanderpol_mu2,16,0.05,4,linear_weak,y,1,1.9476940744720748,2.0
vanderpol_mu2,16,0.05,4,linear_weak,y*y,1,0.0,0.0
vanderpol_mu2,16,0.05,4,linear_weak,y*y*y,1,0.0,0.0
vanderpol_mu2,16,0.05,4,raw_weak,1,0,0.0,0.0
vanderpol_mu2,16,0.05,4,raw_weak,x,0,0.0,0.0
vanderpol_mu2,16,0.05,4,raw_weak,x*x,0,0.0,0.0
vanderpol_mu2,16,0.05,4,raw_weak,x*x*x,0,0.0,0.0
vanderpol_mu2,16,0.05,4,raw_weak,x*x*y,0,0.0,0.0
vanderpol_mu2,16,0.05,4,raw_weak,x*y,0,0.0,0.0
vanderpol_mu2,16,0.05,4,raw_weak,x*y*y,0,0.0,0.0
vanderpol_mu2,16,0.05,4,raw_weak,y,0,0.9996450455273017,1.0
vanderpol_mu2,16,0.05,4,raw_weak,y*y,0,0.0,0.0
vanderpol_mu2,16,0.05,4,raw_weak,y*y*y,0,0.0,0.0
vanderpol_mu2,16,0.05,4,raw_weak,1,1,0.0,0.0
vanderpol_mu2,16,0.05,4,raw_weak,x,1,-0.9966651082729782,-1.0
vanderpol_mu2,16,0.05,4,raw_weak,x*x,1,0.0,0.0
vanderpol_mu2,16,0.05,4,raw_weak,x*x*x,1,0.0,0.0
vanderpol_mu2,16,0.05,4,raw_weak,x*x*y,1,-2.016014649354681,-2.0
vanderpol_mu2,16,0.05,4,raw_weak,x*y,1,0.0,0.0
vanderpol_mu2,16,0.05,4,raw_weak,x*y*y,1,0.0,0.0
vanderpol_mu2,16,0.05,4,raw_weak,y,1,1.9654471686210022,2.0
vanderpol_mu2,16,0.05,4,raw_weak,y*y,1,0.0,0.0
vanderpol_mu2,16,0.05,4,raw_weak,y*y*y,1,0.0,0.0
vanderpol_mu2,16,0.05,4,tv_weak,1,0,0.0,0.0
vanderpol_mu2,16,0.05,4,tv_weak,x,0,0.0,0.0
vanderpol_mu2,16,0.05,4,tv_weak,x*x,0,0.0,0.0
vanderpol_mu2,16,0.05,4,tv_weak,x*x*x,0,0.0,0.0
vanderpol_mu2,16,0.05,4,tv_weak,x*x*y,0,0.0,0.0
vanderpol_mu2,16,0.05,4,tv_weak,x*y,0,0.0,0.0
vanderpol_mu2,16,0.05,4,tv_weak,x*y*y,0,0.0,0.0
vanderpol_mu2,16,0.05,4,tv_weak,y,0,0.9984869477482241,1.0
vanderpol_mu2,16,0.05,4,tv_weak,y*y,0,0.0,0.0
vanderpol_mu2,16,0.05,4,tv_weak,y*y*y,0,0.0,0.0
vanderpol_mu2,16,0.05,4,tv_weak,1,1,0.0,0.0
vanderpol_mu2,16,0.05,4,tv_weak,x,1,-1.0033957058613692,-1.0
vanderpol_mu2,16,0.05,4,tv_weak,x*x,1,0.0,0.0
vanderpol_mu2,16,0.05,4,tv_weak,x*x*x,1,0.0,0.0
vanderpol_mu2,16,0.05,4,tv_weak,x*x*y,1,-2.0199395923405374,-2.0
vanderpol_mu2,16,0.05,4,tv_weak,x*y,1,0.0,0.0
vanderpol_mu2,16,0.05,4,tv_weak,x*y*y,1,0.0,0.0
vanderpol_mu2,16,0.05,4,tv_weak,y,1,1.948049664474996,2.0
vanderpol_mu2,16,0.05,4,tv_weak,y*y,1,0.0,0.0
vanderpol_mu2,16,0.05,4,tv_weak,y*y*y,1,0.0,0.0
vanderpol_mu2,16,0.1,0,edmd_weak,1,0,0.0,0.0
vanderpol_mu2,16,0.1,0,edmd_weak,x,0,0.0,0.0
vanderpol_mu2,16,0.1,0,edmd_weak,x*x,0,0.0,0.0
vanderpol_mu2,16,0.1,0,edmd_weak,x*x*x,0,0.0,0.0
vanderpol_mu2,16,0.1,0,edmd_weak,x*x*y,0,0.0,0.0
vanderpol_mu2,16,0.1,0,edmd_weak,x*y,0,0.0,0.0
vanderpol_mu2,16,0.1,0,edmd_weak,x*y*y,0,0.0,0.0
vanderpol_mu2,16,0.1,0,edmd_weak,y,0,1.001023477291237,1.0
vanderpol_mu2,16,0.1,0,edmd_weak,y*y,0,0.0,0.0
vanderpol_mu2,16,0.1,0,edmd_weak,y*y*y,0,0.0,0.0
vanderpol_mu2,16,0.1,0,edmd_weak,1,1,0.0,0.0
vanderpol_mu2,16,0.1,0,edmd_weak,x,1,-1.0072295561161038,-1.0
vanderpol_mu2,16,0.1,0,edmd_weak,x*x,1,0.0,0.0
vanderpol_mu2,16,0.1,0,edmd_weak,x*x*x,1,0.0,0.0
vanderpol_mu2,16,0.1,0,edmd_weak,x*x*y,1,-1.9519031145530084,-2.0
vanderpol_mu2,16,0.1,0,edmd_weak,x*y,1,0.0,0.0
vanderpol_mu2,16,0.1,0,edmd_weak,x*y*y,1,0.0,0.0
vanderpol_mu2,16,0.1,0,edmd_weak,y,1,2.0536662722091092,2.0
vanderpol_mu2,16,0.1,0,edmd_weak,y*y,1,0.0,0.0
vanderpol_mu2,16,0.1,0,edmd_weak,y*y*y,1,0.0,0.0
vanderpol_mu2,16,0.1,0,linear_weak,1,0,0.0,0.0
vanderpol_mu2,16,0.1,0,linear_weak,x,0,0.0,0.0
vanderpol_mu2,16,0.1,0,linear_weak,x*x,0,0.0,0.0
vanderpol_mu2,16,0.1,0,linear_weak,x*x*x,0,0.0,0.0
vanderpol_mu2,16,0.1,0,linear_weak,x*x*y,0,0.0,0.0
vanderpol_mu2,16,0.1,0,linear_weak,x*y,0,0.0,0.0
vanderpol_mu2,16,0.1,0,linear_weak,x*y*y,0,0.0,0.0
vanderpol_mu2,16,0.1,0,linear_weak,y,0,0.9999104555330753,1.0
vanderpol_mu2,16,0.1,0,linear_weak,y*y,0,0.0,0.0
vanderpol_mu2,16,0.1,0,linear_weak,y*y*y,0,0.0,0.0
vanderpol_mu2,16,0.1,0,linear_weak,1,1,0.0,0.0
vanderpol_mu2,16,0.1,0,linear_weak,x,1,0.0,-1.0
vanderpol_mu2,16,0.1,0,linear_weak,x*x,1,0.0,0.0
vanderpol_mu2,16,0.1,0,linear_weak,x*x*x,1,0.0,0.0
vanderpol_mu2,16,0.1,0,linear_weak,x*x*y,1,-1.1945609345885602,-2.0
vanderpol_mu2,16,0.1,0,linear_weak,x*y,1,0.0,0.0
vanderpol_mu2,16,0.1,0,linear_weak,x*y*y,1,0.0,0.0
vanderpol_mu2,16,0.1,0,linear_weak,y,1,1.2803980716551824,2.0
vanderpol_mu2,16,0.1,0,linear_weak,y*y,1,0.0,0.0
vanderpol_mu2,16,0.1,0,linear_weak,y*y*y,1,0.0,0.0
vanderpol_mu2,16,0.1,0,raw_weak,1,0,0.0,0.0
vanderpol_mu2,16,0.1,0,raw_weak,x,0,0.0,0.0
vanderpol_mu2,16,0.1,0,raw_weak,x*x,0,0.0,0.0
vanderpol_mu2,16,0.1,0,raw_weak,x*x*x,0,0.0,0.0
vanderpol_mu2,16,0.1,0,raw_weak,x*x*y,0,0.0,0.0
vanderpol_mu2,16,0.1,0,raw_weak,x*y,0,0.0,0.0
vanderpol_mu2,16,0.1,0,raw_weak,x*y*y,0,0.0,0.0
vanderpol_mu2,16,0.1,0,raw_weak,y,0,0.9999104555330749,1.0
vanderpol_mu2,16,0.1,0,raw_weak,y*y,0,0.0,0.0
vanderpol_mu2,16,0.1,0,raw_weak,y*y*y,0,0.0,0.0
vanderpol_mu2,16,0.1,0,raw_weak,1,1,0.0,0.0
vanderpol_mu2,16,0.1,0,raw_weak,x,1,0.0,-1.0
vanderpol_mu2,16,0.1,0,raw_weak,x*x,1,0.0,0.0
vanderpol_mu2,16,0.1,0,raw_weak,x*x*x,1,0.0,0.0
vanderpol_mu2,16,0.1,0,raw_weak,x*x*y,1,-1.1913933339646516,-2.0
vanderpol_mu2,16,0.1,0,raw_weak,x*y,1,0.0,0.0
vanderpol_mu2,16,0.1,0,raw_weak,x*y*y,1,0.0,0.0
vanderpol_mu2,16,0.1,0,raw_weak,y,1,1.2869977010305316,2.0
vanderpol_mu2,16,0.1,0,raw_weak,y*y,1,0.0,0.0
vanderpol_mu2,16,0.1,0,raw_weak,y*y*y,1,0.0,0.0
vanderpol_mu2,16,0.1,0,tv_weak,1,0,0.0,0.0
vanderpol_mu2,16,0.1,0,tv_weak,x,0,0.0,0.0
vanderpol_mu2,16,0.1,0,tv_weak,x*x,0,0.0,0.0
vanderpol_mu2,16,0.1,0,tv_weak,x*x*x,0,0.0,0.0
vanderpol_mu2,16,0.1,0,tv_weak,x*x*y,0,0.0,0.0
vanderpol_mu2,16,0.1,0,tv_weak,x*y,0,0.0,0.0
vanderpol_mu2,16,0.1,0,tv_weak,x*y*y,0,0.0,0.0
vanderpol_mu2,16,0.1,0,tv_weak,y,0,0.9990706729990684,1.0
vanderpol_mu2,16,0.1,0,tv_weak,y*y,0,0.0,0.0
vanderpol_mu2,16,0.1,0,tv_weak,y*y*y,0,0.0,0.0
vanderpol_mu2,16,0.1,0,tv_weak,1,1,0.0,0.0
vanderpol_mu2,16,0.1,0,tv_weak,x,1,-1.0011258236121532,-1.0
vanderpol_mu2,16,0.1,0,tv_weak,x*x,1,0.0,0.0
vanderpol_mu2,16,0.1,0,tv_weak,x*x*x,1,0.0,0.0
vanderpol_mu2,16,0.1,0,tv_weak,x*x*y,1,-1.8857587469151302,-2.0
vanderpol_mu2,16,0.1,0,tv_weak,x*y,1,0.0,0.0
vanderpol_mu2,16,0.1,0,tv_weak,x*y*y,1,0.0,0.0
vanderpol_mu2,16,0.1,0,tv_weak,y,1,1.9574895633721168,2.0
vanderpol_mu2,16,0.1,0,tv_weak,y*y,1,0.0,0.0
vanderpol_mu2,16,0.1,0,tv_weak,y*y*y,1,0.0,0.0
vanderpol_mu2,16,0.1,1,edmd_weak,1,0,0.0,0.0
vanderpol_mu2,16,0.1,1,edmd_weak,x,0,0.0,0.0
vanderpol_mu2,16,0.1,1,edmd_weak,x*x,0,0.0,0.0
vanderpol_mu2,16,0.1,1,edmd_weak,x*x*x,0,0.0,0.0
vanderpol_mu2,16,0.1,1,edmd_weak,x*x*y,0,0.0,0.0
vanderpol_mu2,16,0.1,1,edmd_weak,x*y,0,0.0,0.0
vanderpol_mu2,16,0.1,1,edmd_weak,x*y*y,0,0.0,0.0
vanderpol_mu2,16,0.1,1,edmd_weak,y,0,0.992020652415378,1.0
vanderpol_mu2,16,0.1,1,edmd_weak,y*y,0,0.0,0.0
vanderpol_mu2,16,0.1,1,edmd_weak,y*y*y,0,0.0,0.0
vanderpol_mu2,16,0.1,1,edmd_weak,1,1,0.0,0.0
vanderpol_mu2,16,0.1,1,edmd_weak,x,1,-0.9336938157833546,-1.0
vanderpol_mu2,16,0.1,1,edmd_weak,x*x,1,0.0,0.0
vanderpol_mu2,16,0.1,1,edmd_weak,x*x*x,1,0.0,0.0
vanderpol_mu2,16,0.1,1,edmd_weak,x*x*y,1,-1.9888826398263184,-2.0
vanderpol_mu2,16,0.1,1,edmd_weak,x*y,1,0.0,0.0
vanderpol_mu2,16,0.1,1,edmd_weak,x*y*y,1,0.0,0.0
vanderpol_mu2,16,0.1,1,edmd_weak,y,1,2.0213315874389153,2.0
vanderpol_mu2,16,0.1,1,edmd_weak,y*y,1,0.0,0.0
vanderpol_mu2,16,0.1,1,edmd_weak,y*y*y,1,0.0,0.0
vanderpol_mu2,16,0.1,1,linear_weak,1,0,0.0,0.0
vanderpol_mu2,16,0.1,1,linear_weak,x,0,0.0,0.0
vanderpol_mu2,16,0.1,1,linear_weak,x*x,0,0.0,0.0
vanderpol_mu2,16,0.1,1,linear_weak,x*x*x,0,0.0,0.0
vanderpol_mu2,16,0.1,1,linear_weak,x*x*y,0,0.0,0.0
vanderpol_mu2,16,0.1,1,linear_weak,x*y,0,0.0,0.0
vanderpol_mu2,16,0.1,1,linear_weak,x*y*y,0,0.0,0.0
vanderpol_mu2,16,0.1,1,linear_weak,y,0,0.9866851553514933,1.0
vanderpol_mu2,16,0.1,1,linear_weak,y*y,0,0.0,0.0
vanderpol_mu2,16,0.1,1,linear_weak,y*y*y,0,0.0,0.0
vanderpol_mu2,16,0.1,1,linear_weak,1,1,0.0,0.0
vanderpol_mu2,16,0.1,1,linear_weak,x,1,-0.9206233305592096,-1.0
vanderpol_mu2,16,0.1,1,linear_weak,x*x,1,0.0,0.0
vanderpol_mu2,16,0.1,1,linear_weak,x*x*x,1,0.0,0.0
vanderpol_mu2,16,0.1,1,linear_weak,x*x*y,1,-1.8816491092162844,-2.0
vanderpol_mu2,16,0.1,1,linear_weak,x*y,1,0.0,0.0
vanderpol_mu2,16,0.1,1,linear_weak,x*y*y,1,0.0,0.0
vanderpol_mu2,16,0.1,1,linear_weak,y,1,1.9175087640575754,2.0
vanderpol_mu2,16,0.1,1,linear_weak,y*y,1,0.0,0.0
vanderpol_mu2,16,0.1,1,linear_weak,y*y*y,1,0.0,0.0
vanderpol_mu2,16,0.1,1,raw_weak,1,0,0.0,0.0
vanderpol_mu2,16,0.1,1,raw_weak,x,0,0.0,0.0
vanderpol_mu2,16,0.1,1,raw_weak,x*x,0,0.0,0.0
vanderpol_mu2,16,0.1,1,raw_weak,x*x*x,0,0.0,0.0
vanderpol_mu2,16,0.1,1,raw_weak,x*x*y,0,0.0,0.0
vanderpol_mu2,16,0.1,1,raw_weak,x*y,0,0.0,0.0
vanderpol_mu2,16,0.1,1,raw_weak,x*y*y,0,0.0,0.0
vanderpol_mu2,16,0.1,1,raw_weak,y,0,0.9866851553514929,1.0
vanderpol_mu2,16,0.1,1,raw_weak,y*y,0,0.0,0.0
vanderpol_mu2,16,0.1,1,raw_weak,y*y*y,0,0.0,0.0
vanderpol_mu2,16,0.1,1,raw_weak,1,1,0.0,0.0
vanderpol_mu2,16,0.1,1,raw_weak,x,1,-0.9256629307485106,-1.0
vanderpol_mu2,16,0.1,1,raw_weak,x*x,1,0.0,0.0
vanderpol_mu2,16,0.1,1,raw_weak,x*x*x,1,0.0,0.0
vanderpol_mu2,16,0.1,1,raw_weak,x*x*y,1,-1.892123090573256,-2.0
vanderpol_mu2,16,0.1,1,raw_weak,x*y,1,0.0,0.0
vanderpol_mu2,16,0.1,1,raw_weak,x*y*y,1,0.0,0.0
vanderpol_mu2,16,0.1,1,raw_weak,y,1,1.9452137513157168,2.0
vanderpol_mu2,16,0.1,1,raw_weak,y*y,1,0.0,0.0
vanderpol_mu2,16,0.1,1,raw_weak,y*y*y,1,0.0,0.0
vanderpol_mu2,16,0.1,1,tv_weak,1,0,0.0,0.0
vanderpol_mu2,16,0.1,1,tv_weak,x,0,0.0,0.0
vanderpol_mu2,16,0.1,1,tv_weak,x*x,0,0.0,0.0
vanderpol_mu2,16,0.1,1,tv_weak,x*x*x,0,0.0,0.0
vanderpol_mu2,16,0.1,1,tv_weak,x*x*y,0,0.0,0.0
vanderpol_mu2,16,0.1,1,tv_weak,x*y,0,0.0,0.0
vanderpol_mu2,16,0.1,1,tv_weak,x*y*y,0,0.0,0.0
vanderpol_mu2,16,0.1,1,tv_weak,y,0,0.9859108234001012,1.0
vanderpol_mu2,16,0.1,1,tv_weak,y*y,0,0.0,0.0
vanderpol_mu2,16,0.1,1,tv_weak,y*y*y,0,0.0,0.0
vanderpol_mu2,16,0.1,1,tv_weak,1,1,0.0,0.0
vanderpol_mu2,16,0.1,1,tv_weak,x,1,-0.9259329520739538,-1.0
vanderpol_mu2,16,0.1,1,tv_weak,x*x,1,0.0,0.0
vanderpol_mu2,16,0.1,1,tv_weak,x*x*x,1,0.0,0.0
vanderpol_mu2,16,0.1,1,tv_weak,x*x*y,1,-1.8907516414187862,-2.0
vanderpol_mu2,16,0.1,1,tv_weak,x*y,1,0.0,0.0
vanderpol_mu2,16,0.1,1,tv_weak,x*y*y,1,0.0,0.0
vanderpol_mu2,16,0.1,1,tv_weak,y,1,1.8910246008039981,2.0
vanderpol_mu2,16,0.1,1,tv_weak,y*y,1,0.0,0.0
vanderpol_mu2,16,0.1,1,tv_weak,y*y*y,1,0.0,0.0
vanderpol_mu2,16,0.1,2,edmd_weak,1,0,0.0,0.0
vanderpol_mu2,16,0.1,2,edmd_weak,x,0,0.0,0.0
vanderpol_mu2,16,0.1,2,edmd_weak,x*x,0,0.0,0.0
vanderpol_mu2,16,0.1,2,edmd_weak,x*x*x,0,0.0,0.0
vanderpol_mu2,16,0.1,2,edmd_weak,x*x*y,0,0.0,0.0
vanderpol_mu2,16,0.1,2,edmd_weak,x*y,0,0.0,0.0
vanderpol_mu2,16,0.1,2,edmd_weak,x*y*y,0,0.0,0.0
vanderpol_mu2,16,0.1,2,edmd_weak,y,0,0.9959629480107648,1.0
vanderpol_mu2,16,0.1,2,edmd_weak,y*y,0,0.0,0.0
vanderpol_mu2,16,0.1,2,edmd_weak,y*y*y,0,0.0,0.0
vanderpol_mu2,16,0.1,2,edmd_weak,1,1,-0.12415027177906429,0.0
vanderpol_mu2,16,0.1,2,edmd_weak,x,1,-1.0781069232238347,-1.0
vanderpol_mu2,16,0.1,2,edmd_weak,x*x,1,0.0,0.0
vanderpol_mu2,16,0.1,2,edmd_weak,x*x*x,1,0.0,0.0
vanderpol_mu2,16,0.1,2,edmd_weak,x*x*y,1,-2.0600659241999675,-2.0
vanderpol_mu2,16,0.1,2,edmd_weak,x*y,1,0.0,0.0
vanderpol_mu2,16,0.1,2,edmd_weak,x*y*y,1,0.0,0.0
vanderpol_mu2,16,0.1,2,edmd_weak,y,1,2.044521954868464,2.0
vanderpol_mu2,16,0.1,2,edmd_weak,y*y,1,0.0,0.0
vanderpol_mu2,16,0.1,2,edmd_weak,y*y*y,1,0.0,0.0
vanderpol_mu2,16,0.1,2,linear_weak,1,0,0.0,0.0
vanderpol_mu2,16,0.1,2,linear_weak,x,0,0.0,0.0
vanderpol_mu2,16,0.1,2,linear_weak,x*x,0,0.0,0.0
vanderpol_mu2,16,0.1,2,linear_weak,x*x*x,0,0.0,0.0
vanderpol_mu2,16,0.1,2,linear_weak,x*x*y,0,0.0,0.0
vanderpol_mu2,16,0.1,2,linear_weak,x*y,0,0.0,0.0
vanderpol_mu2,16,0.1,2,linear_weak,x*y*y,0,0.0,0.0
vanderpol_mu2,16,0.1,2,linear_weak,y,0,0.9927074257489144,1.0
vanderpol_mu2,16,0.1,2,linear_weak,y*y,0,0.0,0.0
vanderpol_mu2,16,0.1,2,linear_weak,y*y*y,0,0.0,0.0
vanderpol_mu2,16,0.1,2,linear_weak,1,1,-0.11656959112676117,0.0
vanderpol_mu2,16,0.1,2,linear_weak,x,1,-1.071363062859777,-1.0
vanderpol_mu2,16,0.1,2,linear_weak,x*x,1,0.0,0.0
vanderpol_mu2,16,0.1,2,linear_weak,x*x*x,1,0.0,0.0
vanderpol_mu2,16,0.1,2,linear_weak,x*x*y,1,-1.9779564333640922,-2.0
vanderpol_mu2,16,0.1,2,linear_weak,x*y,1,0.0,0.0
vanderpol_mu2,16,0.1,2,linear_weak,x*y*y,1,0.0,0.0
vanderpol_mu2,16,0.1,2,linear_weak,y,1,1.9528523791059418,2.0
vanderpol_mu2,16,0.1,2,linear_weak,y*y,1,0.0,0.0
vanderpol_mu2,16,0.1,2,linear_weak,y*y*y,1,0.0,0.0
vanderpol_mu2,16,0.1,2,raw_weak,1,0,0.0,0.0
vanderpol_mu2,16,0.1,2,raw_weak,x,0,0.0,0.0
vanderpol_mu2,16,0.1,2,raw_weak,x*x,0,0.0,0.0
vanderpol_mu2,16,0.1,2,raw_weak,x*x*x,0,0.0,0.0
vanderpol_mu2,16,0.1,2,raw_weak,x*x*y,0,0.0,0.0
vanderpol_mu2,16,0.1,2,raw_weak,x*y,0,0.0,0.0
vanderpol_mu2,16,0.1,2,raw_weak,x*y*y,0,0.0,0.0
vanderpol_mu2,16,0.1,2,raw_weak,y,0,0.9927074257489147,1.0
vanderpol_mu2,16,0.1,2,raw_weak,y*y,0,0.0,0.0
vanderpol_mu2,16,0.1,2,raw_weak,y*y*y,0,0.0,0.0
vanderpol_mu2,16,0.1,2,raw_weak,1,1,-0.11824294251721645,0.0
vanderpol_mu2,16,0.1,2,raw_weak,x,1,-0.770257590295345,-1.0
vanderpol_mu2,16,0.1,2,raw_weak,x*x,1,0.0,0.0
vanderpol_mu2,16,0.1,2,raw_weak,x*x*x,1,-0.10526393553695675,0.0
vanderpol_mu2,16,0.1,2,raw_weak,x*x*y,1,-2.009050821027244,-2.0
vanderpol_mu2,16,0.1,2,raw_weak,x*y,1,0.0,0.0
vanderpol_mu2,16,0.1,2,raw_weak,x*y*y,1,0.0,0.0
vanderpol_mu2,16,0.1,2,raw_weak,y,1,2.037912441893345,2.0
vanderpol_mu2,16,0.1,2,raw_weak,y*y,1,0.0,0.0
vanderpol_mu2,16,0.1,2,raw_weak,y*y*y,1,0.0,0.0
vanderpol_mu2,16,0.1,2,tv_weak,1,0,0.0,0.0
vanderpol_mu2,16,0.1,2,tv_weak,x,0,0.0,0.0
vanderpol_mu2,16,0.1,2,tv_weak,x*x,0,0.0,0.0
vanderpol_mu2,16,0.1,2,tv_weak,x*x*x,0,0.0,0.0
vanderpol_mu2,16,0.1,2,tv_weak,x*x*y,0,0.0,0.0
vanderpol_mu2,16,0.1,2,tv_weak,x*y,0,0.0,0.0
vanderpol_mu2,16,0.1,2,tv_weak,x*y*y,0,0.0,0.0
vanderpol_mu2,16,0.1,2,tv_weak,y,0,0.9921247653436022,1.0
vanderpol_mu2,16,0.1,2,tv_weak,y*y,0,0.0,0.0
vanderpol_mu2,16,0.1,2,tv_weak,y*y*y,0,0.0,0.0
vanderpol_mu2,16,0.1,2,tv_weak,1,1,-0.12170821878307127,0.0
vanderpol_mu2,16,0.1,2,tv_weak,x,1,-1.0720001318142098,-1.0
vanderpol_mu2,16,0.1,2,tv_weak,x*x,1,0.0,0.0
vanderpol_mu2,16,0.1,2,tv_weak,x*x*x,1,0.0,0.0
vanderpol_mu2,16,0.1,2,tv_weak,x*x*y,1,-1.9965927736682554,-2.0
vanderpol_mu2,16,0.1,2,tv_weak,x*y,1,0.0,0.0
vanderpol_mu2,16,0.1,2,tv_weak,x*y*y,1,0.0,0.0
vanderpol_mu2,16,0.1,2,tv_weak,y,1,1.947662447358337,2.0
vanderpol_mu2,16,0.1,2,tv_weak,y*y,1,0.0,0.0
vanderpol_mu2,16,0.1,2,tv_weak,y*y*y,1,0.0,0.0
vanderpol_mu2,16,0.1,3,edmd_weak,1,0,0.0,0.0
vanderpol_mu2,16,0.1,3,edmd_weak,x,0,0.0,0.0
vanderpol_mu2,16,0.1,3,edmd_weak,x*x,0,0.0,0.0
vanderpol_mu2,16,0.1,3,edmd_weak,x*x*x,0,0.0,0.0
vanderpol_mu2,16,0.1,3,edmd_weak,x*x*y,0,0.0,0.0
vanderpol_mu2,16,0.1,3,edmd_weak,x*y,0,0.0,0.0
vanderpol_mu2,16,0.1,3,edmd_weak,x*y*y,0,0.0,0.0
vanderpol_mu2,16,0.1,3,edmd_weak,y,0,1.0039764600654262,1.0
vanderpol_mu2,16,0.1,3,edmd_weak,y*y,0,0.0,0.0
vanderpol_mu2,16,0.1,3,edmd_weak,y*y*y,0,0.0,0.0
vanderpol_mu2,16,0.1,3,edmd_weak,1,1,0.0,0.0
vanderpol_mu2,16,0.1,3,edmd_weak,x,1,-1.0000850999386788,-1.0
vanderpol_mu2,16,0.1,3,edmd_weak,x*x,1,0.0,0.0
vanderpol_mu2,16,0.1,3,edmd_weak,x*x*x,1,0.0,0.0
vanderpol_mu2,16,0.1,3,edmd_weak,x*x*y,1,-2.0234633041785997,-2.0
vanderpol_mu2,16,0.1,3,edmd_weak,x*y,1,0.0,0.0
vanderpol_mu2,16,0.1,3,edmd_weak,x*y*y,1,0.0,0.0
vanderpol_mu2,16,0.1,3,edmd_weak,y,1,2.001569339330613,2.0
vanderpol_mu2,16,0.1,3,edmd_weak,y*y,1,0.0,0.0
vanderpol_mu2,16,0.1,3,edmd_weak,y*y*y,1,0.0,0.0
vanderpol_mu2,16,0.1,3,linear_weak,1,0,0.0,0.0
vanderpol_mu2,16,0.1,3,linear_weak,x,0,0.0,0.0
vanderpol_mu2,16,0.1,3,linear_weak,x*x,0,0.0,0.0
vanderpol_mu2,16,0.1,3,linear_weak,x*x*x,0,0.0,0.0
vanderpol_mu2,16,0.1,3,linear_weak,x*x*y,0,0.0,0.0
vanderpol_mu2,16,0.1,3,linear_weak,x*y,0,0.0,0.0
vanderpol_mu2,16,0.1,3,linear_weak,x*y*y,0,0.0,0.0
vanderpol_mu2,16,0.1,3,linear_weak,y,0,1.0009534852314994,1.0
vanderpol_mu2,16,0.1,3,linear_weak,y*y,0,0.0,0.0
vanderpol_mu2,16,0.1,3,linear_weak,y*y*y,0,0.0,0.0
vanderpol_mu2,16,0.1,3,linear_weak,1,1,0.0,0.0
vanderpol_mu2,16,0.1,3,linear_weak,x,1,-0.9962501419154927,-1.0
vanderpol_mu2,16,0.1,3,linear_weak,x*x,1,0.0,0.0
vanderpol_mu2,16,0.1,3,linear_weak,x*x*x,1,0.0,0.0
vanderpol_mu2,16,0.1,3,linear_weak,x*x*y,1,-1.9184133775992773,-2.0
vanderpol_mu2,16,0.1,3,linear_weak,x*y,1,0.0,0.0
vanderpol_mu2,16,0.1,3,linear_weak,x*y*y,1,0.0,0.0
vanderpol_mu2,16,0.1,3,linear_weak,y,1,1.9026100053707498,2.0
vanderpol_mu2,16,0.1,3,linear_weak,y*y,1,0.0,0.0
vanderpol_mu2,16,0.1,3,linear_weak,y*y*y,1,0.0,0.0
vanderpol_mu2,16,0.1,3,raw_weak,1,0,0.0,0.0
vanderpol_mu2,16,0.1,3,raw_weak,x,0,0.0,0.0
vanderpol_mu2,16,0.1,3,raw_weak,x*x,0,0.0,0.0
vanderpol_mu2,16,0.1,3,raw_weak,x*x*x,0,0.0,0.0
vanderpol_mu2,16,0.1,3,raw_weak,x*x*y,0,0.0,0.0
vanderpol_mu2,16,0.1,3,raw_weak,x*y,0,0.0,0.0
vanderpol_mu2,16,0.1,3,raw_weak,x*y*y,0,0.0,0.0
vanderpol_mu2,16,0.1,3,raw_weak,y,0,1.000953485231499,1.0
vanderpol_mu2,16,0.1,3,raw_weak,y*y,0,0.0,0.0
vanderpol_mu2,16,0.1,3,raw_weak,y*y*y,0,0.0,0.0
vanderpol_mu2,16,0.1,3,raw_weak,1,1,0.0,0.0
vanderpol_mu2,16,0.1,3,raw_weak,x,1,-1.0013302698209885,-1.0
vanderpol_mu2,16,0.1,3,raw_weak,x*x,1,0.0,0.0
vanderpol_mu2,16,0.1,3,raw_weak,x*x*x,1,0.0,0.0
vanderpol_mu2,16,0.1,3,raw_weak,x*x*y,1,-1.9315392261377156,-2.0
vanderpol_mu2,16,0.1,3,raw_weak,x*y,1,0.0,0.0
vanderpol_mu2,16,0.1,3,raw_weak,x*y*y,1,0.0,0.0
vanderpol_mu2,16,0.1,3,raw_weak,y,1,1.9281989586704826,2.0
vanderpol_mu2,16,0.1,3,raw_weak,y*y,1,0.0,0.0
vanderpol_mu2,16,0.1,3,raw_weak,y*y*y,1,0.0,0.0
vanderpol_mu2,16,0.1,3,tv_weak,1,0,0.0,0.0
vanderpol_mu2,16,0.1,3,tv_weak,x,0,0.0,0.0
vanderpol_mu2,16,0.1,3,tv_weak,x*x,0,0.0,0.0
vanderpol_mu2,16,0.1,3,tv_weak,x*x*x,0,0.0,0.0
vanderpol_mu2,16,0.1,3,tv_weak,x*x*y,0,0.0,0.0
vanderpol_mu2,16,0.1,3,tv_weak,x*y,0,0.0,0.0
vanderpol_mu2,16,0.1,3,tv_weak,x*y*y,0,0.0,0.0
vanderpol_mu2,16,0.1,3,tv_weak,y,0,1.000170927277593,1.0
vanderpol_mu2,16,0.1,3,tv_weak,y*y,0,0.0,0.0
vanderpol_mu2,16,0.1,3,tv_weak,y*y*y,0,0.0,0.0
vanderpol_mu2,16,0.1,3,tv_weak,1,1,0.0,0.0
vanderpol_mu2,16,0.1,3,tv_weak,x,1,-1.0076592740571206,-1.0
vanderpol_mu2,16,0.1,3,tv_weak,x*x,1,0.0,0.0
vanderpol_mu2,16,0.1,3,tv_weak,x*x*x,1,0.0,0.0
vanderpol_mu2,16,0.1,3,tv_weak,x*x*y,1,-1.9232703246605822,-2.0
vanderpol_mu2,16,0.1,3,tv_weak,x*y,1,0.0,0.0
vanderpol_mu2,16,0.1,3,tv_weak,x*y*y,1,0.0,0.0
vanderpol_mu2,16,0.1,3,tv_weak,y,1,1.888731569711741,2.0
vanderpol_mu2,16,0.1,3,tv_weak,y*y,1,0.0,0.0
vanderpol_mu2,16,0.1,3,tv_weak,y*y*y,1,0.0,0.0
vanderpol_mu2,16,0.1,4,edmd_weak,1,0,0.0,0.0
vanderpol_mu2,16,0.1,4,edmd_weak,x,0,0.0,0.0
vanderpol_mu2,16,0.1,4,edmd_weak,x*x,0,0.0,0.0
vanderpol_mu2,16,0.1,4,edmd_weak,x*x*x,0,0.0,0.0
vanderpol_mu2,16,0.1,4,edmd_weak,x*x*y,0,0.0,0.0
vanderpol_mu2,16,0.1,4,edmd_weak,x*y,0,0.0,0.0
vanderpol_mu2,16,0.1,4,edmd_weak,x*y*y,0,0.0,0.0
vanderpol_mu2,16,0.1,4,edmd_weak,y,0,1.0136034600192483,1.0
vanderpol_mu2,16,0.1,4,edmd_weak,y*y,0,0.0,0.0
vanderpol_mu2,16,0.1,4,edmd_weak,y*y*y,0,0.0,0.0
vanderpol_mu2,16,0.1,4,edmd_weak,1,1,0.0,0.0
vanderpol_mu2,16,0.1,4,edmd_weak,x,1,-1.0227371705284967,-1.0
vanderpol_mu2,16,0.1,4,edmd_weak,x*x,1,0.0,0.0
vanderpol_mu2,16,0.1,4,edmd_weak,x*x*x,1,0.0,0.0
vanderpol_mu2,16,0.1,4,edmd_weak,x*x*y,1,-2.1343009126926793,-2.0
vanderpol_mu2,16,0.1,4,edmd_weak,x*y,1,0.0,0.0
vanderpol_mu2,16,0.1,4,edmd_weak,x*y*y,1,0.0,0.0
vanderpol_mu2,16,0.1,4,edmd_weak,y,1,2.059735903657192,2.0
vanderpol_mu2,16,0.1,4,edmd_weak,y*y,1,0.0,0.0
vanderpol_mu2,16,0.1,4,edmd_weak,y*y*y,1,0.0,0.0
vanderpol_mu2,16,0.1,4,linear_weak,1,0,0.0,0.0
vanderpol_mu2,16,0.1,4,linear_weak,x,0,0.0,0.0
vanderpol_mu2,16,0.1,4,linear_weak,x*x,0,0.0,0.0
vanderpol_mu2,16,0.1,4,linear_weak,x*x*x,0,0.0,0.0
vanderpol_mu2,16,0.1,4,linear_weak,x*x*y,0,0.0,0.0
vanderpol_mu2,16,0.1,4,linear_weak,x*y,0,0.0,0.0
vanderpol_mu2,16,0.1,4,linear_weak,x*y*y,0,0.0,0.0
vanderpol_mu2,16,0.1,4,linear_weak,y,0,1.0100418157250166,1.0
vanderpol_mu2,16,0.1,4,linear_weak,y*y,0,0.0,0.0
vanderpol_mu2,16,0.1,4,linear_weak,y*y*y,0,0.0,0.0
vanderpol_mu2,16,0.1,4,linear_weak,1,1,0.0,0.0
vanderpol_mu2,16,0.1,4,linear_weak,x,1,-1.0032926884360482,-1.0
vanderpol_mu2,16,0.1,4,linear_weak,x*x,1,0.0,0.0
vanderpol_mu2,16,0.1,4,linear_weak,x*x*x,1,0.0,0.0
vanderpol_mu2,16,0.1,4,linear_weak,x*x*y,1,-2.02190222795661,-2.0
vanderpol_mu2,16,0.1,4,linear_weak,x*y,1,0.0,0.0
vanderpol_mu2,16,0.1,4,linear_weak,x*y*y,1,0.0,0.0
vanderpol_mu2,16,0.1,4,linear_weak,y,1,1.9576663902136082,2.0
vanderpol_mu2,16,0.1,4,linear_weak,y*y,1,0.0,0.0
vanderpol_mu2,16,0.1,4,linear_weak,y*y*y,1,0.0,0.0
vanderpol_mu2,16,0.1,4,raw_weak,1,0,0.0,0.0
vanderpol_mu2,16,0.1,4,raw_weak,x,0,0.0,0.0
vanderpol_mu2,16,0.1,4,raw_weak,x*x,0,0.0,0.0
vanderpol_mu2,16,0.1,4,raw_weak,x*x*x,0,0.0,0.0
vanderpol_mu2,16,0.1,4,raw_weak,x*x*y,0,0.0,0.0
vanderpol_mu2,16,0.1,4,raw_weak,x*y,0,0.0,0.0
vanderpol_mu2,16,0.1,4,raw_weak,x*y*y,0,0.0,0.0
vanderpol_mu2,16,0.1,4,raw_weak,y,0,1.0100418157250162,1.0
vanderpol_mu2,16,0.1,4,raw_weak,y*y,0,0.0,0.0
vanderpol_mu2,16,0.1,4,raw_weak,y*y*y,0,0.0,0.0
vanderpol_mu2,16,0.1,4,raw_weak,1,1,0.0,0.0
vanderpol_mu2,16,0.1,4,raw_weak,x,1,-1.0112958817627333,-1.0
vanderpol_mu2,16,0.1,4,raw_weak,x*x,1,0.0,0.0
vanderpol_mu2,16,0.1,4,raw_weak,x*x*x,1,0.0,0.0
vanderpol_mu2,16,0.1,4,raw_weak,x*x*y,1,-2.02952102629086,-2.0
vanderpol_mu2,16,0.1,4,raw_weak,x*y,1,0.0,0.0
vanderpol_mu2,16,0.1,4,raw_weak,x*y*y,1,0.0,0.0
vanderpol_mu2,16,0.1,4,raw_weak,y,1,1.9808346569317274,2.0
vanderpol_mu2,16,0.1,4,raw_weak,y*y,1,0.0,0.0
vanderpol_mu2,16,0.1,4,raw_weak,y*y*y,1,0.0,0.0
vanderpol_mu2,16,0.1,4,tv_weak,1,0,0.0,0.0
vanderpol_mu2,16,0.1,4,tv_weak,x,0,0.0,0.0
vanderpol_mu2,16,0.1,4,tv_weak,x*x,0,0.0,0.0
vanderpol_mu2,16,0.1,4,tv_weak,x*x*x,0,0.0,0.0
vanderpol_mu2,16,0.1,4,tv_weak,x*x*y,0,0.0,0.0
vanderpol_mu2,16,0.1,4,tv_weak,x*y,0,0.0,0.0
vanderpol_mu2,16,0.1,4,tv_weak,x*y*y,0,0.0,0.0
vanderpol_mu2,16,0.1,4,tv_weak,y,0,1.009359739291892,1.0
vanderpol_mu2,16,0.1,4,tv_weak,y*y,0,0.0,0.0
vanderpol_mu2,16,0.1,4,tv_weak,y*y*y,0,0.0,0.0
vanderpol_mu2,16,0.1,4,tv_weak,1,1,0.0,0.0
vanderpol_mu2,16,0.1,4,tv_weak,x,1,-1.0123220803687332,-1.0
vanderpol_mu2,16,0.1,4,tv_weak,x*x,1,0.0,0.0
vanderpol_mu2,16,0.1,4,tv_weak,x*x*x,1,0.0,0.0
vanderpol_mu2,16,0.1,4,tv_weak,x*x*y,1,-2.0458241535304946,-2.0
vanderpol_mu2,16,0.1,4,tv_weak,x*y,1,0.0,0.0
vanderpol_mu2,16,0.1,4,tv_weak,x*y*y,1,0.0,0.0
vanderpol_mu2,16,0.1,4,tv_weak,y,1,1.9559948375121872,2.0
vanderpol_mu2,16,0.1,4,tv_weak,y*y,1,0.0,0.0
vanderpol_mu2,16,0.1,4,tv_weak,y*y*y,1,0.0,0.0
vanderpol_mu2,16,0.2,0,edmd_weak,1,0,0.0,0.0
vanderpol_mu2,16,0.2,0,edmd_weak,x,0,0.0,0.0
vanderpol_mu2,16,0.2,0,edmd_weak,x*x,0,0.0,0.0
vanderpol_mu2,16,0.2,0,edmd_weak,x*x*x,0,0.0,0.0
vanderpol_mu2,16,0.2,0,edmd_weak,x*x*y,0,0.0,0.0
vanderpol_mu2,16,0.2,0,edmd_weak,x*y,0,0.0,0.0
vanderpol_mu2,16,0.2,0,edmd_weak,x*y*y,0,0.0,0.0
vanderpol_mu2,16,0.2,0,edmd_weak,y,0,1.007693380578012,1.0
vanderpol_mu2,16,0.2,0,edmd_weak,y*y,0,0.0,0.0
vanderpol_mu2,16,0.2,0,edmd_weak,y*y*y,0,0.0,0.0
vanderpol_mu2,16,0.2,0,edmd_weak,1,1,0.0,0.0
vanderpol_mu2,16,0.2,0,edmd_weak,x,1,-0.5899478938470306,-1.0
vanderpol_mu2,16,0.2,0,edmd_weak,x*x,1,0.0,0.0
vanderpol_mu2,16,0.2,0,edmd_weak,x*x*x,1,0.0,0.0
vanderpol_mu2,16,0.2,0,edmd_weak,x*x*y,1,-0.9776232709890266,-2.0
vanderpol_mu2,16,0.2,0,edmd_weak,x*y,1,0.0,0.0
vanderpol_mu2,16,0.2,0,edmd_weak,x*y*y,1,-1.0107175283722962,0.0
vanderpol_mu2,16,0.2,0,edmd_weak,y,1,0.0,2.0
vanderpol_mu2,16,0.2,0,edmd_weak,y*y,1,0.0,0.0
vanderpol_mu2,16,0.2,0,edmd_weak,y*y*y,1,0.3053126963466043,0.0
vanderpol_mu2,16,0.2,0,linear_weak,1,0,0.0,0.0
vanderpol_mu2,16,0.2,0,linear_weak,x,0,0.0,0.0
vanderpol_mu2,16,0.2,0,linear_weak,x*x,0,0.0,0.0
vanderpol_mu2,16,0.2,0,linear_weak,x*x*x,0,0.0,0.0
vanderpol_mu2,16,0.2,0,linear_weak,x*x*y,0,0.0,0.0
vanderpol_mu2,16,0.2,0,linear_weak,x*y,0,0.0,0.0
vanderpol_mu2,16,0.2,0,linear_weak,x*y*y,0,0.0,0.0
vanderpol_mu2,16,0.2,0,linear_weak,y,0,0.9997928111340422,1.0
vanderpol_mu2,16,0.2,0,linear_weak,y*y,0,0.0,0.0
vanderpol_mu2,16,0.2,0,linear_weak,y*y*y,0,0.0,0.0
vanderpol_mu2,16,0.2,0,linear_weak,1,1,0.0,0.0
vanderpol_mu2,16,0.2,0,linear_weak,x,1,-0.9734153807377564,-1.0
vanderpol_mu2,16,0.2,0,linear_weak,x*x,1,0.0,0.0
vanderpol_mu2,16,0.2,0,linear_weak,x*x*x,1,0.0,0.0
vanderpol_mu2,16,0.2,0,linear_weak,x*x*y,1,-1.7238894365681916,-2.0
vanderpol_mu2,16,0.2,0,linear_weak,x*y,1,0.0,0.0
vanderpol_mu2,16,0.2,0,linear_weak,x*y*y,1,0.0,0.0
vanderpol_mu2,16,0.2,0,linear_weak,y,1,1.717787753262351,2.0
vanderpol_mu2,16,0.2,0,linear_weak,y*y,1,0.0,0.0
vanderpol_mu2,16,0.2,0,linear_weak,y*y*y,1,0.0,0.0
vanderpol_mu2,16,0.2,0,raw_weak,1,0,0.0,0.0
vanderpol_mu2,16,0.2,0,raw_weak,x,0,0.0,0.0
vanderpol_mu2,16,0.2,0,raw_weak,x*x,0,0.0,0.0
vanderpol_mu2,16,0.2,0,raw_weak,x*x*x,0,0.0,0.0
vanderpol_mu2,16,0.2,0,raw_weak,x*x*y,0,0.0,0.0
vanderpol_mu2,16,0.2,0,raw_weak,x*y,0,0.0,0.0
vanderpol_mu2,16,0.2,0,raw_weak,x*y*y,0,0.0,0.0
vanderpol_mu2,16,0.2,0,raw_weak,y,0,0.9997928111340421,1.0
vanderpol_mu2,16,0.2,0,raw_weak,y*y,0,0.0,0.0
vanderpol_mu2,16,0.2,0,raw_weak,y*y*y,0,0.0,0.0
vanderpol_mu2,16,0.2,0,raw_weak,1,1,0.0,0.0
vanderpol_mu2,16,0.2,0,raw_weak,x,1,-0.9880737902507196,-1.0
vanderpol_mu2,16,0.2,0,raw_weak,x*x,1,0.0,0.0
vanderpol_mu2,16,0.2,0,raw_weak,x*x*x,1,0.0,0.0
vanderpol_mu2,16,0.2,0,raw_weak,x*x*y,1,-1.743572498373062,-2.0
vanderpol_mu2,16,0.2,0,raw_weak,x*y,1,0.0,0.0
vanderpol_mu2,16,0.2,0,raw_weak,x*y*y,1,0.0,0.0
vanderpol_mu2,16,0.2,0,raw_weak,y,1,1.7790624079781074,2.0
vanderpol_mu2,16,0.2,0,raw_weak,y*y,1,0.0,0.0
vanderpol_mu2,16,0.2,0,raw_weak,y*y*y,1,0.0,0.0
vanderpol_mu2,16,0.2,0,tv_weak,1,0,0.0,0.0
vanderpol_mu2,16,0.2,0,tv_weak,x,0,0.0,0.0
vanderpol_mu2,16,0.2,0,tv_weak,x*x,0,0.0,0.0
vanderpol_mu2,16,0.2,0,tv_weak,x*x*x,0,0.0,0.0
vanderpol_mu2,16,0.2,0,tv_weak,x*x*y,0,0.0,0.0
vanderpol_mu2,16,0.2,0,tv_weak,x*y,0,0.0,0.0
vanderpol_mu2,16,0.2,0,tv_weak,x*y*y,0,0.0,0.0
vanderpol_mu2,16,0.2,0,tv_weak,y,0,0.9996919657862433,1.0
vanderpol_mu2,16,0.2,0,tv_weak,y*y,0,0.0,0.0
vanderpol_mu2,16,0.2,0,tv_weak,y*y*y,0,0.0,0.0
vanderpol_mu2,16,0.2,0,tv_weak,1,1,0.0,0.0
vanderpol_mu2,16,0.2,0,tv_weak,x,1,-0.9472625080114354,-1.0
vanderpol_mu2,16,0.2,0,tv_weak,x*x,1,0.0,0.0
vanderpol_mu2,16,0.2,0,tv_weak,x*x*x,1,0.0,0.0
vanderpol_mu2,16,0.2,0,tv_weak,x*x*y,1,-1.7121451566216788,-2.0
vanderpol_mu2,16,0.2,0,tv_weak,x*y,1,0.0,0.0
vanderpol_mu2,16,0.2,0,tv_weak,x*y*y,1,0.0,0.0
vanderpol_mu2,16,0.2,0,tv_weak,y,1,1.657966011370188,2.0
vanderpol_mu2,16,0.2,0,tv_weak,y*y,1,0.0,0.0
vanderpol_mu2,16,0.2,0,tv_weak,y*y*y,1,0.0,0.0
vanderpol_mu2,16,0.2,1,edmd_weak,1,0,0.0,0.0
vanderpol_mu2,16,0.2,1,edmd_weak,x,0,0.0,0.0
vanderpol_mu2,16,0.2,1,edmd_weak,x*x,0,0.0,0.0
vanderpol_mu2,16,0.2,1,edmd_weak,x*x*x,0,0.0,0.0
vanderpol_mu2,16,0.2,1,edmd_weak,x*x*y,0,0.0,0.0
vanderpol_mu2,16,0.2,1,edmd_weak,x*y,0,0.0,0.0
vanderpol_mu2,16,0.2,1,edmd_weak,x*y*y,0,0.0,0.0
vanderpol_mu2,16,0.2,1,edmd_weak,y,0,1.002846096860052,1.0
vanderpol_mu2,16,0.2,1,edmd_weak,y*y,0,0.0,0.0
vanderpol_mu2,16,0.2,1,edmd_weak,y*y*y,0,0.0,0.0
vanderpol_mu2,16,0.2,1,edmd_weak,1,1,0.0,0.0
vanderpol_mu2,16,0.2,1,edmd_weak,x,1,0.0,-1.0
vanderpol_mu2,16,0.2,1,edmd_weak,x*x,1,0.0,0.0
vanderpol_mu2,16,0.2,1,edmd_weak,x*x*x,1,0.0,0.0
vanderpol_mu2,16,0.2,1,edmd_weak,x*x*y,1,-0.6551169885151215,-2.0
vanderpol_mu2,16,0.2,1,edmd_weak,x*y,1,0.0,0.0
vanderpol_mu2,16,0.2,1,edmd_weak,x*y*y,1,-0.7698748724041505,0.0
vanderpol_mu2,16,0.2,1,edmd_weak,y,1,1.696955151162986,2.0
vanderpol_mu2,16,0.2,1,edmd_weak,y*y,1,0.0,0.0
vanderpol_mu2,16,0.2,1,edmd_weak,y*y*y,1,0.0,0.0
vanderpol_mu2,16,0.2,1,linear_weak,1,0,0.0,0.0
vanderpol_mu2,16,0.2,1,linear_weak,x,0,0.0,0.0
vanderpol_mu2,16,0.2,1,linear_weak,x*x,0,0.0,0.0
vanderpol_mu2,16,0.2,1,linear_weak,x*x*x,0,0.0,0.0
vanderpol_mu2,16,0.2,1,linear_weak,x*x*y,0,0.0,0.0
vanderpol_mu2,16,0.2,1,linear_weak,x*y,0,0.0,0.0
vanderpol_mu2,16,0.2,1,linear_weak,x*y*y,0,0.0,0.0
vanderpol_mu2,16,0.2,1,linear_weak,y,0,0.9971162539523964,1.0
vanderpol_mu2,16,0.2,1,linear_weak,y*y,0,0.0,0.0
vanderpol_mu2,16,0.2,1,linear_weak,y*y*y,0,0.0,0.0
vanderpol_mu2,16,0.2,1,linear_weak,1,1,0.0,0.0
vanderpol_mu2,16,0.2,1,linear_weak,x,1,-0.9756326559716941,-1.0
vanderpol_mu2,16,0.2,1,linear_weak,x*x,1,0.0,0.0
vanderpol_mu2,16,0.2,1,linear_weak,x*x*x,1,0.0,0.0
vanderpol_mu2,16,0.2,1,linear_weak,x*x*y,1,-1.473495338472578,-2.0
vanderpol_mu2,16,0.2,1,linear_weak,x*y,1,0.0,0.0
vanderpol_mu2,16,0.2,1,linear_weak,x*y*y,1,0.0,0.0
vanderpol_mu2,16,0.2,1,linear_weak,y,1,1.5037119374282304,2.0
vanderpol_mu2,16,0.2,1,linear_weak,y*y,1,0.0,0.0
vanderpol_mu2,16,0.2,1,linear_weak,y*y*y,1,0.0,0.0
vanderpol_mu2,16,0.2,1,raw_weak,1,0,0.0,0.0
vanderpol_mu2,16,0.2,1,raw_weak,x,0,0.0,0.0
vanderpol_mu2,16,0.2,1,raw_weak,x*x,0,0.0,0.0
vanderpol_mu2,16,0.2,1,raw_weak,x*x*x,0,0.0,0.0
vanderpol_mu2,16,0.2,1,raw_weak,x*x*y,0,0.0,0.0
vanderpol_mu2,16,0.2,1,raw_weak,x*y,0,0.0,0.0
vanderpol_mu2,16,0.2,1,raw_weak,x*y*y,0,0.0,0.0
vanderpol_mu2,16,0.2,1,raw_weak,y,0,0.9971162539523962,1.0
vanderpol_mu2,16,0.2,1,raw_weak,y*y,0,0.0,0.0
vanderpol_mu2,16,0.2,1,raw_weak,y*y*y,0,0.0,0.0
vanderpol_mu2,16,0.2,1,raw_weak,1,1,0.0,0.0
vanderpol_mu2,16,0.2,1,raw_weak,x,1,-0.9611441218174716,-1.0
vanderpol_mu2,16,0.2,1,raw_weak,x*x,1,0.0,0.0
vanderpol_mu2,16,0.2,1,raw_weak,x*x*x,1,0.0,0.0
vanderpol_mu2,16,0.2,1,raw_weak,x*x*y,1,-1.4449246010960937,-2.0
vanderpol_mu2,16,0.2,1,raw_weak,x*y,1,0.0,0.0
vanderpol_mu2,16,0.2,1,raw_weak,x*y*y,1,0.0,0.0
vanderpol_mu2,16,0.2,1,raw_weak,y,1,1.5125936492333465,2.0
vanderpol_mu2,16,0.2,1,raw_weak,y*y,1,0.0,0.0
vanderpol_mu2,16,0.2,1,raw_weak,y*y*y,1,0.0,0.0
vanderpol_mu2,16,0.2,1,tv_weak,1,0,0.0,0.0
vanderpol_mu2,16,0.2,1,tv_weak,x,0,0.0,0.0
vanderpol_mu2,16,0.2,1,tv_weak,x*x,0,0.0,0.0
vanderpol_mu2,16,0.2,1,tv_weak,x*x*x,0,0.0,0.0
vanderpol_mu2,16,0.2,1,tv_weak,x*x*y,0,0.0,0.0
vanderpol_mu2,16,0.2,1,tv_weak,x*y,0,0.0,0.0
vanderpol_mu2,16,0.2,1,tv_weak,x*y*y,0,0.0,0.0
vanderpol_mu2,16,0.2,1,tv_weak,y,0,0.9967056710457886,1.0
vanderpol_mu2,16,0.2,1,tv_weak,y*y,0,0.0,0.0
vanderpol_mu2,16,0.2,1,tv_weak,y*y*y,0,0.0,0.0
vanderpol_mu2,16,0.2,1,tv_weak,1,1,0.0,0.0
vanderpol_mu2,16,0.2,1,tv_weak,x,1,-0.6388873150463399,-1.0
vanderpol_mu2,16,0.2,1,tv_weak,x*x,1,0.0,0.0
vanderpol_mu2,16,0.2,1,tv_weak,x*x*x,1,0.0,0.0
vanderpol_mu2,16,0.2,1,tv_weak,x*x*y,1,-0.6859848481890017,-2.0
vanderpol_mu2,16,0.2,1,tv_weak,x*y,1,0.0,0.0
vanderpol_mu2,16,0.2,1,tv_weak,x*y*y,1,-1.002464150224967,0.0
vanderpol_mu2,16,0.2,1,tv_weak,y,1,-0.3802320572097386,2.0
vanderpol_mu2,16,0.2,1,tv_weak,y*y,1,0.0,0.0
vanderpol_mu2,16,0.2,1,tv_weak,y*y*y,1,0.3430587312150674,0.0
vanderpol_mu2,16,0.2,2,edmd_weak,1,0,0.0,0.0
vanderpol_mu2,16,0.2,2,edmd_weak,x,0,0.0,0.0
vanderpol_mu2,16,0.2,2,edmd_weak,x*x,0,0.0,0.0
vanderpol_mu2,16,0.2,2,edmd_weak,x*x*x,0,0.0,0.0
vanderpol_mu2,16,0.2,2,edmd_weak,x*x*y,0,0.0,0.0
vanderpol_mu2,16,0.2,2,edmd_weak,x*y,0,0.0,0.0
vanderpol_mu2,16,0.2,2,edmd_weak,x*y*y,0,0.0,0.0
vanderpol_mu2,16,0.2,2,edmd_weak,y,0,1.037612215230237,1.0
vanderpol_mu2,16,0.2,2,edmd_weak,y*y,0,0.0,0.0
vanderpol_mu2,16,0.2,2,edmd_weak,y*y*y,0,0.0,0.0
vanderpol_mu2,16,0.2,2,edmd_weak,1,1,0.0,0.0
vanderpol_mu2,16,0.2,2,edmd_weak,x,1,0.0,-1.0
vanderpol_mu2,16,0.2,2,edmd_weak,x*x,1,0.0,0.0
vanderpol_mu2,16,0.2,2,edmd_weak,x*x*x,1,0.0,0.0
vanderpol_mu2,16,0.2,2,edmd_weak,x*x*y,1,-1.0878874524811009,-2.0
vanderpol_mu2,16,0.2,2,edmd_weak,x*y,1,0.0,0.0
vanderpol_mu2,16,0.2,2,edmd_weak,x*y*y,1,0.0,0.0
vanderpol_mu2,16,0.2,2,edmd_weak,y,1,1.1730435835974866,2.0
vanderpol_mu2,16,0.2,2,edmd_weak,y*y,1,0.0,0.0
vanderpol_mu2,16,0.2,2,edmd_weak,y*y*y,1,0.0,0.0
vanderpol_mu2,16,0.2,2,linear_weak,1,0,0.0,0.0
vanderpol_mu2,16,0.2,2,linear_weak,x,0,0.0,0.0
vanderpol_mu2,16,0.2,2,linear_weak,x*x,0,0.0,0.0
vanderpol_mu2,16,0.2,2,linear_weak,x*x*x,0,0.0,0.0
vanderpol_mu2,16,0.2,2,linear_weak,x*x*y,0,0.0,0.0
vanderpol_mu2,16,0.2,2,linear_weak,x*y,0,0.0,0.0
vanderpol_mu2,16,0.2,2,linear_weak,x*y*y,0,0.0,0.0
vanderpol_mu2,16,0.2,2,linear_weak,y,0,1.024289879408568,1.0
vanderpol_mu2,16,0.2,2,linear_weak,y*y,0,0.0,0.0
vanderpol_mu2,16,0.2,2,linear_weak,y*y*y,0,0.0,0.0
vanderpol_mu2,16,0.2,2,linear_weak,1,1,0.0,0.0
vanderpol_mu2,16,0.2,2,linear_weak,x,1,-0.8211835699154408,-1.0
vanderpol_mu2,16,0.2,2,linear_weak,x*x,1,0.0,0.0
vanderpol_mu2,16,0.2,2,linear_weak,x*x*x,1,0.0,0.0
vanderpol_mu2,16,0.2,2,linear_weak,x*x*y,1,-1.5880136709510153,-2.0
vanderpol_mu2,16,0.2,2,linear_weak,x*y,1,0.0,0.0
vanderpol_mu2,16,0.2,2,linear_weak,x*y*y,1,-0.11742929527652557,0.0
vanderpol_mu2,16,0.2,2,linear_weak,y,1,1.9302385764679242,2.0
vanderpol_mu2,16,0.2,2,linear_weak,y*y,1,0.0,0.0
vanderpol_mu2,16,0.2,2,linear_weak,y*y*y,1,0.0,0.0
vanderpol_mu2,16,0.2,2,raw_weak,1,0,0.0,0.0
vanderpol_mu2,16,0.2,2,raw_weak,x,0,0.0,0.0
vanderpol_mu2,16,0.2,2,raw_weak,x*x,0,0.0,0.0
vanderpol_mu2,16,0.2,2,raw_weak,x*x*x,0,0.0,0.0
vanderpol_mu2,16,0.2,2,raw_weak,x*x*y,0,0.0,0.0
vanderpol_mu2,16,0.2,2,raw_weak,x*y,0,0.0,0.0
vanderpol_mu2,16,0.2,2,raw_weak,x*y*y,0,0.0,0.0
vanderpol_mu2,16,0.2,2,raw_weak,y,0,1.0242898794085675,1.0
vanderpol_mu2,16,0.2,2,raw_weak,y*y,0,0.0,0.0
vanderpol_mu2,16,0.2,2,raw_weak,y*y*y,0,0.0,0.0
vanderpol_mu2,16,0.2,2,raw_weak,1,1,0.0,0.0
vanderpol_mu2,16,0.2,2,raw_weak,x,1,0.0,-1.0
vanderpol_mu2,16,0.2,2,raw_weak,x*x,1,0.0,0.0
vanderpol_mu2,16,0.2,2,raw_weak,x*x*x,1,0.0,0.0
vanderpol_mu2,16,0.2,2,raw_weak,x*x*y,1,-0.9598385411499809,-2.0
vanderpol_mu2,16,0.2,2,raw_weak,x*y,1,0.0,0.0
vanderpol_mu2,16,0.2,2,raw_weak,x*y*y,1,-0.7355956889746348,0.0
vanderpol_mu2,16,0.2,2,raw_weak,y,1,2.2027965461077517,2.0
vanderpol_mu2,16,0.2,2,raw_weak,y*y,1,0.0,0.0
vanderpol_mu2,16,0.2,2,raw_weak,y*y*y,1,0.0,0.0
vanderpol_mu2,16,0.2,2,tv_weak,1,0,0.0,0.0
vanderpol_mu2,16,0.2,2,tv_weak,x,0,0.0,0.0
vanderpol_mu2,16,0.2,2,tv_weak,x*x,0,0.0,0.0
vanderpol_mu2,16,0.2,2,tv_weak,x*x*x,0,0.0,0.0
vanderpol_mu2,16,0.2,2,tv_weak,x*x*y,0,0.0,0.0
vanderpol_mu2,16,0.2,2,tv_weak,x*y,0,0.0,0.0
vanderpol_mu2,16,0.2,2,tv_weak,x*y*y,0,0.0,0.0
vanderpol_mu2,16,0.2,2,tv_weak,y,0,1.0147300144929368,1.0
vanderpol_mu2,16,0.2,2,tv_weak,y*y,0,0.0,0.0
vanderpol_mu2,16,0.2,2,tv_weak,y*y*y,0,0.0,0.0
vanderpol_mu2,16,0.2,2,tv_weak,1,1,0.0,0.0
vanderpol_mu2,16,0.2,2,tv_weak,x,1,-0.5918399741594266,-1.0
vanderpol_mu2,16,0.2,2,tv_weak,x*x,1,0.0,0.0
vanderpol_mu2,16,0.2,2,tv_weak,x*x*x,1,0.0,0.0
vanderpol_mu2,16,0.2,2,tv_weak,x*x*y,1,-0.8354769855638363,-2.0
vanderpol_mu2,16,0.2,2,tv_weak,x*y,1,0.0,0.0
vanderpol_mu2,16,0.2,2,tv_weak,x*y*y,1,-0.953496696288437,0.0
vanderpol_mu2,16,0.2,2,tv_weak,y,1,0.0,2.0
vanderpol_mu2,16,0.2,2,tv_weak,y*y,1,0.0,0.0
vanderpol_mu2,16,0.2,2,tv_weak,y*y*y,1,0.33417921749070856,0.0
vanderpol_mu2,16,0.2,3,edmd_weak,1,0,0.0,0.0
vanderpol_mu2,16,0.2,3,edmd_weak,x,0,0.0,0.0
vanderpol_mu2,16,0.2,3,edmd_weak,x*x,0,0.0,0.0
vanderpol_mu2,16,0.2,3,edmd_weak,x*x*x,0,0.0,0.0
vanderpol_mu2,16,0.2,3,edmd_weak,x*x*y,0,0.0,0.0
vanderpol_mu2,16,0.2,3,edmd_weak,x*y,0,0.0,0.0
vanderpol_mu2,16,0.2,3,edmd_weak,x*y*y,0,0.0,0.0
vanderpol_mu2,16,0.2,3,edmd_weak,y,0,1.0040104312251794,1.0
vanderpol_mu2,16,0.2,3,edmd_weak,y*y,0,0.0,0.0
vanderpol_mu2,16,0.2,3,edmd_weak,y*y*y,0,0.0,0.0
vanderpol_mu2,16,0.2,3,edmd_weak,1,1,0.0,0.0
vanderpol_mu2,16,0.2,3,edmd_weak,x,1,-0.8839459854801833,-1.0
vanderpol_mu2,16,0.2,3,edmd_weak,x*x,1,0.0,0.0
vanderpol_mu2,16,0.2,3,edmd_weak,x*x*x,1,0.0,0.0
vanderpol_mu2,16,0.2,3,edmd_weak,x*x*y,1,-2.1571758805056755,-2.0
vanderpol_mu2,16,0.2,3,edmd_weak,x*y,1,0.0,0.0
vanderpol_mu2,16,0.2,3,edmd_weak,x*y*y,1,0.0,0.0
vanderpol_mu2,16,0.2,3,edmd_weak,y,1,2.4941393011972983,2.0
vanderpol_mu2,16,0.2,3,edmd_weak,y*y,1,0.0,0.0
vanderpol_mu2,16,0.2,3,edmd_weak,y*y*y,1,0.0,0.0
vanderpol_mu2,16,0.2,3,linear_weak,1,0,0.0,0.0
vanderpol_mu2,16,0.2,3,linear_weak,x,0,0.0,0.0
vanderpol_mu2,16,0.2,3,linear_weak,x*x,0,0.0,0.0
vanderpol_mu2,16,0.2,3,linear_weak,x*x*x,0,0.0,0.0
vanderpol_mu2,16,0.2,3,linear_weak,x*x*y,0,0.0,0.0
vanderpol_mu2,16,0.2,3,linear_weak,x*y,0,0.0,0.0
vanderpol_mu2,16,0.2,3,linear_weak,x*y*y,0,0.0,0.0
vanderpol_mu2,16,0.2,3,linear_weak,y,0,1.004558855602284,1.0
vanderpol_mu2,16,0.2,3,linear_weak,y*y,0,0.0,0.0
vanderpol_mu2,16,0.2,3,linear_weak,y*y*y,0,0.0,0.0
vanderpol_mu2,16,0.2,3,linear_weak,1,1,0.0,0.0
vanderpol_mu2,16,0.2,3,linear_weak,x,1,-1.1709957016294215,-1.0
vanderpol_mu2,16,0.2,3,linear_weak,x*x,1,0.0,0.0
vanderpol_mu2,16,0.2,3,linear_weak,x*x*x,1,0.1351899960761336,0.0
vanderpol_mu2,16,0.2,3,linear_weak,x*x*y,1,-1.3270163658621366,-2.0
vanderpol_mu2,16,0.2,3,linear_weak,x*y,1,0.10294065388690603,0.0
vanderpol_mu2,16,0.2,3,linear_weak,x*y*y,1,-0.6508536304312842,0.0
vanderpol_mu2,16,0.2,3,linear_weak,y,1,0.3672002778552688,2.0
vanderpol_mu2,16,0.2,3,linear_weak,y*y,1,0.0,0.0
vanderpol_mu2,16,0.2,3,linear_weak,y*y*y,1,0.27948411401001894,0.0
vanderpol_mu2,16,0.2,3,raw_weak,1,0,0.0,0.0
vanderpol_mu2,16,0.2,3,raw_weak,x,0,0.0,0.0
vanderpol_mu2,16,0.2,3,raw_weak,x*x,0,0.0,0.0
vanderpol_mu2,16,0.2,3,raw_weak,x*x*x,0,0.0,0.0
vanderpol_mu2,16,0.2,3,raw_weak,x*x*y,0,0.0,0.0
vanderpol_mu2,16,0.2,3,raw_weak,x*y,0,0.0,0.0
vanderpol_mu2,16,0.2,3,raw_weak,x*y*y,0,0.0,0.0
vanderpol_mu2,16,0.2,3,raw_weak,y,0,1.0045588556022838,1.0
vanderpol_mu2,16,0.2,3,raw_weak,y*y,0,0.0,0.0
vanderpol_mu2,16,0.2,3,raw_weak,y*y*y,0,0.0,0.0
vanderpol_mu2,16,0.2,3,raw_weak,1,1,0.0,0.0
vanderpol_mu2,16,0.2,3,raw_weak,x,1,-1.1424994700649118,-1.0
vanderpol_mu2,16,0.2,3,raw_weak,x*x,1,0.0,0.0
vanderpol_mu2,16,0.2,3,raw_weak,x*x*x,1,0.1274179651787548,0.0
vanderpol_mu2,16,0.2,3,raw_weak,x*x*y,1,-1.3019609719544012,-2.0
vanderpol_mu2,16,0.2,3,raw_weak,x*y,1,0.12376562789733773,0.0
vanderpol_mu2,16,0.2,3,raw_weak,x*y*y,1,-0.6714075862212938,0.0
vanderpol_mu2,16,0.2,3,raw_weak,y,1,0.3530587102386175,2.0
vanderpol_mu2,16,0.2,3,raw_weak,y*y,1,0.0,0.0
vanderpol_mu2,16,0.2,3,raw_weak,y*y*y,1,0.28504465552868774,0.0
vanderpol_mu2,16,0.2,3,tv_weak,1,0,0.0,0.0
vanderpol_mu2,16,0.2,3,tv_weak,x,0,0.0,0.0
vanderpol_mu2,16,0.2,3,tv_weak,x*x,0,0.0,0.0
vanderpol_mu2,16,0.2,3,tv_weak,x*x*x,0,0.0,0.0
vanderpol_mu2,16,0.2,3,tv_weak,x*x*y,0,0.0,0.0
vanderpol_mu2,16,0.2,3,tv_weak,x*y,0,0.0,0.0
vanderpol_mu2,16,0.2,3,tv_weak,x*y*y,0,0.0,0.0
vanderpol_mu2,16,0.2,3,tv_weak,y,0,1.0043555598607343,1.0
vanderpol_mu2,16,0.2,3,tv_weak,y*y,0,0.0,0.0
vanderpol_mu2,16,0.2,3,tv_weak,y*y*y,0,0.0,0.0
vanderpol_mu2,16,0.2,3,tv_weak,1,1,0.0,0.0
vanderpol_mu2,16,0.2,3,tv_weak,x,1,-1.1911472857036414,-1.0
vanderpol_mu2,16,0.2,3,tv_weak,x*x,1,0.0,0.0
vanderpol_mu2,16,0.2,3,tv_weak,x*x*x,1,0.14323239828481357,0.0
vanderpol_mu2,16,0.2,3,tv_weak,x*x*y,1,-1.327805926342409,-2.0
vanderpol_mu2,16,0.2,3,tv_weak,x*y,1,0.0,0.0
vanderpol_mu2,16,0.2,3,tv_weak,x*y*y,1,-0.6745571825151039,0.0
vanderpol_mu2,16,0.2,3,tv_weak,y,1,0.3586454754530747,2.0
vanderpol_mu2,16,0.2,3,tv_weak,y*y,1,0.0,0.0
vanderpol_mu2,16,0.2,3,tv_weak,y*y*y,1,0.2784730102175408,0.0
vanderpol_mu2,16,0.2,4,edmd_weak,1,0,0.0,0.0
vanderpol_mu2,16,0.2,4,edmd_weak,x,0,0.0,0.0
vanderpol_mu2,16,0.2,4,edmd_weak,x*x,0,0.0,0.0
vanderpol_mu2,16,0.2,4,edmd_weak,x*x*x,0,0.0,0.0
vanderpol_mu2,16,0.2,4,edmd_weak,x*x*y,0,0.0,0.0
vanderpol_mu2,16,0.2,4,edmd_weak,x*y,0,0.0,0.0
vanderpol_mu2,16,0.2,4,edmd_weak,x*y*y,0,0.0,0.0
vanderpol_mu2,16,0.2,4,edmd_weak,y,0,0.9924890355263818,1.0
vanderpol_mu2,16,0.2,4,edmd_weak,y*y,0,0.0,0.0
vanderpol_mu2,16,0.2,4,edmd_weak,y*y*y,0,0.0,0.0
vanderpol_mu2,16,0.2,4,edmd_weak,1,1,0.0,0.0
vanderpol_mu2,16,0.2,4,edmd_weak,x,1,0.0,-1.0
vanderpol_mu2,16,0.2,4,edmd_weak,x*x,1,0.0,0.0
vanderpol_mu2,16,0.2,4,edmd_weak,x*x*x,1,0.0,0.0
vanderpol_mu2,16,0.2,4,edmd_weak,x*x*y,1,-0.9049710458120283,-2.0
vanderpol_mu2,16,0.2,4,edmd_weak,x*y,1,0.0,0.0
vanderpol_mu2,16,0.2,4,edmd_weak,x*y*y,1,-0.7935092251712982,0.0
vanderpol_mu2,16,0.2,4,edmd_weak,y,1,1.9044274915322366,2.0
vanderpol_mu2,16,0.2,4,edmd_weak,y*y,1,0.0,0.0
vanderpol_mu2,16,0.2,4,edmd_weak,y*y*y,1,0.0,0.0
vanderpol_mu2,16,0.2,4,linear_weak,1,0,0.0,0.0
vanderpol_mu2,16,0.2,4,linear_weak,x,0,0.0,0.0
vanderpol_mu2,16,0.2,4,linear_weak,x*x,0,0.0,0.0
vanderpol_mu2,16,0.2,4,linear_weak,x*x*x,0,0.0,0.0
vanderpol_mu2,16,0.2,4,linear_weak,x*x*y,0,0.0,0.0
vanderpol_mu2,16,0.2,4,linear_weak,x*y,0,0.0,0.0
vanderpol_mu2,16,0.2,4,linear_weak,x*y*y,0,0.0,0.0
vanderpol_mu2,16,0.2,4,linear_weak,y,0,0.9808786078132106,1.0
vanderpol_mu2,16,0.2,4,linear_weak,y*y,0,0.0,0.0
vanderpol_mu2,16,0.2,4,linear_weak,y*y*y,0,0.0,0.0
vanderpol_mu2,16,0.2,4,linear_weak,1,1,0.0,0.0
vanderpol_mu2,16,0.2,4,linear_weak,x,1,-1.0282223825274208,-1.0
vanderpol_mu2,16,0.2,4,linear_weak,x*x,1,0.0,0.0
vanderpol_mu2,16,0.2,4,linear_weak,x*x*x,1,0.0,0.0
vanderpol_mu2,16,0.2,4,linear_weak,x*x*y,1,-1.6046305346319913,-2.0
vanderpol_mu2,16,0.2,4,linear_weak,x*y,1,0.0,0.0
vanderpol_mu2,16,0.2,4,linear_weak,x*y*y,1,0.0,0.0
vanderpol_mu2,16,0.2,4,linear_weak,y,1,1.6426311986160307,2.0
vanderpol_mu2,16,0.2,4,linear_weak,y*y,1,0.0,0.0
vanderpol_mu2,16,0.2,4,linear_weak,y*y*y,1,0.0,0.0
vanderpol_mu2,16,0.2,4,raw_weak,1,0,0.0,0.0
vanderpol_mu2,16,0.2,4,raw_weak,x,0,0.0,0.0
vanderpol_mu2,16,0.2,4,raw_weak,x*x,0,0.0,0.0
vanderpol_mu2,16,0.2,4,raw_weak,x*x*x,0,0.0,0.0
vanderpol_mu2,16,0.2,4,raw_weak,x*x*y,0,0.0,0.0
vanderpol_mu2,16,0.2,4,raw_weak,x*y,0,0.0,0.0
vanderpol_mu2,16,0.2,4,raw_weak,x*y*y,0,0.0,0.0
vanderpol_mu2,16,0.2,4,raw_weak,y,0,0.9808786078132099,1.0
vanderpol_mu2,16,0.2,4,raw_weak,y*y,0,0.0,0.0
vanderpol_mu2,16,0.2,4,raw_weak,y*y*y,0,0.0,0.0
vanderpol_mu2,16,0.2,4,raw_weak,1,1,0.0,0.0
vanderpol_mu2,16,0.2,4,raw_weak,x,1,0.0,-1.0
vanderpol_mu2,16,0.2,4,raw_weak,x*x,1,0.0,0.0
vanderpol_mu2,16,0.2,4,raw_weak,x*x*x,1,0.0,0.0
vanderpol_mu2,16,0.2,4,raw_weak,x*x*y,1,-0.8974765616093254,-2.0
vanderpol_mu2,16,0.2,4,raw_weak,x*y,1,0.0,0.0
vanderpol_mu2,16,0.2,4,raw_weak,x*y*y,1,0.0,0.0
vanderpol_mu2,16,0.2,4,raw_weak,y,1,0.9864388950791224,2.0
vanderpol_mu2,16,0.2,4,raw_weak,y*y,1,0.0,0.0
vanderpol_mu2,16,0.2,4,raw_weak,y*y*y,1,0.0,0.0
vanderpol_mu2,16,0.2,4,tv_weak,1,0,0.0,0.0
vanderpol_mu2,16,0.2,4,tv_weak,x,0,0.0,0.0
vanderpol_mu2,16,0.2,4,tv_weak,x*x,0,0.0,0.0
vanderpol_mu2,16,0.2,4,tv_weak,x*x*x,0,0.0,0.0
vanderpol_mu2,16,0.2,4,tv_weak,x*x*y,0,0.0,0.0
vanderpol_mu2,16,0.2,4,tv_weak,x*y,0,0.0,0.0
vanderpol_mu2,16,0.2,4,tv_weak,x*y*y,0,0.0,0.0
vanderpol_mu2,16,0.2,4,tv_weak,y,0,0.9805376714551863,1.0
vanderpol_mu2,16,0.2,4,tv_weak,y*y,0,0.0,0.0
vanderpol_mu2,16,0.2,4,tv_weak,y*y*y,0,0.0,0.0
vanderpol_mu2,16,0.2,4,tv_weak,1,1,0.0,0.0
vanderpol_mu2,16,0.2,4,tv_weak,x,1,-1.0119111182595752,-1.0
vanderpol_mu2,16,0.2,4,tv_weak,x*x,1,0.0,0.0
vanderpol_mu2,16,0.2,4,tv_weak,x*x*x,1,0.0,0.0
vanderpol_mu2,16,0.2,4,tv_weak,x*x*y,1,-1.5825786028087538,-2.0
vanderpol_mu2,16,0.2,4,tv_weak,x*y,1,0.0,0.0
vanderpol_mu2,16,0.2,4,tv_weak,x*y*y,1,0.0,0.0
vanderpol_mu2,16,0.2,4,tv_weak,y,1,1.574400188529663,2.0
vanderpol_mu2,16,0.2,4,tv_weak,y*y,1,0.0,0.0
vanderpol_mu2,16,0.2,4,tv_weak,y*y*y,1,0.0,0.0
vanderpol_mu2,64,0.05,0,edmd_weak,1,0,0.0,0.0
vanderpol_mu2,64,0.05,0,edmd_weak,x,0,0.0,0.0
vanderpol_mu2,64,0.05,0,edmd_weak,x*x,0,0.0,0.0
vanderpol_mu2,64,0.05,0,edmd_weak,x*x*x,0,0.0,0.0
vanderpol_mu2,64,0.05,0,edmd_weak,x*x*y,0,0.0,0.0
vanderpol_mu2,64,0.05,0,edmd_weak,x*y,0,0.0,0.0
vanderpol_mu2,64,0.05,0,edmd_weak,x*y*y,0,0.0,0.0
vanderpol_mu2,64,0.05,0,edmd_weak,y,0,1.0121144853792317,1.0
vanderpol_mu2,64,0.05,0,edmd_weak,y*y,0,0.0,0.0
vanderpol_mu2,64,0.05,0,edmd_weak,y*y*y,0,0.0,0.0
vanderpol_mu2,64,0.05,0,edmd_weak,1,1,0.0,0.0
vanderpol_mu2,64,0.05,0,edmd_weak,x,1,-1.0331429077242167,-1.0
vanderpol_mu2,64,0.05,0,edmd_weak,x*x,1,0.0,0.0
vanderpol_mu2,64,0.05,0,edmd_weak,x*x*x,1,0.0,0.0
vanderpol_mu2,64,0.05,0,edmd_weak,x*x*y,1,-2.082406848157064,-2.0
vanderpol_mu2,64,0.05,0,edmd_weak,x*y,1,0.0,0.0
vanderpol_mu2,64,0.05,0,edmd_weak,x*y*y,1,0.0,0.0
vanderpol_mu2,64,0.05,0,edmd_weak,y,1,2.022557001601507,2.0
vanderpol_mu2,64,0.05,0,edmd_weak,y*y,1,0.0,0.0
vanderpol_mu2,64,0.05,0,edmd_weak,y*y*y,1,0.0,0.0
vanderpol_mu2,64,0.05,0,linear_weak,1,0,0.0,0.0
vanderpol_mu2,64,0.05,0,linear_weak,x,0,0.0,0.0
vanderpol_mu2,64,0.05,0,linear_weak,x*x,0,0.0,0.0
vanderpol_mu2,64,0.05,0,linear_weak,x*x*x,0,0.0,0.0
vanderpol_mu2,64,0.05,0,linear_weak,x*x*y,0,0.0,0.0
vanderpol_mu2,64,0.05,0,linear_weak,x*y,0,0.0,0.0
vanderpol_mu2,64,0.05,0,linear_weak,x*y*y,0,0.0,0.0
vanderpol_mu2,64,0.05,0,linear_weak,y,0,1.0094293635651088,1.0
vanderpol_mu2,64,0.05,0,linear_weak,y*y,0,0.0,0.0
vanderpol_mu2,64,0.05,0,linear_weak,y*y*y,0,0.0,0.0
vanderpol_mu2,64,0.05,0,linear_weak,1,1,0.0,0.0
vanderpol_mu2,64,0.05,0,linear_weak,x,1,0.20469722956926076,-1.0
vanderpol_mu2,64,0.05,0,linear_weak,x*x,1,0.0,0.0
vanderpol_mu2,64,0.05,0,linear_weak,x*x*x,1,-0.23430702440446213,0.0
vanderpol_mu2,64,0.05,0,linear_weak,x*x*y,1,-1.2574152586271128,-2.0
vanderpol_mu2,64,0.05,0,linear_weak,x*y,1,0.0,0.0
vanderpol_mu2,64,0.05,0,linear_weak,x*y*y,1,-0.500293096669729,0.0
vanderpol_mu2,64,0.05,0,linear_weak,y,1,1.8951351230851643,2.0
vanderpol_mu2,64,0.05,0,linear_weak,y*y,1,0.0,0.0
vanderpol_mu2,64,0.05,0,linear_weak,y*y*y,1,0.0,0.0
vanderpol_mu2,64,0.05,0,raw_weak,1,0,0.0,0.0
vanderpol_mu2,64,0.05,0,raw_weak,x,0,0.0,0.0
vanderpol_mu2,64,0.05,0,raw_weak,x*x,0,0.0,0.0
vanderpol_mu2,64,0.05,0,raw_weak,x*x*x,0,0.0,0.0
vanderpol_mu2,64,0.05,0,raw_weak,x*x*y,0,0.0,0.0
vanderpol_mu2,64,0.05,0,raw_weak,x*y,0,0.0,0.0
vanderpol_mu2,64,0.05,0,raw_weak,x*y*y,0,0.0,0.0
vanderpol_mu2,64,0.05,0,raw_weak,y,0,0.0,1.0
vanderpol_mu2,64,0.05,0,raw_weak,y*y,0,0.0,0.0
vanderpol_mu2,64,0.05,0,raw_weak,y*y*y,0,0.0,0.0
vanderpol_mu2,64,0.05,0,raw_weak,1,1,0.0,0.0
vanderpol_mu2,64,0.05,0,raw_weak,x,1,-1.0272498827701164,-1.0
vanderpol_mu2,64,0.05,0,raw_weak,x*x,1,0.0,0.0
vanderpol_mu2,64,0.05,0,raw_weak,x*x*x,1,0.0,0.0
vanderpol_mu2,64,0.05,0,raw_weak,x*x*y,1,-1.9696963331414241,-2.0
vanderpol_mu2,64,0.05,0,raw_weak,x*y,1,0.0,0.0
vanderpol_mu2,64,0.05,0,raw_weak,x*y*y,1,0.0,0.0
vanderpol_mu2,64,0.05,0,raw_weak,y,1,1.9050558077306712,2.0
vanderpol_mu2,64,0.05,0,raw_weak,y*y,1,0.0,0.0
vanderpol_mu2,64,0.05,0,raw_weak,y*y*y,1,0.0,0.0
vanderpol_mu2,64,0.05,0,tv_weak,1,0,0.0,0.0
vanderpol_mu2,64,0.05,0,tv_weak,x,0,0.0,0.0
vanderpol_mu2,64,0.05,0,tv_weak,x*x,0,0.0,0.0
vanderpol_mu2,64,0.05,0,tv_weak,x*x*x,0,0.0,0.0
vanderpol_mu2,64,0.05,0,tv_weak,x*x*y,0,0.0,0.0
vanderpol_mu2,64,0.05,0,tv_weak,x*y,0,0.0,0.0
vanderpol_mu2,64,0.05,0,tv_weak,x*y*y,0,0.0,0.0
vanderpol_mu2,64,0.05,0,tv_weak,y,0,0.0,1.0
vanderpol_mu2,64,0.05,0,tv_weak,y*y,0,0.0,0.0
vanderpol_mu2,64,0.05,0,tv_weak,y*y*y,0,0.0,0.0
vanderpol_mu2,64,0.05,0,tv_weak,1,1,0.0,0.0
vanderpol_mu2,64,0.05,0,tv_weak,x,1,-1.0273576406749694,-1.0
vanderpol_mu2,64,0.05,0,tv_weak,x*x,1,0.0,0.0
vanderpol_mu2,64,0.05,0,tv_weak,x*x*x,1,0.0,0.0
vanderpol_mu2,64,0.05,0,tv_weak,x*x*y,1,-1.9699042621306013,-2.0
vanderpol_mu2,64,0.05,0,tv_weak,x*y,1,0.0,0.0
vanderpol_mu2,64,0.05,0,tv_weak,x*y*y,1,0.0,0.0
vanderpol_mu2,64,0.05,0,tv_weak,y,1,1.9048620013666233,2.0
vanderpol_mu2,64,0.05,0,tv_weak,y*y,1,0.0,0.0
vanderpol_mu2,64,0.05,0,tv_weak,y*y*y,1,0.0,0.0
vanderpol_mu2,64,0.05,1,edmd_weak,1,0,0.0,0.0
vanderpol_mu2,64,0.05,1,edmd_weak,x,0,0.0,0.0
vanderpol_mu2,64,0.05,1,edmd_weak,x*x,0,0.0,0.0
vanderpol_mu2,64,0.05,1,edmd_weak,x*x*x,0,0.0,0.0
vanderpol_mu2,64,0.05,1,edmd_weak,x*x*y,0,0.0,0.0
vanderpol_mu2,64,0.05,1,edmd_weak,x*y,0,0.0,0.0
vanderpol_mu2,64,0.05,1,edmd_weak,x*y*y,0,0.0,0.0
vanderpol_mu2,64,0.05,1,edmd_weak,y,0,0.9912749434677836,1.0
vanderpol_mu2,64,0.05,1,edmd_weak,y*y,0,0.0,0.0
vanderpol_mu2,64,0.05,1,edmd_weak,y*y*y,0,0.0,0.0
vanderpol_mu2,64,0.05,1,edmd_weak,1,1,0.0,0.0
vanderpol_mu2,64,0.05,1,edmd_weak,x,1,-0.9753026576177641,-1.0
vanderpol_mu2,64,0.05,1,edmd_weak,x*x,1,0.0,0.0
vanderpol_mu2,64,0.05,1,edmd_weak,x*x*x,1,0.0,0.0
vanderpol_mu2,64,0.05,1,edmd_weak,x*x*y,1,-1.9981740350616306,-2.0
vanderpol_mu2,64,0.05,1,edmd_weak,x*y,1,0.0,0.0
vanderpol_mu2,64,0.05,1,edmd_weak,x*y*y,1,0.0,0.0
vanderpol_mu2,64,0.05,1,edmd_weak,y,1,2.0106508580245097,2.0
vanderpol_mu2,64,0.05,1,edmd_weak,y*y,1,0.0,0.0
vanderpol_mu2,64,0.05,1,edmd_weak,y*y*y,1,0.0,0.0
vanderpol_mu2,64,0.05,1,linear_weak,1,0,0.0,0.0
vanderpol_mu2,64,0.05,1,linear_weak,x,0,0.0,0.0
vanderpol_mu2,64,0.05,1,linear_weak,x*x,0,0.0,0.0
vanderpol_mu2,64,0.05,1,linear_weak,x*x*x,0,0.0,0.0
vanderpol_mu2,64,0.05,1,linear_weak,x*x*y,0,0.0,0.0
vanderpol_mu2,64,0.05,1,linear_weak,x*y,0,0.0,0.0
vanderpol_mu2,64,0.05,1,linear_weak,x*y*y,0,0.0,0.0
vanderpol_mu2,64,0.05,1,linear_weak,y,0,0.9876374509743188,1.0
vanderpol_mu2,64,0.05,1,linear_weak,y*y,0,0.0,0.0
vanderpol_mu2,64,0.05,1,linear_weak,y*y*y,0,0.0,0.0
vanderpol_mu2,64,0.05,1,linear_weak,1,1,0.0,0.0
vanderpol_mu2,64,0.05,1,linear_weak,x,1,-0.5611922650767642,-1.0
vanderpol_mu2,64,0.05,1,linear_weak,x*x,1,0.0,0.0
vanderpol_mu2,64,0.05,1,linear_weak,x*x*x,1,0.0,0.0
vanderpol_mu2,64,0.05,1,linear_weak,x*x*y,1,-0.8340195533124612,-2.0
vanderpol_mu2,64,0.05,1,linear_weak,x*y,1,0.0,0.0
vanderpol_mu2,64,0.05,1,linear_weak,x*y*y,1,-0.9894935497301243,0.0
vanderpol_mu2,64,0.05,1,linear_weak,y,1,0.0,2.0
vanderpol_mu2,64,0.05,1,linear_weak,y*y,1,0.0,0.0
vanderpol_mu2,64,0.05,1,linear_weak,y*y*y,1,0.3291546870105235,0.0
vanderpol_mu2,64,0.05,1,raw_weak,1,0,0.0,0.0
vanderpol_mu2,64,0.05,1,raw_weak,x,0,0.0,0.0
vanderpol_mu2,64,0.05,1,raw_weak,x*x,0,0.0,0.0
vanderpol_mu2,64,0.05,1,raw_weak,x*x*x,0,0.0,0.0
vanderpol_mu2,64,0.05,1,raw_weak,x*x*y,0,0.0,0.0
vanderpol_mu2,64,0.05,1,raw_weak,x*y,0,0.0,0.0
vanderpol_mu2,64,0.05,1,raw_weak,x*y*y,0,0.0,0.0
vanderpol_mu2,64,0.05,1,raw_weak,y,0,0.9876374509743189,1.0
vanderpol_mu2,64,0.05,1,raw_weak,y*y,0,0.0,0.0
vanderpol_mu2,64,0.05,1,raw_weak,y*y*y,0,0.0,0.0
vanderpol_mu2,64,0.05,1,raw_weak,1,1,0.0,0.0
vanderpol_mu2,64,0.05,1,raw_weak,x,1,-0.9830731434353823,-1.0
vanderpol_mu2,64,0.05,1,raw_weak,x*x,1,0.0,0.0
vanderpol_mu2,64,0.05,1,raw_weak,x*x*x,1,0.0,0.0
vanderpol_mu2,64,0.05,1,raw_weak,x*x*y,1,-1.9563559579821563,-2.0
vanderpol_mu2,64,0.05,1,raw_weak,x*y,1,0.0,0.0
vanderpol_mu2,64,0.05,1,raw_weak,x*y*y,1,0.0,0.0
vanderpol_mu2,64,0.05,1,raw_weak,y,1,1.9427196150135226,2.0
vanderpol_mu2,64,0.05,1,raw_weak,y*y,1,0.0,0.0
vanderpol_mu2,64,0.05,1,raw_weak,y*y*y,1,0.0,0.0
vanderpol_mu2,64,0.05,1,tv_weak,1,0,0.0,0.0
vanderpol_mu2,64,0.05,1,tv_weak,x,0,0.0,0.0
vanderpol_mu2,64,0.05,1,tv_weak,x*x,0,0.0,0.0
vanderpol_mu2,64,0.05,1,tv_weak,x*x*x,0,0.0,0.0
vanderpol_mu2,64,0.05,1,tv_weak,x*x*y,0,0.0,0.0
vanderpol_mu2,64,0.05,1,tv_weak,x*y,0,0.0,0.0
vanderpol_mu2,64,0.05,1,tv_weak,x*y*y,0,0.0,0.0
vanderpol_mu2,64,0.05,1,tv_weak,y,0,0.9876169817179232,1.0
vanderpol_mu2,64,0.05,1,tv_weak,y*y,0,0.0,0.0
vanderpol_mu2,64,0.05,1,tv_weak,y*y*y,0,0.0,0.0
vanderpol_mu2,64,0.05,1,tv_weak,1,1,0.0,0.0
vanderpol_mu2,64,0.05,1,tv_weak,x,1,-0.9831512035794198,-1.0
vanderpol_mu2,64,0.05,1,tv_weak,x*x,1,0.0,0.0
vanderpol_mu2,64,0.05,1,tv_weak,x*x*x,1,0.0,0.0
vanderpol_mu2,64,0.05,1,tv_weak,x*x*y,1,-1.9564908293505128,-2.0
vanderpol_mu2,64,0.05,1,tv_weak,x*y,1,0.0,0.0
vanderpol_mu2,64,0.05,1,tv_weak,x*y*y,1,0.0,0.0
vanderpol_mu2,64,0.05,1,tv_weak,y,1,1.9424628603620928,2.0
vanderpol_mu2,64,0.05,1,tv_weak,y*y,1,0.0,0.0
vanderpol_mu2,64,0.05,1,tv_weak,y*y*y,1,0.0,0.0
vanderpol_mu2,64,0.05,2,edmd_weak,1,0,0.0,0.0
vanderpol_mu2,64,0.05,2,edmd_weak,x,0,0.0,0.0
vanderpol_mu2,64,0.05,2,edmd_weak,x*x,0,0.0,0.0
vanderpol_mu2,64,0.05,2,edmd_weak,x*x*x,0,0.0,0.0
vanderpol_mu2,64,0.05,2,edmd_weak,x*x*y,0,0.0,0.0
vanderpol_mu2,64,0.05,2,edmd_weak,x*y,0,0.0,0.0
vanderpol_mu2,64,0.05,2,edmd_weak,x*y*y,0,0.0,0.0
vanderpol_mu2,64,0.05,2,edmd_weak,y,0,0.9984220307212277,1.0
vanderpol_mu2,64,0.05,2,edmd_weak,y*y,0,0.0,0.0
vanderpol_mu2,64,0.05,2,edmd_weak,y*y*y,0,0.0,0.0
vanderpol_mu2,64,0.05,2,edmd_weak,1,1,0.0,0.0
vanderpol_mu2,64,0.05,2,edmd_weak,x,1,-1.0336296159232385,-1.0
vanderpol_mu2,64,0.05,2,edmd_weak,x*x,1,0.0,0.0
vanderpol_mu2,64,0.05,2,edmd_weak,x*x*x,1,0.0,0.0
vanderpol_mu2,64,0.05,2,edmd_weak,x*x*y,1,-2.067880825645775,-2.0
vanderpol_mu2,64,0.05,2,edmd_weak,x*y,1,0.0,0.0
vanderpol_mu2,64,0.05,2,edmd_weak,x*y*y,1,0.0,0.0
vanderpol_mu2,64,0.05,2,edmd_weak,y,1,2.066556764474833,2.0
vanderpol_mu2,64,0.05,2,edmd_weak,y*y,1,0.0,0.0
vanderpol_mu2,64,0.05,2,edmd_weak,y*y*y,1,0.0,0.0
vanderpol_mu2,64,0.05,2,linear_weak,1,0,0.0,0.0
vanderpol_mu2,64,0.05,2,linear_weak,x,0,0.0,0.0
vanderpol_mu2,64,0.05,2,linear_weak,x*x,0,0.0,0.0
vanderpol_mu2,64,0.05,2,linear_weak,x*x*x,0,0.0,0.0
vanderpol_mu2,64,0.05,2,linear_weak,x*x*y,0,0.0,0.0
vanderpol_mu2,64,0.05,2,linear_weak,x*y,0,0.0,0.0
vanderpol_mu2,64,0.05,2,linear_weak,x*y*y,0,0.0,0.0
vanderpol_mu2,64,0.05,2,linear_weak,y,0,0.9929092059372914,1.0
vanderpol_mu2,64,0.05,2,linear_weak,y*y,0,0.0,0.0
vanderpol_mu2,64,0.05,2,linear_weak,y*y*y,0,0.0,0.0
vanderpol_mu2,64,0.05,2,linear_weak,1,1,0.0,0.0
vanderpol_mu2,64,0.05,2,linear_weak,x,1,-0.960331975685169,-1.0
vanderpol_mu2,64,0.05,2,linear_weak,x*x,1,0.0,0.0
vanderpol_mu2,64,0.05,2,linear_weak,x*x*x,1,0.0,0.0
vanderpol_mu2,64,0.05,2,linear_weak,x*x*y,1,-1.8072474042618598,-2.0
vanderpol_mu2,64,0.05,2,linear_weak,x*y,1,0.0,0.0
vanderpol_mu2,64,0.05,2,linear_weak,x*y*y,1,0.0,0.0
vanderpol_mu2,64,0.05,2,linear_weak,y,1,1.7651883274532023,2.0
vanderpol_mu2,64,0.05,2,linear_weak,y*y,1,0.0,0.0
vanderpol_mu2,64,0.05,2,linear_weak,y*y*y,1,0.0,0.0
vanderpol_mu2,64,0.05,2,raw_weak,1,0,0.0,0.0
vanderpol_mu2,64,0.05,2,raw_weak,x,0,0.0,0.0
vanderpol_mu2,64,0.05,2,raw_weak,x*x,0,0.0,0.0
vanderpol_mu2,64,0.05,2,raw_weak,x*x*x,0,0.0,0.0
vanderpol_mu2,64,0.05,2,raw_weak,x*x*y,0,0.0,0.0
vanderpol_mu2,64,0.05,2,raw_weak,x*y,0,0.0,0.0
vanderpol_mu2,64,0.05,2,raw_weak,x*y*y,0,0.0,0.0
vanderpol_mu2,64,0.05,2,raw_weak,y,0,0.9929092059372916,1.0
vanderpol_mu2,64,0.05,2,raw_weak,y*y,0,0.0,0.0
vanderpol_mu2,64,0.05,2,raw_weak,y*y*y,0,0.0,0.0
vanderpol_mu2,64,0.05,2,raw_weak,1,1,0.0,0.0
vanderpol_mu2,64,0.05,2,raw_weak,x,1,-1.015668518316835,-1.0
vanderpol_mu2,64,0.05,2,raw_weak,x*x,1,0.0,0.0
vanderpol_mu2,64,0.05,2,raw_weak,x*x*x,1,0.0,0.0
vanderpol_mu2,64,0.05,2,raw_weak,x*x*y,1,-1.9769952050582755,-2.0
vanderpol_mu2,64,0.05,2,raw_weak,x*y,1,0.0,0.0
vanderpol_mu2,64,0.05,2,raw_weak,x*y*y,1,0.0,0.0
vanderpol_mu2,64,0.05,2,raw_weak,y,1,1.9717254593097944,2.0
vanderpol_mu2,64,0.05,2,raw_weak,y*y,1,0.0,0.0
vanderpol_mu2,64,0.05,2,raw_weak,y*y*y,1,0.0,0.0
vanderpol_mu2,64,0.05,2,tv_weak,1,0,0.0,0.0
vanderpol_mu2,64,0.05,2,tv_weak,x,0,0.0,0.0
vanderpol_mu2,64,0.05,2,tv_weak,x*x,0,0.0,0.0
vanderpol_mu2,64,0.05,2,tv_weak,x*x*x,0,0.0,0.0
vanderpol_mu2,64,0.05,2,tv_weak,x*x*y,0,0.0,0.0
vanderpol_mu2,64,0.05,2,tv_weak,x*y,0,0.0,0.0
vanderpol_mu2,64,0.05,2,tv_weak,x*y*y,0,0.0,0.0
vanderpol_mu2,64,0.05,2,tv_weak,y,0,0.9928875545392447,1.0
vanderpol_mu2,64,0.05,2,tv_weak,y*y,0,0.0,0.0
vanderpol_mu2,64,0.05,2,tv_weak,y*y*y,0,0.0,0.0
vanderpol_mu2,64,0.05,2,tv_weak,1,1,0.0,0.0
vanderpol_mu2,64,0.05,2,tv_weak,x,1,-1.015766938792638,-1.0
vanderpol_mu2,64,0.05,2,tv_weak,x*x,1,0.0,0.0
vanderpol_mu2,64,0.05,2,tv_weak,x*x*x,1,0.0,0.0
vanderpol_mu2,64,0.05,2,tv_weak,x*x*y,1,-1.9770290958839056,-2.0
vanderpol_mu2,64,0.05,2,tv_weak,x*y,1,0.0,0.0
vanderpol_mu2,64,0.05,2,tv_weak,x*y*y,1,0.0,0.0
vanderpol_mu2,64,0.05,2,tv_weak,y,1,1.9713828509465046,2.0
vanderpol_mu2,64,0.05,2,tv_weak,y*y,1,0.0,0.0
vanderpol_mu2,64,0.05,2,tv_weak,y*y*y,1,0.0,0.0
vanderpol_mu2,64,0.05,3,edmd_weak,1,0,0.0,0.0
vanderpol_mu2,64,0.05,3,edmd_weak,x,0,0.0,0.0
vanderpol_mu2,64,0.05,3,edmd_weak,x*x,0,0.0,0.0
vanderpol_mu2,64,0.05,3,edmd_weak,x*x*x,0,0.0,0.0
vanderpol_mu2,64,0.05,3,edmd_weak,x*x*y,0,0.0,0.0
vanderpol_mu2,64,0.05,3,edmd_weak,x*y,0,0.0,0.0
vanderpol_mu2,64,0.05,3,edmd_weak,x*y*y,0,0.0,0.0
vanderpol_mu2,64,0.05,3,edmd_weak,y,0,1.0064446113596224,1.0
vanderpol_mu2,64,0.05,3,edmd_weak,y*y,0,0.0,0.0
vanderpol_mu2,64,0.05,3,edmd_weak,y*y*y,0,0.0,0.0
vanderpol_mu2,64,0.05,3,edmd_weak,1,1,0.0,0.0
vanderpol_mu2,64,0.05,3,edmd_weak,x,1,-0.9534954704585646,-1.0
vanderpol_mu2,64,0.05,3,edmd_weak,x*x,1,0.0,0.0
vanderpol_mu2,64,0.05,3,edmd_weak,x*x*x,1,0.0,0.0
vanderpol_mu2,64,0.05,3,edmd_weak,x*x*y,1,-1.9156825636691968,-2.0
vanderpol_mu2,64,0.05,3,edmd_weak,x*y,1,0.0,0.0
vanderpol_mu2,64,0.05,3,edmd_weak,x*y*y,1,0.0,0.0
vanderpol_mu2,64,0.05,3,edmd_weak,y,1,1.9826200261800153,2.0
vanderpol_mu2,64,0.05,3,edmd_weak,y*y,1,0.0,0.0
vanderpol_mu2,64,0.05,3,edmd_weak,y*y*y,1,0.0,0.0
vanderpol_mu2,64,0.05,3,linear_weak,1,0,0.0,0.0
vanderpol_mu2,64,0.05,3,linear_weak,x,0,0.0,0.0
vanderpol_mu2,64,0.05,3,linear_weak,x*x,0,0.0,0.0
vanderpol_mu2,64,0.05,3,linear_weak,x*x*x,0,0.0,0.0
vanderpol_mu2,64,0.05,3,linear_weak,x*x*y,0,0.0,0.0
vanderpol_mu2,64,0.05,3,linear_weak,x*y,0,0.0,0.0
vanderpol_mu2,64,0.05,3,linear_weak,x*y*y,0,0.0,0.0
vanderpol_mu2,64,0.05,3,linear_weak,y,0,1.0056405404162925,1.0
vanderpol_mu2,64,0.05,3,linear_weak,y*y,0,0.0,0.0
vanderpol_mu2,64,0.05,3,linear_weak,y*y*y,0,0.0,0.0
vanderpol_mu2,64,0.05,3,linear_weak,1,1,0.0,0.0
vanderpol_mu2,64,0.05,3,linear_weak,x,1,-0.9002765101742765,-1.0
vanderpol_mu2,64,0.05,3,linear_weak,x*x,1,0.0,0.0
vanderpol_mu2,64,0.05,3,linear_weak,x*x*x,1,0.0,0.0
vanderpol_mu2,64,0.05,3,linear_weak,x*x*y,1,-1.6879765842248684,-2.0
vanderpol_mu2,64,0.05,3,linear_weak,x*y,1,0.0,0.0
vanderpol_mu2,64,0.05,3,linear_weak,x*y*y,1,0.0,0.0
vanderpol_mu2,64,0.05,3,linear_weak,y,1,1.713099275914142,2.0
vanderpol_mu2,64,0.05,3,linear_weak,y*y,1,0.0,0.0
vanderpol_mu2,64,0.05,3,linear_weak,y*y*y,1,0.0,0.0
vanderpol_mu2,64,0.05,3,raw_weak,1,0,0.0,0.0
vanderpol_mu2,64,0.05,3,raw_weak,x,0,0.0,0.0
vanderpol_mu2,64,0.05,3,raw_weak,x*x,0,0.0,0.0
vanderpol_mu2,64,0.05,3,raw_weak,x*x*x,0,0.0,0.0
vanderpol_mu2,64,0.05,3,raw_weak,x*x*y,0,0.0,0.0
vanderpol_mu2,64,0.05,3,raw_weak,x*y,0,0.0,0.0
vanderpol_mu2,64,0.05,3,raw_weak,x*y*y,0,0.0,0.0
vanderpol_mu2,64,0.05,3,raw_weak,y,0,1.0056405404162925,1.0
vanderpol_mu2,64,0.05,3,raw_weak,y*y,0,0.0,0.0
vanderpol_mu2,64,0.05,3,raw_weak,y*y*y,0,0.0,0.0
vanderpol_mu2,64,0.05,3,raw_weak,1,1,0.0,0.0
vanderpol_mu2,64,0.05,3,raw_weak,x,1,-0.9451110049292946,-1.0
vanderpol_mu2,64,0.05,3,raw_weak,x*x,1,0.0,0.0
vanderpol_mu2,64,0.05,3,raw_weak,x*x*x,1,0.0,0.0
vanderpol_mu2,64,0.05,3,raw_weak,x*x*y,1,-1.8191882858804267,-2.0
vanderpol_mu2,64,0.05,3,raw_weak,x*y,1,0.0,0.0
vanderpol_mu2,64,0.05,3,raw_weak,x*y*y,1,0.0,0.0
vanderpol_mu2,64,0.05,3,raw_weak,y,1,1.891392599723754,2.0
vanderpol_mu2,64,0.05,3,raw_weak,y*y,1,0.0,0.0
vanderpol_mu2,64,0.05,3,raw_weak,y*y*y,1,0.0,0.0
vanderpol_mu2,64,0.05,3,tv_weak,1,0,0.0,0.0
vanderpol_mu2,64,0.05,3,tv_weak,x,0,0.0,0.0
vanderpol_mu2,64,0.05,3,tv_weak,x*x,0,0.0,0.0
vanderpol_mu2,64,0.05,3,tv_weak,x*x*x,0,0.0,0.0
vanderpol_mu2,64,0.05,3,tv_weak,x*x*y,0,0.0,0.0
vanderpol_mu2,64,0.05,3,tv_weak,x*y,0,0.0,0.0
vanderpol_mu2,64,0.05,3,tv_weak,x*y*y,0,0.0,0.0
vanderpol_mu2,64,0.05,3,tv_weak,y,0,1.0056222430077897,1.0
vanderpol_mu2,64,0.05,3,tv_weak,y*y,0,0.0,0.0
vanderpol_mu2,64,0.05,3,tv_weak,y*y*y,0,0.0,0.0
vanderpol_mu2,64,0.05,3,tv_weak,1,1,0.0,0.0
vanderpol_mu2,64,0.05,3,tv_weak,x,1,-0.9451745130959319,-1.0
vanderpol_mu2,64,0.05,3,tv_weak,x*x,1,0.0,0.0
vanderpol_mu2,64,0.05,3,tv_weak,x*x*x,1,0.0,0.0
vanderpol_mu2,64,0.05,3,tv_weak,x*x*y,1,-1.8192534646902858,-2.0
vanderpol_mu2,64,0.05,3,tv_weak,x*y,1,0.0,0.0
vanderpol_mu2,64,0.05,3,tv_weak,x*y*y,1,0.0,0.0
vanderpol_mu2,64,0.05,3,tv_weak,y,1,1.8911141780241163,2.0
vanderpol_mu2,64,0.05,3,tv_weak,y*y,1,0.0,0.0
vanderpol_mu2,64,0.05,3,tv_weak,y*y*y,1,0.0,0.0
vanderpol_mu2,64,0.05,4,edmd_weak,1,0,0.0,0.0
vanderpol_mu2,64,0.05,4,edmd_weak,x,0,0.0,0.0
vanderpol_mu2,64,0.05,4,edmd_weak,x*x,0,0.0,0.0
vanderpol_mu2,64,0.05,4,edmd_weak,x*x*x,0,0.0,0.0
vanderpol_mu2,64,0.05,4,edmd_weak,x*x*y,0,0.0,0.0
vanderpol_mu2,64,0.05,4,edmd_weak,x*y,0,0.0,0.0
vanderpol_mu2,64,0.05,4,edmd_weak,x*y*y,0,0.0,0.0
vanderpol_mu2,64,0.05,4,edmd_weak,y,0,0.9967795515892071,1.0
vanderpol_mu2,64,0.05,4,edmd_weak,y*y,0,0.0,0.0
vanderpol_mu2,64,0.05,4,edmd_weak,y*y*y,0,0.0,0.0
vanderpol_mu2,64,0.05,4,edmd_weak,1,1,0.0,0.0
vanderpol_mu2,64,0.05,4,edmd_weak,x,1,-0.9998627630992555,-1.0
vanderpol_mu2,64,0.05,4,edmd_weak,x*x,1,0.0,0.0
vanderpol_mu2,64,0.05,4,edmd_weak,x*x*x,1,0.0,0.0
vanderpol_mu2,64,0.05,4,edmd_weak,x*x*y,1,-1.9502620664227448,-2.0
vanderpol_mu2,64,0.05,4,edmd_weak,x*y,1,0.0,0.0
vanderpol_mu2,64,0.05,4,edmd_weak,x*y*y,1,0.0,0.0
vanderpol_mu2,64,0.05,4,edmd_weak,y,1,2.01396411077244,2.0
vanderpol_mu2,64,0.05,4,edmd_weak,y*y,1,0.0,0.0
vanderpol_mu2,64,0.05,4,edmd_weak,y*y*y,1,0.0,0.0
vanderpol_mu2,64,0.05,4,linear_weak,1,0,0.0,0.0
vanderpol_mu2,64,0.05,4,linear_weak,x,0,0.0,0.0
vanderpol_mu2,64,0.05,4,linear_weak,x*x,0,0.0,0.0
vanderpol_mu2,64,0.05,4,linear_weak,x*x*x,0,0.0,0.0
vanderpol_mu2,64,0.05,4,linear_weak,x*x*y,0,0.0,0.0
vanderpol_mu2,64,0.05,4,linear_weak,x*y,0,0.0,0.0
vanderpol_mu2,64,0.05,4,linear_weak,x*y*y,0,0.0,0.0
vanderpol_mu2,64,0.05,4,linear_weak,y,0,0.9947107008492135,1.0
vanderpol_mu2,64,0.05,4,linear_weak,y*y,0,0.0,0.0
vanderpol_mu2,64,0.05,4,linear_weak,y*y*y,0,0.0,0.0
vanderpol_mu2,64,0.05,4,linear_weak,1,1,0.0,0.0
vanderpol_mu2,64,0.05,4,linear_weak,x,1,-0.9355748448862093,-1.0
vanderpol_mu2,64,0.05,4,linear_weak,x*x,1,0.0,0.0
vanderpol_mu2,64,0.05,4,linear_weak,x*x*x,1,0.0,0.0
vanderpol_mu2,64,0.05,4,linear_weak,x*x*y,1,-1.736356302094535,-2.0
vanderpol_mu2,64,0.05,4,linear_weak,x*y,1,0.0,0.0
vanderpol_mu2,64,0.05,4,linear_weak,x*y*y,1,0.0,0.0
vanderpol_mu2,64,0.05,4,linear_weak,y,1,1.744223443959872,2.0
vanderpol_mu2,64,0.05,4,linear_weak,y*y,1,0.0,0.0
vanderpol_mu2,64,0.05,4,linear_weak,y*y*y,1,0.0,0.0
vanderpol_mu2,64,0.05,4,raw_weak,1,0,0.0,0.0
vanderpol_mu2,64,0.05,4,raw_weak,x,0,0.0,0.0
vanderpol_mu2,64,0.05,4,raw_weak,x*x,0,0.0,0.0
vanderpol_mu2,64,0.05,4,raw_weak,x*x*x,0,0.0,0.0
vanderpol_mu2,64,0.05,4,raw_weak,x*x*y,0,0.0,0.0
vanderpol_mu2,64,0.05,4,raw_weak,x*y,0,0.0,0.0
vanderpol_mu2,64,0.05,4,raw_weak,x*y*y,0,0.0,0.0
vanderpol_mu2,64,0.05,4,raw_weak,y,0,0.9947107008492135,1.0
vanderpol_mu2,64,0.05,4,raw_weak,y*y,0,0.0,0.0
vanderpol_mu2,64,0.05,4,raw_weak,y*y*y,0,0.0,0.0
vanderpol_mu2,64,0.05,4,raw_weak,1,1,0.0,0.0
vanderpol_mu2,64,0.05,4,raw_weak,x,1,-0.9747427073133235,-1.0
vanderpol_mu2,64,0.05,4,raw_weak,x*x,1,0.0,0.0
vanderpol_mu2,64,0.05,4,raw_weak,x*x*x,1,0.0,0.0
vanderpol_mu2,64,0.05,4,raw_weak,x*x*y,1,-1.8612404572004246,-2.0
vanderpol_mu2,64,0.05,4,raw_weak,x*y,1,0.0,0.0
vanderpol_mu2,64,0.05,4,raw_weak,x*y*y,1,0.0,0.0
vanderpol_mu2,64,0.05,4,raw_weak,y,1,1.9238576885671874,2.0
vanderpol_mu2,64,0.05,4,raw_weak,y*y,1,0.0,0.0
vanderpol_mu2,64,0.05,4,raw_weak,y*y*y,1,0.0,0.0
vanderpol_mu2,64,0.05,4,tv_weak,1,0,0.0,0.0
vanderpol_mu2,64,0.05,4,tv_weak,x,0,0.0,0.0
vanderpol_mu2,64,0.05,4,tv_weak,x*x,0,0.0,0.0
vanderpol_mu2,64,0.05,4,tv_weak,x*x*x,0,0.0,0.0
vanderpol_mu2,64,0.05,4,tv_weak,x*x*y,0,0.0,0.0
vanderpol_mu2,64,0.05,4,tv_weak,x*y,0,0.0,0.0
vanderpol_mu2,64,0.05,4,tv_weak,x*y*y,0,0.0,0.0
vanderpol_mu2,64,0.05,4,tv_weak,y,0,0.9946999041046453,1.0
vanderpol_mu2,64,0.05,4,tv_weak,y*y,0,0.0,0.0
vanderpol_mu2,64,0.05,4,tv_weak,y*y*y,0,0.0,0.0
vanderpol_mu2,64,0.05,4,tv_weak,1,1,0.0,0.0
vanderpol_mu2,64,0.05,4,tv_weak,x,1,-0.9748952114785554,-1.0
vanderpol_mu2,64,0.05,4,tv_weak,x*x,1,0.0,0.0
vanderpol_mu2,64,0.05,4,tv_weak,x*x*x,1,0.0,0.0
vanderpol_mu2,64,0.05,4,tv_weak,x*x*y,1,-1.861325917063943,-2.0
vanderpol_mu2,64,0.05,4,tv_weak,x*y,1,0.0,0.0
vanderpol_mu2,64,0.05,4,tv_weak,x*y*y,1,0.0,0.0
vanderpol_mu2,64,0.05,4,tv_weak,y,1,1.9235483773211395,2.0
vanderpol_mu2,64,0.05,4,tv_weak,y*y,1,0.0,0.0
vanderpol_mu2,64,0.05,4,tv_weak,y*y*y,1,0.0,0.0
vanderpol_mu2,64,0.1,0,edmd_weak,1,0,0.0,0.0
vanderpol_mu2,64,0.1,0,edmd_weak,x,0,0.0,0.0
vanderpol_mu2,64,0.1,0,edmd_weak,x*x,0,0.0,0.0
vanderpol_mu2,64,0.1,0,edmd_weak,x*x*x,0,0.0,0.0
vanderpol_mu2,64,0.1,0,edmd_weak,x*x*y,0,0.0,0.0
vanderpol_mu2,64,0.1,0,edmd_weak,x*y,0,0.0,0.0
vanderpol_mu2,64,0.1,0,edmd_weak,x*y*y,0,0.0,0.0
vanderpol_mu2,64,0.1,0,edmd_weak,y,0,1.0088815609503203,1.0
vanderpol_mu2,64,0.1,0,edmd_weak,y*y,0,0.0,0.0
vanderpol_mu2,64,0.1,0,edmd_weak,y*y*y,0,0.0,0.0
vanderpol_mu2,64,0.1,0,edmd_weak,1,1,0.0,0.0
vanderpol_mu2,64,0.1,0,edmd_weak,x,1,0.0,-1.0
vanderpol_mu2,64,0.1,0,edmd_weak,x*x,1,0.0,0.0
vanderpol_mu2,64,0.1,0,edmd_weak,x*x*x,1,0.0,0.0
vanderpol_mu2,64,0.1,0,edmd_weak,x*x*y,1,-0.9920205894709961,-2.0
vanderpol_mu2,64,0.1,0,edmd_weak,x*y,1,0.0,0.0
vanderpol_mu2,64,0.1,0,edmd_weak,x*y*y,1,0.0,0.0
vanderpol_mu2,64,0.1,0,edmd_weak,y,1,1.0243731688332305,2.0
vanderpol_mu2,64,0.1,0,edmd_weak,y*y,1,0.0,0.0
vanderpol_mu2,64,0.1,0,edmd_weak,y*y*y,1,0.0,0.0
vanderpol_mu2,64,0.1,0,linear_weak,1,0,0.0,0.0
vanderpol_mu2,64,0.1,0,linear_weak,x,0,0.0,0.0
vanderpol_mu2,64,0.1,0,linear_weak,x*x,0,0.0,0.0
vanderpol_mu2,64,0.1,0,linear_weak,x*x*x,0,0.0,0.0
vanderpol_mu2,64,0.1,0,linear_weak,x*x*y,0,0.0,0.0
vanderpol_mu2,64,0.1,0,linear_weak,x*y,0,0.0,0.0
vanderpol_mu2,64,0.1,0,linear_weak,x*y*y,0,0.0,0.0
vanderpol_mu2,64,0.1,0,linear_weak,y,0,1.013217392023288,1.0
vanderpol_mu2,64,0.1,0,linear_weak,y*y,0,0.0,0.0
vanderpol_mu2,64,0.1,0,linear_weak,y*y*y,0,0.0,0.0
vanderpol_mu2,64,0.1,0,linear_weak,1,1,0.0,0.0
vanderpol_mu2,64,0.1,0,linear_weak,x,1,-0.8916517273605068,-1.0
vanderpol_mu2,64,0.1,0,linear_weak,x*x,1,0.0,0.0
vanderpol_mu2,64,0.1,0,linear_weak,x*x*x,1,0.0,0.0
vanderpol_mu2,64,0.1,0,linear_weak,x*x*y,1,-1.3798439854704974,-2.0
vanderpol_mu2,64,0.1,0,linear_weak,x*y,1,0.0,0.0
vanderpol_mu2,64,0.1,0,linear_weak,x*y*y,1,0.0,0.0
vanderpol_mu2,64,0.1,0,linear_weak,y,1,1.402518895573866,2.0
vanderpol_mu2,64,0.1,0,linear_weak,y*y,1,0.0,0.0
vanderpol_mu2,64,0.1,0,linear_weak,y*y*y,1,0.0,0.0
vanderpol_mu2,64,0.1,0,raw_weak,1,0,0.0,0.0
vanderpol_mu2,64,0.1,0,raw_weak,x,0,0.0,0.0
vanderpol_mu2,64,0.1,0,raw_weak,x*x,0,0.0,0.0
vanderpol_mu2,64,0.1,0,raw_weak,x*x*x,0,0.0,0.0
vanderpol_mu2,64,0.1,0,raw_weak,x*x*y,0,0.0,0.0
vanderpol_mu2,64,0.1,0,raw_weak,x*y,0,0.0,0.0
vanderpol_mu2,64,0.1,0,raw_weak,x*y*y,0,0.0,0.0
vanderpol_mu2,64,0.1,0,raw_weak,y,0,1.013217392023288,1.0
vanderpol_mu2,64,0.1,0,raw_weak,y*y,0,0.0,0.0
vanderpol_mu2,64,0.1,0,raw_weak,y*y*y,0,0.0,0.0
vanderpol_mu2,64,0.1,0,raw_weak,1,1,0.0,0.0
vanderpol_mu2,64,0.1,0,raw_weak,x,1,-0.9233378941294836,-1.0
vanderpol_mu2,64,0.1,0,raw_weak,x*x,1,0.0,0.0
vanderpol_mu2,64,0.1,0,raw_weak,x*x*x,1,0.0,0.0
vanderpol_mu2,64,0.1,0,raw_weak,x*x*y,1,-1.4001761849616174,-2.0
vanderpol_mu2,64,0.1,0,raw_weak,x*y,1,0.0,0.0
vanderpol_mu2,64,0.1,0,raw_weak,x*y*y,1,0.0,0.0
vanderpol_mu2,64,0.1,0,raw_weak,y,1,1.4373014218187647,2.0
vanderpol_mu2,64,0.1,0,raw_weak,y*y,1,0.0,0.0
vanderpol_mu2,64,0.1,0,raw_weak,y*y*y,1,0.0,0.0
vanderpol_mu2,64,0.1,0,tv_weak,1,0,0.0,0.0
vanderpol_mu2,64,0.1,0,tv_weak,x,0,0.0,0.0
vanderpol_mu2,64,0.1,0,tv_weak,x*x,0,0.0,0.0
vanderpol_mu2,64,0.1,0,tv_weak,x*x*x,0,0.0,0.0
vanderpol_mu2,64,0.1,0,tv_weak,x*x*y,0,0.0,0.0
vanderpol_mu2,64,0.1,0,tv_weak,x*y,0,0.0,0.0
vanderpol_mu2,64,0.1,0,tv_weak,x*y*y,0,0.0,0.0
vanderpol_mu2,64,0.1,0,tv_weak,y,0,1.013205599919462,1.0
vanderpol_mu2,64,0.1,0,tv_weak,y*y,0,0.0,0.0
vanderpol_mu2,64,0.1,0,tv_weak,y*y*y,0,0.0,0.0
vanderpol_mu2,64,0.1,0,tv_weak,1,1,0.0,0.0
vanderpol_mu2,64,0.1,0,tv_weak,x,1,-0.9234252935430132,-1.0
vanderpol_mu2,64,0.1,0,tv_weak,x*x,1,0.0,0.0
vanderpol_mu2,64,0.1,0,tv_weak,x*x*x,1,0.0,0.0
vanderpol_mu2,64,0.1,0,tv_weak,x*x*y,1,-1.4004296597612285,-2.0
vanderpol_mu2,64,0.1,0,tv_weak,x*y,1,0.0,0.0
vanderpol_mu2,64,0.1,0,tv_weak,x*y*y,1,0.0,0.0
vanderpol_mu2,64,0.1,0,tv_weak,y,1,1.4374882536257074,2.0
vanderpol_mu2,64,0.1,0,tv_weak,y*y,1,0.0,0.0
vanderpol_mu2,64,0.1,0,tv_weak,y*y*y,1,0.0,0.0
vanderpol_mu2,64,0.1,1,edmd_weak,1,0,0.0,0.0
vanderpol_mu2,64,0.1,1,edmd_weak,x,0,0.0,0.0
vanderpol_mu2,64,0.1,1,edmd_weak,x*x,0,0.0,0.0
vanderpol_mu2,64,0.1,1,edmd_weak,x*x*x,0,0.0,0.0
vanderpol_mu2,64,0.1,1,edmd_weak,x*x*y,0,0.0,0.0
vanderpol_mu2,64,0.1,1,edmd_weak,x*y,0,0.0,0.0
vanderpol_mu2,64,0.1,1,edmd_weak,x*y*y,0,0.0,0.0
vanderpol_mu2,64,0.1,1,edmd_weak,y,0,1.0219035827148806,1.0
vanderpol_mu2,64,0.1,1,edmd_weak,y*y,0,0.0,0.0
vanderpol_mu2,64,0.1,1,edmd_weak,y*y*y,0,0.0,0.0
vanderpol_mu2,64,0.1,1,edmd_weak,1,1,0.0,0.0
vanderpol_mu2,64,0.1,1,edmd_weak,x,1,0.0,-1.0
vanderpol_mu2,64,0.1,1,edmd_weak,x*x,1,0.0,0.0
vanderpol_mu2,64,0.1,1,edmd_weak,x*x*x,1,0.0,0.0
vanderpol_mu2,64,0.1,1,edmd_weak,x*x*y,1,-1.2317091512035692,-2.0
vanderpol_mu2,64,0.1,1,edmd_weak,x*y,1,0.0,0.0
vanderpol_mu2,64,0.1,1,edmd_weak,x*y*y,1,0.0,0.0
vanderpol_mu2,64,0.1,1,edmd_weak,y,1,1.3177732770477104,2.0
vanderpol_mu2,64,0.1,1,edmd_weak,y*y,1,0.0,0.0
vanderpol_mu2,64,0.1,1,edmd_weak,y*y*y,1,0.0,0.0
vanderpol_mu2,64,0.1,1,linear_weak,1,0,0.0,0.0
vanderpol_mu2,64,0.1,1,linear_weak,x,0,0.0,0.0
vanderpol_mu2,64,0.1,1,linear_weak,x*x,0,0.0,0.0
vanderpol_mu2,64,0.1,1,linear_weak,x*x*x,0,0.0,0.0
vanderpol_mu2,64,0.1,1,linear_weak,x*x*y,0,0.0,0.0
vanderpol_mu2,64,0.1,1,linear_weak,x*y,0,0.0,0.0
vanderpol_mu2,64,0.1,1,linear_weak,x*y*y,0,0.0,0.0
vanderpol_mu2,64,0.1,1,linear_weak,y,0,1.0182843537325816,1.0
vanderpol_mu2,64,0.1,1,linear_weak,y*y,0,0.0,0.0
vanderpol_mu2,64,0.1,1,linear_weak,y*y*y,0,0.0,0.0
vanderpol_mu2,64,0.1,1,linear_weak,1,1,0.0,0.0
vanderpol_mu2,64,0.1,1,linear_weak,x,1,-0.9369729698134385,-1.0
vanderpol_mu2,64,0.1,1,linear_weak,x*x,1,0.0,0.0
vanderpol_mu2,64,0.1,1,linear_weak,x*x*x,1,0.0,0.0
vanderpol_mu2,64,0.1,1,linear_weak,x*x*y,1,-1.7043130927739747,-2.0
vanderpol_mu2,64,0.1,1,linear_weak,x*y,1,0.0,0.0
vanderpol_mu2,64,0.1,1,linear_weak,x*y*y,1,0.0,0.0
vanderpol_mu2,64,0.1,1,linear_weak,y,1,1.726089209966759,2.0
vanderpol_mu2,64,0.1,1,linear_weak,y*y,1,0.0,0.0
vanderpol_mu2,64,0.1,1,linear_weak,y*y*y,1,0.0,0.0
vanderpol_mu2,64,0.1,1,raw_weak,1,0,0.0,0.0
vanderpol_mu2,64,0.1,1,raw_weak,x,0,0.0,0.0
vanderpol_mu2,64,0.1,1,raw_weak,x*x,0,0.0,0.0
vanderpol_mu2,64,0.1,1,raw_weak,x*x*x,0,0.0,0.0
vanderpol_mu2,64,0.1,1,raw_weak,x*x*y,0,0.0,0.0
vanderpol_mu2,64,0.1,1,raw_weak,x*y,0,0.0,0.0
vanderpol_mu2,64,0.1,1,raw_weak,x*y*y,0,0.0,0.0
vanderpol_mu2,64,0.1,1,raw_weak,y,0,1.018284353732582,1.0
vanderpol_mu2,64,0.1,1,raw_weak,y*y,0,0.0,0.0
vanderpol_mu2,64,0.1,1,raw_weak,y*y*y,0,0.0,0.0
vanderpol_mu2,64,0.1,1,raw_weak,1,1,0.0,0.0
vanderpol_mu2,64,0.1,1,raw_weak,x,1,-0.9878005569160458,-1.0
vanderpol_mu2,64,0.1,1,raw_weak,x*x,1,0.0,0.0
vanderpol_mu2,64,0.1,1,raw_weak,x*x*x,1,0.0,0.0
vanderpol_mu2,64,0.1,1,raw_weak,x*x*y,1,-1.7954422556254566,-2.0
vanderpol_mu2,64,0.1,1,raw_weak,x*y,1,0.0,0.0
vanderpol_mu2,64,0.1,1,raw_weak,x*y*y,1,0.0,0.0
vanderpol_mu2,64,0.1,1,raw_weak,y,1,1.853639107634646,2.0
vanderpol_mu2,64,0.1,1,raw_weak,y*y,1,0.0,0.0
vanderpol_mu2,64,0.1,1,raw_weak,y*y*y,1,0.0,0.0
vanderpol_mu2,64,0.1,1,tv_weak,1,0,0.0,0.0
vanderpol_mu2,64,0.1,1,tv_weak,x,0,0.0,0.0
vanderpol_mu2,64,0.1,1,tv_weak,x*x,0,0.0,0.0
vanderpol_mu2,64,0.1,1,tv_weak,x*x*x,0,0.0,0.0
vanderpol_mu2,64,0.1,1,tv_weak,x*x*y,0,0.0,0.0
vanderpol_mu2,64,0.1,1,tv_weak,x*y,0,0.0,0.0
vanderpol_mu2,64,0.1,1,tv_weak,x*y*y,0,0.0,0.0
vanderpol_mu2,64,0.1,1,tv_weak,y,0,1.0182730760600667,1.0
vanderpol_mu2,64,0.1,1,tv_weak,y*y,0,0.0,0.0
vanderpol_mu2,64,0.1,1,tv_weak,y*y*y,0,0.0,0.0
vanderpol_mu2,64,0.1,1,tv_weak,1,1,0.0,0.0
vanderpol_mu2,64,0.1,1,tv_weak,x,1,-0.9877469987953768,-1.0
vanderpol_mu2,64,0.1,1,tv_weak,x*x,1,0.0,0.0
vanderpol_mu2,64,0.1,1,tv_weak,x*x*x,1,0.0,0.0
vanderpol_mu2,64,0.1,1,tv_weak,x*x*y,1,-1.7956245060843878,-2.0
vanderpol_mu2,64,0.1,1,tv_weak,x*y,1,0.0,0.0
vanderpol_mu2,64,0.1,1,tv_weak,x*y*y,1,0.0,0.0
vanderpol_mu2,64,0.1,1,tv_weak,y,1,1.8536222147282986,2.0
vanderpol_mu2,64,0.1,1,tv_weak,y*y,1,0.0,0.0
vanderpol_mu2,64,0.1,1,tv_weak,y*y*y,1,0.0,0.0
vanderpol_mu2,64,0.1,2,edmd_weak,1,0,0.0,0.0
vanderpol_mu2,64,0.1,2,edmd_weak,x,0,0.0,0.0
vanderpol_mu2,64,0.1,2,edmd_weak,x*x,0,0.0,0.0
vanderpol_mu2,64,0.1,2,edmd_weak,x*x*x,0,0.0,0.0
vanderpol_mu2,64,0.1,2,edmd_weak,x*x*y,0,0.0,0.0
vanderpol_mu2,64,0.1,2,edmd_weak,x*y,0,0.0,0.0
vanderpol_mu2,64,0.1,2,edmd_weak,x*y*y,0,0.0,0.0
vanderpol_mu2,64,0.1,2,edmd_weak,y,0,1.0294462151325559,1.0
vanderpol_mu2,64,0.1,2,edmd_weak,y*y,0,0.0,0.0
vanderpol_mu2,64,0.1,2,edmd_weak,y*y*y,0,0.0,0.0
vanderpol_mu2,64,0.1,2,edmd_weak,1,1,0.0,0.0
vanderpol_mu2,64,0.1,2,edmd_weak,x,1,-1.064888368182252,-1.0
vanderpol_mu2,64,0.1,2,edmd_weak,x*x,1,0.0,0.0
vanderpol_mu2,64,0.1,2,edmd_weak,x*x*x,1,0.0,0.0
vanderpol_mu2,64,0.1,2,edmd_weak,x*x*y,1,-2.0668656170839745,-2.0
vanderpol_mu2,64,0.1,2,edmd_weak,x*y,1,0.0,0.0
vanderpol_mu2,64,0.1,2,edmd_weak,x*y*y,1,0.0,0.0
vanderpol_mu2,64,0.1,2,edmd_weak,y,1,2.0603925379724815,2.0
vanderpol_mu2,64,0.1,2,edmd_weak,y*y,1,0.0,0.0
vanderpol_mu2,64,0.1,2,edmd_weak,y*y*y,1,0.0,0.0
vanderpol_mu2,64,0.1,2,linear_weak,1,0,0.0,0.0
vanderpol_mu2,64,0.1,2,linear_weak,x,0,0.0,0.0
vanderpol_mu2,64,0.1,2,linear_weak,x*x,0,0.0,0.0
vanderpol_mu2,64,0.1,2,linear_weak,x*x*x,0,0.0,0.0
vanderpol_mu2,64,0.1,2,linear_weak,x*x*y,0,0.0,0.0
vanderpol_mu2,64,0.1,2,linear_weak,x*y,0,0.0,0.0
vanderpol_mu2,64,0.1,2,linear_weak,x*y*y,0,0.0,0.0
vanderpol_mu2,64,0.1,2,linear_weak,y,0,1.0185309548621762,1.0
vanderpol_mu2,64,0.1,2,linear_weak,y*y,0,0.0,0.0
vanderpol_mu2,64,0.1,2,linear_weak,y*y*y,0,0.0,0.0
vanderpol_mu2,64,0.1,2,linear_weak,1,1,0.0,0.0
vanderpol_mu2,64,0.1,2,linear_weak,x,1,-0.9909497565386918,-1.0
vanderpol_mu2,64,0.1,2,linear_weak,x*x,1,0.0,0.0
vanderpol_mu2,64,0.1,2,linear_weak,x*x*x,1,0.0,0.0
vanderpol_mu2,64,0.1,2,linear_weak,x*x*y,1,-1.7392453690803669,-2.0
vanderpol_mu2,64,0.1,2,linear_weak,x*y,1,0.0,0.0
vanderpol_mu2,64,0.1,2,linear_weak,x*y*y,1,0.0,0.0
vanderpol_mu2,64,0.1,2,linear_weak,y,1,1.6748371904977548,2.0
vanderpol_mu2,64,0.1,2,linear_weak,y*y,1,0.0,0.0
vanderpol_mu2,64,0.1,2,linear_weak,y*y*y,1,0.0,0.0
vanderpol_mu2,64,0.1,2,raw_weak,1,0,0.0,0.0
vanderpol_mu2,64,0.1,2,raw_weak,x,0,0.0,0.0
vanderpol_mu2,64,0.1,2,raw_weak,x*x,0,0.0,0.0
vanderpol_mu2,64,0.1,2,raw_weak,x*x*x,0,0.0,0.0
vanderpol_mu2,64,0.1,2,raw_weak,x*x*y,0,0.0,0.0
vanderpol_mu2,64,0.1,2,raw_weak,x*y,0,0.0,0.0
vanderpol_mu2,64,0.1,2,raw_weak,x*y*y,0,0.0,0.0
vanderpol_mu2,64,0.1,2,raw_weak,y,0,1.0185309548621764,1.0
vanderpol_mu2,64,0.1,2,raw_weak,y*y,0,0.0,0.0
vanderpol_mu2,64,0.1,2,raw_weak,y*y*y,0,0.0,0.0
vanderpol_mu2,64,0.1,2,raw_weak,1,1,0.0,0.0
vanderpol_mu2,64,0.1,2,raw_weak,x,1,-1.0453321944527663,-1.0
vanderpol_mu2,64,0.1,2,raw_weak,x*x,1,0.0,0.0
vanderpol_mu2,64,0.1,2,raw_weak,x*x*x,1,0.0,0.0
vanderpol_mu2,64,0.1,2,raw_weak,x*x*y,1,-1.8012577054299375,-2.0
vanderpol_mu2,64,0.1,2,raw_weak,x*y,1,0.0,0.0
vanderpol_mu2,64,0.1,2,raw_weak,x*y*y,1,0.0,0.0
vanderpol_mu2,64,0.1,2,raw_weak,y,1,1.7725815944008778,2.0
vanderpol_mu2,64,0.1,2,raw_weak,y*y,1,0.0,0.0
vanderpol_mu2,64,0.1,2,raw_weak,y*y*y,1,0.0,0.0
vanderpol_mu2,64,0.1,2,tv_weak,1,0,0.0,0.0
vanderpol_mu2,64,0.1,2,tv_weak,x,0,0.0,0.0
vanderpol_mu2,64,0.1,2,tv_weak,x*x,0,0.0,0.0
vanderpol_mu2,64,0.1,2,tv_weak,x*x*x,0,0.0,0.0
vanderpol_mu2,64,0.1,2,tv_weak,x*x*y,0,0.0,0.0
vanderpol_mu2,64,0.1,2,tv_weak,x*y,0,0.0,0.0
vanderpol_mu2,64,0.1,2,tv_weak,x*y*y,0,0.0,0.0
vanderpol_mu2,64,0.1,2,tv_weak,y,0,1.0185222121393886,1.0
vanderpol_mu2,64,0.1,2,tv_weak,y*y,0,0.0,0.0
vanderpol_mu2,64,0.1,2,tv_weak,y*y*y,0,0.0,0.0
vanderpol_mu2,64,0.1,2,tv_weak,1,1,0.0,0.0
vanderpol_mu2,64,0.1,2,tv_weak,x,1,-1.045363752248025,-1.0
vanderpol_mu2,64,0.1,2,tv_weak,x*x,1,0.0,0.0
vanderpol_mu2,64,0.1,2,tv_weak,x*x*x,1,0.0,0.0
vanderpol_mu2,64,0.1,2,tv_weak,x*x*y,1,-1.8015579042424823,-2.0
vanderpol_mu2,64,0.1,2,tv_weak,x*y,1,0.0,0.0
vanderpol_mu2,64,0.1,2,tv_weak,x*y*y,1,0.0,0.0
vanderpol_mu2,64,0.1,2,tv_weak,y,1,1.7724932585853763,2.0
vanderpol_mu2,64,0.1,2,tv_weak,y*y,1,0.0,0.0
vanderpol_mu2,64,0.1,2,tv_weak,y*y*y,1,0.0,0.0
vanderpol_mu2,64,0.1,3,edmd_weak,1,0,0.0,0.0
vanderpol_mu2,64,0.1,3,edmd_weak,x,0,0.0,0.0
vanderpol_mu2,64,0.1,3,edmd_weak,x*x,0,0.0,0.0
vanderpol_mu2,64,0.1,3,edmd_weak,x*x*x,0,0.0,0.0
vanderpol_mu2,64,0.1,3,edmd_weak,x*x*y,0,0.0,0.0
vanderpol_mu2,64,0.1,3,edmd_weak,x*y,0,0.0,0.0
vanderpol_mu2,64,0.1,3,edmd_weak,x*y*y,0,0.0,0.0
vanderpol_mu2,64,0.1,3,edmd_weak,y,0,1.004695406513356,1.0
vanderpol_mu2,64,0.1,3,edmd_weak,y*y,0,0.0,0.0
vanderpol_mu2,64,0.1,3,edmd_weak,y*y*y,0,0.0,0.0
vanderpol_mu2,64,0.1,3,edmd_weak,1,1,0.0,0.0
vanderpol_mu2,64,0.1,3,edmd_weak,x,1,0.0,-1.0
vanderpol_mu2,64,0.1,3,edmd_weak,x*x,1,0.0,0.0
vanderpol_mu2,64,0.1,3,edmd_weak,x*x*x,1,0.0,0.0
vanderpol_mu2,64,0.1,3,edmd_weak,x*x*y,1,-1.4440203962626148,-2.0
vanderpol_mu2,64,0.1,3,edmd_weak,x*y,1,0.0,0.0
vanderpol_mu2,64,0.1,3,edmd_weak,x*y*y,1,0.0,0.0
vanderpol_mu2,64,0.1,3,edmd_weak,y,1,1.6165376818727586,2.0
vanderpol_mu2,64,0.1,3,edmd_weak,y*y,1,0.0,0.0
vanderpol_mu2,64,0.1,3,edmd_weak,y*y*y,1,0.0,0.0
vanderpol_mu2,64,0.1,3,linear_weak,1,0,0.0,0.0
vanderpol_mu2,64,0.1,3,linear_weak,x,0,0.0,0.0
vanderpol_mu2,64,0.1,3,linear_weak,x*x,0,0.0,0.0
vanderpol_mu2,64,0.1,3,linear_weak,x*x*x,0,0.0,0.0
vanderpol_mu2,64,0.1,3,linear_weak,x*x*y,0,0.0,0.0
vanderpol_mu2,64,0.1,3,linear_weak,x*y,0,0.0,0.0
vanderpol_mu2,64,0.1,3,linear_weak,x*y*y,0,0.0,0.0
vanderpol_mu2,64,0.1,3,linear_weak,y,0,0.0,1.0
vanderpol_mu2,64,0.1,3,linear_weak,y*y,0,0.0,0.0
vanderpol_mu2,64,0.1,3,linear_weak,y*y*y,0,0.0,0.0
vanderpol_mu2,64,0.1,3,linear_weak,1,1,0.0,0.0
vanderpol_mu2,64,0.1,3,linear_weak,x,1,0.0,-1.0
vanderpol_mu2,64,0.1,3,linear_weak,x*x,1,0.0,0.0
vanderpol_mu2,64,0.1,3,linear_weak,x*x*x,1,0.0,0.0
vanderpol_mu2,64,0.1,3,linear_weak,x*x*y,1,-1.3055210664866717,-2.0
vanderpol_mu2,64,0.1,3,linear_weak,x*y,1,0.0,0.0
vanderpol_mu2,64,0.1,3,linear_weak,x*y*y,1,0.0,0.0
vanderpol_mu2,64,0.1,3,linear_weak,y,1,1.3980628439843876,2.0
vanderpol_mu2,64,0.1,3,linear_weak,y*y,1,0.0,0.0
vanderpol_mu2,64,0.1,3,linear_weak,y*y*y,1,0.0,0.0
vanderpol_mu2,64,0.1,3,raw_weak,1,0,0.0,0.0
vanderpol_mu2,64,0.1,3,raw_weak,x,0,0.0,0.0
vanderpol_mu2,64,0.1,3,raw_weak,x*x,0,0.0,0.0
vanderpol_mu2,64,0.1,3,raw_weak,x*x*x,0,0.0,0.0
vanderpol_mu2,64,0.1,3,raw_weak,x*x*y,0,0.0,0.0
vanderpol_mu2,64,0.1,3,raw_weak,x*y,0,0.0,0.0
vanderpol_mu2,64,0.1,3,raw_weak,x*y*y,0,0.0,0.0
vanderpol_mu2,64,0.1,3,raw_weak,y,0,1.0068436799116331,1.0
vanderpol_mu2,64,0.1,3,raw_weak,y*y,0,0.0,0.0
vanderpol_mu2,64,0.1,3,raw_weak,y*y*y,0,0.0,0.0
vanderpol_mu2,64,0.1,3,raw_weak,1,1,0.0,0.0
vanderpol_mu2,64,0.1,3,raw_weak,x,1,-0.9032540062532131,-1.0
vanderpol_mu2,64,0.1,3,raw_weak,x*x,1,0.0,0.0
vanderpol_mu2,64,0.1,3,raw_weak,x*x*x,1,0.0,0.0
vanderpol_mu2,64,0.1,3,raw_weak,x*x*y,1,-1.6941221830672637,-2.0
vanderpol_mu2,64,0.1,3,raw_weak,x*y,1,0.0,0.0
vanderpol_mu2,64,0.1,3,raw_weak,x*y*y,1,0.0,0.0
vanderpol_mu2,64,0.1,3,raw_weak,y,1,1.8981705805348013,2.0
vanderpol_mu2,64,0.1,3,raw_weak,y*y,1,0.0,0.0
vanderpol_mu2,64,0.1,3,raw_weak,y*y*y,1,0.0,0.0
vanderpol_mu2,64,0.1,3,tv_weak,1,0,0.0,0.0
vanderpol_mu2,64,0.1,3,tv_weak,x,0,0.0,0.0
vanderpol_mu2,64,0.1,3,tv_weak,x*x,0,0.0,0.0
vanderpol_mu2,64,0.1,3,tv_weak,x*x*x,0,0.0,0.0
vanderpol_mu2,64,0.1,3,tv_weak,x*x*y,0,0.0,0.0
vanderpol_mu2,64,0.1,3,tv_weak,x*y,0,0.0,0.0
vanderpol_mu2,64,0.1,3,tv_weak,x*y*y,0,0.0,0.0
vanderpol_mu2,64,0.1,3,tv_weak,y,0,1.0068262884715327,1.0
vanderpol_mu2,64,0.1,3,tv_weak,y*y,0,0.0,0.0
vanderpol_mu2,64,0.1,3,tv_weak,y*y*y,0,0.0,0.0
vanderpol_mu2,64,0.1,3,tv_weak,1,1,0.0,0.0
vanderpol_mu2,64,0.1,3,tv_weak,x,1,-0.9033634745180561,-1.0
vanderpol_mu2,64,0.1,3,tv_weak,x*x,1,0.0,0.0
vanderpol_mu2,64,0.1,3,tv_weak,x*x*x,1,0.0,0.0
vanderpol_mu2,64,0.1,3,tv_weak,x*x*y,1,-1.6943284967822647,-2.0
vanderpol_mu2,64,0.1,3,tv_weak,x*y,1,0.0,0.0
vanderpol_mu2,64,0.1,3,tv_weak,x*y*y,1,0.0,0.0
vanderpol_mu2,64,0.1,3,tv_weak,y,1,1.8980264049828817,2.0
vanderpol_mu2,64,0.1,3,tv_weak,y*y,1,0.0,0.0
vanderpol_mu2,64,0.1,3,tv_weak,y*y*y,1,0.0,0.0
vanderpol_mu2,64,0.1,4,edmd_weak,1,0,0.0,0.0
vanderpol_mu2,64,0.1,4,edmd_weak,x,0,0.0,0.0
vanderpol_mu2,64,0.1,4,edmd_weak,x*x,0,0.0,0.0
vanderpol_mu2,64,0.1,4,edmd_weak,x*x*x,0,0.0,0.0
vanderpol_mu2,64,0.1,4,edmd_weak,x*x*y,0,0.0,0.0
vanderpol_mu2,64,0.1,4,edmd_weak,x*y,0,0.0,0.0
vanderpol_mu2,64,0.1,4,edmd_weak,x*y*y,0,0.0,0.0
vanderpol_mu2,64,0.1,4,edmd_weak,y,0,0.9607713393364848,1.0
vanderpol_mu2,64,0.1,4,edmd_weak,y*y,0,0.0,0.0
vanderpol_mu2,64,0.1,4,edmd_weak,y*y*y,0,0.0,0.0
vanderpol_mu2,64,0.1,4,edmd_weak,1,1,0.0,0.0
vanderpol_mu2,64,0.1,4,edmd_weak,x,1,0.0,-1.0
vanderpol_mu2,64,0.1,4,edmd_weak,x*x,1,0.0,0.0
vanderpol_mu2,64,0.1,4,edmd_weak,x*x*x,1,0.0,0.0
vanderpol_mu2,64,0.1,4,edmd_weak,x*x*y,1,-1.013225628543784,-2.0
vanderpol_mu2,64,0.1,4,edmd_weak,x*y,1,0.0,0.0
vanderpol_mu2,64,0.1,4,edmd_weak,x*y*y,1,-0.8048018624131307,0.0
vanderpol_mu2,64,0.1,4,edmd_weak,y,1,2.1595121960156884,2.0
vanderpol_mu2,64,0.1,4,edmd_weak,y*y,1,0.0,0.0
vanderpol_mu2,64,0.1,4,edmd_weak,y*y*y,1,0.0,0.0
vanderpol_mu2,64,0.1,4,linear_weak,1,0,0.0,0.0
vanderpol_mu2,64,0.1,4,linear_weak,x,0,0.0,0.0
vanderpol_mu2,64,0.1,4,linear_weak,x*x,0,0.0,0.0
vanderpol_mu2,64,0.1,4,linear_weak,x*x*x,0,0.0,0.0
vanderpol_mu2,64,0.1,4,linear_weak,x*x*y,0,0.0,0.0
vanderpol_mu2,64,0.1,4,linear_weak,x*y,0,0.0,0.0
vanderpol_mu2,64,0.1,4,linear_weak,x*y*y,0,0.0,0.0
vanderpol_mu2,64,0.1,4,linear_weak,y,0,0.9567119669953771,1.0
vanderpol_mu2,64,0.1,4,linear_weak,y*y,0,0.0,0.0
vanderpol_mu2,64,0.1,4,linear_weak,y*y*y,0,0.0,0.0
vanderpol_mu2,64,0.1,4,linear_weak,1,1,0.0,0.0
vanderpol_mu2,64,0.1,4,linear_weak,x,1,-1.0331913385212428,-1.0
vanderpol_mu2,64,0.1,4,linear_weak,x*x,1,0.0,0.0
vanderpol_mu2,64,0.1,4,linear_weak,x*x*x,1,0.0,0.0
vanderpol_mu2,64,0.1,4,linear_weak,x*x*y,1,-1.8254055881558775,-2.0
vanderpol_mu2,64,0.1,4,linear_weak,x*y,1,0.0,0.0
vanderpol_mu2,64,0.1,4,linear_weak,x*y*y,1,0.0,0.0
vanderpol_mu2,64,0.1,4,linear_weak,y,1,1.698636640903241,2.0
vanderpol_mu2,64,0.1,4,linear_weak,y*y,1,0.0,0.0
vanderpol_mu2,64,0.1,4,linear_weak,y*y*y,1,0.0,0.0
vanderpol_mu2,64,0.1,4,raw_weak,1,0,0.0,0.0
vanderpol_mu2,64,0.1,4,raw_weak,x,0,0.0,0.0
vanderpol_mu2,64,0.1,4,raw_weak,x*x,0,0.0,0.0
vanderpol_mu2,64,0.1,4,raw_weak,x*x*x,0,0.0,0.0
vanderpol_mu2,64,0.1,4,raw_weak,x*x*y,0,0.0,0.0
vanderpol_mu2,64,0.1,4,raw_weak,x*y,0,0.0,0.0
vanderpol_mu2,64,0.1,4,raw_weak,x*y*y,0,0.0,0.0
vanderpol_mu2,64,0.1,4,raw_weak,y,0,0.9567119669953771,1.0
vanderpol_mu2,64,0.1,4,raw_weak,y*y,0,0.0,0.0
vanderpol_mu2,64,0.1,4,raw_weak,y*y*y,0,0.0,0.0
vanderpol_mu2,64,0.1,4,raw_weak,1,1,0.0,0.0
vanderpol_mu2,64,0.1,4,raw_weak,x,1,-1.0836095810241118,-1.0
vanderpol_mu2,64,0.1,4,raw_weak,x*x,1,0.0,0.0
vanderpol_mu2,64,0.1,4,raw_weak,x*x*x,1,0.0,0.0
vanderpol_mu2,64,0.1,4,raw_weak,x*x*y,1,-1.9549813232279534,-2.0
vanderpol_mu2,64,0.1,4,raw_weak,x*y,1,0.0,0.0
vanderpol_mu2,64,0.1,4,raw_weak,x*y*y,1,0.0,0.0
vanderpol_mu2,64,0.1,4,raw_weak,y,1,1.8804668162601423,2.0
vanderpol_mu2,64,0.1,4,raw_weak,y*y,1,0.0,0.0
vanderpol_mu2,64,0.1,4,raw_weak,y*y*y,1,0.0,0.0
vanderpol_mu2,64,0.1,4,tv_weak,1,0,0.0,0.0
vanderpol_mu2,64,0.1,4,tv_weak,x,0,0.0,0.0
vanderpol_mu2,64,0.1,4,tv_weak,x*x,0,0.0,0.0
vanderpol_mu2,64,0.1,4,tv_weak,x*x*x,0,0.0,0.0
vanderpol_mu2,64,0.1,4,tv_weak,x*x*y,0,0.0,0.0
vanderpol_mu2,64,0.1,4,tv_weak,x*y,0,0.0,0.0
vanderpol_mu2,64,0.1,4,tv_weak,x*y*y,0,0.0,0.0
vanderpol_mu2,64,0.1,4,tv_weak,y,0,0.9567022912453261,1.0
vanderpol_mu2,64,0.1,4,tv_weak,y*y,0,0.0,0.0
vanderpol_mu2,64,0.1,4,tv_weak,y*y*y,0,0.0,0.0
vanderpol_mu2,64,0.1,4,tv_weak,1,1,0.0,0.0
vanderpol_mu2,64,0.1,4,tv_weak,x,1,-1.083735172318353,-1.0
vanderpol_mu2,64,0.1,4,tv_weak,x*x,1,0.0,0.0
vanderpol_mu2,64,0.1,4,tv_weak,x*x*x,1,0.0,0.0
vanderpol_mu2,64,0.1,4,tv_weak,x*x*y,1,-1.955226145994286,-2.0
vanderpol_mu2,64,0.1,4,tv_weak,x*y,1,0.0,0.0
vanderpol_mu2,64,0.1,4,tv_weak,x*y*y,1,0.0,0.0
vanderpol_mu2,64,0.1,4,tv_weak,y,1,1.8802571295093236,2.0
vanderpol_mu2,64,0.1,4,tv_weak,y*y,1,0.0,0.0
vanderpol_mu2,64,0.1,4,tv_weak,y*y*y,1,0.0,0.0
vanderpol_mu2,64,0.2,0,edmd_weak,1,0,0.0,0.0
vanderpol_mu2,64,0.2,0,edmd_weak,x,0,0.0,0.0
vanderpol_mu2,64,0.2,0,edmd_weak,x*x,0,0.0,0.0
vanderpol_mu2,64,0.2,0,edmd_weak,x*x*x,0,0.0,0.0
vanderpol_mu2,64,0.2,0,edmd_weak,x*x*y,0,0.0,0.0
vanderpol_mu2,64,0.2,0,edmd_weak,x*y,0,0.0,0.0
vanderpol_mu2,64,0.2,0,edmd_weak,x*y*y,0,0.0,0.0
vanderpol_mu2,64,0.2,0,edmd_weak,y,0,1.0534886296983486,1.0
vanderpol_mu2,64,0.2,0,edmd_weak,y*y,0,0.0,0.0
vanderpol_mu2,64,0.2,0,edmd_weak,y*y*y,0,0.0,0.0
vanderpol_mu2,64,0.2,0,edmd_weak,1,1,-0.13583908139144618,0.0
vanderpol_mu2,64,0.2,0,edmd_weak,x,1,0.0,-1.0
vanderpol_mu2,64,0.2,0,edmd_weak,x*x,1,0.0,0.0
vanderpol_mu2,64,0.2,0,edmd_weak,x*x*x,1,-0.13153774987172548,0.0
vanderpol_mu2,64,0.2,0,edmd_weak,x*x*y,1,-0.8748291967285202,-2.0
vanderpol_mu2,64,0.2,0,edmd_weak,x*y,1,-0.19070360015675128,0.0
vanderpol_mu2,64,0.2,0,edmd_weak,x*y*y,1,-1.2627803452981194,0.0
vanderpol_mu2,64,0.2,0,edmd_weak,y,1,0.2872562613235055,2.0
vanderpol_mu2,64,0.2,0,edmd_weak,y*y,1,0.0,0.0
vanderpol_mu2,64,0.2,0,edmd_weak,y*y*y,1,0.31285671716567875,0.0
vanderpol_mu2,64,0.2,0,linear_weak,1,0,0.0,0.0
vanderpol_mu2,64,0.2,0,linear_weak,x,0,0.0,0.0
vanderpol_mu2,64,0.2,0,linear_weak,x*x,0,0.0,0.0
vanderpol_mu2,64,0.2,0,linear_weak,x*x*x,0,0.0,0.0
vanderpol_mu2,64,0.2,0,linear_weak,x*x*y,0,0.0,0.0
vanderpol_mu2,64,0.2,0,linear_weak,x*y,0,0.0,0.0
vanderpol_mu2,64,0.2,0,linear_weak,x*y*y,0,0.0,0.0
vanderpol_mu2,64,0.2,0,linear_weak,y,0,1.0446127940030365,1.0
vanderpol_mu2,64,0.2,0,linear_weak,y*y,0,0.0,0.0
vanderpol_mu2,64,0.2,0,linear_weak,y*y*y,0,0.0,0.0
vanderpol_mu2,64,0.2,0,linear_weak,1,1,0.0,0.0
vanderpol_mu2,64,0.2,0,linear_weak,x,1,0.9773111904598794,-1.0
vanderpol_mu2,64,0.2,0,linear_weak,x*x,1,0.0,0.0
vanderpol_mu2,64,0.2,0,linear_weak,x*x*x,1,-0.32154724446497346,0.0
vanderpol_mu2,64,0.2,0,linear_weak,x*x*y,1,-0.7080512867061661,-2.0
vanderpol_mu2,64,0.2,0,linear_weak,x*y,1,0.0,0.0
vanderpol_mu2,64,0.2,0,linear_weak,x*y*y,1,-0.8568753282952523,0.0
vanderpol_mu2,64,0.2,0,linear_weak,y,1,2.05997052370313,2.0
vanderpol_mu2,64,0.2,0,linear_weak,y*y,1,0.0,0.0
vanderpol_mu2,64,0.2,0,linear_weak,y*y*y,1,0.0,0.0
vanderpol_mu2,64,0.2,0,raw_weak,1,0,0.0,0.0
vanderpol_mu2,64,0.2,0,raw_weak,x,0,0.0,0.0
vanderpol_mu2,64,0.2,0,raw_weak,x*x,0,0.0,0.0
vanderpol_mu2,64,0.2,0,raw_weak,x*x*x,0,0.0,0.0
vanderpol_mu2,64,0.2,0,raw_weak,x*x*y,0,0.0,0.0
vanderpol_mu2,64,0.2,0,raw_weak,x*y,0,0.0,0.0
vanderpol_mu2,64,0.2,0,raw_weak,x*y*y,0,0.0,0.0
vanderpol_mu2,64,0.2,0,raw_weak,y,0,1.0446127940030367,1.0
vanderpol_mu2,64,0.2,0,raw_weak,y*y,0,0.0,0.0
vanderpol_mu2,64,0.2,0,raw_weak,y*y*y,0,0.0,0.0
vanderpol_mu2,64,0.2,0,raw_weak,1,1,0.0,0.0
vanderpol_mu2,64,0.2,0,raw_weak,x,1,1.146136042378662,-1.0
vanderpol_mu2,64,0.2,0,raw_weak,x*x,1,0.0,0.0
vanderpol_mu2,64,0.2,0,raw_weak,x*x*x,1,-0.34368598282073565,0.0
vanderpol_mu2,64,0.2,0,raw_weak,x*x*y,1,-0.7824045443813753,-2.0
vanderpol_mu2,64,0.2,0,raw_weak,x*y,1,0.0,0.0
vanderpol_mu2,64,0.2,0,raw_weak,x*y*y,1,-0.7754390091498646,0.0
vanderpol_mu2,64,0.2,0,raw_weak,y,1,2.389487150904864,2.0
vanderpol_mu2,64,0.2,0,raw_weak,y*y,1,0.0,0.0
vanderpol_mu2,64,0.2,0,raw_weak,y*y*y,1,0.0,0.0
vanderpol_mu2,64,0.2,0,tv_weak,1,0,0.0,0.0
vanderpol_mu2,64,0.2,0,tv_weak,x,0,0.0,0.0
vanderpol_mu2,64,0.2,0,tv_weak,x*x,0,0.0,0.0
vanderpol_mu2,64,0.2,0,tv_weak,x*x*x,0,0.0,0.0
vanderpol_mu2,64,0.2,0,tv_weak,x*x*y,0,0.0,0.0
vanderpol_mu2,64,0.2,0,tv_weak,x*y,0,0.0,0.0
vanderpol_mu2,64,0.2,0,tv_weak,x*y*y,0,0.0,0.0
vanderpol_mu2,64,0.2,0,tv_weak,y,0,1.0445963141277337,1.0
vanderpol_mu2,64,0.2,0,tv_weak,y*y,0,0.0,0.0
vanderpol_mu2,64,0.2,0,tv_weak,y*y*y,0,0.0,0.0
vanderpol_mu2,64,0.2,0,tv_weak,1,1,0.0,0.0
vanderpol_mu2,64,0.2,0,tv_weak,x,1,1.1467404831861152,-1.0
vanderpol_mu2,64,0.2,0,tv_weak,x*x,1,0.0,0.0
vanderpol_mu2,64,0.2,0,tv_weak,x*x*x,1,-0.3438862069026615,0.0
vanderpol_mu2,64,0.2,0,tv_weak,x*x*y,1,-0.7821363138781088,-2.0
vanderpol_mu2,64,0.2,0,tv_weak,x*y,1,0.0,0.0
vanderpol_mu2,64,0.2,0,tv_weak,x*y*y,1,-0.7759020595482705,0.0
vanderpol_mu2,64,0.2,0,tv_weak,y,1,2.389384098244354,2.0
vanderpol_mu2,64,0.2,0,tv_weak,y*y,1,0.0,0.0
vanderpol_mu2,64,0.2,0,tv_weak,y*y*y,1,0.0,0.0
vanderpol_mu2,64,0.2,1,edmd_weak,1,0,0.0,0.0
vanderpol_mu2,64,0.2,1,edmd_weak,x,0,0.0,0.0
vanderpol_mu2,64,0.2,1,edmd_weak,x*x,0,0.0,0.0
vanderpol_mu2,64,0.2,1,edmd_weak,x*x*x,0,0.0,0.0
vanderpol_mu2,64,0.2,1,edmd_weak,x*x*y,0,0.0,0.0
vanderpol_mu2,64,0.2,1,edmd_weak,x*y,0,0.0,0.0
vanderpol_mu2,64,0.2,1,edmd_weak,x*y*y,0,0.0,0.0
vanderpol_mu2,64,0.2,1,edmd_weak,y,0,1.0405948492704193,1.0
vanderpol_mu2,64,0.2,1,edmd_weak,y*y,0,0.0,0.0
vanderpol_mu2,64,0.2,1,edmd_weak,y*y*y,0,0.0,0.0
vanderpol_mu2,64,0.2,1,edmd_weak,1,1,0.0,0.0
vanderpol_mu2,64,0.2,1,edmd_weak,x,1,0.0,-1.0
vanderpol_mu2,64,0.2,1,edmd_weak,x*x,1,0.0,0.0
vanderpol_mu2,64,0.2,1,edmd_weak,x*x*x,1,0.0,0.0
vanderpol_mu2,64,0.2,1,edmd_weak,x*x*y,1,0.0,-2.0
vanderpol_mu2,64,0.2,1,edmd_weak,x*y,1,0.0,0.0
vanderpol_mu2,64,0.2,1,edmd_weak,x*y*y,1,0.0,0.0
vanderpol_mu2,64,0.2,1,edmd_weak,y,1,0.0,2.0
vanderpol_mu2,64,0.2,1,edmd_weak,y*y,1,0.0,0.0
vanderpol_mu2,64,0.2,1,edmd_weak,y*y*y,1,0.0,0.0
vanderpol_mu2,64,0.2,1,linear_weak,1,0,0.0,0.0
vanderpol_mu2,64,0.2,1,linear_weak,x,0,0.0,0.0
vanderpol_mu2,64,0.2,1,linear_weak,x*x,0,0.0,0.0
vanderpol_mu2,64,0.2,1,linear_weak,x*x*x,0,0.0,0.0
vanderpol_mu2,64,0.2,1,linear_weak,x*x*y,0,0.0,0.0
vanderpol_mu2,64,0.2,1,linear_weak,x*y,0,0.0,0.0
vanderpol_mu2,64,0.2,1,linear_weak,x*y*y,0,0.0,0.0
vanderpol_mu2,64,0.2,1,linear_weak,y,0,1.029386519014483,1.0
vanderpol_mu2,64,0.2,1,linear_weak,y*y,0,0.0,0.0
vanderpol_mu2,64,0.2,1,linear_weak,y*y*y,0,0.0,0.0
vanderpol_mu2,64,0.2,1,linear_weak,1,1,0.0,0.0
vanderpol_mu2,64,0.2,1,linear_weak,x,1,-0.7506279938656145,-1.0
vanderpol_mu2,64,0.2,1,linear_weak,x*x,1,0.0,0.0
vanderpol_mu2,64,0.2,1,linear_weak,x*x*x,1,0.0,0.0
vanderpol_mu2,64,0.2,1,linear_weak,x*x*y,1,-1.1702539005188042,-2.0
vanderpol_mu2,64,0.2,1,linear_weak,x*y,1,0.0,0.0
vanderpol_mu2,64,0.2,1,linear_weak,x*y*y,1,0.0,0.0
vanderpol_mu2,64,0.2,1,linear_weak,y,1,1.5020069858297345,2.0
vanderpol_mu2,64,0.2,1,linear_weak,y*y,1,0.0,0.0
vanderpol_mu2,64,0.2,1,linear_weak,y*y*y,1,0.0,0.0
vanderpol_mu2,64,0.2,1,raw_weak,1,0,0.0,0.0
vanderpol_mu2,64,0.2,1,raw_weak,x,0,0.0,0.0
vanderpol_mu2,64,0.2,1,raw_weak,x*x,0,0.0,0.0
vanderpol_mu2,64,0.2,1,raw_weak,x*x*x,0,0.0,0.0
vanderpol_mu2,64,0.2,1,raw_weak,x*x*y,0,0.0,0.0
vanderpol_mu2,64,0.2,1,raw_weak,x*y,0,0.0,0.0
vanderpol_mu2,64,0.2,1,raw_weak,x*y*y,0,0.0,0.0
vanderpol_mu2,64,0.2,1,raw_weak,y,0,1.0293865190144833,1.0
vanderpol_mu2,64,0.2,1,raw_weak,y*y,0,0.0,0.0
vanderpol_mu2,64,0.2,1,raw_weak,y*y*y,0,0.0,0.0
vanderpol_mu2,64,0.2,1,raw_weak,1,1,0.0,0.0
vanderpol_mu2,64,0.2,1,raw_weak,x,1,0.0,-1.0
vanderpol_mu2,64,0.2,1,raw_weak,x*x,1,0.0,0.0
vanderpol_mu2,64,0.2,1,raw_weak,x*x*x,1,0.0,0.0
vanderpol_mu2,64,0.2,1,raw_weak,x*x*y,1,-1.0975923263502858,-2.0
vanderpol_mu2,64,0.2,1,raw_weak,x*y,1,0.0,0.0
vanderpol_mu2,64,0.2,1,raw_weak,x*y*y,1,0.0,0.0
vanderpol_mu2,64,0.2,1,raw_weak,y,1,1.576902811101381,2.0
vanderpol_mu2,64,0.2,1,raw_weak,y*y,1,0.0,0.0
vanderpol_mu2,64,0.2,1,raw_weak,y*y*y,1,0.0,0.0
vanderpol_mu2,64,0.2,1,tv_weak,1,0,0.0,0.0
vanderpol_mu2,64,0.2,1,tv_weak,x,0,0.0,0.0
vanderpol_mu2,64,0.2,1,tv_weak,x*x,0,0.0,0.0
vanderpol_mu2,64,0.2,1,tv_weak,x*x*x,0,0.0,0.0
vanderpol_mu2,64,0.2,1,tv_weak,x*x*y,0,0.0,0.0
vanderpol_mu2,64,0.2,1,tv_weak,x*y,0,0.0,0.0
vanderpol_mu2,64,0.2,1,tv_weak,x*y*y,0,0.0,0.0
vanderpol_mu2,64,0.2,1,tv_weak,y,0,1.0293760695612373,1.0
vanderpol_mu2,64,0.2,1,tv_weak,y*y,0,0.0,0.0
vanderpol_mu2,64,0.2,1,tv_weak,y*y*y,0,0.0,0.0
vanderpol_mu2,64,0.2,1,tv_weak,1,1,0.0,0.0
vanderpol_mu2,64,0.2,1,tv_weak,x,1,0.0,-1.0
vanderpol_mu2,64,0.2,1,tv_weak,x*x,1,0.0,0.0
vanderpol_mu2,64,0.2,1,tv_weak,x*x*x,1,0.0,0.0
vanderpol_mu2,64,0.2,1,tv_weak,x*x*y,1,-1.0977087637114082,-2.0
vanderpol_mu2,64,0.2,1,tv_weak,x*y,1,0.0,0.0
vanderpol_mu2,64,0.2,1,tv_weak,x*y*y,1,0.0,0.0
vanderpol_mu2,64,0.2,1,tv_weak,y,1,1.5767543306266545,2.0
vanderpol_mu2,64,0.2,1,tv_weak,y*y,1,0.0,0.0
vanderpol_mu2,64,0.2,1,tv_weak,y*y*y,1,0.0,0.0
vanderpol_mu2,64,0.2,2,edmd_weak,1,0,0.0,0.0
vanderpol_mu2,64,0.2,2,edmd_weak,x,0,0.0,0.0
vanderpol_mu2,64,0.2,2,edmd_weak,x*x,0,0.0,0.0
vanderpol_mu2,64,0.2,2,edmd_weak,x*x*x,0,0.0,0.0
vanderpol_mu2,64,0.2,2,edmd_weak,x*x*y,0,0.0,0.0
vanderpol_mu2,64,0.2,2,edmd_weak,x*y,0,0.0,0.0
vanderpol_mu2,64,0.2,2,edmd_weak,x*y*y,0,0.0,0.0
vanderpol_mu2,64,0.2,2,edmd_weak,y,0,0.9844519318912571,1.0
vanderpol_mu2,64,0.2,2,edmd_weak,y*y,0,0.0,0.0
vanderpol_mu2,64,0.2,2,edmd_weak,y*y*y,0,0.0,0.0
vanderpol_mu2,64,0.2,2,edmd_weak,1,1,-1.0980719366941187,0.0
vanderpol_mu2,64,0.2,2,edmd_weak,x,1,-0.3148606336068813,-1.0
vanderpol_mu2,64,0.2,2,edmd_weak,x*x,1,0.3443641904726492,0.0
vanderpol_mu2,64,0.2,2,edmd_weak,x*x*x,1,0.0,0.0
vanderpol_mu2,64,0.2,2,edmd_weak,x*x*y,1,0.0,-2.0
vanderpol_mu2,64,0.2,2,edmd_weak,x*y,1,0.0,0.0
vanderpol_mu2,64,0.2,2,edmd_weak,x*y*y,1,-1.3820838267290465,0.0
vanderpol_mu2,64,0.2,2,edmd_weak,y,1,-1.4499335541796086,2.0
vanderpol_mu2,64,0.2,2,edmd_weak,y*y,1,0.0,0.0
vanderpol_mu2,64,0.2,2,edmd_weak,y*y*y,1,0.46355110800440974,0.0
vanderpol_mu2,64,0.2,2,linear_weak,1,0,0.0,0.0
vanderpol_mu2,64,0.2,2,linear_weak,x,0,0.0,0.0
vanderpol_mu2,64,0.2,2,linear_weak,x*x,0,0.0,0.0
vanderpol_mu2,64,0.2,2,linear_weak,x*x*x,0,0.0,0.0
vanderpol_mu2,64,0.2,2,linear_weak,x*x*y,0,0.0,0.0
vanderpol_mu2,64,0.2,2,linear_weak,x*y,0,0.0,0.0
vanderpol_mu2,64,0.2,2,linear_weak,x*y*y,0,0.0,0.0
vanderpol_mu2,64,0.2,2,linear_weak,y,0,0.9745781442686152,1.0
vanderpol_mu2,64,0.2,2,linear_weak,y*y,0,0.0,0.0
vanderpol_mu2,64,0.2,2,linear_weak,y*y*y,0,0.0,0.0
vanderpol_mu2,64,0.2,2,linear_weak,1,1,0.0,0.0
vanderpol_mu2,64,0.2,2,linear_weak,x,1,-0.7605566428273006,-1.0
vanderpol_mu2,64,0.2,2,linear_weak,x*x,1,0.0,0.0
vanderpol_mu2,64,0.2,2,linear_weak,x*x*x,1,0.0,0.0
vanderpol_mu2,64,0.2,2,linear_weak,x*x*y,1,0.0,-2.0
vanderpol_mu2,64,0.2,2,linear_weak,x*y,1,0.0,0.0
vanderpol_mu2,64,0.2,2,linear_weak,x*y*y,1,0.0,0.0
vanderpol_mu2,64,0.2,2,linear_weak,y,1,0.0,2.0
vanderpol_mu2,64,0.2,2,linear_weak,y*y,1,0.0,0.0
vanderpol_mu2,64,0.2,2,linear_weak,y*y*y,1,0.0,0.0
vanderpol_mu2,64,0.2,2,raw_weak,1,0,0.0,0.0
vanderpol_mu2,64,0.2,2,raw_weak,x,0,0.0,0.0
vanderpol_mu2,64,0.2,2,raw_weak,x*x,0,0.0,0.0
vanderpol_mu2,64,0.2,2,raw_weak,x*x*x,0,0.0,0.0
vanderpol_mu2,64,0.2,2,raw_weak,x*x*y,0,0.0,0.0
vanderpol_mu2,64,0.2,2,raw_weak,x*y,0,0.0,0.0
vanderpol_mu2,64,0.2,2,raw_weak,x*y*y,0,0.0,0.0
vanderpol_mu2,64,0.2,2,raw_weak,y,0,0.9745781442686152,1.0
vanderpol_mu2,64,0.2,2,raw_weak,y*y,0,0.0,0.0
vanderpol_mu2,64,0.2,2,raw_weak,y*y*y,0,0.0,0.0
vanderpol_mu2,64,0.2,2,raw_weak,1,1,0.0,0.0
vanderpol_mu2,64,0.2,2,raw_weak,x,1,-0.31611814804589516,-1.0
vanderpol_mu2,64,0.2,2,raw_weak,x*x,1,0.0,0.0
vanderpol_mu2,64,0.2,2,raw_weak,x*x*x,1,0.0,0.0
vanderpol_mu2,64,0.2,2,raw_weak,x*x*y,1,0.36728364204984326,-2.0
vanderpol_mu2,64,0.2,2,raw_weak,x*y,1,0.0,0.0
vanderpol_mu2,64,0.2,2,raw_weak,x*y*y,1,-0.44767982297190034,0.0
vanderpol_mu2,64,0.2,2,raw_weak,y,1,0.0,2.0
vanderpol_mu2,64,0.2,2,raw_weak,y*y,1,0.0,0.0
vanderpol_mu2,64,0.2,2,raw_weak,y*y*y,1,0.0,0.0
vanderpol_mu2,64,0.2,2,tv_weak,1,0,0.0,0.0
vanderpol_mu2,64,0.2,2,tv_weak,x,0,0.0,0.0
vanderpol_mu2,64,0.2,2,tv_weak,x*x,0,0.0,0.0
vanderpol_mu2,64,0.2,2,tv_weak,x*x*x,0,0.0,0.0
vanderpol_mu2,64,0.2,2,tv_weak,x*x*y,0,0.0,0.0
vanderpol_mu2,64,0.2,2,tv_weak,x*y,0,0.0,0.0
vanderpol_mu2,64,0.2,2,tv_weak,x*y*y,0,0.0,0.0
vanderpol_mu2,64,0.2,2,tv_weak,y,0,0.9740904581031876,1.0
vanderpol_mu2,64,0.2,2,tv_weak,y*y,0,0.0,0.0
vanderpol_mu2,64,0.2,2,tv_weak,y*y*y,0,0.0,0.0
vanderpol_mu2,64,0.2,2,tv_weak,1,1,0.0,0.0
vanderpol_mu2,64,0.2,2,tv_weak,x,1,-0.7597216185465656,-1.0
vanderpol_mu2,64,0.2,2,tv_weak,x*x,1,0.0,0.0
vanderpol_mu2,64,0.2,2,tv_weak,x*x*x,1,0.0,0.0
vanderpol_mu2,64,0.2,2,tv_weak,x*x*y,1,0.0,-2.0
vanderpol_mu2,64,0.2,2,tv_weak,x*y,1,0.0,0.0
vanderpol_mu2,64,0.2,2,tv_weak,x*y*y,1,0.0,0.0
vanderpol_mu2,64,0.2,2,tv_weak,y,1,0.0,2.0
vanderpol_mu2,64,0.2,2,tv_weak,y*y,1,0.0,0.0
vanderpol_mu2,64,0.2,2,tv_weak,y*y*y,1,0.0,0.0
vanderpol_mu2,64,0.2,3,edmd_weak,1,0,0.0,0.0
vanderpol_mu2,64,0.2,3,edmd_weak,x,0,0.0,0.0
vanderpol_mu2,64,0.2,3,edmd_weak,x*x,0,0.0,0.0
vanderpol_mu2,64,0.2,3,edmd_weak,x*x*x,0,0.0,0.0
vanderpol_mu2,64,0.2,3,edmd_weak,x*x*y,0,0.0,0.0
vanderpol_mu2,64,0.2,3,edmd_weak,x*y,0,0.0,0.0
vanderpol_mu2,64,0.2,3,edmd_weak,x*y*y,0,0.0,0.0
vanderpol_mu2,64,0.2,3,edmd_weak,y,0,0.9934638181158968,1.0
vanderpol_mu2,64,0.2,3,edmd_weak,y*y,0,0.0,0.0
vanderpol_mu2,64,0.2,3,edmd_weak,y*y*y,0,0.0,0.0
vanderpol_mu2,64,0.2,3,edmd_weak,1,1,0.0,0.0
vanderpol_mu2,64,0.2,3,edmd_weak,x,1,0.0,-1.0
vanderpol_mu2,64,0.2,3,edmd_weak,x*x,1,0.0,0.0
vanderpol_mu2,64,0.2,3,edmd_weak,x*x*x,1,0.0,0.0
vanderpol_mu2,64,0.2,3,edmd_weak,x*x*y,1,0.0,-2.0
vanderpol_mu2,64,0.2,3,edmd_weak,x*y,1,0.0,0.0
vanderpol_mu2,64,0.2,3,edmd_weak,x*y*y,1,-1.5173375532139195,0.0
vanderpol_mu2,64,0.2,3,edmd_weak,y,1,-0.9502514548252213,2.0
vanderpol_mu2,64,0.2,3,edmd_weak,y*y,1,0.0,0.0
vanderpol_mu2,64,0.2,3,edmd_weak,y*y*y,1,0.4637914646071957,0.0
vanderpol_mu2,64,0.2,3,linear_weak,1,0,0.0,0.0
vanderpol_mu2,64,0.2,3,linear_weak,x,0,0.0,0.0
vanderpol_mu2,64,0.2,3,linear_weak,x*x,0,0.0,0.0
vanderpol_mu2,64,0.2,3,linear_weak,x*x*x,0,0.0,0.0
vanderpol_mu2,64,0.2,3,linear_weak,x*x*y,0,0.0,0.0
vanderpol_mu2,64,0.2,3,linear_weak,x*y,0,0.0,0.0
vanderpol_mu2,64,0.2,3,linear_weak,x*y*y,0,0.0,0.0
vanderpol_mu2,64,0.2,3,linear_weak,y,0,0.9918971008082594,1.0
vanderpol_mu2,64,0.2,3,linear_weak,y*y,0,0.0,0.0
vanderpol_mu2,64,0.2,3,linear_weak,y*y*y,0,0.0,0.0
vanderpol_mu2,64,0.2,3,linear_weak,1,1,-1.4996874504157962,0.0
vanderpol_mu2,64,0.2,3,linear_weak,x,1,1.1611077487454526,-1.0
vanderpol_mu2,64,0.2,3,linear_weak,x*x,1,0.3189872498171877,0.0
vanderpol_mu2,64,0.2,3,linear_weak,x*x*x,1,-0.4516605611967779,0.0
vanderpol_mu2,64,0.2,3,linear_weak,x*x*y,1,-1.391199424096168,-2.0
vanderpol_mu2,64,0.2,3,linear_weak,x*y,1,-0.6561052814031714,0.0
vanderpol_mu2,64,0.2,3,linear_weak,x*y*y,1,0.0,0.0
vanderpol_mu2,64,0.2,3,linear_weak,y,1,3.8801864300518,2.0
vanderpol_mu2,64,0.2,3,linear_weak,y*y,1,0.41347191846330267,0.0
vanderpol_mu2,64,0.2,3,linear_weak,y*y*y,1,-0.3318796449108886,0.0
vanderpol_mu2,64,0.2,3,raw_weak,1,0,0.0,0.0
vanderpol_mu2,64,0.2,3,raw_weak,x,0,0.0,0.0
vanderpol_mu2,64,0.2,3,raw_weak,x*x,0,0.0,0.0
vanderpol_mu2,64,0.2,3,raw_weak,x*x*x,0,0.0,0.0
vanderpol_mu2,64,0.2,3,raw_weak,x*x*y,0,0.0,0.0
vanderpol_mu2,64,0.2,3,raw_weak,x*y,0,0.0,0.0
vanderpol_mu2,64,0.2,3,raw_weak,x*y*y,0,0.0,0.0
vanderpol_mu2,64,0.2,3,raw_weak,y,0,0.9918971008082597,1.0
vanderpol_mu2,64,0.2,3,raw_weak,y*y,0,0.0,0.0
vanderpol_mu2,64,0.2,3,raw_weak,y*y*y,0,0.0,0.0
vanderpol_mu2,64,0.2,3,raw_weak,1,1,0.0,0.0
vanderpol_mu2,64,0.2,3,raw_weak,x,1,-0.8589214103294663,-1.0
vanderpol_mu2,64,0.2,3,raw_weak,x*x,1,0.0,0.0
vanderpol_mu2,64,0.2,3,raw_weak,x*x*x,1,0.0,0.0
vanderpol_mu2,64,0.2,3,raw_weak,x*x*y,1,-1.004665602241678,-2.0
vanderpol_mu2,64,0.2,3,raw_weak,x*y,1,0.0,0.0
vanderpol_mu2,64,0.2,3,raw_weak,x*y*y,1,0.0,0.0
vanderpol_mu2,64,0.2,3,raw_weak,y,1,1.2038041338828271,2.0
vanderpol_mu2,64,0.2,3,raw_weak,y*y,1,0.0,0.0
vanderpol_mu2,64,0.2,3,raw_weak,y*y*y,1,0.0,0.0
vanderpol_mu2,64,0.2,3,tv_weak,1,0,0.0,0.0
vanderpol_mu2,64,0.2,3,tv_weak,x,0,0.0,0.0
vanderpol_mu2,64,0.2,3,tv_weak,x*x,0,0.0,0.0
vanderpol_mu2,64,0.2,3,tv_weak,x*x*x,0,0.0,0.0
vanderpol_mu2,64,0.2,3,tv_weak,x*x*y,0,0.0,0.0
vanderpol_mu2,64,0.2,3,tv_weak,x*y,0,0.0,0.0
vanderpol_mu2,64,0.2,3,tv_weak,x*y*y,0,0.0,0.0
vanderpol_mu2,64,0.2,3,tv_weak,y,0,0.9918899946519629,1.0
vanderpol_mu2,64,0.2,3,tv_weak,y*y,0,0.0,0.0
vanderpol_mu2,64,0.2,3,tv_weak,y*y*y,0,0.0,0.0
vanderpol_mu2,64,0.2,3,tv_weak,1,1,0.0,0.0
vanderpol_mu2,64,0.2,3,tv_weak,x,1,-0.8589759457045774,-1.0
vanderpol_mu2,64,0.2,3,tv_weak,x*x,1,0.0,0.0
vanderpol_mu2,64,0.2,3,tv_weak,x*x*x,1,0.0,0.0
vanderpol_mu2,64,0.2,3,tv_weak,x*x*y,1,-1.0049875944518272,-2.0
vanderpol_mu2,64,0.2,3,tv_weak,x*y,1,0.0,0.0
vanderpol_mu2,64,0.2,3,tv_weak,x*y*y,1,0.0,0.0
vanderpol_mu2,64,0.2,3,tv_weak,y,1,1.2038848143472174,2.0
vanderpol_mu2,64,0.2,3,tv_weak,y*y,1,0.0,0.0
vanderpol_mu2,64,0.2,3,tv_weak,y*y*y,1,0.0,0.0
vanderpol_mu2,64,0.2,4,edmd_weak,1,0,0.0,0.0
vanderpol_mu2,64,0.2,4,edmd_weak,x,0,0.0,0.0
vanderpol_mu2,64,0.2,4,edmd_weak,x*x,0,0.0,0.0
vanderpol_mu2,64,0.2,4,edmd_weak,x*x*x,0,0.0,0.0
vanderpol_mu2,64,0.2,4,edmd_weak,x*x*y,0,0.0,0.0
vanderpol_mu2,64,0.2,4,edmd_weak,x*y,0,0.0,0.0
vanderpol_mu2,64,0.2,4,edmd_weak,x*y*y,0,0.0,0.0
vanderpol_mu2,64,0.2,4,edmd_weak,y,0,0.9352017273209648,1.0
vanderpol_mu2,64,0.2,4,edmd_weak,y*y,0,0.0,0.0
vanderpol_mu2,64,0.2,4,edmd_weak,y*y*y,0,0.0,0.0
vanderpol_mu2,64,0.2,4,edmd_weak,1,1,0.0,0.0
vanderpol_mu2,64,0.2,4,edmd_weak,x,1,-0.8445443644907918,-1.0
vanderpol_mu2,64,0.2,4,edmd_weak,x*x,1,0.0,0.0
vanderpol_mu2,64,0.2,4,edmd_weak,x*x*x,1,0.0,0.0
vanderpol_mu2,64,0.2,4,edmd_weak,x*x*y,1,-1.601562249744508,-2.0
vanderpol_mu2,64,0.2,4,edmd_weak,x*y,1,0.0,0.0
vanderpol_mu2,64,0.2,4,edmd_weak,x*y*y,1,0.0,0.0
vanderpol_mu2,64,0.2,4,edmd_weak,y,1,1.7157704846408928,2.0
vanderpol_mu2,64,0.2,4,edmd_weak,y*y,1,0.0,0.0
vanderpol_mu2,64,0.2,4,edmd_weak,y*y*y,1,0.0,0.0
vanderpol_mu2,64,0.2,4,linear_weak,1,0,0.0,0.0
vanderpol_mu2,64,0.2,4,linear_weak,x,0,0.0,0.0
vanderpol_mu2,64,0.2,4,linear_weak,x*x,0,0.0,0.0
vanderpol_mu2,64,0.2,4,linear_weak,x*x*x,0,0.0,0.0
vanderpol_mu2,64,0.2,4,linear_weak,x*x*y,0,0.0,0.0
vanderpol_mu2,64,0.2,4,linear_weak,x*y,0,0.0,0.0
vanderpol_mu2,64,0.2,4,linear_weak,x*y*y,0,0.0,0.0
vanderpol_mu2,64,0.2,4,linear_weak,y,0,0.9126351802560686,1.0
vanderpol_mu2,64,0.2,4,linear_weak,y*y,0,0.0,0.0
vanderpol_mu2,64,0.2,4,linear_weak,y*y*y,0,0.0,0.0
vanderpol_mu2,64,0.2,4,linear_weak,1,1,0.0,0.0
vanderpol_mu2,64,0.2,4,linear_weak,x,1,-0.8564747827821438,-1.0
vanderpol_mu2,64,0.2,4,linear_weak,x*x,1,0.0,0.0
vanderpol_mu2,64,0.2,4,linear_weak,x*x*x,1,0.0,0.0
vanderpol_mu2,64,0.2,4,linear_weak,x*x*y,1,-1.2057926241103818,-2.0
vanderpol_mu2,64,0.2,4,linear_weak,x*y,1,0.0,0.0
vanderpol_mu2,64,0.2,4,linear_weak,x*y*y,1,0.0,0.0
vanderpol_mu2,64,0.2,4,linear_weak,y,1,1.2452129331381718,2.0
vanderpol_mu2,64,0.2,4,linear_weak,y*y,1,0.0,0.0
vanderpol_mu2,64,0.2,4,linear_weak,y*y*y,1,0.0,0.0
vanderpol_mu2,64,0.2,4,raw_weak,1,0,0.0,0.0
vanderpol_mu2,64,0.2,4,raw_weak,x,0,0.0,0.0
vanderpol_mu2,64,0.2,4,raw_weak,x*x,0,0.0,0.0
vanderpol_mu2,64,0.2,4,raw_weak,x*x*x,0,0.0,0.0
vanderpol_mu2,64,0.2,4,raw_weak,x*x*y,0,0.0,0.0
vanderpol_mu2,64,0.2,4,raw_weak,x*y,0,0.0,0.0
vanderpol_mu2,64,0.2,4,raw_weak,x*y*y,0,0.0,0.0
vanderpol_mu2,64,0.2,4,raw_weak,y,0,0.9126351802560688,1.0
vanderpol_mu2,64,0.2,4,raw_weak,y*y,0,0.0,0.0
vanderpol_mu2,64,0.2,4,raw_weak,y*y*y,0,0.0,0.0
vanderpol_mu2,64,0.2,4,raw_weak,1,1,0.0,0.0
vanderpol_mu2,64,0.2,4,raw_weak,x,1,-0.8775503840029589,-1.0
vanderpol_mu2,64,0.2,4,raw_weak,x*x,1,0.0,0.0
vanderpol_mu2,64,0.2,4,raw_weak,x*x*x,1,0.0,0.0
vanderpol_mu2,64,0.2,4,raw_weak,x*x*y,1,-1.3167704629996058,-2.0
vanderpol_mu2,64,0.2,4,raw_weak,x*y,1,0.0,0.0
vanderpol_mu2,64,0.2,4,raw_weak,x*y*y,1,0.0,0.0
vanderpol_mu2,64,0.2,4,raw_weak,y,1,1.3894803022259945,2.0
vanderpol_mu2,64,0.2,4,raw_weak,y*y,1,0.0,0.0
vanderpol_mu2,64,0.2,4,raw_weak,y*y*y,1,0.0,0.0
vanderpol_mu2,64,0.2,4,tv_weak,1,0,0.0,0.0
vanderpol_mu2,64,0.2,4,tv_weak,x,0,0.0,0.0
vanderpol_mu2,64,0.2,4,tv_weak,x*x,0,0.0,0.0
vanderpol_mu2,64,0.2,4,tv_weak,x*x*x,0,0.0,0.0
vanderpol_mu2,64,0.2,4,tv_weak,x*x*y,0,0.0,0.0
vanderpol_mu2,64,0.2,4,tv_weak,x*y,0,0.0,0.0
vanderpol_mu2,64,0.2,4,tv_weak,x*y*y,0,0.0,0.0
vanderpol_mu2,64,0.2,4,tv_weak,y,0,0.9126351802560688,1.0
vanderpol_mu2,64,0.2,4,tv_weak,y*y,0,0.0,0.0
vanderpol_mu2,64,0.2,4,tv_weak,y*y*y,0,0.0,0.0
vanderpol_mu2,64,0.2,4,tv_weak,1,1,0.0,0.0
vanderpol_mu2,64,0.2,4,tv_weak,x,1,-0.8775503840029587,-1.0
vanderpol_mu2,64,0.2,4,tv_weak,x*x,1,0.0,0.0
vanderpol_mu2,64,0.2,4,tv_weak,x*x*x,1,0.0,0.0
vanderpol_mu2,64,0.2,4,tv_weak,x*x*y,1,-1.3167704629996058,-2.0
vanderpol_mu2,64,0.2,4,tv_weak,x*y,1,0.0,0.0
vanderpol_mu2,64,0.2,4,tv_weak,x*y*y,1,0.0,0.0
vanderpol_mu2,64,0.2,4,tv_weak,y,1,1.3894803022259945,2.0
vanderpol_mu2,64,0.2,4,tv_weak,y*y,1,0.0,0.0
vanderpol_mu2,64,0.2,4,tv_weak,y*y*y,1,0.0,0.0
