system,method,method_label,sparse_factor,noise,seed,observation_sha256,n_observed,obs_dt,observed_t_end,pod_rank,upsample,practical_score,support_f1,coef_error,threshold,exact_support,weak_truth_residual,weak_fit_residual,weak_rows,library_columns,state_error,n_state_samples,status,wall_seconds,tv_lambda,tv_cv_mse,tv_grid_edge,tv_grid_lower,tv_grid_upper,tv_cv_folds,tv_cv_spatial_points,tv_final_primal_objective,tv_final_dual_objective,tv_final_primal_dual_gap,tv_final_relative_primal_dual_gap,tv_final_max_relative_gap,tv_final_kkt_stationarity_max,tv_final_kkt_complementarity_gap,tv_final_kkt_subgradient_prox_max,tv_final_masked_dual_stationarity_max,tv_final_dual_box_violation,tv_final_dual_scale_min,tv_final_converged,tv_final_iterations,tv_final_rho,tv_final_tolerance,tv_final_method,tv_final_elapsed_seconds,tv_final_n_observed,tv_final_n_times,tv_final_n_channels,tv_final_objective
burgers,edmd_weak,EDMD + weak,8,0.05,0,959db4b36c447025273c906a6d854a71d88f221c1e7f5821142d16503b5365b3,49,0.04,1.92,8,5,0.9896514868876706,1.0,0.010456724664633377,0.03,1,0.04776853442779775,0.046240593527205096,112,8,0.030592931037168675,241,ok,0.05945021499792347,,,,,,,,,,,,,,,,,,,,,,,,,,,,
burgers,linear_weak,Linear q5 + weak,8,0.05,0,959db4b36c447025273c906a6d854a71d88f221c1e7f5821142d16503b5365b3,49,0.04,1.92,0,5,0.9894797173885126,1.0,0.010632135683643042,0.03,1,0.044752024010189566,0.042913258427324914,112,8,0.040435143182207305,241,ok,0.02917153800080996,,,,,,,,,,,,,,,,,,,,,,,,,,,,
burgers,pod_tv_weak,POD + TV states + weak,8,0.05,0,959db4b36c447025273c906a6d854a71d88f221c1e7f5821142d16503b5365b3,49,0.04,1.92,8,1,0.9894959460719482,1.0,0.01061556034640697,0.03,1,0.0465568710258876,0.04497467853531013,112,8,0.02095084912946156,49,ok,0.9654461270001775,0.1,0.0029635533492626195,0.0,0.0,0.0,3.0,64.0,"[0.06968258120367815, 0.09557414900641198, 0.07724802616146925, 0.11462836821659185, 0.08703550405690519, 0.13279690728826665, 0.20752485377275207, 0.16865449047690187]","[0.06968258120365786, 0.09557414893837823, 0.07724802614258439, 0.11462836820686687, 0.08703548008876588, 0.13278969745558308, 0.2075225743391533, 0.1686542186227506]","[2.0289325775024736e-14, 6.803374530406359e-11, 1.8884865893298297e-11, 9.724984706416251e-12, 2.3968139306607128e-08, 7.209832683569006e-06, 2.2794335987619263e-06, 2.7185415127362056e-07]","[2.0289325775024736e-14, 6.803374530406359e-11, 1.8884865893298297e-11, 9.724984706416251e-12, 2.3968139306607128e-08, 7.209832683569006e-06, 2.2794335987619263e-06, 2.7185415127362056e-07]",7.209832683569006e-06,1.0028607182188676e-06,"[2.0032586700580168e-14, 6.803381469300263e-11, 1.8884879771086105e-11, 9.724943073052827e-12, 2.396813929272934e-08, 7.209828144040531e-06, 2.279433234466527e-06, 2.718541463331281e-07]",1.7803132638528896e-05,0.0,0.0,0.9999928869107062,True,225.0,0.49000000000000005,1e-05,banded ADMM with dual certificate,0.01906553300068481,49.0,49.0,8.0,0.5*sum_train((z-y)^2)+lambda*sum(abs(Bz))
burgers,pod_weak,POD only + weak,8,0.05,0,959db4b36c447025273c906a6d854a71d88f221c1e7f5821142d16503b5365b3,49,0.04,1.92,8,1,0.9895477775857838,1.0,0.01056262532337421,0.03,1,0.04761819902050201,0.04605408913794059,112,8,0.029994504249387578,49,ok,0.04261952099841437,,,,,,,,,,,,,,,,,,,,,,,,,,,,
burgers,raw_weak,Raw + weak,8,0.05,0,959db4b36c447025273c906a6d854a71d88f221c1e7f5821142d16503b5365b3,49,0.04,1.92,0,1,0.9895055085175108,1.0,0.010605793896197944,0.03,1,0.044751779272033214,0.04289061408172249,112,8,0.04912636431010304,49,ok,0.02770405499904882,,,,,,,,,,,,,,,,,,,,,,,,,,,,
burgers,tv_weak,TV states + weak,8,0.05,0,959db4b36c447025273c906a6d854a71d88f221c1e7f5821142d16503b5365b3,49,0.04,1.92,0,1,0.9904004384807206,1.0,0.009692606289638993,0.03,1,0.04252410528939977,0.040750884457736725,112,8,0.020604565001225577,49,ok,1.234523805000208,0.1,0.0032754731229119476,0.0,0.0,0.0,3.0,8.0,"[0.048861128203708006, 0.04382281105580901, 0.0476105883135334, 0.04136032494747843, 0.06004697230424893, 0.062307606576832986, 0.06026067843578714, 0.042625509998736245, 0.028888093878933797, 0.0539276809536955, 0.04833275131929357, 0.04127577460783918, 0.037670517146085485, 0.03479930372416531, 0.05449050620208646, 0.053716905459617444, 0.04024381512696681, 0.06899484968378791, 0.04733849313115709, 0.046420894237922325, 0.051420182598526175, 0.06293312914390523, 0.07740415643251879, 0.061859035482318955, 0.06456976441617968, 0.05537322733603412, 0.06000996977708044, 0.05943512596761161, 0.05692997716472262, 0.0679915139397707, 0.04636834722356985, 0.04108514201195775, 0.05201293722697334, 0.06784122139651397, 0.057099992172287485, 0.06404889142435247, 0.07929850356374361, 0.08105244308186382, 0.05159866393123447, 0.06925627132052649, 0.0781699385615596, 0.06095909653488571, 0.06282873000309488, 0.05259905481349199, 0.07108114791163485, 0.07546549880452967, 0.06253017952955307, 0.04541297818932759, 0.04203118656041806, 0.058223526464387915, 0.052426242487109795, 0.05072567685750514, 0.05647724126093372, 0.05702036569826003, 0.05324288337839592, 0.07180329423699014, 0.061594342040755735, 0.052927320485183095, 0.058164503047967366, 0.060186084738616155, 0.04978790333060083, 0.036868401239708935, 0.04581143850199772, 0.03442532743458747]","[0.04886112603481414, 0.04382281105580873, 0.047610588313532876, 0.04136032494657642, 0.06004697230400467, 0.062307598680618276, 0.06026067840593298, 0.04262550999873518, 0.02887908688842471, 0.05392763731199675, 0.04833275118156502, 0.04127408859233304, 0.037670438558660334, 0.03479918726907902, 0.05448691056165502, 0.053716878032719614, 0.040243815126964094, 0.06899442350251772, 0.047338493130448155, 0.046420857410326456, 0.05142018259362227, 0.0629331274217179, 0.07740415643251417, 0.061859035482312634, 0.06456976441617732, 0.055373227316332395, 0.06000996477741474, 0.05943511490511108, 0.05692997716471049, 0.0679915139397689, 0.04636834722356908, 0.041085142011957454, 0.05201293707064305, 0.06784108762830957, 0.057099992161700905, 0.0640473017300227, 0.07929850356374024, 0.0810523134245032, 0.051598663901648974, 0.06925627132052502, 0.07816993854621775, 0.06095909653488438, 0.06282873000308116, 0.052599054813490455, 0.07108114791163378, 0.07546549880452835, 0.06253014107884323, 0.04541297818888794, 0.04203096435309066, 0.05822352646364491, 0.05242624248710927, 0.05072567685750252, 0.056477210854795463, 0.05702036569825694, 0.0532428833762917, 0.07180329423681993, 0.06159434202912176, 0.052927316667361876, 0.05816450304796611, 0.06018608473861533, 0.049781967692860724, 0.036868119815978526, 0.04581143850199757, 0.03442532743458728]","[2.168893863119248e-09, 2.8449465006019636e-16, 5.273559366969494e-16, 9.020145741445162e-13, 2.4425600431143835e-13, 7.896214709868232e-09, 2.985416081013881e-11, 1.0685896612017132e-15, 9.006990509086849e-06, 4.364169875481494e-08, 1.377285507864201e-10, 1.6860155061457216e-06, 7.858742515076678e-08, 1.1645508628949086e-07, 3.5956404314391177e-06, 2.742689782925245e-08, 2.7131075164277263e-15, 4.261812701911172e-07, 7.089329123743937e-13, 3.6827595868704766e-08, 4.903903672026644e-12, 1.722187323305313e-09, 4.621303340002214e-15, 6.321332346459485e-15, 2.3592239273284576e-15, 1.9701726361454064e-11, 4.999665695337718e-09, 1.1062500526737296e-08, 1.2129186544029835e-14, 1.790234627208065e-15, 7.7021722333370235e-16, 2.983724378680108e-16, 1.5633028899175727e-10, 1.3376820440225146e-07, 1.0586580223570508e-11, 1.589694329770519e-06, 3.372302437298913e-15, 1.2965736062575672e-07, 2.9585493777073424e-11, 1.4710455076283324e-15, 1.534185278817546e-11, 1.3322676295501878e-15, 1.3725132141928498e-14, 1.5334955527634975e-15, 1.0685896612017132e-15, 1.3183898417423734e-15, 3.845070983832244e-08, 4.39648317751562e-13, 2.2220732739941518e-07, 7.430028814425782e-13, 5.273559366969494e-16, 2.6229018956769323e-15, 3.040613825305849e-08, 3.0878077872387166e-15, 2.104219576359867e-12, 1.702110674628443e-13, 1.1633978502789688e-11, 3.81782121888774e-09, 1.2559397966072083e-15, 8.257283745649602e-16, 5.935637740109301e-06, 2.8142373040968005e-07, 1.457167719820518e-16, 1.8735013540549517e-16]","[2.168893863119248e-09, 2.8449465006019636e-16, 5.273559366969494e-16, 9.020145741445162e-13, 2.4425600431143835e-13, 7.896214709868232e-09, 2.985416081013881e-11, 1.0685896612017132e-15, 9.006990509086849e-06, 4.364169875481494e-08, 1.377285507864201e-10, 1.6860155061457216e-06, 7.858742515076678e-08, 1.1645508628949086e-07, 3.5956404314391177e-06, 2.742689782925245e-08, 2.7131075164277263e-15, 4.261812701911172e-07, 7.089329123743937e-13, 3.6827595868704766e-08, 4.903903672026644e-12, 1.722187323305313e-09, 4.621303340002214e-15, 6.321332346459485e-15, 2.3592239273284576e-15, 1.9701726361454064e-11, 4.999665695337718e-09, 1.1062500526737296e-08, 1.2129186544029835e-14, 1.790234627208065e-15, 7.7021722333370235e-16, 2.983724378680108e-16, 1.5633028899175727e-10, 1.3376820440225146e-07, 1.0586580223570508e-11, 1.589694329770519e-06, 3.372302437298913e-15, 1.2965736062575672e-07, 2.9585493777073424e-11, 1.4710455076283324e-15, 1.534185278817546e-11, 1.3322676295501878e-15, 1.3725132141928498e-14, 1.5334955527634975e-15, 1.0685896612017132e-15, 1.3183898417423734e-15, 3.845070983832244e-08, 4.39648317751562e-13, 2.2220732739941518e-07, 7.430028814425782e-13, 5.273559366969494e-16, 2.6229018956769323e-15, 3.040613825305849e-08, 3.0878077872387166e-15, 2.104219576359867e-12, 1.702110674628443e-13, 1.1633978502789688e-11, 3.81782121888774e-09, 1.2559397966072083e-15, 8.257283745649602e-16, 5.935637740109301e-06, 2.8142373040968005e-07, 1.457167719820518e-16, 1.8735013540549517e-16]",9.006990509086849e-06,1.3724842409384985e-06,"[2.1688938509761835e-09, 2.8796409701215e-16, 5.386316392907986e-16, 9.020267172088481e-13, 2.442386570766786e-13, 7.896214675173763e-09, 2.9854144330265786e-11, 1.0521097881799335e-15, 9.006989260510086e-06, 4.3641683047761226e-08, 1.3772854211280272e-10, 1.6860150597788198e-06, 7.858742358084203e-08, 1.1645508563376539e-07, 3.595638055305106e-06, 2.7426896974033776e-08, 2.744332538995309e-15, 4.261809135961553e-07, 7.089346470978697e-13, 3.682759215639653e-08, 4.903884590068408e-12, 1.722187333713654e-09, 4.6178338930502605e-15, 6.276229536084088e-15, 2.329733628236852e-15, 1.970173676979492e-11, 4.999665580845969e-09, 1.1062500426123334e-08, 1.2122247650125928e-14, 1.8006429680639258e-15, 7.528699885739343e-16, 2.688821387764051e-16, 1.563303054716303e-10, 1.3376820123811584e-07, 1.0586573284676604e-11, 1.5896933176565153e-06, 3.3480163086352377e-15, 1.296573297511483e-07, 2.958548683817952e-11, 1.4710455076283324e-15, 1.5341793807577275e-11, 1.339206523454095e-15, 1.3686968225457008e-14, 1.5751289161869408e-15, 1.025221574302293e-15, 1.313185671314443e-15, 3.8450701881145855e-08, 4.396344399637542e-13, 2.2220730844929593e-07, 7.429950751869363e-13, 5.551115123125783e-16, 2.6124935548210715e-15, 3.040613793386937e-08, 3.1363800445660672e-15, 2.1042473319354826e-12, 1.7025790499669569e-13, 1.1633988911130544e-11, 3.81782119373425e-09, 1.2542050731312315e-15, 8.430756093247282e-16, 5.9356309049726774e-06, 2.814236256479946e-07, 1.457167719820518e-16, 1.717376241217039e-16]",1.0720428692212458e-05,0.0,0.0,0.9999876741276258,True,400.0,1.9600000000000002,1e-05,banded ADMM with dual certificate,0.12928306300091208,49.0,49.0,64.0,0.5*sum_train((z-y)^2)+lambda*sum(abs(Bz))
burgers,edmd_weak,EDMD + weak,8,0.05,1,584f08607bb610d8b924f30c838808025831b719584dac2f62d78952eed5f5ab,49,0.04,1.92,8,5,0.9971861744590382,1.0,0.0028217654967872623,0.01,1,0.03586038550718842,0.03538284184723877,112,8,0.031969848713401076,241,ok,0.06072786900040228,,,,,,,,,,,,,,,,,,,,,,,,,,,,
burgers,linear_weak,Linear q5 + weak,8,0.05,1,584f08607bb610d8b924f30c838808025831b719584dac2f62d78952eed5f5ab,49,0.04,1.92,0,5,0.997242894665779,1.0,0.0027647279804836012,0.01,1,0.03634648312970968,0.03593008999811043,112,8,0.04147943745039884,241,ok,0.042485034002311295,,,,,,,,,,,,,,,,,,,,,,,,,,,,
burgers,pod_tv_weak,POD + TV states + weak,8,0.05,1,584f08607bb610d8b924f30c838808025831b719584dac2f62d78952eed5f5ab,49,0.04,1.92,8,1,0.9975948056398946,1.0,0.002410993267514716,0.01,1,0.03491181505308296,0.03447539946555816,112,8,0.020811756573298274,49,ok,1.2250893419986824,0.1,0.003099035523810175,0.0,0.0,0.0,3.0,64.0,"[0.08788459003103054, 0.07983395281748437, 0.09132032371031554, 0.13802134012218886, 0.08803225944458537, 0.1333038987443312, 0.1672656588146404, 0.20021618313277642]","[0.087884590030845, 0.07982629524527259, 0.09132026961348284, 0.13802134012217437, 0.08803225935577261, 0.13330315081071206, 0.1672656568972694, 0.20021558995505723]","[1.8553214520267147e-13, 7.65757221178609e-06, 5.409683269397281e-08, 1.4488410471358293e-14, 8.881276269967486e-11, 7.479336191495989e-07, 1.9173709842057463e-09, 5.931777191936494e-07]","[1.8553214520267147e-13, 7.65757221178609e-06, 5.409683269397281e-08, 1.4488410471358293e-14, 8.881276269967486e-11, 7.479336191495989e-07, 1.9173709842057463e-09, 5.931777191936494e-07]",7.65757221178609e-06,5.864669846422643e-07,"[1.8552520630876757e-13, 7.657571394717455e-06, 5.409683234702811e-08, 1.452310494087783e-14, 8.881274188299315e-11, 7.479335812493604e-07, 1.9173709703279584e-09, 5.931776936064781e-07]",1.4838979176867717e-05,0.0,0.0,0.9999951864543196,True,250.0,0.49000000000000005,1e-05,banded ADMM with dual certificate,0.021039068000391126,49.0,49.0,8.0,0.5*sum_train((z-y)^2)+lambda*sum(abs(Bz))
burgers,pod_weak,POD only + weak,8,0.05,1,584f08607bb610d8b924f30c838808025831b719584dac2f62d78952eed5f5ab,49,0.04,1.92,8,1,0.9972664055479299,1.0,0.0027410874735804905,0.01,1,0.035879196065939166,0.0354232464144991,112,8,0.030303716244697868,49,ok,0.03534813199803466,,,,,,,,,,,,,,,,,,,,,,,,,,,,
burgers,raw_weak,Raw + weak,8,0.05,1,584f08607bb610d8b924f30c838808025831b719584dac2f62d78952eed5f5ab,49,0.04,1.92,0,1,0.9973067324966544,1.0,0.0027005407820755965,0.01,1,0.03635131061706448,0.03595797635529112,112,8,0.050363252731143705,49,ok,0.03161231699778,,,,,,,,,,,,,,,,,,,,,,,,,,,,
burgers,tv_weak,TV states + weak,8,0.05,1,584f08607bb610d8b924f30c838808025831b719584dac2f62d78952eed5f5ab,49,0.04,1.92,0,1,0.9974684518020767,1.0,0.0025379731994027333,0.01,1,0.03380825867150644,0.03339230268699793,112,8,0.020709860793982036,49,ok,0.8918635599984555,0.1,0.0036340439729792666,0.0,0.0,0.0,3.0,8.0,"[0.053581471391990564, 0.041456755605299635, 0.059906091278920964, 0.051077866003951485, 0.05030889259290092, 0.06153605864215862, 0.04945420293312408, 0.04152701607954605, 0.08330808062584716, 0.034335386060738694, 0.036271200370998076, 0.03717097914877439, 0.05150225298867345, 0.059594240835344786, 0.0610329263564895, 0.05539992025218982, 0.04436497989293386, 0.06324516510836282, 0.06692778974216235, 0.06081280891942388, 0.06241947899642044, 0.07682803144493512, 0.06449412100312854, 0.07538203079833403, 0.050896463009124863, 0.06061997422264373, 0.05678143138402858, 0.07214990524893278, 0.05140801246347804, 0.060055142986772996, 0.06822280962440126, 0.05547696085584705, 0.05618317121980854, 0.05904603858165058, 0.08025847879635782, 0.07632087253480609, 0.08305465426290232, 0.06322811368028868, 0.06342740767289877, 0.07569572746069128, 0.0690959348892922, 0.04742117919472058, 0.04970957815314021, 0.060451234693827544, 0.05382170267697308, 0.05093351227239906, 0.05512957247514233, 0.061488005789285406, 0.05926151564766491, 0.0549984233290643, 0.05034795464729847, 0.07756069850066523, 0.041351347145218514, 0.06159891527030188, 0.06502922463945905, 0.04191830650741781, 0.05913870672052747, 0.049631028191845325, 0.05446507699138067, 0.04158906913436439, 0.0700334311644844, 0.04903059723675426, 0.06668329442016185, 0.04578907692222908]","[0.05358112374280584, 0.04145675560509055, 0.05990608653437819, 0.05107786470593316, 0.05030753458391958, 0.06153605864215231, 0.04945420292992468, 0.04152692222147538, 0.08330808062584621, 0.03433420866725455, 0.03627030848361084, 0.03717097890589984, 0.05150219355950015, 0.059588745912612116, 0.061032925650942774, 0.05539978991964972, 0.044364979892933275, 0.06324516510829832, 0.06692774348125648, 0.060812808919423374, 0.06241947899641937, 0.07682802284010588, 0.06449412100310663, 0.07538203079833136, 0.050896463009122324, 0.06061997422197627, 0.05678143138402571, 0.07214990524886152, 0.05140801245828353, 0.06005158617125069, 0.06822280829501642, 0.055476960855846795, 0.056182834267594836, 0.059046038581649044, 0.08025843737128029, 0.07632087240288447, 0.08305422035988659, 0.06322811368028614, 0.06342740767289598, 0.07569570318704065, 0.06909593488928942, 0.047421179194717694, 0.049709577618655854, 0.060451234693826815, 0.053821702676966815, 0.05093218639024043, 0.05512957247514144, 0.0614877911468088, 0.059258976091921545, 0.054998423321536496, 0.050347854939004406, 0.07756069849304674, 0.041351340507089704, 0.06159891053656262, 0.06502030132756711, 0.04191830197961155, 0.059138706720526873, 0.04963100481376551, 0.05446014653829742, 0.04158906442846462, 0.07003343116448332, 0.049029574240394884, 0.06668329442014448, 0.045789070217368756]","[3.476491847245744e-07, 2.090827511125326e-13, 4.744542772550098e-09, 1.2980183247690569e-09, 1.3580089813364227e-06, 6.314393452555578e-15, 3.1993990790013527e-12, 9.385807066969454e-08, 9.43689570931383e-16, 1.1773934841460831e-06, 8.918873872360011e-07, 2.4287454686300336e-10, 5.942917329776476e-08, 5.494922732669771e-06, 7.055467252103931e-10, 1.3033254010058615e-07, 5.828670879282072e-16, 6.45039577307216e-14, 4.626090586989928e-08, 5.065392549852277e-16, 1.0685896612017132e-15, 8.604829238034739e-09, 2.1913026948539027e-14, 2.6645352591003757e-15, 2.5396351688300456e-15, 6.674591435107402e-13, 2.8727020762175925e-15, 7.126244039312724e-14, 5.1945045487222785e-12, 3.5568155223042464e-06, 1.329384838322234e-09, 2.5673907444456745e-16, 3.3695221370727557e-07, 1.5334955527634975e-15, 4.142507753490676e-08, 1.3192161252284507e-10, 4.339030157257673e-07, 2.5396351688300456e-15, 2.789435349370706e-15, 2.4273650631179144e-08, 2.7755575615628914e-15, 2.886579864025407e-15, 5.344843595489479e-10, 7.28583859910259e-16, 6.265821195228227e-15, 1.3258821586342728e-06, 8.881784197001252e-16, 2.1464247660502034e-07, 2.5395557433638416e-06, 7.527804768425739e-12, 9.970829406569237e-08, 7.618489172855902e-12, 6.63812881052106e-09, 4.733739261686409e-09, 8.923311891936847e-06, 4.527806261866996e-09, 5.967448757360216e-16, 2.3378079812286234e-08, 4.930453083251685e-06, 4.7058997670879066e-09, 1.0824674490095276e-15, 1.0229963593733071e-06, 1.73749903353837e-14, 6.7048603266672835e-09]","[3.476491847245744e-07, 2.090827511125326e-13, 4.744542772550098e-09, 1.2980183247690569e-09, 1.3580089813364227e-06, 6.314393452555578e-15, 3.1993990790013527e-12, 9.385807066969454e-08, 9.43689570931383e-16, 1.1773934841460831e-06, 8.918873872360011e-07, 2.4287454686300336e-10, 5.942917329776476e-08, 5.494922732669771e-06, 7.055467252103931e-10, 1.3033254010058615e-07, 5.828670879282072e-16, 6.45039577307216e-14, 4.626090586989928e-08, 5.065392549852277e-16, 1.0685896612017132e-15, 8.604829238034739e-09, 2.1913026948539027e-14, 2.6645352591003757e-15, 2.5396351688300456e-15, 6.674591435107402e-13, 2.8727020762175925e-15, 7.126244039312724e-14, 5.1945045487222785e-12, 3.5568155223042464e-06, 1.329384838322234e-09, 2.5673907444456745e-16, 3.3695221370727557e-07, 1.5334955527634975e-15, 4.142507753490676e-08, 1.3192161252284507e-10, 4.339030157257673e-07, 2.5396351688300456e-15, 2.789435349370706e-15, 2.4273650631179144e-08, 2.7755575615628914e-15, 2.886579864025407e-15, 5.344843595489479e-10, 7.28583859910259e-16, 6.265821195228227e-15, 1.3258821586342728e-06, 8.881784197001252e-16, 2.1464247660502034e-07, 2.5395557433638416e-06, 7.527804768425739e-12, 9.970829406569237e-08, 7.618489172855902e-12, 6.63812881052106e-09, 4.733739261686409e-09, 8.923311891936847e-06, 4.527806261866996e-09, 5.967448757360216e-16, 2.3378079812286234e-08, 4.930453083251685e-06, 4.7058997670879066e-09, 1.0824674490095276e-15, 1.0229963593733071e-06, 1.73749903353837e-14, 6.7048603266672835e-09]",8.923311891936847e-06,1.1478403368903045e-06,"[3.4764918333853034e-07, 2.0907841430384266e-13, 4.7445427499986925e-09, 1.2980183265037804e-09, 1.358008972163205e-06, 6.312658729079601e-15, 3.1994224977682784e-12, 9.385807049969164e-08, 9.783840404509192e-16, 1.177393474072544e-06, 8.918873552919357e-07, 2.428745572713442e-10, 5.942917326480501e-08, 5.494922564212509e-06, 7.055467217409461e-10, 1.3033253994446103e-07, 5.984795992119984e-16, 6.451783551852941e-14, 4.626090558887408e-08, 5.39499001028787e-16, 1.0755285551056204e-15, 8.604829220687504e-09, 2.191649639549098e-14, 2.6575963651964685e-15, 2.536165721878092e-15, 6.674695518515961e-13, 2.8484159475539172e-15, 7.127631818093505e-14, 5.1945045487222785e-12, 3.5568154249480954e-06, 1.3293848591389157e-09, 2.706168622523819e-16, 3.369522037621059e-07, 1.573394192710964e-15, 4.142507731980105e-08, 1.3192163333952678e-10, 4.339029176687881e-07, 2.5222879340702775e-15, 2.8171909249863347e-15, 2.4273650412603986e-08, 2.8102520310824275e-15, 2.8831104170734534e-15, 5.344843474058836e-10, 7.355227538141662e-16, 6.25888230132432e-15, 1.3258821004377697e-06, 8.72565908416334e-16, 2.146424745771286e-07, 2.5395556682971526e-06, 7.527792625361407e-12, 9.970829381589219e-08, 7.618419783916863e-12, 6.638128817459954e-09, 4.7337392842378145e-09, 8.923311640827818e-06, 4.527806301765636e-09, 5.793976409762536e-16, 2.3378079697794485e-08, 4.930449526715543e-06, 4.705899767955268e-09, 1.07032438467769e-15, 1.0229963532462638e-06, 1.735937782409991e-14, 6.704860325799922e-09]",9.480617846391315e-06,0.0,0.0,0.9999914785515504,True,475.0,0.9800000000000001,1e-05,banded ADMM with dual certificate,0.1541985139992903,49.0,49.0,64.0,0.5*sum_train((z-y)^2)+lambda*sum(abs(Bz))
burgers,edmd_weak,EDMD + weak,8,0.05,2,af55f11961ba0c8b3aefed35e08de2cfa3d422193b9e56d981e217784732c44e,49,0.04,1.92,8,5,0.9985487378097868,1.0,0.0014533714131933825,0.01,1,0.033675185550236374,0.033637935706738516,112,8,0.031335124440573354,241,ok,0.07836057799795526,,,,,,,,,,,,,,,,,,,,,,,,,,,,
burgers,linear_weak,Linear q5 + weak,8,0.05,2,af55f11961ba0c8b3aefed35e08de2cfa3d422193b9e56d981e217784732c44e,49,0.04,1.92,0,5,0.9983520808893186,1.0,0.0016506392306143494,0.01,1,0.030859215006467506,0.030814703756914766,112,8,0.04088099286287303,241,ok,0.028823212000133935,,,,,,,,,,,,,,,,,,,,,,,,,,,,
burgers,pod_tv_weak,POD + TV states + weak,8,0.05,2,af55f11961ba0c8b3aefed35e08de2cfa3d422193b9e56d981e217784732c44e,49,0.04,1.92,8,1,0.9978591003183965,1.0,0.0021454929668130395,0.01,1,0.031044713618001096,0.03095338194825283,112,8,0.020409455083850534,49,ok,0.8259334190006484,0.1,0.0029351891891731246,0.0,0.0,0.0,3.0,64.0,"[0.07102158070882722, 0.08983456784571361, 0.07805802355834195, 0.08749103499801911, 0.11893155722529535, 0.14392160335278734, 0.2150548360775774, 0.1944552119777158]","[0.07102158070736059, 0.08982537021602723, 0.07805802223460791, 0.08749103499801827, 0.11893155718826467, 0.143921602740288, 0.21505483607734735, 0.1944552119777141]","[1.4666323711054474e-12, 9.19762968638882e-06, 1.3237340390492847e-09, 8.326672684688674e-16, 3.7030670196891435e-11, 6.124993290335112e-10, 2.3003821070233244e-13, 1.6930901125533637e-15]","[1.4666323711054474e-12, 9.19762968638882e-06, 1.3237340390492847e-09, 8.326672684688674e-16, 3.7030670196891435e-11, 6.124993290335112e-10, 2.3003821070233244e-13, 1.6930901125533637e-15]",9.19762968638882e-06,1.0439173161319593e-06,"[1.4666462488932552e-12, 9.197625562090694e-06, 1.3237339696603456e-09, 8.673617379884035e-16, 3.703066325799753e-11, 6.124992874001478e-10, 2.2998616899805313e-13, 1.6375789613221059e-15]",1.5351630949178574e-05,0.0,0.0,0.9999901578502953,True,200.0,0.9800000000000001,1e-05,banded ADMM with dual certificate,0.014371424000273691,49.0,49.0,8.0,0.5*sum_train((z-y)^2)+lambda*sum(abs(Bz))
burgers,pod_weak,POD only + weak,8,0.05,2,af55f11961ba0c8b3aefed35e08de2cfa3d422193b9e56d981e217784732c44e,49,0.04,1.92,8,1,0.9985302193600252,1.0,0.0014719440748791005,0.01,1,0.03337438170941262,0.0333365311265108,112,8,0.03010645645543045,49,ok,0.04204205299902242,,,,,,,,,,,,,,,,,,,,,,,,,,,,
burgers,raw_weak,Raw + weak,8,0.05,2,af55f11961ba0c8b3aefed35e08de2cfa3d422193b9e56d981e217784732c44e,49,0.04,1.92,0,1,0.9983246826554488,1.0,0.0016781287427403279,0.01,1,0.030869475629530848,0.0308242274001284,112,8,0.04947593227917156,49,ok,0.029162031998566817,,,,,,,,,,,,,,,,,,,,,,,,,,,,
burgers,tv_weak,TV states + weak,8,0.05,2,af55f11961ba0c8b3aefed35e08de2cfa3d422193b9e56d981e217784732c44e,49,0.04,1.92,0,1,0.9980603941511772,1.0,0.0019433752307868785,0.01,1,0.027451117733725494,0.02737591183363401,112,8,0.020303525333935386,49,ok,1.1112045500012755,0.1,0.003211667363024591,0.0,0.0,0.0,3.0,8.0,"[0.06021701012966093, 0.05189149725265134, 0.05637441081536507, 0.07565957130179048, 0.05882557506296312, 0.053739240032435465, 0.04963558204520907, 0.04110736161501709, 0.05381316865419583, 0.0412411797484138, 0.054975243679215496, 0.05665448492536736, 0.07533257206418263, 0.03455122095276977, 0.05557530267909414, 0.06737564830685923, 0.05494732304548104, 0.04205085207669555, 0.0378780506917207, 0.07700374291923705, 0.0510123678691244, 0.049950706352052565, 0.06689031714950891, 0.0635294484302694, 0.05966428977576186, 0.0656065071942824, 0.07086843801322931, 0.04674248549356105, 0.06454930606559361, 0.06817159381822395, 0.05820514223163543, 0.052953249700293394, 0.04376687688159163, 0.06576165012064664, 0.06212709129553417, 0.07272739071150842, 0.06467090174606431, 0.07298478498340046, 0.053850241537360566, 0.050546923934484414, 0.07028100792880795, 0.05411379303415115, 0.04496408702158413, 0.044020451135034395, 0.048444611659330325, 0.06026390338428409, 0.04736015274141916, 0.05393873264376016, 0.0473054581889197, 0.045163364960862255, 0.05215478280646746, 0.0677948130962079, 0.04542043361870402, 0.0534920000968633, 0.043851942693810604, 0.05708944699636007, 0.061907171420088426, 0.05689813268766634, 0.04560203631963625, 0.08483481277382629, 0.04375990942190559, 0.053971078576563594, 0.044067236054164315, 0.06590542082759968]","[0.06021541830148185, 0.0518914791289988, 0.05637441081536469, 0.07565957082168936, 0.058825575062952815, 0.053739240032434604, 0.04963558204520831, 0.041098149258403, 0.053809582181921584, 0.041240655036246514, 0.05497524364870905, 0.0566544849253158, 0.07533247715566263, 0.03455121378166147, 0.05557426985326969, 0.06737564801700613, 0.0549472685507463, 0.04205082131215231, 0.03787805069044845, 0.077003742919236, 0.051012367869123665, 0.049950610643536036, 0.0668903171495068, 0.06352944843026642, 0.0596642897744737, 0.06560650719428017, 0.0708684380132272, 0.0467424854935587, 0.0645488522781916, 0.06817159381822169, 0.05820514222883176, 0.05295190718662538, 0.04376216009072082, 0.0657595025903619, 0.062127091295530575, 0.07272739071129422, 0.06467090174606138, 0.07298478498339646, 0.053849642175538046, 0.05054692393448255, 0.0702810078768998, 0.054113793034150155, 0.04496408702158316, 0.04401937112520268, 0.04844083163771958, 0.06026314503554734, 0.047360149300398724, 0.05393781723553388, 0.04729751828749876, 0.04516325537407106, 0.052154782450087596, 0.06779481309620636, 0.04542043346511224, 0.05349200009686214, 0.043851812893611494, 0.05708944699635936, 0.06190690860714788, 0.056897260834719264, 0.04560203631813647, 0.08483480819094734, 0.04375990942190128, 0.053961723591689714, 0.04406294608740616, 0.06590540534055982]","[1.5918281790761046e-06, 1.812365253706094e-08, 3.7470027081099033e-16, 4.801011116439824e-10, 1.0304257447302234e-14, 8.604228440844963e-16, 7.632783294297951e-16, 9.21235661408698e-06, 3.5864722742473543e-06, 5.24712167285224e-07, 3.05064445926817e-11, 5.155598170603071e-14, 9.490852000137995e-08, 7.171108304393492e-09, 1.0328258244554633e-06, 2.8985309985518626e-10, 5.449473473861932e-08, 3.076454323930333e-08, 1.2722461972813903e-12, 1.0408340855860843e-15, 7.355227538141662e-16, 9.570851652873635e-08, 2.1094237467877974e-15, 2.9837243786801082e-15, 1.2881570810030496e-12, 2.2343238370581275e-15, 2.1094237467877974e-15, 2.3522850334245504e-15, 4.537874020160704e-07, 2.2620794126737565e-15, 2.8036670207676195e-12, 1.3425136680123018e-06, 4.716790870808174e-06, 2.147530284740684e-06, 3.594347042223944e-15, 2.1420365481361614e-13, 2.9282132274488504e-15, 3.9968028886505635e-15, 5.993618225202946e-07, 1.8665624601510444e-15, 5.1908158327229614e-11, 9.922618282587337e-16, 9.71445146547012e-16, 1.0800098317123585e-06, 3.780021610742812e-06, 7.583487367512909e-07, 3.4410204338697348e-09, 9.154082262763374e-07, 7.939901420943307e-06, 1.0958679119710268e-07, 3.563798631200932e-10, 1.5404344466674047e-15, 1.5359178512364124e-10, 1.1587952819525071e-15, 1.2980019910985297e-07, 7.147060721024445e-16, 2.628129405490842e-07, 8.718529470735925e-07, 1.4997794672844122e-12, 4.5828789513313595e-09, 4.315992008230296e-15, 9.354984873879979e-06, 4.289966758157238e-06, 1.5487039858874674e-08]","[1.5918281790761046e-06, 1.812365253706094e-08, 3.7470027081099033e-16, 4.801011116439824e-10, 1.0304257447302234e-14, 8.604228440844963e-16, 7.632783294297951e-16, 9.21235661408698e-06, 3.5864722742473543e-06, 5.24712167285224e-07, 3.05064445926817e-11, 5.155598170603071e-14, 9.490852000137995e-08, 7.171108304393492e-09, 1.0328258244554633e-06, 2.8985309985518626e-10, 5.449473473861932e-08, 3.076454323930333e-08, 1.2722461972813903e-12, 1.0408340855860843e-15, 7.355227538141662e-16, 9.570851652873635e-08, 2.1094237467877974e-15, 2.9837243786801082e-15, 1.2881570810030496e-12, 2.2343238370581275e-15, 2.1094237467877974e-15, 2.3522850334245504e-15, 4.537874020160704e-07, 2.2620794126737565e-15, 2.8036670207676195e-12, 1.3425136680123018e-06, 4.716790870808174e-06, 2.147530284740684e-06, 3.594347042223944e-15, 2.1420365481361614e-13, 2.9282132274488504e-15, 3.9968028886505635e-15, 5.993618225202946e-07, 1.8665624601510444e-15, 5.1908158327229614e-11, 9.922618282587337e-16, 9.71445146547012e-16, 1.0800098317123585e-06, 3.780021610742812e-06, 7.583487367512909e-07, 3.4410204338697348e-09, 9.154082262763374e-07, 7.939901420943307e-06, 1.0958679119710268e-07, 3.563798631200932e-10, 1.5404344466674047e-15, 1.5359178512364124e-10, 1.1587952819525071e-15, 1.2980019910985297e-07, 7.147060721024445e-16, 2.628129405490842e-07, 8.718529470735925e-07, 1.4997794672844122e-12, 4.5828789513313595e-09, 4.315992008230296e-15, 9.354984873879979e-06, 4.289966758157238e-06, 1.5487039858874674e-08]",9.354984873879979e-06,6.892242288281114e-07,"[1.5918278200507952e-06, 1.8123652522315792e-08, 3.877106968808164e-16, 4.801011467721328e-10, 1.0263491445616779e-14, 8.439429710627167e-16, 7.537373503119227e-16, 9.212356153159677e-06, 3.5864722090369304e-06, 5.247121637420513e-07, 3.050646714408689e-11, 5.147705178787376e-14, 9.490851956769908e-08, 7.171108297454598e-09, 1.0328258228187517e-06, 2.898531241413149e-10, 5.449473461371923e-08, 3.0764543235833886e-08, 1.2722791570274339e-12, 1.0755285551056204e-15, 7.251144129583054e-16, 9.570851644200018e-08, 2.1614654510671016e-15, 3.0062757838678067e-15, 1.288196979642997e-12, 2.2239154962022667e-15, 2.112893193739751e-15, 2.366162821232365e-15, 4.537873985587665e-07, 2.3245294578089215e-15, 2.8036826332789033e-12, 1.3425136527996442e-06, 4.716790828239795e-06, 2.147529899652889e-06, 3.590877595271991e-15, 2.1423487983618372e-13, 2.9802549317281546e-15, 4.010680676458378e-15, 5.993617730633283e-07, 1.8457457784393227e-15, 5.190810975497229e-11, 1.033895191682177e-15, 9.645062526431047e-16, 1.0800098196091928e-06, 3.7800214585121533e-06, 7.583487248979254e-07, 3.441020439073905e-09, 9.15408192591477e-07, 7.93989995714027e-06, 1.0958679097158863e-07, 3.563798752631575e-10, 1.5439038936193583e-15, 1.5359179726670558e-10, 1.1492543028346347e-15, 1.2980019895893202e-07, 7.320533068622126e-16, 2.6281293992545113e-07, 8.718529128717845e-07, 1.499805488136552e-12, 4.5828789443924656e-09, 4.3021142204224816e-15, 9.3549845783256e-06, 4.28996656018539e-06, 1.5487039812904502e-08]",1.528062153700882e-05,0.0,0.0,0.9999935687842033,True,500.0,0.9800000000000001,1e-05,banded ADMM with dual certificate,0.17057489799844916,49.0,49.0,64.0,0.5*sum_train((z-y)^2)+lambda*sum(abs(Bz))
burgers,edmd_weak,EDMD + weak,8,0.05,3,c3bf47ca1eb3d386169a9195bb29bdc720b7d74a2b924eb708f123b1c3ccfd24,49,0.04,1.92,8,5,0.9979653300838327,1.0,0.002038818238301276,0.01,1,0.03650579663115685,0.03629278619200136,112,8,0.03589379504853646,241,ok,0.10967320400231984,,,,,,,,,,,,,,,,,,,,,,,,,,,,
burgers,linear_weak,Linear q5 + weak,8,0.05,3,c3bf47ca1eb3d386169a9195bb29bdc720b7d74a2b924eb708f123b1c3ccfd24,49,0.04,1.92,0,5,0.9980423881350305,1.0,0.001961451625944982,0.01,1,0.037615817577395655,0.037474966299823664,112,8,0.04076255709360927,241,ok,0.05907869500151719,,,,,,,,,,,,,,,,,,,,,,,,,,,,
burgers,pod_tv_weak,POD + TV states + weak,8,0.05,3,c3bf47ca1eb3d386169a9195bb29bdc720b7d74a2b924eb708f123b1c3ccfd24,49,0.04,1.92,8,1,0.9978082081280282,1.0,0.0021966063759725394,0.01,1,0.03425025320730698,0.03401156265440578,112,8,0.020137669776867612,49,ok,0.9365888829997857,0.1,0.003016702024893563,0.0,0.0,0.0,3.0,64.0,"[0.0765857497361139, 0.08062062529896442, 0.08238335456613999, 0.08216927653165304, 0.09831490599384077, 0.14191399201525595, 0.2088879551841878, 0.17403851307670654]","[0.07657941040820665, 0.08062062529890643, 0.08238335456302562, 0.08216927590431555, 0.09831490392363249, 0.1419139867554994, 0.20888378862144333, 0.1740385130767061]","[6.339327907251002e-06, 5.799527524885661e-14, 3.1143698731028735e-12, 6.273374875132021e-10, 2.070208282578534e-09, 5.259756546971417e-09, 4.166562744462032e-06, 4.440892098500626e-16]","[6.339327907251002e-06, 5.799527524885661e-14, 3.1143698731028735e-12, 6.273374875132021e-10, 2.070208282578534e-09, 5.259756546971417e-09, 4.166562744462032e-06, 4.440892098500626e-16]",6.339327907251002e-06,1.33757544643065e-06,"[6.339318496709212e-06, 5.79813974610488e-14, 3.1143490564211618e-12, 6.273374320020508e-10, 2.0702082478840644e-09, 5.25975658860478e-09, 4.166562701357623e-06, 4.2327252813834093e-16]",9.213140464647829e-06,0.0,0.0,0.9999849423500804,True,175.0,0.9800000000000001,1e-05,banded ADMM with dual certificate,0.014517687999614282,49.0,49.0,8.0,0.5*sum_train((z-y)^2)+lambda*sum(abs(Bz))
burgers,pod_weak,POD only + weak,8,0.05,3,c3bf47ca1eb3d386169a9195bb29bdc720b7d74a2b924eb708f123b1c3ccfd24,49,0.04,1.92,8,1,0.9979620898943742,1.0,0.0020420716641065015,0.01,1,0.03630516935092872,0.03608736202430864,112,8,0.02923619525096358,49,ok,0.04245612299928325,,,,,,,,,,,,,,,,,,,,,,,,,,,,
burgers,raw_weak,Raw + weak,8,0.05,3,c3bf47ca1eb3d386169a9195bb29bdc720b7d74a2b924eb708f123b1c3ccfd24,49,0.04,1.92,0,1,0.9980793169268307,1.0,0.0019243791957167745,0.01,1,0.03763923407738825,0.03751127976611997,112,8,0.04922803218189379,49,ok,0.05351982000138378,,,,,,,,,,,,,,,,,,,,,,,,,,,,
burgers,tv_weak,TV states + weak,8,0.05,3,c3bf47ca1eb3d386169a9195bb29bdc720b7d74a2b924eb708f123b1c3ccfd24,49,0.04,1.92,0,1,0.9973522550432286,1.0,0.0026547741215631844,0.01,1,0.034333860690987386,0.03406390797924514,112,8,0.020356355214505805,49,ok,1.1226753240007383,0.1,0.003073536777189569,0.0,0.0,0.0,3.0,8.0,"[0.03862101428422038, 0.05702529753726042, 0.054345124531706576, 0.043294793683007975, 0.06104788768101955, 0.0699463008987664, 0.051837118508986216, 0.05760428234114222, 0.04754836630154141, 0.050500879617199325, 0.05597631965107735, 0.0494625059784674, 0.048120649773788764, 0.06793704720754108, 0.06098185428307133, 0.06821935243106124, 0.030529167606534263, 0.049988886668501875, 0.059099226689535406, 0.05780931157232093, 0.058178309769010776, 0.05746104042186326, 0.043764827123657125, 0.04765196451779232, 0.07322582577410919, 0.06282700942999238, 0.05835608454476029, 0.06392336798127254, 0.05624547865733, 0.04585572872682552, 0.03918267880532271, 0.06505052319857592, 0.06196238364347021, 0.05833762258585743, 0.0836228627258633, 0.0562095308705019, 0.06782431438557682, 0.07362047273753916, 0.059799212026144175, 0.06517611280406466, 0.07404708346638528, 0.0443568251201871, 0.05736133162881984, 0.062381283353580286, 0.049571496182903615, 0.043356045587468556, 0.04728151969090215, 0.045193455929593514, 0.05673249975071362, 0.051323791157735464, 0.057857636136677354, 0.07066782689410568, 0.048956339989704015, 0.04173305916715215, 0.05568416325209024, 0.058705860482431496, 0.05769366124134373, 0.05014524465219279, 0.05352615196963906, 0.06791468159599763, 0.05278518303662001, 0.04227672273782939, 0.03851969943168836, 0.04353204786987415]","[0.038621014284220344, 0.05702529753676067, 0.05434512453170535, 0.04329479367263064, 0.06104787968643649, 0.06994382676378043, 0.05183711833344699, 0.057604282341141, 0.04754835700187073, 0.05050087630733402, 0.05597631965103394, 0.04946250597846546, 0.04811461230242589, 0.06793704099987809, 0.06098183954266517, 0.06821935236145404, 0.03052916760653397, 0.049988886668501264, 0.05909922664420671, 0.05780931157231993, 0.05817830719881476, 0.05746104042186257, 0.043764826874645425, 0.047651964510148435, 0.07322582577410525, 0.06282700942998917, 0.05835608454475793, 0.06392336798127068, 0.05624547865732881, 0.04585572872437863, 0.03917869554143198, 0.06505052319857557, 0.06196238118758053, 0.05833762205243771, 0.08362286272586053, 0.056209530870497106, 0.06782427296355799, 0.07362047273753636, 0.0597992120261421, 0.06517611239248733, 0.07404708346637968, 0.04435682091400569, 0.05736133162881878, 0.06238128335193509, 0.049571496182853725, 0.04335601458973143, 0.04728151969090083, 0.04519345592959262, 0.05673249975071282, 0.05132379108315579, 0.05785731663565834, 0.07066782685708195, 0.048953724375509836, 0.041733058499833664, 0.055684161894947785, 0.05870583705394839, 0.05769366106056351, 0.05014520008495019, 0.05352615196963796, 0.06791459078386454, 0.05278515934316722, 0.0422767227366589, 0.03851928006672142, 0.04353204786788634]","[3.469446951953614e-17, 4.997460778533025e-13, 1.2281842209915794e-15, 1.0377337877898185e-11, 7.994583058057447e-09, 2.4741349859691564e-06, 1.7553922898594365e-10, 1.2212453270876722e-15, 9.299670679363548e-09, 3.309865305445303e-09, 4.340972026284362e-14, 1.942890293094024e-15, 6.037471362872748e-06, 6.207662994750507e-09, 1.4740406159563513e-08, 6.960719500792578e-11, 2.949029909160572e-16, 6.106226635438361e-16, 4.532869912754478e-11, 9.992007221626409e-16, 2.570196014350934e-09, 6.869504964868156e-16, 2.4901170014857144e-10, 7.643885524544203e-12, 3.941291737419306e-15, 3.2057689836051395e-15, 2.3592239273284576e-15, 1.8596235662471372e-15, 1.186550857568136e-15, 2.4468899129104216e-12, 3.983263890727784e-06, 3.469446951953614e-16, 2.455889679120471e-09, 5.334197181183775e-10, 2.7755575615628914e-15, 4.794775687599895e-15, 4.1422018828840557e-08, 2.8033131371785203e-15, 2.0747292772682613e-15, 4.1157732777463707e-10, 5.592748486549226e-15, 4.20618141011575e-09, 1.0547118733938987e-15, 1.645197866828596e-12, 4.989064716909297e-14, 3.099773712711418e-08, 1.3183898417423734e-15, 8.951173136040325e-16, 8.049116928532385e-16, 7.457967576840474e-11, 3.195010190165659e-07, 3.702373130298753e-11, 2.6156141941791056e-06, 6.673184851924141e-10, 1.3571424539726706e-09, 2.3428483104936948e-08, 1.807802171849282e-10, 4.4567242604709456e-08, 1.096345236817342e-15, 9.081213309114489e-08, 2.3693452790019e-08, 1.1704873181805908e-12, 4.193649669401167e-07, 1.9878057533340154e-12]","[3.469446951953614e-17, 4.997460778533025e-13, 1.2281842209915794e-15, 1.0377337877898185e-11, 7.994583058057447e-09, 2.4741349859691564e-06, 1.7553922898594365e-10, 1.2212453270876722e-15, 9.299670679363548e-09, 3.309865305445303e-09, 4.340972026284362e-14, 1.942890293094024e-15, 6.037471362872748e-06, 6.207662994750507e-09, 1.4740406159563513e-08, 6.960719500792578e-11, 2.949029909160572e-16, 6.106226635438361e-16, 4.532869912754478e-11, 9.992007221626409e-16, 2.570196014350934e-09, 6.869504964868156e-16, 2.4901170014857144e-10, 7.643885524544203e-12, 3.941291737419306e-15, 3.2057689836051395e-15, 2.3592239273284576e-15, 1.8596235662471372e-15, 1.186550857568136e-15, 2.4468899129104216e-12, 3.983263890727784e-06, 3.469446951953614e-16, 2.455889679120471e-09, 5.334197181183775e-10, 2.7755575615628914e-15, 4.794775687599895e-15, 4.1422018828840557e-08, 2.8033131371785203e-15, 2.0747292772682613e-15, 4.1157732777463707e-10, 5.592748486549226e-15, 4.20618141011575e-09, 1.0547118733938987e-15, 1.645197866828596e-12, 4.989064716909297e-14, 3.099773712711418e-08, 1.3183898417423734e-15, 8.951173136040325e-16, 8.049116928532385e-16, 7.457967576840474e-11, 3.195010190165659e-07, 3.702373130298753e-11, 2.6156141941791056e-06, 6.673184851924141e-10, 1.3571424539726706e-09, 2.3428483104936948e-08, 1.807802171849282e-10, 4.4567242604709456e-08, 1.096345236817342e-15, 9.081213309114489e-08, 2.3693452790019e-08, 1.1704873181805908e-12, 4.193649669401167e-07, 1.9878057533340154e-12]",6.037471362872748e-06,3.845457690193621e-06,"[4.2500725161431774e-17, 4.997430420872195e-13, 1.214306433183765e-15, 1.0377343082068613e-11, 7.994583002546296e-09, 2.4741345495691083e-06, 1.755392324553906e-10, 1.2004286453759505e-15, 9.299670644669078e-09, 3.3098652950369623e-09, 4.3434873753245284e-14, 1.9186041644303486e-15, 6.037392669152805e-06, 6.207662975668549e-09, 1.4740406036398146e-08, 6.960718980375535e-11, 2.8796409701215e-16, 5.880712583561376e-16, 4.532871647477954e-11, 1.0044048925905713e-15, 2.5701959935342522e-09, 6.800116025829084e-16, 2.490116897402306e-10, 7.643892463438107e-12, 3.989863994746656e-15, 3.1884217488453714e-15, 2.355754480376504e-15, 1.835337437583462e-15, 1.1986939218999737e-15, 2.4468864434634696e-12, 3.983256948733062e-06, 3.41740524767431e-16, 2.4558896739163005e-09, 5.334197805684227e-10, 2.7824964554667986e-15, 4.791306240647941e-15, 4.142201042584004e-08, 2.779027008514845e-15, 2.0365653607967715e-15, 4.1157737287744744e-10, 5.592748486549226e-15, 4.20618141011575e-09, 1.0304257447302234e-15, 1.6452169487868318e-12, 4.988717772214102e-14, 3.0997736218119076e-08, 1.2906342661267445e-15, 9.124645483638005e-16, 8.031769693772617e-16, 7.457968357466038e-11, 3.195010174553148e-07, 3.702371742519972e-11, 2.6156140017531693e-06, 6.673184843250524e-10, 1.357142495606034e-09, 2.342848308151818e-08, 1.8078021111339604e-10, 4.456724260037265e-08, 1.0807327255335508e-15, 9.081213159581325e-08, 2.369345265644529e-08, 1.1704907876275428e-12, 4.1936491522670885e-07, 1.9878196311218232e-12]",8.228527992606982e-06,0.0,0.0,0.999955531219256,True,450.0,1.9600000000000002,1e-05,banded ADMM with dual certificate,0.18490270300026168,49.0,49.0,64.0,0.5*sum_train((z-y)^2)+lambda*sum(abs(Bz))
burgers,edmd_weak,EDMD + weak,8,0.05,4,d676d70081416a8b207d8e124d83cba14b9c1cc6b72b91270d149ce65d5609ea,49,0.04,1.92,8,5,0.9903514803823206,1.0,0.009742520518023328,0.01,1,0.03971511281439587,0.037744400599395794,112,8,0.029986054345395245,241,ok,0.06715848399835522,,,,,,,,,,,,,,,,,,,,,,,,,,,,
burgers,linear_weak,Linear q5 + weak,8,0.05,4,d676d70081416a8b207d8e124d83cba14b9c1cc6b72b91270d149ce65d5609ea,49,0.04,1.92,0,5,0.9904574851754766,1.0,0.009634451722915518,0.01,1,0.04163366959341196,0.03943982121105808,112,8,0.04039719394853325,241,ok,0.027562457999010803,,,,,,,,,,,,,,,,,,,,,,,,,,,,
burgers,pod_tv_weak,POD + TV states + weak,8,0.05,4,d676d70081416a8b207d8e124d83cba14b9c1cc6b72b91270d149ce65d5609ea,49,0.04,1.92,8,1,0.990704284218333,1.0,0.009382936896251842,0.01,1,0.03796276806582798,0.036034720569799165,112,8,0.02160549556186777,49,ok,1.133850722002535,0.1,0.0028806612754431783,0.0,0.0,0.0,3.0,64.0,"[0.08870376832625351, 0.08001185714514789, 0.08278099402903999, 0.09892239158348301, 0.09312113064881195, 0.0974430715296213, 0.19032631515555878, 0.15460266922465196]","[0.08870376832623414, 0.08001185714513882, 0.08278099402903051, 0.09892239158344877, 0.09312113064880972, 0.09744307152962083, 0.1903263151547262, 0.15459305177225005]","[1.9373391779708982e-14, 9.06219543850284e-15, 9.478529072737274e-15, 3.4236502521878265e-14, 2.220446049250313e-15, 4.718447854656915e-16, 8.325840017420205e-13, 9.61745240191103e-06]","[1.9373391779708982e-14, 9.06219543850284e-15, 9.478529072737274e-15, 3.4236502521878265e-14, 2.220446049250313e-15, 4.718447854656915e-16, 8.325840017420205e-13, 9.61745240191103e-06]",9.61745240191103e-06,1.450024346233425e-06,"[1.9394208461420703e-14, 8.98586760555986e-15, 9.43689570931383e-15, 3.427813588530171e-14, 2.192690473634684e-15, 4.85722573273506e-16, 8.324868572273658e-13, 9.617441675151273e-06]",1.6668234701672224e-05,0.0,0.0,0.9999906221827083,True,225.0,0.9800000000000001,1e-05,banded ADMM with dual certificate,0.034881784002209315,49.0,49.0,8.0,0.5*sum_train((z-y)^2)+lambda*sum(abs(Bz))
burgers,pod_weak,POD only + weak,8,0.05,4,d676d70081416a8b207d8e124d83cba14b9c1cc6b72b91270d149ce65d5609ea,49,0.04,1.92,8,1,0.9904735510032995,1.0,0.009618075098573525,0.01,1,0.03930392759102808,0.037351432309666845,112,8,0.029518462119278558,49,ok,0.04329384599986952,,,,,,,,,,,,,,,,,,,,,,,,,,,,
burgers,raw_weak,Raw + weak,8,0.05,4,d676d70081416a8b207d8e124d83cba14b9c1cc6b72b91270d149ce65d5609ea,49,0.04,1.92,0,1,0.9903625546118189,1.0,0.009731229581835846,0.01,1,0.04167122129097635,0.039425367341789266,112,8,0.04888870885287132,49,ok,0.02396767699974589,,,,,,,,,,,,,,,,,,,,,,,,,,,,
burgers,tv_weak,TV states + weak,8,0.05,4,d676d70081416a8b207d8e124d83cba14b9c1cc6b72b91270d149ce65d5609ea,49,0.04,1.92,0,1,0.9904394244208786,1.0,0.009652862500613472,0.01,1,0.03869643755145433,0.036552835890195264,112,8,0.020805836774195535,49,ok,0.9410228269989602,0.1,0.003192161515197349,0.0,0.0,0.0,3.0,8.0,"[0.03428868958436179, 0.0574544337400447, 0.056503550569867944, 0.060680537712042876, 0.051603510995185536, 0.05452943729084697, 0.04054582291937264, 0.04225828195949257, 0.04661441283231068, 0.05792567868591901, 0.04576502349211996, 0.04844142428326845, 0.07394137708243934, 0.047792199551009454, 0.04906799420538851, 0.046594684225334915, 0.05769383203735541, 0.04513477019497679, 0.058399516601822465, 0.05619998603267752, 0.05525195022768255, 0.04954519618544172, 0.05958985488159341, 0.043926635817958144, 0.05517460254188559, 0.07556562458731679, 0.04897136195243851, 0.06726689216951892, 0.05225691427406716, 0.05702834924953365, 0.06126132759749966, 0.04367039378556091, 0.046028383495478366, 0.05134432985505068, 0.05527628018573538, 0.07055539700308822, 0.07009219665541078, 0.052495362096029355, 0.07720434121667114, 0.061793981004763646, 0.05536262075327407, 0.059863755355011386, 0.07066033849332568, 0.05542384797221578, 0.05467634940591162, 0.06968384735524362, 0.05572666742353993, 0.06247139378373692, 0.048025832077345516, 0.05270769721303813, 0.04212644763910928, 0.05091780424503446, 0.06496545942759294, 0.04620385101611182, 0.03727516973025612, 0.04560577216741924, 0.02665207211820586, 0.07758670402621085, 0.04437173276536542, 0.05007060007378887, 0.06108894975348014, 0.046065143264037184, 0.04628583876165812, 0.0565614116791419]","[0.034288689511749994, 0.05745442660780326, 0.05650169013072815, 0.06068053723373517, 0.051603510995172845, 0.05452755014315726, 0.040545620997037304, 0.042258281959491856, 0.04661421476305516, 0.057925677804560365, 0.04576502209605201, 0.048441407098698715, 0.07394133561536288, 0.04779216928017726, 0.04906796746896006, 0.04659453233289566, 0.05769383068946485, 0.045134770194976345, 0.05839121288379601, 0.05619998603267659, 0.05525190606210325, 0.04954492346736757, 0.059587641801941926, 0.04392663580883151, 0.05517460254188399, 0.07556562458731354, 0.048970716290375346, 0.0672668921691598, 0.052256913993025046, 0.05702657926322247, 0.06126132759546435, 0.043670370320810004, 0.046028383495475396, 0.05134428364777494, 0.055276280111310555, 0.07055525444467826, 0.07009219665056837, 0.052495362091300526, 0.07720434089660257, 0.06179398100465636, 0.055362620738063105, 0.05986175590667852, 0.07066032794148747, 0.055423672281701405, 0.05467613748239878, 0.06968384284269732, 0.055725995332524314, 0.0624713647194844, 0.04802583154244662, 0.05270732708625873, 0.042119727704892584, 0.05091735909298965, 0.06496543100165474, 0.0462038509549389, 0.037275109725909465, 0.045605770791820766, 0.026651716082236505, 0.07758670402610772, 0.04437138953136499, 0.050070179987643335, 0.06108893593685907, 0.0460651316398271, 0.04628573692155221, 0.05656141167913301]","[7.261179851836275e-11, 7.132241436336173e-09, 1.860439139793335e-06, 4.783077059422602e-10, 1.269123695024632e-14, 1.887147689713653e-06, 2.019223353383337e-07, 7.147060721024445e-16, 1.9806925551785204e-07, 8.813586457878664e-10, 1.3960679487445837e-09, 1.7184569732486832e-08, 4.146707645313885e-08, 3.0270832195034014e-08, 2.6736428446194616e-08, 1.5189243925128881e-07, 1.3478905630526228e-09, 4.440892098500626e-16, 8.303718026451967e-06, 9.298117831235686e-16, 4.416557929792786e-08, 2.7271807414436244e-07, 2.213079651480765e-06, 9.126636946188427e-12, 1.5959455978986625e-15, 3.247402347028583e-15, 6.456620631617449e-07, 3.591155151028147e-13, 2.8104211319268657e-10, 1.7699863111772518e-06, 2.0353094210001643e-12, 2.346475090619915e-08, 2.9698465908722937e-15, 4.620727573484418e-08, 7.442482741204515e-11, 1.4255840995180957e-07, 4.842404255356314e-12, 4.7288284399371605e-12, 3.200685688709015e-10, 1.0728223864830966e-13, 1.5210964432466056e-11, 1.999448332866416e-06, 1.0551838208749942e-08, 1.7569051437293925e-07, 2.1192351284254896e-07, 4.51254629496578e-09, 6.720910156188253e-07, 2.9064252525523582e-08, 5.348988960096612e-10, 3.7012677939901595e-07, 6.719934216692369e-06, 4.4515204480899406e-07, 2.8425938200515866e-08, 6.117291395657531e-11, 6.000434665809351e-08, 1.3755984754060258e-09, 3.560359693559334e-07, 1.0312584119986923e-13, 3.4323400043001495e-07, 4.200861455361249e-07, 1.3816621069473456e-08, 1.1624210080607433e-08, 1.0184010591079984e-07, 8.88872309090516e-15]","[7.261179851836275e-11, 7.132241436336173e-09, 1.860439139793335e-06, 4.783077059422602e-10, 1.269123695024632e-14, 1.887147689713653e-06, 2.019223353383337e-07, 7.147060721024445e-16, 1.9806925551785204e-07, 8.813586457878664e-10, 1.3960679487445837e-09, 1.7184569732486832e-08, 4.146707645313885e-08, 3.0270832195034014e-08, 2.6736428446194616e-08, 1.5189243925128881e-07, 1.3478905630526228e-09, 4.440892098500626e-16, 8.303718026451967e-06, 9.298117831235686e-16, 4.416557929792786e-08, 2.7271807414436244e-07, 2.213079651480765e-06, 9.126636946188427e-12, 1.5959455978986625e-15, 3.247402347028583e-15, 6.456620631617449e-07, 3.591155151028147e-13, 2.8104211319268657e-10, 1.7699863111772518e-06, 2.0353094210001643e-12, 2.346475090619915e-08, 2.9698465908722937e-15, 4.620727573484418e-08, 7.442482741204515e-11, 1.4255840995180957e-07, 4.842404255356314e-12, 4.7288284399371605e-12, 3.200685688709015e-10, 1.0728223864830966e-13, 1.5210964432466056e-11, 1.999448332866416e-06, 1.0551838208749942e-08, 1.7569051437293925e-07, 2.1192351284254896e-07, 4.51254629496578e-09, 6.720910156188253e-07, 2.9064252525523582e-08, 5.348988960096612e-10, 3.7012677939901595e-07, 6.719934216692369e-06, 4.4515204480899406e-07, 2.8425938200515866e-08, 6.117291395657531e-11, 6.000434665809351e-08, 1.3755984754060258e-09, 3.560359693559334e-07, 1.0312584119986923e-13, 3.4323400043001495e-07, 4.200861455361249e-07, 1.3816621069473456e-08, 1.1624210080607433e-08, 1.0184010591079984e-07, 8.88872309090516e-15]",8.303718026451967e-06,7.696843358356853e-07,"[7.26117963499584e-11, 7.132241435468811e-09, 1.860439124433226e-06, 4.783077007380898e-10, 1.2695573758936263e-14, 1.8871476877343335e-06, 2.019223347355173e-07, 6.852157730108388e-16, 1.9806925372414796e-07, 8.813586752781655e-10, 1.396067918386923e-09, 1.7184569717741682e-08, 4.1467076220685906e-08, 3.0270832025031114e-08, 2.6736428340376484e-08, 1.518924304059338e-07, 1.3478905352970472e-09, 4.3021142204224816e-16, 8.303715595178035e-06, 9.246076126956382e-16, 4.4165579195579174e-08, 2.727180740159929e-07, 2.213079397692455e-06, 9.126631742017999e-12, 1.6046192152785466e-15, 3.264749581788351e-15, 6.456620114149436e-07, 3.591536790192862e-13, 2.810420958454518e-10, 1.7699863018496437e-06, 2.0352990126593085e-12, 2.346475087584149e-08, 2.9802549317281546e-15, 4.620727541565506e-08, 7.442486210651467e-11, 1.4255840863341973e-07, 4.842407724803266e-12, 4.728856195512776e-12, 3.2006855152366676e-10, 1.072787692013577e-13, 1.5210912390761777e-11, 1.9994481540927533e-06, 1.0551838156708238e-08, 1.7569050275723086e-07, 2.119235119005941e-07, 4.512546268944928e-09, 6.720910080727782e-07, 2.906425244399158e-08, 5.34898909887449e-10, 3.701267716725576e-07, 6.7199340349306455e-06, 4.45151980915659e-07, 2.8425938169290843e-08, 6.117293477325703e-11, 6.000434598328608e-08, 1.375598441578918e-09, 3.5603595904994123e-07, 1.0313624954072509e-13, 3.43233997073325e-07, 4.200861238850412e-07, 1.3816621047789412e-08, 1.162421007366854e-08, 1.0184010580584907e-07, 8.891325176119125e-15]",1.1430063247427902e-05,0.0,0.0,0.9999929579413258,True,425.0,0.9800000000000001,1e-05,banded ADMM with dual certificate,0.15508923499874072,49.0,49.0,64.0,0.5*sum_train((z-y)^2)+lambda*sum(abs(Bz))
burgers,edmd_weak,EDMD + weak,8,0.1,0,25f2c62b8cd3d50696fc7879cc8998f652efc64502f575bb7fc3a43b7af1883e,49,0.04,1.92,8,5,0.9972758339312839,1.0,0.0027316074209652705,0.03,1,0.08115632337364223,0.0808905111191743,112,8,0.14222523368843148,241,ok,0.0722687039997254,,,,,,,,,,,,,,,,,,,,,,,,,,,,
burgers,linear_weak,Linear q5 + weak,8,0.1,0,25f2c62b8cd3d50696fc7879cc8998f652efc64502f575bb7fc3a43b7af1883e,49,0.04,1.92,0,5,0.9974635916453283,1.0,0.002542858081153574,0.01,1,0.0705906176581613,0.07040894297993515,112,8,0.08224705868238692,241,ok,0.036737616999744205,,,,,,,,,,,,,,,,,,,,,,,,,,,,
burgers,pod_tv_weak,POD + TV states + weak,8,0.1,0,25f2c62b8cd3d50696fc7879cc8998f652efc64502f575bb7fc3a43b7af1883e,49,0.04,1.92,8,1,0.995703799091212,1.0,0.0043147378896306165,0.03,1,0.07759616266380842,0.07717507733160105,112,8,0.037307491641667835,49,ok,1.5278231599986611,1.0,0.011168589849237257,0.0,0.0,0.0,3.0,64.0,"[0.5253303675062946, 0.5422230334235626, 0.5990510260311023, 0.7582180831218088, 0.7150727626841367, 0.8824910904181689, 0.8246747923686418, 0.7408884195341523]","[0.5253303675062518, 0.5422230334235201, 0.5990510260310861, 0.7582180831218003, 0.7150727626841332, 0.8824910587948233, 0.8246649160941792, 0.7408884193782126]","[4.2743586448068527e-14, 4.2521541843143495e-14, 1.6209256159527285e-14, 8.548717289613705e-15, 3.4416913763379853e-15, 3.162334560879998e-08, 9.876274462583545e-06, 1.5593970559280024e-10]","[4.2743586448068527e-14, 4.2521541843143495e-14, 1.6209256159527285e-14, 8.548717289613705e-15, 3.4416913763379853e-15, 3.162334560879998e-08, 9.876274462583545e-06, 1.5593970559280024e-10]",9.876274462583545e-06,1.9557688801796758e-12,"[4.468647674116255e-14, 4.196643033083092e-14, 1.6209256159527285e-14, 8.93729534823251e-15, 3.3861802251067274e-15, 3.162334518552745e-08, 9.876274462816432e-06, 1.5593986865680698e-10]",5.305895800500338e-07,0.0,0.0,0.9999999999954619,True,1800.0,4.9,1e-05,banded ADMM with dual certificate,0.22334696899997653,49.0,49.0,8.0,0.5*sum_train((z-y)^2)+lambda*sum(abs(Bz))
burgers,pod_weak,POD only + weak,8,0.1,0,25f2c62b8cd3d50696fc7879cc8998f652efc64502f575bb7fc3a43b7af1883e,49,0.04,1.92,8,1,0.9961732425124422,1.0,0.0038414578150144573,0.01,1,0.08095564837770265,0.08063930876068953,112,8,0.060852799212408486,49,ok,0.04088429200055543,,,,,,,,,,,,,,,,,,,,,,,,,,,,
burgers,raw_weak,Raw + weak,8,0.1,0,25f2c62b8cd3d50696fc7879cc8998f652efc64502f575bb7fc3a43b7af1883e,49,0.04,1.92,0,1,0.9975967744711398,1.0,0.0024090149350514158,0.01,1,0.07049807600218878,0.07033049224493274,112,8,0.09910577332434965,49,ok,0.02409096300107194,,,,,,,,,,,,,,,,,,,,,,,,,,,,
burgers,tv_weak,TV states + weak,8,0.1,0,25f2c62b8cd3d50696fc7879cc8998f652efc64502f575bb7fc3a43b7af1883e,49,0.04,1.92,0,1,0.9960584000613704,1.0,0.0039571976285595395,0.03,1,0.0640712202992983,0.06367862579198498,112,8,0.03620417400524136,49,ok,1.3447731910018774,1.0,0.012435097367987102,0.0,0.0,0.0,3.0,8.0,"[0.16803342833888354, 0.15899257021086108, 0.1939830795425943, 0.18771911676274702, 0.16282869513025744, 0.24712217785527468, 0.34616709133952595, 0.2953085645207691, 0.19569775350740745, 0.2532990911959072, 0.20654581066852443, 0.2099874651304125, 0.20983098889944954, 0.2306469633695827, 0.291790262228207, 0.3249377731466396, 0.27309863452678923, 0.3084696015126425, 0.33563109821595927, 0.23614520567362204, 0.3298139089977812, 0.2752591267674114, 0.27285640411117074, 0.4182184871330571, 0.3401078720637562, 0.34517768252390457, 0.3405658598838492, 0.3226837991364721, 0.2282231568876205, 0.24333400301184865, 0.2601911434178147, 0.20794426833873245, 0.29317313807776446, 0.3046286401868055, 0.3822134566162652, 0.3349166727754622, 0.34055470947403343, 0.3082874177741691, 0.36032554773597325, 0.4378930366520242, 0.29833756480585016, 0.28662854560811074, 0.32970100375093025, 0.3232205459211419, 0.35710954442184517, 0.30252836057289034, 0.2625574391573832, 0.3715623851108489, 0.3357449942661067, 0.22538725851064187, 0.2745310101908126, 0.18270221517059673, 0.34434312057056105, 0.23281064310230126, 0.23283294478015903, 0.29680784177245123, 0.22174435363531975, 0.2364696042743195, 0.2790936198388588, 0.27200549492376025, 0.2340024858338564, 0.16637688319889776, 0.2295537685926466, 0.25780765062513805]","[0.1680334279977698, 0.15899256119274066, 0.19398307954251573, 0.18771911676274303, 0.16282869407733855, 0.24712217785526785, 0.34616709133907136, 0.29530856452075777, 0.19569775350546578, 0.2532990911958999, 0.20654581066851663, 0.20998746513040714, 0.2098309888994433, 0.23064696336957677, 0.29179026222760873, 0.3249377729587184, 0.2730986345267845, 0.308469601512639, 0.33563103828204693, 0.23614520567351233, 0.3298139089977701, 0.27525912676739595, 0.27285640411115203, 0.41821848713302345, 0.34010787206372123, 0.3451776825238764, 0.3405658598838235, 0.32268379913644984, 0.22822315688761086, 0.24333400301184066, 0.2601911434178094, 0.2079442683387303, 0.2931731380777629, 0.304628640186793, 0.3822134566162575, 0.3349166727754453, 0.3405547094740003, 0.3082874177741292, 0.36032554773592357, 0.4378930366519721, 0.29833756480581297, 0.286628545608083, 0.3297010037509088, 0.32322054592113425, 0.3571095444218421, 0.30252836057288734, 0.262554097096548, 0.37156238511028367, 0.3357449941184859, 0.2253872585106345, 0.27453101019080234, 0.1827022151705873, 0.3443431205705508, 0.2328106431022913, 0.23283294478015087, 0.2968078417724419, 0.22174435363531067, 0.2364696042743116, 0.27909361696620477, 0.27200549382109956, 0.23400248583385186, 0.16637688259595718, 0.22955376622562906, 0.2577999586031962]","[3.4111374835887887e-10, 9.01812041709249e-09, 7.857603456784545e-14, 3.9968028886505635e-15, 1.0529188909647047e-09, 6.827871601444713e-15, 4.5458081743277035e-13, 1.1324274851176597e-14, 1.9416690477669363e-12, 7.327471962526033e-15, 7.799316747991725e-15, 5.35682609381638e-15, 6.2450045135165055e-15, 5.9396931817445875e-15, 5.982436768192656e-13, 1.8792117861821112e-10, 4.718447854656915e-15, 3.497202527569243e-15, 5.993391233305445e-08, 1.097177904085811e-13, 1.1102230246251565e-14, 1.5432100042289676e-14, 1.8707257964933888e-14, 3.3639757646142243e-14, 3.497202527569243e-14, 2.8199664825478976e-14, 2.5701663020072374e-14, 2.225997164373439e-14, 9.631184738623233e-15, 7.993605777301127e-15, 5.2735593669694936e-15, 2.1371793224034263e-15, 1.5543122344752192e-15, 1.2545520178264269e-14, 7.716050021144838e-15, 1.6930901125533637e-14, 3.314015728506092e-14, 3.991251773527438e-14, 4.9682480351975755e-14, 5.21249710061511e-14, 3.7192471324942744e-14, 2.7755575615628914e-14, 2.142730437526552e-14, 7.66053886991358e-15, 3.0531133177191805e-15, 2.9976021664879227e-15, 3.3420608352430214e-06, 5.652145418366672e-13, 1.4762080446928394e-10, 7.382983113757291e-15, 1.0269562977782698e-14, 9.43689570931383e-15, 1.0269562977782698e-14, 9.96425164601078e-15, 8.1601392309949e-15, 9.325873406851315e-15, 9.076073226310655e-15, 7.91033905045424e-15, 2.8726540035606263e-09, 1.102660684981771e-09, 4.551914400963142e-15, 6.029405863472448e-10, 2.3670175264278726e-09, 7.692021941840821e-06]","[3.4111374835887887e-10, 9.01812041709249e-09, 7.857603456784545e-14, 3.9968028886505635e-15, 1.0529188909647047e-09, 6.827871601444713e-15, 4.5458081743277035e-13, 1.1324274851176597e-14, 1.9416690477669363e-12, 7.327471962526033e-15, 7.799316747991725e-15, 5.35682609381638e-15, 6.2450045135165055e-15, 5.9396931817445875e-15, 5.982436768192656e-13, 1.8792117861821112e-10, 4.718447854656915e-15, 3.497202527569243e-15, 5.993391233305445e-08, 1.097177904085811e-13, 1.1102230246251565e-14, 1.5432100042289676e-14, 1.8707257964933888e-14, 3.3639757646142243e-14, 3.497202527569243e-14, 2.8199664825478976e-14, 2.5701663020072374e-14, 2.225997164373439e-14, 9.631184738623233e-15, 7.993605777301127e-15, 5.2735593669694936e-15, 2.1371793224034263e-15, 1.5543122344752192e-15, 1.2545520178264269e-14, 7.716050021144838e-15, 1.6930901125533637e-14, 3.314015728506092e-14, 3.991251773527438e-14, 4.9682480351975755e-14, 5.21249710061511e-14, 3.7192471324942744e-14, 2.7755575615628914e-14, 2.142730437526552e-14, 7.66053886991358e-15, 3.0531133177191805e-15, 2.9976021664879227e-15, 3.3420608352430214e-06, 5.652145418366672e-13, 1.4762080446928394e-10, 7.382983113757291e-15, 1.0269562977782698e-14, 9.43689570931383e-15, 1.0269562977782698e-14, 9.96425164601078e-15, 8.1601392309949e-15, 9.325873406851315e-15, 9.076073226310655e-15, 7.91033905045424e-15, 2.8726540035606263e-09, 1.102660684981771e-09, 4.551914400963142e-15, 6.029405863472448e-10, 2.3670175264278726e-09, 7.692021941840821e-06]",7.692021941840821e-06,1.5588179674841385e-07,"[3.411137657061136e-10, 9.018120401479979e-09, 7.863501516602867e-14, 3.819861094100929e-15, 1.0529187730035083e-09, 6.879913305724017e-15, 4.5449061181201955e-13, 1.149080830487037e-14, 1.9416551699791285e-12, 7.386452560709245e-15, 7.98666688339722e-15, 5.349887199912473e-15, 6.29704621779581e-15, 5.828670879282072e-15, 5.983338824400164e-13, 1.8792119249599892e-10, 4.3576253716537394e-15, 3.2890357104520263e-15, 5.99339122775433e-08, 1.0992595722569831e-13, 1.111610803405938e-14, 1.534883331544279e-14, 1.8832158055204218e-14, 3.366751322175787e-14, 3.4888758548845544e-14, 2.8199664825478976e-14, 2.5604518505417673e-14, 2.273181642920008e-14, 9.46465128492946e-15, 7.979727989493313e-15, 5.1486592766991635e-15, 2.1094237467877974e-15, 1.4502288259166107e-15, 1.2628786905111156e-14, 7.494005416219807e-15, 1.6806001035263307e-14, 3.302913498259841e-14, 3.95516952522712e-14, 5.00155472593633e-14, 5.1986193128072955e-14, 3.6942671144402084e-14, 2.7505775435088253e-14, 2.1496693314304594e-14, 7.438494264988549e-15, 2.8449465006019636e-15, 2.7755575615628914e-15, 3.342060794719881e-06, 5.6500637501955e-13, 1.4762105426946448e-10, 7.514822097931528e-15, 9.971190539914687e-15, 9.488937413593135e-15, 1.0134254546656507e-14, 1.0075273948473296e-14, 8.382183835919932e-15, 9.46465128492946e-15, 9.117706589734098e-15, 8.042178034628478e-15, 2.8726538578438543e-09, 1.1026607994735205e-09, 4.433953204596719e-15, 6.029405516527753e-10, 2.3670175394382986e-09, 7.692021839247702e-06]",8.384429516228309e-07,0.0,0.0,0.9999993695199556,True,1550.0,19.6,1e-05,banded ADMM with dual certificate,0.4810825179993117,49.0,49.0,64.0,0.5*sum_train((z-y)^2)+lambda*sum(abs(Bz))
burgers,edmd_weak,EDMD + weak,8,0.1,1,5139dfef6442dd17fc4f2ef5cc829991e8dde37d507664a1d914c156270d5e6b,49,0.04,1.92,8,5,0.9950930888093971,1.0,0.00493110769814902,0.01,1,0.09894416838608505,0.09796450120880958,112,8,0.06734426149322481,241,ok,0.09322609899754752,,,,,,,,,,,,,,,,,,,,,,,,,,,,
burgers,linear_weak,Linear q5 + weak,8,0.1,1,5139dfef6442dd17fc4f2ef5cc829991e8dde37d507664a1d914c156270d5e6b,49,0.04,1.92,0,5,0.9961745594358373,1.0,0.0038401307561288078,0.01,1,0.10025249134475975,0.09965148529907555,112,8,0.08366990141996576,241,ok,0.04401612699803081,,,,,,,,,,,,,,,,,,,,,,,,,,,,
burgers,pod_tv_weak,POD + TV states + weak,8,0.1,1,5139dfef6442dd17fc4f2ef5cc829991e8dde37d507664a1d914c156270d5e6b,49,0.04,1.92,8,1,0.9964410920667226,1.0,0.0035716189964585554,0.01,1,0.08746842114365892,0.08686638994058941,112,8,0.0389678029621384,49,ok,0.7624023600001237,1.0,0.011782782224396895,0.0,0.0,0.0,3.0,64.0,"[0.47126662089992877, 0.664642993684919, 0.7416865721284407, 0.6850068099359476, 0.9451609926585613, 0.9073216216200796, 0.8593763129588776, 0.7768152438607553]","[0.4712666198839228, 0.6646429936532856, 0.7416865690015559, 0.6850068099359422, 0.9451609925141697, 0.9073216209256721, 0.8593719292474964, 0.7768139870771026]","[1.016005946041787e-09, 3.163336259603966e-11, 3.126884751125658e-09, 5.440092820663267e-15, 1.443916097798592e-10, 6.944074204540129e-10, 4.3837113812283945e-06, 1.2567836527033194e-06]","[1.016005946041787e-09, 3.163336259603966e-11, 3.126884751125658e-09, 5.440092820663267e-15, 1.443916097798592e-10, 6.944074204540129e-10, 4.3837113812283945e-06, 1.2567836527033194e-06]",4.3837113812283945e-06,5.0978720689265344e-08,"[1.0160071117759628e-09, 3.163252992877119e-11, 3.126885195214868e-09, 5.218048215738236e-15, 1.4439147100198113e-10, 6.944072261649836e-10, 4.383711370385072e-06, 1.2567836471244487e-06]",2.778680471132722e-07,0.0,0.0,0.9999998875513254,True,325.0,4.9,1e-05,banded ADMM with dual certificate,0.025755203001608606,49.0,49.0,8.0,0.5*sum_train((z-y)^2)+lambda*sum(abs(Bz))
burgers,pod_weak,POD only + weak,8,0.1,1,5139dfef6442dd17fc4f2ef5cc829991e8dde37d507664a1d914c156270d5e6b,49,0.04,1.92,8,1,0.9950231709113114,1.0,0.005001721803252591,0.01,1,0.09873223636743844,0.09776165442120398,112,8,0.06370697208306879,49,ok,0.04937351199987461,,,,,,,,,,,,,,,,,,,,,,,,,,,,
burgers,raw_weak,Raw + weak,8,0.1,1,5139dfef6442dd17fc4f2ef5cc829991e8dde37d507664a1d914c156270d5e6b,49,0.04,1.92,0,1,0.9962040636954151,1.0,0.003810400341576507,0.01,1,0.10019051546525505,0.0995952831834697,112,8,0.1014331043651453,49,ok,0.04188842400253634,,,,,,,,,,,,,,,,,,,,,,,,,,,,
burgers,tv_weak,TV states + weak,8,0.1,1,5139dfef6442dd17fc4f2ef5cc829991e8dde37d507664a1d914c156270d5e6b,49,0.04,1.92,0,1,0.991480542655371,1.0,0.00859266216340694,0.01,1,0.06452528497524622,0.06328865859168191,112,8,0.03812228086238739,49,ok,1.7401279209989298,1.0,0.013348683791837457,0.0,0.0,0.0,3.0,8.0,"[0.37096289338322586, 0.2237664834950806, 0.23587127030269966, 0.36626051921555874, 0.23435819237219158, 0.2313350374006094, 0.2668699924379244, 0.2459668809120714, 0.222590267837108, 0.26256331258795323, 0.22598583271907055, 0.20686874655035153, 0.22773617036085336, 0.3250689476719447, 0.29133026924433325, 0.38195820413844944, 0.2392413201284691, 0.22463541744090695, 0.2836139679310218, 0.28706498894633936, 0.31620031524494585, 0.30935340530507693, 0.31197239378308134, 0.38716041201748863, 0.31864356348996853, 0.29701389579444926, 0.3086899337868575, 0.32799441218006253, 0.33129045459522677, 0.3663546475875604, 0.24881926409157537, 0.21005863604804917, 0.177064253773086, 0.3136227742706573, 0.3057482708312337, 0.40989914879823103, 0.3984881843031187, 0.38016925585982364, 0.44584002842221643, 0.4350617602223797, 0.30053707727607837, 0.35492839368708773, 0.3534851231527209, 0.28457398386035176, 0.35637274147135367, 0.27501687259466473, 0.32782780844373155, 0.3680544521427459, 0.3514466900447029, 0.2708222134088847, 0.23843250650482495, 0.2395202707201892, 0.23325992806789692, 0.29105598098936736, 0.22141471565748005, 0.19788219979308996, 0.1728799734411435, 0.2859154892949739, 0.21166986644534969, 0.24290334564973493, 0.2960636813573618, 0.2296488568683585, 0.22811414979773192, 0.18180944124490017]","[0.37096289338321936, 0.22376648349507927, 0.23587127028514113, 0.36626041727194514, 0.2343581923721875, 0.23133503619878604, 0.2668699924379223, 0.2459668809120676, 0.22259026783710423, 0.2625633125879494, 0.2259858327190672, 0.2068687465503436, 0.22773617036084917, 0.32506894767194094, 0.29132593413404495, 0.38195820412720827, 0.23924026311189178, 0.22463541744090487, 0.28361396232262753, 0.28706498894633575, 0.3162003152449422, 0.30935340530507227, 0.3119723937830726, 0.3871604120174822, 0.3186435634899573, 0.29701389579443777, 0.30868993378684995, 0.3279944121800553, 0.33129045459522255, 0.3663546475875542, 0.24881926409157196, 0.21005863603986275, 0.17705431814748093, 0.3136227742706536, 0.305748270831225, 0.40989914879822226, 0.39848818430310984, 0.380169255859813, 0.4458400284222028, 0.43506176022236615, 0.3005370772760689, 0.35492839368707874, 0.35348512315271474, 0.2845739838603485, 0.3563727388521201, 0.27501687258934193, 0.3278278073816523, 0.3680544521427425, 0.35144669004469986, 0.270822213408881, 0.2384325065048212, 0.23952027072018606, 0.2332599280678942, 0.29105598098610697, 0.22141471496976375, 0.1978821997930859, 0.1728799734411411, 0.285915489294969, 0.21166986644534716, 0.24290333752516022, 0.29606365147115915, 0.2296488568683566, 0.22811348089124364, 0.18180944031592827]","[6.494804694057166e-15, 1.3322676295501878e-15, 1.7558537956929854e-11, 1.0194361360627013e-07, 4.08006961549745e-15, 1.2018233630506359e-09, 2.1094237467877974e-15, 3.802513859341161e-15, 3.774758283725532e-15, 3.83026943495679e-15, 3.3584246494910985e-15, 7.93809462606987e-15, 4.191091917959966e-15, 3.774758283725532e-15, 4.33511028830047e-06, 1.1241174657783404e-11, 1.0570165773216011e-06, 2.0816681711721685e-15, 5.608394249012605e-09, 3.608224830031759e-15, 3.6637359812630166e-15, 4.6629367034256575e-15, 8.715250743307479e-15, 6.439293542825908e-15, 1.1213252548714081e-14, 1.149080830487037e-14, 7.549516567451064e-15, 7.216449660063518e-15, 4.218847493575595e-15, 6.217248937900877e-15, 3.4139358007223564e-15, 8.186423761102901e-12, 9.935625605056453e-06, 3.7192471324942744e-15, 8.659739592076221e-15, 8.770761894538737e-15, 8.881784197001252e-15, 1.0658141036401503e-14, 1.3600232051658168e-14, 1.354472090042691e-14, 9.492406860545088e-15, 8.992806499463768e-15, 6.161737786669619e-15, 3.2751579226442118e-15, 2.619233552270117e-09, 5.322797758111619e-12, 1.06207925787416e-09, 3.3861802251067274e-15, 3.0531133177191805e-15, 3.6637359812630166e-15, 3.747002708109903e-15, 3.1363800445660672e-15, 2.7200464103316335e-15, 3.2603919564166972e-12, 6.877163005736264e-10, 4.052314039881821e-15, 2.4147350785597155e-15, 4.884981308350689e-15, 2.525757381022231e-15, 8.124574707446541e-09, 2.988620262378561e-08, 1.915134717478395e-15, 6.689064882825502e-07, 9.289718994054397e-10]","[6.494804694057166e-15, 1.3322676295501878e-15, 1.7558537956929854e-11, 1.0194361360627013e-07, 4.08006961549745e-15, 1.2018233630506359e-09, 2.1094237467877974e-15, 3.802513859341161e-15, 3.774758283725532e-15, 3.83026943495679e-15, 3.3584246494910985e-15, 7.93809462606987e-15, 4.191091917959966e-15, 3.774758283725532e-15, 4.33511028830047e-06, 1.1241174657783404e-11, 1.0570165773216011e-06, 2.0816681711721685e-15, 5.608394249012605e-09, 3.608224830031759e-15, 3.6637359812630166e-15, 4.6629367034256575e-15, 8.715250743307479e-15, 6.439293542825908e-15, 1.1213252548714081e-14, 1.149080830487037e-14, 7.549516567451064e-15, 7.216449660063518e-15, 4.218847493575595e-15, 6.217248937900877e-15, 3.4139358007223564e-15, 8.186423761102901e-12, 9.935625605056453e-06, 3.7192471324942744e-15, 8.659739592076221e-15, 8.770761894538737e-15, 8.881784197001252e-15, 1.0658141036401503e-14, 1.3600232051658168e-14, 1.354472090042691e-14, 9.492406860545088e-15, 8.992806499463768e-15, 6.161737786669619e-15, 3.2751579226442118e-15, 2.619233552270117e-09, 5.322797758111619e-12, 1.06207925787416e-09, 3.3861802251067274e-15, 3.0531133177191805e-15, 3.6637359812630166e-15, 3.747002708109903e-15, 3.1363800445660672e-15, 2.7200464103316335e-15, 3.2603919564166972e-12, 6.877163005736264e-10, 4.052314039881821e-15, 2.4147350785597155e-15, 4.884981308350689e-15, 2.525757381022231e-15, 8.124574707446541e-09, 2.988620262378561e-08, 1.915134717478395e-15, 6.689064882825502e-07, 9.289718994054397e-10]",9.935625605056453e-06,1.3466352588586972e-08,"[6.472253288869467e-15, 1.2160411566597418e-15, 1.7558694082042692e-11, 1.0194361357504511e-07, 4.147723831060546e-15, 1.20182321039497e-09, 2.0816681711721685e-15, 3.837208328860697e-15, 3.795574965437254e-15, 3.698430450782553e-15, 3.3341385208274232e-15, 7.920747391310101e-15, 4.246603069191224e-15, 3.760880495917718e-15, 4.3351102881217934e-06, 1.1241507724690791e-11, 1.05701657726609e-06, 2.123301534595612e-15, 5.608394179623666e-09, 3.774758283725532e-15, 3.677613769070831e-15, 4.6074255521944e-15, 8.645861804268407e-15, 6.772360450213455e-15, 1.1213252548714081e-14, 1.176836406102666e-14, 7.771561172376096e-15, 7.216449660063518e-15, 4.3298697960381105e-15, 6.127043317150083e-15, 3.309852392163748e-15, 8.186423761102901e-12, 9.935625604595016e-06, 3.70536934468646e-15, 8.743006318923108e-15, 8.854028621385623e-15, 8.715250743307479e-15, 1.0352829704629585e-14, 1.326716514427062e-14, 1.3405943022348765e-14, 9.631184738623233e-15, 9.076073226310655e-15, 6.38378239159465e-15, 3.2751579226442118e-15, 2.6192337604369342e-09, 5.322825513687235e-12, 1.0620794521631893e-09, 3.344546861683284e-15, 3.2751579226442118e-15, 3.6914915568786455e-15, 3.5388358909926865e-15, 3.0461744238152733e-15, 2.9976021664879227e-15, 3.2601560340239644e-12, 6.87716331798649e-10, 4.0245584642661925e-15, 2.4841240175987878e-15, 4.676814491233472e-15, 2.5951463200613034e-15, 8.124574579077004e-09, 2.988620288572885e-08, 1.9671764217576992e-15, 6.689064882721418e-07, 9.28971878588758e-10]",6.688453241254777e-07,0.0,0.0,0.9999999406390272,True,2700.0,4.9,1e-05,banded ADMM with dual certificate,0.8048703530002967,49.0,49.0,64.0,0.5*sum_train((z-y)^2)+lambda*sum(abs(Bz))
burgers,edmd_weak,EDMD + weak,8,0.1,2,8f295ae0239dc3220cdf7606629748fa330b63dfb36786bde9204cfc164075b0,49,0.04,1.92,8,5,0.9805992865630208,1.0,0.019784547778918273,0.01,1,0.07301327953729606,0.07042015060990364,112,8,0.07404969697964206,241,ok,0.09648763999939547,,,,,,,,,,,,,,,,,,,,,,,,,,,,
burgers,linear_weak,Linear q5 + weak,8,0.1,2,8f295ae0239dc3220cdf7606629748fa330b63dfb36786bde9204cfc164075b0,49,0.04,1.92,0,5,0.9794666149889303,1.0,0.02096384368476068,0.03,1,0.07244437806875796,0.06948930498329903,112,8,0.08360760629537597,241,ok,0.04436032599915052,,,,,,,,,,,,,,,,,,,,,,,,,,,,
burgers,pod_tv_weak,POD + TV states + weak,8,0.1,2,8f295ae0239dc3220cdf7606629748fa330b63dfb36786bde9204cfc164075b0,49,0.04,1.92,8,1,0.982813999240266,1.0,0.01748652417753412,0.01,1,0.04630888026820516,0.043020468348193744,112,8,0.03725475708426921,49,ok,1.4992486260016449,1.0,0.011799786047951781,0.0,0.0,0.0,3.0,64.0,"[0.5455752537396178, 0.6175595962984343, 0.7248292372471912, 0.7576601470952288, 0.967054282655706, 0.9231494414113851, 0.8170823568521658, 0.7876117429726998]","[0.5455752537372719, 0.6175595962981874, 0.724829237246317, 0.7576601470949131, 0.9670542826556435, 0.9231485308460449, 0.817082356851848, 0.7876117429726707]","[2.3459012510329558e-12, 2.469136006766348e-13, 8.741896095898483e-13, 3.15636405900932e-13, 6.250555628639631e-14, 9.105653402396996e-07, 3.177458296477198e-13, 2.90878432451791e-14]","[2.3459012510329558e-12, 2.469136006766348e-13, 8.741896095898483e-13, 3.15636405900932e-13, 6.250555628639631e-14, 9.105653402396996e-07, 3.177458296477198e-13, 2.90878432451791e-14]",9.105653402396996e-07,3.73051589619422e-12,"[2.3465118736964996e-12, 2.4724666758402236e-13, 8.740785872873857e-13, 3.1558089474970075e-13, 6.272760089132134e-14, 9.105653397714929e-07, 3.1782497640631124e-13, 2.920233499459357e-14]",4.09888838148742e-08,0.0,0.0,0.9999999999840643,True,1175.0,627.2,1e-05,banded ADMM with dual certificate,0.14934250400256133,49.0,49.0,8.0,0.5*sum_train((z-y)^2)+lambda*sum(abs(Bz))
burgers,pod_weak,POD only + weak,8,0.1,2,8f295ae0239dc3220cdf7606629748fa330b63dfb36786bde9204cfc164075b0,49,0.04,1.92,8,1,0.9802981842460955,1.0,0.020097778482632125,0.01,1,0.07317344792544168,0.07050065305874424,112,8,0.06406852554745157,49,ok,0.04847945500296191,,,,,,,,,,,,,,,,,,,,,,,,,,,,
burgers,raw_weak,Raw + weak,8,0.1,2,8f295ae0239dc3220cdf7606629748fa330b63dfb36786bde9204cfc164075b0,49,0.04,1.92,0,1,0.9796294101477137,1.0,0.020794179555322683,0.03,1,0.07234161492070215,0.06943596036589947,112,8,0.10146054004315799,49,ok,0.04177175199947669,,,,,,,,,,,,,,,,,,,,,,,,,,,,
burgers,tv_weak,TV states + weak,8,0.1,2,8f295ae0239dc3220cdf7606629748fa330b63dfb36786bde9204cfc164075b0,49,0.04,1.92,0,1,0.9898558976421535,1.0,0.010248059724662901,0.01,1,0.04909980083476346,0.04804815627413432,112,8,0.03781491451156941,49,ok,1.6556008030020166,1.0,0.013247107760107894,0.0,0.0,0.0,3.0,8.0,"[0.18339541760797323, 0.21650779232956494, 0.24604701867643122, 0.30209580311218215, 0.20764783813761994, 0.21251924055521876, 0.23233357960420864, 0.2175541717468758, 0.20099292263139384, 0.23609521843280346, 0.3133759566206756, 0.24787269514638016, 0.25793928975685193, 0.24816833669785368, 0.2575506239780002, 0.3251359860502232, 0.2694855378797177, 0.2935557711661638, 0.24773610572787885, 0.28059588012358405, 0.25323382970918973, 0.3201795276482122, 0.2767187679608485, 0.3226360583429063, 0.3926369989194542, 0.36389281550943187, 0.3300255571818075, 0.33899543054295217, 0.32171913816233066, 0.2594511637060697, 0.34250268818565877, 0.3819400543109682, 0.32143353870729946, 0.2945728689960563, 0.3476840108968641, 0.3767804014708719, 0.38422776283676235, 0.4390932838318848, 0.3742381274831694, 0.37355447586086454, 0.28200217182880716, 0.27612297241391415, 0.3807088892410778, 0.35584416420029746, 0.3031718319330368, 0.2757640149488271, 0.28679453331464233, 0.3840758239352563, 0.30810876372296114, 0.24616411644176633, 0.293639008233346, 0.22337964152933074, 0.23538090129534686, 0.26416316011054763, 0.3072192382255788, 0.2994636017149047, 0.3222900903398804, 0.23938639329482675, 0.2576966864742225, 0.22562022306284113, 0.1435600653085985, 0.28667016206702217, 0.20260013259411158, 0.19078560544757137]","[0.1833954176079728, 0.21650779232956435, 0.24604701867637407, 0.3020958031121802, 0.20764783813761817, 0.21251924055521532, 0.23233295851028601, 0.2175541717468727, 0.20099292263139107, 0.23609521843279957, 0.31337595662067247, 0.2478726951463767, 0.2579392897568449, 0.24816833669785007, 0.2575506239779964, 0.32513598605022154, 0.26948553787971435, 0.293555771166161, 0.24773610572502683, 0.2805958801235816, 0.25323382970918495, 0.3201795276482075, 0.2767187679608423, 0.32263605834289755, 0.39263699891944726, 0.3638928155094236, 0.3300255571817994, 0.33899543054294634, 0.32171913816232417, 0.25945116370606436, 0.3425026881856548, 0.38194005431096584, 0.3214335384597925, 0.2945728668748659, 0.34768401086818357, 0.3767804014708635, 0.38422776283675497, 0.43909328383187457, 0.3742381274831567, 0.3735544758608545, 0.2820021718287983, 0.2761229724139059, 0.38070888924107366, 0.35584416420029463, 0.3031718319330332, 0.2757639375558629, 0.2867945333146396, 0.384075823930097, 0.3081087637229574, 0.24616411644175723, 0.29363900823332395, 0.22337964152932716, 0.23538090129534275, 0.2641631601105436, 0.30721923822557473, 0.2994636017149013, 0.32229009033987577, 0.23938639329482414, 0.25769668623228237, 0.22562022306283716, 0.1435600653085969, 0.2866684252039627, 0.20260013181797645, 0.1907757898230439]","[4.440892098500626e-16, 5.828670879282072e-16, 5.714873019257993e-14, 1.942890293094024e-15, 1.7763568394002505e-15, 3.4416913763379853e-15, 6.210939226258816e-07, 3.1086244689504383e-15, 2.7755575615628914e-15, 3.885780586188048e-15, 3.1086244689504383e-15, 3.469446951953614e-15, 7.049916206369744e-15, 3.608224830031759e-15, 3.83026943495679e-15, 1.6653345369377348e-15, 3.3306690738754696e-15, 2.831068712794149e-15, 2.852024172383949e-12, 2.4424906541753444e-15, 4.773959005888173e-15, 4.718447854656915e-15, 6.161737786669619e-15, 8.770761894538737e-15, 6.938893903907228e-15, 8.271161533457416e-15, 8.104628079763643e-15, 5.828670879282072e-15, 6.494804694057166e-15, 5.329070518200751e-15, 3.941291737419306e-15, 2.3869795029440866e-15, 2.4750695937214573e-10, 2.121190390003136e-09, 2.8680557928595363e-11, 8.382183835919932e-15, 7.382983113757291e-15, 1.021405182655144e-14, 1.2712053631958042e-14, 1.0047518372857667e-14, 8.881784197001252e-15, 8.271161533457416e-15, 4.163336342344337e-15, 2.831068712794149e-15, 3.608224830031759e-15, 7.739296414843722e-08, 2.7200464103316335e-15, 5.159317417735565e-12, 3.7192471324942744e-15, 9.103828801926284e-15, 2.2037927038809357e-14, 3.58046925441613e-15, 4.107825191113079e-15, 4.052314039881821e-15, 4.052314039881821e-15, 3.4416913763379853e-15, 4.6074255521944e-15, 2.609024107869118e-15, 2.419401345932215e-10, 3.969047313034935e-15, 1.582067810090848e-15, 1.7368630594871703e-06, 7.761351283885887e-10, 9.815624527453881e-06]","[4.440892098500626e-16, 5.828670879282072e-16, 5.714873019257993e-14, 1.942890293094024e-15, 1.7763568394002505e-15, 3.4416913763379853e-15, 6.210939226258816e-07, 3.1086244689504383e-15, 2.7755575615628914e-15, 3.885780586188048e-15, 3.1086244689504383e-15, 3.469446951953614e-15, 7.049916206369744e-15, 3.608224830031759e-15, 3.83026943495679e-15, 1.6653345369377348e-15, 3.3306690738754696e-15, 2.831068712794149e-15, 2.852024172383949e-12, 2.4424906541753444e-15, 4.773959005888173e-15, 4.718447854656915e-15, 6.161737786669619e-15, 8.770761894538737e-15, 6.938893903907228e-15, 8.271161533457416e-15, 8.104628079763643e-15, 5.828670879282072e-15, 6.494804694057166e-15, 5.329070518200751e-15, 3.941291737419306e-15, 2.3869795029440866e-15, 2.4750695937214573e-10, 2.121190390003136e-09, 2.8680557928595363e-11, 8.382183835919932e-15, 7.382983113757291e-15, 1.021405182655144e-14, 1.2712053631958042e-14, 1.0047518372857667e-14, 8.881784197001252e-15, 8.271161533457416e-15, 4.163336342344337e-15, 2.831068712794149e-15, 3.608224830031759e-15, 7.739296414843722e-08, 2.7200464103316335e-15, 5.159317417735565e-12, 3.7192471324942744e-15, 9.103828801926284e-15, 2.2037927038809357e-14, 3.58046925441613e-15, 4.107825191113079e-15, 4.052314039881821e-15, 4.052314039881821e-15, 3.4416913763379853e-15, 4.6074255521944e-15, 2.609024107869118e-15, 2.419401345932215e-10, 3.969047313034935e-15, 1.582067810090848e-15, 1.7368630594871703e-06, 7.761351283885887e-10, 9.815624527453881e-06]",9.815624527453881e-06,4.9269068824742135e-09,"[3.4998046127832083e-16, 5.733261088103347e-16, 5.716260798038775e-14, 2.213507155346406e-15, 1.942890293094024e-15, 3.3931191190106347e-15, 6.21093922466287e-07, 3.1502578323738817e-15, 3.049643870767227e-15, 3.948230631323213e-15, 3.1953606427492787e-15, 3.3792413312028202e-15, 6.961445309094927e-15, 3.4555691641457997e-15, 3.892719480091955e-15, 1.9845236565174673e-15, 3.3029134982598407e-15, 2.858824288409778e-15, 2.851940905657102e-12, 2.373101715136272e-15, 4.649058915617843e-15, 4.8433479449272454e-15, 6.328271240363392e-15, 8.867906409193438e-15, 7.0360384185619296e-15, 8.229528170033973e-15, 8.090750291955828e-15, 6.0645932720149176e-15, 6.439293542825908e-15, 5.4539706084710815e-15, 4.010680676458378e-15, 2.3939183968479938e-15, 2.4750685528873717e-10, 2.1211903483697725e-09, 2.8680585684170978e-11, 8.076872504148014e-15, 7.521760991835436e-15, 1.0241807402167069e-14, 1.2184697695261093e-14, 1.0352829704629585e-14, 8.826273045769994e-15, 8.68749516769185e-15, 4.6074255521944e-15, 3.0531133177191805e-15, 3.594347042223944e-15, 7.739296425945952e-08, 2.6229018956769323e-15, 5.159456195613643e-12, 3.8441472227646045e-15, 9.38832345198648e-15, 2.2239154962022667e-14, 3.726186026398182e-15, 3.982925100842749e-15, 4.052314039881821e-15, 4.052314039881821e-15, 3.642919299551295e-15, 4.496403249731884e-15, 2.785965902418752e-15, 2.4194005132649465e-10, 4.052314039881821e-15, 1.4467593789646571e-15, 1.7368630594663537e-06, 7.761352342067207e-10, 9.815624527339173e-06]",6.391276101691545e-07,0.0,0.0,0.9999999837685296,True,2575.0,4.9,1e-05,banded ADMM with dual certificate,0.8176971240027342,49.0,49.0,64.0,0.5*sum_train((z-y)^2)+lambda*sum(abs(Bz))
burgers,edmd_weak,EDMD + weak,8,0.1,3,664c2f5b9b915f6de3a1eaf533b1c430109efbe3439651126a71ee9b39d4a7f6,49,0.04,1.92,8,5,0.9886037352028956,1.0,0.011527636798545604,0.01,1,0.07153310473064431,0.07018349320879173,112,8,0.06796726822196482,241,ok,0.07051334399875486,,,,,,,,,,,,,,,,,,,,,,,,,,,,
burgers,linear_weak,Linear q5 + weak,8,0.1,3,664c2f5b9b915f6de3a1eaf533b1c430109efbe3439651126a71ee9b39d4a7f6,49,0.04,1.92,0,5,0.9880735701148284,1.0,0.012070386503492339,0.03,1,0.08375470919925071,0.08261655785512705,112,8,0.08279482672454191,241,ok,0.04651002600076026,,,,,,,,,,,,,,,,,,,,,,,,,,,,
burgers,pod_tv_weak,POD + TV states + weak,8,0.1,3,664c2f5b9b915f6de3a1eaf533b1c430109efbe3439651126a71ee9b39d4a7f6,49,0.04,1.92,8,1,0.9888708503083615,1.0,0.011254401611866716,0.01,1,0.058141532128540896,0.05647270025776661,112,8,0.03770980290279043,49,ok,1.0661406760009413,1.0,0.011675213076901246,0.0,0.0,0.0,3.0,64.0,"[0.45627232140112994, 0.5928829151955081, 0.6325447803836738, 0.6823448203368665, 0.9004887812240575, 0.9938171858421967, 0.8509353885712742, 0.8355024037784362]","[0.45627232140107477, 0.5928829151954381, 0.6325447803836574, 0.682344820336858, 0.9004887812240537, 0.9938122227094266, 0.8509278556999368, 0.8355024037784352]","[5.517808432387028e-14, 6.994405055138486e-14, 1.6431300764452317e-14, 8.548717289613705e-15, 3.774758283725532e-15, 4.9631327700971895e-06, 7.532871337367908e-06, 9.992007221626409e-16]","[5.517808432387028e-14, 6.994405055138486e-14, 1.6431300764452317e-14, 8.548717289613705e-15, 3.774758283725532e-15, 4.9631327700971895e-06, 7.532871337367908e-06, 9.992007221626409e-16]",7.532871337367908e-06,1.2998682247244986e-07,"[5.717648576819556e-14, 7.083222897108499e-14, 1.6486811915683575e-14, 8.104628079763643e-15, 3.774758283725532e-15, 4.963132769522562e-06, 7.532871270261865e-06, 9.159339953157541e-16]",8.129600922446301e-07,0.0,0.0,0.9999997166291638,True,975.0,4.9,1e-05,banded ADMM with dual certificate,0.1176741140006925,49.0,49.0,8.0,0.5*sum_train((z-y)^2)+lambda*sum(abs(Bz))
burgers,pod_weak,POD only + weak,8,0.1,3,664c2f5b9b915f6de3a1eaf533b1c430109efbe3439651126a71ee9b39d4a7f6,49,0.04,1.92,8,1,0.9887363119861791,1.0,0.011392003992646258,0.01,1,0.07119692908551896,0.06985308736418916,112,8,0.06283726543788921,49,ok,0.04264448300091317,,,,,,,,,,,,,,,,,,,,,,,,,,,,
burgers,raw_weak,Raw + weak,8,0.1,3,664c2f5b9b915f6de3a1eaf533b1c430109efbe3439651126a71ee9b39d4a7f6,49,0.04,1.92,0,1,0.9882133977132542,1.0,0.011927183252139954,0.03,1,0.0837317411167324,0.08263447654072205,112,8,0.10066061392540807,49,ok,0.04126254600123502,,,,,,,,,,,,,,,,,,,,,,,,,,,,
burgers,tv_weak,TV states + weak,8,0.1,3,664c2f5b9b915f6de3a1eaf533b1c430109efbe3439651126a71ee9b39d4a7f6,49,0.04,1.92,0,1,0.9831258782505968,1.0,0.017163744870015554,0.03,1,0.057630915940726044,0.05402770619515353,112,8,0.03689540707895604,49,ok,1.5406735870019475,1.0,0.01467675136888021,0.0,0.0,0.0,3.0,8.0,"[0.2115200992704843, 0.17296468206756413, 0.20650097901301157, 0.21653678992803116, 0.2666797652998289, 0.26803147096444957, 0.274621050913453, 0.21203217973670946, 0.22742656104741493, 0.352537464488472, 0.23350039891915736, 0.2779701612153046, 0.24833112473758692, 0.20081846855980706, 0.21192336838459858, 0.3334728000555894, 0.20621441698472237, 0.25688463015879626, 0.40752809749399804, 0.3370600806972452, 0.27527624710950876, 0.28921037057481325, 0.22509935898495992, 0.26917547659272045, 0.26682928467399974, 0.30380219366063016, 0.29666076211702713, 0.32213613231967403, 0.43805064122138665, 0.2636275262379513, 0.32217115039913674, 0.19349874134140732, 0.3425677987284182, 0.3593913430477991, 0.330049767668145, 0.31486974086752023, 0.45663815047702483, 0.381887707962013, 0.3903609784554698, 0.35200053405400733, 0.33073377987627633, 0.4517023216116486, 0.36557603979751657, 0.33665962065448224, 0.2993051802316171, 0.3446807015332721, 0.2565449366459621, 0.24464824315165243, 0.34421133778927504, 0.22664399344037633, 0.24030591995545286, 0.26720157408621925, 0.151352195721684, 0.2828693785287157, 0.24487223967975896, 0.18447272664876635, 0.23435637451753694, 0.2879403430264295, 0.3039164404707685, 0.2397842009019741, 0.2663425532025004, 0.3252272196196873, 0.27404416250256547, 0.271874515141393]","[0.21151993591121823, 0.17296468206734628, 0.20650097901301032, 0.2165357807321523, 0.2666797652998262, 0.26803147091923285, 0.2746210509134495, 0.21203217973670493, 0.22742656104741168, 0.3525374644845781, 0.2335003882188082, 0.2779701612153022, 0.24833112473758218, 0.200818468559805, 0.21192336838459613, 0.3334728000555841, 0.2062144169847196, 0.256884630158794, 0.4075280974939959, 0.3370600806972431, 0.27527624710950543, 0.2892103705748084, 0.22509935898495445, 0.269175476592711, 0.2668292846739908, 0.3038021936606221, 0.2966607621170205, 0.3221361323196693, 0.4380506412213805, 0.26362752621743313, 0.3221711503991342, 0.193498740029947, 0.34256779872841703, 0.35939134304767817, 0.33004976766813693, 0.31486974086750963, 0.45663815047701434, 0.3818877079620034, 0.39036097845545975, 0.35200053405399795, 0.33073377987626695, 0.4517023216116433, 0.3655760397975117, 0.3366596206544755, 0.2993051802316137, 0.3446807015332696, 0.25654493664595956, 0.2446482431516498, 0.34421133670295534, 0.22664399344037334, 0.24030591995544928, 0.267201574086216, 0.15135219568409325, 0.2828693785270793, 0.24487223967975402, 0.18447272664876296, 0.23435637451753305, 0.28794034301089055, 0.30391643731102436, 0.23977462461662682, 0.26634255319779027, 0.3252272196180394, 0.27404416250256497, 0.27187288319168507]","[1.6335926605881568e-07, 2.1785351300707134e-13, 1.2490009027033011e-15, 1.0091958788649436e-06, 2.7200464103316335e-15, 4.5216719257723526e-11, 3.497202527569243e-15, 4.524158825347513e-15, 3.247402347028583e-15, 3.8938852142678115e-12, 1.0700349162284795e-08, 2.3869795029440866e-15, 4.746203430272544e-15, 2.0539125955565396e-15, 2.4424906541753444e-15, 5.2735593669694936e-15, 2.7755575615628914e-15, 2.275957200481571e-15, 2.1649348980190553e-15, 2.1094237467877974e-15, 3.3306690738754696e-15, 4.829470157119431e-15, 5.467848396278896e-15, 9.43689570931383e-15, 8.93729534823251e-15, 8.049116928532385e-15, 6.6058269965196814e-15, 4.718447854656915e-15, 6.161737786669619e-15, 2.0518198251551212e-11, 2.55351295663786e-15, 1.3114603292230242e-09, 1.1657341758564144e-15, 1.2090328738167955e-13, 8.049116928532385e-15, 1.0602629885170245e-14, 1.049160758270773e-14, 9.603429163007604e-15, 1.0047518372857667e-14, 9.381384558082573e-15, 9.381384558082573e-15, 5.2735593669694936e-15, 4.884981308350689e-15, 6.716849298982197e-15, 3.4416913763379853e-15, 2.55351295663786e-15, 2.55351295663786e-15, 2.6367796834847468e-15, 1.086319700860372e-09, 2.9976021664879227e-15, 3.58046925441613e-15, 3.2751579226442118e-15, 3.759076383502702e-11, 1.6364132271462495e-12, 4.9404924595819466e-15, 3.3861802251067274e-15, 3.885780586188048e-15, 1.5538959008409847e-11, 3.1597441330077913e-09, 9.576285347284719e-06, 4.710121181972227e-12, 1.6479040354511199e-12, 4.996003610813204e-16, 1.6319497079253509e-06]","[1.6335926605881568e-07, 2.1785351300707134e-13, 1.2490009027033011e-15, 1.0091958788649436e-06, 2.7200464103316335e-15, 4.5216719257723526e-11, 3.497202527569243e-15, 4.524158825347513e-15, 3.247402347028583e-15, 3.8938852142678115e-12, 1.0700349162284795e-08, 2.3869795029440866e-15, 4.746203430272544e-15, 2.0539125955565396e-15, 2.4424906541753444e-15, 5.2735593669694936e-15, 2.7755575615628914e-15, 2.275957200481571e-15, 2.1649348980190553e-15, 2.1094237467877974e-15, 3.3306690738754696e-15, 4.829470157119431e-15, 5.467848396278896e-15, 9.43689570931383e-15, 8.93729534823251e-15, 8.049116928532385e-15, 6.6058269965196814e-15, 4.718447854656915e-15, 6.161737786669619e-15, 2.0518198251551212e-11, 2.55351295663786e-15, 1.3114603292230242e-09, 1.1657341758564144e-15, 1.2090328738167955e-13, 8.049116928532385e-15, 1.0602629885170245e-14, 1.049160758270773e-14, 9.603429163007604e-15, 1.0047518372857667e-14, 9.381384558082573e-15, 9.381384558082573e-15, 5.2735593669694936e-15, 4.884981308350689e-15, 6.716849298982197e-15, 3.4416913763379853e-15, 2.55351295663786e-15, 2.55351295663786e-15, 2.6367796834847468e-15, 1.086319700860372e-09, 2.9976021664879227e-15, 3.58046925441613e-15, 3.2751579226442118e-15, 3.759076383502702e-11, 1.6364132271462495e-12, 4.9404924595819466e-15, 3.3861802251067274e-15, 3.885780586188048e-15, 1.5538959008409847e-11, 3.1597441330077913e-09, 9.576285347284719e-06, 4.710121181972227e-12, 1.6479040354511199e-12, 4.996003610813204e-16, 1.6319497079253509e-06]",9.576285347284719e-06,1.0980042497443776e-07,"[1.6335926610738793e-07, 2.1780580811148198e-13, 1.2576745200831851e-15, 1.0091958787296351e-06, 2.796374243274613e-15, 4.521676089108695e-11, 3.70536934468646e-15, 4.53109771925142e-15, 3.372302437298913e-15, 3.893795008647061e-12, 1.0700349026976363e-08, 2.5396351688300456e-15, 4.773959005888173e-15, 2.1267709815475655e-15, 2.4980018054066022e-15, 5.204170427930421e-15, 2.6853519408120974e-15, 2.518818487118324e-15, 2.345346139520643e-15, 2.4841240175987878e-15, 3.4833247397614286e-15, 4.871103520542874e-15, 5.4817261840867104e-15, 9.3119956190435e-15, 8.770761894538737e-15, 7.993605777301127e-15, 6.4254157550180935e-15, 4.746203430272544e-15, 6.217248937900877e-15, 2.05185313184586e-11, 2.6506574712925612e-15, 1.311460343100812e-09, 1.1587952819525071e-15, 1.2070899835237014e-13, 8.0629947163402e-15, 1.1129985821867194e-14, 1.0519363158323358e-14, 9.769962616701378e-15, 1.049160758270773e-14, 9.353628982466944e-15, 9.631184738623233e-15, 5.245803791353865e-15, 4.898859096158503e-15, 6.661338147750939e-15, 3.4139358007223564e-15, 2.831068712794149e-15, 2.761679773755077e-15, 2.67841304690819e-15, 1.0863196731047964e-09, 3.344546861683284e-15, 3.400058012914542e-15, 3.1780134079895106e-15, 3.759074301834531e-11, 1.6364826160852886e-12, 4.822531263215524e-15, 3.5180192092809648e-15, 4.017619570362285e-15, 1.5538993702879367e-11, 3.159744153824473e-09, 9.576285298566745e-06, 4.709996281881956e-12, 1.647817299277321e-12, 5.499073418846478e-16, 1.6319497078288569e-06]",1.0287327124602896e-06,0.0,0.0,0.9999995124258666,True,2650.0,4.9,1e-05,banded ADMM with dual certificate,0.8040626799993333,49.0,49.0,64.0,0.5*sum_train((z-y)^2)+lambda*sum(abs(Bz))
burgers,edmd_weak,EDMD + weak,8,0.1,4,0ad95eadbc7e0354334bb1193f675b194e880114df0b0c3fa6320984cb065e9e,49,0.04,1.92,8,5,0.9967055458442643,1.0,0.0033053434582277995,0.03,1,0.07806086177291109,0.07794196854861758,112,8,0.06576062632607958,241,ok,0.06240171500030556,,,,,,,,,,,,,,,,,,,,,,,,,,,,
burgers,linear_weak,Linear q5 + weak,8,0.1,4,0ad95eadbc7e0354334bb1193f675b194e880114df0b0c3fa6320984cb065e9e,49,0.04,1.92,0,5,0.9966854356127942,1.0,0.0033255872603051937,0.03,1,0.07547127289538609,0.07518350576586726,112,8,0.08367295813330847,241,ok,0.0274940660019638,,,,,,,,,,,,,,,,,,,,,,,,,,,,
burgers,pod_tv_weak,POD + TV states + weak,8,0.1,4,0ad95eadbc7e0354334bb1193f675b194e880114df0b0c3fa6320984cb065e9e,49,0.04,1.92,8,1,0.9966416036464776,1.0,0.0033697131859987514,0.01,1,0.058060035035961036,0.05772687000285658,112,8,0.037650847424476885,49,ok,0.684189912997681,1.0,0.01208692898418331,0.0,0.0,0.0,3.0,64.0,"[0.503822208037187, 0.6159313878527107, 0.6490410945801055, 0.983859083931372, 0.9406599464749027, 0.9797600226177665, 0.885932906619783, 0.8312430367738982]","[0.5038193325047488, 0.6159313878526513, 0.6490410943889449, 0.9838589849561011, 0.9406599464748006, 0.9797600211427555, 0.8859274258676744, 0.8312427293041112]","[2.8755324382734315e-06, 5.939693181744587e-14, 1.9116064287061363e-10, 9.897527086799585e-08, 1.021405182655144e-13, 1.4750110022276886e-09, 5.4807521085997735e-06, 3.074697869642762e-07]","[2.8755324382734315e-06, 5.939693181744587e-14, 1.9116064287061363e-10, 9.897527086799585e-08, 1.021405182655144e-13, 1.4750110022276886e-09, 5.4807521085997735e-06, 3.074697869642762e-07]",5.4807521085997735e-06,1.8680993552067093e-07,"[2.8755324195661736e-06, 5.928590951498336e-14, 1.911596991810427e-10, 9.897525310442745e-08, 1.0189071808497374e-13, 1.4750112450889752e-09, 5.480752006153944e-06, 3.0746978690876503e-07]",6.354474472169969e-07,0.0,0.0,0.9999996412374895,True,275.0,4.9,1e-05,banded ADMM with dual certificate,0.03635214499809081,49.0,49.0,8.0,0.5*sum_train((z-y)^2)+lambda*sum(abs(Bz))
burgers,pod_weak,POD only + weak,8,0.1,4,0ad95eadbc7e0354334bb1193f675b194e880114df0b0c3fa6320984cb065e9e,49,0.04,1.92,8,1,0.9964898548424834,1.0,0.003522509677804496,0.03,1,0.07754614084687894,0.07740489858616258,112,8,0.0647009887381535,49,ok,0.04229887399924337,,,,,,,,,,,,,,,,,,,,,,,,,,,,
burgers,raw_weak,Raw + weak,8,0.1,4,0ad95eadbc7e0354334bb1193f675b194e880114df0b0c3fa6320984cb065e9e,49,0.04,1.92,0,1,0.9966407542618697,1.0,0.003370568305345102,0.03,1,0.07546265256299796,0.07515886410926598,112,8,0.10145089522613122,49,ok,0.026609053002175642,,,,,,,,,,,,,,,,,,,,,,,,,,,,
burgers,tv_weak,TV states + weak,8,0.1,4,0ad95eadbc7e0354334bb1193f675b194e880114df0b0c3fa6320984cb065e9e,49,0.04,1.92,0,1,0.997748557285803,1.0,0.002256523146795276,0.01,1,0.04392946925131832,0.04342716427433558,112,8,0.03711604957339593,49,ok,1.696650824000244,1.0,0.01398992959653474,0.0,0.0,0.0,3.0,8.0,"[0.3151660012582379, 0.31156394663705334, 0.3016549681776128, 0.20621959367294668, 0.17837068940178402, 0.21910941049812005, 0.2548339142195555, 0.24939095518705276, 0.21059576661375656, 0.29694795247935685, 0.2525456024001256, 0.23135874164537457, 0.22466339227468682, 0.3962818925468456, 0.3291449906975954, 0.2682708933418349, 0.3607622363734974, 0.31693813903468065, 0.2520126094103676, 0.3367700428230543, 0.307148249795144, 0.19593474503528302, 0.31101590298639425, 0.24795573203142923, 0.2642714650648364, 0.33816773279670487, 0.4380380462117254, 0.34876958710073264, 0.39418512926677746, 0.34047346084921865, 0.21795294767362985, 0.2321730624602617, 0.24398704049846048, 0.29982492232640934, 0.3551708508370809, 0.36190672487983006, 0.4047990773574853, 0.33945100537926076, 0.41793024265427403, 0.3259809190606189, 0.35681288847584913, 0.323234942699817, 0.2697481121642462, 0.2888980111771087, 0.3230102299299293, 0.35566171312481704, 0.23631872710939714, 0.4313496030039098, 0.24024476921860521, 0.29884850196061397, 0.306294159658508, 0.26675152693190723, 0.2967675938742837, 0.2115229620207904, 0.22011941661952217, 0.19665478839629996, 0.23497264467167522, 0.25384167127485646, 0.21515326376908234, 0.30993020026827517, 0.21080792647358726, 0.31609700974770805, 0.15265231705975815, 0.2650039774183298]","[0.3151660012582377, 0.31156394663705256, 0.3016549681776116, 0.20621959367294482, 0.17837066755321973, 0.21910941049811722, 0.25483391421955254, 0.24939095375403889, 0.2105957666137265, 0.2969479523498702, 0.25254560240012197, 0.23135874164450274, 0.22465361857735006, 0.396281892546842, 0.32914499069759184, 0.26827089334183224, 0.36076223637349464, 0.31693813903467793, 0.25201260940998116, 0.33677004282305173, 0.3071482497951349, 0.1959347450352785, 0.31101590298638926, 0.24795573203142277, 0.2642714650648284, 0.3381677327966962, 0.4380380462117191, 0.34876958710072775, 0.3941851292667704, 0.34047346084921326, 0.21795294767362627, 0.23217306240444535, 0.24398703751307846, 0.29982492232640556, 0.3551708508367424, 0.3619067248798214, 0.404799077357475, 0.33945100537925116, 0.41793024265426093, 0.325980919060606, 0.3568128884758369, 0.32323494269981146, 0.2697481121613548, 0.28889801117710434, 0.32301022992992595, 0.35566171312481454, 0.23631872710939283, 0.43134960300390657, 0.24024476921860208, 0.2988485019606104, 0.306294159658504, 0.2667515269319045, 0.29676759387427937, 0.21152296202078608, 0.22011941661951817, 0.19665478839629658, 0.23497264467167137, 0.25384167127485247, 0.21515326376908006, 0.30992166655677067, 0.21080787875182427, 0.31609700974770655, 0.1526506199580464, 0.2650039774183293]","[2.220446049250313e-16, 7.771561172376096e-16, 1.1657341758564144e-15, 1.8596235662471372e-15, 2.1848564291104822e-08, 2.831068712794149e-15, 2.942091015256665e-15, 1.4330138742302267e-09, 3.0059288391726113e-14, 1.2948664362966156e-10, 3.608224830031759e-15, 8.718303856625198e-13, 9.773697336762366e-06, 3.608224830031759e-15, 3.552713678800501e-15, 2.6645352591003757e-15, 2.7755575615628914e-15, 2.7200464103316335e-15, 3.86468634872017e-13, 2.55351295663786e-15, 9.103828801926284e-15, 4.524158825347513e-15, 4.9960036108132044e-15, 6.467049118441537e-15, 7.993605777301127e-15, 8.659739592076221e-15, 6.2727600891321345e-15, 4.884981308350689e-15, 7.049916206369744e-15, 5.384581669432009e-15, 3.58046925441613e-15, 5.581635154072728e-11, 2.9853820249226004e-09, 3.774758283725532e-15, 3.3850700020821023e-13, 8.659739592076221e-15, 1.0325074129013956e-14, 9.603429163007604e-15, 1.3100631690576847e-14, 1.2878587085651816e-14, 1.2212453270876722e-14, 5.551115123125783e-15, 2.8914093341825264e-12, 4.385380947269368e-15, 3.3306690738754696e-15, 2.4980018054066022e-15, 4.3021142204224816e-15, 3.219646771412954e-15, 3.1363800445660672e-15, 3.552713678800501e-15, 3.9968028886505635e-15, 2.7200464103316335e-15, 4.3298697960381105e-15, 4.3298697960381105e-15, 3.9968028886505635e-15, 3.3861802251067274e-15, 3.858025010572419e-15, 3.9968028886505635e-15, 2.275957200481571e-15, 8.53371150449922e-06, 4.772176298573072e-08, 1.4988010832439613e-15, 1.697101711745086e-06, 4.996003610813204e-16]","[2.220446049250313e-16, 7.771561172376096e-16, 1.1657341758564144e-15, 1.8596235662471372e-15, 2.1848564291104822e-08, 2.831068712794149e-15, 2.942091015256665e-15, 1.4330138742302267e-09, 3.0059288391726113e-14, 1.2948664362966156e-10, 3.608224830031759e-15, 8.718303856625198e-13, 9.773697336762366e-06, 3.608224830031759e-15, 3.552713678800501e-15, 2.6645352591003757e-15, 2.7755575615628914e-15, 2.7200464103316335e-15, 3.86468634872017e-13, 2.55351295663786e-15, 9.103828801926284e-15, 4.524158825347513e-15, 4.9960036108132044e-15, 6.467049118441537e-15, 7.993605777301127e-15, 8.659739592076221e-15, 6.2727600891321345e-15, 4.884981308350689e-15, 7.049916206369744e-15, 5.384581669432009e-15, 3.58046925441613e-15, 5.581635154072728e-11, 2.9853820249226004e-09, 3.774758283725532e-15, 3.3850700020821023e-13, 8.659739592076221e-15, 1.0325074129013956e-14, 9.603429163007604e-15, 1.3100631690576847e-14, 1.2878587085651816e-14, 1.2212453270876722e-14, 5.551115123125783e-15, 2.8914093341825264e-12, 4.385380947269368e-15, 3.3306690738754696e-15, 2.4980018054066022e-15, 4.3021142204224816e-15, 3.219646771412954e-15, 3.1363800445660672e-15, 3.552713678800501e-15, 3.9968028886505635e-15, 2.7200464103316335e-15, 4.3298697960381105e-15, 4.3298697960381105e-15, 3.9968028886505635e-15, 3.3861802251067274e-15, 3.858025010572419e-15, 3.9968028886505635e-15, 2.275957200481571e-15, 8.53371150449922e-06, 4.772176298573072e-08, 1.4988010832439613e-15, 1.697101711745086e-06, 4.996003610813204e-16]",9.773697336762366e-06,1.3856339187157118e-08,"[3.200564813177209e-16, 7.355227538141662e-16, 1.0651202142497596e-15, 1.824929096727601e-15, 2.1848564187021413e-08, 2.851885394505871e-15, 2.9906632725840154e-15, 1.4330137562690304e-09, 3.016337180028472e-14, 1.294866332213207e-10, 3.611694276983712e-15, 8.718459981738036e-13, 9.773697336006026e-06, 3.688022109926692e-15, 3.677613769070831e-15, 2.761679773755077e-15, 2.7478019859472624e-15, 2.7478019859472624e-15, 3.864963904476326e-13, 2.400857290751901e-15, 9.103828801926284e-15, 4.551914400963142e-15, 5.23192600354605e-15, 6.494804694057166e-15, 8.104628079763643e-15, 9.034439862887211e-15, 6.467049118441537e-15, 4.898859096158503e-15, 7.188694084447889e-15, 5.4262150328554526e-15, 3.670674875166924e-15, 5.5816372357408994e-11, 2.98538205961707e-09, 3.6914915568786455e-15, 3.386874114497118e-13, 8.68749516769185e-15, 1.0269562977782698e-14, 9.298117831235686e-15, 1.3100631690576847e-14, 1.2712053631958042e-14, 1.1823875212257917e-14, 5.88418203051333e-15, 2.8915481120606046e-12, 4.343747583845925e-15, 3.608224830031759e-15, 2.525757381022231e-15, 4.3021142204224816e-15, 3.1225022567582528e-15, 3.219646771412954e-15, 3.70536934468646e-15, 3.927413949611491e-15, 2.7720881146109377e-15, 4.458239333260394e-15, 4.354155924701786e-15, 3.975986206938842e-15, 3.5110803153770576e-15, 3.920475055707584e-15, 3.95516952522712e-15, 2.248201624865942e-15, 8.53371150393023e-06, 4.772176296144459e-08, 1.4502288259166107e-15, 1.6971017116028386e-06, 4.2847669856627135e-16]",6.495286064556183e-07,0.0,0.0,0.999999941855682,True,2900.0,4.9,1e-05,banded ADMM with dual certificate,0.7926359960001719,49.0,49.0,64.0,0.5*sum_train((z-y)^2)+lambda*sum(abs(Bz))
burgers,edmd_weak,EDMD + weak,8,0.2,0,459a45f4b2ac3b725ca8ce98ff583df0ff9b7aec33936b16a88a982f724f6db9,49,0.04,1.92,8,5,0.9942958618551045,1.0,0.0057368619982516335,0.03,1,0.13354675190252377,0.1332845586105796,112,8,0.16301008289521393,241,ok,0.08544521700241603,,,,,,,,,,,,,,,,,,,,,,,,,,,,
burgers,linear_weak,Linear q5 + weak,8,0.2,0,459a45f4b2ac3b725ca8ce98ff583df0ff9b7aec33936b16a88a982f724f6db9,49,0.04,1.92,0,5,0.9859268575145942,1.0,0.014274022842711152,0.03,1,0.1748568752206266,0.17407869050746397,112,8,0.1647067150977744,241,ok,0.05461697000282584,,,,,,,,,,,,,,,,,,,,,,,,,,,,
burgers,pod_tv_weak,POD + TV states + weak,8,0.2,0,459a45f4b2ac3b725ca8ce98ff583df0ff9b7aec33936b16a88a982f724f6db9,49,0.04,1.92,8,1,0.9948364866982189,1.0,0.005190313554862197,0.03,1,0.11022731173494563,0.1099517391140968,112,8,0.07248948502520682,49,ok,0.7330545369986794,1.0,0.04192818248137669,0.0,0.0,0.0,3.0,64.0,"[1.2948431726959027, 1.0557728053258297, 1.811833812071453, 2.6044401803444828, 2.6990040357005425, 2.615702965492215, 2.768608303633842, 2.5869501984059684]","[1.2948431726958436, 1.0557631238106953, 1.8118338113072687, 2.6044401803444788, 2.699004035700538, 2.615702965492207, 2.7686083033386666, 2.5869501978868126]","[5.906386491005833e-14, 9.681515134474239e-06, 7.641842714178892e-10, 3.9968028886505635e-15, 4.440892098500626e-15, 7.993605777301127e-15, 2.951754396463002e-10, 5.19155829437068e-10]","[4.5614686129970144e-14, 9.170074362245347e-06, 4.217739322041928e-10, 1.5346111301822707e-15, 1.6453817926018648e-15, 3.0560066960037702e-15, 1.0661509584395807e-10, 2.0068257585977586e-10]",9.170074362245347e-06,8.39974971800217e-08,"[6.022959908591474e-14, 9.681515120152362e-06, 7.641839938621331e-10, 4.274358644806853e-15, 5.551115123125783e-15, 7.716050021144838e-15, 2.951757172020564e-10, 5.191548302363458e-10]",1.3740852824462024e-06,0.0,0.0,0.9999998588367266,True,850.0,2.45,1e-05,banded ADMM with dual certificate,0.08614909800235182,49.0,49.0,8.0,0.5*sum_train((z-y)^2)+lambda*sum(abs(Bz))
burgers,pod_weak,POD only + weak,8,0.2,0,459a45f4b2ac3b725ca8ce98ff583df0ff9b7aec33936b16a88a982f724f6db9,49,0.04,1.92,8,1,0.9912762664438665,1.0,0.008800506832902778,0.03,1,0.13639471874535436,0.13603548065943935,112,8,0.12852378222391656,49,ok,0.045465113002137514,,,,,,,,,,,,,,,,,,,,,,,,,,,,
burgers,raw_weak,Raw + weak,8,0.2,0,459a45f4b2ac3b725ca8ce98ff583df0ff9b7aec33936b16a88a982f724f6db9,49,0.04,1.92,0,1,0.9849994920789855,1.0,0.015228949904688472,0.03,1,0.17494555953525237,0.17404913156004373,112,8,0.1991823641351028,49,ok,0.04672623000078602,,,,,,,,,,,,,,,,,,,,,,,,,,,,
burgers,tv_weak,TV states + weak,8,0.2,0,459a45f4b2ac3b725ca8ce98ff583df0ff9b7aec33936b16a88a982f724f6db9,49,0.04,1.92,0,1,0.9888773341375718,1.0,0.011247771061643763,0.03,1,0.0827192454114578,0.08194564068109518,112,8,0.0669762214064171,49,ok,1.0564401679985167,1.0,0.05070870033463688,0.0,0.0,0.0,3.0,8.0,"[0.834096939799616, 0.5219544221576715, 0.8201770209092093, 0.6889528587697041, 0.7710577127197068, 0.8592106837725673, 0.9119124349669142, 0.8506345881684914, 0.8554372277628948, 0.9037052987345904, 0.6608252157018961, 0.7606117433760683, 0.5175931220453117, 1.026740742240582, 0.8886018310206044, 0.934935376382775, 0.9226859095873043, 0.9589736359762416, 0.8050513637801433, 1.0840524828806872, 1.0083487852024624, 1.2042727672816103, 0.8718673725564123, 0.8270282370831115, 1.1335994088578683, 0.954689378405977, 0.8511018131152863, 0.9540510263776475, 0.7826772255430836, 0.680171990765953, 0.8344774109673898, 0.8179092914150887, 0.8807724502136278, 0.9944572304998357, 1.0410290131410356, 0.8129114528065833, 1.2128820096194617, 0.7765698685665299, 0.9039259339248733, 1.2364626676351669, 0.8058120354649301, 0.7311204275431046, 0.8114740919024823, 0.795521250470441, 0.7068290890669533, 1.0634556753169286, 0.6948102424698973, 0.6252995201267678, 0.9423401574024474, 1.3979012849427765, 0.746278613062736, 1.1356462904166058, 0.9608568910657113, 0.8172930468371985, 0.8167163741661368, 0.9321199158810394, 0.8507638378380973, 1.0669700377576952, 0.7579119310713935, 0.7002560264071884, 0.6276565188062867, 0.5602821361002853, 0.7750342615153999, 0.9018816327287651]","[0.8340969397996153, 0.5219544221576706, 0.8201770205837751, 0.6889528587693772, 0.7710577127197042, 0.8592106837725653, 0.9119123909431488, 0.8506345881684889, 0.8554372277628872, 0.9037052987345872, 0.6608252157018765, 0.7606117433760606, 0.5175931220453087, 1.0267407422405774, 0.8886018310206001, 0.9349353763827712, 0.9226859095217681, 0.958973531169055, 0.8050513637801389, 1.0840524828806832, 1.0083487852024555, 1.204272767281603, 0.8718673725564067, 0.8270282370831037, 1.1335994088578603, 0.9546893784059698, 0.8511018131152773, 0.9540510263776416, 0.7826772255430764, 0.6801719907637843, 0.8344774109673846, 0.8179092914150872, 0.880772450213626, 0.9944572304998298, 1.0410290131410285, 0.8129114526810718, 1.2128820096194515, 0.7765698685665218, 0.9039259339248615, 1.2364626676351576, 0.8058120354649185, 0.7311204275430976, 0.8114740919024765, 0.7955212504704368, 0.7068290890669502, 1.0634556753169262, 0.6948102424698945, 0.6252995201267649, 0.9423401574024439, 1.3979012849409724, 0.7462786130627326, 1.1356462758446648, 0.960856891065705, 0.8172930468371947, 0.8167163741661321, 0.9321199158810329, 0.8507638378380351, 1.06697003775769, 0.7579119310713902, 0.700256026407186, 0.6276467917581128, 0.5602821337283534, 0.7750342079998637, 0.9018816327287651]","[6.661338147750939e-16, 8.881784197001252e-16, 3.2543423511555147e-10, 3.269606807521086e-13, 2.55351295663786e-15, 1.9984014443252818e-15, 4.402376541090547e-08, 2.4424906541753444e-15, 7.549516567451064e-15, 3.219646771412954e-15, 1.965094753586527e-14, 7.66053886991358e-15, 2.9976021664879227e-15, 4.6629367034256575e-15, 4.3298697960381105e-15, 3.774758283725532e-15, 6.553624309901807e-11, 1.0480718659611199e-07, 4.440892098500626e-15, 3.9968028886505635e-15, 6.8833827526759706e-15, 7.327471962526033e-15, 5.662137425588298e-15, 7.771561172376096e-15, 7.993605777301127e-15, 7.216449660063518e-15, 8.992806499463768e-15, 5.88418203051333e-15, 7.216449660063518e-15, 2.1687096563027808e-12, 5.218048215738236e-15, 1.5543122344752192e-15, 1.7763568394002505e-15, 5.88418203051333e-15, 7.105427357601002e-15, 1.2551149008999118e-10, 1.021405182655144e-14, 8.104628079763643e-15, 1.176836406102666e-14, 9.325873406851315e-15, 1.1546319456101628e-14, 6.994405055138486e-15, 5.773159728050814e-15, 4.218847493575595e-15, 3.1086244689504383e-15, 2.4424906541753444e-15, 2.7755575615628914e-15, 2.886579864025407e-15, 3.4416913763379853e-15, 1.8041124150158794e-12, 3.4416913763379853e-15, 1.457194098719583e-08, 6.217248937900877e-15, 3.774758283725532e-15, 4.773959005888173e-15, 6.439293542825908e-15, 6.217248937900877e-14, 5.10702591327572e-15, 3.3306690738754696e-15, 2.4424906541753444e-15, 9.727048173924224e-06, 2.3719318731352246e-09, 5.351553622467975e-08, 0.0]","[6.661338147750939e-16, 8.881784197001252e-16, 3.2543423511555147e-10, 3.269606807521086e-13, 2.55351295663786e-15, 1.9984014443252818e-15, 4.402376541090547e-08, 2.4424906541753444e-15, 7.549516567451064e-15, 3.219646771412954e-15, 1.965094753586527e-14, 7.66053886991358e-15, 2.9976021664879227e-15, 4.541493788636524e-15, 4.3298697960381105e-15, 3.774758283725532e-15, 6.553624309901807e-11, 1.0480718659611199e-07, 4.440892098500626e-15, 3.6869090304832214e-15, 6.8263906831542256e-15, 6.084561705290607e-15, 5.662137425588298e-15, 7.771561172376096e-15, 7.0515260636514434e-15, 7.216449660063518e-15, 8.992806499463768e-15, 5.88418203051333e-15, 7.216449660063518e-15, 2.1687096563027808e-12, 5.218048215738236e-15, 1.5543122344752192e-15, 1.7763568394002505e-15, 5.88418203051333e-15, 6.825388406959201e-15, 1.2551149008999118e-10, 8.421307056698838e-15, 8.104628079763643e-15, 1.176836406102666e-14, 7.542381707882688e-15, 1.1546319456101628e-14, 6.994405055138486e-15, 5.773159728050814e-15, 4.218847493575595e-15, 3.1086244689504383e-15, 2.296748901591445e-15, 2.7755575615628914e-15, 2.886579864025407e-15, 3.4416913763379853e-15, 1.29058642012031e-12, 3.4416913763379853e-15, 1.2831408080283687e-08, 6.217248937900877e-15, 3.774758283725532e-15, 4.773959005888173e-15, 6.439293542825908e-15, 6.217248937900877e-14, 4.786475470303231e-15, 3.3306690738754696e-15, 2.4424906541753444e-15, 9.727048173924224e-06, 2.3719318731352246e-09, 5.351553622467975e-08, 0.0]",9.727048173924224e-06,7.696911719090593e-08,"[5.585809592645319e-16, 8.951173136040325e-16, 3.254341379710368e-10, 3.265634290761099e-13, 2.55351295663786e-15, 1.8457457784393227e-15, 4.4023765438661044e-08, 2.8345381597461028e-15, 7.271960811294775e-15, 3.58046925441613e-15, 1.9387269567516796e-14, 7.840950111415168e-15, 3.2127078775090467e-15, 4.08006961549745e-15, 4.135580766728708e-15, 3.5110803153770576e-15, 6.553614595450341e-11, 1.048071862491673e-07, 4.6351811278100286e-15, 3.2335245592207684e-15, 7.13318293321663e-15, 7.16093850883226e-15, 5.162537064506978e-15, 7.688294445529209e-15, 8.104628079763643e-15, 6.800116025829084e-15, 9.131584377541913e-15, 5.9119376061289586e-15, 7.216449660063518e-15, 2.1684459783344323e-12, 5.093148125467906e-15, 1.2281842209915794e-15, 2.0816681711721685e-15, 5.7592819402429996e-15, 7.299716386910404e-15, 1.25511503967779e-10, 9.936496070395151e-15, 8.604228440844963e-15, 1.1934897514720433e-14, 9.631184738623233e-15, 1.1157741397482823e-14, 7.577272143066693e-15, 5.620504062164855e-15, 4.2049697057677804e-15, 3.039235529911366e-15, 2.7478019859472624e-15, 2.7478019859472624e-15, 3.039235529911366e-15, 3.164135620181696e-15, 1.8040846594402637e-12, 3.2751579226442118e-15, 1.4571940626373348e-08, 5.9674487573602164e-15, 3.747002708109903e-15, 4.773959005888173e-15, 6.300515664747763e-15, 6.22002449546244e-14, 5.204170427930421e-15, 3.1086244689504383e-15, 2.7478019859472624e-15, 9.727048154585527e-06, 2.3719319564019514e-09, 5.3515536301874944e-08, 3.885780586188048e-16]",9.97666332325231e-07,0.0,0.0,0.9999998182501468,True,1775.0,4.9,1e-05,banded ADMM with dual certificate,0.4667358159967989,49.0,49.0,64.0,0.5*sum_train((z-y)^2)+lambda*sum(abs(Bz))
burgers,edmd_weak,EDMD + weak,8,0.2,1,c8760e73a1078e4b1dfc4ef0c170f02bd5146e73efa2beaf6b455bb0a17a4e9e,49,0.04,1.92,8,5,0.9801996644232467,1.0,0.020200308463076275,0.03,1,0.1123202244883427,0.1093460107856398,112,8,0.12656761470209907,241,ok,0.09745530399959534,,,,,,,,,,,,,,,,,,,,,,,,,,,,
burgers,linear_weak,Linear q5 + weak,8,0.2,1,c8760e73a1078e4b1dfc4ef0c170f02bd5146e73efa2beaf6b455bb0a17a4e9e,49,0.04,1.92,0,5,0.9736881722046014,1.0,0.027022848327123143,0.03,1,0.15560808664818096,0.15304731537650143,112,8,0.1655251911506748,241,ok,0.033014297998306574,,,,,,,,,,,,,,,,,,,,,,,,,,,,
burgers,pod_tv_weak,POD + TV states + weak,8,0.2,1,c8760e73a1078e4b1dfc4ef0c170f02bd5146e73efa2beaf6b455bb0a17a4e9e,49,0.04,1.92,8,1,0.9817158883440721,1.0,0.01862464677715364,0.03,1,0.09757876542845051,0.09439659509271117,112,8,0.07090769021632028,49,ok,0.8365383399977873,1.0,0.04348388827406972,0.0,0.0,0.0,3.0,64.0,"[1.0882591993578103, 1.243161333822123, 1.2761166919743971, 2.379019517084559, 2.331812043728754, 3.079599144376699, 3.032661299538376, 2.797229177409549]","[1.0882591993407906, 1.2431613337609728, 1.2761166919743892, 2.379019517084552, 2.3318120419247506, 3.0795688382493767, 3.032661236378767, 2.797229177330177]","[1.701971896750365e-11, 6.115019601793392e-11, 7.993605777301127e-15, 7.105427357601002e-15, 1.8040036131594661e-09, 3.0306127322354826e-05, 6.315960909830665e-08, 7.937206447650169e-11]","[1.5639398203614642e-11, 4.9189268001061846e-11, 6.264008477887306e-15, 2.986704105020778e-15, 7.73648810165128e-10, 9.840932505028568e-06, 2.0826463247946825e-08, 2.8375245445568522e-11]",9.840932505028568e-06,4.6159086686259343e-07,"[1.701991325653296e-11, 6.115047357369008e-11, 8.104628079763643e-15, 6.938893903907228e-15, 1.8040030580479538e-09, 3.030612675747335e-05, 6.315960921626784e-08, 7.937139834268692e-11]",2.5133153236378547e-06,0.0,0.0,0.9999995555895708,True,400.0,2.45,1e-05,banded ADMM with dual certificate,0.04938131300150417,49.0,49.0,8.0,0.5*sum_train((z-y)^2)+lambda*sum(abs(Bz))
burgers,pod_weak,POD only + weak,8,0.2,1,c8760e73a1078e4b1dfc4ef0c170f02bd5146e73efa2beaf6b455bb0a17a4e9e,49,0.04,1.92,8,1,0.981348264212867,1.0,0.019006235061814064,0.03,1,0.1119566439918947,0.1094984983601383,112,8,0.12479543294708521,49,ok,0.04252773999905912,,,,,,,,,,,,,,,,,,,,,,,,,,,,
burgers,raw_weak,Raw + weak,8,0.2,1,c8760e73a1078e4b1dfc4ef0c170f02bd5146e73efa2beaf6b455bb0a17a4e9e,49,0.04,1.92,0,1,0.9736425137574671,1.0,0.027071010016617294,0.03,1,0.15553682558026058,0.15295986003913398,112,8,0.20029523626610482,49,ok,0.022750198000721866,,,,,,,,,,,,,,,,,,,,,,,,,,,,
burgers,tv_weak,TV states + weak,8,0.2,1,c8760e73a1078e4b1dfc4ef0c170f02bd5146e73efa2beaf6b455bb0a17a4e9e,49,0.04,1.92,0,1,0.9773735456847042,1.0,0.023150262676124102,0.03,1,0.10687459622726286,0.10218061812561118,112,8,0.06644563217855812,49,ok,1.3460708290003822,1.0,0.04504476908505821,0.0,0.0,0.0,3.0,8.0,"[0.7462462526980846, 0.9746948678155638, 0.9871898294618594, 1.3277768688930522, 0.7970330754237522, 0.7501620936736543, 1.120710716251921, 1.005235915984002, 1.0233816312043549, 0.7034280791322234, 0.8995957589727239, 0.623412502521398, 0.8647876716385829, 1.0954970420633807, 0.9580249276450375, 1.040928914310407, 0.7298217434103664, 0.7412008017637126, 0.7225988426523858, 0.7451846014056849, 1.070198059574356, 0.70011437724161, 0.687016595487837, 0.8223089852600144, 0.7101867524472001, 0.9011957917828617, 0.8571197641207435, 0.8546284569487784, 0.7377126271062531, 0.6927993436660926, 0.9422485051587102, 0.8835786318023262, 1.098608456554286, 0.6260006963841228, 0.7329914130989493, 0.9623558265218476, 0.9482210337313679, 1.1781163723995132, 0.8544400556709668, 1.0081566176783918, 0.8257708638647718, 0.9937715665945641, 1.2144686743650777, 1.0005478356533741, 0.8710355528248689, 1.2986671293831826, 0.86349030935039, 1.0304845881660092, 0.7265193957822529, 0.8972815427620962, 0.688842713135489, 0.6674960398486524, 0.8291500590852253, 1.1109102372097346, 0.9365656187163469, 1.0553659111475173, 1.002419354112757, 0.6303589673700619, 0.8755331454986086, 0.7870755299334118, 1.3249783405896134, 0.8741431677332779, 0.8913924504516452, 0.656336639107979]","[0.7462365600470322, 0.9746948678155625, 0.9871898294618576, 1.3277768688745066, 0.7970330754237496, 0.7501620936736513, 1.1207107162519154, 1.0052359155563282, 1.0233816304339636, 0.7034280791322192, 0.8995957589727204, 0.6234125025213926, 0.864787671638579, 1.0954970420633776, 0.9580249276450311, 1.040928914310404, 0.7298217434103628, 0.7412007848673609, 0.7225988426523833, 0.7451845954845973, 1.070198059574351, 0.7001143772416042, 0.6870165954878314, 0.8223089852600084, 0.7101867524471941, 0.9011957917828551, 0.8571197641207365, 0.8546284569487718, 0.7377126271062466, 0.6927993436356759, 0.9422485051587066, 0.883578631802153, 1.0986084565542837, 0.6260006963841176, 0.732991413098943, 0.9623558265218406, 0.9482210337313578, 1.1781163723995027, 0.8544400556709584, 1.008156617678384, 0.8257708638647664, 0.9937715665945578, 1.2144686743650706, 1.0005478356533715, 0.8710355528248669, 1.2986641597928814, 0.8634903093503528, 1.0304845881660054, 0.7265193957822476, 0.8972815427620219, 0.6888427131354834, 0.667496025339786, 0.8291500586262125, 1.1109102372097301, 0.9365656187012895, 1.055365911147513, 1.0024193541127517, 0.6303589673656722, 0.8755331454974877, 0.7870755299334071, 1.3249783405896107, 0.874143167733276, 0.8913924504516428, 0.6563366391079783]","[9.692651052439771e-06, 1.3322676295501878e-15, 1.7763568394002505e-15, 1.8545609492548465e-11, 2.6645352591003757e-15, 2.9976021664879227e-15, 5.551115123125783e-15, 4.276738962971649e-10, 7.703913063039636e-10, 4.218847493575595e-15, 3.552713678800501e-15, 5.440092820663267e-15, 3.9968028886505635e-15, 3.1086244689504383e-15, 6.439293542825908e-15, 3.1086244689504383e-15, 3.6637359812630166e-15, 1.689635176216342e-08, 2.55351295663786e-15, 5.921087620208709e-09, 5.10702591327572e-15, 5.773159728050814e-15, 5.551115123125783e-15, 5.995204332975845e-15, 5.995204332975845e-15, 6.5503158452884236e-15, 6.994405055138486e-15, 6.661338147750939e-15, 6.439293542825908e-15, 3.0416780205655414e-11, 3.552713678800501e-15, 1.7319479184152442e-13, 2.220446049250313e-15, 5.218048215738236e-15, 6.328271240363392e-15, 6.994405055138486e-15, 1.0103029524088925e-14, 1.0436096431476471e-14, 8.43769498715119e-15, 7.771561172376096e-15, 5.440092820663267e-15, 6.328271240363392e-15, 7.105427357601002e-15, 2.6645352591003757e-15, 1.9984014443252818e-15, 2.9695903012161295e-06, 3.7192471324942744e-14, 3.774758283725532e-15, 5.329070518200751e-15, 7.427392034742297e-14, 5.551115123125783e-15, 1.4508866330587011e-08, 4.5901282774707397e-10, 4.440892098500626e-15, 1.5057399771478686e-11, 4.218847493575595e-15, 5.329070518200751e-15, 4.3897108170654064e-12, 1.120881165661558e-12, 4.6629367034256575e-15, 2.6645352591003757e-15, 1.887379141862766e-15, 2.3314683517128287e-15, 6.661338147750939e-16]","[9.692651052439771e-06, 1.3322676295501878e-15, 1.7763568394002505e-15, 1.3967414199653639e-11, 2.6645352591003757e-15, 2.9976021664879227e-15, 4.953209639763956e-15, 4.2544629523958547e-10, 7.527898516190264e-10, 4.218847493575595e-15, 3.552713678800501e-15, 5.440092820663267e-15, 3.9968028886505635e-15, 2.8376383957142504e-15, 6.439293542825908e-15, 2.986394581045753e-15, 3.6637359812630166e-15, 1.689635176216342e-08, 2.55351295663786e-15, 5.921087620208709e-09, 4.772038098543095e-15, 5.773159728050814e-15, 5.551115123125783e-15, 5.995204332975845e-15, 5.995204332975845e-15, 6.5503158452884236e-15, 6.994405055138486e-15, 6.661338147750939e-15, 6.439293542825908e-15, 3.0416780205655414e-11, 3.552713678800501e-15, 1.7319479184152442e-13, 2.0211441446706115e-15, 5.218048215738236e-15, 6.328271240363392e-15, 6.994405055138486e-15, 1.0103029524088925e-14, 8.858289958419717e-15, 8.43769498715119e-15, 7.708684381076266e-15, 5.440092820663267e-15, 6.328271240363392e-15, 5.850646877586783e-15, 2.6630763309386306e-15, 1.9984014443252818e-15, 2.286644694415706e-06, 3.7192471324942744e-14, 3.6630904790566604e-15, 5.329070518200751e-15, 7.427392034742297e-14, 5.551115123125783e-15, 1.4508866330587011e-08, 4.5901282774707397e-10, 3.99752558735509e-15, 1.5057399771478686e-11, 3.997521095776507e-15, 5.316208726753406e-15, 4.3897108170654064e-12, 1.120881165661558e-12, 4.6629367034256575e-15, 2.0110028801789026e-15, 1.887379141862766e-15, 2.3314683517128287e-15, 6.661338147750939e-16]",9.692651052439771e-06,2.7496519194869506e-07,"[9.692651018449166e-06, 1.5543122344752192e-15, 2.2239154962022667e-15, 1.8545144586656903e-11, 2.8935187579293142e-15, 3.039235529911366e-15, 5.2735593669694936e-15, 4.276738234387789e-10, 7.703910634426769e-10, 3.8719027983802334e-15, 3.3063829452117943e-15, 5.467848396278896e-15, 3.948230631323213e-15, 3.073929999430902e-15, 6.38378239159465e-15, 3.4139358007223564e-15, 3.649858193455202e-15, 1.6896351873185722e-08, 2.4980018054066022e-15, 5.9210870928527726e-09, 5.2735593669694936e-15, 5.842548667089886e-15, 5.440092820663267e-15, 6.342149028171207e-15, 6.175615574477433e-15, 6.855627177060342e-15, 6.994405055138486e-15, 6.356026815979021e-15, 6.13398221105399e-15, 3.0416960616896915e-11, 3.712308238590367e-15, 1.7325724188665959e-13, 2.248201624865942e-15, 4.8155923693116165e-15, 6.564193633096238e-15, 6.300515664747763e-15, 1.0269562977782698e-14, 1.0630385460785874e-14, 8.409939411535561e-15, 7.66053886991358e-15, 5.2735593669694936e-15, 6.050715484207103e-15, 7.53563877964325e-15, 3.0253577421035516e-15, 2.123301534595612e-15, 2.9695900219534055e-06, 3.749778265671466e-14, 3.58046925441613e-15, 5.259681579161679e-15, 7.436412596817377e-14, 5.88418203051333e-15, 1.450886658906081e-08, 4.5901315387508745e-10, 4.773959005888173e-15, 1.5057663449447034e-11, 4.6629367034256575e-15, 5.342948306008566e-15, 4.3897871448983494e-12, 1.120367687512669e-12, 4.690692279041286e-15, 2.9976021664879227e-15, 1.9637069748057456e-15, 2.4980018054066022e-15, 4.77048955893622e-16]",9.037109049980785e-07,0.0,0.0,0.9999995201432264,True,1875.0,9.8,1e-05,banded ADMM with dual certificate,0.5984079059999203,49.0,49.0,64.0,0.5*sum_train((z-y)^2)+lambda*sum(abs(Bz))
burgers,edmd_weak,EDMD + weak,8,0.2,2,feaab0b29496ed1438427dad87e7305ab91c9166054bb39dce1f9adeae20f702,49,0.04,1.92,8,5,0.9750470963244915,1.0,0.02559148554933431,0.03,1,0.1293533436649901,0.12698683821066015,112,8,0.1409456005294895,241,ok,0.09476602699942305,,,,,,,,,,,,,,,,,,,,,,,,,,,,
burgers,linear_weak,Linear q5 + weak,8,0.2,2,feaab0b29496ed1438427dad87e7305ab91c9166054bb39dce1f9adeae20f702,49,0.04,1.92,0,5,0.9819060554649525,1.0,0.01842736831527095,0.03,1,0.11730870638901951,0.11580846041334691,112,8,0.16464690881569108,241,ok,0.04121651500099688,,,,,,,,,,,,,,,,,,,,,,,,,,,,
burgers,pod_tv_weak,POD + TV states + weak,8,0.2,2,feaab0b29496ed1438427dad87e7305ab91c9166054bb39dce1f9adeae20f702,49,0.04,1.92,8,1,0.9771560071304111,1.0,0.023378040663818284,0.03,1,0.10966880913387907,0.10720923737525839,112,8,0.06825525391240517,49,ok,0.6403108339982282,1.0,0.044089519808001104,0.0,0.0,0.0,3.0,64.0,"[0.9860571165911945, 1.159004440871302, 1.4435318178326946, 2.593378068588996, 3.2324738148956063, 2.7539396132527543, 2.6942272301789543, 2.688292141286935]","[0.9860571165911397, 1.1590044408712727, 1.44353181783268, 2.593378068588978, 3.2324738148956014, 2.753939613252743, 2.6942272301785883, 2.6882694684157267]","[5.484501741648273e-14, 2.930988785010413e-14, 1.4654943925052066e-14, 1.8207657603852567e-14, 4.884981308350689e-15, 1.1102230246251565e-14, 3.659295089164516e-13, 2.2672871208495593e-05]","[5.484501741648273e-14, 2.528884861568771e-14, 1.0152144721724849e-14, 7.020826552203775e-15, 1.5112206898135231e-15, 4.031399306224588e-15, 1.3581983910545884e-13, 8.433931290533652e-06]",8.433931290533652e-06,6.614708780716683e-13,"[5.46229728115577e-14, 3.0031532816110484e-14, 1.504352198367087e-14, 1.7708057242771247e-14, 3.2751579226442118e-15, 1.0880185641326534e-14, 3.6615155352137663e-13, 2.267287120872978e-05]",2.0617630904495865e-06,0.0,0.0,0.9999999999988842,True,675.0,9.8,1e-05,banded ADMM with dual certificate,0.05676480200054357,49.0,49.0,8.0,0.5*sum_train((z-y)^2)+lambda*sum(abs(Bz))
burgers,pod_weak,POD only + weak,8,0.2,2,feaab0b29496ed1438427dad87e7305ab91c9166054bb39dce1f9adeae20f702,49,0.04,1.92,8,1,0.9752843921427278,1.0,0.0253419495445541,0.03,1,0.13018133339772897,0.12787363241402183,112,8,0.1263130828638074,49,ok,0.04065906800315133,,,,,,,,,,,,,,,,,,,,,,,,,,,,
burgers,raw_weak,Raw + weak,8,0.2,2,feaab0b29496ed1438427dad87e7305ab91c9166054bb39dce1f9adeae20f702,49,0.04,1.92,0,1,0.9827259360526001,1.0,0.017577702300995663,0.03,1,0.11752714739577495,0.11620242397013908,112,8,0.19946280014892784,49,ok,0.03946160399937071,,,,,,,,,,,,,,,,,,,,,,,,,,,,
burgers,tv_weak,TV states + weak,8,0.2,2,feaab0b29496ed1438427dad87e7305ab91c9166054bb39dce1f9adeae20f702,49,0.04,1.92,0,1,0.981887944126008,1.0,0.01844615363936855,0.03,1,0.0719614565898625,0.06721114838779108,112,8,0.06269934812900042,49,ok,1.3573723400004383,1.0,0.050936272975638505,0.0,0.0,0.0,3.0,8.0,"[1.031309960766777, 0.48957838459184966, 1.0635174139467705, 0.8682529348406479, 0.8256082351420146, 0.5694626296035314, 0.6916928379423511, 0.6896706985804838, 0.7577701340628435, 1.0132556114604119, 0.6235096031824108, 0.8903595532262925, 0.7627797312408267, 1.0266844813779037, 0.9666445622967491, 0.6984577420573457, 1.0385917033033036, 0.9325466833186913, 0.8465838497557231, 0.49400456701605167, 1.2276854119113991, 0.7097878226795186, 1.1825499528658336, 0.9887654171810774, 0.6318581408890493, 0.7532742080039433, 1.3676839143095547, 0.5802852495317352, 1.1665715041131888, 0.46661601767548727, 0.8359064533051248, 0.8687378474478037, 1.3482345165513423, 0.8821133840748752, 1.1832425504007782, 0.9567160742351292, 1.1783202551934044, 0.8815553709345147, 1.1396883402412705, 1.387105699920265, 0.8592147873578839, 0.8470435153304156, 1.0990872059121217, 1.2352682869922424, 1.193267830853657, 1.0153827988596507, 0.7830759578322742, 0.7180052287304445, 0.8947660604962311, 0.7484542966520147, 1.1518669268742237, 0.8755845344597384, 0.9077188863255504, 0.7624077281215432, 1.3125243970173353, 0.7542588905739334, 0.83057422737477, 0.5702928837102865, 0.8909531953017279, 0.9290911566008664, 0.6213811844141377, 0.9872711305395518, 0.7262091175140531, 0.5588254563712515]","[1.031309960766776, 0.48956875236606956, 1.0635173959164093, 0.868252934840646, 0.8256082351420106, 0.5694626296035286, 0.691692837942347, 0.6896706985804811, 0.757770116605584, 1.0132556114604077, 0.6235096031824087, 0.8903595532262878, 0.7627797137744358, 1.0266844813778992, 0.9666445203025109, 0.6984577420573426, 1.0385917033032996, 0.9325466833186886, 0.8465838497557195, 0.4940045670160492, 1.2276854119113942, 0.7097878226795141, 1.1825499528658288, 0.9887654171810707, 0.6318581408890399, 0.7532742080039341, 1.3676839143095487, 0.5802852495317296, 1.1665715041131837, 0.46661601767548216, 0.8359064533051221, 0.8687376216099446, 1.348234516551338, 0.8821133840748712, 1.1832415182706577, 0.95671607423512, 1.178320255193397, 0.8815553709345082, 1.139688340241258, 1.3871056999202527, 0.8592147873578718, 0.8470435153304099, 1.0990872059121122, 1.235268286992237, 1.1932678308536504, 1.0153827988596473, 0.7830759578322712, 0.7180052287304413, 0.8947660604957098, 0.748454296652011, 1.1518669268742185, 0.8755845344597343, 0.907718886325548, 0.7624077281215396, 1.3125243970173306, 0.7542588905646731, 0.8305742273747653, 0.5702928837102831, 0.8909531952764085, 0.9290911566008628, 0.6213811844141358, 0.9872711305395494, 0.7262091175140523, 0.5588254563712508]","[1.1102230246251565e-15, 9.63222578009848e-06, 1.8030361204068868e-08, 1.887379141862766e-15, 3.9968028886505635e-15, 2.886579864025407e-15, 4.107825191113079e-15, 2.6645352591003757e-15, 1.745725952684296e-08, 4.218847493575595e-15, 2.1094237467877974e-15, 4.6629367034256575e-15, 1.7466390889175898e-08, 4.440892098500626e-15, 4.1994238197951006e-08, 3.1086244689504383e-15, 3.9968028886505635e-15, 2.6645352591003757e-15, 3.552713678800501e-15, 2.4424906541753444e-15, 4.884981308350689e-15, 4.440892098500626e-15, 4.884981308350689e-15, 6.661338147750939e-15, 9.43689570931383e-15, 9.2148511043888e-15, 5.995204332975845e-15, 5.662137425588298e-15, 5.10702591327572e-15, 5.10702591327572e-15, 2.6645352591003757e-15, 2.2583785908025789e-07, 4.218847493575595e-15, 3.9968028886505635e-15, 1.0321301204818667e-06, 9.2148511043888e-15, 7.549516567451064e-15, 6.5503158452884236e-15, 1.2434497875801753e-14, 1.2212453270876722e-14, 1.2101430968414206e-14, 5.662137425588298e-15, 9.547918011776346e-15, 5.551115123125783e-15, 6.661338147750939e-15, 3.3306690738754696e-15, 2.9976021664879227e-15, 3.219646771412954e-15, 5.21249710061511e-13, 3.6637359812630166e-15, 5.10702591327572e-15, 4.107825191113079e-15, 2.4424906541753444e-15, 3.6637359812630166e-15, 4.6629367034256575e-15, 9.260259226095968e-12, 4.773959005888173e-15, 3.4416913763379853e-15, 2.5319413232693933e-11, 3.552713678800501e-15, 1.887379141862766e-15, 2.4424906541753444e-15, 8.881784197001252e-16, 6.661338147750939e-16]","[1.0765173098878128e-15, 9.63222578009848e-06, 1.6953517608289295e-08, 1.887379141862766e-15, 3.9968028886505635e-15, 2.886579864025407e-15, 4.107825191113079e-15, 2.6645352591003757e-15, 1.745725952684296e-08, 4.163655691474477e-15, 2.1094237467877974e-15, 4.6629367034256575e-15, 1.7466390889175898e-08, 4.32546919628175e-15, 4.1994238197951006e-08, 3.1086244689504383e-15, 3.848290792174144e-15, 2.6645352591003757e-15, 3.552713678800501e-15, 2.4424906541753444e-15, 3.979017149633797e-15, 4.440892098500626e-15, 4.130887914301e-15, 6.661338147750939e-15, 9.43689570931383e-15, 9.2148511043888e-15, 4.3834721387378405e-15, 5.662137425588298e-15, 4.377807871415485e-15, 5.10702591327572e-15, 2.6645352591003757e-15, 2.2583785908025789e-07, 3.1291644308046734e-15, 3.9968028886505635e-15, 8.722895573120423e-07, 9.2148511043888e-15, 6.40701586362183e-15, 6.5503158452884236e-15, 1.0910437035066435e-14, 8.804270122730179e-15, 1.2101430968414206e-14, 5.662137425588298e-15, 8.687134160435089e-15, 4.4938538304437535e-15, 5.582433361155354e-15, 3.280210259240215e-15, 2.9976021664879227e-15, 3.219646771412954e-15, 5.21249710061511e-13, 3.6637359812630166e-15, 4.4336943739972265e-15, 4.107825191113079e-15, 2.4424906541753444e-15, 3.6637359812630166e-15, 3.552647641462524e-15, 9.260259226095968e-12, 4.773959005888173e-15, 3.4416913763379853e-15, 2.5319413232693933e-11, 3.552713678800501e-15, 1.887379141862766e-15, 2.4424906541753444e-15, 8.881784197001252e-16, 6.661338147750939e-16]",9.63222578009848e-06,1.2279574024276485e-09,"[9.020562075079397e-16, 9.632225780149654e-06, 1.8030360992432604e-08, 1.762479051592436e-15, 3.552713678800501e-15, 2.8900493109773606e-15, 3.982925100842749e-15, 3.094746681142624e-15, 1.7457259873787656e-08, 4.8433479449272454e-15, 2.1614654510671016e-15, 4.676814491233472e-15, 1.746639097938152e-08, 4.309053114326389e-15, 4.19942384338734e-08, 2.858824288409778e-15, 3.469446951953614e-15, 2.8171909249863347e-15, 3.3306690738754696e-15, 2.3869795029440866e-15, 4.760081218080359e-15, 4.274358644806853e-15, 4.829470157119431e-15, 7.577272143066693e-15, 1.0075273948473296e-14, 9.46465128492946e-15, 5.7870375158586285e-15, 5.9119376061289586e-15, 5.190292640122607e-15, 5.537237335317968e-15, 2.4980018054066022e-15, 2.2583785914444265e-07, 4.191091917959966e-15, 4.3576253716537394e-15, 1.0321301206484002e-06, 8.93729534823251e-15, 7.716050021144838e-15, 6.772360450213455e-15, 1.326716514427062e-14, 1.2878587085651816e-14, 1.2295719997723609e-14, 4.884981308350689e-15, 9.575673587391975e-15, 5.981326545168031e-15, 6.689093723366568e-15, 3.011479954295737e-15, 3.3306690738754696e-15, 3.094746681142624e-15, 5.211595044407602e-13, 3.899658373995862e-15, 4.524158825347513e-15, 4.350686477749832e-15, 2.6229018956769323e-15, 3.3306690738754696e-15, 4.676814491233472e-15, 9.260651273601539e-12, 4.649058915617843e-15, 3.2890357104520263e-15, 2.531956588835982e-11, 3.70536934468646e-15, 2.0539125955565396e-15, 2.9976021664879227e-15, 1.0061396160665481e-15, 8.257283745649602e-16]",1.031791331373988e-06,0.0,0.0,0.9999999972422844,True,2200.0,4.9,1e-05,banded ADMM with dual certificate,0.7135285240001394,49.0,49.0,64.0,0.5*sum_train((z-y)^2)+lambda*sum(abs(Bz))
burgers,edmd_weak,EDMD + weak,8,0.2,3,b83bb60fe5dfb95208d979e4da17f6aeca4ddedb39d052afd65a78078265a068,49,0.04,1.92,8,5,0.9706681185974313,1.0,0.03021823921130922,0.03,1,0.17770117361868054,0.17234207180687483,112,8,0.13983697283872995,241,ok,0.09846038499745191,,,,,,,,,,,,,,,,,,,,,,,,,,,,
burgers,linear_weak,Linear q5 + weak,8,0.2,3,b83bb60fe5dfb95208d979e4da17f6aeca4ddedb39d052afd65a78078265a068,49,0.04,1.92,0,5,0.9764154010382526,1.0,0.024154267678151178,0.03,1,0.20238581325895594,0.1960188150004271,112,8,0.16657363444820641,241,ok,0.04341763900083606,,,,,,,,,,,,,,,,,,,,,,,,,,,,
burgers,pod_tv_weak,POD + TV states + weak,8,0.2,3,b83bb60fe5dfb95208d979e4da17f6aeca4ddedb39d052afd65a78078265a068,49,0.04,1.92,8,1,0.6324653880253759,0.6666666666666666,0.05407612699261012,0.03,0,0.14718171025881271,0.17742572884380853,112,8,0.07358323585454385,49,ok,0.47213740500228596,1.0,0.044689312395529125,0.0,0.0,0.0,3.0,64.0,"[1.1153839835547603, 1.1656657670215704, 1.2054378978891027, 2.515804368228152, 3.2685347970073497, 3.139001143644919, 3.0004527615525562, 2.758499656541463]","[1.115383969097766, 1.1656657670215476, 1.205437850052514, 2.5158043677056936, 3.2685347967694227, 3.1389991171435994, 3.0004271978537105, 2.758499649115672]","[1.445699426838587e-08, 2.2870594307278225e-14, 4.7836588690230997e-08, 5.224585208907229e-10, 2.3792701142610895e-10, 2.026501319640772e-06, 2.556369884576526e-05, 7.425791093140788e-09]","[1.296145047942236e-08, 1.9620198992131e-14, 3.968399265860135e-08, 2.0767056750866664e-10, 7.279317070265045e-11, 6.455879519966203e-07, 8.519947113760778e-06, 2.6919673799963625e-09]",8.519947113760778e-06,6.507864016569442e-07,"[1.4456994545941626e-08, 2.2037927038809357e-14, 4.783658935636481e-08, 5.224590760022352e-10, 2.379274555153188e-10, 2.02650131375659e-06, 2.5563697766212146e-05, 7.42579006618449e-09]",2.54461535764694e-06,0.0,0.0,0.9999993774824677,True,225.0,2.45,1e-05,banded ADMM with dual certificate,0.017770970000128727,49.0,49.0,8.0,0.5*sum_train((z-y)^2)+lambda*sum(abs(Bz))
burgers,pod_weak,POD only + weak,8,0.2,3,b83bb60fe5dfb95208d979e4da17f6aeca4ddedb39d052afd65a78078265a068,49,0.04,1.92,8,1,0.9688304300664233,1.0,0.03217236883387297,0.03,1,0.18044041780510117,0.1749697273776302,112,8,0.12972494182689517,49,ok,0.035721341002499685,,,,,,,,,,,,,,,,,,,,,,,,,,,,
burgers,raw_weak,Raw + weak,8,0.2,3,b83bb60fe5dfb95208d979e4da17f6aeca4ddedb39d052afd65a78078265a068,49,0.04,1.92,0,1,0.9768278222612029,1.0,0.02372186501113089,0.03,1,0.20232395801628508,0.19602579448503668,112,8,0.20077754708286905,49,ok,0.040927248999651056,,,,,,,,,,,,,,,,,,,,,,,,,,,,
burgers,tv_weak,TV states + weak,8,0.2,3,b83bb60fe5dfb95208d979e4da17f6aeca4ddedb39d052afd65a78078265a068,49,0.04,1.92,0,1,0.6346207892550445,0.6666666666666666,0.050496104058046366,0.03,0,0.12963807067354305,0.16395894484928303,112,8,0.06931841788497921,49,ok,1.3029151339978853,1.0,0.04915893681208029,0.0,0.0,0.0,3.0,8.0,"[0.7305209347100406, 0.8691494645572458, 0.9217112767511306, 0.4213665644699155, 0.9801359292330867, 0.847018898372532, 0.9319817967907151, 0.7329948137208776, 0.9512984678454524, 0.7862518279314107, 0.838367819309744, 0.9025088565274793, 0.590087036401932, 0.6085788417929707, 0.8207281824554241, 1.3840221200428164, 0.7986269615766769, 1.1207944127189489, 1.3044222321776968, 0.7360034919306815, 0.9242466078501541, 1.006607215456463, 1.288777311060714, 0.9586166439892092, 0.9679800508329117, 0.8570452793431208, 1.0618742023850205, 1.0858981649737347, 0.7960127425211443, 1.0482256548003082, 0.5831298875212364, 0.531410632752741, 0.8291324493195494, 0.8970368886432762, 0.8322709282732889, 0.9641186089102388, 1.216299371744846, 0.9544392688954426, 1.4166423564088952, 0.8763499447545665, 0.9767999879228446, 1.3297752488763344, 1.0541737170442178, 0.8864625514946981, 0.7635489956430688, 0.6915506320187265, 0.6831918244949058, 0.6255532922675249, 0.8488369278126747, 0.8594427656798497, 1.1931018976148187, 1.0313240370815515, 0.8248405189436125, 0.9902703683448129, 0.746580954448665, 0.8331949917868673, 0.8064265748731662, 1.0745598939458656, 0.8746504548930797, 0.9477557860623997, 0.996144856937657, 0.7851490239620162, 0.9023914908119999, 0.8130717823414301]","[0.73052093471004, 0.8691494643136318, 0.9217112767511295, 0.4213665644699128, 0.9801359292330849, 0.8470092445179, 0.9319817967907127, 0.7329948137207973, 0.9512984678434006, 0.7862518279313281, 0.8383678193097404, 0.9025088565274743, 0.5900870364019268, 0.6085788417929674, 0.8207281824554191, 1.3840221196569744, 0.7986269615765441, 1.1207944127189464, 1.3044222321776942, 0.7360034919306793, 0.9242466078501491, 1.006607215456458, 1.288777311060707, 0.9586166439891993, 0.9679800508329031, 0.8570452793431143, 1.0618742023850105, 1.0858981649737287, 0.796012742521137, 1.0482256548002518, 0.5831298272857692, 0.531410632752739, 0.8291323747529331, 0.8970368886432727, 0.8322709282732806, 0.9641186089102265, 1.2162993717448303, 0.9544392688954344, 1.4166423564088868, 0.8763499447545575, 0.9767999879228338, 1.3297752488763257, 1.0541737170442114, 0.8864625514937432, 0.7635489956430666, 0.691550632018716, 0.6831918244949039, 0.6255532919411244, 0.8488369278126707, 0.8594427656798462, 1.1931018976148136, 1.031324037081546, 0.8248383646029349, 0.9902703683448091, 0.7465809544486581, 0.8331949887569409, 0.8064265701407561, 1.0745598939458527, 0.8746504548930764, 0.9477557860623976, 0.9961448569376549, 0.7851466606493859, 0.9023914908119988, 0.8130640996309041]","[6.661338147750939e-16, 2.4361401784744885e-10, 1.1102230246251565e-15, 2.7200464103316335e-15, 1.7763568394002505e-15, 9.653854631919145e-06, 2.4424906541753444e-15, 8.026912468039882e-14, 2.051803171809752e-12, 8.260059303211165e-14, 3.6637359812630166e-15, 4.9960036108132044e-15, 5.218048215738236e-15, 3.3306690738754696e-15, 4.9960036108132044e-15, 3.8584202499691855e-10, 1.3278267374516872e-13, 2.4424906541753444e-15, 2.6645352591003757e-15, 2.220446049250313e-15, 4.9960036108132044e-15, 4.884981308350689e-15, 6.8833827526759706e-15, 9.880984919163893e-15, 8.659739592076221e-15, 6.5503158452884236e-15, 9.992007221626409e-15, 5.995204332975845e-15, 7.327471962526033e-15, 5.639932965095795e-14, 6.02354671697114e-08, 1.9984014443252818e-15, 7.456661632598838e-08, 3.552713678800501e-15, 8.215650382226158e-15, 1.2323475573339238e-14, 1.5765166949677223e-14, 8.215650382226158e-15, 8.43769498715119e-15, 8.992806499463768e-15, 1.0769163338864018e-14, 8.659739592076221e-15, 6.439293542825908e-15, 9.549028234800971e-13, 2.220446049250313e-15, 1.0436096431476471e-14, 1.887379141862766e-15, 3.2640046221388275e-10, 3.9968028886505635e-15, 3.4416913763379853e-15, 5.10702591327572e-15, 5.551115123125783e-15, 2.1543406776292073e-06, 3.774758283725532e-15, 6.8833827526759706e-15, 3.0299264208721866e-09, 4.732410019414601e-09, 1.2878587085651816e-14, 3.3306690738754696e-15, 2.1094237467877974e-15, 2.1094237467877974e-15, 2.3633126303712615e-06, 1.1102230246251565e-15, 7.68271052598024e-06]","[6.661338147750939e-16, 2.4361401784744885e-10, 1.1102230246251565e-15, 2.7200464103316335e-15, 1.7763568394002505e-15, 9.653854631919145e-06, 2.4424906541753444e-15, 8.026912468039882e-14, 2.051803171809752e-12, 8.260059303211165e-14, 3.6637359812630166e-15, 4.9960036108132044e-15, 5.218048215738236e-15, 3.3306690738754696e-15, 4.9960036108132044e-15, 2.787831346113038e-10, 1.3278267374516872e-13, 2.179249491661969e-15, 2.0426938405151283e-15, 2.220446049250313e-15, 4.9960036108132044e-15, 4.852917039875888e-15, 5.341017950580367e-15, 9.880984919163893e-15, 8.659739592076221e-15, 6.5503158452884236e-15, 9.409784322082484e-15, 5.520963683662597e-15, 7.327471962526033e-15, 5.380456907601855e-14, 6.02354671697114e-08, 1.9984014443252818e-15, 7.456661632598838e-08, 3.552713678800501e-15, 8.215650382226158e-15, 1.2323475573339238e-14, 1.2961584389426472e-14, 8.215650382226158e-15, 5.956122199070942e-15, 8.992806499463768e-15, 1.0769163338864018e-14, 6.512182866536084e-15, 6.108379898600535e-15, 9.549028234800971e-13, 2.220446049250313e-15, 1.0436096431476471e-14, 1.887379141862766e-15, 3.2640046221388275e-10, 3.9968028886505635e-15, 3.4416913763379853e-15, 4.280460808490369e-15, 5.382513083700027e-15, 2.1543406776292073e-06, 3.774758283725532e-15, 6.8833827526759706e-15, 3.0299264208721866e-09, 4.732410019414601e-09, 1.1984987675615424e-14, 3.3306690738754696e-15, 2.1094237467877974e-15, 2.1094237467877974e-15, 2.3633126303712615e-06, 1.1102230246251565e-15, 7.68271052598024e-06]",9.653854631919145e-06,2.3003044358205216e-08,"[8.81239525796218e-16, 2.4361431275043977e-10, 9.575673587391975e-16, 2.5326962749261384e-15, 2.130240428499519e-15, 9.65385463245344e-06, 2.4702462297909733e-15, 8.026218578649491e-14, 2.0521917498683706e-12, 8.321121569565548e-14, 3.9621084191310274e-15, 4.6351811278100286e-15, 5.35682609381638e-15, 3.3306690738754696e-15, 5.037636974236648e-15, 3.858423303082503e-10, 1.328520626842078e-13, 3.191891195797325e-15, 2.55351295663786e-15, 2.581268532253489e-15, 5.065392549852277e-15, 4.898859096158503e-15, 6.841749389252527e-15, 9.284240043427872e-15, 8.493206138382448e-15, 6.827871601444713e-15, 1.021405182655144e-14, 6.050715484207103e-15, 6.800116025829084e-15, 5.667688540711424e-14, 6.023546772482291e-08, 1.9359513991901167e-15, 7.456661637456063e-08, 3.747002708109903e-15, 8.021361352916756e-15, 1.2406742300186124e-14, 1.5765166949677223e-14, 8.243405957841787e-15, 8.965050923848139e-15, 8.854028621385623e-15, 1.04638520070921e-14, 8.770761894538737e-15, 6.342149028171207e-15, 9.548195567532503e-13, 2.248201624865942e-15, 1.0560996521746802e-14, 1.9012569296705806e-15, 3.2640079528079013e-10, 4.1494585545365226e-15, 3.2404634531246757e-15, 5.051514762044462e-15, 5.440092820663267e-15, 2.1543406771781792e-06, 4.066191827689636e-15, 7.202571872255703e-15, 3.029926309849884e-09, 4.732410102681328e-09, 1.30069566228741e-14, 3.5388358909926865e-15, 2.4147350785597155e-15, 2.1024848528838902e-15, 2.3633126301075835e-06, 1.2975731600306517e-15, 7.682710524488379e-06]",6.567083637998294e-07,0.0,0.0,0.9999999597683077,True,1800.0,4.9,1e-05,banded ADMM with dual certificate,0.5320610260023386,49.0,49.0,64.0,0.5*sum_train((z-y)^2)+lambda*sum(abs(Bz))
burgers,edmd_weak,EDMD + weak,8,0.2,4,64c42e6c4799925450d49412e23e5d294fab9b02830e127b4aa0953b0f7ed5ec,49,0.04,1.92,8,5,0.7632225452489502,0.8,0.04818706546339458,0.01,0,0.1369560865420778,0.13168111103607646,112,8,0.13416780788244567,241,ok,0.12920490999749745,,,,,,,,,,,,,,,,,,,,,,,,,,,,
burgers,linear_weak,Linear q5 + weak,8,0.2,4,64c42e6c4799925450d49412e23e5d294fab9b02830e127b4aa0953b0f7ed5ec,49,0.04,1.92,0,5,0.9958291738575188,1.0,0.004188294791891718,0.03,1,0.17663395790661865,0.17656563601355807,112,8,0.16425086987741075,241,ok,0.04435811400253442,,,,,,,,,,,,,,,,,,,,,,,,,,,,
burgers,pod_tv_weak,POD + TV states + weak,8,0.2,4,64c42e6c4799925450d49412e23e5d294fab9b02830e127b4aa0953b0f7ed5ec,49,0.04,1.92,8,1,0.9966904308664039,1.0,0.00332055875234932,0.03,1,0.10779023024353929,0.1074143258089113,112,8,0.06868033603834073,49,ok,0.52941983999699,1.0,0.0438678120356954,0.0,0.0,0.0,3.0,64.0,"[1.1088773252038138, 1.2433051287185266, 1.5159370110810002, 3.6140430509582946, 2.4046223539751033, 1.9380103637806791, 2.9213447890725774, 2.7552506422788348]","[1.1088773252037711, 1.2433051287184664, 1.515937011080986, 3.614043050958289, 2.4046223539750904, 1.9380103637806705, 2.921344789072574, 2.7552231095973894]","[4.263256414560601e-14, 6.017408793468348e-14, 1.4210854715202004e-14, 5.773159728050814e-15, 1.2878587085651816e-14, 8.659739592076221e-15, 3.552713678800501e-15, 2.753268144539689e-05]","[3.8446601059111805e-14, 4.8398487663848744e-14, 9.374304216682709e-15, 1.5974241719450494e-15, 5.355762855802328e-15, 4.46836598705425e-15, 1.2161226884582702e-15, 9.992804655559372e-06]",9.992804655559372e-06,8.770761894538737e-14,"[4.390932062392494e-14, 5.950795411990839e-14, 1.454392162258955e-14, 4.9404924595819466e-15, 1.4099832412739488e-14, 7.882583474838611e-15, 1.7486012637846216e-15, 2.753268144595894e-05]",1.8470862134245536e-06,0.0,0.0,0.9999999999998685,True,950.0,4.9,1e-05,banded ADMM with dual certificate,0.06629540900030406,49.0,49.0,8.0,0.5*sum_train((z-y)^2)+lambda*sum(abs(Bz))
burgers,pod_weak,POD only + weak,8,0.2,4,64c42e6c4799925450d49412e23e5d294fab9b02830e127b4aa0953b0f7ed5ec,49,0.04,1.92,8,1,0.7645575770096382,0.8,0.04635677423927361,0.01,0,0.13473699646278642,0.12986143344677517,112,8,0.12432823254094104,49,ok,0.043712792998121586,,,,,,,,,,,,,,,,,,,,,,,,,,,,
burgers,raw_weak,Raw + weak,8,0.2,4,64c42e6c4799925450d49412e23e5d294fab9b02830e127b4aa0953b0f7ed5ec,49,0.04,1.92,0,1,0.9953795161825889,1.0,0.004641931788119684,0.03,1,0.17605210515622938,0.1759787700546918,112,8,0.19846522073706943,49,ok,0.044651186999544734,,,,,,,,,,,,,,,,,,,,,,,,,,,,
burgers,tv_weak,TV states + weak,8,0.2,4,64c42e6c4799925450d49412e23e5d294fab9b02830e127b4aa0953b0f7ed5ec,49,0.04,1.92,0,1,0.9934882123296452,1.0,0.006554468980648651,0.03,1,0.10143942151657476,0.10117522813889045,112,8,0.06522915733267377,49,ok,1.2840285819984274,1.0,0.04871039471561478,0.0,0.0,0.0,3.0,8.0,"[0.9613885424143492, 0.9163732103930213, 0.936763845426579, 0.8437569709656623, 1.136661188006381, 0.7608861785434016, 1.205672266253862, 0.867585436269617, 0.6600121425266315, 1.0709850900570956, 0.6643098059723649, 0.78216239263954, 0.884531947744747, 0.8302403262645441, 0.829886524989706, 0.7190156860304484, 0.9994396143394418, 0.9040966720633106, 0.6389069264851551, 0.8461950484490924, 1.2776832993459144, 0.846721773055932, 0.8402795180099865, 1.1123059307382273, 0.9553635849366252, 0.9668490442853164, 0.6802128167358974, 0.9832434928088186, 1.0669076042275383, 1.0224157184122262, 1.3057923171924593, 0.7719014965856894, 0.758150368886484, 0.8032577996238724, 1.0409850393916702, 1.41462416997908, 1.2316585764463308, 0.8012321831535998, 1.0689755089337465, 0.9967565333078949, 0.9167430021088745, 0.9517729173580975, 0.7045309804983941, 0.8039053666913608, 0.7639277510453523, 0.9201936599564862, 0.618430670330997, 0.7984682564613936, 0.7799708267169148, 0.8267202653198432, 0.8192552648538926, 0.6896465806722356, 0.8990224578069161, 0.8598712133500014, 0.7852223781669755, 0.6872542089258242, 0.8481998883109259, 0.5737439610401958, 0.6122768042384629, 0.9499273803730552, 1.0899042502722933, 0.7235440399574794, 0.9633835227856957, 0.7858255170930383]","[0.9613885422411176, 0.916373210393021, 0.9367638454218317, 0.8437569709656602, 1.1366611880063786, 0.760886178543398, 1.2056722662538584, 0.8675827559305503, 0.6600121097507807, 1.0709844843179748, 0.6643098059723594, 0.7821623926395362, 0.884531947744744, 0.8302403262645401, 0.8298770986693643, 0.7190156860304466, 0.9994396143394388, 0.9040966720633082, 0.6389069264851507, 0.8461950484490897, 1.2776832993399454, 0.8467217730559256, 0.8402795180099792, 1.1123059307382168, 0.9553635849107933, 0.9668490442853104, 0.6802128167358861, 0.9832434928088095, 1.0669076042261711, 1.0224157184122147, 1.3057923171924548, 0.7719014965856872, 0.7581503688864824, 0.8032577996238697, 1.040985039391664, 1.414624169979068, 1.2316585764463157, 0.8012321831535939, 1.0689755089337312, 0.9967565333078791, 0.9167430021088651, 0.9517729173580877, 0.704530940685068, 0.8039053666913566, 0.7639277510453483, 0.9201936599564842, 0.618430670330614, 0.7984682564613899, 0.7799708267169108, 0.826720265319839, 0.819255264853888, 0.689646579805556, 0.8990224578069109, 0.8598712133499962, 0.7852223781669706, 0.6872542089258202, 0.8481998883091388, 0.5737439610313353, 0.6122768042384586, 0.9499273803578259, 1.089904250254211, 0.7235440399574777, 0.963383522785695, 0.7858255170930374]","[1.7323165124594198e-10, 3.3306690738754696e-16, 4.747313653297169e-12, 2.1094237467877974e-15, 2.4424906541753444e-15, 3.552713678800501e-15, 3.552713678800501e-15, 2.680339066696291e-06, 3.277585081118417e-08, 6.057391208624807e-07, 5.440092820663267e-15, 3.774758283725532e-15, 2.9976021664879227e-15, 3.9968028886505635e-15, 9.426320341732186e-06, 1.7763568394002505e-15, 2.9976021664879227e-15, 2.3314683517128287e-15, 4.440892098500626e-15, 2.7755575615628914e-15, 5.969003069594692e-12, 6.439293542825908e-15, 7.216449660063518e-15, 1.0436096431476471e-14, 2.5831892180860905e-11, 5.995204332975845e-15, 1.1324274851176597e-14, 9.103828801926284e-15, 1.3671286325234178e-12, 1.1546319456101628e-14, 4.440892098500626e-15, 2.220446049250313e-15, 1.6653345369377348e-15, 2.7755575615628914e-15, 6.217248937900877e-15, 1.199040866595169e-14, 1.509903313490213e-14, 5.88418203051333e-15, 1.532107773982716e-14, 1.587618925213974e-14, 9.43689570931383e-15, 9.880984919163893e-15, 3.981332608038457e-08, 4.218847493575595e-15, 3.9968028886505635e-15, 1.9984014443252818e-15, 3.829159211932165e-13, 3.774758283725532e-15, 3.9968028886505635e-15, 4.218847493575595e-15, 4.551914400963142e-15, 8.666796169620739e-10, 5.218048215738236e-15, 5.218048215738236e-15, 4.884981308350689e-15, 3.9968028886505635e-15, 1.787014980436652e-12, 8.86046791492845e-12, 4.218847493575595e-15, 1.5229373317993122e-11, 1.808242444667485e-11, 1.6653345369377348e-15, 7.771561172376096e-16, 8.881784197001252e-16]","[1.7323165124594198e-10, 3.3306690738754696e-16, 4.747313653297169e-12, 2.1094237467877974e-15, 2.1488291145572506e-15, 3.552713678800501e-15, 2.9466661697702637e-15, 2.680339066696291e-06, 3.277585081118417e-08, 5.655906197818197e-07, 5.440092820663267e-15, 3.774758283725532e-15, 2.9976021664879227e-15, 3.9968028886505635e-15, 9.426320341732186e-06, 1.7763568394002505e-15, 2.9976021664879227e-15, 2.3314683517128287e-15, 4.440892098500626e-15, 2.7755575615628914e-15, 4.6717391333598935e-12, 6.439293542825908e-15, 7.216449660063518e-15, 9.382397542868561e-15, 2.5831892180860905e-11, 5.995204332975845e-15, 1.1324274851176597e-14, 9.103828801926284e-15, 1.2813936531207361e-12, 1.129317482915133e-14, 3.4009176191577242e-15, 2.220446049250313e-15, 1.6653345369377348e-15, 2.7755575615628914e-15, 5.972467137024473e-15, 8.476038314917954e-15, 1.2259106073427375e-14, 5.88418203051333e-15, 1.4332487144732835e-14, 1.587618925213974e-14, 9.43689570931383e-15, 9.880984919163893e-15, 3.981332608038457e-08, 4.218847493575595e-15, 3.9968028886505635e-15, 1.9984014443252818e-15, 3.829159211932165e-13, 3.774758283725532e-15, 3.9968028886505635e-15, 4.218847493575595e-15, 4.551914400963142e-15, 8.666796169620739e-10, 5.218048215738236e-15, 5.218048215738236e-15, 4.884981308350689e-15, 3.9968028886505635e-15, 1.787014980436652e-12, 8.86046791492845e-12, 4.218847493575595e-15, 1.5229373317993122e-11, 1.6590837628312098e-11, 1.6653345369377348e-15, 7.771561172376096e-16, 8.881784197001252e-16]",9.426320341732186e-06,3.251816582672262e-08,"[1.732316720626237e-10, 8.881784197001252e-16, 4.746824461276944e-12, 2.525757381022231e-15, 2.9906632725840154e-15, 3.3584246494910985e-15, 3.3306690738754696e-15, 2.6803390599516863e-06, 3.2775850852817534e-08, 6.05739120841664e-07, 5.23192600354605e-15, 3.462508058049707e-15, 3.372302437298913e-15, 3.573530360512223e-15, 9.426320341881372e-06, 1.6792123247455493e-15, 2.886579864025407e-15, 2.1510571102112408e-15, 4.468647674116255e-15, 2.67841304690819e-15, 5.969558181107004e-12, 6.0923488476305465e-15, 7.480127628411992e-15, 1.0408340855860843e-14, 2.5831947692012136e-11, 6.439293542825908e-15, 1.1463052729254741e-14, 9.409140133698202e-15, 1.3668233211916458e-12, 1.1282641487753153e-14, 4.669875597329565e-15, 1.949829186997931e-15, 1.4779844015322396e-15, 2.9976021664879227e-15, 6.480926906249351e-15, 1.2378986724570495e-14, 1.5404344466674047e-14, 5.440092820663267e-15, 1.5709655798445965e-14, 1.479372180313021e-14, 9.298117831235686e-15, 1.0158540675320182e-14, 3.981332602487342e-08, 3.913536161803677e-15, 4.5102810375396984e-15, 1.915134717478395e-15, 3.832351103127962e-13, 3.4555691641457997e-15, 3.747002708109903e-15, 4.135580766728708e-15, 4.801714581503802e-15, 8.666796169620739e-10, 5.2735593669694936e-15, 5.447031714567174e-15, 5.079270337660091e-15, 3.941291737419306e-15, 1.7871398805269223e-12, 8.860426281565026e-12, 3.7539416020138106e-15, 1.522949127918949e-11, 1.8082535468977312e-11, 1.734723475976807e-15, 9.645062526431047e-16, 6.730727086790012e-16]",7.185485431104865e-07,0.0,0.0,0.9999999115633005,True,2000.0,4.9,1e-05,banded ADMM with dual certificate,0.5882047760023852,49.0,49.0,64.0,0.5*sum_train((z-y)^2)+lambda*sum(abs(Bz))
burgers,edmd_weak,EDMD + weak,32,0.05,0,60decb82570bd376a1ca28f63c29cd615f5e31e8d4b8bd973c351a187ef6249d,13,0.16,1.92,8,5,0.990256768797019,1.0,0.009839095788072441,0.01,1,0.05903433635280754,0.057830329823161025,112,8,0.042041967846757636,61,ok,0.04181564099781099,,,,,,,,,,,,,,,,,,,,,,,,,,,,
burgers,linear_weak,Linear q5 + weak,32,0.05,0,60decb82570bd376a1ca28f63c29cd615f5e31e8d4b8bd973c351a187ef6249d,13,0.16,1.92,0,5,0.9905282680404242,1.0,0.009562303535581016,0.01,1,0.05532276569432612,0.05438697429731436,112,8,0.03905685697545386,61,ok,0.047129951999522746,,,,,,,,,,,,,,,,,,,,,,,,,,,,
burgers,pod_tv_weak,POD + TV states + weak,32,0.05,0,60decb82570bd376a1ca28f63c29cd615f5e31e8d4b8bd973c351a187ef6249d,13,0.16,1.92,8,1,0.9898701504333793,1.0,0.010233513519107193,0.01,1,0.051454125982714656,0.05021745423482811,112,8,0.03916764761695541,13,ok,0.15722754899979918,0.01,0.004206885028919629,0.0,0.0,0.0,3.0,64.0,"[0.014858804003398658, 0.020883433402809515, 0.020444255310921314, 0.024149260285827704, 0.01975794747156565, 0.028163438999454053, 0.028639418688709742, 0.02947618188250877]","[0.014858753644259426, 0.02088109546351284, 0.020441821590597018, 0.024149123977628136, 0.01975786182614445, 0.028163344618951387, 0.028639378752671904, 0.02947616821991673]","[5.035913923194524e-08, 2.3379392966732526e-06, 2.43372032429634e-06, 1.3630819956783613e-07, 8.564542119948726e-08, 9.438050266666331e-08, 3.993603783780664e-08, 1.36625920403588e-08]","[5.035913923194524e-08, 2.3379392966732526e-06, 2.43372032429634e-06, 1.3630819956783613e-07, 8.564542119948726e-08, 9.438050266666331e-08, 3.993603783780664e-08, 1.36625920403588e-08]",2.43372032429634e-06,7.898805254313856e-07,"[5.035913093476285e-08, 2.3379381124295773e-06, 2.433720066870315e-06, 1.3630815921469863e-07, 8.564540238814589e-08, 9.438043726064937e-08, 3.9936030895443286e-08, 1.3662591516472311e-08]",0.0005090803039083935,0.0,0.0,0.9999643129147169,True,50.0,0.026000000000000002,1e-05,banded ADMM with dual certificate,0.005790401999547612,13.0,13.0,8.0,0.5*sum_train((z-y)^2)+lambda*sum(abs(Bz))
burgers,pod_weak,POD only + weak,32,0.05,0,60decb82570bd376a1ca28f63c29cd615f5e31e8d4b8bd973c351a187ef6249d,13,0.16,1.92,8,1,0.9900510438005591,1.0,0.010048932589626136,0.01,1,0.054002191668101183,0.05276228801184596,112,8,0.042477318402353574,13,ok,0.03858046499954071,,,,,,,,,,,,,,,,,,,,,,,,,,,,
burgers,raw_weak,Raw + weak,32,0.05,0,60decb82570bd376a1ca28f63c29cd615f5e31e8d4b8bd973c351a187ef6249d,13,0.16,1.92,0,1,0.9909878995777724,1.0,0.009094056976949405,0.01,1,0.05562567591857798,0.05458556661962417,112,8,0.04737090549205744,13,ok,0.048013728999649175,,,,,,,,,,,,,,,,,,,,,,,,,,,,
burgers,tv_weak,TV states + weak,32,0.05,0,60decb82570bd376a1ca28f63c29cd615f5e31e8d4b8bd973c351a187ef6249d,13,0.16,1.92,0,1,0.9910078267820472,1.0,0.009073766094412886,0.01,1,0.05517252688457801,0.05416113898804232,112,8,0.045891402665003425,13,ok,0.1620352140016621,0.001,0.004825093831689726,0.0,0.0,0.0,3.0,8.0,"[0.001163756714161292, 0.000777625527616325, 0.00043462743000275355, 0.00118635722796346, 0.0011263395460787157, 0.0009138987833235492, 0.0011992718811849575, 0.0006169175386400642, 0.0007037143328594065, 0.001248663799542735, 0.000689591162644122, 0.0007544559904113317, 0.0009555199948054873, 0.001473016121416225, 0.0012970844392165618, 0.0008062430323755285, 0.0009199813471101855, 0.0005871777429025368, 0.0009905930347797278, 0.0009935802945890766, 0.0013572808164492125, 0.0015456184137914906, 0.0017959754561794221, 0.0009488093388794646, 0.0009446973298482246, 0.0016714855572074728, 0.0016104880888816208, 0.0009888640206519455, 0.0013760069402557478, 0.0016448603429309624, 0.0014521289925488326, 0.0009943496105846031, 0.0011001629286048554, 0.0011308350335923645, 0.0010886491031559362, 0.001105140493202062, 0.0013498923131536058, 0.0011255699194418077, 0.0009574077034152164, 0.0013795709370781652, 0.0013640696768667338, 0.000966513753351022, 0.001189877965337864, 0.0009806770673576792, 0.0009979239802292215, 0.0012185974052420405, 0.0012303299063176742, 0.000970623242802148, 0.0015317085280426735, 0.0012947253676236531, 0.0011850439643674893, 0.0006739307411108162, 0.0007592898877479032, 0.001054862439823382, 0.0009942684281582183, 0.0006874406356477046, 0.0014757687572169705, 0.0012527284990236846, 0.0009521000630620764, 0.000977332533229873, 0.0007180046357058941, 0.0014768378143694772, 0.0008530473797430981, 0.0014739828722841678]","[0.0011618601057308178, 0.0007751942421100803, 0.0004341934752009163, 0.0011843122702923634, 0.0011254187479267915, 0.0009122816667235846, 0.0011968384015870785, 0.0006157885067490537, 0.0007026294096166048, 0.0012469145482770522, 0.0006885562932595357, 0.0007538563980144838, 0.0009543722165446318, 0.00147225643686595, 0.0012961530254067622, 0.0008047056933349115, 0.000918433993285417, 0.0005864271646094865, 0.000988993264830592, 0.0009922364275376382, 0.0013543145724549286, 0.0015416518918599054, 0.0017928816405121356, 0.0009477060928675016, 0.0009441047969926065, 0.0016688342686184696, 0.0016075171487794312, 0.0009884159907348553, 0.001375026338358279, 0.0016427200212152707, 0.0014507708264169176, 0.000993571686022733, 0.0010985094558219619, 0.0011291433111019085, 0.0010875628644852577, 0.0011033696453653407, 0.0013477855276220914, 0.0011241330899832628, 0.0009553012089157198, 0.0013754630337123371, 0.001362201350594569, 0.0009651033647890548, 0.0011866750499680918, 0.0009796581088367148, 0.0009966385566625017, 0.001215466172652543, 0.0012275715998001434, 0.0009701165393569656, 0.0015257573092842427, 0.0012928253982079415, 0.0011834685036675764, 0.0006736127435431204, 0.0007584258704316804, 0.0010532135262910991, 0.0009933238601287926, 0.00068662938775311, 0.001474464513995809, 0.001250120490799245, 0.0009504973538508632, 0.0009756556962200893, 0.0007169921909606833, 0.0014744180572161091, 0.0008520056744872349, 0.0014721439404825607]","[1.8966084304741174e-06, 2.431285506244627e-06, 4.339548018372449e-07, 2.044957671096595e-06, 9.207981519242844e-07, 1.6171165999645824e-06, 2.4334795978790246e-06, 1.1290318910105526e-06, 1.0849232428016995e-06, 1.7492512656828475e-06, 1.0348693845863661e-06, 5.995923968479377e-07, 1.147778260855454e-06, 7.596845502748882e-07, 9.314138097995996e-07, 1.5373390406170015e-06, 1.5473538247684927e-06, 7.50578293050373e-07, 1.5997699491358298e-06, 1.3438670514384632e-06, 2.9662439942838414e-06, 3.966521931585186e-06, 3.093815667286554e-06, 1.103246011962991e-06, 5.92532855618025e-07, 2.651288589003171e-06, 2.970940102189597e-06, 4.480299170901876e-07, 9.806018974687497e-07, 2.140321715691715e-06, 1.3581661319149972e-06, 7.779245618701885e-07, 1.6534727828934614e-06, 1.6917224904559793e-06, 1.0862386706784587e-06, 1.7708478367212989e-06, 2.1067855315143845e-06, 1.4368294585448763e-06, 2.106494499496672e-06, 4.1079033658280445e-06, 1.8683262721648063e-06, 1.41038856196719e-06, 3.2029153697722777e-06, 1.0189585209644057e-06, 1.2854235667198507e-06, 3.1312325894975422e-06, 2.7583065175308154e-06, 5.067034451823648e-07, 5.951218758430774e-06, 1.8999694157116349e-06, 1.575460699912868e-06, 3.1799756769577015e-07, 8.640173162228343e-07, 1.6489135322829505e-06, 9.445680294256978e-07, 8.112478945945844e-07, 1.304243221161459e-06, 2.6080082244396563e-06, 1.6027092112131562e-06, 1.6768370097837914e-06, 1.0124447452108162e-06, 2.41975715336803e-06, 1.0417052558631687e-06, 1.8389318016071108e-06]","[1.8966084304741174e-06, 2.431285506244627e-06, 4.339548018372449e-07, 2.044957671096595e-06, 9.207981519242844e-07, 1.6171165999645824e-06, 2.4334795978790246e-06, 1.1290318910105526e-06, 1.0849232428016995e-06, 1.7492512656828475e-06, 1.0348693845863661e-06, 5.995923968479377e-07, 1.147778260855454e-06, 7.596845502748882e-07, 9.314138097995996e-07, 1.5373390406170015e-06, 1.5473538247684927e-06, 7.50578293050373e-07, 1.5997699491358298e-06, 1.3438670514384632e-06, 2.9662439942838414e-06, 3.966521931585186e-06, 3.093815667286554e-06, 1.103246011962991e-06, 5.92532855618025e-07, 2.651288589003171e-06, 2.970940102189597e-06, 4.480299170901876e-07, 9.806018974687497e-07, 2.140321715691715e-06, 1.3581661319149972e-06, 7.779245618701885e-07, 1.6534727828934614e-06, 1.6917224904559793e-06, 1.0862386706784587e-06, 1.7708478367212989e-06, 2.1067855315143845e-06, 1.4368294585448763e-06, 2.106494499496672e-06, 4.1079033658280445e-06, 1.8683262721648063e-06, 1.41038856196719e-06, 3.2029153697722777e-06, 1.0189585209644057e-06, 1.2854235667198507e-06, 3.1312325894975422e-06, 2.7583065175308154e-06, 5.067034451823648e-07, 5.951218758430774e-06, 1.8999694157116349e-06, 1.575460699912868e-06, 3.1799756769577015e-07, 8.640173162228343e-07, 1.6489135322829505e-06, 9.445680294256978e-07, 8.112478945945844e-07, 1.304243221161459e-06, 2.6080082244396563e-06, 1.6027092112131562e-06, 1.6768370097837914e-06, 1.0124447452108162e-06, 2.41975715336803e-06, 1.0417052558631687e-06, 1.8389318016071108e-06]",5.951218758430774e-06,2.0464975152493896e-05,"[1.8964420687153302e-06, 2.431089041091128e-06, 4.339365419574171e-07, 2.0448073951367333e-06, 9.207491583401381e-07, 1.6169285830733553e-06, 2.433252492302059e-06, 1.1289799182530747e-06, 1.0848652193860917e-06, 1.749069465984722e-06, 1.0348006127052726e-06, 5.995768140263378e-07, 1.1477374863645739e-06, 7.596665029653647e-07, 9.313788391217704e-07, 1.5372493640953677e-06, 1.5471617211664781e-06, 7.50571745158587e-07, 1.5996225425271007e-06, 1.3437944116370627e-06, 2.965985326034695e-06, 3.966104333779676e-06, 3.0936196927181664e-06, 1.1031398005787937e-06, 5.925174537014122e-07, 2.651176600643179e-06, 2.9708663500599766e-06, 4.4802182958534643e-07, 9.805721817807232e-07, 2.1402100755199983e-06, 1.3581058458669252e-06, 7.779131753790462e-07, 1.653339507461972e-06, 1.6915808603253958e-06, 1.0861693142424998e-06, 1.7704261781709921e-06, 2.1066208891198316e-06, 1.4367896991878282e-06, 2.106369800171262e-06, 4.106258707057761e-06, 1.8681709258686497e-06, 1.4103531470701551e-06, 3.2025491961259686e-06, 1.0188181259646349e-06, 1.2853620119157366e-06, 3.1304734740141785e-06, 2.757714294685616e-06, 5.066968555595287e-07, 5.9496506338492e-06, 1.8998111662889543e-06, 1.5753525604137765e-06, 3.1798864375432324e-07, 8.639902452947613e-07, 1.6487626266820012e-06, 9.445214615779211e-07, 8.111990571540908e-07, 1.304159620830591e-06, 2.607702157779142e-06, 1.6025721595830204e-06, 1.6767036187173697e-06, 1.0122449785456922e-06, 2.4195975937746275e-06, 1.041638555060627e-06, 1.8388613639527037e-06]",0.0006808818815858195,0.0,0.0,0.9948875277900633,True,25.0,0.01,1e-05,banded ADMM with dual certificate,0.004992368001694558,13.0,13.0,64.0,0.5*sum_train((z-y)^2)+lambda*sum(abs(Bz))
burgers,edmd_weak,EDMD + weak,32,0.05,1,115092cc938b24473a4b39ac1b1c609d2775ba3b48403a6ef7231f7be682169d,13,0.16,1.92,8,5,0.9904109256373997,1.0,0.00968191496517362,0.03,1,0.09104508964798279,0.09035361488570083,112,8,0.04505481013567776,61,ok,0.06618887900185655,,,,,,,,,,,,,,,,,,,,,,,,,,,,
burgers,linear_weak,Linear q5 + weak,32,0.05,1,115092cc938b24473a4b39ac1b1c609d2775ba3b48403a6ef7231f7be682169d,13,0.16,1.92,0,5,0.9911655134683315,1.0,0.008913230345106106,0.03,1,0.08545538398713447,0.0849542894630262,112,8,0.03993496432848773,61,ok,0.04450708199874498,,,,,,,,,,,,,,,,,,,,,,,,,,,,
burgers,pod_tv_weak,POD + TV states + weak,32,0.05,1,115092cc938b24473a4b39ac1b1c609d2775ba3b48403a6ef7231f7be682169d,13,0.16,1.92,8,1,0.9907978975884713,1.0,0.009287567559363925,0.03,1,0.07905797407196935,0.07836562497788205,112,8,0.04011234437261819,13,ok,0.21167119600067963,0.01,0.004275927374297141,0.0,0.0,0.0,3.0,64.0,"[0.013763609507058064, 0.018667982363650856, 0.023068474532022754, 0.020424357611684398, 0.028046694584192507, 0.03309843641948075, 0.03027311182989177, 0.019362918838896192]","[0.01376354760640948, 0.018663591908279265, 0.02306837135194119, 0.020424069199599583, 0.02804647825969748, 0.0330983683746584, 0.030272999934089512, 0.019362836747657777]","[6.190064858434263e-08, 4.390455371591079e-06, 1.0318008156554037e-07, 2.884120848152538e-07, 2.1632449502886897e-07, 6.804482235306386e-08, 1.1189580225584583e-07, 8.209123841459998e-08]","[6.190064858434263e-08, 4.390455371591079e-06, 1.0318008156554037e-07, 2.884120848152538e-07, 2.1632449502886897e-07, 6.804482235306386e-08, 1.1189580225584583e-07, 8.209123841459998e-08]",4.390455371591079e-06,1.4814991217276807e-06,"[6.190064735268896e-08, 4.3904522287231684e-06, 1.0318005912862693e-07, 2.8841190696446417e-07, 2.1632435661875227e-07, 6.804480499195131e-08, 1.1189568396158256e-07, 8.209123421309972e-08]",0.0002515897108354981,0.0,0.0,0.9999468243328433,True,50.0,0.026000000000000002,1e-05,banded ADMM with dual certificate,0.005943439002294326,13.0,13.0,8.0,0.5*sum_train((z-y)^2)+lambda*sum(abs(Bz))
burgers,pod_weak,POD only + weak,32,0.05,1,115092cc938b24473a4b39ac1b1c609d2775ba3b48403a6ef7231f7be682169d,13,0.16,1.92,8,1,0.9903450816710436,1.0,0.009749044557948644,0.03,1,0.08136744125460998,0.08063013917894676,112,8,0.043284874245510495,13,ok,0.03867779400025029,,,,,,,,,,,,,,,,,,,,,,,,,,,,
burgers,raw_weak,Raw + weak,32,0.05,1,115092cc938b24473a4b39ac1b1c609d2775ba3b48403a6ef7231f7be682169d,13,0.16,1.92,0,1,0.9904242275029042,1.0,0.0096683544598244,0.03,1,0.08568462241007069,0.08501617238170112,112,8,0.04796926194678141,13,ok,0.024151405999873532,,,,,,,,,,,,,,,,,,,,,,,,,,,,
burgers,tv_weak,TV states + weak,32,0.05,1,115092cc938b24473a4b39ac1b1c609d2775ba3b48403a6ef7231f7be682169d,13,0.16,1.92,0,1,0.9899343136553638,1.0,0.010168034591576485,0.03,1,0.07296378989300549,0.07219265991972547,112,8,0.03781201702947333,13,ok,0.19906647800235078,0.01,0.004947773579547427,0.0,0.0,0.0,3.0,8.0,"[0.002749783199836501, 0.005495596727956233, 0.008183157600800158, 0.005861631640844894, 0.007620186211385359, 0.007286037392180195, 0.010333604028391397, 0.006185862051740383, 0.0054739982474681145, 0.007809917325361697, 0.006705185610796478, 0.011841941316280712, 0.005038104663613782, 0.008923899618080575, 0.010072711583336582, 0.005905496446700699, 0.009889576563235475, 0.007754448866564028, 0.00955403394631258, 0.007809309210685376, 0.010974216462218772, 0.004957176687523163, 0.0056572529094054925, 0.007578427555097974, 0.008329288085470652, 0.00619352993714215, 0.010800887469604887, 0.013184412275882119, 0.009999890811491628, 0.007718190656247202, 0.01042074993621555, 0.009026888960999771, 0.008641082618507469, 0.008902422166436823, 0.01332651582004934, 0.011002827495170913, 0.012722361778490173, 0.012541797582670591, 0.009088304508927107, 0.020288483735100508, 0.01374001906267532, 0.007169514544855259, 0.009689777211585319, 0.005806871418603944, 0.011427543556968841, 0.010999652615372738, 0.00589836596706007, 0.005767991999838452, 0.008869254919295688, 0.007649071750367466, 0.009079458730852603, 0.007778586098427401, 0.006939495722903637, 0.005121985966165426, 0.004513243611426042, 0.008182988628107696, 0.007270309893812063, 0.008334856042900664, 0.00641297838739101, 0.009731657563451323, 0.008150053924304148, 0.005888250772087126, 0.004590568925060845, 0.007000407304113072]","[0.0027490475216908985, 0.005495412580599989, 0.00818308564231168, 0.005861575806113666, 0.007620129426138526, 0.007283901370706423, 0.01033360393022309, 0.006185862051009652, 0.005473307643032702, 0.007809806625061679, 0.006705185543889207, 0.011841912470670974, 0.005034029697378421, 0.008923897244508521, 0.010072711352033546, 0.0059025310476268035, 0.009889576537299789, 0.00775440331788755, 0.009554033944852262, 0.007809259359566627, 0.010974206652873564, 0.004957038628300968, 0.005657201700266137, 0.007578373043735454, 0.00832928793796203, 0.006193529834848849, 0.01080085108467373, 0.013184412144872149, 0.009999890762170638, 0.007718166341221917, 0.01042074820305656, 0.009026880200690708, 0.008641082616650631, 0.0089024220309481, 0.013326515671995533, 0.010996184089949103, 0.01272236164796805, 0.012541797462172636, 0.009086474971910449, 0.02028848359319007, 0.013740018826093168, 0.007169410982981813, 0.009689484159848136, 0.0058068714142762625, 0.011427529268737711, 0.010997455253910177, 0.005898282676047184, 0.00576799199822559, 0.0088692548787043, 0.007649071742025655, 0.00907945872331103, 0.007778586080535379, 0.006939461916546361, 0.005121926526682581, 0.00451316611091537, 0.008182988581840304, 0.007270309610521407, 0.00833485600908641, 0.006412907213866118, 0.0097316575499631, 0.008150053817358208, 0.005886761144770551, 0.00459056891851288, 0.007000407301834853]","[7.356781456025786e-07, 1.8414735624382172e-07, 7.195848847861563e-08, 5.58347312273888e-08, 5.678524683284947e-08, 2.1360214737722177e-06, 9.816830681685929e-11, 7.307314475735183e-13, 6.906044354125507e-07, 1.107003000178422e-07, 6.690727138991548e-11, 2.884560973762107e-08, 4.074966235360564e-06, 2.3735720541817606e-09, 2.313030357525836e-10, 2.965399073895196e-06, 2.5935685890599025e-11, 4.5548676478116e-08, 1.4603179776528918e-12, 4.985111874862558e-08, 9.809345207639764e-09, 1.380592221950777e-07, 5.120913935518362e-08, 5.4511362520236195e-08, 1.47508621636816e-10, 1.0229330143357585e-10, 3.63849311565273e-08, 1.3100997023340888e-10, 4.932099000043433e-11, 2.4315025284882275e-08, 1.7331589895891453e-09, 8.760309063229887e-09, 1.8568376003447185e-12, 1.354887226717727e-10, 1.4805380706139903e-10, 6.643405221809853e-06, 1.305221226238773e-10, 1.2049795536372976e-10, 1.8295370166586389e-06, 1.4191043826161653e-10, 2.365821531735701e-10, 1.0356187344576911e-07, 2.9305173718241484e-07, 4.327681442373166e-12, 1.4288231129505613e-08, 2.1973614625601934e-06, 8.329101288621216e-08, 1.6128617538746504e-12, 4.0591387889810093e-11, 8.341811616463524e-12, 7.541573268654567e-12, 1.7892022065313373e-11, 3.380635727606718e-08, 5.94394828452513e-08, 7.750051067220709e-08, 4.626739269486535e-11, 2.832906565580773e-10, 3.381425348059075e-11, 7.11735248914297e-08, 1.3488222691537821e-11, 1.0694593995108637e-10, 1.4896273165749055e-06, 6.547965294978475e-12, 2.2782184125325067e-12]","[7.356781456025786e-07, 1.8414735624382172e-07, 7.195848847861563e-08, 5.58347312273888e-08, 5.678524683284947e-08, 2.1360214737722177e-06, 9.816830681685929e-11, 7.307314475735183e-13, 6.906044354125507e-07, 1.107003000178422e-07, 6.690727138991548e-11, 2.884560973762107e-08, 4.074966235360564e-06, 2.3735720541817606e-09, 2.313030357525836e-10, 2.965399073895196e-06, 2.5935685890599025e-11, 4.5548676478116e-08, 1.4603179776528918e-12, 4.985111874862558e-08, 9.809345207639764e-09, 1.380592221950777e-07, 5.120913935518362e-08, 5.4511362520236195e-08, 1.47508621636816e-10, 1.0229330143357585e-10, 3.63849311565273e-08, 1.3100997023340888e-10, 4.932099000043433e-11, 2.4315025284882275e-08, 1.7331589895891453e-09, 8.760309063229887e-09, 1.8568376003447185e-12, 1.354887226717727e-10, 1.4805380706139903e-10, 6.643405221809853e-06, 1.305221226238773e-10, 1.2049795536372976e-10, 1.8295370166586389e-06, 1.4191043826161653e-10, 2.365821531735701e-10, 1.0356187344576911e-07, 2.9305173718241484e-07, 4.327681442373166e-12, 1.4288231129505613e-08, 2.1973614625601934e-06, 8.329101288621216e-08, 1.6128617538746504e-12, 4.0591387889810093e-11, 8.341811616463524e-12, 7.541573268654567e-12, 1.7892022065313373e-11, 3.380635727606718e-08, 5.94394828452513e-08, 7.750051067220709e-08, 4.626739269486535e-11, 2.832906565580773e-10, 3.381425348059075e-11, 7.11735248914297e-08, 1.3488222691537821e-11, 1.0694593995108637e-10, 1.4896273165749055e-06, 6.547965294978475e-12, 2.2782184125325067e-12]",6.643405221809853e-06,3.5426471330854414e-06,"[7.356778935179841e-07, 1.8414719512964417e-07, 7.195840311113866e-08, 5.5834727850315874e-08, 5.6785242693799254e-08, 2.1360104255786078e-06, 9.816830508213581e-11, 7.307310138926493e-13, 6.90604333503618e-07, 1.1070026099610497e-07, 6.690727225727722e-11, 2.8845597049853566e-08, 4.074941346863051e-06, 2.3735717063697037e-09, 2.313030314157749e-10, 2.965381295160982e-06, 2.5935691094769453e-11, 4.554866591104795e-08, 1.4603188450146298e-12, 4.9851114290386245e-08, 9.809344878909665e-09, 1.3805920221540008e-07, 5.1209135491087077e-08, 5.451136225308878e-08, 1.4750862076945426e-10, 1.0229330230093758e-10, 3.638492700012985e-08, 1.3100996676396193e-10, 4.9320983061540424e-11, 2.4315024696811016e-08, 1.7331589783134427e-09, 8.760308855930432e-09, 1.8568358656212425e-12, 1.354887226717727e-10, 1.4805380532667556e-10, 6.6434021169983065e-06, 1.3052212435860078e-10, 1.2049795709845323e-10, 1.8295338673019954e-06, 1.4191044173106349e-10, 2.365821531735701e-10, 1.0356186467240514e-07, 2.9305124491819934e-07, 4.327681442373166e-12, 1.4288231128638251e-08, 2.1973542725841483e-06, 8.329100170505199e-08, 1.6128621875555194e-12, 4.059138875717183e-11, 8.341810749101786e-12, 7.541576738101519e-12, 1.789201946322816e-11, 3.3806356555723255e-08, 5.943946986258081e-08, 7.750048031237786e-08, 4.626739269486535e-11, 2.832906504865451e-10, 3.3814255215314226e-11, 7.11735189022969e-08, 1.3488220956814345e-11, 1.0694593734900115e-10, 1.4896242940087671e-06, 6.547965728659344e-12, 2.2782192798942447e-12]",0.00025146372137480055,0.0,0.0,0.9998934762371166,True,75.0,0.052000000000000005,1e-05,banded ADMM with dual certificate,0.017265834998397622,13.0,13.0,64.0,0.5*sum_train((z-y)^2)+lambda*sum(abs(Bz))
burgers,edmd_weak,EDMD + weak,32,0.05,2,006e061dcafec32697cdfde0cac08cffdd2dbf1bcb4f30f1c446485552a370cf,13,0.16,1.92,8,5,0.9969951539516166,1.0,0.0030139023609830617,0.03,1,0.09424260256642074,0.09386469704313478,112,8,0.052593908592152364,61,ok,0.04142882900123368,,,,,,,,,,,,,,,,,,,,,,,,,,,,
burgers,linear_weak,Linear q5 + weak,32,0.05,2,006e061dcafec32697cdfde0cac08cffdd2dbf1bcb4f30f1c446485552a370cf,13,0.16,1.92,0,5,0.996488514754757,1.0,0.0035238592249175913,0.03,1,0.08896015347533119,0.08844306070017402,112,8,0.04336034249901179,61,ok,0.028896145999169676,,,,,,,,,,,,,,,,,,,,,,,,,,,,
burgers,pod_tv_weak,POD + TV states + weak,32,0.05,2,006e061dcafec32697cdfde0cac08cffdd2dbf1bcb4f30f1c446485552a370cf,13,0.16,1.92,8,1,0.996588966290639,1.0,0.003422708684059794,0.03,1,0.08111326209045898,0.08060041140182587,112,8,0.044136461002159615,13,ok,0.18419259800066357,0.01,0.004708622431723678,0.0,0.0,0.0,3.0,64.0,"[0.012118004866961608, 0.019305751887515238, 0.026054899961985737, 0.022992012431232323, 0.020531669722130566, 0.03788829647776448, 0.03085818814733654, 0.02441874305793553]","[0.012117986904079343, 0.019305709522257387, 0.02605480618429266, 0.022991884770114844, 0.02053156818353361, 0.03788820458648362, 0.030858020524594174, 0.024418714159255478]","[1.7962882264965785e-08, 4.2365257850451865e-08, 9.377769307622463e-08, 1.2766111747927744e-07, 1.0153859695757883e-07, 9.189128086228848e-08, 1.676227423669241e-07, 2.8898680053124348e-08]","[1.7962882264965785e-08, 4.2365257850451865e-08, 9.377769307622463e-08, 1.2766111747927744e-07, 1.0153859695757883e-07, 9.189128086228848e-08, 1.676227423669241e-07, 2.8898680053124348e-08]",1.676227423669241e-07,2.505279004666461e-07,"[1.7962882166086547e-08, 4.236524541595399e-08, 9.377763470971856e-08, 1.2766109947284776e-07, 1.0153855807201739e-07, 9.189125152464506e-08, 1.6762256976540768e-07, 2.8898676264488277e-08]",1.7353605796799343e-06,0.0,0.0,0.9999923598903061,True,50.0,0.026000000000000002,1e-05,banded ADMM with dual certificate,0.006056903999706265,13.0,13.0,8.0,0.5*sum_train((z-y)^2)+lambda*sum(abs(Bz))
burgers,pod_weak,POD only + weak,32,0.05,2,006e061dcafec32697cdfde0cac08cffdd2dbf1bcb4f30f1c446485552a370cf,13,0.16,1.92,8,1,0.9967535000798009,1.0,0.003257074010714857,0.03,1,0.08623499847644517,0.08580639934876592,112,8,0.047141847622734566,13,ok,0.02335267200032831,,,,,,,,,,,,,,,,,,,,,,,,,,,,
burgers,raw_weak,Raw + weak,32,0.05,2,006e061dcafec32697cdfde0cac08cffdd2dbf1bcb4f30f1c446485552a370cf,13,0.16,1.92,0,1,0.9973546828679098,1.0,0.002652333395060159,0.03,1,0.08902667865256164,0.0887156940657177,112,8,0.05227616131419613,13,ok,0.0399020129989367,,,,,,,,,,,,,,,,,,,,,,,,,,,,
burgers,tv_weak,TV states + weak,32,0.05,2,006e061dcafec32697cdfde0cac08cffdd2dbf1bcb4f30f1c446485552a370cf,13,0.16,1.92,0,1,0.9968759394868899,1.0,0.0031338508528133504,0.03,1,0.08269928490640198,0.08223498289356504,112,8,0.0423261582555277,13,ok,0.15075513500050874,0.01,0.006545413167575712,0.0,0.0,0.0,3.0,8.0,"[0.014538532540103177, 0.007593161066387566, 0.00947690086806665, 0.004444396937880883, 0.006733082214542019, 0.007597104091177738, 0.011864253647657032, 0.007777721372282686, 0.009525063182805403, 0.006661463605211728, 0.005693777919082325, 0.004070011161377824, 0.006390695568718586, 0.004730978357765533, 0.005743097672554044, 0.007677059540553944, 0.011348110700865962, 0.006074368951645339, 0.009023003671469914, 0.009653495504972227, 0.007750091612570106, 0.01358964021245401, 0.0052166949292155994, 0.011882347263110125, 0.012127105028746598, 0.00634963806408492, 0.007715408838572094, 0.009756710022106391, 0.010475107712578518, 0.010177281153517532, 0.008662935631605933, 0.01125368229538964, 0.008428581773757032, 0.00987306398666191, 0.010133139374988928, 0.01517790985388225, 0.009970497104451874, 0.011088392967812406, 0.0109054103170622, 0.011458093580215342, 0.011498642773238657, 0.011838324540109274, 0.006906578362330093, 0.008378497320143055, 0.009400452854160662, 0.012506486266359328, 0.009896311846301853, 0.009420577624171842, 0.011639259290682016, 0.0072843564100082145, 0.009200340042648747, 0.00824030639407419, 0.005140557204734781, 0.006123414558254972, 0.00639087719363398, 0.011255837411835876, 0.006626804889528079, 0.005256398803654442, 0.00764361568926354, 0.00713988682846051, 0.010408522141602162, 0.005008668931432297, 0.008698134072841467, 0.006788320038703392]","[0.0145367148027564, 0.0075931597691665294, 0.009476855014538994, 0.004444354509635288, 0.006733082199627885, 0.007596963927524822, 0.011864253592603423, 0.00777738624589944, 0.009524990683407092, 0.006661332069373797, 0.005684046340409154, 0.004069993833086384, 0.006390695567852058, 0.004730938729438619, 0.0057430155310262175, 0.007677026636211537, 0.011348087285453537, 0.006074303630153777, 0.009023003670613018, 0.009653495478649982, 0.007749435851070288, 0.013589639995239947, 0.005216672785455253, 0.011882347253591824, 0.012127104948278023, 0.006349585089059288, 0.007715337803592239, 0.009756709830379753, 0.010475106771758563, 0.010177280876490833, 0.008662932380016461, 0.011253667263092203, 0.008428581769359705, 0.009873063968661229, 0.010133139281331024, 0.015177909663561088, 0.009970486953445736, 0.011088333516935295, 0.010905410271168951, 0.011458093576030014, 0.011498640154989501, 0.01183832443284527, 0.0069065588919474084, 0.008378497305111131, 0.009400367549591785, 0.012506486265429386, 0.009896311813171991, 0.009420553724123617, 0.011639259235257009, 0.0072827962971801306, 0.009200340005573128, 0.008240298800656165, 0.005140557204102, 0.006123414380568342, 0.006388263535817619, 0.011255837244517975, 0.006626804886312969, 0.0052563988035748705, 0.007643051755609247, 0.007137198491149207, 0.010408522102655778, 0.005008668835780446, 0.008698062345892009, 0.006788293918344517]","[1.8177373467768293e-06, 1.2972210363185188e-09, 4.585352765540396e-08, 4.242824559481245e-08, 1.491413416376819e-11, 1.4016365291590754e-07, 5.5053609240851564e-11, 3.3512638324562777e-07, 7.249939831116547e-08, 1.3153583793088647e-07, 9.731578673170815e-06, 1.7328291440632526e-08, 8.665282033581967e-13, 3.962832691335738e-08, 8.214152782612394e-08, 3.290434240701967e-08, 2.3415412424981907e-08, 6.532149156215222e-08, 8.568961512578355e-13, 2.6322244731091793e-11, 6.557614998185107e-07, 2.1721406270880372e-10, 2.214376034620491e-08, 9.518301077870994e-12, 8.046857451204925e-11, 5.297502563179901e-08, 7.103497985487539e-08, 1.9172663803801449e-10, 9.408199549282292e-10, 2.7702669845586225e-10, 3.2515894716339533e-09, 1.503229743807233e-08, 4.397326253124945e-12, 1.800068080703987e-11, 9.365790434867627e-11, 1.9032116160833112e-10, 1.0151006138089946e-08, 5.94508771101232e-08, 4.589324927029015e-11, 4.185327431849295e-12, 2.6182491556780985e-09, 1.0726400323513019e-10, 1.9470382684599885e-08, 1.503192362251049e-11, 8.530456887742566e-08, 9.299418873842669e-13, 3.3129861701231e-11, 2.3900048225222736e-08, 5.5425006598164295e-11, 1.560112828083958e-06, 3.707561861687747e-11, 7.593418024573473e-09, 6.327811538642258e-13, 1.7768663016642927e-10, 2.613657816360679e-06, 1.6731790085378062e-10, 3.2151096021615366e-12, 7.957176584305614e-14, 5.639336542930667e-07, 2.6883373113028436e-06, 3.8946384312010807e-11, 9.565185102311524e-11, 7.172694945802027e-08, 2.612035887496894e-08]","[1.8177373467768293e-06, 1.2972210363185188e-09, 4.585352765540396e-08, 4.242824559481245e-08, 1.491413416376819e-11, 1.4016365291590754e-07, 5.5053609240851564e-11, 3.3512638324562777e-07, 7.249939831116547e-08, 1.3153583793088647e-07, 9.731578673170815e-06, 1.7328291440632526e-08, 8.665282033581967e-13, 3.962832691335738e-08, 8.214152782612394e-08, 3.290434240701967e-08, 2.3415412424981907e-08, 6.532149156215222e-08, 8.568961512578355e-13, 2.6322244731091793e-11, 6.557614998185107e-07, 2.1721406270880372e-10, 2.214376034620491e-08, 9.518301077870994e-12, 8.046857451204925e-11, 5.297502563179901e-08, 7.103497985487539e-08, 1.9172663803801449e-10, 9.408199549282292e-10, 2.7702669845586225e-10, 3.2515894716339533e-09, 1.503229743807233e-08, 4.397326253124945e-12, 1.800068080703987e-11, 9.365790434867627e-11, 1.9032116160833112e-10, 1.0151006138089946e-08, 5.94508771101232e-08, 4.589324927029015e-11, 4.185327431849295e-12, 2.6182491556780985e-09, 1.0726400323513019e-10, 1.9470382684599885e-08, 1.503192362251049e-11, 8.530456887742566e-08, 9.299418873842669e-13, 3.3129861701231e-11, 2.3900048225222736e-08, 5.5425006598164295e-11, 1.560112828083958e-06, 3.707561861687747e-11, 7.593418024573473e-09, 6.327811538642258e-13, 1.7768663016642927e-10, 2.613657816360679e-06, 1.6731790085378062e-10, 3.2151096021615366e-12, 7.957176584305614e-14, 5.639336542930667e-07, 2.6883373113028436e-06, 3.8946384312010807e-11, 9.565185102311524e-11, 7.172694945802027e-08, 2.612035887496894e-08]",9.731578673170815e-06,8.312608927925347e-06,"[1.8177324173813958e-06, 1.297221029379625e-09, 4.585351118246983e-08, 4.242823905924176e-08, 1.491413416376819e-11, 1.4016345638171238e-07, 5.5053604036681136e-11, 3.3512638218267596e-07, 7.249933530947827e-08, 1.315356147040675e-07, 9.731578662003533e-06, 1.7328291319635564e-08, 8.665264686347207e-13, 3.962832526623744e-08, 8.214152314020215e-08, 3.2904336735341266e-08, 2.341541152812987e-08, 6.532146966040098e-08, 8.568970186195735e-13, 2.632224559845353e-11, 6.557611570198046e-07, 2.1721406097408025e-10, 2.214375988650319e-08, 9.518299343147518e-12, 8.046857451204925e-11, 5.297502531087517e-08, 7.103497172249174e-08, 1.9172663803801449e-10, 9.40819942785165e-10, 2.770266906496066e-10, 3.251589082188533e-09, 1.5032295774472515e-08, 4.397323651039731e-12, 1.8000679939678133e-11, 9.365789740978236e-11, 1.9032115987360765e-10, 1.0151006079109348e-08, 5.945087531294968e-08, 4.589325620918405e-11, 4.185322227678867e-12, 2.6182489162862588e-09, 1.0726399456151281e-10, 1.9470381667184566e-08, 1.503192362251049e-11, 8.530455991237473e-08, 9.299401526607909e-13, 3.312986256859274e-11, 2.3900046631011862e-08, 5.542500573080256e-11, 1.560112425286371e-06, 3.707561861687747e-11, 7.593417781712186e-09, 6.327763833746669e-13, 1.776866158549606e-10, 2.6136352037440386e-06, 1.6731789738433367e-10, 3.2151087347997986e-12, 7.957653633261508e-14, 5.639328078468897e-07, 2.6882469945617785e-06, 3.894638604673428e-11, 9.565185145679611e-11, 7.172692405386233e-08, 2.612035546536995e-08]",0.0006593748858824688,0.0,0.0,0.9997572967511931,True,75.0,0.052000000000000005,1e-05,banded ADMM with dual certificate,0.008072075001109624,13.0,13.0,64.0,0.5*sum_train((z-y)^2)+lambda*sum(abs(Bz))
burgers,edmd_weak,EDMD + weak,32,0.05,3,0865f2cceb22e03bf0e1c5f8c3bfd2a6f18c3b8b87d08ad0939a4923b2c01602,13,0.16,1.92,8,5,0.9880974647558403,1.0,0.012045912137929594,0.03,1,0.09791674464261044,0.0971428665802918,112,8,0.047351703723494454,61,ok,0.06914837499789428,,,,,,,,,,,,,,,,,,,,,,,,,,,,
burgers,linear_weak,Linear q5 + weak,32,0.05,3,0865f2cceb22e03bf0e1c5f8c3bfd2a6f18c3b8b87d08ad0939a4923b2c01602,13,0.16,1.92,0,5,0.9884296899042325,1.0,0.011705749244428725,0.03,1,0.09172223606464876,0.09096463490819223,112,8,0.04305550796418213,61,ok,0.04209233100118581,,,,,,,,,,,,,,,,,,,,,,,,,,,,
burgers,pod_tv_weak,POD + TV states + weak,32,0.05,3,0865f2cceb22e03bf0e1c5f8c3bfd2a6f18c3b8b87d08ad0939a4923b2c01602,13,0.16,1.92,8,1,0.9891731756699036,1.0,0.010945327467825903,0.03,1,0.08844465333047365,0.08776055601825253,112,8,0.04252065675828489,13,ok,0.12384741499772645,0.01,0.004459174904723626,0.0,0.0,0.0,3.0,64.0,"[0.013873400999854932, 0.017262675430804807, 0.02529066329156237, 0.022505417720499986, 0.024820603994103102, 0.0354363986701122, 0.02190106695088615, 0.03269268500677022]","[0.01387334481571842, 0.017259129925642942, 0.025290540800061986, 0.022505386222971407, 0.024820542648059937, 0.035436299896227826, 0.02190101945955585, 0.032692639573185925]","[5.6184136513343086e-08, 3.5455051618643596e-06, 1.2249150038376455e-07, 3.149752857839472e-08, 6.13460431654611e-08, 9.877388437717904e-08, 4.74913303023794e-08, 4.543358429753841e-08]","[5.6184136513343086e-08, 3.5455051618643596e-06, 1.2249150038376455e-07, 3.149752857839472e-08, 6.13460431654611e-08, 9.877388437717904e-08, 4.74913303023794e-08, 4.543358429753841e-08]",3.5455051618643596e-06,6.861700221211242e-07,"[5.618410168009569e-08, 3.5455044372530164e-06, 1.2249141845624423e-07, 3.149752750286616e-08, 6.134603394367111e-08, 9.877384544998424e-08, 4.7491320369352774e-08, 4.543356276268118e-08]",0.00016601524320369876,0.0,0.0,0.9999654846493307,True,50.0,0.026000000000000002,1e-05,banded ADMM with dual certificate,0.0033386270006303675,13.0,13.0,8.0,0.5*sum_train((z-y)^2)+lambda*sum(abs(Bz))
burgers,pod_weak,POD only + weak,32,0.05,3,0865f2cceb22e03bf0e1c5f8c3bfd2a6f18c3b8b87d08ad0939a4923b2c01602,13,0.16,1.92,8,1,0.9888787514473661,1.0,0.011246321691467569,0.03,1,0.09120222701891138,0.09049190209070058,112,8,0.04554954499538705,13,ok,0.02761957400070969,,,,,,,,,,,,,,,,,,,,,,,,,,,,
burgers,raw_weak,Raw + weak,32,0.05,3,0865f2cceb22e03bf0e1c5f8c3bfd2a6f18c3b8b87d08ad0939a4923b2c01602,13,0.16,1.92,0,1,0.9877328961971721,1.0,0.012419454540855215,0.03,1,0.09155772324159875,0.09066155155857239,112,8,0.05097254497283116,13,ok,0.027635220001684502,,,,,,,,,,,,,,,,,,,,,,,,,,,,
burgers,tv_weak,TV states + weak,32,0.05,3,0865f2cceb22e03bf0e1c5f8c3bfd2a6f18c3b8b87d08ad0939a4923b2c01602,13,0.16,1.92,0,1,0.9878224106066819,1.0,0.012327711198452431,0.03,1,0.09074829175864632,0.08986368232676926,112,8,0.049536654931646086,13,ok,0.1332634029968176,0.001,0.0038600959230857537,0.0,0.0,0.0,3.0,8.0,"[0.0012580907902902457, 0.0007582404346053425, 0.0008656478114821248, 0.0007900991752020475, 0.0006629860153398828, 0.0009289232760288696, 0.0008057174434695748, 0.0014747385415355178, 0.0008539868915238829, 0.0007973726153484258, 0.0013467125895764425, 0.0006680001562459471, 0.0008146946384251661, 0.0017528524950114607, 0.0007913116494556893, 0.0011553816936409756, 0.0009946226633307902, 0.0013147455020574214, 0.000976857631666549, 0.0010940062442711795, 0.0009298844597545547, 0.0006885919367408508, 0.0012176057239407275, 0.0013478964236014396, 0.001284361402342435, 0.0009874218192903496, 0.0013498878485523915, 0.0012030178208585589, 0.001393440614755592, 0.0019110542558665243, 0.0007931950272235742, 0.001190932807924913, 0.0007924854746929294, 0.0011728831981232786, 0.0012977482346380523, 0.001211813739174427, 0.001520876971275008, 0.0012949821738520689, 0.0016998459809473932, 0.0012629772043535748, 0.0009653696610221929, 0.0012533084765119053, 0.0012980343830313365, 0.0015264730246901514, 0.00112037369794837, 0.0009892401460706857, 0.0015145066407149417, 0.0009320092712431823, 0.0011553379768959892, 0.0010881255975340167, 0.001407171903768346, 0.0011115430900930745, 0.0012648884201975697, 0.0014571034348922689, 0.000524389137318127, 0.001360036702744324, 0.0008668324927668061, 0.0016416795694802321, 0.001407129188192774, 0.0010758010972919103, 0.0016788372243167215, 0.0014385536349458099, 0.0009762393177642282, 0.001154597862508748]","[0.0012562884765376938, 0.0007574169383418506, 0.0008644126723975732, 0.0007894388026513045, 0.0006626799128494894, 0.0009280641035241291, 0.0008045189978667404, 0.0014703982807375518, 0.0008527895474103066, 0.0007959364543225498, 0.0013449592426988445, 0.0006674115652689658, 0.0008128539744531099, 0.0017480720368890142, 0.0007911043878604316, 0.0011534542055141091, 0.0009934082486264875, 0.0013122439996949289, 0.0009753650469552885, 0.0010918260883869845, 0.0009293164229931181, 0.0006879309865479475, 0.0012163648115848886, 0.001344346032124786, 0.001282674042231207, 0.000985302940279415, 0.0013472976259716637, 0.0012017202583928283, 0.0013916031044318216, 0.0019035799918083712, 0.00079273079636738, 0.0011890070003700195, 0.0007919374684628667, 0.0011695181490537895, 0.0012969073831194029, 0.0012099040322441764, 0.0015189991654715885, 0.0012930177539537636, 0.0016970644150176217, 0.0012604524794354059, 0.0009637334524416314, 0.0012498460071772135, 0.0012952278097298256, 0.0015227648998062668, 0.0011176693806645847, 0.000988267712171639, 0.0015129244824704574, 0.0009311283430156078, 0.0011541666775500218, 0.0010873223707867272, 0.0014048282791229553, 0.001110227312207754, 0.0012614941159428898, 0.0014551736730738034, 0.0005239988638482962, 0.00135867241041793, 0.0008657072097343597, 0.0016392816172829752, 0.0014051922442768136, 0.0010738897521879614, 0.0016761491323318226, 0.001436878037193724, 0.000975085458938187, 0.001153491848226642]","[1.8023137525519008e-06, 8.234962634918368e-07, 1.2351390845515313e-06, 6.603725507429515e-07, 3.061024903933899e-07, 8.591725047404995e-07, 1.1984456028344683e-06, 4.340260797965935e-06, 1.197344113576266e-06, 1.4361610258760687e-06, 1.7533468775979971e-06, 5.885909769813699e-07, 1.8406639720561788e-06, 4.780458122446464e-06, 2.0726159525761515e-07, 1.9274881268664928e-06, 1.214414704302615e-06, 2.501502362492556e-06, 1.492584711260494e-06, 2.180155884194939e-06, 5.680367614366126e-07, 6.609501929032927e-07, 1.2409123558388899e-06, 3.550391476653562e-06, 1.6873601112279459e-06, 2.1188790109345247e-06, 2.5902225807277347e-06, 1.2975624657306055e-06, 1.8375103237704138e-06, 7.4742640581531e-06, 4.6423085619422873e-07, 1.925807554893459e-06, 5.480062300626445e-07, 3.3650490694891056e-06, 8.408515186494273e-07, 1.9097069302504745e-06, 1.877805803419388e-06, 1.9644198983052776e-06, 2.7815659297714557e-06, 2.524724918168955e-06, 1.6362085805615234e-06, 3.4624693346918534e-06, 2.806573301510811e-06, 3.708124883884537e-06, 2.704317283785257e-06, 9.724338990465924e-07, 1.5821582444843288e-06, 8.809282275745343e-07, 1.1712993459673995e-06, 8.032267472895226e-07, 2.3436246453906705e-06, 1.3157778853203905e-06, 3.3943042546799237e-06, 1.9297618184654225e-06, 3.9027346983083397e-07, 1.3642923263940034e-06, 1.1252830324463706e-06, 2.397952197256926e-06, 1.9369439159604932e-06, 1.9113451039489467e-06, 2.688091984898904e-06, 1.6755977520859205e-06, 1.1538588260411476e-06, 1.1060142821061637e-06]","[1.8023137525519008e-06, 8.234962634918368e-07, 1.2351390845515313e-06, 6.603725507429515e-07, 3.061024903933899e-07, 8.591725047404995e-07, 1.1984456028344683e-06, 4.340260797965935e-06, 1.197344113576266e-06, 1.4361610258760687e-06, 1.7533468775979971e-06, 5.885909769813699e-07, 1.8406639720561788e-06, 4.780458122446464e-06, 2.0726159525761515e-07, 1.9274881268664928e-06, 1.214414704302615e-06, 2.501502362492556e-06, 1.492584711260494e-06, 2.180155884194939e-06, 5.680367614366126e-07, 6.609501929032927e-07, 1.2409123558388899e-06, 3.550391476653562e-06, 1.6873601112279459e-06, 2.1188790109345247e-06, 2.5902225807277347e-06, 1.2975624657306055e-06, 1.8375103237704138e-06, 7.4742640581531e-06, 4.6423085619422873e-07, 1.925807554893459e-06, 5.480062300626445e-07, 3.3650490694891056e-06, 8.408515186494273e-07, 1.9097069302504745e-06, 1.877805803419388e-06, 1.9644198983052776e-06, 2.7815659297714557e-06, 2.524724918168955e-06, 1.6362085805615234e-06, 3.4624693346918534e-06, 2.806573301510811e-06, 3.708124883884537e-06, 2.704317283785257e-06, 9.724338990465924e-07, 1.5821582444843288e-06, 8.809282275745343e-07, 1.1712993459673995e-06, 8.032267472895226e-07, 2.3436246453906705e-06, 1.3157778853203905e-06, 3.3943042546799237e-06, 1.9297618184654225e-06, 3.9027346983083397e-07, 1.3642923263940034e-06, 1.1252830324463706e-06, 2.397952197256926e-06, 1.9369439159604932e-06, 1.9113451039489467e-06, 2.688091984898904e-06, 1.6755977520859205e-06, 1.1538588260411476e-06, 1.1060142821061637e-06]",7.4742640581531e-06,1.991255192966123e-05,"[1.8022569346098395e-06, 8.23468643643588e-07, 1.235051860192936e-06, 6.603435490967063e-07, 3.0608698104687016e-07, 8.591593917817554e-07, 1.1983414813301896e-06, 4.339901017296269e-06, 1.1973003752505876e-06, 1.4359695465498588e-06, 1.7532702105112555e-06, 5.885438587872579e-07, 1.8403388760608076e-06, 4.77992773978593e-06, 2.0725906316003666e-07, 1.9273300000733663e-06, 1.21432372221183e-06, 2.5011788185188254e-06, 1.4925080266961965e-06, 2.1800268001977586e-06, 5.680063887466809e-07, 6.609178012397226e-07, 1.2408851668239615e-06, 3.5498277901060363e-06, 1.6871998152342364e-06, 2.1186517961663655e-06, 2.59001636273193e-06, 1.2974040787590985e-06, 1.837395673443638e-06, 7.472828315795415e-06, 4.642222093163102e-07, 1.925705120622975e-06, 5.479754984578835e-07, 3.364536243149986e-06, 8.408214965014652e-07, 1.90949808130279e-06, 1.87765730291908e-06, 1.9643039267790586e-06, 2.7812442049163656e-06, 2.524497903456371e-06, 1.636152989082187e-06, 3.4620492538638744e-06, 2.8064188977536698e-06, 3.7075756389184054e-06, 2.7038469488911785e-06, 9.723822350039737e-07, 1.5820774574299822e-06, 8.808970826062025e-07, 1.171211316509978e-06, 8.031945944546575e-07, 2.343225237845005e-06, 1.3157048852107441e-06, 3.3941312771674018e-06, 1.9296361976289898e-06, 3.90244091708937e-07, 1.3642176641167746e-06, 1.1252758241077354e-06, 2.397751799833878e-06, 1.936775952352844e-06, 1.9111536161021004e-06, 2.6879333401264548e-06, 1.6755145880529686e-06, 1.153787347607624e-06, 1.1059827193799898e-06]",0.0005649657097208105,0.0,0.0,0.9950246743539682,True,25.0,0.01,1e-05,banded ADMM with dual certificate,0.006998863998887828,13.0,13.0,64.0,0.5*sum_train((z-y)^2)+lambda*sum(abs(Bz))
burgers,edmd_weak,EDMD + weak,32,0.05,4,4f76fb943a5134cb34f8dc8fdd1eac0f94d8b6328ac47c6984df382c2d3f0fdc,13,0.16,1.92,8,5,0.9968473502471478,1.0,0.003162620387234313,0.01,1,0.07552224594720837,0.07508827031279224,112,8,0.04739993318458581,61,ok,0.04554940600064583,,,,,,,,,,,,,,,,,,,,,,,,,,,,
burgers,linear_weak,Linear q5 + weak,32,0.05,4,4f76fb943a5134cb34f8dc8fdd1eac0f94d8b6328ac47c6984df382c2d3f0fdc,13,0.16,1.92,0,5,0.9982612187211654,1.0,0.0017418099052892433,0.01,1,0.06924221756484504,0.06912638975626645,112,8,0.041430270942100444,61,ok,0.03071063899915316,,,,,,,,,,,,,,,,,,,,,,,,,,,,
burgers,pod_tv_weak,POD + TV states + weak,32,0.05,4,4f76fb943a5134cb34f8dc8fdd1eac0f94d8b6328ac47c6984df382c2d3f0fdc,13,0.16,1.92,8,1,0.9963220084212723,1.0,0.0036915691389330808,0.01,1,0.0664071713719096,0.06600093567517723,112,8,0.04066919684264765,13,ok,0.13770722600020235,0.01,0.00431305940807341,0.0,0.0,0.0,3.0,64.0,"[0.014765766455738474, 0.025455072455251734, 0.025001551587174955, 0.021987204462235396, 0.024587346893351535, 0.02814723328115248, 0.023452754779525176, 0.03130300932403864]","[0.014764169204155277, 0.025455025236364254, 0.02500151663583988, 0.02198715820784293, 0.024587335544740054, 0.028147080738145598, 0.023452644332790276, 0.03130289954505329]","[1.597251583197734e-06, 4.7218887480604543e-08, 3.495133507613879e-08, 4.6254392465500116e-08, 1.1348611481110105e-08, 1.5254300688230527e-07, 1.1044673490015477e-07, 1.0977898535352582e-07]","[1.597251583197734e-06, 4.7218887480604543e-08, 3.495133507613879e-08, 4.6254392465500116e-08, 1.1348611481110105e-08, 1.5254300688230527e-07, 1.1044673490015477e-07, 1.0977898535352582e-07]",1.597251583197734e-06,4.793619716447761e-07,"[1.5972513469752342e-06, 4.7218809473559276e-08, 3.495133325814859e-08, 4.625438281696814e-08, 1.1348609711692159e-08, 1.5254292358088395e-07, 1.104466681167704e-07, 1.0977887170485201e-07]",6.759299390202145e-05,0.0,0.0,0.9999861887374495,True,50.0,0.026000000000000002,1e-05,banded ADMM with dual certificate,0.0036335660006443504,13.0,13.0,8.0,0.5*sum_train((z-y)^2)+lambda*sum(abs(Bz))
burgers,pod_weak,POD only + weak,32,0.05,4,4f76fb943a5134cb34f8dc8fdd1eac0f94d8b6328ac47c6984df382c2d3f0fdc,13,0.16,1.92,8,1,0.9965195818116068,1.0,0.003492573805791192,0.01,1,0.06959556850777499,0.06915542419397136,112,8,0.04396435481042956,13,ok,0.02518531999885454,,,,,,,,,,,,,,,,,,,,,,,,,,,,
burgers,raw_weak,Raw + weak,32,0.05,4,4f76fb943a5134cb34f8dc8fdd1eac0f94d8b6328ac47c6984df382c2d3f0fdc,13,0.16,1.92,0,1,0.9972723209541104,1.0,0.0027351396289430605,0.01,1,0.06982565085509378,0.0695472169536411,112,8,0.04919044081517795,13,ok,0.028930649998073932,,,,,,,,,,,,,,,,,,,,,,,,,,,,
burgers,tv_weak,TV states + weak,32,0.05,4,4f76fb943a5134cb34f8dc8fdd1eac0f94d8b6328ac47c6984df382c2d3f0fdc,13,0.16,1.92,0,1,0.9958411198013306,1.0,0.0041762487167622386,0.01,1,0.0661849420302858,0.06585021346670998,112,8,0.03961609420264878,13,ok,0.11142916600147146,0.01,0.003787067536777061,0.0,0.0,0.0,3.0,8.0,"[0.004874396221732498, 0.005021141987023585, 0.008878605391432596, 0.006347380497397512, 0.0053124077037665, 0.011297647774969683, 0.009526745185296056, 0.006616532813308549, 0.0036139615446206625, 0.006085678807089505, 0.005358158297231123, 0.008603344987966763, 0.00868889888211251, 0.014545950849905624, 0.009570219640528881, 0.008764006738956526, 0.0046363217855621775, 0.011723106411178977, 0.007022994547926898, 0.010380805714322924, 0.004786753208696708, 0.007779103897379819, 0.006648427972870411, 0.010273282177120424, 0.0058159547427947544, 0.008006990495022001, 0.007636688542034019, 0.009458315164101854, 0.009874914479329018, 0.010717677375493437, 0.009694094640812107, 0.007395671169567656, 0.006451726770757249, 0.006848506234465251, 0.012887116804137004, 0.017495833770623543, 0.014089902592290966, 0.013505088409420867, 0.008693314318761535, 0.007723783229441185, 0.0064904172793206925, 0.009584149118591852, 0.008916238414596668, 0.006545094224058022, 0.008600959664687489, 0.007583579255156658, 0.009322652941533633, 0.010136644443382768, 0.003792801598656256, 0.006129173862768294, 0.008716586391156838, 0.0067679386958532815, 0.005452283016206402, 0.009936917400001289, 0.004764617844927819, 0.008124466294597914, 0.004604420521381878, 0.00408303597456954, 0.010794484264658632, 0.011096063773230691, 0.005003957040434819, 0.00429038549893795, 0.009183505165297591, 0.0064487478281476]","[0.0048735216047282245, 0.005021141983181652, 0.008878605391203406, 0.006347328187581426, 0.005312347140307885, 0.011297647774710009, 0.009526745185295539, 0.00661653281219526, 0.0036139615390373024, 0.006085678806720433, 0.005358158288178848, 0.008603344986079887, 0.00868888349735767, 0.014545950849771682, 0.009570219640172462, 0.008764006736360765, 0.004636321044056821, 0.011723106411148094, 0.007022994546808314, 0.01038080571406994, 0.004786753207006797, 0.007779103897124326, 0.00664842797205405, 0.0102732821766024, 0.005815954741601474, 0.00800699049500073, 0.007636688527672884, 0.009458315163739617, 0.009874914479325961, 0.010717677375389, 0.009694094640806138, 0.007395671169567558, 0.006451725476444535, 0.006848506214575202, 0.01288711679763415, 0.01749583377037813, 0.014089902591556751, 0.013505088409402576, 0.008693314318725994, 0.007723783229252274, 0.0064903750992828585, 0.009584149117704412, 0.008916238410780992, 0.006545094215783632, 0.008600959664116375, 0.007583579239289168, 0.009322652941356976, 0.010136644428248735, 0.003792775756263624, 0.0061291738627510745, 0.008716585164795287, 0.006767938695617627, 0.00545228301619714, 0.009936917400000878, 0.004764617832643255, 0.008124466293938655, 0.004604420518847595, 0.0040830349390471215, 0.01079448426465716, 0.011096063773230424, 0.005003957031671558, 0.004290385498870251, 0.009183505161967292, 0.006448747827718304]","[8.746170042737283e-07, 3.84193284824752e-12, 2.291899309225798e-13, 5.230981608549817e-08, 6.056345861447932e-08, 2.596742265659202e-13, 5.169475958410885e-16, 1.1132882810072076e-12, 5.5833601630972396e-12, 3.690719604931836e-13, 9.052275422305467e-12, 1.886876072054733e-12, 1.5384754839878334e-08, 1.3394146902712123e-13, 3.5641975482114674e-13, 2.5957604121717992e-12, 7.415053562484508e-10, 3.0883282042815097e-14, 1.1185835244176268e-12, 2.5298339811907766e-13, 1.6899112317836362e-12, 2.554926756270781e-13, 8.163608677946854e-13, 5.180248591196701e-13, 1.193280717293188e-12, 2.127117926242761e-14, 1.436113554464935e-11, 3.6223628263609697e-13, 3.056582764671134e-15, 1.044372921477077e-13, 5.969183480836193e-15, 9.80118763926896e-17, 1.2943127142978073e-09, 1.9890048809367844e-11, 6.502853810985698e-12, 2.454113301464389e-13, 7.342147723132797e-13, 1.8290924330699454e-14, 3.5541014575812824e-14, 1.889113865338743e-13, 4.2180037834044226e-08, 8.874394274993591e-13, 3.815675206353397e-12, 8.274389853846209e-12, 5.711143363784643e-13, 1.5867489613907715e-11, 1.7665729989957413e-13, 1.5134032915753437e-11, 2.5842392631630212e-08, 1.7219732584283776e-14, 1.2263615505048175e-09, 2.3565437795580735e-13, 9.262555999978161e-15, 4.111294638065033e-16, 1.2284563991049602e-11, 6.592591056397978e-13, 2.534283546906657e-12, 1.0355224186811562e-09, 1.4710455076283324e-15, 2.671474153004283e-16, 8.763261817590351e-12, 6.769845101173289e-14, 3.3302995777750866e-12, 4.292963554086704e-13]","[8.746170042737283e-07, 3.84193284824752e-12, 2.291899309225798e-13, 5.230981608549817e-08, 6.056345861447932e-08, 2.596742265659202e-13, 5.169475958410885e-16, 1.1132882810072076e-12, 5.5833601630972396e-12, 3.690719604931836e-13, 9.052275422305467e-12, 1.886876072054733e-12, 1.5384754839878334e-08, 1.3394146902712123e-13, 3.5641975482114674e-13, 2.5957604121717992e-12, 7.415053562484508e-10, 3.0883282042815097e-14, 1.1185835244176268e-12, 2.5298339811907766e-13, 1.6899112317836362e-12, 2.554926756270781e-13, 8.163608677946854e-13, 5.180248591196701e-13, 1.193280717293188e-12, 2.127117926242761e-14, 1.436113554464935e-11, 3.6223628263609697e-13, 3.056582764671134e-15, 1.044372921477077e-13, 5.969183480836193e-15, 9.80118763926896e-17, 1.2943127142978073e-09, 1.9890048809367844e-11, 6.502853810985698e-12, 2.454113301464389e-13, 7.342147723132797e-13, 1.8290924330699454e-14, 3.5541014575812824e-14, 1.889113865338743e-13, 4.2180037834044226e-08, 8.874394274993591e-13, 3.815675206353397e-12, 8.274389853846209e-12, 5.711143363784643e-13, 1.5867489613907715e-11, 1.7665729989957413e-13, 1.5134032915753437e-11, 2.5842392631630212e-08, 1.7219732584283776e-14, 1.2263615505048175e-09, 2.3565437795580735e-13, 9.262555999978161e-15, 4.111294638065033e-16, 1.2284563991049602e-11, 6.592591056397978e-13, 2.534283546906657e-12, 1.0355224186811562e-09, 1.4710455076283324e-15, 2.671474153004283e-16, 8.763261817590351e-12, 6.769845101173289e-14, 3.3302995777750866e-12, 4.292963554086704e-13]",8.746170042737283e-07,8.685757493659407e-07,"[8.746158194645332e-07, 3.841933281928389e-12, 2.291890635608418e-13, 5.23097047392361e-08, 6.056341092996673e-08, 2.596759612893962e-13, 5.186823193170653e-16, 1.1132891483689455e-12, 5.583357561012026e-12, 3.690689247271006e-13, 9.052274988624598e-12, 1.886876072054733e-12, 1.5384754479923213e-08, 1.3393453013321732e-13, 3.5641888745940875e-13, 2.5957595448100612e-12, 7.415053497432378e-10, 3.087981259586314e-14, 1.1185835244176268e-12, 2.529816633956017e-13, 1.6899112317836362e-12, 2.5549180826534013e-13, 8.163591330712094e-13, 5.180222570344561e-13, 1.193280717293188e-12, 2.127551607111755e-14, 1.4361141616181516e-11, 3.6223975208304893e-13, 3.0548480411951573e-15, 1.0443469006249373e-13, 5.9674487573602164e-15, 9.974659986866641e-17, 1.294312685241189e-09, 1.9890047942006106e-11, 6.502845137368318e-12, 2.454130648699149e-13, 7.342113028663277e-13, 1.8294393777651408e-14, 3.5541014575812824e-14, 1.8890965181039832e-13, 4.218003604988113e-08, 8.874394274993591e-13, 3.815673471629921e-12, 8.274390721207947e-12, 5.711169384636783e-13, 1.586749655280162e-11, 1.766590346230501e-13, 1.5134037252562127e-11, 2.5842388055429683e-08, 1.721929890341478e-14, 1.2263615305554976e-09, 2.3565307691320037e-13, 9.259086553026208e-15, 4.0766001685454967e-16, 1.2284563991049602e-11, 6.592556361928459e-13, 2.534281812183181e-12, 1.0355223982981554e-09, 1.4675760606763788e-15, 2.6281060661048627e-16, 8.763263118632958e-12, 6.769801733086389e-14, 3.3303004451368245e-12, 4.292967890895394e-13]",3.0445319655583725e-05,0.0,0.0,0.9999742946831621,True,100.0,0.10400000000000001,1e-05,banded ADMM with dual certificate,0.010381536001659697,13.0,13.0,64.0,0.5*sum_train((z-y)^2)+lambda*sum(abs(Bz))
burgers,edmd_weak,EDMD + weak,32,0.1,0,0394c6d92a55eed61442c72d4044173067682626470129c3c3e840f19f2ace3e,13,0.16,1.92,8,5,0.6344414626949338,0.6666666666666666,0.050793029564696154,0.03,0,0.1279733808230202,0.14762480680625922,112,8,0.09137216472919707,61,ok,0.06275524999728077,,,,,,,,,,,,,,,,,,,,,,,,,,,,
burgers,linear_weak,Linear q5 + weak,32,0.1,0,0394c6d92a55eed61442c72d4044173067682626470129c3c3e840f19f2ace3e,13,0.16,1.92,0,5,0.9793555110608323,1.0,0.021079667910180858,0.03,1,0.13321635670016888,0.12344236828819506,112,8,0.08302730766289101,61,ok,0.05074169500221615,,,,,,,,,,,,,,,,,,,,,,,,,,,,
burgers,pod_tv_weak,POD + TV states + weak,32,0.1,0,0394c6d92a55eed61442c72d4044173067682626470129c3c3e840f19f2ace3e,13,0.16,1.92,8,1,0.9802722755122657,1.0,0.020124739810095136,0.03,1,0.10341277910323712,0.0910265183366454,112,8,0.06670895645816995,13,ok,0.18907117499838932,0.1,0.016251355670128968,0.0,0.0,0.0,3.0,64.0,"[0.13779519929188128, 0.15507662890347484, 0.2054316520965058, 0.23348333587168488, 0.48663693134271846, 0.24991593665997947, 0.2676230338356835, 0.28335190596392174]","[0.1377951992918796, 0.15507662890282176, 0.2054316520965039, 0.23348333587168435, 0.4866369313427177, 0.24991593665997902, 0.2676228088392481, 0.2833519059639171]","[1.6653345369377348e-15, 6.530886942357483e-13, 1.887379141862766e-15, 5.273559366969494e-16, 7.771561172376096e-16, 4.440892098500626e-16, 2.249964353717715e-07, 4.6629367034256575e-15]","[1.6653345369377348e-15, 6.530886942357483e-13, 1.887379141862766e-15, 5.273559366969494e-16, 7.771561172376096e-16, 4.440892098500626e-16, 2.249964353717715e-07, 4.6629367034256575e-15]",2.249964353717715e-07,9.857399407842138e-08,"[1.609823385706477e-15, 6.530331830845171e-13, 1.887379141862766e-15, 5.551115123125783e-16, 7.771561172376096e-16, 4.440892098500626e-16, 2.2499640719986225e-07, 4.621303340002214e-15]",7.157792551309994e-07,0.0,0.0,0.9999996077479667,True,75.0,0.26,1e-05,banded ADMM with dual certificate,0.008543111001927173,13.0,13.0,8.0,0.5*sum_train((z-y)^2)+lambda*sum(abs(Bz))
burgers,pod_weak,POD only + weak,32,0.1,0,0394c6d92a55eed61442c72d4044173067682626470129c3c3e840f19f2ace3e,13,0.16,1.92,8,1,0.978175546758721,1.0,0.02231138706502768,0.03,1,0.11696855727763973,0.10392663016276385,112,8,0.09022757447150742,13,ok,0.05273821000082535,,,,,,,,,,,,,,,,,,,,,,,,,,,,
burgers,raw_weak,Raw + weak,32,0.1,0,0394c6d92a55eed61442c72d4044173067682626470129c3c3e840f19f2ace3e,13,0.16,1.92,0,1,0.978998397296875,1.0,0.021452131853446136,0.03,1,0.13419675594278418,0.12357877256798211,112,8,0.10110795459917249,13,ok,0.049244345998886274,,,,,,,,,,,,,,,,,,,,,,,,,,,,
burgers,tv_weak,TV states + weak,32,0.1,0,0394c6d92a55eed61442c72d4044173067682626470129c3c3e840f19f2ace3e,13,0.16,1.92,0,1,0.978998397296875,1.0,0.02145213185344614,0.03,1,0.13419675594278418,0.1235787725679821,112,8,0.10110795459917248,13,ok,0.18898578000153066,0.0,0.017258374428369187,1.0,1.0,0.0,3.0,8.0,"[0.0, 0.0, 0.0, 0.0, 0.0, 0.0, 0.0, 0.0, 0.0, 0.0, 0.0, 0.0, 0.0, 0.0, 0.0, 0.0, 0.0, 0.0, 0.0, 0.0, 0.0, 0.0, 0.0, 0.0, 0.0, 0.0, 0.0, 0.0, 0.0, 0.0, 0.0, 0.0, 0.0, 0.0, 0.0, 0.0, 0.0, 0.0, 0.0, 0.0, 0.0, 0.0, 0.0, 0.0, 0.0, 0.0, 0.0, 0.0, 0.0, 0.0, 0.0, 0.0, 0.0, 0.0, 0.0, 0.0, 0.0, 0.0, 0.0, 0.0, 0.0, 0.0, 0.0, 0.0]","[0.0, 0.0, 0.0, 0.0, 0.0, 0.0, 0.0, 0.0, 0.0, 0.0, 0.0, 0.0, 0.0, 0.0, 0.0, 0.0, 0.0, 0.0, 0.0, 0.0, 0.0, 0.0, 0.0, 0.0, 0.0, 0.0, 0.0, 0.0, 0.0, 0.0, 0.0, 0.0, 0.0, 0.0, 0.0, 0.0, 0.0, 0.0, 0.0, 0.0, 0.0, 0.0, 0.0, 0.0, 0.0, 0.0, 0.0, 0.0, 0.0, 0.0, 0.0, 0.0, 0.0, 0.0, 0.0, 0.0, 0.0, 0.0, 0.0, 0.0, 0.0, 0.0, 0.0, 0.0]","[0.0, 0.0, 0.0, 0.0, 0.0, 0.0, 0.0, 0.0, 0.0, 0.0, 0.0, 0.0, 0.0, 0.0, 0.0, 0.0, 0.0, 0.0, 0.0, 0.0, 0.0, 0.0, 0.0, 0.0, 0.0, 0.0, 0.0, 0.0, 0.0, 0.0, 0.0, 0.0, 0.0, 0.0, 0.0, 0.0, 0.0, 0.0, 0.0, 0.0, 0.0, 0.0, 0.0, 0.0, 0.0, 0.0, 0.0, 0.0, 0.0, 0.0, 0.0, 0.0, 0.0, 0.0, 0.0, 0.0, 0.0, 0.0, 0.0, 0.0, 0.0, 0.0, 0.0, 0.0]","[0.0, 0.0, 0.0, 0.0, 0.0, 0.0, 0.0, 0.0, 0.0, 0.0, 0.0, 0.0, 0.0, 0.0, 0.0, 0.0, 0.0, 0.0, 0.0, 0.0, 0.0, 0.0, 0.0, 0.0, 0.0, 0.0, 0.0, 0.0, 0.0, 0.0, 0.0, 0.0, 0.0, 0.0, 0.0, 0.0, 0.0, 0.0, 0.0, 0.0, 0.0, 0.0, 0.0, 0.0, 0.0, 0.0, 0.0, 0.0, 0.0, 0.0, 0.0, 0.0, 0.0, 0.0, 0.0, 0.0, 0.0, 0.0, 0.0, 0.0, 0.0, 0.0, 0.0, 0.0]",0.0,0.0,"[0.0, 0.0, 0.0, 0.0, 0.0, 0.0, 0.0, 0.0, 0.0, 0.0, 0.0, 0.0, 0.0, 0.0, 0.0, 0.0, 0.0, 0.0, 0.0, 0.0, 0.0, 0.0, 0.0, 0.0, 0.0, 0.0, 0.0, 0.0, 0.0, 0.0, 0.0, 0.0, 0.0, 0.0, 0.0, 0.0, 0.0, 0.0, 0.0, 0.0, 0.0, 0.0, 0.0, 0.0, 0.0, 0.0, 0.0, 0.0, 0.0, 0.0, 0.0, 0.0, 0.0, 0.0, 0.0, 0.0, 0.0, 0.0, 0.0, 0.0, 0.0, 0.0, 0.0, 0.0]",0.0,0.0,0.0,1.0,True,0.0,0.0,1e-05,zero-penalty interpolation,0.0015531629978795536,13.0,13.0,64.0,0.5*sum_train((z-y)^2)+lambda*sum(abs(Bz))
burgers,edmd_weak,EDMD + weak,32,0.1,1,34938d2b31d4d5acd059b1c1f8374bb644679f79836ac19b97073c44fc040d0f,13,0.16,1.92,8,5,0.6327249921953813,0.6666666666666666,0.05364364437939638,0.1,0,0.23719793356414,0.26438593793728804,112,8,0.09291715727949942,61,ok,0.07519016700098291,,,,,,,,,,,,,,,,,,,,,,,,,,,,
burgers,linear_weak,Linear q5 + weak,32,0.1,1,34938d2b31d4d5acd059b1c1f8374bb644679f79836ac19b97073c44fc040d0f,13,0.16,1.92,0,5,0.9851702276977851,1.0,0.015053004937908282,0.03,1,0.21431610441877416,0.21299411200835242,112,8,0.08254100006917803,61,ok,0.04353451700080768,,,,,,,,,,,,,,,,,,,,,,,,,,,,
burgers,pod_tv_weak,POD + TV states + weak,32,0.1,1,34938d2b31d4d5acd059b1c1f8374bb644679f79836ac19b97073c44fc040d0f,13,0.16,1.92,8,1,0.6331293671347508,0.6666666666666666,0.05297069015087735,0.1,0,0.16865388808362175,0.20913001029219155,112,8,0.06857013118495621,13,ok,0.1835019239988469,0.1,0.014168651339387231,0.0,0.0,0.0,3.0,64.0,"[0.14245561272411736, 0.15295914631099206, 0.24599840576623755, 0.24130367160505706, 0.31984555006991566, 0.25838504184522254, 0.32488281866794344, 0.3028345746318568]","[0.14245561247897587, 0.15295899291493437, 0.24599840576498389, 0.241303671601851, 0.31983759505107934, 0.2583850418428258, 0.32488229443446176, 0.3028249882761059]","[2.4514149044030376e-10, 1.5339605768938114e-07, 1.2536638394067268e-12, 3.206046539361296e-12, 7.955018836325323e-06, 2.396749465560788e-12, 5.242334816801808e-07, 9.586355750934583e-06]","[2.4514149044030376e-10, 1.5339605768938114e-07, 1.2536638394067268e-12, 3.206046539361296e-12, 7.955018836325323e-06, 2.396749465560788e-12, 5.242334816801808e-07, 9.586355750934583e-06]",9.586355750934583e-06,1.0878243656975428e-06,"[2.4514162921818183e-10, 1.5339605768938114e-07, 1.2536915949823424e-12, 3.20601878378568e-12, 7.955017074595672e-06, 2.3966939544095567e-12, 5.24233291346321e-07, 9.586355749609254e-06]",3.7602309504169984e-05,0.0,0.0,0.9999967237209629,True,50.0,0.13,1e-05,banded ADMM with dual certificate,0.006329550000373274,13.0,13.0,8.0,0.5*sum_train((z-y)^2)+lambda*sum(abs(Bz))
burgers,pod_weak,POD only + weak,32,0.1,1,34938d2b31d4d5acd059b1c1f8374bb644679f79836ac19b97073c44fc040d0f,13,0.16,1.92,8,1,0.6331656703331173,0.6666666666666666,0.05291031700427466,0.1,0,0.21612999109206563,0.2464135132359246,112,8,0.09103910782186558,13,ok,0.04275486400001682,,,,,,,,,,,,,,,,,,,,,,,,,,,,
burgers,raw_weak,Raw + weak,32,0.1,1,34938d2b31d4d5acd059b1c1f8374bb644679f79836ac19b97073c44fc040d0f,13,0.16,1.92,0,1,0.9841094962274631,1.0,0.01614708915364848,0.03,1,0.21461615808533274,0.21299128359483938,112,8,0.09921647971119656,13,ok,0.04043620199809084,,,,,,,,,,,,,,,,,,,,,,,,,,,,
burgers,tv_weak,TV states + weak,32,0.1,1,34938d2b31d4d5acd059b1c1f8374bb644679f79836ac19b97073c44fc040d0f,13,0.16,1.92,0,1,0.9841094962274631,1.0,0.016147089153648476,0.03,1,0.21461615808533283,0.2129912835948394,112,8,0.09921647971119656,13,ok,0.20553299500170397,0.0,0.01426404660013585,1.0,1.0,0.0,3.0,8.0,"[0.0, 0.0, 0.0, 0.0, 0.0, 0.0, 0.0, 0.0, 0.0, 0.0, 0.0, 0.0, 0.0, 0.0, 0.0, 0.0, 0.0, 0.0, 0.0, 0.0, 0.0, 0.0, 0.0, 0.0, 0.0, 0.0, 0.0, 0.0, 0.0, 0.0, 0.0, 0.0, 0.0, 0.0, 0.0, 0.0, 0.0, 0.0, 0.0, 0.0, 0.0, 0.0, 0.0, 0.0, 0.0, 0.0, 0.0, 0.0, 0.0, 0.0, 0.0, 0.0, 0.0, 0.0, 0.0, 0.0, 0.0, 0.0, 0.0, 0.0, 0.0, 0.0, 0.0, 0.0]","[0.0, 0.0, 0.0, 0.0, 0.0, 0.0, 0.0, 0.0, 0.0, 0.0, 0.0, 0.0, 0.0, 0.0, 0.0, 0.0, 0.0, 0.0, 0.0, 0.0, 0.0, 0.0, 0.0, 0.0, 0.0, 0.0, 0.0, 0.0, 0.0, 0.0, 0.0, 0.0, 0.0, 0.0, 0.0, 0.0, 0.0, 0.0, 0.0, 0.0, 0.0, 0.0, 0.0, 0.0, 0.0, 0.0, 0.0, 0.0, 0.0, 0.0, 0.0, 0.0, 0.0, 0.0, 0.0, 0.0, 0.0, 0.0, 0.0, 0.0, 0.0, 0.0, 0.0, 0.0]","[0.0, 0.0, 0.0, 0.0, 0.0, 0.0, 0.0, 0.0, 0.0, 0.0, 0.0, 0.0, 0.0, 0.0, 0.0, 0.0, 0.0, 0.0, 0.0, 0.0, 0.0, 0.0, 0.0, 0.0, 0.0, 0.0, 0.0, 0.0, 0.0, 0.0, 0.0, 0.0, 0.0, 0.0, 0.0, 0.0, 0.0, 0.0, 0.0, 0.0, 0.0, 0.0, 0.0, 0.0, 0.0, 0.0, 0.0, 0.0, 0.0, 0.0, 0.0, 0.0, 0.0, 0.0, 0.0, 0.0, 0.0, 0.0, 0.0, 0.0, 0.0, 0.0, 0.0, 0.0]","[0.0, 0.0, 0.0, 0.0, 0.0, 0.0, 0.0, 0.0, 0.0, 0.0, 0.0, 0.0, 0.0, 0.0, 0.0, 0.0, 0.0, 0.0, 0.0, 0.0, 0.0, 0.0, 0.0, 0.0, 0.0, 0.0, 0.0, 0.0, 0.0, 0.0, 0.0, 0.0, 0.0, 0.0, 0.0, 0.0, 0.0, 0.0, 0.0, 0.0, 0.0, 0.0, 0.0, 0.0, 0.0, 0.0, 0.0, 0.0, 0.0, 0.0, 0.0, 0.0, 0.0, 0.0, 0.0, 0.0, 0.0, 0.0, 0.0, 0.0, 0.0, 0.0, 0.0, 0.0]",0.0,0.0,"[0.0, 0.0, 0.0, 0.0, 0.0, 0.0, 0.0, 0.0, 0.0, 0.0, 0.0, 0.0, 0.0, 0.0, 0.0, 0.0, 0.0, 0.0, 0.0, 0.0, 0.0, 0.0, 0.0, 0.0, 0.0, 0.0, 0.0, 0.0, 0.0, 0.0, 0.0, 0.0, 0.0, 0.0, 0.0, 0.0, 0.0, 0.0, 0.0, 0.0, 0.0, 0.0, 0.0, 0.0, 0.0, 0.0, 0.0, 0.0, 0.0, 0.0, 0.0, 0.0, 0.0, 0.0, 0.0, 0.0, 0.0, 0.0, 0.0, 0.0, 0.0, 0.0, 0.0, 0.0]",0.0,0.0,0.0,1.0,True,0.0,0.0,1e-05,zero-penalty interpolation,0.0017381449979438912,13.0,13.0,64.0,0.5*sum_train((z-y)^2)+lambda*sum(abs(Bz))
burgers,edmd_weak,EDMD + weak,32,0.1,2,49165defa3330a746c312cb777c24cc5a82ab77cf3770411cfe2784b4b9091d6,13,0.16,1.92,8,5,0.627947486811917,0.6666666666666666,0.06165990097567951,0.1,0,0.18182412711573495,0.22645415643435615,112,8,0.1141107694309472,61,ok,0.06929822800157126,,,,,,,,,,,,,,,,,,,,,,,,,,,,
burgers,linear_weak,Linear q5 + weak,32,0.1,2,49165defa3330a746c312cb777c24cc5a82ab77cf3770411cfe2784b4b9091d6,13,0.16,1.92,0,5,0.6289313417045874,0.6666666666666666,0.059999116691824284,0.1,0,0.1736934516293012,0.21867609283349027,112,8,0.08428784056432931,61,ok,0.04307136599891237,,,,,,,,,,,,,,,,,,,,,,,,,,,,
burgers,pod_tv_weak,POD + TV states + weak,32,0.1,2,49165defa3330a746c312cb777c24cc5a82ab77cf3770411cfe2784b4b9091d6,13,0.16,1.92,8,1,0.6307138982871409,0.6666666666666666,0.05700329178913676,0.1,0,0.14918740033226735,0.20254827088343286,112,8,0.07011735481074886,13,ok,0.1780725490025361,0.1,0.014287190427121845,0.0,0.0,0.0,3.0,64.0,"[0.13366884221696948, 0.18611535192004433, 0.26535434112972633, 0.2688192888912983, 0.2798682119673146, 0.3115564519413182, 0.2809830224899538, 0.21172557589206878]","[0.13366883854360562, 0.18611535191999465, 0.26535434112972334, 0.268819288891297, 0.2798682119673105, 0.3115564519413172, 0.28098302248995355, 0.21172543629209625]","[3.6733638630881416e-09, 4.9682480351975755e-14, 2.9976021664879227e-15, 1.27675647831893e-15, 4.107825191113079e-15, 9.992007221626409e-16, 2.7755575615628914e-16, 1.3959997252621648e-07]","[3.6733638630881416e-09, 4.9682480351975755e-14, 2.9976021664879227e-15, 1.27675647831893e-15, 4.107825191113079e-15, 9.992007221626409e-16, 2.7755575615628914e-16, 1.3959997252621648e-07]",1.3959997252621648e-07,1.5021992405550577e-07,"[3.6733639324770806e-09, 4.979350265443827e-14, 2.9698465908722937e-15, 1.2490009027033011e-15, 4.08006961549745e-15, 1.0547118733938987e-15, 3.0531133177191805e-16, 1.3959993883788657e-07]",1.8907507197407636e-07,0.0,0.0,0.9999995278028705,True,75.0,0.52,1e-05,banded ADMM with dual certificate,0.008941187003074447,13.0,13.0,8.0,0.5*sum_train((z-y)^2)+lambda*sum(abs(Bz))
burgers,pod_weak,POD only + weak,32,0.1,2,49165defa3330a746c312cb777c24cc5a82ab77cf3770411cfe2784b4b9091d6,13,0.16,1.92,8,1,0.6283698948855195,0.6666666666666666,0.06094622306519675,0.1,0,0.170915399083869,0.21795457475320362,112,8,0.09139586928491171,13,ok,0.04174161899936735,,,,,,,,,,,,,,,,,,,,,,,,,,,,
burgers,raw_weak,Raw + weak,32,0.1,2,49165defa3330a746c312cb777c24cc5a82ab77cf3770411cfe2784b4b9091d6,13,0.16,1.92,0,1,0.6288370755194937,0.6666666666666666,0.060158016471788284,0.1,0,0.17339880174397299,0.21691288869005515,112,8,0.09984163819607388,13,ok,0.03707823700096924,,,,,,,,,,,,,,,,,,,,,,,,,,,,
burgers,tv_weak,TV states + weak,32,0.1,2,49165defa3330a746c312cb777c24cc5a82ab77cf3770411cfe2784b4b9091d6,13,0.16,1.92,0,1,0.6322664531361901,0.6666666666666666,0.054407779125151184,0.1,0,0.11917746578385567,0.1867133628001732,112,8,0.06483547707209901,13,ok,0.21919202000208315,0.1,0.018510628991091592,0.0,0.0,0.0,3.0,8.0,"[0.06538637964796352, 0.02217554855344853, 0.041865724901095074, 0.04792273072298439, 0.054022228181085305, 0.051913229869163025, 0.042077929500224515, 0.04250424594846537, 0.05151515237311868, 0.03875976142680641, 0.044233278503450914, 0.07517632044457055, 0.038750819049426365, 0.028879508072661528, 0.03586548845495646, 0.06643943356084096, 0.03472171572229118, 0.0731683401433188, 0.08052501038466281, 0.05982771930688645, 0.0750321277455061, 0.07800476870266171, 0.035918560760394465, 0.08012404957239819, 0.05997126642249275, 0.0739739427593008, 0.09670276339221706, 0.08128713176767316, 0.0928068651571329, 0.0710793493576, 0.08423490217271853, 0.06731578938033711, 0.058990318165553515, 0.05883030562220657, 0.09184407354280325, 0.12392367510076512, 0.09884665538839624, 0.09384335074923639, 0.11367492362218133, 0.1109931488913437, 0.05894562866193133, 0.09209950117215664, 0.1032069117972812, 0.055089819128522705, 0.047564454272043324, 0.07115082541520934, 0.04698902443628232, 0.06293116565594854, 0.0702810898908801, 0.05992489237645692, 0.0678153909317647, 0.04009859542521366, 0.03859959740163264, 0.04568555059298098, 0.0764809328207107, 0.06341076763166228, 0.04270533825754053, 0.06116737271701053, 0.034801084178259035, 0.03672373273997376, 0.040118828321027346, 0.046010447812817816, 0.04570611549674452, 0.07343240859093]","[0.0653863796479635, 0.022175548553448495, 0.04186572490109503, 0.0479227307229843, 0.05402222818108513, 0.05191322986881135, 0.04207792950022052, 0.04250424594846522, 0.051515152373118586, 0.03875976142680634, 0.04423327850345077, 0.07517632044000896, 0.03874279929345591, 0.02887950807266148, 0.035865483905987365, 0.06643943356084084, 0.03472171572229105, 0.0731683401433187, 0.08052501038466264, 0.05982771930688631, 0.07503212774550581, 0.07800476870266136, 0.035918560760394375, 0.08012404957239795, 0.059971266422492536, 0.0739739427593006, 0.09670276339221662, 0.08128713176767267, 0.09280686515713274, 0.07107934935759969, 0.08423490217271837, 0.06731578938033701, 0.05899031816555346, 0.058830305622206355, 0.09184407354280269, 0.12392367510076463, 0.09884665538839574, 0.09384335074923555, 0.11367492362218092, 0.11099314889134332, 0.058945628661930996, 0.09209950117215632, 0.10320691179728056, 0.055089819128522524, 0.04756445427186437, 0.07115082541520917, 0.0469890244362822, 0.06293116565594838, 0.07028108989087996, 0.059924892376456804, 0.06781539093176452, 0.04009830199908516, 0.038599568652752665, 0.04568555059298085, 0.07648093282071058, 0.0634107676316622, 0.04270533824882673, 0.061167372717010365, 0.03480108417825896, 0.036723732739861216, 0.0401188268816942, 0.046010447812817774, 0.045706115496744484, 0.07343240859092995]","[2.7755575615628914e-17, 3.469446951953614e-17, 4.163336342344337e-17, 9.020562075079397e-17, 1.734723475976807e-16, 3.5167702083782615e-13, 3.9968028886505635e-15, 1.5265566588595902e-16, 9.71445146547012e-17, 7.632783294297951e-17, 1.457167719820518e-16, 4.5615872190651885e-12, 8.019755970457842e-06, 4.85722573273506e-17, 4.548969097240008e-09, 1.249000902703301e-16, 1.3183898417423734e-16, 9.71445146547012e-17, 1.6653345369377348e-16, 1.3877787807814457e-16, 2.914335439641036e-16, 3.469446951953614e-16, 9.020562075079397e-17, 2.3592239273284576e-16, 2.1510571102112408e-16, 2.0816681711721685e-16, 4.440892098500626e-16, 4.85722573273506e-16, 1.6653345369377348e-16, 3.191891195797325e-16, 1.6653345369377348e-16, 9.71445146547012e-17, 5.551115123125783e-17, 2.1510571102112408e-16, 5.551115123125783e-16, 4.85722573273506e-16, 4.996003610813204e-16, 8.326672684688674e-16, 4.163336342344337e-16, 3.7470027081099033e-16, 3.3306690738754696e-16, 3.191891195797325e-16, 6.38378239159465e-16, 1.8041124150158794e-16, 1.7895407378176742e-13, 1.6653345369377348e-16, 1.1796119636642288e-16, 1.6653345369377348e-16, 1.3877787807814457e-16, 1.1796119636642288e-16, 1.8041124150158794e-16, 2.9342612849897476e-07, 2.874887997800224e-08, 1.3183898417423734e-16, 1.1102230246251565e-16, 8.326672684688674e-17, 8.713800514481562e-12, 1.6653345369377348e-16, 7.632783294297951e-17, 1.1254192022747134e-13, 1.4393331457251968e-09, 4.163336342344337e-17, 3.469446951953614e-17, 5.551115123125783e-17]","[2.7755575615628914e-17, 3.469446951953614e-17, 4.163336342344337e-17, 9.020562075079397e-17, 1.734723475976807e-16, 3.5167702083782615e-13, 3.9968028886505635e-15, 1.5265566588595902e-16, 9.71445146547012e-17, 7.632783294297951e-17, 1.457167719820518e-16, 4.5615872190651885e-12, 8.019755970457842e-06, 4.85722573273506e-17, 4.548969097240008e-09, 1.249000902703301e-16, 1.3183898417423734e-16, 9.71445146547012e-17, 1.6653345369377348e-16, 1.3877787807814457e-16, 2.914335439641036e-16, 3.469446951953614e-16, 9.020562075079397e-17, 2.3592239273284576e-16, 2.1510571102112408e-16, 2.0816681711721685e-16, 4.440892098500626e-16, 4.85722573273506e-16, 1.6653345369377348e-16, 3.191891195797325e-16, 1.6653345369377348e-16, 9.71445146547012e-17, 5.551115123125783e-17, 2.1510571102112408e-16, 5.551115123125783e-16, 4.85722573273506e-16, 4.996003610813204e-16, 8.326672684688674e-16, 4.163336342344337e-16, 3.7470027081099033e-16, 3.3306690738754696e-16, 3.191891195797325e-16, 6.38378239159465e-16, 1.8041124150158794e-16, 1.7895407378176742e-13, 1.6653345369377348e-16, 1.1796119636642288e-16, 1.6653345369377348e-16, 1.3877787807814457e-16, 1.1796119636642288e-16, 1.8041124150158794e-16, 2.9342612849897476e-07, 2.874887997800224e-08, 1.3183898417423734e-16, 1.1102230246251565e-16, 8.326672684688674e-17, 8.713800514481562e-12, 1.6653345369377348e-16, 7.632783294297951e-17, 1.1254192022747134e-13, 1.4393331457251968e-09, 4.163336342344337e-17, 3.469446951953614e-17, 5.551115123125783e-17]",8.019755970457842e-06,1.736530875956488e-06,"[3.469446951953614e-17, 3.209238430557093e-17, 5.204170427930421e-17, 1.1102230246251565e-16, 1.6306400674181987e-16, 3.5167008194392224e-13, 4.010680676458378e-15, 1.3877787807814457e-16, 9.020562075079397e-17, 7.28583859910259e-17, 1.4051260155412137e-16, 4.561602831576472e-12, 8.019752366227539e-06, 5.377642775528102e-17, 4.548969086831667e-09, 1.1796119636642288e-16, 1.249000902703301e-16, 7.632783294297951e-17, 1.491862189340054e-16, 1.214306433183765e-16, 3.122502256758253e-16, 3.3306690738754696e-16, 7.979727989493313e-17, 2.5673907444456745e-16, 2.1510571102112408e-16, 1.8735013540549517e-16, 4.440892098500626e-16, 4.787836793695988e-16, 1.457167719820518e-16, 2.983724378680108e-16, 1.6306400674181987e-16, 1.0061396160665481e-16, 4.683753385137379e-17, 2.0816681711721685e-16, 5.898059818321144e-16, 4.579669976578771e-16, 4.85722573273506e-16, 7.979727989493313e-16, 3.469446951953614e-16, 3.7470027081099033e-16, 3.400058012914542e-16, 2.8449465006019636e-16, 6.245004513516506e-16, 1.6653345369377348e-16, 1.7894366544091156e-13, 2.0816681711721685e-16, 1.1796119636642288e-16, 1.734723475976807e-16, 1.491862189340054e-16, 1.0755285551056204e-16, 1.8735013540549517e-16, 2.93426128495939e-07, 2.8748879976267516e-08, 1.4224732503009818e-16, 1.3877787807814457e-16, 1.1102230246251565e-16, 8.713807453375466e-12, 1.5265566588595902e-16, 6.591949208711867e-17, 1.1254018550399536e-13, 1.439333128377962e-09, 3.729655473350135e-17, 3.469446951953614e-17, 5.551115123125783e-17]",1.8447754981623654e-05,0.0,0.0,0.999990314190862,True,150.0,0.52,1e-05,banded ADMM with dual certificate,0.03208545999950729,13.0,13.0,64.0,0.5*sum_train((z-y)^2)+lambda*sum(abs(Bz))
burgers,edmd_weak,EDMD + weak,32,0.1,3,2517b5998bfce798ae7dac89c44735c888b01c0b7810976040684ab543dd0b50,13,0.16,1.92,8,5,0.9803562360162897,1.0,0.02003737341798654,0.03,1,0.13495017681844385,0.13041873405240845,112,8,0.12638840329625467,61,ok,0.0636538799990376,,,,,,,,,,,,,,,,,,,,,,,,,,,,
burgers,linear_weak,Linear q5 + weak,32,0.1,3,2517b5998bfce798ae7dac89c44735c888b01c0b7810976040684ab543dd0b50,13,0.16,1.92,0,5,0.9801819639639214,1.0,0.020218731587278955,0.03,1,0.1306746980918365,0.12575857797765486,112,8,0.07918935106336525,61,ok,0.04284343400286161,,,,,,,,,,,,,,,,,,,,,,,,,,,,
burgers,pod_tv_weak,POD + TV states + weak,32,0.1,3,2517b5998bfce798ae7dac89c44735c888b01c0b7810976040684ab543dd0b50,13,0.16,1.92,8,1,0.9865911956170975,1.0,0.013591044033709988,0.03,1,0.10754323423999634,0.10341064469141911,112,8,0.06526277561392334,13,ok,0.1764921379981388,0.1,0.01434401691688409,0.0,0.0,0.0,3.0,64.0,"[0.11749443658128782, 0.19272344660179133, 0.24271173702658286, 0.23375313779251128, 0.3067328977808975, 0.3641376543822064, 0.22734415155219745, 0.28762277220120325]","[0.11749443591336589, 0.19272344653032522, 0.24271173702398108, 0.23375313779211798, 0.3067328977527575, 0.3641376543819117, 0.22734372192053695, 0.2876226127553719]","[6.679219261007674e-10, 7.146611080699472e-11, 2.6017799026334387e-12, 3.932965064734617e-13, 2.8139990337905374e-11, 2.947087018867478e-13, 4.2963166049792e-07, 1.5944583137139645e-07]","[6.679219261007674e-10, 7.146611080699472e-11, 2.6017799026334387e-12, 3.932965064734617e-13, 2.8139990337905374e-11, 2.947087018867478e-13, 4.2963166049792e-07, 1.5944583137139645e-07]",4.2963166049792e-07,1.2294362305986795e-07,"[6.679218705896162e-10, 7.146594427354103e-11, 2.6018076582090544e-12, 3.932687508978461e-13, 2.8140045849056605e-11, 2.947919686135947e-13, 4.296316319651883e-07, 1.5944583128812972e-07]",8.415461752037112e-07,0.0,0.0,0.9999995584047285,True,50.0,0.26,1e-05,banded ADMM with dual certificate,0.006599883003218565,13.0,13.0,8.0,0.5*sum_train((z-y)^2)+lambda*sum(abs(Bz))
burgers,pod_weak,POD only + weak,32,0.1,3,2517b5998bfce798ae7dac89c44735c888b01c0b7810976040684ab543dd0b50,13,0.16,1.92,8,1,0.9804654960509259,1.0,0.0199237036160417,0.03,1,0.12486676141225742,0.12014236655400666,112,8,0.08720658148849728,13,ok,0.04255407800155808,,,,,,,,,,,,,,,,,,,,,,,,,,,,
burgers,raw_weak,Raw + weak,32,0.1,3,2517b5998bfce798ae7dac89c44735c888b01c0b7810976040684ab543dd0b50,13,0.16,1.92,0,1,0.9805313845037603,1.0,0.01985516813017935,0.03,1,0.13008148829327912,0.125619349059261,112,8,0.09627759737809229,13,ok,0.04021447299965075,,,,,,,,,,,,,,,,,,,,,,,,,,,,
burgers,tv_weak,TV states + weak,32,0.1,3,2517b5998bfce798ae7dac89c44735c888b01c0b7810976040684ab543dd0b50,13,0.16,1.92,0,1,0.9899056202390292,1.0,0.010197315334499708,0.03,1,0.11149995597118621,0.10757743954678084,112,8,0.06293050102850352,13,ok,0.20861037999929977,0.1,0.014866937193441239,0.0,0.0,0.0,3.0,8.0,"[0.044665594064008975, 0.058516008351045895, 0.053426730211801804, 0.10363829731566782, 0.03684973165705169, 0.02881828226352218, 0.08835089494318388, 0.04324406469841609, 0.0437136276977768, 0.076753866241777, 0.04087328219174466, 0.04206446300074886, 0.035746146573460834, 0.041283200004520626, 0.039808816593028505, 0.04219533159210114, 0.045076250120812705, 0.056604217616077784, 0.036166962413782935, 0.07250063456288633, 0.06437694938501591, 0.10594992712369686, 0.05733956287834531, 0.053896955632846, 0.09611246837537825, 0.0823583613519405, 0.07084891773758646, 0.04076445693474699, 0.06333417366657239, 0.07209133130392886, 0.08841308894323517, 0.03548851618715255, 0.06095845037707517, 0.07785315637064263, 0.0662660430489024, 0.10876663558392405, 0.1037570993967529, 0.0843263432632102, 0.1040860159408409, 0.09008542482501289, 0.13879415633311667, 0.08114726812913174, 0.07938296798970344, 0.08204382446214625, 0.042525490012387104, 0.07383908645702479, 0.06848529264742056, 0.05636462376567383, 0.046564666297864196, 0.04099400095822735, 0.03031908006710891, 0.06389884728300126, 0.04278874710186479, 0.05819452071903157, 0.05905558603859557, 0.05190210266994547, 0.0806313964176942, 0.056729505799739344, 0.08048075483655527, 0.04727365841550514, 0.03321893134729918, 0.06678371141406018, 0.030085866325519912, 0.0518936509092754]","[0.04466559406399151, 0.058516008351045846, 0.05342672778462494, 0.10363829731566773, 0.03684965460150437, 0.028818282263522066, 0.08835089494318109, 0.04324406469755228, 0.043713627638787445, 0.07675385065795265, 0.04087328219174141, 0.04206446300074875, 0.03574614657346073, 0.041283200004520494, 0.03980881659302844, 0.04219533159210109, 0.04507266461957833, 0.056604217616077646, 0.03616696241372672, 0.07250063456172971, 0.06437694938501569, 0.10594992712369666, 0.057339562878345164, 0.05389695563284569, 0.09611246837537782, 0.08235836135194033, 0.07084891773758609, 0.040764456934746784, 0.06333417366657218, 0.07209133130392863, 0.08841307323958587, 0.0354884466554505, 0.06095726879323754, 0.07785315635766908, 0.06626604304890216, 0.1087666355839237, 0.10375709939675222, 0.08432634326320985, 0.10408601594084048, 0.09008542482501258, 0.13879415633311612, 0.08114726777042316, 0.0793829679896993, 0.08204382446214596, 0.0425254900038611, 0.07383908645702464, 0.06848529264742037, 0.05636462376567374, 0.04656466629786407, 0.040994000957835834, 0.03031609518171478, 0.06389884728300116, 0.042788747099939614, 0.05819421997360856, 0.05905558603859548, 0.051902102669945265, 0.0806313964176941, 0.05672950579973926, 0.08048075116371958, 0.04727365841550501, 0.033218931347208956, 0.06678371141406005, 0.030085863982101405, 0.05189365090849452]","[1.7465195956134494e-14, 4.85722573273506e-17, 2.4271768622741163e-09, 8.326672684688674e-17, 7.705554731785025e-08, 1.1449174941446927e-16, 2.789435349370706e-15, 8.63809024309603e-13, 5.898935506731817e-11, 1.5583824355958065e-08, 3.247402347028583e-15, 1.1102230246251565e-16, 1.0408340855860843e-16, 1.3183898417423734e-16, 6.245004513516506e-17, 4.85722573273506e-17, 3.5855012343738446e-06, 1.3877787807814457e-16, 5.621197951555246e-14, 1.1566164692666803e-12, 2.220446049250313e-16, 1.942890293094024e-16, 1.457167719820518e-16, 3.122502256758253e-16, 4.3021142204224816e-16, 1.6653345369377348e-16, 3.7470027081099033e-16, 2.0816681711721685e-16, 2.0816681711721685e-16, 2.3592239273284576e-16, 1.5703649297593714e-08, 6.953170204881953e-08, 1.1815838376269538e-06, 1.297355278762069e-11, 2.498001805406602e-16, 3.469446951953614e-16, 6.800116025829084e-16, 3.469446951953614e-16, 4.163336342344337e-16, 3.0531133177191805e-16, 5.551115123125783e-16, 3.5870857673092615e-10, 4.1494585545365226e-15, 2.914335439641036e-16, 8.526006289866217e-12, 1.5265566588595902e-16, 1.942890293094024e-16, 9.020562075079397e-17, 1.249000902703301e-16, 3.9151321074015755e-13, 2.984885394130554e-06, 9.71445146547012e-17, 1.9251752969573488e-12, 3.007454230097295e-07, 9.020562075079397e-17, 2.0816681711721685e-16, 1.1102230246251565e-16, 8.326672684688674e-17, 3.672835688361964e-09, 1.3183898417423734e-16, 9.022643743250569e-14, 1.3877787807814457e-16, 2.343418507855244e-09, 7.808753643701039e-13]","[1.7465195956134494e-14, 4.85722573273506e-17, 2.4271768622741163e-09, 8.326672684688674e-17, 7.705554731785025e-08, 1.1449174941446927e-16, 2.789435349370706e-15, 8.63809024309603e-13, 5.898935506731817e-11, 1.5583824355958065e-08, 3.247402347028583e-15, 1.1102230246251565e-16, 1.0408340855860843e-16, 1.3183898417423734e-16, 6.245004513516506e-17, 4.85722573273506e-17, 3.5855012343738446e-06, 1.3877787807814457e-16, 5.621197951555246e-14, 1.1566164692666803e-12, 2.220446049250313e-16, 1.942890293094024e-16, 1.457167719820518e-16, 3.122502256758253e-16, 4.3021142204224816e-16, 1.6653345369377348e-16, 3.7470027081099033e-16, 2.0816681711721685e-16, 2.0816681711721685e-16, 2.3592239273284576e-16, 1.5703649297593714e-08, 6.953170204881953e-08, 1.1815838376269538e-06, 1.297355278762069e-11, 2.498001805406602e-16, 3.469446951953614e-16, 6.800116025829084e-16, 3.469446951953614e-16, 4.163336342344337e-16, 3.0531133177191805e-16, 5.551115123125783e-16, 3.5870857673092615e-10, 4.1494585545365226e-15, 2.914335439641036e-16, 8.526006289866217e-12, 1.5265566588595902e-16, 1.942890293094024e-16, 9.020562075079397e-17, 1.249000902703301e-16, 3.9151321074015755e-13, 2.984885394130554e-06, 9.71445146547012e-17, 1.9251752969573488e-12, 3.007454230097295e-07, 9.020562075079397e-17, 2.0816681711721685e-16, 1.1102230246251565e-16, 8.326672684688674e-17, 3.672835688361964e-09, 1.3183898417423734e-16, 9.022643743250569e-14, 1.3877787807814457e-16, 2.343418507855244e-09, 7.808753643701039e-13]",3.5855012343738446e-06,1.1826426571659443e-06,"[1.747733902046633e-14, 5.0306980803327406e-17, 2.4271768674782868e-09, 1.1102230246251565e-16, 7.705554625273003e-08, 1.196959198423997e-16, 2.7720881146109377e-15, 8.638055548626511e-13, 5.898938455761726e-11, 1.5583824185955164e-08, 3.2508717939805365e-15, 9.8879238130678e-17, 1.1102230246251565e-16, 1.4224732503009818e-16, 5.898059818321144e-17, 6.591949208711867e-17, 3.585501234359967e-06, 1.5265566588595902e-16, 5.619463228079269e-14, 1.1566025914788725e-12, 2.1510571102112408e-16, 1.8735013540549517e-16, 1.3183898417423734e-16, 2.914335439641036e-16, 4.510281037539698e-16, 1.8735013540549517e-16, 3.677613769070831e-16, 1.6306400674181987e-16, 1.734723475976807e-16, 2.3592239273284576e-16, 1.570364925596035e-08, 6.953169552625926e-08, 1.1815835515398276e-06, 1.2973580543196306e-11, 2.498001805406602e-16, 3.5388358909926865e-16, 6.938893903907228e-16, 2.914335439641036e-16, 4.163336342344337e-16, 3.469446951953614e-16, 5.412337245047638e-16, 3.5870857673092615e-10, 4.142519660632615e-15, 2.706168622523819e-16, 8.526009759313169e-12, 1.3183898417423734e-16, 1.734723475976807e-16, 9.194034422677078e-17, 1.1102230246251565e-16, 3.9152014963406145e-13, 2.9848817567875233e-06, 1.0408340855860843e-16, 1.925168358063445e-12, 3.0074541402472926e-07, 9.020562075079397e-17, 1.97758476261356e-16, 8.673617379884035e-17, 7.632783294297951e-17, 3.672835695300858e-09, 1.4224732503009818e-16, 9.022470270902971e-14, 1.3183898417423734e-16, 2.3434185048194778e-09, 7.808857727109597e-13]",9.402719095663592e-06,0.0,0.0,0.9999881734769194,True,125.0,0.52,1e-05,banded ADMM with dual certificate,0.02758368899958441,13.0,13.0,64.0,0.5*sum_train((z-y)^2)+lambda*sum(abs(Bz))
burgers,edmd_weak,EDMD + weak,32,0.1,4,10bc9aecf593097bad1eb161c6b0e85e61995dbb0066c626a9b074a4288f5c78,13,0.16,1.92,8,5,0.9721543841301876,1.0,0.028643203512091025,0.03,1,0.18087930405857452,0.17608689913409256,112,8,0.7679046235609012,61,ok,0.07085223099784344,,,,,,,,,,,,,,,,,,,,,,,,,,,,
burgers,linear_weak,Linear q5 + weak,32,0.1,4,10bc9aecf593097bad1eb161c6b0e85e61995dbb0066c626a9b074a4288f5c78,13,0.16,1.92,0,5,0.9764484754514388,1.0,0.024119577367021475,0.03,1,0.16252119633053957,0.1576872608355517,112,8,0.08194449954796103,61,ok,0.03799746100048651,,,,,,,,,,,,,,,,,,,,,,,,,,,,
burgers,pod_tv_weak,POD + TV states + weak,32,0.1,4,10bc9aecf593097bad1eb161c6b0e85e61995dbb0066c626a9b074a4288f5c78,13,0.16,1.92,8,1,0.9722506199694704,1.0,0.028541385791454786,0.01,1,0.1364675043391364,0.13032897530746887,112,8,0.0657055058083673,13,ok,0.10624334599924623,0.1,0.015591904034274445,0.0,0.0,0.0,3.0,64.0,"[0.1431100606991978, 0.24031697963271872, 0.21871629432592177, 0.25329656228565745, 0.37092959964467975, 0.27128798727693726, 0.29387033872653684, 0.30557930979148407]","[0.14311006069845833, 0.2403169796327138, 0.21871629432553943, 0.25329656228530373, 0.3709295996446548, 0.2712879872721735, 0.2938703387254486, 0.305577564593883]","[7.394640455515855e-13, 4.912736883966318e-15, 3.823330541052883e-13, 3.5371705564557487e-13, 2.4980018054066022e-14, 4.763744954061622e-12, 1.0882406087375784e-12, 1.7451976010440795e-06]","[7.394640455515855e-13, 4.912736883966318e-15, 3.823330541052883e-13, 3.5371705564557487e-13, 2.4980018054066022e-14, 4.763744954061622e-12, 1.0882406087375784e-12, 1.7451976010440795e-06]",1.7451976010440795e-06,1.31456228286142e-06,"[7.394918011272011e-13, 4.884981308350689e-15, 3.8238856525651954e-13, 3.5371705564557487e-13, 2.4924506902834764e-14, 4.763717198486006e-12, 1.0882267309497706e-12, 1.7451946443605704e-06]",3.3645948292054806e-06,0.0,0.0,0.9999967135994385,True,50.0,0.26,1e-05,banded ADMM with dual certificate,0.0037015210000390653,13.0,13.0,8.0,0.5*sum_train((z-y)^2)+lambda*sum(abs(Bz))
burgers,pod_weak,POD only + weak,32,0.1,4,10bc9aecf593097bad1eb161c6b0e85e61995dbb0066c626a9b074a4288f5c78,13,0.16,1.92,8,1,0.9773204209557609,1.0,0.02320587860229089,0.03,1,0.1613837806264063,0.15657868631746827,112,8,0.09056894371962616,13,ok,0.022109125002316432,,,,,,,,,,,,,,,,,,,,,,,,,,,,
burgers,raw_weak,Raw + weak,32,0.1,4,10bc9aecf593097bad1eb161c6b0e85e61995dbb0066c626a9b074a4288f5c78,13,0.16,1.92,0,1,0.9764778364516445,1.0,0.024088783862039453,0.01,1,0.1619438069106765,0.15747447494376032,112,8,0.1000997962534774,13,ok,0.041748818002815824,,,,,,,,,,,,,,,,,,,,,,,,,,,,
burgers,tv_weak,TV states + weak,32,0.1,4,10bc9aecf593097bad1eb161c6b0e85e61995dbb0066c626a9b074a4288f5c78,13,0.16,1.92,0,1,0.9763512173065798,1.0,0.02422159390414758,0.03,1,0.10430636346542632,0.09893962541416591,112,8,0.06099789786592539,13,ok,0.11335281699939515,0.1,0.019218064869375613,0.0,0.0,0.0,3.0,8.0,"[0.0935724261232504, 0.02942098064725642, 0.09018037170173265, 0.03989086218437887, 0.025742074761493663, 0.05767675107826502, 0.09300091119688457, 0.04664812140316048, 0.047189034581819445, 0.02749529529958277, 0.07078426984315102, 0.04933596344608246, 0.049327122875621424, 0.04946916313413413, 0.02365811265966473, 0.05792943095827293, 0.06146931032853038, 0.06073564393935241, 0.0834573104750227, 0.0744030000888205, 0.07434260779822056, 0.07957124419187697, 0.08119340863573304, 0.05874120007093559, 0.06933272169304194, 0.1104170758112055, 0.07517697467721554, 0.07101943218390881, 0.16283848947934043, 0.06787209877354523, 0.05039011220072386, 0.04106688123941617, 0.06556254760101624, 0.07421218087400372, 0.0707497294331442, 0.08050642670468006, 0.13659485072010222, 0.10772451220318237, 0.13912317427333695, 0.09227261982010142, 0.09306530087110226, 0.0855102507937763, 0.08170853948995055, 0.07461129989315893, 0.06695210416076228, 0.04836783142595994, 0.06352932420896018, 0.07964632853289673, 0.038207030337616806, 0.03040630147178533, 0.04353501725499341, 0.0572854120171339, 0.05860190097586326, 0.03764729659315546, 0.05697021118790617, 0.06524589455513602, 0.039330854371310994, 0.059364663923881206, 0.05738005035666957, 0.05223584027956539, 0.04635874548954202, 0.04382623789412812, 0.04210565668817291, 0.04506566258578709]","[0.09357242612325035, 0.029420980236990076, 0.09017907859947369, 0.0398908621843788, 0.0257420747614936, 0.057676751078264976, 0.09300091119688453, 0.046648016303730444, 0.047189034581819354, 0.02749529529958269, 0.07078426971640434, 0.04933596344608236, 0.04932712276635974, 0.049469163134134034, 0.02365811265966466, 0.05792943095827281, 0.0614693103285303, 0.060735643939345295, 0.08345731047502253, 0.07440300008882028, 0.0743426077982203, 0.07957124419187675, 0.0811934086357328, 0.05874120007093535, 0.06933272169304171, 0.11041707581120523, 0.07517697467721543, 0.07101943218390858, 0.1628384894793402, 0.06787209877354498, 0.050390112200723744, 0.0410657217209693, 0.06556254760101239, 0.07421218076237616, 0.07074972943314403, 0.08050642670467956, 0.13659485072010133, 0.10772451220318138, 0.13912317427333598, 0.09227261982010121, 0.09306530087110171, 0.08551025079377617, 0.08170853948995033, 0.07461129989315873, 0.06695210416076214, 0.0483678314259598, 0.06352932420895988, 0.07964632853289638, 0.03820703033754251, 0.030398474680233302, 0.04353485903219938, 0.057285412017133705, 0.058601900975863236, 0.037647296593155244, 0.05697021118790603, 0.06524589455513585, 0.039330854370052654, 0.05936466392388111, 0.05738005035664254, 0.052235840279565335, 0.046358745489541935, 0.04382623789412806, 0.042105656688172864, 0.04506566258578705]","[4.163336342344337e-17, 4.102663452021371e-10, 1.293102258964618e-06, 6.938893903907228e-17, 6.245004513516506e-17, 4.163336342344337e-17, 4.163336342344337e-17, 1.0509943003389477e-07, 9.020562075079397e-17, 7.979727989493313e-17, 1.267466825938257e-10, 9.71445146547012e-17, 1.0926168303448947e-10, 9.71445146547012e-17, 6.938893903907228e-17, 1.1796119636642288e-16, 8.326672684688674e-17, 7.112366251504909e-15, 1.6653345369377348e-16, 2.220446049250313e-16, 2.636779683484747e-16, 2.220446049250313e-16, 2.498001805406602e-16, 2.42861286636753e-16, 2.3592239273284576e-16, 2.636779683484747e-16, 1.1102230246251565e-16, 2.3592239273284576e-16, 2.220446049250313e-16, 2.498001805406602e-16, 1.1796119636642288e-16, 1.1595184468693454e-06, 3.8441472227646045e-15, 1.1162755442217787e-10, 1.6653345369377348e-16, 4.996003610813204e-16, 8.881784197001252e-16, 9.853229343548264e-16, 9.71445146547012e-16, 2.0816681711721685e-16, 5.551115123125783e-16, 1.3877787807814457e-16, 2.220446049250313e-16, 1.942890293094024e-16, 1.3877787807814457e-16, 1.3877787807814457e-16, 3.0531133177191805e-16, 3.469446951953614e-16, 7.42947370291347e-14, 7.826791552027756e-06, 1.5822279403332473e-07, 1.942890293094024e-16, 2.0816681711721685e-17, 2.1510571102112408e-16, 1.3877787807814457e-16, 1.6653345369377348e-16, 1.2583406538979602e-12, 9.71445146547012e-17, 2.7033930649622562e-14, 5.551115123125783e-17, 8.326672684688674e-17, 6.245004513516506e-17, 4.85722573273506e-17, 4.163336342344337e-17]","[4.163336342344337e-17, 4.102663452021371e-10, 1.293102258964618e-06, 6.938893903907228e-17, 6.245004513516506e-17, 4.163336342344337e-17, 4.163336342344337e-17, 1.0509943003389477e-07, 9.020562075079397e-17, 7.979727989493313e-17, 1.267466825938257e-10, 9.71445146547012e-17, 1.0926168303448947e-10, 9.71445146547012e-17, 6.938893903907228e-17, 1.1796119636642288e-16, 8.326672684688674e-17, 7.112366251504909e-15, 1.6653345369377348e-16, 2.220446049250313e-16, 2.636779683484747e-16, 2.220446049250313e-16, 2.498001805406602e-16, 2.42861286636753e-16, 2.3592239273284576e-16, 2.636779683484747e-16, 1.1102230246251565e-16, 2.3592239273284576e-16, 2.220446049250313e-16, 2.498001805406602e-16, 1.1796119636642288e-16, 1.1595184468693454e-06, 3.8441472227646045e-15, 1.1162755442217787e-10, 1.6653345369377348e-16, 4.996003610813204e-16, 8.881784197001252e-16, 9.853229343548264e-16, 9.71445146547012e-16, 2.0816681711721685e-16, 5.551115123125783e-16, 1.3877787807814457e-16, 2.220446049250313e-16, 1.942890293094024e-16, 1.3877787807814457e-16, 1.3877787807814457e-16, 3.0531133177191805e-16, 3.469446951953614e-16, 7.42947370291347e-14, 7.826791552027756e-06, 1.5822279403332473e-07, 1.942890293094024e-16, 2.0816681711721685e-17, 2.1510571102112408e-16, 1.3877787807814457e-16, 1.6653345369377348e-16, 1.2583406538979602e-12, 9.71445146547012e-17, 2.7033930649622562e-14, 5.551115123125783e-17, 8.326672684688674e-17, 6.245004513516506e-17, 4.85722573273506e-17, 4.163336342344337e-17]",7.826791552027756e-06,1.0332413487995629e-06,"[4.5102810375396984e-17, 4.1026633652851974e-10, 1.2931021334313536e-06, 5.724587470723463e-17, 6.765421556309548e-17, 5.0306980803327406e-17, 6.418476861114186e-17, 1.0509942830264074e-07, 1.0061396160665481e-16, 7.806255641895632e-17, 1.267466825938257e-10, 8.153200337090993e-17, 1.0926166091676515e-10, 1.0581813203458523e-16, 7.28583859910259e-17, 1.214306433183765e-16, 8.326672684688674e-17, 7.119305145408816e-15, 1.5265566588595902e-16, 2.0816681711721685e-16, 2.498001805406602e-16, 2.636779683484747e-16, 2.498001805406602e-16, 2.0816681711721685e-16, 2.220446049250313e-16, 2.983724378680108e-16, 1.457167719820518e-16, 2.220446049250313e-16, 2.42861286636753e-16, 2.1163626406917047e-16, 1.1449174941446927e-16, 1.1595183106016121e-06, 3.874504883594199e-15, 1.1162752666660225e-10, 1.942890293094024e-16, 4.926614671774132e-16, 8.743006318923108e-16, 1.0130785099704553e-15, 9.575673587391975e-16, 2.1510571102112408e-16, 5.828670879282072e-16, 1.3183898417423734e-16, 2.1510571102112408e-16, 1.5959455978986625e-16, 1.5265566588595902e-16, 1.3877787807814457e-16, 3.122502256758253e-16, 3.677613769070831e-16, 7.429126758218274e-14, 7.826789701851494e-06, 1.5822278556874153e-07, 2.0816681711721685e-16, 4.336808689942018e-17, 2.1163626406917047e-16, 1.1796119636642288e-16, 1.457167719820518e-16, 1.2583302455571044e-12, 8.326672684688674e-17, 2.7033930649622562e-14, 7.28583859910259e-17, 6.765421556309548e-17, 5.898059818321144e-17, 4.85722573273506e-17, 2.6020852139652106e-17]",1.9498218301189363e-05,0.0,0.0,0.9999897626610692,True,200.0,0.52,1e-05,banded ADMM with dual certificate,0.019485738001094433,13.0,13.0,64.0,0.5*sum_train((z-y)^2)+lambda*sum(abs(Bz))
burgers,edmd_weak,EDMD + weak,32,0.2,0,bafc5384af37d51830ee1f4b712cbfb0c4919bb5c26b6ee3ad5f99316c92c02a,13,0.16,1.92,8,5,0.6331671992570158,0.6666666666666666,0.052907774516684374,0.1,0,0.4375110024742209,0.4610723510219065,112,8,0.19389979839775806,61,ok,0.03788192900174181,,,,,,,,,,,,,,,,,,,,,,,,,,,,
burgers,linear_weak,Linear q5 + weak,32,0.2,0,bafc5384af37d51830ee1f4b712cbfb0c4919bb5c26b6ee3ad5f99316c92c02a,13,0.16,1.92,0,5,0.6348433845627938,0.6666666666666666,0.050127768324763955,0.1,0,0.41670764730291465,0.44158131367630127,112,8,0.1735815578406903,61,ok,0.02284849299758207,,,,,,,,,,,,,,,,,,,,,,,,,,,,
burgers,pod_tv_weak,POD + TV states + weak,32,0.2,0,bafc5384af37d51830ee1f4b712cbfb0c4919bb5c26b6ee3ad5f99316c92c02a,13,0.16,1.92,8,1,0.7609722051311459,0.8,0.05128675476672381,0.03,0,0.1942078509422506,0.18851505022960893,112,8,0.11710971719136348,13,ok,0.12423329099692637,1.0,0.05818721091960523,0.0,0.0,0.0,3.0,64.0,"[0.504544416458329, 1.2376023100938927, 2.2201260428348046, 1.6156104389926607, 1.6491839778235922, 1.4582459041976827, 1.3658197637823009, 0.9015070454122779]","[0.5045444164582383, 1.2376015729773884, 2.2201260425377147, 1.6156104385860026, 1.6491836658514498, 1.4582455381685733, 1.3658193409587014, 0.9015066002223928]","[9.070522111187529e-14, 7.371165042791006e-07, 2.9708990822996384e-10, 4.0665804057482546e-10, 3.119721423416877e-07, 3.6602910946648137e-07, 4.2282359946632653e-07, 4.451898850676983e-07]","[9.070522111187529e-14, 5.956004592648005e-07, 1.3381668540341955e-10, 2.517055044707302e-10, 1.8916758017100886e-07, 2.510064375376169e-07, 3.0957496053170363e-07, 4.451898850676983e-07]",5.956004592648005e-07,1.6312686607067306e-07,"[9.10937991704941e-14, 7.371164623126703e-07, 2.970900192522663e-10, 4.06657929552523e-10, 3.1197214203049016e-07, 3.6602910958274766e-07, 4.228235991289597e-07, 4.45189885009924e-07]",1.4678095294762272e-06,0.0,0.0,0.9999994913083906,True,100.0,5.2,1e-05,banded ADMM with dual certificate,0.005791645999124739,13.0,13.0,8.0,0.5*sum_train((z-y)^2)+lambda*sum(abs(Bz))
burgers,pod_weak,POD only + weak,32,0.2,0,bafc5384af37d51830ee1f4b712cbfb0c4919bb5c26b6ee3ad5f99316c92c02a,13,0.16,1.92,8,1,0.6336038283908076,0.6666666666666666,0.0521821946054686,0.1,0,0.4082848174990634,0.43375867671169394,112,8,0.19106815113926984,13,ok,0.022940228998777457,,,,,,,,,,,,,,,,,,,,,,,,,,,,
burgers,raw_weak,Raw + weak,32,0.2,0,bafc5384af37d51830ee1f4b712cbfb0c4919bb5c26b6ee3ad5f99316c92c02a,13,0.16,1.92,0,1,0.6348146172758746,0.6666666666666666,0.05017535596057317,0.1,0,0.41765103810969784,0.44201356095035804,112,8,0.20820147138440878,13,ok,0.03165449600055581,,,,,,,,,,,,,,,,,,,,,,,,,,,,
burgers,tv_weak,TV states + weak,32,0.2,0,bafc5384af37d51830ee1f4b712cbfb0c4919bb5c26b6ee3ad5f99316c92c02a,13,0.16,1.92,0,1,0.6344530458989309,0.6666666666666666,0.05077384524507021,0.1,0,0.2736398729662469,0.3093722550931379,112,8,0.12978021774025433,13,ok,0.10698828299791785,0.1,0.0761442566808743,0.0,0.0,0.0,3.0,8.0,"[0.17928891246732026, 0.19428561030346056, 0.1768699822958691, 0.18656994540489835, 0.09360418632010847, 0.2186971695187083, 0.11293872907684403, 0.09843294917744812, 0.3432486399032825, 0.1420111957410744, 0.16003778215268838, 0.07866211814849285, 0.17986219704107698, 0.09291764671095021, 0.10569386678104556, 0.31396797504880414, 0.08504434463473705, 0.23419100711515453, 0.257655732648537, 0.2092755032435378, 0.18083112036349694, 0.14920006712588202, 0.07811355976989083, 0.1907991889189024, 0.15628460343935066, 0.14537977383189374, 0.2141550918956125, 0.19607249707965352, 0.15198772845854186, 0.11142965512945471, 0.08910145918757444, 0.25188844288179757, 0.21509417196857636, 0.19364815607469188, 0.21598797403329256, 0.1861856045112007, 0.2942768413793755, 0.1923832056013302, 0.22955669648468396, 0.2104957614057199, 0.18242601152062593, 0.28212198550179857, 0.21831231451810246, 0.20933181557790306, 0.17445368019731072, 0.1218349143916724, 0.1150424801335706, 0.03641557820402802, 0.06705335384157171, 0.27278079850279846, 0.19304031137495806, 0.13546638937210664, 0.23261859519824118, 0.1818354188949122, 0.27322639303690355, 0.12187861830382898, 0.2022442707078717, 0.26907214883600833, 0.17673965382825596, 0.11650568702739252, 0.11010917467569682, 0.13404699660942676, 0.2679579916359055, 0.24001560917288417]","[0.17928891246732015, 0.19428561030345873, 0.17686998229586892, 0.18656994540489769, 0.0936041863201082, 0.21869716951870766, 0.1129360475924989, 0.09843294917509157, 0.3432486399032814, 0.14201119571981446, 0.16003778215268816, 0.07866211814849221, 0.17986219703145778, 0.09291764671093233, 0.10569386678104523, 0.31396797504880253, 0.08504434463473683, 0.23419100710649174, 0.2576557326170174, 0.20927550324353733, 0.18083112036349602, 0.14920006712580147, 0.0781135597447069, 0.19079918891890169, 0.1562846034393499, 0.14537977383189338, 0.2141550918949383, 0.19607249707965327, 0.15198772845854122, 0.11142965509887101, 0.08910145918742507, 0.25188844288179707, 0.21509417196857622, 0.19364815607469119, 0.21598797403329195, 0.18618559449452043, 0.29427684137937404, 0.19238320560132954, 0.22955669648468302, 0.21049576140571932, 0.1824260115206254, 0.2821219855017976, 0.2183123145181018, 0.2093318155779028, 0.17445368019731056, 0.1218349143916721, 0.11504248013357027, 0.03641557819127897, 0.06705319793883058, 0.272780798502797, 0.19304031137495778, 0.13546638936904581, 0.2326185951982407, 0.18183541889491187, 0.27322639303690066, 0.12187861827202588, 0.20224427070787115, 0.26907214883600705, 0.17673965382825566, 0.11650568702739184, 0.11009921897434309, 0.1340469966094266, 0.2679579916359048, 0.2400156091728836]","[1.1102230246251565e-16, 1.8318679906315083e-15, 1.6653345369377348e-16, 6.661338147750939e-16, 2.7755575615628914e-16, 6.38378239159465e-16, 2.681484345137819e-06, 2.3565455142815495e-12, 1.1102230246251565e-15, 2.125993825430328e-11, 2.220446049250313e-16, 6.38378239159465e-16, 9.619194329957281e-12, 1.787459069646502e-14, 3.3306690738754696e-16, 1.609823385706477e-15, 2.220446049250313e-16, 8.66279270539394e-12, 3.151956473601558e-11, 4.718447854656915e-16, 9.159339953157541e-16, 8.054668043655511e-14, 2.518392439032624e-11, 7.216449660063518e-16, 7.494005416219807e-16, 3.608224830031759e-16, 6.741829317036263e-13, 2.498001805406602e-16, 6.38378239159465e-16, 3.0583702237407806e-11, 1.49366630175507e-13, 4.996003610813204e-16, 1.3877787807814457e-16, 6.938893903907228e-16, 6.106226635438361e-16, 1.0016680263014166e-08, 1.4432899320127035e-15, 6.661338147750939e-16, 9.43689570931383e-16, 5.828670879282072e-16, 5.273559366969494e-16, 9.43689570931383e-16, 6.661338147750939e-16, 2.498001805406602e-16, 1.6653345369377348e-16, 3.0531133177191805e-16, 3.3306690738754696e-16, 1.2749051814253676e-11, 1.5590274113352898e-07, 1.4432899320127035e-15, 2.7755575615628914e-16, 3.0608293677403253e-12, 4.718447854656915e-16, 3.3306690738754696e-16, 2.886579864025407e-15, 3.180310181871704e-11, 5.551115123125783e-16, 1.27675647831893e-15, 3.0531133177191805e-16, 6.800116025829084e-16, 9.955701353731028e-06, 1.6653345369377348e-16, 7.216449660063518e-16, 5.828670879282072e-16]","[1.1102230246251565e-16, 1.8318679906315083e-15, 1.6653345369377348e-16, 6.661338147750939e-16, 2.7755575615628914e-16, 6.38378239159465e-16, 2.681484345137819e-06, 2.3565455142815495e-12, 1.1102230246251565e-15, 2.125993825430328e-11, 2.220446049250313e-16, 6.38378239159465e-16, 9.619194329957281e-12, 1.787459069646502e-14, 3.3306690738754696e-16, 1.609823385706477e-15, 2.220446049250313e-16, 8.66279270539394e-12, 3.151956473601558e-11, 4.718447854656915e-16, 9.159339953157541e-16, 8.054668043655511e-14, 2.518392439032624e-11, 7.216449660063518e-16, 7.494005416219807e-16, 3.608224830031759e-16, 6.741829317036263e-13, 2.498001805406602e-16, 6.38378239159465e-16, 3.0583702237407806e-11, 1.49366630175507e-13, 4.996003610813204e-16, 1.3877787807814457e-16, 6.938893903907228e-16, 6.106226635438361e-16, 1.0016680263014166e-08, 1.4432899320127035e-15, 6.661338147750939e-16, 9.43689570931383e-16, 5.828670879282072e-16, 5.273559366969494e-16, 9.43689570931383e-16, 6.661338147750939e-16, 2.498001805406602e-16, 1.6653345369377348e-16, 3.0531133177191805e-16, 3.3306690738754696e-16, 1.2749051814253676e-11, 1.5590274113352898e-07, 1.4432899320127035e-15, 2.7755575615628914e-16, 3.0608293677403253e-12, 4.718447854656915e-16, 3.3306690738754696e-16, 2.886579864025407e-15, 3.180310181871704e-11, 5.551115123125783e-16, 1.27675647831893e-15, 3.0531133177191805e-16, 6.800116025829084e-16, 9.955701353731028e-06, 1.6653345369377348e-16, 7.216449660063518e-16, 5.828670879282072e-16]",9.955701353731028e-06,3.2264815555405058e-06,"[1.3877787807814457e-16, 1.8665624601510444e-15, 1.214306433183765e-16, 7.077671781985373e-16, 2.914335439641036e-16, 5.967448757360216e-16, 2.6814843451586357e-06, 2.3565593920693573e-12, 1.0824674490095276e-15, 2.1259952132091087e-11, 2.498001805406602e-16, 6.609296443471635e-16, 9.619180452169473e-12, 1.787459069646502e-14, 3.0531133177191805e-16, 1.582067810090848e-15, 2.2898349882893854e-16, 8.662820460969556e-12, 3.1519536980439966e-11, 4.996003610813204e-16, 9.020562075079397e-16, 8.057443601217074e-14, 2.5183910512538432e-11, 7.632783294297951e-16, 7.632783294297951e-16, 3.400058012914542e-16, 6.741968094914341e-13, 2.0122792321330962e-16, 6.38378239159465e-16, 3.058374040132428e-11, 1.4934581349379528e-13, 6.106226635438361e-16, 1.5959455978986625e-16, 6.661338147750939e-16, 5.689893001203927e-16, 1.0016680165869651e-08, 1.3600232051658168e-15, 6.522560269672795e-16, 9.575673587391975e-16, 5.689893001203927e-16, 5.689893001203927e-16, 8.881784197001252e-16, 6.245004513516506e-16, 2.636779683484747e-16, 2.0122792321330962e-16, 3.191891195797325e-16, 3.0531133177191805e-16, 1.2749063957318008e-11, 1.5590271403714828e-07, 1.4432899320127035e-15, 2.914335439641036e-16, 3.060843245528133e-12, 5.134781488891349e-16, 3.469446951953614e-16, 2.914335439641036e-15, 3.180310875761094e-11, 5.412337245047638e-16, 1.27675647831893e-15, 3.3306690738754696e-16, 7.147060721024445e-16, 9.9556886398941e-06, 1.457167719820518e-16, 6.938893903907228e-16, 5.689893001203927e-16]",2.4368549354329694e-05,0.0,0.0,0.9999886788170889,True,100.0,0.52,1e-05,banded ADMM with dual certificate,0.010054423000838142,13.0,13.0,64.0,0.5*sum_train((z-y)^2)+lambda*sum(abs(Bz))
burgers,edmd_weak,EDMD + weak,32,0.2,1,33f0c007220e5c0796860aa5cda7c4ff6d98e006258ed20ec5fa3fa6dffa20e1,13,0.16,1.92,8,5,0.6271950287250898,0.6666666666666666,0.06293359502834628,0.1,0,0.2895085922571597,0.3095910312726323,112,8,0.2123776240507057,61,ok,0.0472786799982714,,,,,,,,,,,,,,,,,,,,,,,,,,,,
burgers,linear_weak,Linear q5 + weak,32,0.2,1,33f0c007220e5c0796860aa5cda7c4ff6d98e006258ed20ec5fa3fa6dffa20e1,13,0.16,1.92,0,5,0.6299557895567331,0.6666666666666666,0.058275322996499325,0.1,0,0.28341579955368745,0.30471857248845186,112,8,0.1663662278205413,61,ok,0.042561240999930305,,,,,,,,,,,,,,,,,,,,,,,,,,,,
burgers,pod_tv_weak,POD + TV states + weak,32,0.2,1,33f0c007220e5c0796860aa5cda7c4ff6d98e006258ed20ec5fa3fa6dffa20e1,13,0.16,1.92,8,1,0.6309419368046253,0.6666666666666666,0.05662126382495276,0.3,0,0.22724498222124886,0.2641495114655969,112,8,0.14502968288695378,13,ok,0.12084172300092177,0.1,0.0540881906156309,0.0,0.0,0.0,3.0,64.0,"[0.27762414752639936, 0.29192034178400084, 0.5287739790444859, 0.6169487733187087, 0.7285635317481682, 0.7018547294137074, 0.6640857900236223, 0.5893531880670917]","[0.277624147525108, 0.2919203352718297, 0.5287739688149029, 0.6169484117940158, 0.7285635239636328, 0.7018547293846489, 0.6640857817410294, 0.5893526283820147]","[1.2913559110927508e-12, 6.51217113567526e-09, 1.0229582958487526e-08, 3.6152469284900235e-07, 7.78453546068647e-09, 2.9058533357328997e-11, 8.282592944830469e-09, 5.596850769507e-07]","[1.2913559110927508e-12, 6.51217113567526e-09, 1.0229582958487526e-08, 3.6152469284900235e-07, 7.78453546068647e-09, 2.9058533357328997e-11, 8.282592944830469e-09, 5.596850769507e-07]",5.596850769507e-07,4.178073774174784e-07,"[1.291411422243982e-12, 6.512169470340723e-09, 1.0229582736442921e-08, 3.615246712551645e-07, 7.784535349664168e-09, 2.9058533357328997e-11, 8.282592667274713e-09, 5.59684828815854e-07]",3.590608904591175e-06,0.0,0.0,0.999998955481714,True,50.0,0.13,1e-05,banded ADMM with dual certificate,0.0030532640012097545,13.0,13.0,8.0,0.5*sum_train((z-y)^2)+lambda*sum(abs(Bz))
burgers,pod_weak,POD only + weak,32,0.2,1,33f0c007220e5c0796860aa5cda7c4ff6d98e006258ed20ec5fa3fa6dffa20e1,13,0.16,1.92,8,1,0.628126578913936,0.6666666666666666,0.06135719940297475,0.3,0,0.26487878358913536,0.2907445831837803,112,8,0.18133406280307177,13,ok,0.021697104999475414,,,,,,,,,,,,,,,,,,,,,,,,,,,,
burgers,raw_weak,Raw + weak,32,0.2,1,33f0c007220e5c0796860aa5cda7c4ff6d98e006258ed20ec5fa3fa6dffa20e1,13,0.16,1.92,0,1,0.6297311906197478,0.6666666666666666,0.058652765810390944,0.1,0,0.28345239178915216,0.30354048035972153,112,8,0.19960060515969277,13,ok,0.024183552999602398,,,,,,,,,,,,,,,,,,,,,,,,,,,,
burgers,tv_weak,TV states + weak,32,0.2,1,33f0c007220e5c0796860aa5cda7c4ff6d98e006258ed20ec5fa3fa6dffa20e1,13,0.16,1.92,0,1,0.6297311906197478,0.6666666666666666,0.058652765810390944,0.1,0,0.28345239178915216,0.3035404803597216,112,8,0.19960060515969277,13,ok,0.1025178780000715,0.0,0.06720670422669421,1.0,1.0,0.0,3.0,8.0,"[0.0, 0.0, 0.0, 0.0, 0.0, 0.0, 0.0, 0.0, 0.0, 0.0, 0.0, 0.0, 0.0, 0.0, 0.0, 0.0, 0.0, 0.0, 0.0, 0.0, 0.0, 0.0, 0.0, 0.0, 0.0, 0.0, 0.0, 0.0, 0.0, 0.0, 0.0, 0.0, 0.0, 0.0, 0.0, 0.0, 0.0, 0.0, 0.0, 0.0, 0.0, 0.0, 0.0, 0.0, 0.0, 0.0, 0.0, 0.0, 0.0, 0.0, 0.0, 0.0, 0.0, 0.0, 0.0, 0.0, 0.0, 0.0, 0.0, 0.0, 0.0, 0.0, 0.0, 0.0]","[0.0, 0.0, 0.0, 0.0, 0.0, 0.0, 0.0, 0.0, 0.0, 0.0, 0.0, 0.0, 0.0, 0.0, 0.0, 0.0, 0.0, 0.0, 0.0, 0.0, 0.0, 0.0, 0.0, 0.0, 0.0, 0.0, 0.0, 0.0, 0.0, 0.0, 0.0, 0.0, 0.0, 0.0, 0.0, 0.0, 0.0, 0.0, 0.0, 0.0, 0.0, 0.0, 0.0, 0.0, 0.0, 0.0, 0.0, 0.0, 0.0, 0.0, 0.0, 0.0, 0.0, 0.0, 0.0, 0.0, 0.0, 0.0, 0.0, 0.0, 0.0, 0.0, 0.0, 0.0]","[0.0, 0.0, 0.0, 0.0, 0.0, 0.0, 0.0, 0.0, 0.0, 0.0, 0.0, 0.0, 0.0, 0.0, 0.0, 0.0, 0.0, 0.0, 0.0, 0.0, 0.0, 0.0, 0.0, 0.0, 0.0, 0.0, 0.0, 0.0, 0.0, 0.0, 0.0, 0.0, 0.0, 0.0, 0.0, 0.0, 0.0, 0.0, 0.0, 0.0, 0.0, 0.0, 0.0, 0.0, 0.0, 0.0, 0.0, 0.0, 0.0, 0.0, 0.0, 0.0, 0.0, 0.0, 0.0, 0.0, 0.0, 0.0, 0.0, 0.0, 0.0, 0.0, 0.0, 0.0]","[0.0, 0.0, 0.0, 0.0, 0.0, 0.0, 0.0, 0.0, 0.0, 0.0, 0.0, 0.0, 0.0, 0.0, 0.0, 0.0, 0.0, 0.0, 0.0, 0.0, 0.0, 0.0, 0.0, 0.0, 0.0, 0.0, 0.0, 0.0, 0.0, 0.0, 0.0, 0.0, 0.0, 0.0, 0.0, 0.0, 0.0, 0.0, 0.0, 0.0, 0.0, 0.0, 0.0, 0.0, 0.0, 0.0, 0.0, 0.0, 0.0, 0.0, 0.0, 0.0, 0.0, 0.0, 0.0, 0.0, 0.0, 0.0, 0.0, 0.0, 0.0, 0.0, 0.0, 0.0]",0.0,0.0,"[0.0, 0.0, 0.0, 0.0, 0.0, 0.0, 0.0, 0.0, 0.0, 0.0, 0.0, 0.0, 0.0, 0.0, 0.0, 0.0, 0.0, 0.0, 0.0, 0.0, 0.0, 0.0, 0.0, 0.0, 0.0, 0.0, 0.0, 0.0, 0.0, 0.0, 0.0, 0.0, 0.0, 0.0, 0.0, 0.0, 0.0, 0.0, 0.0, 0.0, 0.0, 0.0, 0.0, 0.0, 0.0, 0.0, 0.0, 0.0, 0.0, 0.0, 0.0, 0.0, 0.0, 0.0, 0.0, 0.0, 0.0, 0.0, 0.0, 0.0, 0.0, 0.0, 0.0, 0.0]",0.0,0.0,0.0,1.0,True,0.0,0.0,1e-05,zero-penalty interpolation,0.0012249319988768548,13.0,13.0,64.0,0.5*sum_train((z-y)^2)+lambda*sum(abs(Bz))
burgers,edmd_weak,EDMD + weak,32,0.2,2,4b052756d31788b93456fe4e889ffcb916a87c1de94bb34e3527cc4e963550f6,13,0.16,1.92,8,5,0.6345569690384296,0.6666666666666666,0.05060175712338987,0.1,0,0.42472673624989093,0.4452130722857118,112,8,0.18330392017757163,61,ok,0.04333547599890153,,,,,,,,,,,,,,,,,,,,,,,,,,,,
burgers,linear_weak,Linear q5 + weak,32,0.2,2,4b052756d31788b93456fe4e889ffcb916a87c1de94bb34e3527cc4e963550f6,13,0.16,1.92,0,5,0.6343984680160984,0.6666666666666666,0.05086424428400307,0.1,0,0.4273531644375989,0.44742270244991694,112,8,0.1650605149674879,61,ok,0.025652200001786696,,,,,,,,,,,,,,,,,,,,,,,,,,,,
burgers,pod_tv_weak,POD + TV states + weak,32,0.2,2,4b052756d31788b93456fe4e889ffcb916a87c1de94bb34e3527cc4e963550f6,13,0.16,1.92,8,1,0.6321939445817399,0.6666666666666666,0.05452871287423332,0.1,0,0.19030029438719065,0.22606378557677612,112,8,0.1088281354809554,13,ok,0.1367959970011725,1.0,0.054512925619804295,0.0,0.0,0.0,3.0,64.0,"[0.7056933854331107, 1.4935281096322668, 1.5917454176945116, 1.9686376366070175, 1.497752842982429, 1.2362493694547023, 1.1860555384035367, 1.038110310910418]","[0.7056933854331058, 1.4935281096322615, 1.5917454176945072, 1.9686376366070166, 1.497752725140076, 1.2362492274105379, 1.1860552991028495, 1.0381103109024992]","[4.884981308350689e-15, 5.329070518200751e-15, 4.440892098500626e-15, 8.881784197001252e-16, 1.1784235298684109e-07, 1.420441644306436e-07, 2.393006872658532e-07, 7.918776745441392e-12]","[4.884981308350689e-15, 3.568108617328176e-15, 2.789951237888799e-15, 4.51163994421501e-16, 7.867943869309256e-08, 1.1489928160149268e-07, 2.0176178898667636e-07, 7.62806867653271e-12]",2.0176178898667636e-07,9.103828801926284e-15,"[5.218048215738236e-15, 5.329070518200751e-15, 4.440892098500626e-15, 7.216449660063518e-16, 1.1784235283944223e-07, 1.4204416403049118e-07, 2.393006867740989e-07, 7.918499189685235e-12]",4.133488094859583e-08,0.0,0.0,0.9999999999999909,True,175.0,5.2,1e-05,banded ADMM with dual certificate,0.019312790002004476,13.0,13.0,8.0,0.5*sum_train((z-y)^2)+lambda*sum(abs(Bz))
burgers,pod_weak,POD only + weak,32,0.2,2,4b052756d31788b93456fe4e889ffcb916a87c1de94bb34e3527cc4e963550f6,13,0.16,1.92,8,1,0.6347534644106998,0.6666666666666666,0.05027653103964519,0.1,0,0.39170766404686247,0.41309521098843094,112,8,0.1771517953326622,13,ok,0.023774198998580687,,,,,,,,,,,,,,,,,,,,,,,,,,,,
burgers,raw_weak,Raw + weak,32,0.2,2,4b052756d31788b93456fe4e889ffcb916a87c1de94bb34e3527cc4e963550f6,13,0.16,1.92,0,1,0.6342896096792571,0.6666666666666666,0.05104459618025539,0.1,0,0.4278141671289937,0.4470492331050724,112,8,0.19790610879015266,13,ok,0.028266091001569293,,,,,,,,,,,,,,,,,,,,,,,,,,,,
burgers,tv_weak,TV states + weak,32,0.2,2,4b052756d31788b93456fe4e889ffcb916a87c1de94bb34e3527cc4e963550f6,13,0.16,1.92,0,1,0.6349171789303737,0.6666666666666666,0.05000571537500415,0.1,0,0.18153612932456137,0.2446454487494978,112,8,0.12994523128189397,13,ok,0.12161408700194443,1.0,0.06338348318659905,0.0,0.0,0.0,3.0,8.0,"[0.1277238486466317, 0.1625008412275782, 0.2323907756292057, 0.3834472210153511, 0.20012337770213431, 0.22807423944622507, 0.06924897433044169, 0.2747414065936373, 0.31800600991186845, 0.1372724949306624, 0.18326230931584797, 0.33721624405815004, 0.25641787658578186, 0.37037435247975214, 0.35635200281664975, 0.22377078733595387, 0.43162782743068606, 0.5887923207498851, 0.3360381641220675, 0.6053897821007928, 0.5040845926515367, 0.46301158683660415, 0.4241973122209942, 0.6437408738856534, 0.4200988074103131, 0.28069659307541167, 0.2068854768631807, 0.42406366879849217, 0.45011148426113357, 0.2061332120164635, 0.44768327068383634, 0.39078681990308806, 0.12558079027924915, 0.29633376845972753, 0.4467696961662209, 0.6010676636834449, 0.6530816508285426, 0.6341342800846783, 0.5487711614258173, 0.39978635971138043, 0.45806085692877674, 0.44977503767449956, 0.6153238946341097, 0.49472179948817774, 0.3474249203459635, 0.19114556159835633, 0.37649311330601676, 0.3073342322707014, 0.11651577352945508, 0.308899177247711, 0.25841538079679083, 0.19104521678482506, 0.11737452574121132, 0.22329364927009918, 0.288302201636301, 0.10175147359867508, 0.19866583976335994, 0.26272801943423046, 0.40967843113019814, 0.20122588488320658, 0.22039868306459132, 0.44090949174271216, 0.32251193757714547, 0.20555291169278408]","[0.12772133592167376, 0.1624981339702458, 0.23239077562920504, 0.3834472210140129, 0.20011946168465872, 0.22807423944622474, 0.06924640023497242, 0.2747414065932876, 0.31800600991186767, 0.13726897969060625, 0.18326230931584725, 0.33721624405814843, 0.25641787658578097, 0.3703704748289503, 0.3563491858930498, 0.22376675460230783, 0.43162782742959066, 0.5887923207498843, 0.33603816412200316, 0.6053897821007914, 0.5040845926515362, 0.4630115867187055, 0.424197312220993, 0.6437408738856518, 0.4200988074103089, 0.28069659307540107, 0.20688215207244762, 0.42406021977751046, 0.45011148426112985, 0.2061332120164436, 0.4476832706838336, 0.3907868199024531, 0.12558073078591322, 0.2963337684597192, 0.4467696961662195, 0.6010676636834402, 0.6530816508285402, 0.6341342800846776, 0.5487711614258118, 0.3997863597113776, 0.45806085692877524, 0.4497750376744983, 0.6153238946341063, 0.4947217994881764, 0.3474249203459462, 0.1911455615983411, 0.3764931133060115, 0.3073342322704183, 0.11651400649723494, 0.30889917724685867, 0.2584119626521883, 0.19104289359155352, 0.11737047303659902, 0.22329364926960316, 0.28830220163621767, 0.10174742523283647, 0.19866583675885507, 0.26272801943422436, 0.4096784311301646, 0.20122588488310586, 0.22039868306437793, 0.4409094917422934, 0.32251193757714175, 0.20554897047329967]","[2.5127249579370847e-06, 2.707257332423829e-06, 6.661338147750939e-16, 1.3382073227319324e-12, 3.916017475597e-06, 3.3306690738754696e-16, 2.5740954692765605e-06, 3.497202527569243e-13, 7.771561172376096e-16, 3.5152400561511143e-06, 7.216449660063518e-16, 1.609823385706477e-15, 8.881784197001252e-16, 3.877650801842325e-06, 2.8169235999353504e-06, 4.032733646047726e-06, 1.0954015472464107e-12, 7.771561172376096e-16, 6.433742427702782e-14, 1.3322676295501878e-15, 5.551115123125783e-16, 1.1789863529898525e-10, 1.2212453270876722e-15, 1.5543122344752192e-15, 4.163336342344337e-15, 1.0602629885170245e-14, 3.3247907330891113e-06, 3.4490209817050754e-06, 3.7192471324942744e-15, 1.990074771640593e-14, 2.7200464103316335e-15, 6.34936547783127e-13, 5.9493335924365454e-08, 8.326672684688674e-15, 1.4432899320127035e-15, 4.6629367034256575e-15, 2.4424906541753444e-15, 6.661338147750939e-16, 5.440092820663267e-15, 2.831068712794149e-15, 1.4988010832439613e-15, 1.27675647831893e-15, 3.4416913763379853e-15, 1.3322676295501878e-15, 1.7319479184152442e-14, 1.5237811012980274e-14, 5.2735593669694936e-15, 2.831068712794149e-13, 1.7670322201429611e-06, 8.523182160047327e-13, 3.418144602529427e-06, 2.3231932715361836e-06, 4.052704612303448e-06, 4.960198918269043e-13, 8.3322237998118e-14, 4.048365838602019e-06, 3.004504867121227e-09, 6.106226635438361e-15, 3.352873534367973e-14, 1.0072498390911733e-13, 2.1338486533295509e-13, 4.1877612488860905e-13, 3.7192471324942744e-15, 3.9412194844101744e-06]","[2.5127249579370847e-06, 2.707257332423829e-06, 6.661338147750939e-16, 1.3382073227319324e-12, 3.916017475597e-06, 3.3306690738754696e-16, 2.5740954692765605e-06, 3.497202527569243e-13, 7.771561172376096e-16, 3.5152400561511143e-06, 7.216449660063518e-16, 1.609823385706477e-15, 8.881784197001252e-16, 3.877650801842325e-06, 2.8169235999353504e-06, 4.032733646047726e-06, 1.0954015472464107e-12, 7.771561172376096e-16, 6.433742427702782e-14, 1.3322676295501878e-15, 5.551115123125783e-16, 1.1789863529898525e-10, 1.2212453270876722e-15, 1.5543122344752192e-15, 4.163336342344337e-15, 1.0602629885170245e-14, 3.3247907330891113e-06, 3.4490209817050754e-06, 3.7192471324942744e-15, 1.990074771640593e-14, 2.7200464103316335e-15, 6.34936547783127e-13, 5.9493335924365454e-08, 8.326672684688674e-15, 1.4432899320127035e-15, 4.6629367034256575e-15, 2.4424906541753444e-15, 6.661338147750939e-16, 5.440092820663267e-15, 2.831068712794149e-15, 1.4988010832439613e-15, 1.27675647831893e-15, 3.4416913763379853e-15, 1.3322676295501878e-15, 1.7319479184152442e-14, 1.5237811012980274e-14, 5.2735593669694936e-15, 2.831068712794149e-13, 1.7670322201429611e-06, 8.523182160047327e-13, 3.418144602529427e-06, 2.3231932715361836e-06, 4.052704612303448e-06, 4.960198918269043e-13, 8.3322237998118e-14, 4.048365838602019e-06, 3.004504867121227e-09, 6.106226635438361e-15, 3.352873534367973e-14, 1.0072498390911733e-13, 2.1338486533295509e-13, 4.1877612488860905e-13, 3.7192471324942744e-15, 3.9412194844101744e-06]",4.052704612303448e-06,1.492142520653772e-10,"[2.5127249579472262e-06, 2.7072573324519875e-06, 6.38378239159465e-16, 1.3381344643459414e-12, 3.916017475548375e-06, 3.0531133177191805e-16, 2.574095469304854e-06, 3.497202527569243e-13, 8.465450562766819e-16, 3.515240056124132e-06, 7.563394355258879e-16, 1.6375789613221059e-15, 8.743006318923108e-16, 3.877650801897155e-06, 2.8169235999018265e-06, 4.032733646008875e-06, 1.0954431806098341e-12, 8.604228440844963e-16, 6.426109644408484e-14, 1.0547118733938987e-15, 6.38378239159465e-16, 1.1789866305456087e-10, 1.27675647831893e-15, 1.5265566588595902e-15, 4.0245584642661925e-15, 1.0567935415650709e-14, 3.324790733007758e-06, 3.4490209816388447e-06, 3.622102617839573e-15, 1.9845236565174673e-14, 2.7478019859472624e-15, 6.350683867673013e-13, 5.949333591533185e-08, 8.298917109073045e-15, 1.5265566588595902e-15, 4.6629367034256575e-15, 2.3314683517128287e-15, 5.689893001203927e-16, 5.440092820663267e-15, 2.7755575615628914e-15, 1.3600232051658168e-15, 1.2490009027033011e-15, 3.3029134982598407e-15, 1.3322676295501878e-15, 1.7208456881689926e-14, 1.5182299861749016e-14, 5.204170427930421e-15, 2.8312074906722273e-13, 1.7670322201202835e-06, 8.522384187248377e-13, 3.418144602481922e-06, 2.323193271554672e-06, 4.0527046122829035e-06, 4.96117036341559e-13, 8.329448242250237e-14, 4.0483658386660364e-06, 3.004504884468462e-09, 6.078471059822732e-15, 3.349404087416019e-14, 1.0075967837863686e-13, 2.133536403103875e-13, 4.1871540956694986e-13, 3.698430450782553e-15, 3.941219484459885e-06]",1.4368579371870638e-06,0.0,0.0,0.9999999996502673,True,125.0,5.2,1e-05,banded ADMM with dual certificate,0.013130788996932097,13.0,13.0,64.0,0.5*sum_train((z-y)^2)+lambda*sum(abs(Bz))
burgers,edmd_weak,EDMD + weak,32,0.2,3,d680d2891cb0f5ab24df74000ab42644f0b5d1730e8a4eca283c08784fb67039,13,0.16,1.92,8,5,0.6329507730119006,0.6666666666666666,0.053267797579784504,0.1,0,0.28648012600495454,0.3036873175440203,112,8,0.21366207891200395,61,ok,0.042792443000507774,,,,,,,,,,,,,,,,,,,,,,,,,,,,
burgers,linear_weak,Linear q5 + weak,32,0.2,3,d680d2891cb0f5ab24df74000ab42644f0b5d1730e8a4eca283c08784fb67039,13,0.16,1.92,0,5,0.634037200368771,0.6666666666666666,0.05146301554375289,0.1,0,0.27587849737039466,0.2978697552401959,112,8,0.16407166190810474,61,ok,0.024207208000007086,,,,,,,,,,,,,,,,,,,,,,,,,,,,
burgers,pod_tv_weak,POD + TV states + weak,32,0.2,3,d680d2891cb0f5ab24df74000ab42644f0b5d1730e8a4eca283c08784fb67039,13,0.16,1.92,8,1,0.6326388635427619,0.6666666666666666,0.05378708941994148,0.1,0,0.2303930682501982,0.25434699232148944,112,8,0.1428508893625427,13,ok,0.1780896029995347,0.1,0.049998851211429524,0.0,0.0,0.0,3.0,64.0,"[0.15412746617201764, 0.23109529828431258, 0.26275606212504365, 0.5776259015922194, 0.6165201196923038, 0.9204052940221874, 0.42220067711250586, 0.5948149866010874]","[0.15412434578882384, 0.2310952981118543, 0.2627560615365596, 0.5776255575516539, 0.6165200028979114, 0.9204052939731485, 0.422200586128884, 0.5948149866010211]","[3.120383193805365e-06, 1.724582698869881e-10, 5.884840392766932e-10, 3.4404056548087425e-07, 1.1679439237965994e-07, 4.903888406460055e-11, 9.098362185877562e-08, 6.639133687258436e-14]","[3.120383193805365e-06, 1.724582698869881e-10, 5.884840392766932e-10, 3.4404056548087425e-07, 1.1679439237965994e-07, 4.903888406460055e-11, 9.098362185877562e-08, 6.639133687258436e-14]",3.120383193805365e-06,1.174192299641108e-06,"[3.1203804183727035e-06, 1.7245821437583686e-10, 5.884840392766932e-10, 3.4404048854241864e-07, 1.1679436712208613e-07, 4.903888406460055e-11, 9.098361819503964e-08, 6.639133687258436e-14]",7.668690533035871e-06,0.0,0.0,0.9999934188415587,True,50.0,0.26,1e-05,banded ADMM with dual certificate,0.0061454869974113535,13.0,13.0,8.0,0.5*sum_train((z-y)^2)+lambda*sum(abs(Bz))
burgers,pod_weak,POD only + weak,32,0.2,3,d680d2891cb0f5ab24df74000ab42644f0b5d1730e8a4eca283c08784fb67039,13,0.16,1.92,8,1,0.6334185734172406,0.6666666666666666,0.05248992474289999,0.1,0,0.26001612763680043,0.28029079598844653,112,8,0.1773082644635985,13,ok,0.023482542997953715,,,,,,,,,,,,,,,,,,,,,,,,,,,,
burgers,raw_weak,Raw + weak,32,0.2,3,d680d2891cb0f5ab24df74000ab42644f0b5d1730e8a4eca283c08784fb67039,13,0.16,1.92,0,1,0.6340651072283733,0.6666666666666666,0.05141673791324275,0.1,0,0.27552479736046526,0.2968159909039296,112,8,0.19719415836448465,13,ok,0.027519805000338238,,,,,,,,,,,,,,,,,,,,,,,,,,,,
burgers,tv_weak,TV states + weak,32,0.2,3,d680d2891cb0f5ab24df74000ab42644f0b5d1730e8a4eca283c08784fb67039,13,0.16,1.92,0,1,0.6334102574079181,0.6666666666666666,0.052503742826714835,0.1,0,0.17795842673682663,0.21198633355803473,112,8,0.12635808910263938,13,ok,0.11853469099878566,0.1,0.04923435379333529,0.0,0.0,0.0,3.0,8.0,"[0.062174570547130145, 0.2058707878827288, 0.13848006351438627, 0.09537596226595008, 0.20374791990942817, 0.31541982056109796, 0.11508430536109722, 0.14011485338106194, 0.1519124210538391, 0.20611204934688893, 0.21185237785752026, 0.1077718916664836, 0.12817414620927092, 0.13723989144888815, 0.16696901553755641, 0.16934754794709733, 0.07138532252279241, 0.11161410565402458, 0.2518842920370596, 0.09128714791425949, 0.060292723703192275, 0.19100290843181997, 0.1483074962840393, 0.1639034646706013, 0.24207827898679116, 0.14455023959257285, 0.14113432765071754, 0.12788823875399294, 0.21007244617472373, 0.1970367256647282, 0.11081301074817412, 0.14548539226343998, 0.0559917586630862, 0.20886929069358084, 0.11503727277420671, 0.19036894810588806, 0.14252881317510496, 0.26582653311988713, 0.20092216154212797, 0.19285062024976227, 0.22575584037940588, 0.16627082535663218, 0.11353833665232291, 0.11118060936745072, 0.1756339891408238, 0.1928628293110469, 0.10953499014073191, 0.10575278837657016, 0.17125747908029032, 0.0667007832978808, 0.37950833622902325, 0.1423635180019981, 0.2619780918085742, 0.10898843593013348, 0.12159811069037973, 0.16508256808478608, 0.15304036736600382, 0.15875354525410074, 0.1132719096495948, 0.17027223419194298, 0.1158545673434386, 0.2170094018143509, 0.09584215222034811, 0.06439910581642397]","[0.062174569244718494, 0.20587078788272842, 0.1384800635143858, 0.09537235772552156, 0.20374791990942784, 0.31541982056109724, 0.11507738274286794, 0.14011485338106186, 0.1519124210538387, 0.2061120493468883, 0.21185237785751979, 0.10777189166648297, 0.1281741462092488, 0.13723989144888765, 0.16696901553755594, 0.169347547947057, 0.07138532252279223, 0.11161410565402427, 0.2518842920370562, 0.09128714791425926, 0.060292723703190616, 0.191002259076987, 0.1483074962840387, 0.16390346467059633, 0.24207827898679035, 0.1445502395925723, 0.14113432765071732, 0.12788823875399274, 0.21007244617472287, 0.1970367256647277, 0.11081301074817351, 0.14548539226340135, 0.05599175866308605, 0.2088692906935798, 0.11503726736619699, 0.19036894810588723, 0.1425288131751045, 0.2658265331198863, 0.20092216154212764, 0.1928506202497613, 0.2257558403794052, 0.16627082535663065, 0.11353833665231203, 0.11118060936745024, 0.1756339891408232, 0.19286282931104617, 0.10953499013960324, 0.10575278837656957, 0.17125747908025574, 0.06670078325884078, 0.3795083362290222, 0.1423635180019976, 0.261978091808573, 0.1089884279508536, 0.12159811069037947, 0.16508256808450086, 0.15304036736600365, 0.15875354525410046, 0.11327190964959473, 0.1702722341919427, 0.11585456734343853, 0.21700940181435016, 0.09584215222034792, 0.06439910581642388]","[1.3024116507498462e-09, 3.885780586188048e-16, 4.718447854656915e-16, 3.604540428511771e-06, 3.3306690738754696e-16, 7.216449660063518e-16, 6.922618229279753e-06, 8.326672684688674e-17, 3.885780586188048e-16, 6.38378239159465e-16, 4.718447854656915e-16, 6.245004513516506e-16, 2.2121193765656244e-14, 4.996003610813204e-16, 4.718447854656915e-16, 4.032885136950881e-14, 1.8041124150158794e-16, 3.0531133177191805e-16, 3.3861802251067274e-15, 2.220446049250313e-16, 1.6583956430338276e-15, 6.493548329600252e-07, 6.106226635438361e-16, 4.9682480351975755e-15, 8.049116928532385e-16, 5.551115123125783e-16, 2.220446049250313e-16, 1.942890293094024e-16, 8.604228440844963e-16, 4.996003610813204e-16, 6.106226635438361e-16, 3.863576125695545e-14, 1.5265566588595902e-16, 1.0547118733938987e-15, 5.4080097205977395e-09, 8.326672684688674e-16, 4.718447854656915e-16, 8.326672684688674e-16, 3.3306690738754696e-16, 9.71445146547012e-16, 6.938893903907228e-16, 1.5265566588595902e-15, 1.0880185641326534e-14, 4.85722573273506e-16, 5.828670879282072e-16, 7.216449660063518e-16, 1.128666604621742e-12, 5.967448757360216e-16, 3.4583447217073626e-14, 3.904002121579708e-11, 1.0547118733938987e-15, 4.996003610813204e-16, 1.1657341758564144e-15, 7.979279875724998e-09, 2.636779683484747e-16, 2.852162950262027e-13, 1.6653345369377348e-16, 2.7755575615628914e-16, 6.938893903907228e-17, 2.7755575615628914e-16, 6.938893903907228e-17, 7.494005416219807e-16, 1.942890293094024e-16, 8.326672684688674e-17]","[1.3024116507498462e-09, 3.885780586188048e-16, 4.718447854656915e-16, 3.604540428511771e-06, 3.3306690738754696e-16, 7.216449660063518e-16, 6.922618229279753e-06, 8.326672684688674e-17, 3.885780586188048e-16, 6.38378239159465e-16, 4.718447854656915e-16, 6.245004513516506e-16, 2.2121193765656244e-14, 4.996003610813204e-16, 4.718447854656915e-16, 4.032885136950881e-14, 1.8041124150158794e-16, 3.0531133177191805e-16, 3.3861802251067274e-15, 2.220446049250313e-16, 1.6583956430338276e-15, 6.493548329600252e-07, 6.106226635438361e-16, 4.9682480351975755e-15, 8.049116928532385e-16, 5.551115123125783e-16, 2.220446049250313e-16, 1.942890293094024e-16, 8.604228440844963e-16, 4.996003610813204e-16, 6.106226635438361e-16, 3.863576125695545e-14, 1.5265566588595902e-16, 1.0547118733938987e-15, 5.4080097205977395e-09, 8.326672684688674e-16, 4.718447854656915e-16, 8.326672684688674e-16, 3.3306690738754696e-16, 9.71445146547012e-16, 6.938893903907228e-16, 1.5265566588595902e-15, 1.0880185641326534e-14, 4.85722573273506e-16, 5.828670879282072e-16, 7.216449660063518e-16, 1.128666604621742e-12, 5.967448757360216e-16, 3.4583447217073626e-14, 3.904002121579708e-11, 1.0547118733938987e-15, 4.996003610813204e-16, 1.1657341758564144e-15, 7.979279875724998e-09, 2.636779683484747e-16, 2.852162950262027e-13, 1.6653345369377348e-16, 2.7755575615628914e-16, 6.938893903907228e-17, 2.7755575615628914e-16, 6.938893903907228e-17, 7.494005416219807e-16, 1.942890293094024e-16, 8.326672684688674e-17]",6.922618229279753e-06,3.779237025713922e-06,"[1.3024116542192932e-09, 4.163336342344337e-16, 4.3021142204224816e-16, 3.6045347158973617e-06, 3.122502256758253e-16, 7.077671781985373e-16, 6.922596633516381e-06, 1.5959455978986625e-16, 4.787836793695988e-16, 6.106226635438361e-16, 4.718447854656915e-16, 5.828670879282072e-16, 2.2148949341271873e-14, 4.787836793695988e-16, 4.3021142204224816e-16, 4.032885136950881e-14, 1.8041124150158794e-16, 2.983724378680108e-16, 3.4416913763379853e-15, 2.0122792321330962e-16, 1.6583956430338276e-15, 6.493539475155297e-07, 6.106226635438361e-16, 4.9682480351975755e-15, 7.355227538141662e-16, 5.898059818321144e-16, 2.42861286636753e-16, 2.0122792321330962e-16, 8.326672684688674e-16, 4.649058915617843e-16, 6.418476861114186e-16, 3.861841402219568e-14, 1.3877787807814457e-16, 1.0824674490095276e-15, 5.4080097275366334e-09, 8.604228440844963e-16, 4.649058915617843e-16, 7.91033905045424e-16, 3.885780586188048e-16, 9.71445146547012e-16, 6.938893903907228e-16, 1.5126788710517758e-15, 1.0907941216942163e-14, 4.926614671774132e-16, 5.551115123125783e-16, 7.494005416219807e-16, 1.128666604621742e-12, 5.967448757360216e-16, 3.4611202792689255e-14, 3.9040024685244035e-11, 1.0824674490095276e-15, 4.787836793695988e-16, 1.1379786002407855e-15, 7.979279823683294e-09, 2.671474153004283e-16, 2.852475200487703e-13, 1.6653345369377348e-16, 3.0531133177191805e-16, 7.28583859910259e-17, 2.7755575615628914e-16, 8.673617379884035e-17, 8.326672684688674e-16, 1.6653345369377348e-16, 9.71445146547012e-17]",1.9153338089272776e-05,0.0,0.0,0.9999840799596138,True,125.0,0.52,1e-05,banded ADMM with dual certificate,0.013516310998966219,13.0,13.0,64.0,0.5*sum_train((z-y)^2)+lambda*sum(abs(Bz))
burgers,edmd_weak,EDMD + weak,32,0.2,4,e26ba7b32a750782398ac91e9ded359e5004866216b2a1c3ae1bb9d2a7a4491d,13,0.16,1.92,8,5,0.6348442676077314,0.6666666666666666,0.050126307635809435,0.1,0,0.2098628576615768,0.2622021398640395,112,8,0.2032473043984377,61,ok,0.044397707999451086,,,,,,,,,,,,,,,,,,,,,,,,,,,,
burgers,linear_weak,Linear q5 + weak,32,0.2,4,e26ba7b32a750782398ac91e9ded359e5004866216b2a1c3ae1bb9d2a7a4491d,13,0.16,1.92,0,5,0.6348618939414886,0.6666666666666666,0.05009715188246794,0.1,0,0.24499620501118471,0.28967561159269284,112,8,0.17098690556834206,61,ok,0.026575550000416115,,,,,,,,,,,,,,,,,,,,,,,,,,,,
burgers,pod_tv_weak,POD + TV states + weak,32,0.2,4,e26ba7b32a750782398ac91e9ded359e5004866216b2a1c3ae1bb9d2a7a4491d,13,0.16,1.92,8,1,0.9818957267313252,1.0,0.0184380813316532,0.03,1,0.17133697227878678,0.16951129012073213,112,8,0.1167920453504998,13,ok,0.20563081400177907,1.0,0.057468774744937404,0.0,0.0,0.0,3.0,64.0,"[0.8249691911261665, 1.4557727763003283, 1.5707690771078793, 1.784183423754279, 1.5473672637866114, 1.3964945245122868, 1.3662906451461012, 1.1174068063241096]","[0.8249691911016896, 1.4557727707206092, 1.5707690771058673, 1.7841834237525283, 1.5473568364866788, 1.3964945245111868, 1.3662835189916624, 1.1173985444278387]","[2.44768649793059e-11, 5.57971913117683e-09, 2.0119461652257087e-12, 1.7508217098338719e-12, 1.042729993261382e-05, 1.100008972798605e-12, 7.126154438763521e-06, 8.261896270900237e-06]","[2.44768649793059e-11, 3.832822829230957e-09, 1.2808669298036668e-12, 9.813014102270901e-13, 6.7387362888218565e-06, 7.876930080930846e-13, 5.215694379581661e-06, 7.393812373560782e-06]",7.393812373560782e-06,1.072784305833352e-09,"[2.4477142535062058e-11, 5.57971913117683e-09, 2.012057187528171e-12, 1.7501555760190968e-12, 1.0427299932532671e-05, 1.1000644839498364e-12, 7.126154438881455e-06, 8.261896270806125e-06]",2.430394177882489e-06,0.0,0.0,0.9999999963150781,True,100.0,5.2,1e-05,banded ADMM with dual certificate,0.009454637998715043,13.0,13.0,8.0,0.5*sum_train((z-y)^2)+lambda*sum(abs(Bz))
burgers,pod_weak,POD only + weak,32,0.2,4,e26ba7b32a750782398ac91e9ded359e5004866216b2a1c3ae1bb9d2a7a4491d,13,0.16,1.92,8,1,0.6345922029953335,0.6666666666666666,0.050543425399711475,0.1,0,0.1900202407807183,0.24573444350889417,112,8,0.18777880995554527,13,ok,0.02515824399961275,,,,,,,,,,,,,,,,,,,,,,,,,,,,
burgers,raw_weak,Raw + weak,32,0.2,4,e26ba7b32a750782398ac91e9ded359e5004866216b2a1c3ae1bb9d2a7a4491d,13,0.16,1.92,0,1,0.6348646003543182,0.6666666666666666,0.05009267534305688,0.1,0,0.24493375673216017,0.28809285827329484,112,8,0.20724209830507995,13,ok,0.02474885300034657,,,,,,,,,,,,,,,,,,,,,,,,,,,,
burgers,tv_weak,TV states + weak,32,0.2,4,e26ba7b32a750782398ac91e9ded359e5004866216b2a1c3ae1bb9d2a7a4491d,13,0.16,1.92,0,1,0.6347899345674273,0.6666666666666666,0.050216190212533,0.1,0,0.1868711962068726,0.24298333955559048,112,8,0.12877257527531383,13,ok,0.11229931699926965,0.1,0.055008111882451874,0.0,0.0,0.0,3.0,8.0,"[0.06567383636220658, 0.18610628578160876, 0.15164108738346554, 0.0576474995517398, 0.22780235291498396, 0.2008545493024428, 0.13724882300355493, 0.23293889658467812, 0.15418958780908332, 0.1769697073883532, 0.17592000302213218, 0.11498722590867798, 0.07176617656654326, 0.29749857833042975, 0.115310680519757, 0.20903891845992478, 0.16429270700096865, 0.30463944962083933, 0.17659695953509266, 0.28394370698343957, 0.3195312716863731, 0.14489196937629392, 0.20103127579970864, 0.24453273852100943, 0.2091488683820921, 0.12641078100791497, 0.23160185135981531, 0.19576429960394326, 0.17341701799258813, 0.11448063593775408, 0.2851892073976457, 0.1932839418831823, 0.3612771149746722, 0.22554389540808176, 0.2608260296633913, 0.16616524847222558, 0.21123266537688695, 0.18457378091216314, 0.34806651329755556, 0.14112047999811447, 0.1049354776095833, 0.1535868000405054, 0.1549016509890124, 0.241171855915016, 0.16779901834751346, 0.20338854178707588, 0.2140938811164867, 0.17095311111126316, 0.20919152738642274, 0.177830416228494, 0.08371932716916508, 0.13833721351474992, 0.18577428645047317, 0.11198817580683629, 0.13286074494107758, 0.08248906586632432, 0.18168199366004176, 0.24420036878622364, 0.09009577546659642, 0.1509827476133807, 0.13565212946049238, 0.25830584750682883, 0.15925233952616397, 0.08253639954338662]","[0.06567376866924629, 0.18610628578160862, 0.15164108738346535, 0.05764749955173973, 0.22780235291498374, 0.20085454930243446, 0.1372488230034779, 0.23293889658467776, 0.1541895878090831, 0.1769697073883525, 0.1759200030221318, 0.1149805764306665, 0.07176617656654317, 0.29749857833042903, 0.11531068051975692, 0.20903891845992453, 0.16429270700096796, 0.3046394496208383, 0.17659695953508947, 0.2839437069834393, 0.3195312674639352, 0.14489196937629356, 0.20103127579970392, 0.24453273852100882, 0.2091488683820918, 0.12641078100791453, 0.23160185135981476, 0.19576429960394265, 0.17341701799258702, 0.11448063593775343, 0.28518920739764536, 0.19328394187550585, 0.36127711497467146, 0.2255438954080811, 0.26082602966339075, 0.16616524847222497, 0.21123266537688504, 0.18457378091215862, 0.34806651329755434, 0.14112046131623907, 0.10493547760958258, 0.15358680004042355, 0.1549016508074463, 0.2411718559150157, 0.16779901834712438, 0.20338854178707338, 0.21409388111648642, 0.17095311111125702, 0.20919152738642255, 0.17783041622849002, 0.08371932716916439, 0.1383372135147496, 0.18577428645047286, 0.1119881758068361, 0.1328607449401915, 0.08248906586632401, 0.18168199366004117, 0.244200368786223, 0.09009577546659621, 0.15098274761338037, 0.13565212946049218, 0.25830584750682806, 0.15925233952615503, 0.08253639954338647]","[6.76929602927423e-08, 1.3877787807814457e-16, 1.942890293094024e-16, 6.938893903907228e-17, 2.220446049250313e-16, 8.326672684688674e-15, 7.702172233337023e-14, 3.608224830031759e-16, 2.220446049250313e-16, 6.938893903907228e-16, 3.885780586188048e-16, 6.649478011475085e-06, 8.326672684688674e-17, 7.216449660063518e-16, 8.326672684688674e-17, 2.498001805406602e-16, 6.938893903907228e-16, 1.0547118733938987e-15, 3.191891195797325e-15, 2.7755575615628914e-16, 4.222437899326081e-09, 3.608224830031759e-16, 4.718447854656915e-15, 6.106226635438361e-16, 3.0531133177191805e-16, 4.440892098500626e-16, 5.551115123125783e-16, 6.106226635438361e-16, 1.1102230246251565e-15, 6.522560269672795e-16, 3.3306690738754696e-16, 7.676442814741335e-12, 7.216449660063518e-16, 6.661338147750939e-16, 5.551115123125783e-16, 6.106226635438361e-16, 1.915134717478395e-15, 4.524158825347513e-15, 1.2212453270876722e-15, 1.8681875407766668e-08, 7.216449660063518e-16, 8.185119249048967e-14, 1.8156609549180303e-10, 3.0531133177191805e-16, 3.890776589798861e-13, 2.4980018054066022e-15, 2.7755575615628914e-16, 6.13398221105399e-15, 1.942890293094024e-16, 3.969047313034935e-15, 6.938893903907228e-16, 3.3306690738754696e-16, 3.0531133177191805e-16, 1.942890293094024e-16, 8.860689959533374e-13, 3.0531133177191805e-16, 5.828670879282072e-16, 6.38378239159465e-16, 2.0816681711721685e-16, 3.3306690738754696e-16, 1.942890293094024e-16, 7.771561172376096e-16, 8.93729534823251e-15, 1.5265566588595902e-16]","[6.76929602927423e-08, 1.3877787807814457e-16, 1.942890293094024e-16, 6.938893903907228e-17, 2.220446049250313e-16, 8.326672684688674e-15, 7.702172233337023e-14, 3.608224830031759e-16, 2.220446049250313e-16, 6.938893903907228e-16, 3.885780586188048e-16, 6.649478011475085e-06, 8.326672684688674e-17, 7.216449660063518e-16, 8.326672684688674e-17, 2.498001805406602e-16, 6.938893903907228e-16, 1.0547118733938987e-15, 3.191891195797325e-15, 2.7755575615628914e-16, 4.222437899326081e-09, 3.608224830031759e-16, 4.718447854656915e-15, 6.106226635438361e-16, 3.0531133177191805e-16, 4.440892098500626e-16, 5.551115123125783e-16, 6.106226635438361e-16, 1.1102230246251565e-15, 6.522560269672795e-16, 3.3306690738754696e-16, 7.676442814741335e-12, 7.216449660063518e-16, 6.661338147750939e-16, 5.551115123125783e-16, 6.106226635438361e-16, 1.915134717478395e-15, 4.524158825347513e-15, 1.2212453270876722e-15, 1.8681875407766668e-08, 7.216449660063518e-16, 8.185119249048967e-14, 1.8156609549180303e-10, 3.0531133177191805e-16, 3.890776589798861e-13, 2.4980018054066022e-15, 2.7755575615628914e-16, 6.13398221105399e-15, 1.942890293094024e-16, 3.969047313034935e-15, 6.938893903907228e-16, 3.3306690738754696e-16, 3.0531133177191805e-16, 1.942890293094024e-16, 8.860689959533374e-13, 3.0531133177191805e-16, 5.828670879282072e-16, 6.38378239159465e-16, 2.0816681711721685e-16, 3.3306690738754696e-16, 1.942890293094024e-16, 7.771561172376096e-16, 8.93729534823251e-15, 1.5265566588595902e-16]",6.649478011475085e-06,3.0035823123386596e-06,"[6.769295776351547e-08, 1.5959455978986625e-16, 1.6653345369377348e-16, 7.979727989493313e-17, 2.7755575615628914e-16, 8.340550472496489e-15, 7.702866122727414e-14, 3.8163916471489756e-16, 2.0816681711721685e-16, 5.898059818321144e-16, 4.440892098500626e-16, 6.649462837501896e-06, 7.45931094670027e-17, 7.494005416219807e-16, 6.245004513516506e-17, 2.636779683484747e-16, 6.522560269672795e-16, 1.0547118733938987e-15, 3.219646771412954e-15, 3.469446951953614e-16, 4.222437705037052e-09, 3.191891195797325e-16, 4.73232564246473e-15, 5.689893001203927e-16, 2.636779683484747e-16, 4.579669976578771e-16, 5.134781488891349e-16, 6.106226635438361e-16, 1.1379786002407855e-15, 6.661338147750939e-16, 3.677613769070831e-16, 7.67644975363524e-12, 6.38378239159465e-16, 6.800116025829084e-16, 5.689893001203927e-16, 6.38378239159465e-16, 1.915134717478395e-15, 4.524158825347513e-15, 1.1934897514720433e-15, 1.8681875157966488e-08, 7.008282842946301e-16, 8.180955912706622e-14, 1.8156608855290912e-10, 3.3306690738754696e-16, 3.890637811920783e-13, 2.4147350785597155e-15, 2.706168622523819e-16, 6.1201044232461754e-15, 1.8735013540549517e-16, 3.989863994746656e-15, 6.938893903907228e-16, 3.2612801348363973e-16, 2.914335439641036e-16, 2.220446049250313e-16, 8.860828737411452e-13, 2.914335439641036e-16, 6.106226635438361e-16, 6.800116025829084e-16, 1.8041124150158794e-16, 3.7470027081099033e-16, 1.700029006457271e-16, 7.355227538141662e-16, 8.909539772616881e-15, 1.249000902703301e-16]",1.6611888122797236e-05,0.0,0.0,0.9999858730171728,True,100.0,0.52,1e-05,banded ADMM with dual certificate,0.010857436998776393,13.0,13.0,64.0,0.5*sum_train((z-y)^2)+lambda*sum(abs(Bz))
vanderpol_mu2,edmd_weak,EDMD + weak,16,0.05,0,8908758d1e524ca346990d20acb360a724d2dce48d731557636db6804e020622,249,0.08,19.84,0,5,0.9827509599889481,1.0,0.017551791566040212,0.3,1,0.05389776291885956,0.03375349876442444,55,10,0.04703768214206503,1241,ok,0.22530113799803075,,,,,,,,,,,,,,,,,,,,,,,,,,,,
vanderpol_mu2,linear_weak,Linear q5 + weak,16,0.05,0,8908758d1e524ca346990d20acb360a724d2dce48d731557636db6804e020622,249,0.08,19.84,0,5,0.9796616085147593,1.0,0.02076062929124615,0.3,1,0.057301445348130337,0.03658940602200504,55,10,0.04059389398036454,1241,ok,0.12544505900223157,,,,,,,,,,,,,,,,,,,,,,,,,,,,
vanderpol_mu2,raw_weak,Raw + weak,16,0.05,0,8908758d1e524ca346990d20acb360a724d2dce48d731557636db6804e020622,249,0.08,19.84,0,1,0.9818067073201349,1.0,0.01853042207210436,0.3,1,0.05946987288270215,0.036846520702568206,55,10,0.048804754071974314,249,ok,0.15224857400244218,,,,,,,,,,,,,,,,,,,,,,,,,,,,
vanderpol_mu2,tv_weak,TV states + weak,16,0.05,0,8908758d1e524ca346990d20acb360a724d2dce48d731557636db6804e020622,249,0.08,19.84,0,1,0.9825428679262996,1.0,0.017767298143992846,0.3,1,0.056196538069806935,0.036681550214932114,55,10,0.03659752426884356,249,ok,1.955079184997885,0.01,0.003442229335073688,0.0,0.0,0.0,3.0,2.0,"[0.15236479862155344, 0.17956394622990082]","[0.1523646185145787, 0.17955849167536145]","[1.8010697475090431e-07, 5.454554539374712e-06]","[1.8010697475090431e-07, 5.454554539374712e-06]",5.454554539374712e-06,1.536850353325847e-06,"[1.801067475576401e-07, 5.454484895250911e-06]",8.995631921252661e-07,0.0,0.0,0.9999615787493196,True,50.0,0.49800000000000005,1e-05,banded ADMM with dual certificate,0.008579954999731854,249.0,249.0,2.0,0.5*sum_train((z-y)^2)+lambda*sum(abs(Bz))
vanderpol_mu2,edmd_weak,EDMD + weak,16,0.05,1,41b60bf66fd8fe9c64c206440bf153b94fdf51af9c9934b12c00073acf3a12c6,249,0.08,19.84,0,5,0.9811501095954321,1.0,0.0192120351618169,0.1,1,0.06188914465270344,0.05978309460458307,55,10,0.04539762064120807,1241,ok,0.15726399399864022,,,,,,,,,,,,,,,,,,,,,,,,,,,,
vanderpol_mu2,linear_weak,Linear q5 + weak,16,0.05,1,41b60bf66fd8fe9c64c206440bf153b94fdf51af9c9934b12c00073acf3a12c6,249,0.08,19.84,0,5,0.9646514425139374,1.0,0.03664386526385346,0.1,1,0.06853271828496184,0.06409541928522787,55,10,0.04001747978581693,1241,ok,0.2362710480010719,,,,,,,,,,,,,,,,,,,,,,,,,,,,
vanderpol_mu2,raw_weak,Raw + weak,16,0.05,1,41b60bf66fd8fe9c64c206440bf153b94fdf51af9c9934b12c00073acf3a12c6,249,0.08,19.84,0,1,0.9697847785176076,1.0,0.031156625832567456,0.1,1,0.06833453910585759,0.06434409449289867,55,10,0.04787218205383795,249,ok,0.1719664170013857,,,,,,,,,,,,,,,,,,,,,,,,,,,,
vanderpol_mu2,tv_weak,TV states + weak,16,0.05,1,41b60bf66fd8fe9c64c206440bf153b94fdf51af9c9934b12c00073acf3a12c6,249,0.08,19.84,0,1,0.9688796021742602,1.0,0.0321199845222283,0.1,1,0.0682745429924252,0.06310762971283168,55,10,0.027590219271828895,249,ok,1.9021939060003206,0.1,0.0033991640427911145,0.0,0.0,0.0,3.0,2.0,"[0.3988387304908308, 0.9324556602269242]","[0.398829003743129, 0.9324535259790296]","[9.726747701777061e-06, 2.1342478945252097e-06]","[9.726747701777061e-06, 2.1342478945252097e-06]",9.726747701777061e-06,5.740055371017405e-07,"[9.72674379984273e-06, 2.1342474904040287e-06]",7.624659320804028e-06,0.0,0.0,0.9999956031896198,True,200.0,1.245,1e-05,banded ADMM with dual certificate,0.02951549600038561,249.0,249.0,2.0,0.5*sum_train((z-y)^2)+lambda*sum(abs(Bz))
vanderpol_mu2,edmd_weak,EDMD + weak,16,0.05,2,05646c6498f0e44ba72c486771e30c92b9f789790c7e227fa46b7012ba793869,249,0.08,19.84,0,5,0.97521789527577,1.0,0.02541186420417574,0.3,1,0.056357049712770634,0.05296408431859038,55,10,0.04939363722129902,1241,ok,0.32389609500023653,,,,,,,,,,,,,,,,,,,,,,,,,,,,
vanderpol_mu2,linear_weak,Linear q5 + weak,16,0.05,2,05646c6498f0e44ba72c486771e30c92b9f789790c7e227fa46b7012ba793869,249,0.08,19.84,0,5,0.9886028484187688,1.0,0.011528544146378425,0.3,1,0.056757275515639964,0.054540750587116923,55,10,0.04150609494394573,1241,ok,0.12560463499903562,,,,,,,,,,,,,,,,,,,,,,,,,,,,
vanderpol_mu2,raw_weak,Raw + weak,16,0.05,2,05646c6498f0e44ba72c486771e30c92b9f789790c7e227fa46b7012ba793869,249,0.08,19.84,0,1,0.982706086773682,1.0,0.01759825593743448,0.3,1,0.05707992919460702,0.0551171182074635,55,10,0.0501148678665101,249,ok,0.1544419290003134,,,,,,,,,,,,,,,,,,,,,,,,,,,,
vanderpol_mu2,tv_weak,TV states + weak,16,0.05,2,05646c6498f0e44ba72c486771e30c92b9f789790c7e227fa46b7012ba793869,249,0.08,19.84,0,1,0.9859193668133839,1.0,0.014281728973563609,0.3,1,0.05895029804028489,0.051737349921267335,55,10,0.028553766110606445,249,ok,2.2470495419984218,0.1,0.004004128386421083,0.0,0.0,0.0,3.0,2.0,"[0.41184858344069625, 0.953196255005012]","[0.411839673892296, 0.9531912314702603]","[8.909548400271028e-06, 5.023534751735781e-06]","[8.909548400271028e-06, 5.023534751735781e-06]",8.909548400271028e-06,7.531581390773923e-07,"[8.909538468826472e-06, 5.0235336001014375e-06]",8.315166690975317e-06,0.0,0.0,0.9999933938224657,True,225.0,1.245,1e-05,banded ADMM with dual certificate,0.03532705200268538,249.0,249.0,2.0,0.5*sum_train((z-y)^2)+lambda*sum(abs(Bz))
vanderpol_mu2,edmd_weak,EDMD + weak,16,0.05,3,c9ab49571a9b05b2a31345f27a5ab3caa80525e2b6990d54fdb8057aabe8d7c0,249,0.08,19.84,0,5,0.9912889914721646,1.0,0.00878755701190486,0.1,1,0.046042266738194434,0.042665678859007176,55,10,0.04805132232316128,1241,ok,0.33003735300007975,,,,,,,,,,,,,,,,,,,,,,,,,,,,
vanderpol_mu2,linear_weak,Linear q5 + weak,16,0.05,3,c9ab49571a9b05b2a31345f27a5ab3caa80525e2b6990d54fdb8057aabe8d7c0,249,0.08,19.84,0,5,0.9774160719612628,1.0,0.023105746556244804,0.03,1,0.04917960857548514,0.04231494567580004,55,10,0.04089206532402689,1241,ok,0.12422664499899838,,,,,,,,,,,,,,,,,,,,,,,,,,,,
vanderpol_mu2,raw_weak,Raw + weak,16,0.05,3,c9ab49571a9b05b2a31345f27a5ab3caa80525e2b6990d54fdb8057aabe8d7c0,249,0.08,19.84,0,1,0.9819747949665304,1.0,0.018356077086565073,0.03,1,0.050004009380156804,0.04196325452318,55,10,0.05029590033105947,249,ok,0.1861267999993288,,,,,,,,,,,,,,,,,,,,,,,,,,,,
vanderpol_mu2,tv_weak,TV states + weak,16,0.05,3,c9ab49571a9b05b2a31345f27a5ab3caa80525e2b6990d54fdb8057aabe8d7c0,249,0.08,19.84,0,1,0.9811715639900238,1.0,0.019189748970515112,0.03,1,0.04284790488551711,0.040152938354502885,55,10,0.026884040115662693,249,ok,2.102292335999664,0.1,0.004126898794427814,0.0,0.0,0.0,3.0,2.0,"[0.4237703097790002, 0.9706976573340342]","[0.42376550937762286, 0.9706924086079287]","[4.800401377347274e-06, 5.2487261055222945e-06]","[4.800401377347274e-06, 5.2487261055222945e-06]",5.2487261055222945e-06,4.107276619647049e-07,"[4.800400026205853e-06, 5.2487236308351726e-06]",4.46687445032623e-06,0.0,0.0,0.9999966966904617,True,175.0,1.245,1e-05,banded ADMM with dual certificate,0.03061517899914179,249.0,249.0,2.0,0.5*sum_train((z-y)^2)+lambda*sum(abs(Bz))
vanderpol_mu2,edmd_weak,EDMD + weak,16,0.05,4,fa93e3aed132ac0668a2d7df3c6dde31f8db7a8fc74e8f101bf1ebba82ea700f,249,0.08,19.84,0,5,0.9875087959898973,1.0,0.012649207845871802,0.3,1,0.07579069912475973,0.06631254748909975,55,10,0.04797325297020971,1241,ok,0.09968102399943746,,,,,,,,,,,,,,,,,,,,,,,,,,,,
vanderpol_mu2,linear_weak,Linear q5 + weak,16,0.05,4,fa93e3aed132ac0668a2d7df3c6dde31f8db7a8fc74e8f101bf1ebba82ea700f,249,0.08,19.84,0,5,0.9835491137458621,1.0,0.016726044509851254,0.3,1,0.07505610694450501,0.0651980240377322,55,10,0.040342852201010485,1241,ok,0.023082872001396026,,,,,,,,,,,,,,,,,,,,,,,,,,,,
vanderpol_mu2,raw_weak,Raw + weak,16,0.05,4,fa93e3aed132ac0668a2d7df3c6dde31f8db7a8fc74e8f101bf1ebba82ea700f,249,0.08,19.84,0,1,0.9880546899415134,1.0,0.01208972557905051,0.3,1,0.07382739624641964,0.06605507597986614,55,10,0.04928898098217182,249,ok,0.019987293002486695,,,,,,,,,,,,,,,,,,,,,,,,,,,,
vanderpol_mu2,tv_weak,TV states + weak,16,0.05,4,fa93e3aed132ac0668a2d7df3c6dde31f8db7a8fc74e8f101bf1ebba82ea700f,249,0.08,19.84,0,1,0.9826697480709158,1.0,0.017635886281332294,0.3,1,0.07497940219579263,0.05881168872388549,55,10,0.025686948275210425,249,ok,1.770330739000201,0.1,0.003827763455784309,0.0,0.0,0.0,3.0,2.0,"[0.40249546403032155, 0.9758330514338605]","[0.4024866179229684, 0.9758303703576828]","[8.846107353133181e-06, 2.681076177624142e-06]","[8.846107353133181e-06, 2.681076177624142e-06]",8.846107353133181e-06,2.3091059091762123e-06,"[8.846034503878775e-06, 2.681074906862868e-06]",1.1880517141626967e-05,0.0,0.0,0.9999813997651715,True,275.0,1.245,1e-05,banded ADMM with dual certificate,0.044569507997948676,249.0,249.0,2.0,0.5*sum_train((z-y)^2)+lambda*sum(abs(Bz))
vanderpol_mu2,edmd_weak,EDMD + weak,16,0.1,0,86b2000d1c913c8c6c237316fa520a38ccdb251fc49010b27e408c0f71f9cb01,249,0.08,19.84,0,5,0.9776072593314497,1.0,0.022905661199635382,0.3,1,0.10099137488657735,0.07362466835048509,55,10,0.09122721539104453,1241,ok,0.06562714699975913,,,,,,,,,,,,,,,,,,,,,,,,,,,,
vanderpol_mu2,linear_weak,Linear q5 + weak,16,0.1,0,86b2000d1c913c8c6c237316fa520a38ccdb251fc49010b27e408c0f71f9cb01,249,0.08,19.84,0,5,0.5848955552521223,0.8571428571428571,0.46546310609828623,0.3,0,0.1145631882237881,0.6710708079241863,55,10,0.08336316093701042,1241,ok,0.0348584489984205,,,,,,,,,,,,,,,,,,,,,,,,,,,,
vanderpol_mu2,raw_weak,Raw + weak,16,0.1,0,86b2000d1c913c8c6c237316fa520a38ccdb251fc49010b27e408c0f71f9cb01,249,0.08,19.84,0,1,0.5850818645510418,0.8571428571428571,0.464996454471511,0.3,0,0.12291080449911633,0.6718376533653905,55,10,0.09924565879650554,249,ok,0.024569252997025615,,,,,,,,,,,,,,,,,,,,,,,,,,,,
vanderpol_mu2,tv_weak,TV states + weak,16,0.1,0,86b2000d1c913c8c6c237316fa520a38ccdb251fc49010b27e408c0f71f9cb01,249,0.08,19.84,0,1,0.9628817728176412,1.0,0.038549101489107215,0.1,1,0.10182029817993496,0.08288108337641821,55,10,0.05174408907116417,249,ok,1.420738942000753,0.1,0.012840678221530937,0.0,0.0,0.0,3.0,2.0,"[0.9894946306493873, 1.5694800809664078]","[0.9894944356253592, 1.5694782097567452]","[1.9502402803794894e-07, 1.8712096625517205e-06]","[1.9502402803794894e-07, 1.1922481114889478e-06]",1.1922481114889478e-06,4.7739066341701e-07,"[1.9502396725323834e-07, 1.8712052358704767e-06]",4.967443727743603e-07,0.0,0.0,0.9999975899052258,True,100.0,1.245,1e-05,banded ADMM with dual certificate,0.017643013001361396,249.0,249.0,2.0,0.5*sum_train((z-y)^2)+lambda*sum(abs(Bz))
vanderpol_mu2,edmd_weak,EDMD + weak,16,0.1,1,d9270d2b58325c475bb1e890ffad202f819e5fb4e407994195f369feba177fc9,249,0.08,19.84,0,5,0.9780455196770382,1.0,0.02244729910956633,0.1,1,0.1226764147213733,0.11169938954393398,55,10,0.09738387956397972,1241,ok,0.08079077900038101,,,,,,,,,,,,,,,,,,,,,,,,,,,,
vanderpol_mu2,linear_weak,Linear q5 + weak,16,0.1,1,d9270d2b58325c475bb1e890ffad202f819e5fb4e407994195f369feba177fc9,249,0.08,19.84,0,5,0.9503539619262451,1.0,0.052239523443590216,0.1,1,0.13583963803583635,0.11976085354799872,55,10,0.08600793187962257,1241,ok,0.02221866300169495,,,,,,,,,,,,,,,,,,,,,,,,,,,,
vanderpol_mu2,raw_weak,Raw + weak,16,0.1,1,d9270d2b58325c475bb1e890ffad202f819e5fb4e407994195f369feba177fc9,249,0.08,19.84,0,1,0.9568440570446015,1.0,0.04510237863491975,0.1,1,0.13727008824950876,0.12051175435751538,55,10,0.10520616393959142,249,ok,0.022927017998881638,,,,,,,,,,,,,,,,,,,,,,,,,,,,
vanderpol_mu2,tv_weak,TV states + weak,16,0.1,1,d9270d2b58325c475bb1e890ffad202f819e5fb4e407994195f369feba177fc9,249,0.08,19.84,0,1,0.9484880398421188,1.0,0.054309551616966795,0.3,1,0.1323656747511601,0.12016610746680896,55,10,0.05399152296820016,249,ok,1.6446647369994025,0.1,0.015180960749821525,0.0,0.0,0.0,3.0,2.0,"[1.1769266928755875, 1.6288394362035439]","[1.1769262493692232, 1.6288384738065014]","[4.435063643004611e-07, 9.623970425032269e-07]","[3.7683431515759154e-07, 5.908483188167133e-07]",5.908483188167133e-07,2.4603916248810975e-07,"[4.4350609901266935e-07, 9.623958849847014e-07]",3.528197179969439e-07,0.0,0.0,0.9999988200432239,True,100.0,1.245,1e-05,banded ADMM with dual certificate,0.016920398997172015,249.0,249.0,2.0,0.5*sum_train((z-y)^2)+lambda*sum(abs(Bz))
vanderpol_mu2,edmd_weak,EDMD + weak,16,0.1,2,0aabb00a6659e50b70c4c100e27ac35599860fca8c6da5ae76d94aa65f7fe1ec,249,0.08,19.84,0,5,0.8448893743151366,0.8888888888888888,0.0520772492960017,0.1,0,0.1328649381059425,0.10504512397865427,55,10,0.09572592250842825,1241,ok,0.1042646709975088,,,,,,,,,,,,,,,,,,,,,,,,,,,,
vanderpol_mu2,linear_weak,Linear q5 + weak,16,0.1,2,0aabb00a6659e50b70c4c100e27ac35599860fca8c6da5ae76d94aa65f7fe1ec,249,0.08,19.84,0,5,0.8495490306573251,0.8888888888888888,0.04630675430366276,0.1,0,0.13851636838329326,0.11200836393287833,55,10,0.08578440932890895,1241,ok,0.02288635900185909,,,,,,,,,,,,,,,,,,,,,,,,,,,,
vanderpol_mu2,raw_weak,Raw + weak,16,0.1,2,0aabb00a6659e50b70c4c100e27ac35599860fca8c6da5ae76d94aa65f7fe1ec,249,0.08,19.84,0,1,0.7345409374471622,0.8,0.08911560842386194,0.1,0,0.13866613836468308,0.10093264551911463,55,10,0.10434222873404016,249,ok,0.021065142998850206,,,,,,,,,,,,,,,,,,,,,,,,,,,,
vanderpol_mu2,tv_weak,TV states + weak,16,0.1,2,0aabb00a6659e50b70c4c100e27ac35599860fca8c6da5ae76d94aa65f7fe1ec,249,0.08,19.84,0,1,0.8483710588766726,0.8888888888888888,0.0477595617958325,0.1,0,0.13993712285174909,0.11159720655032708,55,10,0.05240336405944041,249,ok,1.8766856369984453,0.1,0.014512583849402044,0.0,0.0,0.0,3.0,2.0,"[1.1598028890769638, 1.6828422056522667]","[1.1598027168400282, 1.68284079477558]","[1.7223693560275422e-07, 1.4108766868137224e-06]","[1.4850535140486676e-07, 8.383891740264911e-07]",8.383891740264911e-07,3.668967877290541e-07,"[1.7223691517465056e-07, 1.4108742898422122e-06]",3.442175518925117e-07,0.0,0.0,0.9999982910550885,True,100.0,1.245,1e-05,banded ADMM with dual certificate,0.01643192199844634,249.0,249.0,2.0,0.5*sum_train((z-y)^2)+lambda*sum(abs(Bz))
vanderpol_mu2,edmd_weak,EDMD + weak,16,0.1,3,28931245ce9afd19aa490aa0c941c3725dd5a1c677727d4af974d28d0bbe6f6c,249,0.08,19.84,0,5,0.9925145127536906,1.0,0.007541942359655055,0.3,1,0.08333531366884016,0.08189368456567311,55,10,0.08921508624084147,1241,ok,0.058978935001505306,,,,,,,,,,,,,,,,,,,,,,,,,,,,
vanderpol_mu2,linear_weak,Linear q5 + weak,16,0.1,3,28931245ce9afd19aa490aa0c941c3725dd5a1c677727d4af974d28d0bbe6f6c,249,0.08,19.84,0,5,0.9613584617220327,1.0,0.04019472425379247,0.1,1,0.09278767538581359,0.08915488706784366,55,10,0.07866946136617575,1241,ok,0.025230659000953892,,,,,,,,,,,,,,,,,,,,,,,,,,,,
vanderpol_mu2,raw_weak,Raw + weak,16,0.1,3,28931245ce9afd19aa490aa0c941c3725dd5a1c677727d4af974d28d0bbe6f6c,249,0.08,19.84,0,1,0.9695778874970692,1.0,0.03137665668249125,0.1,1,0.09459583240110475,0.09242564242568725,55,10,0.09690394974690474,249,ok,0.024626958998851478,,,,,,,,,,,,,,,,,,,,,,,,,,,,
vanderpol_mu2,tv_weak,TV states + weak,16,0.1,3,28931245ce9afd19aa490aa0c941c3725dd5a1c677727d4af974d28d0bbe6f6c,249,0.08,19.84,0,1,0.9589476318093872,1.0,0.04280981237020538,0.1,1,0.09402079157950177,0.08748482855583965,55,10,0.04359264527976324,249,ok,1.4481618169993453,0.1,0.013483440415846985,0.0,0.0,0.0,3.0,2.0,"[1.1406872670260242, 1.5543587271637116]","[1.14068726678816, 1.554345594333688]","[2.3786417280291516e-10, 1.3132830023687703e-05]","[2.085270693194197e-10, 8.44903418636932e-06]",8.44903418636932e-06,2.222022912834465e-06,"[2.378645613809738e-10, 1.3132753715949796e-05]",6.798570121063774e-06,0.0,0.0,0.9999896454106065,True,150.0,1.245,1e-05,banded ADMM with dual certificate,0.014364253998792265,249.0,249.0,2.0,0.5*sum_train((z-y)^2)+lambda*sum(abs(Bz))
vanderpol_mu2,edmd_weak,EDMD + weak,16,0.1,4,6d622c2d173f273eb3452522ab564b9f54eae5afbe1ac259cbf352516222034b,249,0.08,19.84,0,5,0.9548996668038205,1.0,0.04723044186111879,0.1,1,0.1214704164251654,0.10797019700495396,55,10,0.09311031495962215,1241,ok,0.07797951300017303,,,,,,,,,,,,,,,,,,,,,,,,,,,,
vanderpol_mu2,linear_weak,Linear q5 + weak,16,0.1,4,6d622c2d173f273eb3452522ab564b9f54eae5afbe1ac259cbf352516222034b,249,0.08,19.84,0,5,0.9847960691444091,1.0,0.01543865916199288,0.3,1,0.11340711338391052,0.1054338231245344,55,10,0.08474964619271398,1241,ok,0.021875757000088925,,,,,,,,,,,,,,,,,,,,,,,,,,,,
vanderpol_mu2,raw_weak,Raw + weak,16,0.1,4,6d622c2d173f273eb3452522ab564b9f54eae5afbe1ac259cbf352516222034b,249,0.08,19.84,0,1,0.9880320143530182,1.0,0.012112953298197211,0.3,1,0.11182837307996747,0.10693402514924343,55,10,0.102561414705656,249,ok,0.03111111199905281,,,,,,,,,,,,,,,,,,,,,,,,,,,,
vanderpol_mu2,tv_weak,TV states + weak,16,0.1,4,6d622c2d173f273eb3452522ab564b9f54eae5afbe1ac259cbf352516222034b,249,0.08,19.84,0,1,0.9797410358791965,1.0,0.020677876478475396,0.3,1,0.11790364553465033,0.10261250696233083,55,10,0.05196983732441974,249,ok,1.9041592049979954,0.1,0.014336796806238835,0.0,0.0,0.0,3.0,2.0,"[1.13235431675861, 1.6271670459438887]","[1.1323516803521765, 1.6271659724653214]","[2.636406433609295e-06, 1.0734785673705005e-06]","[2.328252203918e-06, 6.597224114428866e-07]",2.328252203918e-06,1.1401435313640462e-06,"[2.6363895659076153e-06, 1.073477412738555e-06]",2.476596382083862e-06,0.0,0.0,0.9999956438802816,True,100.0,1.245,1e-05,banded ADMM with dual certificate,0.015879582999332342,249.0,249.0,2.0,0.5*sum_train((z-y)^2)+lambda*sum(abs(Bz))
vanderpol_mu2,edmd_weak,EDMD + weak,16,0.2,0,c9e87f20746751d3008fef517f352c31d53d4af4f854595a970027919058725e,249,0.08,19.84,0,5,0.3712983652950534,0.6666666666666666,0.795501216755689,0.3,0,0.18868115419881484,0.156257758478864,55,10,0.18044543328410367,1241,ok,0.075541483998677,,,,,,,,,,,,,,,,,,,,,,,,,,,,
vanderpol_mu2,linear_weak,Linear q5 + weak,16,0.2,0,c9e87f20746751d3008fef517f352c31d53d4af4f854595a970027919058725e,249,0.08,19.84,0,5,0.8887822671818029,1.0,0.125134959286319,0.3,1,0.21505053337135707,0.20015243089867205,55,10,0.1729440083008568,1241,ok,0.024319148000358837,,,,,,,,,,,,,,,,,,,,,,,,,,,,
vanderpol_mu2,raw_weak,Raw + weak,16,0.2,0,c9e87f20746751d3008fef517f352c31d53d4af4f854595a970027919058725e,249,0.08,19.84,0,1,0.9032582344435273,1.0,0.10710310946245936,0.3,1,0.21379554028353495,0.19943435251790326,55,10,0.20669977136661574,249,ok,0.022902410000824602,,,,,,,,,,,,,,,,,,,,,,,,,,,,
vanderpol_mu2,tv_weak,TV states + weak,16,0.2,0,c9e87f20746751d3008fef517f352c31d53d4af4f854595a970027919058725e,249,0.08,19.84,0,1,0.875390129667117,1.0,0.14234781283205478,0.3,1,0.23126614794790354,0.21124415135965693,55,10,0.12158280656061515,249,ok,1.264792979000049,0.1,0.05342884682293017,0.0,0.0,0.0,3.0,2.0,"[3.721352520479412, 3.7097963512928587]","[3.721351028032696, 3.7097872087075165]","[1.4924467159893595e-06, 9.142585342125642e-06]","[4.010495398584522e-07, 2.4644439954067733e-06]",2.4644439954067733e-06,1.9290236973890096e-06,"[1.4924417539585733e-06, 9.14250373096337e-06]",1.2782203488714838e-06,0.0,0.0,0.9999938070246555,True,100.0,1.245,1e-05,banded ADMM with dual certificate,0.015390975000627805,249.0,249.0,2.0,0.5*sum_train((z-y)^2)+lambda*sum(abs(Bz))
vanderpol_mu2,edmd_weak,EDMD + weak,16,0.2,1,8e2bd53459e3fd50fab1bb29c289a2691ff179aede1603a0ae6c689d7e3a1e35,249,0.08,19.84,0,5,0.4713903066644972,0.75,0.5910382317933357,0.3,0,0.26602324104634145,0.3381746573457995,55,10,0.17062262731601338,1241,ok,0.07033524699727423,,,,,,,,,,,,,,,,,,,,,,,,,,,,
vanderpol_mu2,linear_weak,Linear q5 + weak,16,0.2,1,8e2bd53459e3fd50fab1bb29c289a2691ff179aede1603a0ae6c689d7e3a1e35,249,0.08,19.84,0,5,0.813712868273061,1.0,0.22893472499985815,0.3,1,0.327401780841831,0.2796059060599492,55,10,0.1648383312170295,1241,ok,0.02146932100004051,,,,,,,,,,,,,,,,,,,,,,,,,,,,
vanderpol_mu2,raw_weak,Raw + weak,16,0.2,1,8e2bd53459e3fd50fab1bb29c289a2691ff179aede1603a0ae6c689d7e3a1e35,249,0.08,19.84,0,1,0.8104244575804773,1.0,0.2339212996921399,0.3,1,0.3428250475236302,0.288304147011989,55,10,0.1985451376086954,249,ok,0.024377845002163667,,,,,,,,,,,,,,,,,,,,,,,,,,,,
vanderpol_mu2,tv_weak,TV states + weak,16,0.2,1,8e2bd53459e3fd50fab1bb29c289a2691ff179aede1603a0ae6c689d7e3a1e35,249,0.08,19.84,0,1,0.4145519210003498,0.8,0.929794458724327,0.1,0,0.31800821242822497,0.24036789605738051,55,10,0.11595679746488707,249,ok,1.9667610750002495,0.1,0.04976496472152249,0.0,0.0,0.0,3.0,2.0,"[2.8766310021740855, 4.039007933461049]","[2.8766191928250797, 4.038987703582525]","[1.1809349005797998e-05, 2.0229878523458922e-05]","[4.105270713161607e-06, 5.008625597356483e-06]",5.008625597356483e-06,5.01868971836128e-06,"[1.1809019728081793e-05, 2.0229442308172807e-05]",4.236238230315159e-06,0.0,0.0,0.9999866865916885,True,100.0,1.245,1e-05,banded ADMM with dual certificate,0.015584619999572169,249.0,249.0,2.0,0.5*sum_train((z-y)^2)+lambda*sum(abs(Bz))
vanderpol_mu2,edmd_weak,EDMD + weak,16,0.2,2,aa5c3e446b20c610dfa0c28007b751924e6afc06e2ee709b424c0261705f5ce0,249,0.08,19.84,0,5,0.5707744130194023,0.8571428571428571,0.5017191338493309,1.0,0,0.14580677095331732,0.69075514632904,55,10,0.16232445221205669,1241,ok,0.07804166299683857,,,,,,,,,,,,,,,,,,,,,,,,,,,,
vanderpol_mu2,linear_weak,Linear q5 + weak,16,0.2,2,aa5c3e446b20c610dfa0c28007b751924e6afc06e2ee709b424c0261705f5ce0,249,0.08,19.84,0,5,0.7738584441645652,0.8888888888888888,0.14864533118651596,0.1,0,0.2162614980306917,0.1354212213137966,55,10,0.15787746900421606,1241,ok,0.01853921200017794,,,,,,,,,,,,,,,,,,,,,,,,,,,,
vanderpol_mu2,raw_weak,Raw + weak,16,0.2,2,aa5c3e446b20c610dfa0c28007b751924e6afc06e2ee709b424c0261705f5ce0,249,0.08,19.84,0,1,0.49465362310391214,0.75,0.5162124868181691,0.3,0,0.25342253625323785,0.27753115461981526,55,10,0.1959769671810805,249,ok,0.019797411001491128,,,,,,,,,,,,,,,,,,,,,,,,,,,,
vanderpol_mu2,tv_weak,TV states + weak,16,0.2,2,aa5c3e446b20c610dfa0c28007b751924e6afc06e2ee709b424c0261705f5ce0,249,0.08,19.84,0,1,0.368540989185177,0.6666666666666666,0.8089349250964687,0.3,0,0.193927560582988,0.12944517845527803,55,10,0.08615837619516586,249,ok,1.5314546580011665,1.0,0.05179108818460095,0.0,0.0,0.0,3.0,2.0,"[5.472963073303971, 10.099388285523823]","[5.4729613952708, 10.099303427855103]","[1.6780331710819496e-06, 8.485766871935141e-05]","[3.066041463475357e-07, 8.402258267561016e-06]",8.402258267561016e-06,8.035223581948081e-06,"[1.6780283822459552e-06, 8.485665119994934e-05]",3.4998186069001846e-05,0.0,0.0,0.9999848451779221,True,250.0,12.45,1e-05,banded ADMM with dual certificate,0.042717929998616455,249.0,249.0,2.0,0.5*sum_train((z-y)^2)+lambda*sum(abs(Bz))
vanderpol_mu2,edmd_weak,EDMD + weak,16,0.2,3,07d1a60551f14acf0fd9fb295f78db64c82d62245106739962a1f990899567ae,249,0.08,19.84,0,5,0.856137657412341,1.0,0.16803646159249674,0.3,1,0.2679648592378561,0.14961523120473721,55,10,0.17666744949406463,1241,ok,0.12330070699681528,,,,,,,,,,,,,,,,,,,,,,,,,,,,
vanderpol_mu2,linear_weak,Linear q5 + weak,16,0.2,3,07d1a60551f14acf0fd9fb295f78db64c82d62245106739962a1f990899567ae,249,0.08,19.84,0,5,0.4149728291796069,0.6666666666666666,0.6065308853706243,0.1,0,0.302140185083752,0.13823586801550056,55,10,0.16944557838684232,1241,ok,0.02068204800161766,,,,,,,,,,,,,,,,,,,,,,,,,,,,
vanderpol_mu2,raw_weak,Raw + weak,16,0.2,3,07d1a60551f14acf0fd9fb295f78db64c82d62245106739962a1f990899567ae,249,0.08,19.84,0,1,0.4127687967344329,0.6666666666666666,0.6151091650844589,0.1,0,0.34597495498919545,0.13477837649046812,55,10,0.20612757868533305,249,ok,0.019642090999695938,,,,,,,,,,,,,,,,,,,,,,,,,,,,
vanderpol_mu2,tv_weak,TV states + weak,16,0.2,3,07d1a60551f14acf0fd9fb295f78db64c82d62245106739962a1f990899567ae,249,0.08,19.84,0,1,0.45138846937162586,0.7272727272727273,0.6111903086163403,0.1,0,0.2509605746395701,0.1374192841652959,55,10,0.11360320385604099,249,ok,1.1601242539982195,0.1,0.05483044265700522,0.0,0.0,0.0,3.0,2.0,"[4.059622239231082, 3.5632114359041047]","[4.059621831583224, 3.563208290816633]","[4.0764785769198397e-07, 3.1450874717897648e-06]","[1.0041521936513853e-07, 8.826553036114603e-07]",8.826553036114603e-07,7.956565802880178e-07,"[4.076473409941883e-07, 3.145078506072707e-06]",5.015020385912283e-07,0.0,0.0,0.9999979096539068,True,100.0,1.245,1e-05,banded ADMM with dual certificate,0.020156656002654927,249.0,249.0,2.0,0.5*sum_train((z-y)^2)+lambda*sum(abs(Bz))
vanderpol_mu2,edmd_weak,EDMD + weak,16,0.2,4,d5a192e83316564aa09d816774b0731efde80710daed8abe3bea5bd8c16601f3,249,0.08,19.84,0,5,0.48932527123560393,0.75,0.5327228003290362,0.3,0,0.2520312115390509,0.34284385782879745,55,10,0.1823329803756296,1241,ok,0.07270370500191348,,,,,,,,,,,,,,,,,,,,,,,,,,,,
vanderpol_mu2,linear_weak,Linear q5 + weak,16,0.2,4,d5a192e83316564aa09d816774b0731efde80710daed8abe3bea5bd8c16601f3,249,0.08,19.84,0,5,0.8555226177458541,1.0,0.16887616908927233,0.3,1,0.2820032068018939,0.2461335005692111,55,10,0.16745915991211546,1241,ok,0.020390038000186905,,,,,,,,,,,,,,,,,,,,,,,,,,,,
vanderpol_mu2,raw_weak,Raw + weak,16,0.2,4,d5a192e83316564aa09d816774b0731efde80710daed8abe3bea5bd8c16601f3,249,0.08,19.84,0,1,0.5461270143708404,0.8571428571428571,0.5694936060438595,0.3,0,0.2893309800466047,0.713749311824519,55,10,0.20299929916243517,249,ok,0.019871938002324896,,,,,,,,,,,,,,,,,,,,,,,,,,,,
vanderpol_mu2,tv_weak,TV states + weak,16,0.2,4,d5a192e83316564aa09d816774b0731efde80710daed8abe3bea5bd8c16601f3,249,0.08,19.84,0,1,0.8412889912864246,1.0,0.18865218772313727,0.3,1,0.2881723332906898,0.25433018646023486,55,10,0.11479892755047078,249,ok,1.283282901000348,0.1,0.05463156734843107,0.0,0.0,0.0,3.0,2.0,"[3.3452636880490685, 4.010617349220123]","[3.3452620017841315, 4.010615240340665]","[1.686264937017512e-06, 2.108879457729529e-06]","[5.04075341815858e-07, 5.258241497757464e-07]",5.258241497757464e-07,6.253480056006566e-07,"[1.6862581624366157e-06, 2.1088730592921934e-06]",2.7470877494994994e-07,0.0,0.0,0.9999982919071958,True,100.0,1.245,1e-05,banded ADMM with dual certificate,0.01580904799993732,249.0,249.0,2.0,0.5*sum_train((z-y)^2)+lambda*sum(abs(Bz))
vanderpol_mu2,edmd_weak,EDMD + weak,64,0.05,0,7d637b917a61369addd76066a9562699b7b3a2a0db824aec09404e755961465a,63,0.32,19.84,0,5,0.9715985279893429,1.0,0.02923169518322762,0.3,1,0.10003219190835563,0.08922785267180963,55,10,0.050657105809766616,311,ok,0.06475738199878833,,,,,,,,,,,,,,,,,,,,,,,,,,,,
vanderpol_mu2,linear_weak,Linear q5 + weak,64,0.05,0,7d637b917a61369addd76066a9562699b7b3a2a0db824aec09404e755961465a,63,0.32,19.84,0,5,0.5399711659469869,0.8,0.4815605914752531,0.1,0,0.15806574681023755,0.12197175255969032,55,10,0.07520935445690277,311,ok,0.09115436900174245,,,,,,,,,,,,,,,,,,,,,,,,,,,,
vanderpol_mu2,raw_weak,Raw + weak,64,0.05,0,7d637b917a61369addd76066a9562699b7b3a2a0db824aec09404e755961465a,63,0.32,19.84,0,1,0.6503798294818971,0.8571428571428571,0.317911193257132,1.0,0,0.16490123762507017,0.6779835598180016,55,10,0.05127425886787341,63,ok,0.087373538997781,,,,,,,,,,,,,,,,,,,,,,,,,,,,
vanderpol_mu2,tv_weak,TV states + weak,64,0.05,0,7d637b917a61369addd76066a9562699b7b3a2a0db824aec09404e755961465a,63,0.32,19.84,0,1,0.6503774882742477,0.8571428571428571,0.31791593743081975,1.0,0,0.16493894292059177,0.6779796510491068,55,10,0.05117861380688607,63,ok,0.24223951200110605,0.0001,0.08055103826803706,0.0,0.0,0.0,3.0,2.0,"[0.001037329842915575, 0.003020000400548927]","[0.0010365181043983504, 0.003016150893924807]","[8.117385172246722e-07, 3.8495066241200394e-06]","[8.117385172246722e-07, 3.8495066241200394e-06]",3.8495066241200394e-06,3.615339044662027e-07,"[8.11737948901289e-07, 3.849505497095784e-06]",2.0569250495984536e-07,0.0,0.0,0.9990962738060367,True,50.0,0.02,1e-05,banded ADMM with dual certificate,0.006404890998965129,63.0,63.0,2.0,0.5*sum_train((z-y)^2)+lambda*sum(abs(Bz))
vanderpol_mu2,edmd_weak,EDMD + weak,64,0.05,1,4ff37720f0c439e38ff8fc8f590a919eae821935b2c20271f3a59e7262c203d1,63,0.32,19.84,0,5,0.991119326066043,1.0,0.008960246965626415,0.3,1,0.09714574672140366,0.0951288438826083,55,10,0.053415479705182005,311,ok,0.04877270300130476,,,,,,,,,,,,,,,,,,,,,,,,,,,,
vanderpol_mu2,linear_weak,Linear q5 + weak,64,0.05,1,4ff37720f0c439e38ff8fc8f590a919eae821935b2c20271f3a59e7262c203d1,63,0.32,19.84,0,5,0.3673416732993447,0.6666666666666666,0.8148408283734354,0.1,0,0.1312701374321959,0.07914204831040487,55,10,0.08005405769173414,311,ok,0.09224902700225357,,,,,,,,,,,,,,,,,,,,,,,,,,,,
vanderpol_mu2,raw_weak,Raw + weak,64,0.05,1,4ff37720f0c439e38ff8fc8f590a919eae821935b2c20271f3a59e7262c203d1,63,0.32,19.84,0,1,0.9768319914903303,1.0,0.023717495650734024,0.3,1,0.10880414827228059,0.10709458478878382,55,10,0.05428401959916304,63,ok,0.09414211900002556,,,,,,,,,,,,,,,,,,,,,,,,,,,,
vanderpol_mu2,tv_weak,TV states + weak,64,0.05,1,4ff37720f0c439e38ff8fc8f590a919eae821935b2c20271f3a59e7262c203d1,63,0.32,19.84,0,1,0.9768006424509255,1.0,0.023750350420393036,0.3,1,0.10878666683996364,0.1070588408584227,55,10,0.054199194816209675,63,ok,0.22798755099938717,0.0001,0.08447907634162471,0.0,0.0,0.0,3.0,2.0,"[0.0010633989830669058, 0.0030160748669093374]","[0.001062796507686952, 0.003012618995622411]","[6.024753799538721e-07, 3.455871286926586e-06]","[6.024753799538721e-07, 3.455871286926586e-06]",3.455871286926586e-06,3.073836047122946e-07,"[6.024750869525718e-07, 3.4558703895437234e-06]",1.9274608000739984e-07,0.0,0.0,0.9992316186470207,True,50.0,0.02,1e-05,banded ADMM with dual certificate,0.0033794970004237257,63.0,63.0,2.0,0.5*sum_train((z-y)^2)+lambda*sum(abs(Bz))
vanderpol_mu2,edmd_weak,EDMD + weak,64,0.05,2,8cfb8a4879603e91a0aedda6f394bcf54f24f044a74800260d93e71e9f443c6d,63,0.32,19.84,0,5,0.969093585624192,1.0,0.03189208435003864,0.1,1,0.09139892749498148,0.08799737929364111,55,10,0.05949186386398617,311,ok,0.04117306799889775,,,,,,,,,,,,,,,,,,,,,,,,,,,,
vanderpol_mu2,linear_weak,Linear q5 + weak,64,0.05,2,8cfb8a4879603e91a0aedda6f394bcf54f24f044a74800260d93e71e9f443c6d,63,0.32,19.84,0,5,0.9116524929150734,1.0,0.09690919267102435,0.3,1,0.14325583848792564,0.12755033780257968,55,10,0.06859183456609884,311,ok,0.08815676900121616,,,,,,,,,,,,,,,,,,,,,,,,,,,,
vanderpol_mu2,raw_weak,Raw + weak,64,0.05,2,8cfb8a4879603e91a0aedda6f394bcf54f24f044a74800260d93e71e9f443c6d,63,0.32,19.84,0,1,0.987415001396531,1.0,0.012745399437591672,0.1,1,0.13747611673520418,0.13659912536464028,55,10,0.049145309325732967,63,ok,0.08713972300029127,,,,,,,,,,,,,,,,,,,,,,,,,,,,
vanderpol_mu2,tv_weak,TV states + weak,64,0.05,2,8cfb8a4879603e91a0aedda6f394bcf54f24f044a74800260d93e71e9f443c6d,63,0.32,19.84,0,1,0.9873336714733457,1.0,0.012828822608422755,0.1,1,0.1374679352280894,0.1365774383634894,55,10,0.04904131111731185,63,ok,0.20997095700295176,0.0001,0.09461422884125306,0.0,0.0,0.0,3.0,2.0,"[0.0010216764119256507, 0.0030630636396550286]","[0.001021072975501041, 0.0030585532564658784]","[6.034364246096206e-07, 4.5103831891502195e-06]","[6.034364246096206e-07, 4.5103831891502195e-06]",4.5103831891502195e-06,4.4028248309679885e-07,"[6.034361603823955e-07, 4.5103813701547445e-06]",2.2612772677805507e-07,0.0,0.0,0.9988994234727409,True,50.0,0.02,1e-05,banded ADMM with dual certificate,0.005826995002280455,63.0,63.0,2.0,0.5*sum_train((z-y)^2)+lambda*sum(abs(Bz))
vanderpol_mu2,edmd_weak,EDMD + weak,64,0.05,3,524391f580a2ec568656edc84b075660545ccf02ce0420c86593013eaec7e543,63,0.32,19.84,0,5,0.9699234603853062,1.0,0.03100918870726743,0.1,1,0.09637947659287212,0.07779525525254395,55,10,0.05482930190024969,311,ok,0.050909128000057535,,,,,,,,,,,,,,,,,,,,,,,,,,,,
vanderpol_mu2,linear_weak,Linear q5 + weak,64,0.05,3,524391f580a2ec568656edc84b075660545ccf02ce0420c86593013eaec7e543,63,0.32,19.84,0,5,0.8789567061838097,1.0,0.13771246406632165,0.3,1,0.1575428608458656,0.11527096729517536,55,10,0.0699632112945804,311,ok,0.021334258999559097,,,,,,,,,,,,,,,,,,,,,,,,,,,,
vanderpol_mu2,raw_weak,Raw + weak,64,0.05,3,524391f580a2ec568656edc84b075660545ccf02ce0420c86593013eaec7e543,63,0.32,19.84,0,1,0.9355025053114235,1.0,0.06894422443807949,0.3,1,0.15517218557397264,0.1359943440676373,55,10,0.04552222306629348,63,ok,0.021241800001007505,,,,,,,,,,,,,,,,,,,,,,,,,,,,
vanderpol_mu2,tv_weak,TV states + weak,64,0.05,3,524391f580a2ec568656edc84b075660545ccf02ce0420c86593013eaec7e543,63,0.32,19.84,0,1,0.9354835853299005,1.0,0.06896584363620616,0.3,1,0.15505514430576525,0.1359679440193317,55,10,0.04541015695188248,63,ok,0.25592900800256757,0.0001,0.0946793630514755,0.0,0.0,0.0,3.0,2.0,"[0.0010319042397862529, 0.003079029552075199]","[0.0010312480851761485, 0.003075586328641907]","[6.561546101043706e-07, 3.4432234332919427e-06]","[6.561546101043706e-07, 3.4432234332919427e-06]",3.4432234332919427e-06,3.095159454661331e-07,"[6.561543014866559e-07, 3.4432225593681795e-06]",1.9151257015137437e-07,0.0,0.0,0.9992263032038713,True,50.0,0.02,1e-05,banded ADMM with dual certificate,0.006189548999827821,63.0,63.0,2.0,0.5*sum_train((z-y)^2)+lambda*sum(abs(Bz))
vanderpol_mu2,edmd_weak,EDMD + weak,64,0.05,4,60fe346602b14383d529fa6bad78230db4a6ef5ef1016af89c22bc5ab16c0eac,63,0.32,19.84,0,5,0.9838951997071173,1.0,0.0163684102714159,0.3,1,0.08676303288114649,0.07441831902494114,55,10,0.06349147540076726,311,ok,0.05638096500115353,,,,,,,,,,,,,,,,,,,,,,,,,,,,
vanderpol_mu2,linear_weak,Linear q5 + weak,64,0.05,4,60fe346602b14383d529fa6bad78230db4a6ef5ef1016af89c22bc5ab16c0eac,63,0.32,19.84,0,5,0.8944990683962566,1.0,0.11794414922409643,0.3,1,0.1255133690202703,0.09542585610700227,55,10,0.07187116761919221,311,ok,0.01856723300079466,,,,,,,,,,,,,,,,,,,,,,,,,,,,
vanderpol_mu2,raw_weak,Raw + weak,64,0.05,4,60fe346602b14383d529fa6bad78230db4a6ef5ef1016af89c22bc5ab16c0eac,63,0.32,19.84,0,1,0.9517349595131154,1.0,0.050712690549452766,0.3,1,0.13555354529710645,0.1227796923480715,55,10,0.05141811613355578,63,ok,0.010631462999299401,,,,,,,,,,,,,,,,,,,,,,,,,,,,
vanderpol_mu2,tv_weak,TV states + weak,64,0.05,4,60fe346602b14383d529fa6bad78230db4a6ef5ef1016af89c22bc5ab16c0eac,63,0.32,19.84,0,1,0.9517207411437062,1.0,0.05072838782338122,0.3,1,0.13545882966837178,0.12278712112960005,55,10,0.051292140284417524,63,ok,0.2551775890024146,0.0001,0.10150345760669083,0.0,0.0,0.0,3.0,2.0,"[0.0010569062766510613, 0.003067681912546405]","[0.0010561804326309793, 0.0030640040669331617]","[7.258440200819376e-07, 3.6778456132431636e-06]","[7.258440200819376e-07, 3.6778456132431636e-06]",3.6778456132431636e-06,3.4471460509487425e-07,"[7.258433747860549e-07, 3.677844380704353e-06]",2.0986436283556285e-07,0.0,0.0,0.9991383041739884,True,50.0,0.02,1e-05,banded ADMM with dual certificate,0.006349431001581252,63.0,63.0,2.0,0.5*sum_train((z-y)^2)+lambda*sum(abs(Bz))
vanderpol_mu2,edmd_weak,EDMD + weak,64,0.1,0,29804e52c314f9e1c1d218b8e54db74568ccfee32e67e3abba4c0558f6e44374,63,0.32,19.84,0,5,0.5548608459518507,0.8571428571428571,0.5447888662470833,0.3,0,0.23195993951378618,0.6834916473541465,55,10,0.11210501972816159,311,ok,0.0508347489994776,,,,,,,,,,,,,,,,,,,,,,,,,,,,
vanderpol_mu2,linear_weak,Linear q5 + weak,64,0.1,0,29804e52c314f9e1c1d218b8e54db74568ccfee32e67e3abba4c0558f6e44374,63,0.32,19.84,0,5,0.7846226873012596,1.0,0.2744979417298513,0.3,1,0.3086057761108073,0.23089759162901266,55,10,0.11036637867221302,311,ok,0.020664449999458157,,,,,,,,,,,,,,,,,,,,,,,,,,,,
vanderpol_mu2,raw_weak,Raw + weak,64,0.1,0,29804e52c314f9e1c1d218b8e54db74568ccfee32e67e3abba4c0558f6e44374,63,0.32,19.84,0,1,0.7928697021442518,1.0,0.2612412825153756,0.3,1,0.32530904220814205,0.26659560716525116,55,10,0.10401257058845763,63,ok,0.020674716000939952,,,,,,,,,,,,,,,,,,,,,,,,,,,,
vanderpol_mu2,tv_weak,TV states + weak,64,0.1,0,29804e52c314f9e1c1d218b8e54db74568ccfee32e67e3abba4c0558f6e44374,63,0.32,19.84,0,1,0.7929332410724061,1.0,0.2611402173624927,0.3,1,0.3251601245699098,0.26647777140253215,55,10,0.10390209032339803,63,ok,0.279051649999019,0.0001,0.1034607553985905,0.0,0.0,0.0,3.0,2.0,"[0.0013227570839363719, 0.003147288418810287]","[0.0013218415616660722, 0.003144022958005484]","[9.155222702996943e-07, 3.265460804802861e-06]","[9.155222702996943e-07, 3.265460804802861e-06]",3.265460804802861e-06,2.950685584720875e-07,"[9.155216226977136e-07, 3.265459858156454e-06]",2.574040556257984e-07,0.0,0.0,0.9992623937423567,True,50.0,0.02,1e-05,banded ADMM with dual certificate,0.006925371999386698,63.0,63.0,2.0,0.5*sum_train((z-y)^2)+lambda*sum(abs(Bz))
vanderpol_mu2,edmd_weak,EDMD + weak,64,0.1,1,8b556662938bdfcba57f0ea20246fb8d2ad8e2d3b5e09aff3aa84329b3b20a4a,63,0.32,19.84,0,5,0.5897291892241235,0.8571428571428571,0.45345163984600473,0.3,0,0.13729859807334263,0.6745346999333012,55,10,0.09335999242499368,311,ok,0.05412442599845235,,,,,,,,,,,,,,,,,,,,,,,,,,,,
vanderpol_mu2,linear_weak,Linear q5 + weak,64,0.1,1,8b556662938bdfcba57f0ea20246fb8d2ad8e2d3b5e09aff3aa84329b3b20a4a,63,0.32,19.84,0,5,0.8856318375442659,1.0,0.12913736567201695,0.1,1,0.20290950397259339,0.18166919475065338,55,10,0.09751006341847027,311,ok,0.022708724998665275,,,,,,,,,,,,,,,,,,,,,,,,,,,,
vanderpol_mu2,raw_weak,Raw + weak,64,0.1,1,8b556662938bdfcba57f0ea20246fb8d2ad8e2d3b5e09aff3aa84329b3b20a4a,63,0.32,19.84,0,1,0.9260608274332562,1.0,0.07984267380327431,0.3,1,0.21879336392976179,0.20712615575233317,55,10,0.09160653623793764,63,ok,0.021247978002065793,,,,,,,,,,,,,,,,,,,,,,,,,,,,
vanderpol_mu2,tv_weak,TV states + weak,64,0.1,1,8b556662938bdfcba57f0ea20246fb8d2ad8e2d3b5e09aff3aa84329b3b20a4a,63,0.32,19.84,0,1,0.9260977264456725,1.0,0.07979964904779734,0.3,1,0.21864908993365526,0.20701980821206886,55,10,0.09147874943055061,63,ok,0.2596319320000475,0.0001,0.1003436332774041,0.0,0.0,0.0,3.0,2.0,"[0.0013485822777712126, 0.0033815523774751426]","[0.0013477016922637426, 0.003377428128664531]","[8.805855074699599e-07, 4.124248810611752e-06]","[8.805855074699599e-07, 4.124248810611752e-06]",4.124248810611752e-06,3.521767170786461e-07,"[8.805849634810608e-07, 4.124247276204168e-06]",2.0758617173387978e-07,0.0,0.0,0.9991196720266778,True,50.0,0.02,1e-05,banded ADMM with dual certificate,0.0062596770003438,63.0,63.0,2.0,0.5*sum_train((z-y)^2)+lambda*sum(abs(Bz))
vanderpol_mu2,edmd_weak,EDMD + weak,64,0.1,2,96c7bd1cf5fc5db998ede4d66719d6a2f07b86e7ae98be65a8579f96a70e45ab,63,0.32,19.84,0,5,0.964947238244394,1.0,0.03632609158960896,0.3,1,0.17829806497629,0.1723013233011263,55,10,0.11170784365804684,311,ok,0.05194744899927173,,,,,,,,,,,,,,,,,,,,,,,,,,,,
vanderpol_mu2,linear_weak,Linear q5 + weak,64,0.1,2,96c7bd1cf5fc5db998ede4d66719d6a2f07b86e7ae98be65a8579f96a70e45ab,63,0.32,19.84,0,5,0.8834190905530986,1.0,0.13196557635392664,0.3,1,0.21128367737854475,0.19001390047769964,55,10,0.09477096583424235,311,ok,0.09446979700078373,,,,,,,,,,,,,,,,,,,,,,,,,,,,
vanderpol_mu2,raw_weak,Raw + weak,64,0.1,2,96c7bd1cf5fc5db998ede4d66719d6a2f07b86e7ae98be65a8579f96a70e45ab,63,0.32,19.84,0,1,0.9117803463873304,1.0,0.09675537969447888,0.3,1,0.24108142807573413,0.2270915210411584,55,10,0.09543858817244028,63,ok,0.09265057800075738,,,,,,,,,,,,,,,,,,,,,,,,,,,,
vanderpol_mu2,tv_weak,TV states + weak,64,0.1,2,96c7bd1cf5fc5db998ede4d66719d6a2f07b86e7ae98be65a8579f96a70e45ab,63,0.32,19.84,0,1,0.9118132237731181,1.0,0.09671583382171349,0.3,1,0.24103174872460748,0.22703746498664581,55,10,0.09527966585027792,63,ok,0.29476920800152584,0.0001,0.1226392162255581,0.0,0.0,0.0,3.0,2.0,"[0.0015444080039961705, 0.0034901647935351742]","[0.0015433954585669922, 0.003485629551737252]","[1.0125454291782729e-06, 4.535241797922352e-06]","[1.0125454291782729e-06, 4.535241797922352e-06]",4.535241797922352e-06,3.9060669436316543e-07,"[1.0125446761617002e-06, 4.5352397197336025e-06]",2.2503479448931672e-07,0.0,0.0,0.999023621332776,True,50.0,0.02,1e-05,banded ADMM with dual certificate,0.007540858998254407,63.0,63.0,2.0,0.5*sum_train((z-y)^2)+lambda*sum(abs(Bz))
vanderpol_mu2,edmd_weak,EDMD + weak,64,0.1,3,86cc979815890a6e067058698d885e13b8e44818ffd20e3a1111800f1ec79e0b,63,0.32,19.84,0,5,0.6203991146028103,0.8571428571428571,0.3815990980122756,0.3,0,0.23124914676165934,0.6425769025948797,55,10,0.09732197402224642,311,ok,0.05229521699948236,,,,,,,,,,,,,,,,,,,,,,,,,,,,
vanderpol_mu2,linear_weak,Linear q5 + weak,64,0.1,3,86cc979815890a6e067058698d885e13b8e44818ffd20e3a1111800f1ec79e0b,63,0.32,19.84,0,5,0.43477769401545596,0.6666666666666666,0.5333506659680827,1.0,0,0.2313442540941694,0.9174368710546056,55,10,0.10072185509895058,311,ok,0.02241881900044973,,,,,,,,,,,,,,,,,,,,,,,,,,,,
vanderpol_mu2,raw_weak,Raw + weak,64,0.1,3,86cc979815890a6e067058698d885e13b8e44818ffd20e3a1111800f1ec79e0b,63,0.32,19.84,0,1,0.9037833222466695,1.0,0.10645989518167963,0.3,1,0.28733508658291385,0.22265311732880946,55,10,0.0980859150015081,63,ok,0.023967135002749274,,,,,,,,,,,,,,,,,,,,,,,,,,,,
vanderpol_mu2,tv_weak,TV states + weak,64,0.1,3,86cc979815890a6e067058698d885e13b8e44818ffd20e3a1111800f1ec79e0b,63,0.32,19.84,0,1,0.9038286793465434,1.0,0.1064043693800326,0.3,1,0.28713605363667843,0.22263164476314104,55,10,0.09796612049274113,63,ok,0.31145592899702024,0.0001,0.10311941233030782,0.0,0.0,0.0,3.0,2.0,"[0.0014081513724553978, 0.0033066384732607246]","[0.001407164519478042, 0.003302210248351993]","[9.868529773557604e-07, 4.428224908731727e-06]","[9.868529773557604e-07, 4.428224908731727e-06]",4.428224908731727e-06,4.068645926050252e-07,"[9.868523117002957e-07, 4.4282229434830164e-06]",2.2072021490933912e-07,0.0,0.0,0.9989829560640816,True,50.0,0.02,1e-05,banded ADMM with dual certificate,0.007087530997523572,63.0,63.0,2.0,0.5*sum_train((z-y)^2)+lambda*sum(abs(Bz))
vanderpol_mu2,edmd_weak,EDMD + weak,64,0.1,4,127caf6578eeb1707d23a7627899c052f504e7912b2aef9b8719682c94f3dac7,63,0.32,19.84,0,5,0.49517131568346584,0.75,0.5146273143160645,0.3,0,0.1629750048855054,0.2884863996565785,55,10,0.09767576481978756,311,ok,0.0540289840027981,,,,,,,,,,,,,,,,,,,,,,,,,,,,
vanderpol_mu2,linear_weak,Linear q5 + weak,64,0.1,4,127caf6578eeb1707d23a7627899c052f504e7912b2aef9b8719682c94f3dac7,63,0.32,19.84,0,5,0.8997010459007697,1.0,0.11148031288416724,0.3,1,0.22909382006499274,0.19806428387816477,55,10,0.09882448954666803,311,ok,0.021846965999429813,,,,,,,,,,,,,,,,,,,,,,,,,,,,
vanderpol_mu2,raw_weak,Raw + weak,64,0.1,4,127caf6578eeb1707d23a7627899c052f504e7912b2aef9b8719682c94f3dac7,63,0.32,19.84,0,1,0.9522186590884231,1.0,0.0501789588510258,0.3,1,0.23127291341635334,0.21476860885982138,55,10,0.09714285897664884,63,ok,0.020575274000293575,,,,,,,,,,,,,,,,,,,,,,,,,,,,
vanderpol_mu2,tv_weak,TV states + weak,64,0.1,4,127caf6578eeb1707d23a7627899c052f504e7912b2aef9b8719682c94f3dac7,63,0.32,19.84,0,1,0.9521734690600682,1.0,0.050228800207113,0.3,1,0.23128705172957661,0.21469672445350393,55,10,0.09701628349808558,63,ok,0.27913503799936734,0.0001,0.09518955852205312,0.0,0.0,0.0,3.0,2.0,"[0.0013273474617262423, 0.003196005872152431]","[0.0013263725428635511, 0.0031917035558945866]","[9.749188626911702e-07, 4.30231625784443e-06]","[9.749188626911702e-07, 4.30231625784443e-06]",4.30231625784443e-06,4.037249849552643e-07,"[9.74918090139226e-07, 4.302314363424913e-06]",2.2993930367452798e-07,0.0,0.0,0.9989907761389223,True,50.0,0.02,1e-05,banded ADMM with dual certificate,0.007001570000284119,63.0,63.0,2.0,0.5*sum_train((z-y)^2)+lambda*sum(abs(Bz))
vanderpol_mu2,edmd_weak,EDMD + weak,64,0.2,0,ca31caf28eea4daf8edf751a8dc4d169624e9ca82f60bb2f8fa9350d427b4306,63,0.32,19.84,0,5,0.272526463788398,0.5,0.8346842102946112,0.1,0,0.265075304265802,0.16403697984169482,55,10,0.19070735278701076,311,ok,0.05574546299976646,,,,,,,,,,,,,,,,,,,,,,,,,,,,
vanderpol_mu2,linear_weak,Linear q5 + weak,64,0.2,0,ca31caf28eea4daf8edf751a8dc4d169624e9ca82f60bb2f8fa9350d427b4306,63,0.32,19.84,0,5,0.44410386165672483,0.8,0.8013804181202306,0.1,0,0.3570606224495473,0.21009125541606044,55,10,0.1646269206586273,311,ok,0.021690698999009328,,,,,,,,,,,,,,,,,,,,,,,,,,,,
vanderpol_mu2,raw_weak,Raw + weak,64,0.2,0,ca31caf28eea4daf8edf751a8dc4d169624e9ca82f60bb2f8fa9350d427b4306,63,0.32,19.84,0,1,0.4361195695824753,0.8,0.8343593266541338,0.1,0,0.38491106371905537,0.19027600499105973,55,10,0.19762114987916982,63,ok,0.021684766001271782,,,,,,,,,,,,,,,,,,,,,,,,,,,,
vanderpol_mu2,tv_weak,TV states + weak,64,0.2,0,ca31caf28eea4daf8edf751a8dc4d169624e9ca82f60bb2f8fa9350d427b4306,63,0.32,19.84,0,1,0.43606227722306234,0.8,0.8346003352882776,0.1,0,0.3847040764700401,0.19025999704666413,55,10,0.19745698588440383,63,ok,0.29602016499848105,0.0001,0.19411417823314336,0.0,0.0,0.0,3.0,2.0,"[0.00244571146442778, 0.004148055448231926]","[0.002443950659663116, 0.004142037665777987]","[1.760804764663719e-06, 6.017782453938969e-06]","[1.760804764663719e-06, 6.017782453938969e-06]",6.017782453938969e-06,4.763217969851771e-07,"[1.7608038417192724e-06, 6.0177795337340925e-06]",2.3254792025447673e-07,0.0,0.0,0.9988093648837905,True,50.0,0.02,1e-05,banded ADMM with dual certificate,0.006390094000380486,63.0,63.0,2.0,0.5*sum_train((z-y)^2)+lambda*sum(abs(Bz))
vanderpol_mu2,edmd_weak,EDMD + weak,64,0.2,1,b258d9efc208f43d952cc6871466dfb918fd75c2b17890e45d1de9b0e265eddb,63,0.32,19.84,0,5,0.20525765974125726,0.4,0.9487701482333478,1.0,0,0.6828554863183821,0.7440927921408532,55,10,0.20653860131067484,311,ok,0.052993826000601985,,,,,,,,,,,,,,,,,,,,,,,,,,,,
vanderpol_mu2,linear_weak,Linear q5 + weak,64,0.2,1,b258d9efc208f43d952cc6871466dfb918fd75c2b17890e45d1de9b0e265eddb,63,0.32,19.84,0,5,0.7597902310325108,1.0,0.31615274737220317,0.3,1,0.5929463078167934,0.309360143257691,55,10,0.1761864221386608,311,ok,0.027751495003030868,,,,,,,,,,,,,,,,,,,,,,,,,,,,
vanderpol_mu2,raw_weak,Raw + weak,64,0.2,1,b258d9efc208f43d952cc6871466dfb918fd75c2b17890e45d1de9b0e265eddb,63,0.32,19.84,0,1,0.5925361803760352,0.8571428571428571,0.4465662781956998,0.3,0,0.736337067809896,0.6165862756057806,55,10,0.1987369315280837,63,ok,0.025992266997491242,,,,,,,,,,,,,,,,,,,,,,,,,,,,
vanderpol_mu2,tv_weak,TV states + weak,64,0.2,1,b258d9efc208f43d952cc6871466dfb918fd75c2b17890e45d1de9b0e265eddb,63,0.32,19.84,0,1,0.5925400825896269,0.8571428571428571,0.4465567517336798,0.3,0,0.7359639804601832,0.6165822527640588,55,10,0.19859433579554986,63,ok,0.22988175299906288,0.0001,0.11966128595132478,0.0,0.0,0.0,3.0,2.0,"[0.0026059049853008084, 0.00394943165716537]","[0.0026043443286261985, 0.0039436918409732164]","[1.560656674609931e-06, 5.739816192153191e-06]","[1.560656674609931e-06, 5.739816192153191e-06]",5.739816192153191e-06,4.567235803492535e-07,"[1.5606560715307125e-06, 5.739813324762838e-06]",2.34794850870071e-07,0.0,0.0,0.9988583401516794,True,50.0,0.02,1e-05,banded ADMM with dual certificate,0.003320948002510704,63.0,63.0,2.0,0.5*sum_train((z-y)^2)+lambda*sum(abs(Bz))
vanderpol_mu2,edmd_weak,EDMD + weak,64,0.2,2,00138fcb99b172f53f7a514f031612568a3291aa01421f88d3203598e3681f3b,63,0.32,19.84,0,5,0.2265295509657934,0.5454545454545454,1.4078736885719185,0.3,0,0.38843996375779555,0.2776387569445749,55,10,0.17624041382540084,311,ok,0.05625860800137161,,,,,,,,,,,,,,,,,,,,,,,,,,,,
vanderpol_mu2,linear_weak,Linear q5 + weak,64,0.2,2,00138fcb99b172f53f7a514f031612568a3291aa01421f88d3203598e3681f3b,63,0.32,19.84,0,5,0.35130939853654053,0.6666666666666666,0.8976624862409568,0.3,0,0.4605581910671308,0.5378230567169553,55,10,0.16625923253364605,311,ok,0.0208156209992012,,,,,,,,,,,,,,,,,,,,,,,,,,,,
vanderpol_mu2,raw_weak,Raw + weak,64,0.2,2,00138fcb99b172f53f7a514f031612568a3291aa01421f88d3203598e3681f3b,63,0.32,19.84,0,1,0.3724768944281038,0.75,1.0135477158966875,0.3,0,0.48326749240996386,0.4933098635188636,55,10,0.18539461103835736,63,ok,0.02087091499925009,,,,,,,,,,,,,,,,,,,,,,,,,,,,
vanderpol_mu2,tv_weak,TV states + weak,64,0.2,2,00138fcb99b172f53f7a514f031612568a3291aa01421f88d3203598e3681f3b,63,0.32,19.84,0,1,0.3513050098823697,0.6666666666666666,0.8976861926617332,0.3,0,0.47811710357820075,0.5359850877050926,55,10,0.1712776973615964,63,ok,0.17624906999844825,0.01,0.12751014892103035,0.0,0.0,0.0,3.0,2.0,"[0.23554841149793504, 0.36633635289803407]","[0.23554839136256, 0.366336270019902]","[2.013537503398055e-08, 8.287813207941142e-08]","[2.013537503398055e-08, 8.287813207941142e-08]",8.287813207941142e-08,9.887912280626132e-09,"[2.013537478418037e-08, 8.287813108021069e-08]",5.191566303588968e-09,0.0,0.0,0.9999997528021958,True,75.0,0.252,1e-05,banded ADMM with dual certificate,0.0048536819995206315,63.0,63.0,2.0,0.5*sum_train((z-y)^2)+lambda*sum(abs(Bz))
vanderpol_mu2,edmd_weak,EDMD + weak,64,0.2,3,63f119407bb55e68713bb479aa7b88c70cc0f30e10a6dcb2bac36908a3935f20,63,0.32,19.84,0,5,0.2199122391908888,0.5,1.2736342544627028,0.3,0,0.43955173138457315,0.2725678470581456,55,10,0.19032795995634225,311,ok,0.054080254998552846,,,,,,,,,,,,,,,,,,,,,,,,,,,,
vanderpol_mu2,linear_weak,Linear q5 + weak,64,0.2,3,63f119407bb55e68713bb479aa7b88c70cc0f30e10a6dcb2bac36908a3935f20,63,0.32,19.84,0,5,0.2736417258669827,0.5714285714285714,1.0882362498559266,0.1,0,0.49641518809414564,0.31422779884997526,55,10,0.16204037197786417,311,ok,0.020558317999530118,,,,,,,,,,,,,,,,,,,,,,,,,,,,
vanderpol_mu2,raw_weak,Raw + weak,64,0.2,3,63f119407bb55e68713bb479aa7b88c70cc0f30e10a6dcb2bac36908a3935f20,63,0.32,19.84,0,1,0.71147280037517,1.0,0.40553510896366723,0.3,1,0.5826507120454387,0.412827287721752,55,10,0.18108440610763551,63,ok,0.020501986000454053,,,,,,,,,,,,,,,,,,,,,,,,,,,,
vanderpol_mu2,tv_weak,TV states + weak,64,0.2,3,63f119407bb55e68713bb479aa7b88c70cc0f30e10a6dcb2bac36908a3935f20,63,0.32,19.84,0,1,0.7115217777905984,1.0,0.40543835932215266,0.3,1,0.5823640542731173,0.4127622776077572,55,10,0.1809294747668198,63,ok,0.1871095009992132,0.0001,0.14192328499906648,0.0,0.0,0.0,3.0,2.0,"[0.002181924066343684, 0.00408317348995218]","[0.002180238251281927, 0.004077475150563067]","[1.6858150617572037e-06, 5.6983393891133285e-06]","[1.6858150617572037e-06, 5.6983393891133285e-06]",5.6983393891133285e-06,4.557491457202385e-07,"[1.685813931050998e-06, 5.698336456056753e-06]",2.473620282445404e-07,0.0,0.0,0.9988607742073803,True,50.0,0.02,1e-05,banded ADMM with dual certificate,0.0034286230002180673,63.0,63.0,2.0,0.5*sum_train((z-y)^2)+lambda*sum(abs(Bz))
vanderpol_mu2,edmd_weak,EDMD + weak,64,0.2,4,555ba5de06e642ae339c2057783d7675e0189f88244921de22e62b8ddf1f0ce5,63,0.32,19.84,0,5,0.8593443751778342,1.0,0.16367783264195832,0.3,1,0.32243574842331957,0.2659504807158691,55,10,0.17469641614850587,311,ok,0.0515828280003916,,,,,,,,,,,,,,,,,,,,,,,,,,,,
vanderpol_mu2,linear_weak,Linear q5 + weak,64,0.2,4,555ba5de06e642ae339c2057783d7675e0189f88244921de22e62b8ddf1f0ce5,63,0.32,19.84,0,5,0.7404509712633404,1.0,0.35052831154211744,0.3,1,0.4409679133841111,0.3179785676719366,55,10,0.16124649961335433,311,ok,0.02047667800070485,,,,,,,,,,,,,,,,,,,,,,,,,,,,
vanderpol_mu2,raw_weak,Raw + weak,64,0.2,4,555ba5de06e642ae339c2057783d7675e0189f88244921de22e62b8ddf1f0ce5,63,0.32,19.84,0,1,0.7730208341045809,1.0,0.29362619463980877,0.3,1,0.4051158659524408,0.3203328379258565,55,10,0.18018420222617326,63,ok,0.021334293000109028,,,,,,,,,,,,,,,,,,,,,,,,,,,,
vanderpol_mu2,tv_weak,TV states + weak,64,0.2,4,555ba5de06e642ae339c2057783d7675e0189f88244921de22e62b8ddf1f0ce5,63,0.32,19.84,0,1,0.7730208341045809,1.0,0.29362619463980877,0.3,1,0.40511586595244076,0.3203328379258565,55,10,0.18018420222617326,63,ok,0.16236017299888772,0.0,0.16246152137486874,1.0,1.0,0.0,3.0,2.0,"[0.0, 0.0]","[0.0, 0.0]","[0.0, 0.0]","[0.0, 0.0]",0.0,0.0,"[0.0, 0.0]",0.0,0.0,0.0,1.0,True,0.0,0.0,1e-05,zero-penalty interpolation,0.0006052090029697865,63.0,63.0,2.0,0.5*sum_train((z-y)^2)+lambda*sum(abs(Bz))
