system,method,method_label,sparse_factor,obs_dt,noise,seed,upsample,pod_rank,rank_mode,rank_cv_error,rank_cv_folds,rank_grid,spline_alpha,spline_cv_error,spline_cv_folds,support_f1,coef_error,practical_score,threshold,status,gp_kernel,gp_cv_error,gp_cv_folds,gp_cv_spatial_points
burgers,baseline,Baseline,4,0.02,0.0,0,1,0,cv,,0,"1,2,3,4,6,8",,,0,1.0,0.0005922402086964,0.999408110332164,0.0001,ok,,,,
burgers,linear_interp,Linear interpolation,4,0.02,0.0,0,5,0,cv,,0,"1,2,3,4,6,8",,,0,1.0,2.3489554938459624e-05,0.9999765109968076,3e-05,ok,,,,
burgers,smoothing_spline_cv,Tuned smoothing spline,4,0.02,0.0,0,5,0,cv,,0,"1,2,3,4,6,8",0.0,1.6247988068286846e-11,4,1.0,2.395858730003433e-05,0.9999760419867,1e-05,ok,,,,
burgers,baseline,Baseline,4,0.02,0.0,1,1,0,cv,,0,"1,2,3,4,6,8",,,0,1.0,0.0005922402086964,0.999408110332164,0.0001,ok,,,,
burgers,linear_interp,Linear interpolation,4,0.02,0.0,1,5,0,cv,,0,"1,2,3,4,6,8",,,0,1.0,2.4703327772944712e-05,0.9999752972824664,0.0001,ok,,,,
burgers,smoothing_spline_cv,Tuned smoothing spline,4,0.02,0.0,1,5,0,cv,,0,"1,2,3,4,6,8",0.0,1.6247988068286846e-11,4,1.0,2.3697949196022387e-05,0.9999763026123832,1e-05,ok,,,,
burgers,baseline,Baseline,4,0.02,0.0,2,1,0,cv,,0,"1,2,3,4,6,8",,,0,1.0,0.0005922402086964,0.999408110332164,0.0001,ok,,,,
burgers,linear_interp,Linear interpolation,4,0.02,0.0,2,5,0,cv,,0,"1,2,3,4,6,8",,,0,1.0,4.738566372888972e-05,0.999952616581566,0.0001,ok,,,,
burgers,smoothing_spline_cv,Tuned smoothing spline,4,0.02,0.0,2,5,0,cv,,0,"1,2,3,4,6,8",0.0,1.6247988068286846e-11,4,1.0,2.3939141252252207e-05,0.9999760614318166,1e-05,ok,,,,
burgers,baseline,Baseline,4,0.02,0.0,3,1,0,cv,,0,"1,2,3,4,6,8",,,0,1.0,0.0005922402086964,0.999408110332164,0.0001,ok,,,,
burgers,linear_interp,Linear interpolation,4,0.02,0.0,3,5,0,cv,,0,"1,2,3,4,6,8",,,0,1.0,2.8017899593214296e-05,0.9999719828853876,0.0001,ok,,,,
burgers,smoothing_spline_cv,Tuned smoothing spline,4,0.02,0.0,3,5,0,cv,,0,"1,2,3,4,6,8",0.0,1.6247988068286846e-11,4,1.0,2.350641483527916e-05,0.9999764941377032,1e-05,ok,,,,
burgers,baseline,Baseline,4,0.02,0.0,4,1,0,cv,,0,"1,2,3,4,6,8",,,0,1.0,0.0005922402086964,0.999408110332164,0.0001,ok,,,,
burgers,linear_interp,Linear interpolation,4,0.02,0.0,4,5,0,cv,,0,"1,2,3,4,6,8",,,0,1.0,1.6310345796420704e-05,0.9999836899202268,0.0001,ok,,,,
burgers,smoothing_spline_cv,Tuned smoothing spline,4,0.02,0.0,4,5,0,cv,,0,"1,2,3,4,6,8",0.0,1.6247988068286846e-11,4,1.0,2.3540315965774817e-05,0.9999764602381676,1e-05,ok,,,,
burgers,baseline,Baseline,4,0.02,0.0,5,1,0,cv,,0,"1,2,3,4,6,8",,,0,1.0,0.0005922402086964,0.999408110332164,0.0001,ok,,,,
burgers,linear_interp,Linear interpolation,4,0.02,0.0,5,5,0,cv,,0,"1,2,3,4,6,8",,,0,1.0,2.769279307121089e-05,0.9999723079737984,0.0001,ok,,,,
burgers,smoothing_spline_cv,Tuned smoothing spline,4,0.02,0.0,5,5,0,cv,,0,"1,2,3,4,6,8",0.0,1.6247988068286846e-11,4,1.0,2.3827045734759425e-05,0.99997617352198,1e-05,ok,,,,
burgers,baseline,Baseline,4,0.02,0.0,6,1,0,cv,,0,"1,2,3,4,6,8",,,0,1.0,0.0005922402086964,0.999408110332164,0.0001,ok,,,,
burgers,linear_interp,Linear interpolation,4,0.02,0.0,6,5,0,cv,,0,"1,2,3,4,6,8",,,0,1.0,3.9089528285710775e-05,0.9999609119996457,0.0001,ok,,,,
burgers,smoothing_spline_cv,Tuned smoothing spline,4,0.02,0.0,6,5,0,cv,,0,"1,2,3,4,6,8",0.0,1.6247988068286846e-11,4,1.0,2.362964336835677e-05,0.9999763709149784,1e-05,ok,,,,
burgers,baseline,Baseline,4,0.02,0.0,7,1,0,cv,,0,"1,2,3,4,6,8",,,0,1.0,0.0005922402086964,0.999408110332164,0.0001,ok,,,,
burgers,linear_interp,Linear interpolation,4,0.02,0.0,7,5,0,cv,,0,"1,2,3,4,6,8",,,0,1.0,3.001960038431206e-05,0.999969981300765,0.0001,ok,,,,
burgers,smoothing_spline_cv,Tuned smoothing spline,4,0.02,0.0,7,5,0,cv,,0,"1,2,3,4,6,8",0.0,1.6247988068286846e-11,4,1.0,2.359212296849559e-05,0.9999764084336066,1e-05,ok,,,,
burgers,baseline,Baseline,4,0.02,0.01,0,1,0,cv,,0,"1,2,3,4,6,8",,,0,0.6666666666666666,0.1658929271384772,0.5718077973960333,0.1,ok,,,,
burgers,linear_interp,Linear interpolation,4,0.02,0.01,0,5,0,cv,,0,"1,2,3,4,6,8",,,0,0.6666666666666666,0.1590574282345075,0.5751800130232914,0.1,ok,,,,
burgers,smoothing_spline_cv,Tuned smoothing spline,4,0.02,0.01,0,5,0,cv,,0,"1,2,3,4,6,8",0.001,0.0127958931553731,4,1.0,0.0441982238809018,0.9576725732048909,0.03,ok,,,,
burgers,baseline,Baseline,4,0.02,0.01,1,1,0,cv,,0,"1,2,3,4,6,8",,,0,0.6666666666666666,0.1643483738726092,0.5725663226112826,0.1,ok,,,,
burgers,linear_interp,Linear interpolation,4,0.02,0.01,1,5,0,cv,,0,"1,2,3,4,6,8",,,0,0.6666666666666666,0.1590863597779505,0.5751656561590301,0.1,ok,,,,
burgers,smoothing_spline_cv,Tuned smoothing spline,4,0.02,0.01,1,5,0,cv,,0,"1,2,3,4,6,8",0.001,0.0132481586249558,4,1.0,0.045420222833179,0.9565531430891148,0.03,ok,,,,
burgers,baseline,Baseline,4,0.02,0.01,2,1,0,cv,,0,"1,2,3,4,6,8",,,0,0.6666666666666666,0.1679776143467533,0.5707871953004267,0.1,ok,,,,
burgers,linear_interp,Linear interpolation,4,0.02,0.01,2,5,0,cv,,0,"1,2,3,4,6,8",,,0,0.6666666666666666,0.1629364826535763,0.5732614606306559,0.1,ok,,,,
burgers,smoothing_spline_cv,Tuned smoothing spline,4,0.02,0.01,2,5,0,cv,,0,"1,2,3,4,6,8",0.0,0.0154385921422336,4,0.6666666666666666,0.1662727193059693,0.5716215904144526,0.1,ok,,,,
burgers,baseline,Baseline,4,0.02,0.01,3,1,0,cv,,0,"1,2,3,4,6,8",,,0,0.6666666666666666,0.1641161340862917,0.5726805489126989,0.1,ok,,,,
burgers,linear_interp,Linear interpolation,4,0.02,0.01,3,5,0,cv,,0,"1,2,3,4,6,8",,,0,0.6666666666666666,0.1601279116143786,0.5746492778877849,0.1,ok,,,,
burgers,smoothing_spline_cv,Tuned smoothing spline,4,0.02,0.01,3,5,0,cv,,0,"1,2,3,4,6,8",0.001,0.0114713020764535,4,1.0,0.0401701080078979,0.96138121284332,0.03,ok,,,,
burgers,baseline,Baseline,4,0.02,0.01,4,1,0,cv,,0,"1,2,3,4,6,8",,,0,0.6666666666666666,0.1661739325406206,0.5716700125634518,0.1,ok,,,,
burgers,linear_interp,Linear interpolation,4,0.02,0.01,4,5,0,cv,,0,"1,2,3,4,6,8",,,0,0.6666666666666666,0.1609637425434718,0.5742355615741407,0.1,ok,,,,
burgers,smoothing_spline_cv,Tuned smoothing spline,4,0.02,0.01,4,5,0,cv,,0,"1,2,3,4,6,8",0.001,0.0109738841607458,4,1.0,0.0415382786273565,0.9601183370023616,0.03,ok,,,,
burgers,baseline,Baseline,4,0.02,0.01,5,1,0,cv,,0,"1,2,3,4,6,8",,,0,0.6666666666666666,0.1688897375503642,0.5703417912315633,0.1,ok,,,,
burgers,linear_interp,Linear interpolation,4,0.02,0.01,5,5,0,cv,,0,"1,2,3,4,6,8",,,0,0.6666666666666666,0.1637381892747143,0.5728665371737595,0.1,ok,,,,
burgers,smoothing_spline_cv,Tuned smoothing spline,4,0.02,0.01,5,5,0,cv,,0,"1,2,3,4,6,8",0.001,0.0106412330185057,4,1.0,0.0439198884900357,0.957927912884615,0.03,ok,,,,
burgers,baseline,Baseline,4,0.02,0.01,6,1,0,cv,,0,"1,2,3,4,6,8",,,0,0.6666666666666666,0.1661035564654432,0.5717045136946403,0.1,ok,,,,
burgers,linear_interp,Linear interpolation,4,0.02,0.01,6,5,0,cv,,0,"1,2,3,4,6,8",,,0,0.6666666666666666,0.1602829661849569,0.5745724845540785,0.1,ok,,,,
burgers,smoothing_spline_cv,Tuned smoothing spline,4,0.02,0.01,6,5,0,cv,,0,"1,2,3,4,6,8",0.001,0.0115224481208868,4,0.8,0.0596290778145583,0.754981169118129,0.03,ok,,,,
burgers,baseline,Baseline,4,0.02,0.01,7,1,0,cv,,0,"1,2,3,4,6,8",,,0,0.6666666666666666,0.1668461237042673,0.5713406876223474,0.1,ok,,,,
burgers,linear_interp,Linear interpolation,4,0.02,0.01,7,5,0,cv,,0,"1,2,3,4,6,8",,,0,0.6666666666666666,0.1625072918746927,0.5734731053528109,0.1,ok,,,,
burgers,smoothing_spline_cv,Tuned smoothing spline,4,0.02,0.01,7,5,0,cv,,0,"1,2,3,4,6,8",0.001,0.0112253472928756,4,1.0,0.0458631966337597,0.95614799642881,0.03,ok,,,,
burgers,baseline,Baseline,4,0.02,0.03,0,1,0,cv,,0,"1,2,3,4,6,8",,,0,0.6666666666666666,0.2942764248250506,0.515088317981826,0.1,ok,,,,
burgers,linear_interp,Linear interpolation,4,0.02,0.03,0,5,0,cv,,0,"1,2,3,4,6,8",,,0,0.6666666666666666,0.2496379851863144,0.5334878377334777,0.1,ok,,,,
burgers,smoothing_spline_cv,Tuned smoothing spline,4,0.02,0.03,0,5,0,cv,,0,"1,2,3,4,6,8",10.0,0.0489577519694649,4,0.6666666666666666,0.1543620375286077,0.5775195692453159,0.1,ok,,,,
burgers,baseline,Baseline,4,0.02,0.03,1,1,0,cv,,0,"1,2,3,4,6,8",,,0,0.6666666666666666,0.2779661703809259,0.5216622177627378,0.1,ok,,,,
burgers,linear_interp,Linear interpolation,4,0.02,0.03,1,5,0,cv,,0,"1,2,3,4,6,8",,,0,0.6666666666666666,0.2421650502086393,0.5366973306443378,0.1,ok,,,,
burgers,smoothing_spline_cv,Tuned smoothing spline,4,0.02,0.03,1,5,0,cv,,0,"1,2,3,4,6,8",10.0,0.0493436222426809,4,0.6666666666666666,0.1508597515765482,0.5792770715575103,0.1,ok,,,,
burgers,baseline,Baseline,4,0.02,0.03,2,1,0,cv,,0,"1,2,3,4,6,8",,,0,0.6666666666666666,0.2769339627234599,0.5220839026356476,0.1,ok,,,,
burgers,linear_interp,Linear interpolation,4,0.02,0.03,2,5,0,cv,,0,"1,2,3,4,6,8",,,0,0.6666666666666666,0.2373356868246122,0.5387920786294788,0.1,ok,,,,
burgers,smoothing_spline_cv,Tuned smoothing spline,4,0.02,0.03,2,5,0,cv,,0,"1,2,3,4,6,8",10.0,0.048811832937136,4,0.6666666666666666,0.1537296529683251,0.5778361204043435,0.1,ok,,,,
burgers,baseline,Baseline,4,0.02,0.03,3,1,0,cv,,0,"1,2,3,4,6,8",,,0,0.6666666666666666,0.2897465922644813,0.5168974050136176,0.1,ok,,,,
burgers,linear_interp,Linear interpolation,4,0.02,0.03,3,5,0,cv,,0,"1,2,3,4,6,8",,,0,0.6666666666666666,0.2522505764479445,0.5323748131605509,0.1,ok,,,,
burgers,smoothing_spline_cv,Tuned smoothing spline,4,0.02,0.03,3,5,0,cv,,0,"1,2,3,4,6,8",10.0,0.0491301598703088,4,0.6666666666666666,0.1533038120199764,0.578049478132757,0.1,ok,,,,
burgers,baseline,Baseline,4,0.02,0.03,4,1,0,cv,,0,"1,2,3,4,6,8",,,0,0.6666666666666666,0.2992585617863872,0.513113160285854,0.1,ok,,,,
burgers,linear_interp,Linear interpolation,4,0.02,0.03,4,5,0,cv,,0,"1,2,3,4,6,8",,,0,0.6666666666666666,0.2576014099273171,0.5301096686152702,0.1,ok,,,,
burgers,smoothing_spline_cv,Tuned smoothing spline,4,0.02,0.03,4,5,0,cv,,0,"1,2,3,4,6,8",10.0,0.0462507809502452,4,0.6666666666666666,0.1546159010659724,0.5773925909483683,0.1,ok,,,,
burgers,baseline,Baseline,4,0.02,0.03,5,1,0,cv,,0,"1,2,3,4,6,8",,,0,0.6666666666666666,0.2921433905690614,0.515938611405245,0.1,ok,,,,
burgers,linear_interp,Linear interpolation,4,0.02,0.03,5,5,0,cv,,0,"1,2,3,4,6,8",,,0,0.6666666666666666,0.2498753810272253,0.5333865093964476,0.1,ok,,,,
burgers,smoothing_spline_cv,Tuned smoothing spline,4,0.02,0.03,5,5,0,cv,,0,"1,2,3,4,6,8",10.0,0.047592547757195,4,0.6666666666666666,0.1522319747873407,0.5785871953342628,0.1,ok,,,,
burgers,baseline,Baseline,4,0.02,0.03,6,1,0,cv,,0,"1,2,3,4,6,8",,,0,0.6666666666666666,0.3005494147205842,0.5126038727331989,0.1,ok,,,,
burgers,linear_interp,Linear interpolation,4,0.02,0.03,6,5,0,cv,,0,"1,2,3,4,6,8",,,0,0.6666666666666666,0.2659860533325649,0.5265987448374665,0.1,ok,,,,
burgers,smoothing_spline_cv,Tuned smoothing spline,4,0.02,0.03,6,5,0,cv,,0,"1,2,3,4,6,8",10.0,0.0474667791805844,4,0.6666666666666666,0.1572734463300023,0.5760666753227857,0.1,ok,,,,
burgers,baseline,Baseline,4,0.02,0.03,7,1,0,cv,,0,"1,2,3,4,6,8",,,0,0.6666666666666666,0.2818746776241567,0.520071640624242,0.1,ok,,,,
burgers,linear_interp,Linear interpolation,4,0.02,0.03,7,5,0,cv,,0,"1,2,3,4,6,8",,,0,0.6666666666666666,0.2384352840252257,0.5383136892707324,0.1,ok,,,,
burgers,smoothing_spline_cv,Tuned smoothing spline,4,0.02,0.03,7,5,0,cv,,0,"1,2,3,4,6,8",10.0,0.0503274882097284,4,0.6666666666666666,0.1553979460524856,0.5770017758335034,0.1,ok,,,,
burgers,baseline,Baseline,4,0.02,0.05,0,1,0,cv,,0,"1,2,3,4,6,8",,,0,0.6666666666666666,0.4645044277009602,0.455216559306159,0.1,ok,,,,
burgers,linear_interp,Linear interpolation,4,0.02,0.05,0,5,0,cv,,0,"1,2,3,4,6,8",,,0,0.6666666666666666,0.3950253910717152,0.4778885538094086,0.1,ok,,,,
burgers,smoothing_spline_cv,Tuned smoothing spline,4,0.02,0.05,0,5,0,cv,,0,"1,2,3,4,6,8",10.0,0.0811891648292456,4,0.6666666666666666,0.1675169045261673,0.5710124316677291,0.1,ok,,,,
burgers,baseline,Baseline,4,0.02,0.05,1,1,0,cv,,0,"1,2,3,4,6,8",,,0,0.6666666666666666,0.441770188991487,0.4623945423181468,0.1,ok,,,,
burgers,linear_interp,Linear interpolation,4,0.02,0.05,1,5,0,cv,,0,"1,2,3,4,6,8",,,0,0.6666666666666666,0.361041886518592,0.489820830108273,0.1,ok,,,,
burgers,smoothing_spline_cv,Tuned smoothing spline,4,0.02,0.05,1,5,0,cv,,0,"1,2,3,4,6,8",10.0,0.0839195114790548,4,0.6666666666666666,0.1686205568481212,0.570473164073657,0.1,ok,,,,
burgers,baseline,Baseline,4,0.02,0.05,2,1,0,cv,,0,"1,2,3,4,6,8",,,0,0.6666666666666666,0.4636531003168747,0.4554813340144165,0.1,ok,,,,
burgers,linear_interp,Linear interpolation,4,0.02,0.05,2,5,0,cv,,0,"1,2,3,4,6,8",,,0,0.6666666666666666,0.3908047676201612,0.4793387844128659,0.1,ok,,,,
burgers,smoothing_spline_cv,Tuned smoothing spline,4,0.02,0.05,2,5,0,cv,,0,"1,2,3,4,6,8",10.0,0.0836273013256015,4,0.6666666666666666,0.16507560513346,0.5722089311022005,0.1,ok,,,,
burgers,baseline,Baseline,4,0.02,0.05,3,1,0,cv,,0,"1,2,3,4,6,8",,,0,0.6666666666666666,0.467066180982686,0.454421671843129,0.1,ok,,,,
burgers,linear_interp,Linear interpolation,4,0.02,0.05,3,5,0,cv,,0,"1,2,3,4,6,8",,,0,0.6666666666666666,0.3922346363463279,0.4788464884167906,0.1,ok,,,,
burgers,smoothing_spline_cv,Tuned smoothing spline,4,0.02,0.05,3,5,0,cv,,0,"1,2,3,4,6,8",10.0,0.0783301002795668,4,0.6666666666666666,0.1632329064357925,0.5731153778217716,0.1,ok,,,,
burgers,baseline,Baseline,4,0.02,0.05,4,1,0,cv,,0,"1,2,3,4,6,8",,,0,0.6666666666666666,0.4359184924630103,0.4642789059169667,0.1,ok,,,,
burgers,linear_interp,Linear interpolation,4,0.02,0.05,4,5,0,cv,,0,"1,2,3,4,6,8",,,0,0.6666666666666666,0.3576931821217278,0.4910289566489808,0.1,ok,,,,
burgers,smoothing_spline_cv,Tuned smoothing spline,4,0.02,0.05,4,5,0,cv,,0,"1,2,3,4,6,8",10.0,0.083358928266436,4,0.6666666666666666,0.1643384612610215,0.5725711971625863,0.1,ok,,,,
burgers,baseline,Baseline,4,0.02,0.05,5,1,0,cv,,0,"1,2,3,4,6,8",,,0,0.6666666666666666,0.4609372323807248,0.4563280693314079,0.1,ok,,,,
burgers,linear_interp,Linear interpolation,4,0.02,0.05,5,5,0,cv,,0,"1,2,3,4,6,8",,,0,0.6666666666666666,0.39035087973925,0.4794952672606608,0.1,ok,,,,
burgers,smoothing_spline_cv,Tuned smoothing spline,4,0.02,0.05,5,5,0,cv,,0,"1,2,3,4,6,8",10.0,0.0800775576080133,4,0.6666666666666666,0.1636819737889309,0.572894211376335,0.1,ok,,,,
burgers,baseline,Baseline,4,0.02,0.05,6,1,0,cv,,0,"1,2,3,4,6,8",,,0,0.6666666666666666,0.4591418609032362,0.4568895489393933,0.1,ok,,,,
burgers,linear_interp,Linear interpolation,4,0.02,0.05,6,5,0,cv,,0,"1,2,3,4,6,8",,,0,0.6666666666666666,0.3908139411961555,0.4793356227744644,0.1,ok,,,,
burgers,smoothing_spline_cv,Tuned smoothing spline,4,0.02,0.05,6,5,0,cv,,0,"1,2,3,4,6,8",10.0,0.0822854904264948,4,0.6666666666666666,0.1613273573616278,0.5740557668263662,0.1,ok,,,,
burgers,baseline,Baseline,4,0.02,0.05,7,1,0,cv,,0,"1,2,3,4,6,8",,,0,0.6666666666666666,0.4592074493954404,0.4568690126567482,0.1,ok,,,,
burgers,linear_interp,Linear interpolation,4,0.02,0.05,7,5,0,cv,,0,"1,2,3,4,6,8",,,0,0.6666666666666666,0.402406808971825,0.4753732386363936,0.1,ok,,,,
burgers,smoothing_spline_cv,Tuned smoothing spline,4,0.02,0.05,7,5,0,cv,,0,"1,2,3,4,6,8",10.0,0.0856206707008807,4,0.6666666666666666,0.1623328523796183,0.5735591705093895,0.1,ok,,,,
burgers,baseline,Baseline,4,0.02,0.1,0,1,0,cv,,0,"1,2,3,4,6,8",,,0,0.6666666666666666,0.6940316596883148,0.3935384931290639,0.1,ok,,,,
burgers,linear_interp,Linear interpolation,4,0.02,0.1,0,5,0,cv,,0,"1,2,3,4,6,8",,,0,0.6666666666666666,0.6021922018774061,0.4160965618765866,0.1,ok,,,,
burgers,smoothing_spline_cv,Tuned smoothing spline,4,0.02,0.1,0,5,0,cv,,0,"1,2,3,4,6,8",10.0,0.1777563798658003,4,0.6666666666666666,0.2260250716125831,0.5437626701954832,0.1,ok,,,,
burgers,baseline,Baseline,4,0.02,0.1,1,1,0,cv,,0,"1,2,3,4,6,8",,,0,0.6666666666666666,0.7801438774212952,0.3745015642400746,0.1,ok,,,,
burgers,linear_interp,Linear interpolation,4,0.02,0.1,1,5,0,cv,,0,"1,2,3,4,6,8",,,0,0.5,0.7320925644621168,0.2886681752803839,0.1,ok,,,,
burgers,smoothing_spline_cv,Tuned smoothing spline,4,0.02,0.1,1,5,0,cv,,0,"1,2,3,4,6,8",10.0,0.174473722986563,4,0.6666666666666666,0.2093273017346114,0.5512706656919316,0.1,ok,,,,
burgers,baseline,Baseline,4,0.02,0.1,2,1,0,cv,,0,"1,2,3,4,6,8",,,0,0.6666666666666666,0.752859832613083,0.3803308480592145,0.1,ok,,,,
burgers,linear_interp,Linear interpolation,4,0.02,0.1,2,5,0,cv,,0,"1,2,3,4,6,8",,,0,0.6666666666666666,0.6725755980465964,0.3985868665340255,0.1,ok,,,,
burgers,smoothing_spline_cv,Tuned smoothing spline,4,0.02,0.1,2,5,0,cv,,0,"1,2,3,4,6,8",10.0,0.1739698063966373,4,0.6666666666666666,0.2266571110389058,0.5434824945514232,0.1,ok,,,,
burgers,baseline,Baseline,4,0.02,0.1,3,1,0,cv,,0,"1,2,3,4,6,8",,,0,0.6666666666666666,0.7291441450429628,0.3855471902546924,0.1,ok,,,,
burgers,linear_interp,Linear interpolation,4,0.02,0.1,3,5,0,cv,,0,"1,2,3,4,6,8",,,0,0.6666666666666666,0.6593507409292791,0.4017635634364535,0.1,ok,,,,
burgers,smoothing_spline_cv,Tuned smoothing spline,4,0.02,0.1,3,5,0,cv,,0,"1,2,3,4,6,8",10.0,0.1716883976199351,4,0.6666666666666666,0.2174221052771659,0.5476051927896357,0.1,ok,,,,
burgers,baseline,Baseline,4,0.02,0.1,4,1,0,cv,,0,"1,2,3,4,6,8",,,0,0.6666666666666666,0.7365368713956894,0.383905851725943,0.1,ok,,,,
burgers,linear_interp,Linear interpolation,4,0.02,0.1,4,5,0,cv,,0,"1,2,3,4,6,8",,,0,0.6666666666666666,0.6513839532610868,0.4037017953033636,0.1,ok,,,,
burgers,smoothing_spline_cv,Tuned smoothing spline,4,0.02,0.1,4,5,0,cv,,0,"1,2,3,4,6,8",10.0,0.1748216644017882,4,0.6666666666666666,0.2215195880522471,0.545768298099655,0.1,ok,,,,
burgers,baseline,Baseline,4,0.02,0.1,5,1,0,cv,,0,"1,2,3,4,6,8",,,0,0.5,0.7321449168218029,0.288659450571501,0.1,ok,,,,
burgers,linear_interp,Linear interpolation,4,0.02,0.1,5,5,0,cv,,0,"1,2,3,4,6,8",,,0,0.6666666666666666,0.6507767425094375,0.4038502902901513,0.1,ok,,,,
burgers,smoothing_spline_cv,Tuned smoothing spline,4,0.02,0.1,5,5,0,cv,,0,"1,2,3,4,6,8",10.0,0.1748811666225968,4,0.6666666666666666,0.234000984982169,0.5402480830890908,0.1,ok,,,,
burgers,baseline,Baseline,4,0.02,0.1,6,1,0,cv,,0,"1,2,3,4,6,8",,,0,0.6666666666666666,0.7107834578190138,0.3896850087132384,0.1,ok,,,,
burgers,linear_interp,Linear interpolation,4,0.02,0.1,6,5,0,cv,,0,"1,2,3,4,6,8",,,0,0.6666666666666666,0.6295256947645462,0.4091170018420573,0.3,ok,,,,
burgers,smoothing_spline_cv,Tuned smoothing spline,4,0.02,0.1,6,5,0,cv,,0,"1,2,3,4,6,8",10.0,0.1738040528474662,4,0.6666666666666666,0.2247059798867498,0.5443483396139815,0.1,ok,,,,
burgers,baseline,Baseline,4,0.02,0.1,7,1,0,cv,,0,"1,2,3,4,6,8",,,0,0.6666666666666666,0.7773309497094291,0.3750942764911949,0.1,ok,,,,
burgers,linear_interp,Linear interpolation,4,0.02,0.1,7,5,0,cv,,0,"1,2,3,4,6,8",,,0,0.6666666666666666,0.705539744572639,0.3908831024243969,0.1,ok,,,,
burgers,smoothing_spline_cv,Tuned smoothing spline,4,0.02,0.1,7,5,0,cv,,0,"1,2,3,4,6,8",10.0,0.1759896667277372,4,0.6666666666666666,0.2251466573534449,0.5441525409756218,0.1,ok,,,,
burgers,baseline,Baseline,8,0.04,0.0,0,1,0,cv,,0,"1,2,3,4,6,8",,,0,1.0,0.0023701932572832,0.997635411274969,0.0003,ok,,,,
burgers,linear_interp,Linear interpolation,8,0.04,0.0,0,5,0,cv,,0,"1,2,3,4,6,8",,,0,1.0,9.506048955920418e-05,0.9999049485460788,0.0003,ok,,,,
burgers,smoothing_spline_cv,Tuned smoothing spline,8,0.04,0.0,0,5,0,cv,,0,"1,2,3,4,6,8",0.0,4.394904099393516e-09,4,1.0,9.493796283191038e-05,0.9999050710495292,1e-05,ok,,,,
burgers,baseline,Baseline,8,0.04,0.0,1,1,0,cv,,0,"1,2,3,4,6,8",,,0,1.0,0.0023701932572832,0.997635411274969,0.0003,ok,,,,
burgers,linear_interp,Linear interpolation,8,0.04,0.0,1,5,0,cv,,0,"1,2,3,4,6,8",,,0,1.0,9.506048955920418e-05,0.9999049485460788,0.0003,ok,,,,
burgers,smoothing_spline_cv,Tuned smoothing spline,8,0.04,0.0,1,5,0,cv,,0,"1,2,3,4,6,8",0.0,4.394904099393516e-09,4,1.0,9.493796283191038e-05,0.9999050710495292,1e-05,ok,,,,
burgers,baseline,Baseline,8,0.04,0.0,2,1,0,cv,,0,"1,2,3,4,6,8",,,0,1.0,0.0023701932572832,0.997635411274969,0.0003,ok,,,,
burgers,linear_interp,Linear interpolation,8,0.04,0.0,2,5,0,cv,,0,"1,2,3,4,6,8",,,0,1.0,9.506048955920418e-05,0.9999049485460788,0.0003,ok,,,,
burgers,smoothing_spline_cv,Tuned smoothing spline,8,0.04,0.0,2,5,0,cv,,0,"1,2,3,4,6,8",0.0,4.394904099393516e-09,4,1.0,9.493796283191038e-05,0.9999050710495292,1e-05,ok,,,,
burgers,baseline,Baseline,8,0.04,0.0,3,1,0,cv,,0,"1,2,3,4,6,8",,,0,1.0,0.0023701932572832,0.997635411274969,0.0003,ok,,,,
burgers,linear_interp,Linear interpolation,8,0.04,0.0,3,5,0,cv,,0,"1,2,3,4,6,8",,,0,1.0,9.506048955920418e-05,0.9999049485460788,0.0003,ok,,,,
burgers,smoothing_spline_cv,Tuned smoothing spline,8,0.04,0.0,3,5,0,cv,,0,"1,2,3,4,6,8",0.0,4.394904099393516e-09,4,1.0,9.493796283191038e-05,0.9999050710495292,1e-05,ok,,,,
burgers,baseline,Baseline,8,0.04,0.0,4,1,0,cv,,0,"1,2,3,4,6,8",,,0,1.0,0.0023701932572832,0.997635411274969,0.0003,ok,,,,
burgers,linear_interp,Linear interpolation,8,0.04,0.0,4,5,0,cv,,0,"1,2,3,4,6,8",,,0,1.0,9.506048955920418e-05,0.9999049485460788,0.0003,ok,,,,
burgers,smoothing_spline_cv,Tuned smoothing spline,8,0.04,0.0,4,5,0,cv,,0,"1,2,3,4,6,8",0.0,4.394904099393516e-09,4,1.0,9.493796283191038e-05,0.9999050710495292,1e-05,ok,,,,
burgers,baseline,Baseline,8,0.04,0.0,5,1,0,cv,,0,"1,2,3,4,6,8",,,0,1.0,0.0023701932572832,0.997635411274969,0.0003,ok,,,,
burgers,linear_interp,Linear interpolation,8,0.04,0.0,5,5,0,cv,,0,"1,2,3,4,6,8",,,0,1.0,9.506048955920418e-05,0.9999049485460788,0.0003,ok,,,,
burgers,smoothing_spline_cv,Tuned smoothing spline,8,0.04,0.0,5,5,0,cv,,0,"1,2,3,4,6,8",0.0,4.394904099393516e-09,4,1.0,9.493796283191038e-05,0.9999050710495292,1e-05,ok,,,,
burgers,baseline,Baseline,8,0.04,0.0,6,1,0,cv,,0,"1,2,3,4,6,8",,,0,1.0,0.0023701932572832,0.997635411274969,0.0003,ok,,,,
burgers,linear_interp,Linear interpolation,8,0.04,0.0,6,5,0,cv,,0,"1,2,3,4,6,8",,,0,1.0,9.506048955920418e-05,0.9999049485460788,0.0003,ok,,,,
burgers,smoothing_spline_cv,Tuned smoothing spline,8,0.04,0.0,6,5,0,cv,,0,"1,2,3,4,6,8",0.0,4.394904099393516e-09,4,1.0,9.493796283191038e-05,0.9999050710495292,1e-05,ok,,,,
burgers,baseline,Baseline,8,0.04,0.0,7,1,0,cv,,0,"1,2,3,4,6,8",,,0,1.0,0.0023701932572832,0.997635411274969,0.0003,ok,,,,
burgers,linear_interp,Linear interpolation,8,0.04,0.0,7,5,0,cv,,0,"1,2,3,4,6,8",,,0,1.0,9.506048955920418e-05,0.9999049485460788,0.0003,ok,,,,
burgers,smoothing_spline_cv,Tuned smoothing spline,8,0.04,0.0,7,5,0,cv,,0,"1,2,3,4,6,8",0.0,4.394904099393516e-09,4,1.0,9.493796283191038e-05,0.9999050710495292,1e-05,ok,,,,
burgers,baseline,Baseline,8,0.04,0.01,0,1,0,cv,,0,"1,2,3,4,6,8",,,0,0.6666666666666666,0.1653375895461296,0.5720802904215223,0.1,ok,,,,
burgers,linear_interp,Linear interpolation,8,0.04,0.01,0,5,0,cv,,0,"1,2,3,4,6,8",,,0,0.6666666666666666,0.1610994166614645,0.5741684623212958,0.1,ok,,,,
burgers,smoothing_spline_cv,Tuned smoothing spline,8,0.04,0.01,0,5,0,cv,,0,"1,2,3,4,6,8",0.0,0.0129498091869306,4,0.6666666666666666,0.1643743523593288,0.5725535480198654,0.1,ok,,,,
burgers,baseline,Baseline,8,0.04,0.01,1,1,0,cv,,0,"1,2,3,4,6,8",,,0,0.6666666666666666,0.1651344450680297,0.572180034234368,0.1,ok,,,,
burgers,linear_interp,Linear interpolation,8,0.04,0.01,1,5,0,cv,,0,"1,2,3,4,6,8",,,0,0.6666666666666666,0.1606033769951161,0.574413860825318,0.1,ok,,,,
burgers,smoothing_spline_cv,Tuned smoothing spline,8,0.04,0.01,1,5,0,cv,,0,"1,2,3,4,6,8",0.001,0.0168694908044587,4,1.0,0.0447824729321757,0.9571370365675316,0.03,ok,,,,
burgers,baseline,Baseline,8,0.04,0.01,2,1,0,cv,,0,"1,2,3,4,6,8",,,0,0.6666666666666666,0.168470147042811,0.5705465974923543,0.1,ok,,,,
burgers,linear_interp,Linear interpolation,8,0.04,0.01,2,5,0,cv,,0,"1,2,3,4,6,8",,,0,0.6666666666666666,0.1640362290987909,0.5727198604314979,0.1,ok,,,,
burgers,smoothing_spline_cv,Tuned smoothing spline,8,0.04,0.01,2,5,0,cv,,0,"1,2,3,4,6,8",0.003,0.0102345664067123,4,0.8,0.0704721715380924,0.7473337666036957,0.03,ok,,,,
burgers,baseline,Baseline,8,0.04,0.01,3,1,0,cv,,0,"1,2,3,4,6,8",,,0,0.6666666666666666,0.164013605051923,0.5727309919517038,0.1,ok,,,,
burgers,linear_interp,Linear interpolation,8,0.04,0.01,3,5,0,cv,,0,"1,2,3,4,6,8",,,0,0.6666666666666666,0.1595483692792102,0.5749364876267086,0.1,ok,,,,
burgers,smoothing_spline_cv,Tuned smoothing spline,8,0.04,0.01,3,5,0,cv,,0,"1,2,3,4,6,8",0.003,0.0114851667882992,4,0.8,0.0698086581091969,0.747797275649215,0.03,ok,,,,
burgers,baseline,Baseline,8,0.04,0.01,4,1,0,cv,,0,"1,2,3,4,6,8",,,0,0.6666666666666666,0.1657781483706617,0.5718640957530613,0.1,ok,,,,
burgers,linear_interp,Linear interpolation,8,0.04,0.01,4,5,0,cv,,0,"1,2,3,4,6,8",,,0,0.6666666666666666,0.161072266999861,0.5741818882551489,0.1,ok,,,,
burgers,smoothing_spline_cv,Tuned smoothing spline,8,0.04,0.01,4,5,0,cv,,0,"1,2,3,4,6,8",0.0,0.0096393808454729,4,0.6666666666666666,0.1656413965849927,0.5719311862291574,0.1,ok,,,,
burgers,baseline,Baseline,8,0.04,0.01,5,1,0,cv,,0,"1,2,3,4,6,8",,,0,0.6666666666666666,0.1659306946735934,0.5717892750506087,0.1,ok,,,,
burgers,linear_interp,Linear interpolation,8,0.04,0.01,5,5,0,cv,,0,"1,2,3,4,6,8",,,0,0.6666666666666666,0.1618033586483131,0.5738205710149541,0.1,ok,,,,
burgers,smoothing_spline_cv,Tuned smoothing spline,8,0.04,0.01,5,5,0,cv,,0,"1,2,3,4,6,8",0.001,0.0130342356755932,4,0.8,0.0633581251221593,0.7523335564000092,0.03,ok,,,,
burgers,baseline,Baseline,8,0.04,0.01,6,1,0,cv,,0,"1,2,3,4,6,8",,,0,0.6666666666666666,0.1651920788610694,0.5721517325437946,0.1,ok,,,,
burgers,linear_interp,Linear interpolation,8,0.04,0.01,6,5,0,cv,,0,"1,2,3,4,6,8",,,0,0.6666666666666666,0.1607648813044726,0.5743339391156146,0.1,ok,,,,
burgers,smoothing_spline_cv,Tuned smoothing spline,8,0.04,0.01,6,5,0,cv,,0,"1,2,3,4,6,8",0.0,0.0169945241478505,4,0.6666666666666666,0.1644424357164294,0.5725200715967522,0.1,ok,,,,
burgers,baseline,Baseline,8,0.04,0.01,7,1,0,cv,,0,"1,2,3,4,6,8",,,0,0.6666666666666666,0.1653968381070012,0.572051205964793,0.1,ok,,,,
burgers,linear_interp,Linear interpolation,8,0.04,0.01,7,5,0,cv,,0,"1,2,3,4,6,8",,,0,0.6666666666666666,0.1618829243160221,0.5737812758192657,0.1,ok,,,,
burgers,smoothing_spline_cv,Tuned smoothing spline,8,0.04,0.01,7,5,0,cv,,0,"1,2,3,4,6,8",0.003,0.0101958972228708,4,0.8,0.077376526396858,0.7425444869079274,0.03,ok,,,,
burgers,baseline,Baseline,8,0.04,0.03,0,1,0,cv,,0,"1,2,3,4,6,8",,,0,0.6666666666666666,0.2990640317051269,0.5131899971024619,0.1,ok,,,,
burgers,linear_interp,Linear interpolation,8,0.04,0.03,0,5,0,cv,,0,"1,2,3,4,6,8",,,0,0.6666666666666666,0.2636134900014672,0.5275874877419142,0.1,ok,,,,
burgers,smoothing_spline_cv,Tuned smoothing spline,8,0.04,0.03,0,5,0,cv,,0,"1,2,3,4,6,8",10.0,0.0471257646339646,4,0.6666666666666666,0.1629876644642117,0.5732362320229766,0.1,ok,,,,
burgers,baseline,Baseline,8,0.04,0.03,1,1,0,cv,,0,"1,2,3,4,6,8",,,0,0.6666666666666666,0.2864086533050147,0.5182386366524201,0.1,ok,,,,
burgers,linear_interp,Linear interpolation,8,0.04,0.03,1,5,0,cv,,0,"1,2,3,4,6,8",,,0,0.6666666666666666,0.2454588091276709,0.5352779728890474,0.1,ok,,,,
burgers,smoothing_spline_cv,Tuned smoothing spline,8,0.04,0.03,1,5,0,cv,,0,"1,2,3,4,6,8",0.3,0.0487917468625085,4,0.6666666666666666,0.1550417709293372,0.5771797033195363,0.1,ok,,,,
burgers,baseline,Baseline,8,0.04,0.03,2,1,0,cv,,0,"1,2,3,4,6,8",,,0,0.6666666666666666,0.2872109233700545,0.5179156380379858,0.1,ok,,,,
burgers,linear_interp,Linear interpolation,8,0.04,0.03,2,5,0,cv,,0,"1,2,3,4,6,8",,,0,0.6666666666666666,0.2428674034930117,0.5363940391332461,0.1,ok,,,,
burgers,smoothing_spline_cv,Tuned smoothing spline,8,0.04,0.03,2,5,0,cv,,0,"1,2,3,4,6,8",10.0,0.0501743701501632,4,0.6666666666666666,0.1577297479606859,0.5758396273750281,0.1,ok,,,,
burgers,baseline,Baseline,8,0.04,0.03,3,1,0,cv,,0,"1,2,3,4,6,8",,,0,0.6666666666666666,0.3054553833229073,0.5106774809643304,0.1,ok,,,,
burgers,linear_interp,Linear interpolation,8,0.04,0.03,3,5,0,cv,,0,"1,2,3,4,6,8",,,0,0.6666666666666666,0.2647262569270854,0.5271232909218406,0.1,ok,,,,
burgers,smoothing_spline_cv,Tuned smoothing spline,8,0.04,0.03,3,5,0,cv,,0,"1,2,3,4,6,8",10.0,0.052504393430196,4,0.6666666666666666,0.1622131045953084,0.5736182667625359,0.1,ok,,,,
burgers,baseline,Baseline,8,0.04,0.03,4,1,0,cv,,0,"1,2,3,4,6,8",,,0,0.6666666666666666,0.2949920421410445,0.5148036783024929,0.1,ok,,,,
burgers,linear_interp,Linear interpolation,8,0.04,0.03,4,5,0,cv,,0,"1,2,3,4,6,8",,,0,0.6666666666666666,0.2536460883472802,0.5317821934462809,0.1,ok,,,,
burgers,smoothing_spline_cv,Tuned smoothing spline,8,0.04,0.03,4,5,0,cv,,0,"1,2,3,4,6,8",10.0,0.0548266474286329,4,0.6666666666666666,0.157880765757368,0.5757645228959314,0.1,ok,,,,
burgers,baseline,Baseline,8,0.04,0.03,5,1,0,cv,,0,"1,2,3,4,6,8",,,0,0.6666666666666666,0.2937990513415717,0.515278370296673,0.1,ok,,,,
burgers,linear_interp,Linear interpolation,8,0.04,0.03,5,5,0,cv,,0,"1,2,3,4,6,8",,,0,0.6666666666666666,0.2513061800958024,0.5327766115689011,0.1,ok,,,,
burgers,smoothing_spline_cv,Tuned smoothing spline,8,0.04,0.03,5,5,0,cv,,0,"1,2,3,4,6,8",10.0,0.0544929623209603,4,0.6666666666666666,0.1589634377724992,0.5752266593914165,0.1,ok,,,,
burgers,baseline,Baseline,8,0.04,0.03,6,1,0,cv,,0,"1,2,3,4,6,8",,,0,0.6666666666666666,0.2917875988006402,0.5160807142641972,0.1,ok,,,,
burgers,linear_interp,Linear interpolation,8,0.04,0.03,6,5,0,cv,,0,"1,2,3,4,6,8",,,0,0.6666666666666666,0.2465491229556895,0.5348097835775095,0.1,ok,,,,
burgers,smoothing_spline_cv,Tuned smoothing spline,8,0.04,0.03,6,5,0,cv,,0,"1,2,3,4,6,8",10.0,0.049914101316768,4,0.6666666666666666,0.1560229721020615,0.5766898087279607,0.1,ok,,,,
burgers,baseline,Baseline,8,0.04,0.03,7,1,0,cv,,0,"1,2,3,4,6,8",,,0,0.6666666666666666,0.2934985516127847,0.5153980774353712,0.1,ok,,,,
burgers,linear_interp,Linear interpolation,8,0.04,0.03,7,5,0,cv,,0,"1,2,3,4,6,8",,,0,0.6666666666666666,0.256536556016177,0.5305589109005466,0.1,ok,,,,
burgers,smoothing_spline_cv,Tuned smoothing spline,8,0.04,0.03,7,5,0,cv,,0,"1,2,3,4,6,8",10.0,0.052373527834983,4,0.6666666666666666,0.1631360720246577,0.5731630913193222,0.1,ok,,,,
burgers,baseline,Baseline,8,0.04,0.05,0,1,0,cv,,0,"1,2,3,4,6,8",,,0,0.6666666666666666,0.4389657645153324,0.463295710785177,0.1,ok,,,,
burgers,linear_interp,Linear interpolation,8,0.04,0.05,0,5,0,cv,,0,"1,2,3,4,6,8",,,0,0.6666666666666666,0.3642027376323868,0.4886859176251807,0.1,ok,,,,
burgers,smoothing_spline_cv,Tuned smoothing spline,8,0.04,0.05,0,5,0,cv,,0,"1,2,3,4,6,8",10.0,0.0770093982635493,4,0.6666666666666666,0.1727159350432427,0.5684809481522769,0.1,ok,,,,
burgers,baseline,Baseline,8,0.04,0.05,1,1,0,cv,,0,"1,2,3,4,6,8",,,0,0.6666666666666666,0.45108429074913,0.4594265618591298,0.1,ok,,,,
burgers,linear_interp,Linear interpolation,8,0.04,0.05,1,5,0,cv,,0,"1,2,3,4,6,8",,,0,0.6666666666666666,0.3752247179694297,0.4847692584023829,0.1,ok,,,,
burgers,smoothing_spline_cv,Tuned smoothing spline,8,0.04,0.05,1,5,0,cv,,0,"1,2,3,4,6,8",10.0,0.0882888834636533,4,0.6666666666666666,0.1830524659988409,0.563514033254481,0.1,ok,,,,
burgers,baseline,Baseline,8,0.04,0.05,2,1,0,cv,,0,"1,2,3,4,6,8",,,0,0.6666666666666666,0.4347520396339897,0.4646563644800502,0.1,ok,,,,
burgers,linear_interp,Linear interpolation,8,0.04,0.05,2,5,0,cv,,0,"1,2,3,4,6,8",,,0,0.6666666666666666,0.367203603282875,0.4876133043139244,0.1,ok,,,,
burgers,smoothing_spline_cv,Tuned smoothing spline,8,0.04,0.05,2,5,0,cv,,0,"1,2,3,4,6,8",10.0,0.0835890247386699,4,0.6666666666666666,0.1834758654196682,0.5633124309047589,0.1,ok,,,,
burgers,baseline,Baseline,8,0.04,0.05,3,1,0,cv,,0,"1,2,3,4,6,8",,,0,0.6666666666666666,0.4622797912254757,0.4559091021205737,0.1,ok,,,,
burgers,linear_interp,Linear interpolation,8,0.04,0.05,3,5,0,cv,,0,"1,2,3,4,6,8",,,0,0.6666666666666666,0.3962523083271058,0.4774686227487216,0.1,ok,,,,
burgers,smoothing_spline_cv,Tuned smoothing spline,8,0.04,0.05,3,5,0,cv,,0,"1,2,3,4,6,8",10.0,0.0785088294240482,4,0.6666666666666666,0.1845086465390804,0.5628212749772201,0.1,ok,,,,
burgers,baseline,Baseline,8,0.04,0.05,4,1,0,cv,,0,"1,2,3,4,6,8",,,0,0.6666666666666666,0.4538841148456495,0.458541819020729,0.1,ok,,,,
burgers,linear_interp,Linear interpolation,8,0.04,0.05,4,5,0,cv,,0,"1,2,3,4,6,8",,,0,0.6666666666666666,0.3838131624772534,0.481760605220161,0.1,ok,,,,
burgers,smoothing_spline_cv,Tuned smoothing spline,8,0.04,0.05,4,5,0,cv,,0,"1,2,3,4,6,8",10.0,0.0762768380062296,4,0.6666666666666666,0.1908827567945129,0.5598088164960306,0.1,ok,,,,
burgers,baseline,Baseline,8,0.04,0.05,5,1,0,cv,,0,"1,2,3,4,6,8",,,0,0.6666666666666666,0.4326829880986624,0.4653274117196094,0.1,ok,,,,
burgers,linear_interp,Linear interpolation,8,0.04,0.05,5,5,0,cv,,0,"1,2,3,4,6,8",,,0,0.6666666666666666,0.3579647929192592,0.4909307444072335,0.1,ok,,,,
burgers,smoothing_spline_cv,Tuned smoothing spline,8,0.04,0.05,5,5,0,cv,,0,"1,2,3,4,6,8",10.0,0.0856722602342094,4,0.6666666666666666,0.18291466986017,0.5635796762461928,0.1,ok,,,,
burgers,baseline,Baseline,8,0.04,0.05,6,1,0,cv,,0,"1,2,3,4,6,8",,,0,0.6666666666666666,0.4618933887453625,0.4560296063988759,0.1,ok,,,,
burgers,linear_interp,Linear interpolation,8,0.04,0.05,6,5,0,cv,,0,"1,2,3,4,6,8",,,0,0.6666666666666666,0.3949012079218982,0.4779310985470118,0.1,ok,,,,
burgers,smoothing_spline_cv,Tuned smoothing spline,8,0.04,0.05,6,5,0,cv,,0,"1,2,3,4,6,8",10.0,0.0821662288871944,4,0.6666666666666666,0.1864862614853628,0.561883174131377,0.1,ok,,,,
burgers,baseline,Baseline,8,0.04,0.05,7,1,0,cv,,0,"1,2,3,4,6,8",,,0,0.6666666666666666,0.4246882970218111,0.4679386137025735,0.1,ok,,,,
burgers,linear_interp,Linear interpolation,8,0.04,0.05,7,5,0,cv,,0,"1,2,3,4,6,8",,,0,0.6666666666666666,0.3541547659150282,0.4923120188674942,0.1,ok,,,,
burgers,smoothing_spline_cv,Tuned smoothing spline,8,0.04,0.05,7,5,0,cv,,0,"1,2,3,4,6,8",10.0,0.0823992587287965,4,0.6666666666666666,0.1790965236653744,0.5654046579615439,0.1,ok,,,,
burgers,baseline,Baseline,8,0.04,0.1,0,1,0,cv,,0,"1,2,3,4,6,8",,,0,0.5,0.7248489773991655,0.2898804513041664,0.03,ok,,,,
burgers,linear_interp,Linear interpolation,8,0.04,0.1,0,5,0,cv,,0,"1,2,3,4,6,8",,,0,0.6666666666666666,0.6389103138045775,0.4067743433251464,0.1,ok,,,,
burgers,smoothing_spline_cv,Tuned smoothing spline,8,0.04,0.1,0,5,0,cv,,0,"1,2,3,4,6,8",10.0,0.1738681601389898,4,0.6666666666666666,0.3134693750733647,0.5075616373845256,0.1,ok,,,,
burgers,baseline,Baseline,8,0.04,0.1,1,1,0,cv,,0,"1,2,3,4,6,8",,,0,0.6666666666666666,0.7433358736179037,0.3824086205965286,0.1,ok,,,,
burgers,linear_interp,Linear interpolation,8,0.04,0.1,1,5,0,cv,,0,"1,2,3,4,6,8",,,0,0.6666666666666666,0.6684874663477025,0.3995634849604182,0.1,ok,,,,
burgers,smoothing_spline_cv,Tuned smoothing spline,8,0.04,0.1,1,5,0,cv,,0,"1,2,3,4,6,8",10.0,0.1761799192931044,4,0.6666666666666666,0.2858733865863334,0.5184543623198369,0.1,ok,,,,
burgers,baseline,Baseline,8,0.04,0.1,2,1,0,cv,,0,"1,2,3,4,6,8",,,0,0.6666666666666666,0.7134378587354836,0.3890813216644264,0.1,ok,,,,
burgers,linear_interp,Linear interpolation,8,0.04,0.1,2,5,0,cv,,0,"1,2,3,4,6,8",,,0,0.6666666666666666,0.6236822896659463,0.4105893566184216,0.1,ok,,,,
burgers,smoothing_spline_cv,Tuned smoothing spline,8,0.04,0.1,2,5,0,cv,,0,"1,2,3,4,6,8",10.0,0.1957676848945967,4,0.6666666666666666,0.2809700655549098,0.5204389115665009,0.1,ok,,,,
burgers,baseline,Baseline,8,0.04,0.1,3,1,0,cv,,0,"1,2,3,4,6,8",,,0,0.6666666666666666,0.7181858342018396,0.3880061477612855,0.1,ok,,,,
burgers,linear_interp,Linear interpolation,8,0.04,0.1,3,5,0,cv,,0,"1,2,3,4,6,8",,,0,0.6666666666666666,0.6431833866816604,0.4057165329628677,0.1,ok,,,,
burgers,smoothing_spline_cv,Tuned smoothing spline,8,0.04,0.1,3,5,0,cv,,0,"1,2,3,4,6,8",10.0,0.18738088729031,4,0.6666666666666666,0.2576646922364307,0.5300829949206673,0.1,ok,,,,
burgers,baseline,Baseline,8,0.04,0.1,4,1,0,cv,,0,"1,2,3,4,6,8",,,0,0.6666666666666666,0.7144282868378218,0.3888565487310643,0.1,ok,,,,
burgers,linear_interp,Linear interpolation,8,0.04,0.1,4,5,0,cv,,0,"1,2,3,4,6,8",,,0,0.6666666666666666,0.6205432793789065,0.4113846727513349,0.1,ok,,,,
burgers,smoothing_spline_cv,Tuned smoothing spline,8,0.04,0.1,4,5,0,cv,,0,"1,2,3,4,6,8",10.0,0.1879230348276465,4,0.6666666666666666,0.2679047610564814,0.5258018481697053,0.1,ok,,,,
burgers,baseline,Baseline,8,0.04,0.1,5,1,0,cv,,0,"1,2,3,4,6,8",,,0,0.6666666666666666,0.7086917797999331,0.390162037734345,0.1,ok,,,,
burgers,linear_interp,Linear interpolation,8,0.04,0.1,5,5,0,cv,,0,"1,2,3,4,6,8",,,0,0.6666666666666666,0.6169437620293229,0.4123004660533004,0.3,ok,,,,
burgers,smoothing_spline_cv,Tuned smoothing spline,8,0.04,0.1,5,5,0,cv,,0,"1,2,3,4,6,8",10.0,0.1792524566856412,4,0.6666666666666666,0.2729965818614004,0.5236987091448853,0.1,ok,,,,
burgers,baseline,Baseline,8,0.04,0.1,6,1,0,cv,,0,"1,2,3,4,6,8",,,0,0.6666666666666666,0.7153197989037459,0.3886544462978452,0.1,ok,,,,
burgers,linear_interp,Linear interpolation,8,0.04,0.1,6,5,0,cv,,0,"1,2,3,4,6,8",,,0,0.6666666666666666,0.6403561753974708,0.4064157996083553,0.1,ok,,,,
burgers,smoothing_spline_cv,Tuned smoothing spline,8,0.04,0.1,6,5,0,cv,,0,"1,2,3,4,6,8",10.0,0.1803424035014742,4,0.6666666666666666,0.3082934188942777,0.5095696860037018,0.1,ok,,,,
burgers,baseline,Baseline,8,0.04,0.1,7,1,0,cv,,0,"1,2,3,4,6,8",,,0,0.6666666666666666,0.7311753988771185,0.3850948130958206,0.1,ok,,,,
burgers,linear_interp,Linear interpolation,8,0.04,0.1,7,5,0,cv,,0,"1,2,3,4,6,8",,,0,0.6666666666666666,0.6483652688331147,0.4044411025103696,0.1,ok,,,,
burgers,smoothing_spline_cv,Tuned smoothing spline,8,0.04,0.1,7,5,0,cv,,0,"1,2,3,4,6,8",10.0,0.1895180983368024,4,0.6666666666666666,0.2493499363937303,0.5336108381219526,0.1,ok,,,,
burgers,baseline,Baseline,16,0.08,0.0,0,1,0,cv,,0,"1,2,3,4,6,8",,,0,1.0,0.0094544272242601,0.9906341217896708,0.001,ok,,,,
burgers,linear_interp,Linear interpolation,16,0.08,0.0,0,5,0,cv,,0,"1,2,3,4,6,8",,,0,1.0,0.0003962582972072,0.9996038986612348,0.001,ok,,,,
burgers,smoothing_spline_cv,Tuned smoothing spline,16,0.08,0.0,0,5,0,cv,,0,"1,2,3,4,6,8",0.0,1.1135559187972757e-06,4,1.0,0.000379903277975,0.9996202409937164,0.0001,ok,,,,
burgers,baseline,Baseline,16,0.08,0.0,1,1,0,cv,,0,"1,2,3,4,6,8",,,0,1.0,0.0094544272242601,0.9906341217896708,0.001,ok,,,,
burgers,linear_interp,Linear interpolation,16,0.08,0.0,1,5,0,cv,,0,"1,2,3,4,6,8",,,0,1.0,0.0003962582972072,0.9996038986612348,0.001,ok,,,,
burgers,smoothing_spline_cv,Tuned smoothing spline,16,0.08,0.0,1,5,0,cv,,0,"1,2,3,4,6,8",0.0,1.1135559187972757e-06,4,1.0,0.000379903277975,0.9996202409937164,0.0001,ok,,,,
burgers,baseline,Baseline,16,0.08,0.0,2,1,0,cv,,0,"1,2,3,4,6,8",,,0,1.0,0.0094544272242601,0.9906341217896708,0.001,ok,,,,
burgers,linear_interp,Linear interpolation,16,0.08,0.0,2,5,0,cv,,0,"1,2,3,4,6,8",,,0,1.0,0.0003962582972072,0.9996038986612348,0.001,ok,,,,
burgers,smoothing_spline_cv,Tuned smoothing spline,16,0.08,0.0,2,5,0,cv,,0,"1,2,3,4,6,8",0.0,1.1135559187972757e-06,4,1.0,0.000379903277975,0.9996202409937164,0.0001,ok,,,,
burgers,baseline,Baseline,16,0.08,0.0,3,1,0,cv,,0,"1,2,3,4,6,8",,,0,1.0,0.0094544272242601,0.9906341217896708,0.001,ok,,,,
burgers,linear_interp,Linear interpolation,16,0.08,0.0,3,5,0,cv,,0,"1,2,3,4,6,8",,,0,1.0,0.0003962582972072,0.9996038986612348,0.001,ok,,,,
burgers,smoothing_spline_cv,Tuned smoothing spline,16,0.08,0.0,3,5,0,cv,,0,"1,2,3,4,6,8",0.0,1.1135559187972757e-06,4,1.0,0.000379903277975,0.9996202409937164,0.0001,ok,,,,
burgers,baseline,Baseline,16,0.08,0.0,4,1,0,cv,,0,"1,2,3,4,6,8",,,0,1.0,0.0094544272242601,0.9906341217896708,0.001,ok,,,,
burgers,linear_interp,Linear interpolation,16,0.08,0.0,4,5,0,cv,,0,"1,2,3,4,6,8",,,0,1.0,0.0003962582972072,0.9996038986612348,0.001,ok,,,,
burgers,smoothing_spline_cv,Tuned smoothing spline,16,0.08,0.0,4,5,0,cv,,0,"1,2,3,4,6,8",0.0,1.1135559187972757e-06,4,1.0,0.000379903277975,0.9996202409937164,0.0001,ok,,,,
burgers,baseline,Baseline,16,0.08,0.0,5,1,0,cv,,0,"1,2,3,4,6,8",,,0,1.0,0.0094544272242601,0.9906341217896708,0.001,ok,,,,
burgers,linear_interp,Linear interpolation,16,0.08,0.0,5,5,0,cv,,0,"1,2,3,4,6,8",,,0,1.0,0.0003962582972072,0.9996038986612348,0.001,ok,,,,
burgers,smoothing_spline_cv,Tuned smoothing spline,16,0.08,0.0,5,5,0,cv,,0,"1,2,3,4,6,8",0.0,1.1135559187972757e-06,4,1.0,0.000379903277975,0.9996202409937164,0.0001,ok,,,,
burgers,baseline,Baseline,16,0.08,0.0,6,1,0,cv,,0,"1,2,3,4,6,8",,,0,1.0,0.0094544272242601,0.9906341217896708,0.001,ok,,,,
burgers,linear_interp,Linear interpolation,16,0.08,0.0,6,5,0,cv,,0,"1,2,3,4,6,8",,,0,1.0,0.0003962582972072,0.9996038986612348,0.001,ok,,,,
burgers,smoothing_spline_cv,Tuned smoothing spline,16,0.08,0.0,6,5,0,cv,,0,"1,2,3,4,6,8",0.0,1.1135559187972757e-06,4,1.0,0.000379903277975,0.9996202409937164,0.0001,ok,,,,
burgers,baseline,Baseline,16,0.08,0.0,7,1,0,cv,,0,"1,2,3,4,6,8",,,0,1.0,0.0094544272242601,0.9906341217896708,0.001,ok,,,,
burgers,linear_interp,Linear interpolation,16,0.08,0.0,7,5,0,cv,,0,"1,2,3,4,6,8",,,0,1.0,0.0003962582972072,0.9996038986612348,0.001,ok,,,,
burgers,smoothing_spline_cv,Tuned smoothing spline,16,0.08,0.0,7,5,0,cv,,0,"1,2,3,4,6,8",0.0,1.1135559187972757e-06,4,1.0,0.000379903277975,0.9996202409937164,0.0001,ok,,,,
burgers,baseline,Baseline,16,0.08,0.01,0,1,0,cv,,0,"1,2,3,4,6,8",,,0,0.6666666666666666,0.1665066605819627,0.5715069525055869,0.1,ok,,,,
burgers,linear_interp,Linear interpolation,16,0.08,0.01,0,5,0,cv,,0,"1,2,3,4,6,8",,,0,0.6666666666666666,0.1602807508728643,0.5745735815794082,0.1,ok,,,,
burgers,smoothing_spline_cv,Tuned smoothing spline,16,0.08,0.01,0,5,0,cv,,0,"1,2,3,4,6,8",0.001,0.0066777735431987,4,0.8,0.0769719159491856,0.7428234554240187,0.03,ok,,,,
burgers,baseline,Baseline,16,0.08,0.01,1,1,0,cv,,0,"1,2,3,4,6,8",,,0,0.6666666666666666,0.1716431667152146,0.569001455055394,0.1,ok,,,,
burgers,linear_interp,Linear interpolation,16,0.08,0.01,1,5,0,cv,,0,"1,2,3,4,6,8",,,0,0.6666666666666666,0.1645681380504638,0.572458274345969,0.1,ok,,,,
burgers,smoothing_spline_cv,Tuned smoothing spline,16,0.08,0.01,1,5,0,cv,,0,"1,2,3,4,6,8",0.001,0.0095669731041884,4,0.8,0.0765207008089854,0.7431348040022034,0.03,ok,,,,
burgers,baseline,Baseline,16,0.08,0.01,2,1,0,cv,,0,"1,2,3,4,6,8",,,0,0.6666666666666666,0.1663080092098915,0.5716042944078692,0.1,ok,,,,
burgers,linear_interp,Linear interpolation,16,0.08,0.01,2,5,0,cv,,0,"1,2,3,4,6,8",,,0,0.6666666666666666,0.1606063343599383,0.5744123971495692,0.1,ok,,,,
burgers,smoothing_spline_cv,Tuned smoothing spline,16,0.08,0.01,2,5,0,cv,,0,"1,2,3,4,6,8",0.0,0.0071093416365308,4,0.6666666666666666,0.1645130381618265,0.572485360678309,0.1,ok,,,,
burgers,baseline,Baseline,16,0.08,0.01,3,1,0,cv,,0,"1,2,3,4,6,8",,,0,0.6666666666666666,0.1661300488848696,0.5716915255757085,0.1,ok,,,,
burgers,linear_interp,Linear interpolation,16,0.08,0.01,3,5,0,cv,,0,"1,2,3,4,6,8",,,0,0.6666666666666666,0.1604776557544453,0.5744760903933611,0.1,ok,,,,
burgers,smoothing_spline_cv,Tuned smoothing spline,16,0.08,0.01,3,5,0,cv,,0,"1,2,3,4,6,8",0.0003,0.0070412483917022,4,0.8,0.0716628269037527,0.7465034523137836,0.03,ok,,,,
burgers,baseline,Baseline,16,0.08,0.01,4,1,0,cv,,0,"1,2,3,4,6,8",,,0,0.6666666666666666,0.1662734317955652,0.5716212412043747,0.1,ok,,,,
burgers,linear_interp,Linear interpolation,16,0.08,0.01,4,5,0,cv,,0,"1,2,3,4,6,8",,,0,0.6666666666666666,0.1599990875416526,0.574713095748645,0.1,ok,,,,
burgers,smoothing_spline_cv,Tuned smoothing spline,16,0.08,0.01,4,5,0,cv,,0,"1,2,3,4,6,8",0.0,0.0215070677555097,4,0.6666666666666666,0.1630976750690726,0.573182012961272,0.1,ok,,,,
burgers,baseline,Baseline,16,0.08,0.01,5,1,0,cv,,0,"1,2,3,4,6,8",,,0,0.6666666666666666,0.1678510207722278,0.5708490679109405,0.1,ok,,,,
burgers,linear_interp,Linear interpolation,16,0.08,0.01,5,5,0,cv,,0,"1,2,3,4,6,8",,,0,0.6666666666666666,0.1615633255017771,0.573939149102075,0.1,ok,,,,
burgers,smoothing_spline_cv,Tuned smoothing spline,16,0.08,0.01,5,5,0,cv,,0,"1,2,3,4,6,8",0.001,0.010182979981402,4,0.6666666666666666,0.1635455889020397,0.5729613631174998,0.1,ok,,,,
burgers,baseline,Baseline,16,0.08,0.01,6,1,0,cv,,0,"1,2,3,4,6,8",,,0,0.6666666666666666,0.1664071232836342,0.5715557230050917,0.1,ok,,,,
burgers,linear_interp,Linear interpolation,16,0.08,0.01,6,5,0,cv,,0,"1,2,3,4,6,8",,,0,0.6666666666666666,0.1605883766157365,0.574421285012917,0.1,ok,,,,
burgers,smoothing_spline_cv,Tuned smoothing spline,16,0.08,0.01,6,5,0,cv,,0,"1,2,3,4,6,8",0.0,0.0180577862875565,4,0.6666666666666666,0.1648318661357082,0.5723286648040559,0.1,ok,,,,
burgers,baseline,Baseline,16,0.08,0.01,7,1,0,cv,,0,"1,2,3,4,6,8",,,0,0.6666666666666666,0.1684060684515259,0.5705778878315754,0.1,ok,,,,
burgers,linear_interp,Linear interpolation,16,0.08,0.01,7,5,0,cv,,0,"1,2,3,4,6,8",,,0,0.6666666666666666,0.1612190722089256,0.5741092982554118,0.1,ok,,,,
burgers,smoothing_spline_cv,Tuned smoothing spline,16,0.08,0.01,7,5,0,cv,,0,"1,2,3,4,6,8",0.001,0.007331323971873,4,0.8,0.067190090635043,0.7496321480308642,0.03,ok,,,,
burgers,baseline,Baseline,16,0.08,0.03,0,1,0,cv,,0,"1,2,3,4,6,8",,,0,0.6666666666666666,0.2962696091705089,0.5142963022123699,0.1,ok,,,,
burgers,linear_interp,Linear interpolation,16,0.08,0.03,0,5,0,cv,,0,"1,2,3,4,6,8",,,0,0.6666666666666666,0.2575000021133371,0.530152417929444,0.1,ok,,,,
burgers,smoothing_spline_cv,Tuned smoothing spline,16,0.08,0.03,0,5,0,cv,,0,"1,2,3,4,6,8",10.0,0.060639413998425,4,0.6666666666666666,0.1733663500081307,0.5681658304433623,0.1,ok,,,,
burgers,baseline,Baseline,16,0.08,0.03,1,1,0,cv,,0,"1,2,3,4,6,8",,,0,0.6666666666666666,0.3039960593502439,0.5112489887422311,0.1,ok,,,,
burgers,linear_interp,Linear interpolation,16,0.08,0.03,1,5,0,cv,,0,"1,2,3,4,6,8",,,0,0.6666666666666666,0.2628813344726799,0.527893356619318,0.1,ok,,,,
burgers,smoothing_spline_cv,Tuned smoothing spline,16,0.08,0.03,1,5,0,cv,,0,"1,2,3,4,6,8",10.0,0.0731167520727655,4,0.6666666666666666,0.1686186250821703,0.5704741070850129,0.1,ok,,,,
burgers,baseline,Baseline,16,0.08,0.03,2,1,0,cv,,0,"1,2,3,4,6,8",,,0,0.6666666666666666,0.2943701474232543,0.5150510215287506,0.1,ok,,,,
burgers,linear_interp,Linear interpolation,16,0.08,0.03,2,5,0,cv,,0,"1,2,3,4,6,8",,,0,0.6666666666666666,0.2499377917695353,0.5333598768326442,0.1,ok,,,,
burgers,smoothing_spline_cv,Tuned smoothing spline,16,0.08,0.03,2,5,0,cv,,0,"1,2,3,4,6,8",10.0,0.0523315829088596,4,0.6666666666666666,0.1679009381694923,0.570824669180903,0.1,ok,,,,
burgers,baseline,Baseline,16,0.08,0.03,3,1,0,cv,,0,"1,2,3,4,6,8",,,0,0.6666666666666666,0.2990078733730602,0.5132121831837486,0.1,ok,,,,
burgers,linear_interp,Linear interpolation,16,0.08,0.03,3,5,0,cv,,0,"1,2,3,4,6,8",,,0,0.6666666666666666,0.2537107349577315,0.5317547725146847,0.1,ok,,,,
burgers,smoothing_spline_cv,Tuned smoothing spline,16,0.08,0.03,3,5,0,cv,,0,"1,2,3,4,6,8",10.0,0.0549169467921496,4,0.6666666666666666,0.1715778929147445,0.569033156650029,0.1,ok,,,,
burgers,baseline,Baseline,16,0.08,0.03,4,1,0,cv,,0,"1,2,3,4,6,8",,,0,0.6666666666666666,0.2949162541571035,0.5148338083844798,0.1,ok,,,,
burgers,linear_interp,Linear interpolation,16,0.08,0.03,4,5,0,cv,,0,"1,2,3,4,6,8",,,0,0.6666666666666666,0.2582714592443859,0.5298273768897306,0.1,ok,,,,
burgers,smoothing_spline_cv,Tuned smoothing spline,16,0.08,0.03,4,5,0,cv,,0,"1,2,3,4,6,8",0.3,0.0537951715093266,4,0.6666666666666666,0.1656812625620337,0.5719116263406429,0.1,ok,,,,
burgers,baseline,Baseline,16,0.08,0.03,5,1,0,cv,,0,"1,2,3,4,6,8",,,0,0.6666666666666666,0.3002293557787083,0.5127300531277418,0.1,ok,,,,
burgers,linear_interp,Linear interpolation,16,0.08,0.03,5,5,0,cv,,0,"1,2,3,4,6,8",,,0,0.6666666666666666,0.2595268023471729,0.5292993094107324,0.1,ok,,,,
burgers,smoothing_spline_cv,Tuned smoothing spline,16,0.08,0.03,5,5,0,cv,,0,"1,2,3,4,6,8",0.3,0.052361256067758,4,0.6666666666666666,0.1721949132558705,0.5687336287912593,0.1,ok,,,,
burgers,baseline,Baseline,16,0.08,0.03,6,1,0,cv,,0,"1,2,3,4,6,8",,,0,0.6666666666666666,0.3017286792101874,0.512139493670187,0.1,ok,,,,
burgers,linear_interp,Linear interpolation,16,0.08,0.03,6,5,0,cv,,0,"1,2,3,4,6,8",,,0,0.6666666666666666,0.2644953839705769,0.5272195336714485,0.1,ok,,,,
burgers,smoothing_spline_cv,Tuned smoothing spline,16,0.08,0.03,6,5,0,cv,,0,"1,2,3,4,6,8",10.0,0.0535606684811864,4,0.6666666666666666,0.1702098776667696,0.5696983758126398,0.1,ok,,,,
burgers,baseline,Baseline,16,0.08,0.03,7,1,0,cv,,0,"1,2,3,4,6,8",,,0,0.6666666666666666,0.3017278319560482,0.5121398270058469,0.1,ok,,,,
burgers,linear_interp,Linear interpolation,16,0.08,0.03,7,5,0,cv,,0,"1,2,3,4,6,8",,,0,0.6666666666666666,0.2576145442576197,0.5301041322325081,0.1,ok,,,,
burgers,smoothing_spline_cv,Tuned smoothing spline,16,0.08,0.03,7,5,0,cv,,0,"1,2,3,4,6,8",0.3,0.0430573685647794,4,0.6666666666666666,0.1671026298822719,0.5712151181888045,0.1,ok,,,,
burgers,baseline,Baseline,16,0.08,0.05,0,1,0,cv,,0,"1,2,3,4,6,8",,,0,0.6666666666666666,0.4551049502005628,0.458157101709246,0.1,ok,,,,
burgers,linear_interp,Linear interpolation,16,0.08,0.05,0,5,0,cv,,0,"1,2,3,4,6,8",,,0,0.6666666666666666,0.38390167252187,0.4817297933109704,0.1,ok,,,,
burgers,smoothing_spline_cv,Tuned smoothing spline,16,0.08,0.05,0,5,0,cv,,0,"1,2,3,4,6,8",10.0,0.0931623998351775,4,0.6666666666666666,0.2066644923405444,0.5524871833872776,0.1,ok,,,,
burgers,baseline,Baseline,16,0.08,0.05,1,1,0,cv,,0,"1,2,3,4,6,8",,,0,0.6666666666666666,0.4571654341237304,0.4575092512179772,0.1,ok,,,,
burgers,linear_interp,Linear interpolation,16,0.08,0.05,1,5,0,cv,,0,"1,2,3,4,6,8",,,0,0.6666666666666666,0.3846521255024521,0.4814687056684015,0.3,ok,,,,
burgers,smoothing_spline_cv,Tuned smoothing spline,16,0.08,0.05,1,5,0,cv,,0,"1,2,3,4,6,8",10.0,0.0933588340171147,4,0.6666666666666666,0.2215382715775817,0.5457599505299868,0.1,ok,,,,
burgers,baseline,Baseline,16,0.08,0.05,2,1,0,cv,,0,"1,2,3,4,6,8",,,0,0.6666666666666666,0.4719133914525411,0.4529251996333657,0.1,ok,,,,
burgers,linear_interp,Linear interpolation,16,0.08,0.05,2,5,0,cv,,0,"1,2,3,4,6,8",,,0,0.6666666666666666,0.3999159741189687,0.4762190581375647,0.1,ok,,,,
burgers,smoothing_spline_cv,Tuned smoothing spline,16,0.08,0.05,2,5,0,cv,,0,"1,2,3,4,6,8",10.0,0.0908868707324564,4,0.6666666666666666,0.2262442580376069,0.5436654747183501,0.1,ok,,,,
burgers,baseline,Baseline,16,0.08,0.05,3,1,0,cv,,0,"1,2,3,4,6,8",,,0,0.6666666666666666,0.4599796662141903,0.4566273641299204,0.1,ok,,,,
burgers,linear_interp,Linear interpolation,16,0.08,0.05,3,5,0,cv,,0,"1,2,3,4,6,8",,,0,0.6666666666666666,0.3891386603223496,0.4799136945133804,0.1,ok,,,,
burgers,smoothing_spline_cv,Tuned smoothing spline,16,0.08,0.05,3,5,0,cv,,0,"1,2,3,4,6,8",10.0,0.081634734595967,4,0.6666666666666666,0.2165411667062982,0.5480017322156232,0.1,ok,,,,
burgers,baseline,Baseline,16,0.08,0.05,4,1,0,cv,,0,"1,2,3,4,6,8",,,0,0.6666666666666666,0.4620558450899572,0.4559789346662391,0.1,ok,,,,
burgers,linear_interp,Linear interpolation,16,0.08,0.05,4,5,0,cv,,0,"1,2,3,4,6,8",,,0,0.6666666666666666,0.3972456336089265,0.477129182321896,0.1,ok,,,,
burgers,smoothing_spline_cv,Tuned smoothing spline,16,0.08,0.05,4,5,0,cv,,0,"1,2,3,4,6,8",10.0,0.0810610173838614,4,0.6666666666666666,0.2282047728973897,0.5427976518068484,0.1,ok,,,,
burgers,baseline,Baseline,16,0.08,0.05,5,1,0,cv,,0,"1,2,3,4,6,8",,,0,0.6666666666666666,0.4530036103836583,0.4588196904002438,0.1,ok,,,,
burgers,linear_interp,Linear interpolation,16,0.08,0.05,5,5,0,cv,,0,"1,2,3,4,6,8",,,0,0.6666666666666666,0.3752999883908817,0.4847427268916617,0.1,ok,,,,
burgers,smoothing_spline_cv,Tuned smoothing spline,16,0.08,0.05,5,5,0,cv,,0,"1,2,3,4,6,8",10.0,0.0909191926821376,4,0.6666666666666666,0.1968409542795861,0.5570219370275084,0.1,ok,,,,
burgers,baseline,Baseline,16,0.08,0.05,6,1,0,cv,,0,"1,2,3,4,6,8",,,0,0.6666666666666666,0.4615325987048239,0.4561421806516331,0.1,ok,,,,
burgers,linear_interp,Linear interpolation,16,0.08,0.05,6,5,0,cv,,0,"1,2,3,4,6,8",,,0,0.6666666666666666,0.3874367804126531,0.4805023739304256,0.1,ok,,,,
burgers,smoothing_spline_cv,Tuned smoothing spline,16,0.08,0.05,6,5,0,cv,,0,"1,2,3,4,6,8",0.3,0.0773341173667295,4,0.6666666666666666,0.209793850373292,0.5510580719690061,0.1,ok,,,,
burgers,baseline,Baseline,16,0.08,0.05,7,1,0,cv,,0,"1,2,3,4,6,8",,,0,0.6666666666666666,0.4801184711776796,0.4504143956370079,0.1,ok,,,,
burgers,linear_interp,Linear interpolation,16,0.08,0.05,7,5,0,cv,,0,"1,2,3,4,6,8",,,0,0.6666666666666666,0.4100127266927819,0.4728089711859189,0.1,ok,,,,
burgers,smoothing_spline_cv,Tuned smoothing spline,16,0.08,0.05,7,5,0,cv,,0,"1,2,3,4,6,8",10.0,0.0839486676797881,4,0.6666666666666666,0.227314554540921,0.5431913637788108,0.1,ok,,,,
burgers,baseline,Baseline,16,0.08,0.1,0,1,0,cv,,0,"1,2,3,4,6,8",,,0,0.6666666666666666,0.7758157087739986,0.3754143312128515,0.1,ok,,,,
burgers,linear_interp,Linear interpolation,16,0.08,0.1,0,5,0,cv,,0,"1,2,3,4,6,8",,,0,0.6666666666666666,0.708217776371512,0.3902703015319029,0.1,ok,,,,
burgers,smoothing_spline_cv,Tuned smoothing spline,16,0.08,0.1,0,5,0,cv,,0,"1,2,3,4,6,8",10.0,0.1972264885778202,4,0.6666666666666666,0.4003288930804357,0.4760786340701269,0.1,ok,,,,
burgers,baseline,Baseline,16,0.08,0.1,1,1,0,cv,,0,"1,2,3,4,6,8",,,0,0.6666666666666666,0.7325816825055997,0.3847822433990854,0.1,ok,,,,
burgers,linear_interp,Linear interpolation,16,0.08,0.1,1,5,0,cv,,0,"1,2,3,4,6,8",,,0,0.6666666666666666,0.6463729532244421,0.4049305264405562,0.1,ok,,,,
burgers,smoothing_spline_cv,Tuned smoothing spline,16,0.08,0.1,1,5,0,cv,,0,"1,2,3,4,6,8",10.0,0.1883641764456343,4,0.6666666666666666,0.3712294383268127,0.4861817052878763,0.1,ok,,,,
burgers,baseline,Baseline,16,0.08,0.1,2,1,0,cv,,0,"1,2,3,4,6,8",,,0,0.6666666666666666,0.7590338986937734,0.3789959176805639,0.1,ok,,,,
burgers,linear_interp,Linear interpolation,16,0.08,0.1,2,5,0,cv,,0,"1,2,3,4,6,8",,,0,0.6666666666666666,0.6857258103269154,0.395477522253384,0.3,ok,,,,
burgers,smoothing_spline_cv,Tuned smoothing spline,16,0.08,0.1,2,5,0,cv,,0,"1,2,3,4,6,8",10.0,0.186359496368239,4,0.6666666666666666,0.3820765471982489,0.4823659500033742,0.1,ok,,,,
burgers,baseline,Baseline,16,0.08,0.1,3,1,0,cv,,0,"1,2,3,4,6,8",,,0,0.6666666666666666,0.7344771171434018,0.3843617537973829,0.1,ok,,,,
burgers,linear_interp,Linear interpolation,16,0.08,0.1,3,5,0,cv,,0,"1,2,3,4,6,8",,,0,0.6666666666666666,0.6564249113994534,0.4024732193283812,0.1,ok,,,,
burgers,smoothing_spline_cv,Tuned smoothing spline,16,0.08,0.1,3,5,0,cv,,0,"1,2,3,4,6,8",10.0,0.1855233446958378,4,0.6666666666666666,0.3441571423661783,0.4959737560841318,0.1,ok,,,,
burgers,baseline,Baseline,16,0.08,0.1,4,1,0,cv,,0,"1,2,3,4,6,8",,,0,0.6666666666666666,0.6940013510737572,0.3935455342134729,0.1,ok,,,,
burgers,linear_interp,Linear interpolation,16,0.08,0.1,4,5,0,cv,,0,"1,2,3,4,6,8",,,0,0.6666666666666666,0.6072391559898171,0.4147899608979476,0.1,ok,,,,
burgers,smoothing_spline_cv,Tuned smoothing spline,16,0.08,0.1,4,5,0,cv,,0,"1,2,3,4,6,8",10.0,0.1895761089551116,4,0.6666666666666666,0.339929087368593,0.4975387674999232,0.1,ok,,,,
burgers,baseline,Baseline,16,0.08,0.1,5,1,0,cv,,0,"1,2,3,4,6,8",,,0,0.6666666666666666,0.7553613165781264,0.3797888562146601,0.1,ok,,,,
burgers,linear_interp,Linear interpolation,16,0.08,0.1,5,5,0,cv,,0,"1,2,3,4,6,8",,,0,0.6666666666666666,0.6887383341990159,0.3947720337519742,0.1,ok,,,,
burgers,smoothing_spline_cv,Tuned smoothing spline,16,0.08,0.1,5,5,0,cv,,0,"1,2,3,4,6,8",10.0,0.1883530734997452,4,0.6666666666666666,0.4355784224456133,0.4643888876031941,0.1,ok,,,,
burgers,baseline,Baseline,16,0.08,0.1,6,1,0,cv,,0,"1,2,3,4,6,8",,,0,0.6666666666666666,0.7424451811601559,0.3826040978935052,0.1,ok,,,,
burgers,linear_interp,Linear interpolation,16,0.08,0.1,6,5,0,cv,,0,"1,2,3,4,6,8",,,0,0.6666666666666666,0.6681863376164351,0.3996356112226791,0.1,ok,,,,
burgers,smoothing_spline_cv,Tuned smoothing spline,16,0.08,0.1,6,5,0,cv,,0,"1,2,3,4,6,8",10.0,0.1908428315829887,4,0.6666666666666666,0.350643448549306,0.4935919004995119,0.1,ok,,,,
burgers,baseline,Baseline,16,0.08,0.1,7,1,0,cv,,0,"1,2,3,4,6,8",,,0,0.6666666666666666,0.7812432574716165,0.3742704225659587,0.1,ok,,,,
burgers,linear_interp,Linear interpolation,16,0.08,0.1,7,5,0,cv,,0,"1,2,3,4,6,8",,,0,0.6666666666666666,0.709999263864235,0.3898637155902287,0.1,ok,,,,
burgers,smoothing_spline_cv,Tuned smoothing spline,16,0.08,0.1,7,5,0,cv,,0,"1,2,3,4,6,8",10.0,0.1915253161021259,4,0.6666666666666666,0.3776966527687588,0.4838994602526367,0.1,ok,,,,
burgers,baseline,Baseline,32,0.16,0.0,0,1,0,cv,,0,"1,2,3,4,6,8",,,0,1.0,0.0363096327247122,0.964962563718292,0.01,ok,,,,
burgers,linear_interp,Linear interpolation,32,0.16,0.0,0,5,0,cv,,0,"1,2,3,4,6,8",,,0,1.0,0.001881999509305,0.9981215357594738,0.003,ok,,,,
burgers,smoothing_spline_cv,Tuned smoothing spline,32,0.16,0.0,0,5,0,cv,,0,"1,2,3,4,6,8",0.0,0.0002307536220111,4,1.0,0.0015827062329901,0.9984197947676804,0.001,ok,,,,
burgers,baseline,Baseline,32,0.16,0.0,1,1,0,cv,,0,"1,2,3,4,6,8",,,0,1.0,0.0363096327247122,0.964962563718292,0.01,ok,,,,
burgers,linear_interp,Linear interpolation,32,0.16,0.0,1,5,0,cv,,0,"1,2,3,4,6,8",,,0,1.0,0.001881999509305,0.9981215357594738,0.003,ok,,,,
burgers,smoothing_spline_cv,Tuned smoothing spline,32,0.16,0.0,1,5,0,cv,,0,"1,2,3,4,6,8",0.0,0.0002307536220111,4,1.0,0.0015827062329901,0.9984197947676804,0.001,ok,,,,
burgers,baseline,Baseline,32,0.16,0.0,2,1,0,cv,,0,"1,2,3,4,6,8",,,0,1.0,0.0363096327247122,0.964962563718292,0.01,ok,,,,
burgers,linear_interp,Linear interpolation,32,0.16,0.0,2,5,0,cv,,0,"1,2,3,4,6,8",,,0,1.0,0.001881999509305,0.9981215357594738,0.003,ok,,,,
burgers,smoothing_spline_cv,Tuned smoothing spline,32,0.16,0.0,2,5,0,cv,,0,"1,2,3,4,6,8",0.0,0.0002307536220111,4,1.0,0.0015827062329901,0.9984197947676804,0.001,ok,,,,
burgers,baseline,Baseline,32,0.16,0.0,3,1,0,cv,,0,"1,2,3,4,6,8",,,0,1.0,0.0363096327247122,0.964962563718292,0.01,ok,,,,
burgers,linear_interp,Linear interpolation,32,0.16,0.0,3,5,0,cv,,0,"1,2,3,4,6,8",,,0,1.0,0.001881999509305,0.9981215357594738,0.003,ok,,,,
burgers,smoothing_spline_cv,Tuned smoothing spline,32,0.16,0.0,3,5,0,cv,,0,"1,2,3,4,6,8",0.0,0.0002307536220111,4,1.0,0.0015827062329901,0.9984197947676804,0.001,ok,,,,
burgers,baseline,Baseline,32,0.16,0.0,4,1,0,cv,,0,"1,2,3,4,6,8",,,0,1.0,0.0363096327247122,0.964962563718292,0.01,ok,,,,
burgers,linear_interp,Linear interpolation,32,0.16,0.0,4,5,0,cv,,0,"1,2,3,4,6,8",,,0,1.0,0.001881999509305,0.9981215357594738,0.003,ok,,,,
burgers,smoothing_spline_cv,Tuned smoothing spline,32,0.16,0.0,4,5,0,cv,,0,"1,2,3,4,6,8",0.0,0.0002307536220111,4,1.0,0.0015827062329901,0.9984197947676804,0.001,ok,,,,
burgers,baseline,Baseline,32,0.16,0.0,5,1,0,cv,,0,"1,2,3,4,6,8",,,0,1.0,0.0363096327247122,0.964962563718292,0.01,ok,,,,
burgers,linear_interp,Linear interpolation,32,0.16,0.0,5,5,0,cv,,0,"1,2,3,4,6,8",,,0,1.0,0.001881999509305,0.9981215357594738,0.003,ok,,,,
burgers,smoothing_spline_cv,Tuned smoothing spline,32,0.16,0.0,5,5,0,cv,,0,"1,2,3,4,6,8",0.0,0.0002307536220111,4,1.0,0.0015827062329901,0.9984197947676804,0.001,ok,,,,
burgers,baseline,Baseline,32,0.16,0.0,6,1,0,cv,,0,"1,2,3,4,6,8",,,0,1.0,0.0363096327247122,0.964962563718292,0.01,ok,,,,
burgers,linear_interp,Linear interpolation,32,0.16,0.0,6,5,0,cv,,0,"1,2,3,4,6,8",,,0,1.0,0.001881999509305,0.9981215357594738,0.003,ok,,,,
burgers,smoothing_spline_cv,Tuned smoothing spline,32,0.16,0.0,6,5,0,cv,,0,"1,2,3,4,6,8",0.0,0.0002307536220111,4,1.0,0.0015827062329901,0.9984197947676804,0.001,ok,,,,
burgers,baseline,Baseline,32,0.16,0.0,7,1,0,cv,,0,"1,2,3,4,6,8",,,0,1.0,0.0363096327247122,0.964962563718292,0.01,ok,,,,
burgers,linear_interp,Linear interpolation,32,0.16,0.0,7,5,0,cv,,0,"1,2,3,4,6,8",,,0,1.0,0.001881999509305,0.9981215357594738,0.003,ok,,,,
burgers,smoothing_spline_cv,Tuned smoothing spline,32,0.16,0.0,7,5,0,cv,,0,"1,2,3,4,6,8",0.0,0.0002307536220111,4,1.0,0.0015827062329901,0.9984197947676804,0.001,ok,,,,
burgers,baseline,Baseline,32,0.16,0.01,0,1,0,cv,,0,"1,2,3,4,6,8",,,0,0.6666666666666666,0.1995730696952641,0.5557532788194591,0.1,ok,,,,
burgers,linear_interp,Linear interpolation,32,0.16,0.01,0,5,0,cv,,0,"1,2,3,4,6,8",,,0,0.6666666666666666,0.1558975168843332,0.5767523996968476,0.1,ok,,,,
burgers,smoothing_spline_cv,Tuned smoothing spline,32,0.16,0.01,0,5,0,cv,,0,"1,2,3,4,6,8",3e-08,0.010513552722467,4,0.6666666666666666,0.15953362511503,0.5749437982883254,0.1,ok,,,,
burgers,baseline,Baseline,32,0.16,0.01,1,1,0,cv,,0,"1,2,3,4,6,8",,,0,0.6666666666666666,0.2038256599545234,0.5537900452228698,0.1,ok,,,,
burgers,linear_interp,Linear interpolation,32,0.16,0.01,1,5,0,cv,,0,"1,2,3,4,6,8",,,0,0.6666666666666666,0.1591414042084681,0.5751383431272624,0.1,ok,,,,
burgers,smoothing_spline_cv,Tuned smoothing spline,32,0.16,0.01,1,5,0,cv,,0,"1,2,3,4,6,8",0.0003,0.0145921949003425,4,0.6666666666666666,0.1658489021990603,0.5718293900772041,0.1,ok,,,,
burgers,baseline,Baseline,32,0.16,0.01,2,1,0,cv,,0,"1,2,3,4,6,8",,,0,0.6666666666666666,0.19467295768046,0.5580327757322355,0.1,ok,,,,
burgers,linear_interp,Linear interpolation,32,0.16,0.01,2,5,0,cv,,0,"1,2,3,4,6,8",,,0,0.6666666666666666,0.1516145243224785,0.5788974110576471,0.1,ok,,,,
burgers,smoothing_spline_cv,Tuned smoothing spline,32,0.16,0.01,2,5,0,cv,,0,"1,2,3,4,6,8",0.001,0.0089660447967655,4,0.6666666666666666,0.1584698824244746,0.5754717293741379,0.1,ok,,,,
burgers,baseline,Baseline,32,0.16,0.01,3,1,0,cv,,0,"1,2,3,4,6,8",,,0,0.6666666666666666,0.2034814228094769,0.5539484482530368,0.1,ok,,,,
burgers,linear_interp,Linear interpolation,32,0.16,0.01,3,5,0,cv,,0,"1,2,3,4,6,8",,,0,0.6666666666666666,0.1584659761147834,0.5754736698461413,0.1,ok,,,,
burgers,smoothing_spline_cv,Tuned smoothing spline,32,0.16,0.01,3,5,0,cv,,0,"1,2,3,4,6,8",0.0003,0.0153914345325711,4,0.4,0.5356748052413102,0.2604718125444178,0.0,ok,,,,
burgers,baseline,Baseline,32,0.16,0.01,4,1,0,cv,,0,"1,2,3,4,6,8",,,0,0.6666666666666666,0.2003409532907899,0.5553977516462879,0.1,ok,,,,
burgers,linear_interp,Linear interpolation,32,0.16,0.01,4,5,0,cv,,0,"1,2,3,4,6,8",,,0,0.6666666666666666,0.15599958736989,0.5767014745943422,0.1,ok,,,,
burgers,smoothing_spline_cv,Tuned smoothing spline,32,0.16,0.01,4,5,0,cv,,0,"1,2,3,4,6,8",1e-07,0.00870032086921,4,0.6666666666666666,0.3647023506429912,0.4885070113292916,0.3,ok,,,,
burgers,baseline,Baseline,32,0.16,0.01,5,1,0,cv,,0,"1,2,3,4,6,8",,,0,0.6666666666666666,0.2018371881066189,0.5547063056993078,0.1,ok,,,,
burgers,linear_interp,Linear interpolation,32,0.16,0.01,5,5,0,cv,,0,"1,2,3,4,6,8",,,0,0.6666666666666666,0.1563662277424708,0.576518624180312,0.1,ok,,,,
burgers,smoothing_spline_cv,Tuned smoothing spline,32,0.16,0.01,5,5,0,cv,,0,"1,2,3,4,6,8",0.0003,0.0073531087407538,4,0.6666666666666666,0.1662014213277242,0.5716565376053687,0.1,ok,,,,
burgers,baseline,Baseline,32,0.16,0.01,6,1,0,cv,,0,"1,2,3,4,6,8",,,0,0.6666666666666666,0.2047016786056425,0.5533873476778802,0.1,ok,,,,
burgers,linear_interp,Linear interpolation,32,0.16,0.01,6,5,0,cv,,0,"1,2,3,4,6,8",,,0,0.6666666666666666,0.1611194167124964,0.5741585723837217,0.1,ok,,,,
burgers,smoothing_spline_cv,Tuned smoothing spline,32,0.16,0.01,6,5,0,cv,,0,"1,2,3,4,6,8",0.001,0.0123228190017074,4,0.6666666666666666,0.1642798849342096,0.5726000039108623,0.1,ok,,,,
burgers,baseline,Baseline,32,0.16,0.01,7,1,0,cv,,0,"1,2,3,4,6,8",,,0,0.6666666666666666,0.1998244762565889,0.5556368284356423,0.1,ok,,,,
burgers,linear_interp,Linear interpolation,32,0.16,0.01,7,5,0,cv,,0,"1,2,3,4,6,8",,,0,0.6666666666666666,0.1558098260258407,0.5767961576853403,0.1,ok,,,,
burgers,smoothing_spline_cv,Tuned smoothing spline,32,0.16,0.01,7,5,0,cv,,0,"1,2,3,4,6,8",3e-08,0.0120528712564426,4,0.6666666666666666,0.1587000021104714,0.5753574397621396,0.1,ok,,,,
burgers,baseline,Baseline,32,0.16,0.03,0,1,0,cv,,0,"1,2,3,4,6,8",,,0,0.6666666666666666,0.3170770659356979,0.506171342519766,0.1,ok,,,,
burgers,linear_interp,Linear interpolation,32,0.16,0.03,0,5,0,cv,,0,"1,2,3,4,6,8",,,0,0.6666666666666666,0.2431869700488622,0.5362561567392103,0.1,ok,,,,
burgers,smoothing_spline_cv,Tuned smoothing spline,32,0.16,0.03,0,5,0,cv,,0,"1,2,3,4,6,8",0.01,0.0610544684341699,4,0.6666666666666666,0.2276583955148017,0.5430392274449515,0.1,ok,,,,
burgers,baseline,Baseline,32,0.16,0.03,1,1,0,cv,,0,"1,2,3,4,6,8",,,0,0.6666666666666666,0.2952303424333828,0.514708963205867,0.1,ok,,,,
burgers,linear_interp,Linear interpolation,32,0.16,0.03,1,5,0,cv,,0,"1,2,3,4,6,8",,,0,0.6666666666666666,0.2255641754439427,0.543967162246054,0.1,ok,,,,
burgers,smoothing_spline_cv,Tuned smoothing spline,32,0.16,0.03,1,5,0,cv,,0,"1,2,3,4,6,8",10.0,0.0785889934836387,4,0.6666666666666666,0.1753470473695414,0.567208356169086,0.1,ok,,,,
burgers,baseline,Baseline,32,0.16,0.03,2,1,0,cv,,0,"1,2,3,4,6,8",,,0,0.6666666666666666,0.3201165274611806,0.5050059239458091,0.1,ok,,,,
burgers,linear_interp,Linear interpolation,32,0.16,0.03,2,5,0,cv,,0,"1,2,3,4,6,8",,,0,0.6666666666666666,0.2449005295406834,0.5355180199920382,0.1,ok,,,,
burgers,smoothing_spline_cv,Tuned smoothing spline,32,0.16,0.03,2,5,0,cv,,0,"1,2,3,4,6,8",10.0,0.0526674574319952,4,0.6666666666666666,0.1917586443592066,0.5593973828695196,0.1,ok,,,,
burgers,baseline,Baseline,32,0.16,0.03,3,1,0,cv,,0,"1,2,3,4,6,8",,,0,0.6666666666666666,0.3212814098984155,0.5045606951496594,0.1,ok,,,,
burgers,linear_interp,Linear interpolation,32,0.16,0.03,3,5,0,cv,,0,"1,2,3,4,6,8",,,0,0.6666666666666666,0.2538480719242443,0.5316965281475869,0.1,ok,,,,
burgers,smoothing_spline_cv,Tuned smoothing spline,32,0.16,0.03,3,5,0,cv,,0,"1,2,3,4,6,8",0.003,0.0417210107444157,4,0.6666666666666666,0.2340416895390352,0.5402302631410237,0.1,ok,,,,
burgers,baseline,Baseline,32,0.16,0.03,4,1,0,cv,,0,"1,2,3,4,6,8",,,0,0.6666666666666666,0.3096812368070097,0.5090297149648364,0.1,ok,,,,
burgers,linear_interp,Linear interpolation,32,0.16,0.03,4,5,0,cv,,0,"1,2,3,4,6,8",,,0,0.6666666666666666,0.2406615905721417,0.5373477116827866,0.1,ok,,,,
burgers,smoothing_spline_cv,Tuned smoothing spline,32,0.16,0.03,4,5,0,cv,,0,"1,2,3,4,6,8",10.0,0.0808234245933782,4,0.6666666666666666,0.1922829275204524,0.5591513987817548,0.1,ok,,,,
burgers,baseline,Baseline,32,0.16,0.03,5,1,0,cv,,0,"1,2,3,4,6,8",,,0,0.6666666666666666,0.3092831203910108,0.5091844966790452,0.1,ok,,,,
burgers,linear_interp,Linear interpolation,32,0.16,0.03,5,5,0,cv,,0,"1,2,3,4,6,8",,,0,0.6666666666666666,0.2408710038114442,0.5372570272163194,0.1,ok,,,,
burgers,smoothing_spline_cv,Tuned smoothing spline,32,0.16,0.03,5,5,0,cv,,0,"1,2,3,4,6,8",0.003,0.0496837127778998,4,0.6666666666666666,0.238927452332459,0.5380998422559536,0.1,ok,,,,
burgers,baseline,Baseline,32,0.16,0.03,6,1,0,cv,,0,"1,2,3,4,6,8",,,0,0.6666666666666666,0.3292531160071181,0.5015347781686875,0.1,ok,,,,
burgers,linear_interp,Linear interpolation,32,0.16,0.03,6,5,0,cv,,0,"1,2,3,4,6,8",,,0,0.6666666666666666,0.2547479601336863,0.5313152026129909,0.1,ok,,,,
burgers,smoothing_spline_cv,Tuned smoothing spline,32,0.16,0.03,6,5,0,cv,,0,"1,2,3,4,6,8",3e-05,0.0625652949627551,4,0.4444444444444444,0.9621295423538608,0.2265112648532208,0.001,ok,,,,
burgers,baseline,Baseline,32,0.16,0.03,7,1,0,cv,,0,"1,2,3,4,6,8",,,0,0.6666666666666666,0.3256179992252452,0.5029100895252618,0.1,ok,,,,
burgers,linear_interp,Linear interpolation,32,0.16,0.03,7,5,0,cv,,0,"1,2,3,4,6,8",,,0,0.6666666666666666,0.2484015068949961,0.5340162303430641,0.1,ok,,,,
burgers,smoothing_spline_cv,Tuned smoothing spline,32,0.16,0.03,7,5,0,cv,,0,"1,2,3,4,6,8",10.0,0.0709059959069667,4,0.6666666666666666,0.1780983509142381,0.5658837109391709,0.1,ok,,,,
burgers,baseline,Baseline,32,0.16,0.05,0,1,0,cv,,0,"1,2,3,4,6,8",,,0,0.6666666666666666,0.4457937152342723,0.4611077359391079,0.1,ok,,,,
burgers,linear_interp,Linear interpolation,32,0.16,0.05,0,5,0,cv,,0,"1,2,3,4,6,8",,,0,0.6666666666666666,0.3553346485781303,0.4918834380616335,0.1,ok,,,,
burgers,smoothing_spline_cv,Tuned smoothing spline,32,0.16,0.05,0,5,0,cv,,0,"1,2,3,4,6,8",10.0,0.0824127077780377,4,0.6666666666666666,0.2386081269446812,0.5382385697009409,0.1,ok,,,,
burgers,baseline,Baseline,32,0.16,0.05,1,1,0,cv,,0,"1,2,3,4,6,8",,,0,0.6666666666666666,0.4634921589227985,0.4555314236581669,0.1,ok,,,,
burgers,linear_interp,Linear interpolation,32,0.16,0.05,1,5,0,cv,,0,"1,2,3,4,6,8",,,0,0.6666666666666666,0.3745272663203497,0.4850152361483181,0.1,ok,,,,
burgers,smoothing_spline_cv,Tuned smoothing spline,32,0.16,0.05,1,5,0,cv,,0,"1,2,3,4,6,8",10.0,0.1049224860518889,4,0.6666666666666666,0.2460623569085737,0.5350187034946128,0.1,ok,,,,
burgers,baseline,Baseline,32,0.16,0.05,2,1,0,cv,,0,"1,2,3,4,6,8",,,0,0.6666666666666666,0.48931047006243,0.4476344456496843,0.1,ok,,,,
burgers,linear_interp,Linear interpolation,32,0.16,0.05,2,5,0,cv,,0,"1,2,3,4,6,8",,,0,0.6666666666666666,0.3948829653989222,0.4779373490133681,0.1,ok,,,,
burgers,smoothing_spline_cv,Tuned smoothing spline,32,0.16,0.05,2,5,0,cv,,0,"1,2,3,4,6,8",10.0,0.1091120194726249,4,0.6666666666666666,0.2506096491212746,0.5330733431771391,0.1,ok,,,,
burgers,baseline,Baseline,32,0.16,0.05,3,1,0,cv,,0,"1,2,3,4,6,8",,,0,0.6666666666666666,0.4594670755081463,0.4567877397539452,0.1,ok,,,,
burgers,linear_interp,Linear interpolation,32,0.16,0.05,3,5,0,cv,,0,"1,2,3,4,6,8",,,0,0.6666666666666666,0.3607513010429758,0.489925430279351,0.1,ok,,,,
burgers,smoothing_spline_cv,Tuned smoothing spline,32,0.16,0.05,3,5,0,cv,,0,"1,2,3,4,6,8",0.01,0.0903467047468981,4,0.6666666666666666,0.3302053752738133,0.5011757425273057,0.1,ok,,,,
burgers,baseline,Baseline,32,0.16,0.05,4,1,0,cv,,0,"1,2,3,4,6,8",,,0,0.6666666666666666,0.4837548557175735,0.4493105206009609,0.1,ok,,,,
burgers,linear_interp,Linear interpolation,32,0.16,0.05,4,5,0,cv,,0,"1,2,3,4,6,8",,,0,0.6666666666666666,0.3930305036213939,0.4785729134671248,0.1,ok,,,,
burgers,smoothing_spline_cv,Tuned smoothing spline,32,0.16,0.05,4,5,0,cv,,0,"1,2,3,4,6,8",10.0,0.0950684626354551,4,0.6666666666666666,0.2697811442221473,0.52502485936272,0.1,ok,,,,
burgers,baseline,Baseline,32,0.16,0.05,5,1,0,cv,,0,"1,2,3,4,6,8",,,0,0.6666666666666666,0.5042591324610368,0.4431860523764741,0.1,ok,,,,
burgers,linear_interp,Linear interpolation,32,0.16,0.05,5,5,0,cv,,0,"1,2,3,4,6,8",,,0,0.6666666666666666,0.4065340584258097,0.4739783318242565,0.1,ok,,,,
burgers,smoothing_spline_cv,Tuned smoothing spline,32,0.16,0.05,5,5,0,cv,,0,"1,2,3,4,6,8",10.0,0.11494663233314,4,0.6666666666666666,0.2525580421118111,0.5322441310126177,0.1,ok,,,,
burgers,baseline,Baseline,32,0.16,0.05,6,1,0,cv,,0,"1,2,3,4,6,8",,,0,0.6666666666666666,0.4873558763647136,0.448222699933848,0.1,ok,,,,
burgers,linear_interp,Linear interpolation,32,0.16,0.05,6,5,0,cv,,0,"1,2,3,4,6,8",,,0,0.6666666666666666,0.3902666225049453,0.4795243271146684,0.1,ok,,,,
burgers,smoothing_spline_cv,Tuned smoothing spline,32,0.16,0.05,6,5,0,cv,,0,"1,2,3,4,6,8",10.0,0.1256656856935521,4,0.6666666666666666,0.2415549254389276,0.536961074380966,0.1,ok,,,,
burgers,baseline,Baseline,32,0.16,0.05,7,1,0,cv,,0,"1,2,3,4,6,8",,,0,0.6666666666666666,0.5131880260089501,0.4405709371260406,0.1,ok,,,,
burgers,linear_interp,Linear interpolation,32,0.16,0.05,7,5,0,cv,,0,"1,2,3,4,6,8",,,0,0.6666666666666666,0.41634232592178,0.4706959994525253,0.1,ok,,,,
burgers,smoothing_spline_cv,Tuned smoothing spline,32,0.16,0.05,7,5,0,cv,,0,"1,2,3,4,6,8",10.0,0.1260481502456794,4,0.6666666666666666,0.2882356813627538,0.5175036496128074,0.1,ok,,,,
burgers,baseline,Baseline,32,0.16,0.1,0,1,0,cv,,0,"1,2,3,4,6,8",,,0,0.6666666666666666,0.7176240576069607,0.3881330514172491,0.1,ok,,,,
burgers,linear_interp,Linear interpolation,32,0.16,0.1,0,5,0,cv,,0,"1,2,3,4,6,8",,,0,0.6666666666666666,0.6276481116557555,0.409588941179975,0.1,ok,,,,
burgers,smoothing_spline_cv,Tuned smoothing spline,32,0.16,0.1,0,5,0,cv,,0,"1,2,3,4,6,8",10.0,0.2456476467417153,4,0.6666666666666666,0.4104730357333583,0.472654669587527,0.1,ok,,,,
burgers,baseline,Baseline,32,0.16,0.1,1,1,0,cv,,0,"1,2,3,4,6,8",,,0,0.6666666666666666,0.748195145794253,0.3813456800120456,0.1,ok,,,,
burgers,linear_interp,Linear interpolation,32,0.16,0.1,1,5,0,cv,,0,"1,2,3,4,6,8",,,0,0.6666666666666666,0.6692356970901934,0.3993843816237563,0.1,ok,,,,
burgers,smoothing_spline_cv,Tuned smoothing spline,32,0.16,0.1,1,5,0,cv,,0,"1,2,3,4,6,8",10.0,0.2002826861493142,4,0.6666666666666666,0.4529411318941936,0.4588394202850709,0.1,ok,,,,
burgers,baseline,Baseline,32,0.16,0.1,2,1,0,cv,,0,"1,2,3,4,6,8",,,0,0.6666666666666666,0.7101159934704909,0.3898371041567423,0.1,ok,,,,
burgers,linear_interp,Linear interpolation,32,0.16,0.1,2,5,0,cv,,0,"1,2,3,4,6,8",,,0,0.6666666666666666,0.6407174102671068,0.4063263195080828,0.3,ok,,,,
burgers,smoothing_spline_cv,Tuned smoothing spline,32,0.16,0.1,2,5,0,cv,,0,"1,2,3,4,6,8",0.3,0.1986713400864177,4,0.6666666666666666,0.4821138204591754,0.4498080089828228,0.3,ok,,,,
burgers,baseline,Baseline,32,0.16,0.1,3,1,0,cv,,0,"1,2,3,4,6,8",,,0,0.6666666666666666,0.7683980325513989,0.3769890343662151,0.1,ok,,,,
burgers,linear_interp,Linear interpolation,32,0.16,0.1,3,5,0,cv,,0,"1,2,3,4,6,8",,,0,0.6666666666666666,0.686069410113797,0.3953969288972935,0.1,ok,,,,
burgers,smoothing_spline_cv,Tuned smoothing spline,32,0.16,0.1,3,5,0,cv,,0,"1,2,3,4,6,8",10.0,0.1980199170491321,4,0.6666666666666666,0.4761632001852954,0.4516212479643059,0.1,ok,,,,
burgers,baseline,Baseline,32,0.16,0.1,4,1,0,cv,,0,"1,2,3,4,6,8",,,0,0.6666666666666666,0.7704116503340303,0.3765602573508167,0.1,ok,,,,
burgers,linear_interp,Linear interpolation,32,0.16,0.1,4,5,0,cv,,0,"1,2,3,4,6,8",,,0,0.6666666666666666,0.6963890668297155,0.3929916077050425,0.1,ok,,,,
burgers,smoothing_spline_cv,Tuned smoothing spline,32,0.16,0.1,4,5,0,cv,,0,"1,2,3,4,6,8",10.0,0.2121411157580638,4,0.6666666666666666,0.4872998824345016,0.4482395746414144,0.1,ok,,,,
burgers,baseline,Baseline,32,0.16,0.1,5,1,0,cv,,0,"1,2,3,4,6,8",,,0,0.6666666666666666,0.7279540028097585,0.3858127389864695,0.1,ok,,,,
burgers,linear_interp,Linear interpolation,32,0.16,0.1,5,5,0,cv,,0,"1,2,3,4,6,8",,,0,0.6666666666666666,0.6350338106805286,0.4077387649795381,0.1,ok,,,,
burgers,smoothing_spline_cv,Tuned smoothing spline,32,0.16,0.1,5,5,0,cv,,0,"1,2,3,4,6,8",0.3,0.2051893028717501,4,0.6666666666666666,0.4372492505390065,0.4638490271723217,0.1,ok,,,,
burgers,baseline,Baseline,32,0.16,0.1,6,1,0,cv,,0,"1,2,3,4,6,8",,,0,0.5,0.7471726403570114,0.2861766424512186,0.03,ok,,,,
burgers,linear_interp,Linear interpolation,32,0.16,0.1,6,5,0,cv,,0,"1,2,3,4,6,8",,,0,0.6666666666666666,0.6546792010657575,0.4028978343580285,0.3,ok,,,,
burgers,smoothing_spline_cv,Tuned smoothing spline,32,0.16,0.1,6,5,0,cv,,0,"1,2,3,4,6,8",10.0,0.2081220366694797,4,0.6666666666666666,0.4639545540770806,0.4553875424684563,0.3,ok,,,,
burgers,baseline,Baseline,32,0.16,0.1,7,1,0,cv,,0,"1,2,3,4,6,8",,,0,0.6666666666666666,0.7366488350114992,0.3838811009033109,0.1,ok,,,,
burgers,linear_interp,Linear interpolation,32,0.16,0.1,7,5,0,cv,,0,"1,2,3,4,6,8",,,0,0.6666666666666666,0.6570711244580767,0.402316265624803,0.1,ok,,,,
burgers,smoothing_spline_cv,Tuned smoothing spline,32,0.16,0.1,7,5,0,cv,,0,"1,2,3,4,6,8",10.0,0.2060890757450287,4,0.6666666666666666,0.4931269236396583,0.4464902856627851,0.3,ok,,,,
fisher_kpp,baseline,Baseline,4,0.02,0.0,0,1,0,cv,,0,"1,2,3,4,6,8",,,0,1.0,0.0001250642940571,0.9998749513450648,0.003,ok,,,,
fisher_kpp,linear_interp,Linear interpolation,4,0.02,0.0,0,5,0,cv,,0,"1,2,3,4,6,8",,,0,1.0,1.3985639786701776e-05,0.9999860145558088,0.0001,ok,,,,
fisher_kpp,smoothing_spline_cv,Tuned smoothing spline,4,0.02,0.0,0,5,0,cv,,0,"1,2,3,4,6,8",0.0,1.0868803522645997e-12,4,1.0,2.28403050018102e-05,0.9999771602166658,0.0001,ok,,,,
fisher_kpp,baseline,Baseline,4,0.02,0.0,1,1,0,cv,,0,"1,2,3,4,6,8",,,0,1.0,0.0001250642940571,0.9998749513450648,0.003,ok,,,,
fisher_kpp,linear_interp,Linear interpolation,4,0.02,0.0,1,5,0,cv,,0,"1,2,3,4,6,8",,,0,1.0,1.506649827071835e-05,0.9999849337287252,0.0001,ok,,,,
fisher_kpp,smoothing_spline_cv,Tuned smoothing spline,4,0.02,0.0,1,5,0,cv,,0,"1,2,3,4,6,8",0.0,1.0868803522645997e-12,4,1.0,1.8825738671155235e-05,0.9999811746157308,0.0001,ok,,,,
fisher_kpp,baseline,Baseline,4,0.02,0.0,2,1,0,cv,,0,"1,2,3,4,6,8",,,0,1.0,0.0001250642940571,0.9998749513450648,0.003,ok,,,,
fisher_kpp,linear_interp,Linear interpolation,4,0.02,0.0,2,5,0,cv,,0,"1,2,3,4,6,8",,,0,1.0,9.337669607902814e-06,0.9999906624175832,0.0001,ok,,,,
fisher_kpp,smoothing_spline_cv,Tuned smoothing spline,4,0.02,0.0,2,5,0,cv,,0,"1,2,3,4,6,8",0.0,1.0868803522645997e-12,4,1.0,2.0446693336534944e-05,0.9999795537247222,0.0001,ok,,,,
fisher_kpp,baseline,Baseline,4,0.02,0.0,3,1,0,cv,,0,"1,2,3,4,6,8",,,0,1.0,0.0001250642940571,0.9998749513450648,0.003,ok,,,,
fisher_kpp,linear_interp,Linear interpolation,4,0.02,0.0,3,5,0,cv,,0,"1,2,3,4,6,8",,,0,1.0,1.2370876632595675e-05,0.999987629276404,0.0001,ok,,,,
fisher_kpp,smoothing_spline_cv,Tuned smoothing spline,4,0.02,0.0,3,5,0,cv,,0,"1,2,3,4,6,8",0.0,1.0868803522645997e-12,4,1.0,2.249726037651582e-05,0.9999775032457388,0.0001,ok,,,,
fisher_kpp,baseline,Baseline,4,0.02,0.0,4,1,0,cv,,0,"1,2,3,4,6,8",,,0,1.0,0.0001250642940571,0.9998749513450648,0.003,ok,,,,
fisher_kpp,linear_interp,Linear interpolation,4,0.02,0.0,4,5,0,cv,,0,"1,2,3,4,6,8",,,0,1.0,1.4484326100945964e-05,0.9999855158836916,0.0001,ok,,,,
fisher_kpp,smoothing_spline_cv,Tuned smoothing spline,4,0.02,0.0,4,5,0,cv,,0,"1,2,3,4,6,8",0.0,1.0868803522645997e-12,4,1.0,2.022707455726875e-05,0.999979773334569,0.0001,ok,,,,
fisher_kpp,baseline,Baseline,4,0.02,0.0,5,1,0,cv,,0,"1,2,3,4,6,8",,,0,1.0,0.0001250642940571,0.9998749513450648,0.003,ok,,,,
fisher_kpp,linear_interp,Linear interpolation,4,0.02,0.0,5,5,0,cv,,0,"1,2,3,4,6,8",,,0,1.0,1.1761774408710314e-05,0.999988238363929,0.0001,ok,,,,
fisher_kpp,smoothing_spline_cv,Tuned smoothing spline,4,0.02,0.0,5,5,0,cv,,0,"1,2,3,4,6,8",0.0,1.0868803522645997e-12,4,1.0,2.1470882912205297e-05,0.9999785295780766,0.0001,ok,,,,
fisher_kpp,baseline,Baseline,4,0.02,0.0,6,1,0,cv,,0,"1,2,3,4,6,8",,,0,1.0,0.0001250642940571,0.9998749513450648,0.003,ok,,,,
fisher_kpp,linear_interp,Linear interpolation,4,0.02,0.0,6,5,0,cv,,0,"1,2,3,4,6,8",,,0,1.0,1.4022796888204593e-05,0.999985977399748,0.0001,ok,,,,
fisher_kpp,smoothing_spline_cv,Tuned smoothing spline,4,0.02,0.0,6,5,0,cv,,0,"1,2,3,4,6,8",0.0,1.0868803522645997e-12,4,1.0,1.886161957086455e-05,0.9999811387361832,0.0001,ok,,,,
fisher_kpp,baseline,Baseline,4,0.02,0.0,7,1,0,cv,,0,"1,2,3,4,6,8",,,0,1.0,0.0001250642940571,0.9998749513450648,0.003,ok,,,,
fisher_kpp,linear_interp,Linear interpolation,4,0.02,0.0,7,5,0,cv,,0,"1,2,3,4,6,8",,,0,1.0,1.1942966067065373e-05,0.9999880571765656,0.0001,ok,,,,
fisher_kpp,smoothing_spline_cv,Tuned smoothing spline,4,0.02,0.0,7,5,0,cv,,0,"1,2,3,4,6,8",0.0,1.0868803522645997e-12,4,1.0,1.6704621509394966e-05,0.9999832956575304,0.0001,ok,,,,
fisher_kpp,baseline,Baseline,4,0.02,0.01,0,1,0,cv,,0,"1,2,3,4,6,8",,,0,0.8,0.0416575287701404,0.7680067372474526,0.1,ok,,,,
fisher_kpp,linear_interp,Linear interpolation,4,0.02,0.01,0,5,0,cv,,0,"1,2,3,4,6,8",,,0,0.8,0.0425960684311578,0.767315381501291,0.03,ok,,,,
fisher_kpp,smoothing_spline_cv,Tuned smoothing spline,4,0.02,0.01,0,5,0,cv,,0,"1,2,3,4,6,8",10.0,0.0004646947659641,4,1.0,0.022448953891318,0.9780439367599918,0.01,ok,,,,
fisher_kpp,baseline,Baseline,4,0.02,0.01,1,1,0,cv,,0,"1,2,3,4,6,8",,,0,0.8,0.0432390138354617,0.7668424870910503,0.03,ok,,,,
fisher_kpp,linear_interp,Linear interpolation,4,0.02,0.01,1,5,0,cv,,0,"1,2,3,4,6,8",,,0,0.8,0.0459571886316003,0.7648496599049336,0.1,ok,,,,
fisher_kpp,smoothing_spline_cv,Tuned smoothing spline,4,0.02,0.01,1,5,0,cv,,0,"1,2,3,4,6,8",10.0,0.0004827408085483,4,1.0,0.0212199390561575,0.9792209902640858,0.01,ok,,,,
fisher_kpp,baseline,Baseline,4,0.02,0.01,2,1,0,cv,,0,"1,2,3,4,6,8",,,0,0.8,0.0403296307738639,0.7689870367384506,0.03,ok,,,,
fisher_kpp,linear_interp,Linear interpolation,4,0.02,0.01,2,5,0,cv,,0,"1,2,3,4,6,8",,,0,0.8,0.0442601514023504,0.7660926244534657,0.03,ok,,,,
fisher_kpp,smoothing_spline_cv,Tuned smoothing spline,4,0.02,0.01,2,5,0,cv,,0,"1,2,3,4,6,8",10.0,0.0004711996995769,4,1.0,0.020790058225227,0.9796333652961188,0.01,ok,,,,
fisher_kpp,baseline,Baseline,4,0.02,0.01,3,1,0,cv,,0,"1,2,3,4,6,8",,,0,0.8,0.0400599984786696,0.7691863942178208,0.03,ok,,,,
fisher_kpp,linear_interp,Linear interpolation,4,0.02,0.01,3,5,0,cv,,0,"1,2,3,4,6,8",,,0,0.8,0.0400296706415165,0.769208824116085,0.03,ok,,,,
fisher_kpp,smoothing_spline_cv,Tuned smoothing spline,4,0.02,0.01,3,5,0,cv,,0,"1,2,3,4,6,8",10.0,0.0004713329543925,4,1.0,0.0208770616503691,0.9795498768317716,0.01,ok,,,,
fisher_kpp,baseline,Baseline,4,0.02,0.01,4,1,0,cv,,0,"1,2,3,4,6,8",,,0,0.8,0.0422361039775517,0.7675803946408201,0.1,ok,,,,
fisher_kpp,linear_interp,Linear interpolation,4,0.02,0.01,4,5,0,cv,,0,"1,2,3,4,6,8",,,0,0.8,0.0463544469722519,0.7645592775133636,0.03,ok,,,,
fisher_kpp,smoothing_spline_cv,Tuned smoothing spline,4,0.02,0.01,4,5,0,cv,,0,"1,2,3,4,6,8",10.0,0.0004787904406817,4,0.8571428571428571,0.0217928088999329,0.8388617043269871,0.01,ok,,,,
fisher_kpp,baseline,Baseline,4,0.02,0.01,5,1,0,cv,,0,"1,2,3,4,6,8",,,0,0.8,0.0404786050012058,0.7688769342826351,0.03,ok,,,,
fisher_kpp,linear_interp,Linear interpolation,4,0.02,0.01,5,5,0,cv,,0,"1,2,3,4,6,8",,,0,0.8,0.0395775256393776,0.7695433772560359,0.03,ok,,,,
fisher_kpp,smoothing_spline_cv,Tuned smoothing spline,4,0.02,0.01,5,5,0,cv,,0,"1,2,3,4,6,8",10.0,0.0004699728009049,4,1.0,0.0222298620601526,0.9782535583382864,0.01,ok,,,,
fisher_kpp,baseline,Baseline,4,0.02,0.01,6,1,0,cv,,0,"1,2,3,4,6,8",,,0,0.8,0.0412356211412496,0.7683179328067526,0.03,ok,,,,
fisher_kpp,linear_interp,Linear interpolation,4,0.02,0.01,6,5,0,cv,,0,"1,2,3,4,6,8",,,0,0.8,0.041989833041024,0.7677618097915773,0.03,ok,,,,
fisher_kpp,smoothing_spline_cv,Tuned smoothing spline,4,0.02,0.01,6,5,0,cv,,0,"1,2,3,4,6,8",10.0,0.0004907237840412,4,1.0,0.0210159507966761,0.9794166283295792,0.01,ok,,,,
fisher_kpp,baseline,Baseline,4,0.02,0.01,7,1,0,cv,,0,"1,2,3,4,6,8",,,0,0.8,0.0428241580615989,0.767147551977545,0.03,ok,,,,
fisher_kpp,linear_interp,Linear interpolation,4,0.02,0.01,7,5,0,cv,,0,"1,2,3,4,6,8",,,0,0.8,0.0404034558416202,0.7689324708680931,0.03,ok,,,,
fisher_kpp,smoothing_spline_cv,Tuned smoothing spline,4,0.02,0.01,7,5,0,cv,,0,"1,2,3,4,6,8",10.0,0.0004574548764105,4,1.0,0.0232481098218528,0.9772800852513664,0.01,ok,,,,
fisher_kpp,baseline,Baseline,4,0.02,0.03,0,1,0,cv,,0,"1,2,3,4,6,8",,,0,0.8,0.0351079449569864,0.7728662540922182,0.1,ok,,,,
fisher_kpp,linear_interp,Linear interpolation,4,0.02,0.03,0,5,0,cv,,0,"1,2,3,4,6,8",,,0,0.8,0.0286820764610726,0.7776941178485417,0.1,ok,,,,
fisher_kpp,smoothing_spline_cv,Tuned smoothing spline,4,0.02,0.03,0,5,0,cv,,0,"1,2,3,4,6,8",10.0,0.0041773788019596,4,0.8,0.044449355044753,0.7659538455703496,0.03,ok,,,,
fisher_kpp,baseline,Baseline,4,0.02,0.03,1,1,0,cv,,0,"1,2,3,4,6,8",,,0,0.8,0.0437089566653851,0.7664972068036793,0.3,ok,,,,
fisher_kpp,linear_interp,Linear interpolation,4,0.02,0.03,1,5,0,cv,,0,"1,2,3,4,6,8",,,0,0.8,0.0385709474092066,0.7702892151909894,0.3,ok,,,,
fisher_kpp,smoothing_spline_cv,Tuned smoothing spline,4,0.02,0.03,1,5,0,cv,,0,"1,2,3,4,6,8",10.0,0.0042704532994022,4,0.8,0.0463634866528623,0.7645526723787572,0.03,ok,,,,
fisher_kpp,baseline,Baseline,4,0.02,0.03,2,1,0,cv,,0,"1,2,3,4,6,8",,,0,0.8,0.0395901765075603,0.7695340126121152,0.1,ok,,,,
fisher_kpp,linear_interp,Linear interpolation,4,0.02,0.03,2,5,0,cv,,0,"1,2,3,4,6,8",,,0,0.8,0.0432894932050589,0.7668053835588275,0.1,ok,,,,
fisher_kpp,smoothing_spline_cv,Tuned smoothing spline,4,0.02,0.03,2,5,0,cv,,0,"1,2,3,4,6,8",10.0,0.0040870282287055,4,0.8,0.0466684191021304,0.7643299304724113,0.03,ok,,,,
fisher_kpp,baseline,Baseline,4,0.02,0.03,3,1,0,cv,,0,"1,2,3,4,6,8",,,0,0.8,0.0366067461318049,0.7717487880387378,0.3,ok,,,,
fisher_kpp,linear_interp,Linear interpolation,4,0.02,0.03,3,5,0,cv,,0,"1,2,3,4,6,8",,,0,0.8,0.0370833100241296,0.7713941515280837,0.3,ok,,,,
fisher_kpp,smoothing_spline_cv,Tuned smoothing spline,4,0.02,0.03,3,5,0,cv,,0,"1,2,3,4,6,8",10.0,0.0042693469621773,4,0.8,0.0448803236133498,0.7656379222775316,0.03,ok,,,,
fisher_kpp,baseline,Baseline,4,0.02,0.03,4,1,0,cv,,0,"1,2,3,4,6,8",,,0,0.8,0.0407072010100808,0.7687080470122074,0.1,ok,,,,
fisher_kpp,linear_interp,Linear interpolation,4,0.02,0.03,4,5,0,cv,,0,"1,2,3,4,6,8",,,0,0.8,0.0345626123020653,0.7732736428778086,0.1,ok,,,,
fisher_kpp,smoothing_spline_cv,Tuned smoothing spline,4,0.02,0.03,4,5,0,cv,,0,"1,2,3,4,6,8",10.0,0.0042748549716298,4,0.8,0.0486053489538127,0.7629180995482764,0.03,ok,,,,
fisher_kpp,baseline,Baseline,4,0.02,0.03,5,1,0,cv,,0,"1,2,3,4,6,8",,,0,0.8,0.0415772933373234,0.7680658988222714,0.1,ok,,,,
fisher_kpp,linear_interp,Linear interpolation,4,0.02,0.03,5,5,0,cv,,0,"1,2,3,4,6,8",,,0,0.8,0.0506201014165993,0.7614550672705798,0.1,ok,,,,
fisher_kpp,smoothing_spline_cv,Tuned smoothing spline,4,0.02,0.03,5,5,0,cv,,0,"1,2,3,4,6,8",10.0,0.0040574092018616,4,0.8,0.0426919685531798,0.7672448087521622,0.03,ok,,,,
fisher_kpp,baseline,Baseline,4,0.02,0.03,6,1,0,cv,,0,"1,2,3,4,6,8",,,0,0.8,0.0394584887253144,0.7696315039776511,0.03,ok,,,,
fisher_kpp,linear_interp,Linear interpolation,4,0.02,0.03,6,5,0,cv,,0,"1,2,3,4,6,8",,,0,0.8,0.0411333427916032,0.7683934104491846,0.1,ok,,,,
fisher_kpp,smoothing_spline_cv,Tuned smoothing spline,4,0.02,0.03,6,5,0,cv,,0,"1,2,3,4,6,8",10.0,0.0043472803766811,4,0.8,0.0455430467313894,0.7651526185373104,0.03,ok,,,,
fisher_kpp,baseline,Baseline,4,0.02,0.03,7,1,0,cv,,0,"1,2,3,4,6,8",,,0,0.8,0.0416502115818375,0.7680121321965937,0.3,ok,,,,
fisher_kpp,linear_interp,Linear interpolation,4,0.02,0.03,7,5,0,cv,,0,"1,2,3,4,6,8",,,0,0.8,0.031887318654434,0.7752784490492513,0.1,ok,,,,
fisher_kpp,smoothing_spline_cv,Tuned smoothing spline,4,0.02,0.03,7,5,0,cv,,0,"1,2,3,4,6,8",0.01,0.0041004822816551,4,0.8,0.0481401212474159,0.7632567285449405,0.03,ok,,,,
fisher_kpp,baseline,Baseline,4,0.02,0.05,0,1,0,cv,,0,"1,2,3,4,6,8",,,0,0.8,0.0404471678160014,0.7689001659539109,0.1,ok,,,,
fisher_kpp,linear_interp,Linear interpolation,4,0.02,0.05,0,5,0,cv,,0,"1,2,3,4,6,8",,,0,0.8,0.034480742731587,0.7733348403253681,0.3,ok,,,,
fisher_kpp,smoothing_spline_cv,Tuned smoothing spline,4,0.02,0.05,0,5,0,cv,,0,"1,2,3,4,6,8",0.03,0.0113530666357645,4,0.8,0.0509663316888899,0.7612042135682976,0.03,ok,,,,
fisher_kpp,baseline,Baseline,4,0.02,0.05,1,1,0,cv,,0,"1,2,3,4,6,8",,,0,0.8,0.0442784977240407,0.7660791654176209,0.3,ok,,,,
fisher_kpp,linear_interp,Linear interpolation,4,0.02,0.05,1,5,0,cv,,0,"1,2,3,4,6,8",,,0,0.8,0.0497481963377817,0.7620875204081616,0.3,ok,,,,
fisher_kpp,smoothing_spline_cv,Tuned smoothing spline,4,0.02,0.05,1,5,0,cv,,0,"1,2,3,4,6,8",10.0,0.0112947269585133,4,0.8,0.0508804199152292,0.7612664436782761,0.03,ok,,,,
fisher_kpp,baseline,Baseline,4,0.02,0.05,2,1,0,cv,,0,"1,2,3,4,6,8",,,0,0.8,0.0382397817714225,0.7705349130766855,0.3,ok,,,,
fisher_kpp,linear_interp,Linear interpolation,4,0.02,0.05,2,5,0,cv,,0,"1,2,3,4,6,8",,,0,0.8,0.0527896565277578,0.7598858851240123,0.1,ok,,,,
fisher_kpp,smoothing_spline_cv,Tuned smoothing spline,4,0.02,0.05,2,5,0,cv,,0,"1,2,3,4,6,8",10.0,0.0116278086732268,4,0.8,0.049809937846492,0.7620427004540128,0.03,ok,,,,
fisher_kpp,baseline,Baseline,4,0.02,0.05,3,1,0,cv,,0,"1,2,3,4,6,8",,,0,0.8,0.0345422584259117,0.7732888564815369,0.3,ok,,,,
fisher_kpp,linear_interp,Linear interpolation,4,0.02,0.05,3,5,0,cv,,0,"1,2,3,4,6,8",,,0,0.8,0.0217636319431598,0.7829599478683575,0.3,ok,,,,
fisher_kpp,smoothing_spline_cv,Tuned smoothing spline,4,0.02,0.05,3,5,0,cv,,0,"1,2,3,4,6,8",10.0,0.0115947827702257,4,0.8,0.0478731782481897,0.7634511662350417,0.03,ok,,,,
fisher_kpp,baseline,Baseline,4,0.02,0.05,4,1,0,cv,,0,"1,2,3,4,6,8",,,0,0.8,0.0465225718446435,0.7644364503193536,0.3,ok,,,,
fisher_kpp,linear_interp,Linear interpolation,4,0.02,0.05,4,5,0,cv,,0,"1,2,3,4,6,8",,,0,0.8,0.0397071359786581,0.7694474456472534,0.3,ok,,,,
fisher_kpp,smoothing_spline_cv,Tuned smoothing spline,4,0.02,0.05,4,5,0,cv,,0,"1,2,3,4,6,8",10.0,0.0117735813491777,4,0.8,0.052787121015478,0.7598877152185817,0.03,ok,,,,
fisher_kpp,baseline,Baseline,4,0.02,0.05,5,1,0,cv,,0,"1,2,3,4,6,8",,,0,0.8,0.0497109989103256,0.7621145256460651,0.1,ok,,,,
fisher_kpp,linear_interp,Linear interpolation,4,0.02,0.05,5,5,0,cv,,0,"1,2,3,4,6,8",,,0,0.8,0.0806368904527424,0.7403041734627743,0.1,ok,,,,
fisher_kpp,smoothing_spline_cv,Tuned smoothing spline,4,0.02,0.05,5,5,0,cv,,0,"1,2,3,4,6,8",10.0,0.0115377672459087,4,0.8,0.0452650489745737,0.7653561178428536,0.03,ok,,,,
fisher_kpp,baseline,Baseline,4,0.02,0.05,6,1,0,cv,,0,"1,2,3,4,6,8",,,0,0.8,0.0518202449649937,0.7605862349860222,0.3,ok,,,,
fisher_kpp,linear_interp,Linear interpolation,4,0.02,0.05,6,5,0,cv,,0,"1,2,3,4,6,8",,,0,0.8,0.0216761057141245,0.7830270234624125,0.3,ok,,,,
fisher_kpp,smoothing_spline_cv,Tuned smoothing spline,4,0.02,0.05,6,5,0,cv,,0,"1,2,3,4,6,8",10.0,0.011308349264027,4,0.8,0.0548463323577344,0.7584043054042612,0.03,ok,,,,
fisher_kpp,baseline,Baseline,4,0.02,0.05,7,1,0,cv,,0,"1,2,3,4,6,8",,,0,0.8,0.0365311107177852,0.7718051023533773,0.3,ok,,,,
fisher_kpp,linear_interp,Linear interpolation,4,0.02,0.05,7,5,0,cv,,0,"1,2,3,4,6,8",,,0,0.8,0.0407295636275567,0.7686915294416427,0.1,ok,,,,
fisher_kpp,smoothing_spline_cv,Tuned smoothing spline,4,0.02,0.05,7,5,0,cv,,0,"1,2,3,4,6,8",10.0,0.011348916520673,4,0.8,0.04773957272335,0.7635485199061348,0.03,ok,,,,
fisher_kpp,baseline,Baseline,4,0.02,0.1,0,1,0,cv,,0,"1,2,3,4,6,8",,,0,0.8,0.0309545735648678,0.7759798739082503,0.3,ok,,,,
fisher_kpp,linear_interp,Linear interpolation,4,0.02,0.1,0,5,0,cv,,0,"1,2,3,4,6,8",,,0,0.8,0.0235002610856072,0.7816314566949454,0.3,ok,,,,
fisher_kpp,smoothing_spline_cv,Tuned smoothing spline,4,0.02,0.1,0,5,0,cv,,0,"1,2,3,4,6,8",10.0,0.045604532774052,4,0.8,0.052304046470436,0.760236552052901,0.03,ok,,,,
fisher_kpp,baseline,Baseline,4,0.02,0.1,1,1,0,cv,,0,"1,2,3,4,6,8",,,0,0.8,0.029943852366421,0.7767413710581436,0.3,ok,,,,
fisher_kpp,linear_interp,Linear interpolation,4,0.02,0.1,1,5,0,cv,,0,"1,2,3,4,6,8",,,0,0.8,0.0341736512757688,0.7735644773129837,0.3,ok,,,,
fisher_kpp,smoothing_spline_cv,Tuned smoothing spline,4,0.02,0.1,1,5,0,cv,,0,"1,2,3,4,6,8",10.0,0.0438344876791105,4,0.8,0.0333345833567422,0.7741926118462377,0.1,ok,,,,
fisher_kpp,baseline,Baseline,4,0.02,0.1,2,1,0,cv,,0,"1,2,3,4,6,8",,,0,0.5714285714285714,0.6490667752214542,0.3465163327615002,0.1,ok,,,,
fisher_kpp,linear_interp,Linear interpolation,4,0.02,0.1,2,5,0,cv,,0,"1,2,3,4,6,8",,,0,0.8,0.0547846253454659,0.7584486735744578,0.3,ok,,,,
fisher_kpp,smoothing_spline_cv,Tuned smoothing spline,4,0.02,0.1,2,5,0,cv,,0,"1,2,3,4,6,8",10.0,0.0445589381938556,4,0.8,0.0382302062731474,0.7705420196467762,0.03,ok,,,,
fisher_kpp,baseline,Baseline,4,0.02,0.1,3,1,0,cv,,0,"1,2,3,4,6,8",,,0,0.5454545454545454,0.6511724869320819,0.3303437707274381,0.0,ok,,,,
fisher_kpp,linear_interp,Linear interpolation,4,0.02,0.1,3,5,0,cv,,0,"1,2,3,4,6,8",,,0,0.8,0.0771552886473155,0.7426969986886801,0.3,ok,,,,
fisher_kpp,smoothing_spline_cv,Tuned smoothing spline,4,0.02,0.1,3,5,0,cv,,0,"1,2,3,4,6,8",10.0,0.0446155690420104,4,0.8,0.0508117617502982,0.7613161834689304,0.1,ok,,,,
fisher_kpp,baseline,Baseline,4,0.02,0.1,4,1,0,cv,,0,"1,2,3,4,6,8",,,0,0.8,0.0219741346162901,0.7827986765050249,0.3,ok,,,,
fisher_kpp,linear_interp,Linear interpolation,4,0.02,0.1,4,5,0,cv,,0,"1,2,3,4,6,8",,,0,0.8,0.0213859854875943,0.7832494388672192,0.3,ok,,,,
fisher_kpp,smoothing_spline_cv,Tuned smoothing spline,4,0.02,0.1,4,5,0,cv,,0,"1,2,3,4,6,8",10.0,0.0446789043799599,4,0.8,0.0410416482605191,0.7684610902327715,0.03,ok,,,,
fisher_kpp,baseline,Baseline,4,0.02,0.1,5,1,0,cv,,0,"1,2,3,4,6,8",,,0,0.8,0.0625093534365007,0.7529345482113075,0.1,ok,,,,
fisher_kpp,linear_interp,Linear interpolation,4,0.02,0.1,5,5,0,cv,,0,"1,2,3,4,6,8",,,0,0.8,0.0677610651155055,0.7492312897862217,0.3,ok,,,,
fisher_kpp,smoothing_spline_cv,Tuned smoothing spline,4,0.02,0.1,5,5,0,cv,,0,"1,2,3,4,6,8",10.0,0.0451102273418987,4,0.8,0.0597587635275527,0.7548887799116566,0.1,ok,,,,
fisher_kpp,baseline,Baseline,4,0.02,0.1,6,1,0,cv,,0,"1,2,3,4,6,8",,,0,0.8,0.0492638270806074,0.7624393211246592,0.3,ok,,,,
fisher_kpp,linear_interp,Linear interpolation,4,0.02,0.1,6,5,0,cv,,0,"1,2,3,4,6,8",,,0,0.5714285714285714,0.6282697953735249,0.3509421921675368,0.1,ok,,,,
fisher_kpp,smoothing_spline_cv,Tuned smoothing spline,4,0.02,0.1,6,5,0,cv,,0,"1,2,3,4,6,8",10.0,0.044792151983893,4,0.8,0.0583393830545787,0.7559011908741792,0.1,ok,,,,
fisher_kpp,baseline,Baseline,4,0.02,0.1,7,1,0,cv,,0,"1,2,3,4,6,8",,,0,0.8,0.0310237689680191,0.775927795341462,0.1,ok,,,,
fisher_kpp,linear_interp,Linear interpolation,4,0.02,0.1,7,5,0,cv,,0,"1,2,3,4,6,8",,,0,0.8,0.0766508610664637,0.7430449637197796,0.3,ok,,,,
fisher_kpp,smoothing_spline_cv,Tuned smoothing spline,4,0.02,0.1,7,5,0,cv,,0,"1,2,3,4,6,8",10.0,0.045148180230153,4,0.8,0.0444727460431191,0.7659366920110844,0.03,ok,,,,
fisher_kpp,baseline,Baseline,8,0.04,0.0,0,1,0,cv,,0,"1,2,3,4,6,8",,,0,1.0,8.063935023356819e-05,0.999919367151947,0.003,ok,,,,
fisher_kpp,linear_interp,Linear interpolation,8,0.04,0.0,0,5,0,cv,,0,"1,2,3,4,6,8",,,0,1.0,6.906926706453669e-05,0.9999309355031696,0.0001,ok,,,,
fisher_kpp,smoothing_spline_cv,Tuned smoothing spline,8,0.04,0.0,0,5,0,cv,,0,"1,2,3,4,6,8",0.0,3.36320071673207e-11,4,1.0,1.6637844888148776e-05,0.999983362431925,0.0001,ok,,,,
fisher_kpp,baseline,Baseline,8,0.04,0.0,1,1,0,cv,,0,"1,2,3,4,6,8",,,0,1.0,8.063935023356819e-05,0.999919367151947,0.003,ok,,,,
fisher_kpp,linear_interp,Linear interpolation,8,0.04,0.0,1,5,0,cv,,0,"1,2,3,4,6,8",,,0,1.0,6.906926706453669e-05,0.9999309355031696,0.0001,ok,,,,
fisher_kpp,smoothing_spline_cv,Tuned smoothing spline,8,0.04,0.0,1,5,0,cv,,0,"1,2,3,4,6,8",0.0,3.36320071673207e-11,4,1.0,1.6637844888148776e-05,0.999983362431925,0.0001,ok,,,,
fisher_kpp,baseline,Baseline,8,0.04,0.0,2,1,0,cv,,0,"1,2,3,4,6,8",,,0,1.0,8.063935023356819e-05,0.999919367151947,0.003,ok,,,,
fisher_kpp,linear_interp,Linear interpolation,8,0.04,0.0,2,5,0,cv,,0,"1,2,3,4,6,8",,,0,1.0,6.906926706453669e-05,0.9999309355031696,0.0001,ok,,,,
fisher_kpp,smoothing_spline_cv,Tuned smoothing spline,8,0.04,0.0,2,5,0,cv,,0,"1,2,3,4,6,8",0.0,3.36320071673207e-11,4,1.0,1.6637844888148776e-05,0.999983362431925,0.0001,ok,,,,
fisher_kpp,baseline,Baseline,8,0.04,0.0,3,1,0,cv,,0,"1,2,3,4,6,8",,,0,1.0,8.063935023356819e-05,0.999919367151947,0.003,ok,,,,
fisher_kpp,linear_interp,Linear interpolation,8,0.04,0.0,3,5,0,cv,,0,"1,2,3,4,6,8",,,0,1.0,6.906926706453669e-05,0.9999309355031696,0.0001,ok,,,,
fisher_kpp,smoothing_spline_cv,Tuned smoothing spline,8,0.04,0.0,3,5,0,cv,,0,"1,2,3,4,6,8",0.0,3.36320071673207e-11,4,1.0,1.6637844888148776e-05,0.999983362431925,0.0001,ok,,,,
fisher_kpp,baseline,Baseline,8,0.04,0.0,4,1,0,cv,,0,"1,2,3,4,6,8",,,0,1.0,8.063935023356819e-05,0.999919367151947,0.003,ok,,,,
fisher_kpp,linear_interp,Linear interpolation,8,0.04,0.0,4,5,0,cv,,0,"1,2,3,4,6,8",,,0,1.0,6.906926706453669e-05,0.9999309355031696,0.0001,ok,,,,
fisher_kpp,smoothing_spline_cv,Tuned smoothing spline,8,0.04,0.0,4,5,0,cv,,0,"1,2,3,4,6,8",0.0,3.36320071673207e-11,4,1.0,1.6637844888148776e-05,0.999983362431925,0.0001,ok,,,,
fisher_kpp,baseline,Baseline,8,0.04,0.0,5,1,0,cv,,0,"1,2,3,4,6,8",,,0,1.0,8.063935023356819e-05,0.999919367151947,0.003,ok,,,,
fisher_kpp,linear_interp,Linear interpolation,8,0.04,0.0,5,5,0,cv,,0,"1,2,3,4,6,8",,,0,1.0,6.906926706453669e-05,0.9999309355031696,0.0001,ok,,,,
fisher_kpp,smoothing_spline_cv,Tuned smoothing spline,8,0.04,0.0,5,5,0,cv,,0,"1,2,3,4,6,8",0.0,3.36320071673207e-11,4,1.0,1.6637844888148776e-05,0.999983362431925,0.0001,ok,,,,
fisher_kpp,baseline,Baseline,8,0.04,0.0,6,1,0,cv,,0,"1,2,3,4,6,8",,,0,1.0,8.063935023356819e-05,0.999919367151947,0.003,ok,,,,
fisher_kpp,linear_interp,Linear interpolation,8,0.04,0.0,6,5,0,cv,,0,"1,2,3,4,6,8",,,0,1.0,6.906926706453669e-05,0.9999309355031696,0.0001,ok,,,,
fisher_kpp,smoothing_spline_cv,Tuned smoothing spline,8,0.04,0.0,6,5,0,cv,,0,"1,2,3,4,6,8",0.0,3.36320071673207e-11,4,1.0,1.6637844888148776e-05,0.999983362431925,0.0001,ok,,,,
fisher_kpp,baseline,Baseline,8,0.04,0.0,7,1,0,cv,,0,"1,2,3,4,6,8",,,0,1.0,8.063935023356819e-05,0.999919367151947,0.003,ok,,,,
fisher_kpp,linear_interp,Linear interpolation,8,0.04,0.0,7,5,0,cv,,0,"1,2,3,4,6,8",,,0,1.0,6.906926706453669e-05,0.9999309355031696,0.0001,ok,,,,
fisher_kpp,smoothing_spline_cv,Tuned smoothing spline,8,0.04,0.0,7,5,0,cv,,0,"1,2,3,4,6,8",0.0,3.36320071673207e-11,4,1.0,1.6637844888148776e-05,0.999983362431925,0.0001,ok,,,,
fisher_kpp,baseline,Baseline,8,0.04,0.01,0,1,0,cv,,0,"1,2,3,4,6,8",,,0,0.8,0.0384376212491018,0.7703881134792735,0.03,ok,,,,
fisher_kpp,linear_interp,Linear interpolation,8,0.04,0.01,0,5,0,cv,,0,"1,2,3,4,6,8",,,0,0.8,0.042240484275437,0.7675771686763424,0.03,ok,,,,
fisher_kpp,smoothing_spline_cv,Tuned smoothing spline,8,0.04,0.01,0,5,0,cv,,0,"1,2,3,4,6,8",10.0,0.0005038725952541,4,0.8,0.0498036536894744,0.7620472620650978,0.03,ok,,,,
fisher_kpp,baseline,Baseline,8,0.04,0.01,1,1,0,cv,,0,"1,2,3,4,6,8",,,0,0.8,0.0414752973072693,0.7681411187268649,0.03,ok,,,,
fisher_kpp,linear_interp,Linear interpolation,8,0.04,0.01,1,5,0,cv,,0,"1,2,3,4,6,8",,,0,0.8,0.0416125322271426,0.7680399143138819,0.03,ok,,,,
fisher_kpp,smoothing_spline_cv,Tuned smoothing spline,8,0.04,0.01,1,5,0,cv,,0,"1,2,3,4,6,8",10.0,0.0004704911448684,4,1.0,0.0255293293000939,0.9751061928989224,0.01,ok,,,,
fisher_kpp,baseline,Baseline,8,0.04,0.01,2,1,0,cv,,0,"1,2,3,4,6,8",,,0,0.8,0.0425241607097132,0.7673683067981739,0.03,ok,,,,
fisher_kpp,linear_interp,Linear interpolation,8,0.04,0.01,2,5,0,cv,,0,"1,2,3,4,6,8",,,0,0.8,0.041403855905978,0.7681938140165934,0.03,ok,,,,
fisher_kpp,smoothing_spline_cv,Tuned smoothing spline,8,0.04,0.01,2,5,0,cv,,0,"1,2,3,4,6,8",10.0,0.0004748435241213,4,1.0,0.026966999158043,0.973741123930806,0.01,ok,,,,
fisher_kpp,baseline,Baseline,8,0.04,0.01,3,1,0,cv,,0,"1,2,3,4,6,8",,,0,0.8,0.0415011210599919,0.7681220728651705,0.03,ok,,,,
fisher_kpp,linear_interp,Linear interpolation,8,0.04,0.01,3,5,0,cv,,0,"1,2,3,4,6,8",,,0,0.8,0.0429931368944201,0.7670232638174899,0.03,ok,,,,
fisher_kpp,smoothing_spline_cv,Tuned smoothing spline,8,0.04,0.01,3,5,0,cv,,0,"1,2,3,4,6,8",10.0,0.0004866963285032,4,0.8,0.047921911879293,0.7634156619220971,0.03,ok,,,,
fisher_kpp,baseline,Baseline,8,0.04,0.01,4,1,0,cv,,0,"1,2,3,4,6,8",,,0,0.8,0.0421373718847423,0.7676531152060804,0.1,ok,,,,
fisher_kpp,linear_interp,Linear interpolation,8,0.04,0.01,4,5,0,cv,,0,"1,2,3,4,6,8",,,0,0.8,0.0426682024931123,0.767262296948472,0.03,ok,,,,
fisher_kpp,smoothing_spline_cv,Tuned smoothing spline,8,0.04,0.01,4,5,0,cv,,0,"1,2,3,4,6,8",10.0,0.0005059661494199,4,0.8,0.0487705109628938,0.7627979540209484,0.01,ok,,,,
fisher_kpp,baseline,Baseline,8,0.04,0.01,5,1,0,cv,,0,"1,2,3,4,6,8",,,0,0.8,0.0415106401238704,0.7681150524826642,0.03,ok,,,,
fisher_kpp,linear_interp,Linear interpolation,8,0.04,0.01,5,5,0,cv,,0,"1,2,3,4,6,8",,,0,0.8,0.0424023502891879,0.7674579779852381,0.03,ok,,,,
fisher_kpp,smoothing_spline_cv,Tuned smoothing spline,8,0.04,0.01,5,5,0,cv,,0,"1,2,3,4,6,8",10.0,0.0005041723930401,4,1.0,0.026348022786257,0.9743283738056712,0.01,ok,,,,
fisher_kpp,baseline,Baseline,8,0.04,0.01,6,1,0,cv,,0,"1,2,3,4,6,8",,,0,0.8,0.0426338830018402,0.7672875522678444,0.03,ok,,,,
fisher_kpp,linear_interp,Linear interpolation,8,0.04,0.01,6,5,0,cv,,0,"1,2,3,4,6,8",,,0,0.8,0.0432698192272012,0.7668198439715217,0.03,ok,,,,
fisher_kpp,smoothing_spline_cv,Tuned smoothing spline,8,0.04,0.01,6,5,0,cv,,0,"1,2,3,4,6,8",10.0,0.0004842201489987,4,1.0,0.0266671797180323,0.9740254872807406,0.01,ok,,,,
fisher_kpp,baseline,Baseline,8,0.04,0.01,7,1,0,cv,,0,"1,2,3,4,6,8",,,0,0.8,0.0414197335052394,0.7681821020496105,0.03,ok,,,,
fisher_kpp,linear_interp,Linear interpolation,8,0.04,0.01,7,5,0,cv,,0,"1,2,3,4,6,8",,,0,0.8,0.0422151711571004,0.7675958114405633,0.03,ok,,,,
fisher_kpp,smoothing_spline_cv,Tuned smoothing spline,8,0.04,0.01,7,5,0,cv,,0,"1,2,3,4,6,8",10.0,0.0004708287880944,4,1.0,0.0291290394039145,0.9716954450913304,0.01,ok,,,,
fisher_kpp,baseline,Baseline,8,0.04,0.03,0,1,0,cv,,0,"1,2,3,4,6,8",,,0,0.8,0.0375831574348777,0.7710225385479147,0.1,ok,,,,
fisher_kpp,linear_interp,Linear interpolation,8,0.04,0.03,0,5,0,cv,,0,"1,2,3,4,6,8",,,0,0.8,0.0339932579715024,0.7736994354967532,0.1,ok,,,,
fisher_kpp,smoothing_spline_cv,Tuned smoothing spline,8,0.04,0.03,0,5,0,cv,,0,"1,2,3,4,6,8",10.0,0.0043620436089713,4,0.8,0.0496845619586785,0.7621337199693831,0.03,ok,,,,
fisher_kpp,baseline,Baseline,8,0.04,0.03,1,1,0,cv,,0,"1,2,3,4,6,8",,,0,0.8,0.0362800951754395,0.7719920547779721,0.1,ok,,,,
fisher_kpp,linear_interp,Linear interpolation,8,0.04,0.03,1,5,0,cv,,0,"1,2,3,4,6,8",,,0,0.8,0.0320144913971886,0.7751829132911915,0.1,ok,,,,
fisher_kpp,smoothing_spline_cv,Tuned smoothing spline,8,0.04,0.03,1,5,0,cv,,0,"1,2,3,4,6,8",10.0,0.0042051837176944,4,0.8,0.0462919051079048,0.7646049788729805,0.03,ok,,,,
fisher_kpp,baseline,Baseline,8,0.04,0.03,2,1,0,cv,,0,"1,2,3,4,6,8",,,0,0.8,0.0438887370995716,0.766365199247946,0.03,ok,,,,
fisher_kpp,linear_interp,Linear interpolation,8,0.04,0.03,2,5,0,cv,,0,"1,2,3,4,6,8",,,0,0.8,0.0508384037628278,0.7612968817425886,0.1,ok,,,,
fisher_kpp,smoothing_spline_cv,Tuned smoothing spline,8,0.04,0.03,2,5,0,cv,,0,"1,2,3,4,6,8",10.0,0.004279706822551,4,0.8,0.0479566978835299,0.7633903210081989,0.03,ok,,,,
fisher_kpp,baseline,Baseline,8,0.04,0.03,3,1,0,cv,,0,"1,2,3,4,6,8",,,0,0.8,0.0445123731552829,0.7659076336102604,0.1,ok,,,,
fisher_kpp,linear_interp,Linear interpolation,8,0.04,0.03,3,5,0,cv,,0,"1,2,3,4,6,8",,,0,0.8,0.0412201721078531,0.7683293326717583,0.1,ok,,,,
fisher_kpp,smoothing_spline_cv,Tuned smoothing spline,8,0.04,0.03,3,5,0,cv,,0,"1,2,3,4,6,8",10.0,0.0042775194001641,4,0.8,0.0521263397717944,0.7603649578562206,0.03,ok,,,,
fisher_kpp,baseline,Baseline,8,0.04,0.03,4,1,0,cv,,0,"1,2,3,4,6,8",,,0,0.8,0.0445273479114387,0.7658966532562523,0.1,ok,,,,
fisher_kpp,linear_interp,Linear interpolation,8,0.04,0.03,4,5,0,cv,,0,"1,2,3,4,6,8",,,0,0.8,0.0450734774987846,0.7654964145819406,0.1,ok,,,,
fisher_kpp,smoothing_spline_cv,Tuned smoothing spline,8,0.04,0.03,4,5,0,cv,,0,"1,2,3,4,6,8",10.0,0.0043206228114933,4,0.8,0.0451335737103328,0.7654523977829139,0.03,ok,,,,
fisher_kpp,baseline,Baseline,8,0.04,0.03,5,1,0,cv,,0,"1,2,3,4,6,8",,,0,0.8,0.0421929523001429,0.7676121760700668,0.1,ok,,,,
fisher_kpp,linear_interp,Linear interpolation,8,0.04,0.03,5,5,0,cv,,0,"1,2,3,4,6,8",,,0,0.8,0.0428526033356475,0.7671266269472177,0.1,ok,,,,
fisher_kpp,smoothing_spline_cv,Tuned smoothing spline,8,0.04,0.03,5,5,0,cv,,0,"1,2,3,4,6,8",10.0,0.004166582648291,4,0.8,0.0508685318970649,0.7612750555541061,0.03,ok,,,,
fisher_kpp,baseline,Baseline,8,0.04,0.03,6,1,0,cv,,0,"1,2,3,4,6,8",,,0,0.8,0.0408645937672756,0.7685918079934903,0.03,ok,,,,
fisher_kpp,linear_interp,Linear interpolation,8,0.04,0.03,6,5,0,cv,,0,"1,2,3,4,6,8",,,0,0.8,0.0465447094280953,0.7644202801781642,0.03,ok,,,,
fisher_kpp,smoothing_spline_cv,Tuned smoothing spline,8,0.04,0.03,6,5,0,cv,,0,"1,2,3,4,6,8",10.0,0.0042667790147822,4,0.8,0.0440556096145813,0.7662427102856374,0.03,ok,,,,
fisher_kpp,baseline,Baseline,8,0.04,0.03,7,1,0,cv,,0,"1,2,3,4,6,8",,,0,0.8,0.0404667172179399,0.7688857190349022,0.1,ok,,,,
fisher_kpp,linear_interp,Linear interpolation,8,0.04,0.03,7,5,0,cv,,0,"1,2,3,4,6,8",,,0,0.8,0.0395124009614627,0.7695915885756307,0.1,ok,,,,
fisher_kpp,smoothing_spline_cv,Tuned smoothing spline,8,0.04,0.03,7,5,0,cv,,0,"1,2,3,4,6,8",10.0,0.0042451991102386,4,0.8,0.0418251757566777,0.7678831521986978,0.03,ok,,,,
fisher_kpp,baseline,Baseline,8,0.04,0.05,0,1,0,cv,,0,"1,2,3,4,6,8",,,0,0.8,0.035408561625705,0.7726418629800705,0.3,ok,,,,
fisher_kpp,linear_interp,Linear interpolation,8,0.04,0.05,0,5,0,cv,,0,"1,2,3,4,6,8",,,0,0.8,0.0243466358758314,0.7809856273076821,0.3,ok,,,,
fisher_kpp,smoothing_spline_cv,Tuned smoothing spline,8,0.04,0.05,0,5,0,cv,,0,"1,2,3,4,6,8",0.03,0.0114037089339028,4,0.8,0.0394749517595704,0.769619314679782,0.03,ok,,,,
fisher_kpp,baseline,Baseline,8,0.04,0.05,1,1,0,cv,,0,"1,2,3,4,6,8",,,0,0.8,0.0417291007709655,0.7679539713423903,0.1,ok,,,,
fisher_kpp,linear_interp,Linear interpolation,8,0.04,0.05,1,5,0,cv,,0,"1,2,3,4,6,8",,,0,0.8,0.0285571836146618,0.7777885495763662,0.1,ok,,,,
fisher_kpp,smoothing_spline_cv,Tuned smoothing spline,8,0.04,0.05,1,5,0,cv,,0,"1,2,3,4,6,8",0.03,0.0117569994295879,4,0.8,0.0391093011873911,0.7698901348355167,0.03,ok,,,,
fisher_kpp,baseline,Baseline,8,0.04,0.05,2,1,0,cv,,0,"1,2,3,4,6,8",,,0,0.8,0.0400352808249102,0.7692046748312954,0.03,ok,,,,
fisher_kpp,linear_interp,Linear interpolation,8,0.04,0.05,2,5,0,cv,,0,"1,2,3,4,6,8",,,0,0.8,0.0426928854805622,0.7672441340493961,0.1,ok,,,,
fisher_kpp,smoothing_spline_cv,Tuned smoothing spline,8,0.04,0.05,2,5,0,cv,,0,"1,2,3,4,6,8",10.0,0.0111858518197858,4,0.8,0.0411302922523764,0.7683956618621516,0.03,ok,,,,
fisher_kpp,baseline,Baseline,8,0.04,0.05,3,1,0,cv,,0,"1,2,3,4,6,8",,,0,0.8,0.0265128513918949,0.779337539627725,0.3,ok,,,,
fisher_kpp,linear_interp,Linear interpolation,8,0.04,0.05,3,5,0,cv,,0,"1,2,3,4,6,8",,,0,0.8,0.0241045676869334,0.7811702293320484,0.3,ok,,,,
fisher_kpp,smoothing_spline_cv,Tuned smoothing spline,8,0.04,0.05,3,5,0,cv,,0,"1,2,3,4,6,8",10.0,0.0110409335995408,4,0.8,0.0376128180053962,0.7710004985653902,0.03,ok,,,,
fisher_kpp,baseline,Baseline,8,0.04,0.05,4,1,0,cv,,0,"1,2,3,4,6,8",,,0,0.8,0.0428937362993699,0.7670963705647902,0.3,ok,,,,
fisher_kpp,linear_interp,Linear interpolation,8,0.04,0.05,4,5,0,cv,,0,"1,2,3,4,6,8",,,0,0.8,0.0454127360569353,0.765247994794307,0.3,ok,,,,
fisher_kpp,smoothing_spline_cv,Tuned smoothing spline,8,0.04,0.05,4,5,0,cv,,0,"1,2,3,4,6,8",0.03,0.0112337424960204,4,0.8,0.0493414836278367,0.7623828967803687,0.03,ok,,,,
fisher_kpp,baseline,Baseline,8,0.04,0.05,5,1,0,cv,,0,"1,2,3,4,6,8",,,0,0.8,0.0486130827084504,0.762912472857662,0.3,ok,,,,
fisher_kpp,linear_interp,Linear interpolation,8,0.04,0.05,5,5,0,cv,,0,"1,2,3,4,6,8",,,0,0.8,0.064490146738094,0.7515334946513423,0.3,ok,,,,
fisher_kpp,smoothing_spline_cv,Tuned smoothing spline,8,0.04,0.05,5,5,0,cv,,0,"1,2,3,4,6,8",10.0,0.0116310408748905,4,0.8,0.0492086308505803,0.7624794311417835,0.1,ok,,,,
fisher_kpp,baseline,Baseline,8,0.04,0.05,6,1,0,cv,,0,"1,2,3,4,6,8",,,0,0.8,0.0464809620775597,0.7644668455427747,0.1,ok,,,,
fisher_kpp,linear_interp,Linear interpolation,8,0.04,0.05,6,5,0,cv,,0,"1,2,3,4,6,8",,,0,0.8,0.0455686338235234,0.7651338937688793,0.1,ok,,,,
fisher_kpp,smoothing_spline_cv,Tuned smoothing spline,8,0.04,0.05,6,5,0,cv,,0,"1,2,3,4,6,8",10.0,0.0115994460531134,4,0.8,0.0483820567966479,0.7630805914824752,0.1,ok,,,,
fisher_kpp,baseline,Baseline,8,0.04,0.05,7,1,0,cv,,0,"1,2,3,4,6,8",,,0,0.8,0.0416165659354394,0.7680369400438135,0.1,ok,,,,
fisher_kpp,linear_interp,Linear interpolation,8,0.04,0.05,7,5,0,cv,,0,"1,2,3,4,6,8",,,0,0.8,0.0380805392486664,0.770653113850894,0.3,ok,,,,
fisher_kpp,smoothing_spline_cv,Tuned smoothing spline,8,0.04,0.05,7,5,0,cv,,0,"1,2,3,4,6,8",10.0,0.0115048175013024,4,0.8,0.0464821752677692,0.7644659592938594,0.03,ok,,,,
fisher_kpp,baseline,Baseline,8,0.04,0.1,0,1,0,cv,,0,"1,2,3,4,6,8",,,0,0.8,0.0259862703967537,0.7797375297143463,0.3,ok,,,,
fisher_kpp,linear_interp,Linear interpolation,8,0.04,0.1,0,5,0,cv,,0,"1,2,3,4,6,8",,,0,0.8,0.0276193540725443,0.7784983776624399,0.3,ok,,,,
fisher_kpp,smoothing_spline_cv,Tuned smoothing spline,8,0.04,0.1,0,5,0,cv,,0,"1,2,3,4,6,8",10.0,0.0457532797217949,4,0.8,0.0573469355268392,0.7566106952410921,0.03,ok,,,,
fisher_kpp,baseline,Baseline,8,0.04,0.1,1,1,0,cv,,0,"1,2,3,4,6,8",,,0,0.8,0.0310100238127164,0.7759381398073784,0.3,ok,,,,
fisher_kpp,linear_interp,Linear interpolation,8,0.04,0.1,1,5,0,cv,,0,"1,2,3,4,6,8",,,0,0.8,0.0470453773211779,0.7640547557229724,0.1,ok,,,,
fisher_kpp,smoothing_spline_cv,Tuned smoothing spline,8,0.04,0.1,1,5,0,cv,,0,"1,2,3,4,6,8",0.1,0.0460562612753117,4,0.8,0.0447221572386598,0.7657538365171721,0.03,ok,,,,
fisher_kpp,baseline,Baseline,8,0.04,0.1,2,1,0,cv,,0,"1,2,3,4,6,8",,,0,0.8,0.0307601638250793,0.7761262300157736,0.1,ok,,,,
fisher_kpp,linear_interp,Linear interpolation,8,0.04,0.1,2,5,0,cv,,0,"1,2,3,4,6,8",,,0,0.8,0.0229497034385794,0.7820521354186346,0.3,ok,,,,
fisher_kpp,smoothing_spline_cv,Tuned smoothing spline,8,0.04,0.1,2,5,0,cv,,0,"1,2,3,4,6,8",10.0,0.0467435524657402,4,0.8,0.0332111801699838,0.7742850787468095,0.03,ok,,,,
fisher_kpp,baseline,Baseline,8,0.04,0.1,3,1,0,cv,,0,"1,2,3,4,6,8",,,0,0.8,0.0420412002886731,0.7677239631008628,0.3,ok,,,,
fisher_kpp,linear_interp,Linear interpolation,8,0.04,0.1,3,5,0,cv,,0,"1,2,3,4,6,8",,,0,0.8,0.0217225722891329,0.7829914124414699,0.3,ok,,,,
fisher_kpp,smoothing_spline_cv,Tuned smoothing spline,8,0.04,0.1,3,5,0,cv,,0,"1,2,3,4,6,8",10.0,0.0445391604706482,4,0.8,0.0350882262509091,0.7728809773999662,0.1,ok,,,,
fisher_kpp,baseline,Baseline,8,0.04,0.1,4,1,0,cv,,0,"1,2,3,4,6,8",,,0,0.8,0.0618287566190035,0.7534171541438572,0.3,ok,,,,
fisher_kpp,linear_interp,Linear interpolation,8,0.04,0.1,4,5,0,cv,,0,"1,2,3,4,6,8",,,0,0.8,0.0653767279063956,0.7509080863556166,0.3,ok,,,,
fisher_kpp,smoothing_spline_cv,Tuned smoothing spline,8,0.04,0.1,4,5,0,cv,,0,"1,2,3,4,6,8",10.0,0.0457406899367209,4,0.8,0.0468265112041559,0.7642145011017791,0.03,ok,,,,
fisher_kpp,baseline,Baseline,8,0.04,0.1,5,1,0,cv,,0,"1,2,3,4,6,8",,,0,0.8,0.05652996343209,0.7571957518376818,0.3,ok,,,,
fisher_kpp,linear_interp,Linear interpolation,8,0.04,0.1,5,5,0,cv,,0,"1,2,3,4,6,8",,,0,0.8,0.0717892379108766,0.746415406782171,0.1,ok,,,,
fisher_kpp,smoothing_spline_cv,Tuned smoothing spline,8,0.04,0.1,5,5,0,cv,,0,"1,2,3,4,6,8",0.1,0.0446045064921497,4,0.8,0.0599608984644245,0.7547448223410577,0.03,ok,,,,
fisher_kpp,baseline,Baseline,8,0.04,0.1,6,1,0,cv,,0,"1,2,3,4,6,8",,,0,0.8,0.0449948856220276,0.7655539859640598,0.3,ok,,,,
fisher_kpp,linear_interp,Linear interpolation,8,0.04,0.1,6,5,0,cv,,0,"1,2,3,4,6,8",,,0,0.8,0.0277318542330386,0.7784131597215237,0.3,ok,,,,
fisher_kpp,smoothing_spline_cv,Tuned smoothing spline,8,0.04,0.1,6,5,0,cv,,0,"1,2,3,4,6,8",10.0,0.045578483118584,4,0.8,0.0458721830527906,0.7649118247555685,0.1,ok,,,,
fisher_kpp,baseline,Baseline,8,0.04,0.1,7,1,0,cv,,0,"1,2,3,4,6,8",,,0,0.8,0.0251844041362206,0.7803474153257804,0.3,ok,,,,
fisher_kpp,linear_interp,Linear interpolation,8,0.04,0.1,7,5,0,cv,,0,"1,2,3,4,6,8",,,0,0.8,0.0341670682248096,0.7735694014829083,0.3,ok,,,,
fisher_kpp,smoothing_spline_cv,Tuned smoothing spline,8,0.04,0.1,7,5,0,cv,,0,"1,2,3,4,6,8",10.0,0.0456116345096203,4,0.8,0.042740408127261,0.7672091670800237,0.03,ok,,,,
fisher_kpp,baseline,Baseline,16,0.08,0.0,0,1,0,cv,,0,"1,2,3,4,6,8",,,0,1.0,0.0003559914723001,0.9996441352125296,0.003,ok,,,,
fisher_kpp,linear_interp,Linear interpolation,16,0.08,0.0,0,5,0,cv,,0,"1,2,3,4,6,8",,,0,1.0,0.0003249988857274,0.9996751067042317,0.0003,ok,,,,
fisher_kpp,smoothing_spline_cv,Tuned smoothing spline,16,0.08,0.0,0,5,0,cv,,0,"1,2,3,4,6,8",0.0,1.129436989829524e-09,4,1.0,9.780043629319453e-06,0.9999902200520188,0.0001,ok,,,,
fisher_kpp,baseline,Baseline,16,0.08,0.0,1,1,0,cv,,0,"1,2,3,4,6,8",,,0,1.0,0.0003559914723001,0.9996441352125296,0.003,ok,,,,
fisher_kpp,linear_interp,Linear interpolation,16,0.08,0.0,1,5,0,cv,,0,"1,2,3,4,6,8",,,0,1.0,0.0003249988857274,0.9996751067042317,0.0003,ok,,,,
fisher_kpp,smoothing_spline_cv,Tuned smoothing spline,16,0.08,0.0,1,5,0,cv,,0,"1,2,3,4,6,8",0.0,1.129436989829524e-09,4,1.0,9.780043629319453e-06,0.9999902200520188,0.0001,ok,,,,
fisher_kpp,baseline,Baseline,16,0.08,0.0,2,1,0,cv,,0,"1,2,3,4,6,8",,,0,1.0,0.0003559914723001,0.9996441352125296,0.003,ok,,,,
fisher_kpp,linear_interp,Linear interpolation,16,0.08,0.0,2,5,0,cv,,0,"1,2,3,4,6,8",,,0,1.0,0.0003249988857274,0.9996751067042317,0.0003,ok,,,,
fisher_kpp,smoothing_spline_cv,Tuned smoothing spline,16,0.08,0.0,2,5,0,cv,,0,"1,2,3,4,6,8",0.0,1.129436989829524e-09,4,1.0,9.780043629319453e-06,0.9999902200520188,0.0001,ok,,,,
fisher_kpp,baseline,Baseline,16,0.08,0.0,3,1,0,cv,,0,"1,2,3,4,6,8",,,0,1.0,0.0003559914723001,0.9996441352125296,0.003,ok,,,,
fisher_kpp,linear_interp,Linear interpolation,16,0.08,0.0,3,5,0,cv,,0,"1,2,3,4,6,8",,,0,1.0,0.0003249988857274,0.9996751067042317,0.0003,ok,,,,
fisher_kpp,smoothing_spline_cv,Tuned smoothing spline,16,0.08,0.0,3,5,0,cv,,0,"1,2,3,4,6,8",0.0,1.129436989829524e-09,4,1.0,9.780043629319453e-06,0.9999902200520188,0.0001,ok,,,,
fisher_kpp,baseline,Baseline,16,0.08,0.0,4,1,0,cv,,0,"1,2,3,4,6,8",,,0,1.0,0.0003559914723001,0.9996441352125296,0.003,ok,,,,
fisher_kpp,linear_interp,Linear interpolation,16,0.08,0.0,4,5,0,cv,,0,"1,2,3,4,6,8",,,0,1.0,0.0003249988857274,0.9996751067042317,0.0003,ok,,,,
fisher_kpp,smoothing_spline_cv,Tuned smoothing spline,16,0.08,0.0,4,5,0,cv,,0,"1,2,3,4,6,8",0.0,1.129436989829524e-09,4,1.0,9.780043629319453e-06,0.9999902200520188,0.0001,ok,,,,
fisher_kpp,baseline,Baseline,16,0.08,0.0,5,1,0,cv,,0,"1,2,3,4,6,8",,,0,1.0,0.0003559914723001,0.9996441352125296,0.003,ok,,,,
fisher_kpp,linear_interp,Linear interpolation,16,0.08,0.0,5,5,0,cv,,0,"1,2,3,4,6,8",,,0,1.0,0.0003249988857274,0.9996751067042317,0.0003,ok,,,,
fisher_kpp,smoothing_spline_cv,Tuned smoothing spline,16,0.08,0.0,5,5,0,cv,,0,"1,2,3,4,6,8",0.0,1.129436989829524e-09,4,1.0,9.780043629319453e-06,0.9999902200520188,0.0001,ok,,,,
fisher_kpp,baseline,Baseline,16,0.08,0.0,6,1,0,cv,,0,"1,2,3,4,6,8",,,0,1.0,0.0003559914723001,0.9996441352125296,0.003,ok,,,,
fisher_kpp,linear_interp,Linear interpolation,16,0.08,0.0,6,5,0,cv,,0,"1,2,3,4,6,8",,,0,1.0,0.0003249988857274,0.9996751067042317,0.0003,ok,,,,
fisher_kpp,smoothing_spline_cv,Tuned smoothing spline,16,0.08,0.0,6,5,0,cv,,0,"1,2,3,4,6,8",0.0,1.129436989829524e-09,4,1.0,9.780043629319453e-06,0.9999902200520188,0.0001,ok,,,,
fisher_kpp,baseline,Baseline,16,0.08,0.0,7,1,0,cv,,0,"1,2,3,4,6,8",,,0,1.0,0.0003559914723001,0.9996441352125296,0.003,ok,,,,
fisher_kpp,linear_interp,Linear interpolation,16,0.08,0.0,7,5,0,cv,,0,"1,2,3,4,6,8",,,0,1.0,0.0003249988857274,0.9996751067042317,0.0003,ok,,,,
fisher_kpp,smoothing_spline_cv,Tuned smoothing spline,16,0.08,0.0,7,5,0,cv,,0,"1,2,3,4,6,8",0.0,1.129436989829524e-09,4,1.0,9.780043629319453e-06,0.9999902200520188,0.0001,ok,,,,
fisher_kpp,baseline,Baseline,16,0.08,0.01,0,1,0,cv,,0,"1,2,3,4,6,8",,,0,0.8,0.0410807979114727,0.7684321923955294,0.03,ok,,,,
fisher_kpp,linear_interp,Linear interpolation,16,0.08,0.01,0,5,0,cv,,0,"1,2,3,4,6,8",,,0,0.8,0.0421238306974367,0.7676630899656173,0.03,ok,,,,
fisher_kpp,smoothing_spline_cv,Tuned smoothing spline,16,0.08,0.01,0,5,0,cv,,0,"1,2,3,4,6,8",0.001,0.0004787541659574,4,0.8,0.0461115460238992,0.7647368036808987,0.03,ok,,,,
fisher_kpp,baseline,Baseline,16,0.08,0.01,1,1,0,cv,,0,"1,2,3,4,6,8",,,0,0.8,0.043655323399777,0.7665365969618654,0.1,ok,,,,
fisher_kpp,linear_interp,Linear interpolation,16,0.08,0.01,1,5,0,cv,,0,"1,2,3,4,6,8",,,0,0.8,0.047072974332521,0.7640346180360323,0.03,ok,,,,
fisher_kpp,smoothing_spline_cv,Tuned smoothing spline,16,0.08,0.01,1,5,0,cv,,0,"1,2,3,4,6,8",10.0,0.0004972748366618,4,0.8,0.0484098637837825,0.763060352286982,0.03,ok,,,,
fisher_kpp,baseline,Baseline,16,0.08,0.01,2,1,0,cv,,0,"1,2,3,4,6,8",,,0,0.8,0.0422110443333933,0.7675988508754352,0.03,ok,,,,
fisher_kpp,linear_interp,Linear interpolation,16,0.08,0.01,2,5,0,cv,,0,"1,2,3,4,6,8",,,0,0.8,0.0427253970163947,0.7672202118497183,0.03,ok,,,,
fisher_kpp,smoothing_spline_cv,Tuned smoothing spline,16,0.08,0.01,2,5,0,cv,,0,"1,2,3,4,6,8",10.0,0.0004750717194965,4,0.8571428571428571,0.0308415063947954,0.8314982000875946,0.01,ok,,,,
fisher_kpp,baseline,Baseline,16,0.08,0.01,3,1,0,cv,,0,"1,2,3,4,6,8",,,0,0.8,0.0457498325765891,0.7650013177902272,0.1,ok,,,,
fisher_kpp,linear_interp,Linear interpolation,16,0.08,0.01,3,5,0,cv,,0,"1,2,3,4,6,8",,,0,0.8,0.0445762615266242,0.7658607891690151,0.03,ok,,,,
fisher_kpp,smoothing_spline_cv,Tuned smoothing spline,16,0.08,0.01,3,5,0,cv,,0,"1,2,3,4,6,8",10.0,0.000467740457792,4,0.8,0.0477315942522947,0.7635543343244446,0.03,ok,,,,
fisher_kpp,baseline,Baseline,16,0.08,0.01,4,1,0,cv,,0,"1,2,3,4,6,8",,,0,0.8,0.0415727059530262,0.7680692816043119,0.03,ok,,,,
fisher_kpp,linear_interp,Linear interpolation,16,0.08,0.01,4,5,0,cv,,0,"1,2,3,4,6,8",,,0,0.8,0.044699772627132,0.7657702441996521,0.03,ok,,,,
fisher_kpp,smoothing_spline_cv,Tuned smoothing spline,16,0.08,0.01,4,5,0,cv,,0,"1,2,3,4,6,8",10.0,0.0005082779021728,4,0.8,0.0501095254844231,0.7618252959194464,0.03,ok,,,,
fisher_kpp,baseline,Baseline,16,0.08,0.01,5,1,0,cv,,0,"1,2,3,4,6,8",,,0,0.8,0.040137720354241,0.7691289185508463,0.03,ok,,,,
fisher_kpp,linear_interp,Linear interpolation,16,0.08,0.01,5,5,0,cv,,0,"1,2,3,4,6,8",,,0,0.8,0.0412330842937138,0.7683198047271554,0.03,ok,,,,
fisher_kpp,smoothing_spline_cv,Tuned smoothing spline,16,0.08,0.01,5,5,0,cv,,0,"1,2,3,4,6,8",0.001,0.0004881033009305,4,0.8,0.0450995213091558,0.7654773384623418,0.03,ok,,,,
fisher_kpp,baseline,Baseline,16,0.08,0.01,6,1,0,cv,,0,"1,2,3,4,6,8",,,0,0.8,0.0415078116178077,0.7681171385141453,0.03,ok,,,,
fisher_kpp,linear_interp,Linear interpolation,16,0.08,0.01,6,5,0,cv,,0,"1,2,3,4,6,8",,,0,0.8,0.040583411819054,0.768799493547098,0.03,ok,,,,
fisher_kpp,smoothing_spline_cv,Tuned smoothing spline,16,0.08,0.01,6,5,0,cv,,0,"1,2,3,4,6,8",0.001,0.0004867552189642,4,0.8,0.0465953338404601,0.7643833047338521,0.03,ok,,,,
fisher_kpp,baseline,Baseline,16,0.08,0.01,7,1,0,cv,,0,"1,2,3,4,6,8",,,0,0.8,0.0420504307222843,0.7677171626381747,0.1,ok,,,,
fisher_kpp,linear_interp,Linear interpolation,16,0.08,0.01,7,5,0,cv,,0,"1,2,3,4,6,8",,,0,0.8,0.0468848022361896,0.7641719492834042,0.03,ok,,,,
fisher_kpp,smoothing_spline_cv,Tuned smoothing spline,16,0.08,0.01,7,5,0,cv,,0,"1,2,3,4,6,8",0.001,0.000484465867584,4,1.0,0.0336940454168881,0.9674042376791488,0.01,ok,,,,
fisher_kpp,baseline,Baseline,16,0.08,0.03,0,1,0,cv,,0,"1,2,3,4,6,8",,,0,0.8,0.0425676371458525,0.7673363065345966,0.1,ok,,,,
fisher_kpp,linear_interp,Linear interpolation,16,0.08,0.03,0,5,0,cv,,0,"1,2,3,4,6,8",,,0,0.8,0.0364538701388514,0.7718626202754453,0.03,ok,,,,
fisher_kpp,smoothing_spline_cv,Tuned smoothing spline,16,0.08,0.03,0,5,0,cv,,0,"1,2,3,4,6,8",10.0,0.0043048210712795,4,0.8,0.0419028470786911,0.7678259083781724,0.1,ok,,,,
fisher_kpp,baseline,Baseline,16,0.08,0.03,1,1,0,cv,,0,"1,2,3,4,6,8",,,0,0.8,0.032185881507612,0.7750541974392433,0.1,ok,,,,
fisher_kpp,linear_interp,Linear interpolation,16,0.08,0.03,1,5,0,cv,,0,"1,2,3,4,6,8",,,0,0.8,0.0377020920254237,0.7709341690142801,0.1,ok,,,,
fisher_kpp,smoothing_spline_cv,Tuned smoothing spline,16,0.08,0.03,1,5,0,cv,,0,"1,2,3,4,6,8",0.01,0.0043997203570609,4,0.8,0.0466457514138902,0.7643464839171209,0.03,ok,,,,
fisher_kpp,baseline,Baseline,16,0.08,0.03,2,1,0,cv,,0,"1,2,3,4,6,8",,,0,0.8,0.042049020773522,0.7677182014010753,0.1,ok,,,,
fisher_kpp,linear_interp,Linear interpolation,16,0.08,0.03,2,5,0,cv,,0,"1,2,3,4,6,8",,,0,0.8,0.0356575962007464,0.7724560732569882,0.03,ok,,,,
fisher_kpp,smoothing_spline_cv,Tuned smoothing spline,16,0.08,0.03,2,5,0,cv,,0,"1,2,3,4,6,8",10.0,0.0043236355580347,4,0.8,0.0446561422613687,0.7658022268152647,0.03,ok,,,,
fisher_kpp,baseline,Baseline,16,0.08,0.03,3,1,0,cv,,0,"1,2,3,4,6,8",,,0,0.8,0.0416915137723421,0.7679816811628909,0.03,ok,,,,
fisher_kpp,linear_interp,Linear interpolation,16,0.08,0.03,3,5,0,cv,,0,"1,2,3,4,6,8",,,0,0.8,0.0438747523642735,0.7663754662023187,0.03,ok,,,,
fisher_kpp,smoothing_spline_cv,Tuned smoothing spline,16,0.08,0.03,3,5,0,cv,,0,"1,2,3,4,6,8",10.0,0.0044203660427789,4,0.8,0.0410040789771456,0.76848882358468,0.03,ok,,,,
fisher_kpp,baseline,Baseline,16,0.08,0.03,4,1,0,cv,,0,"1,2,3,4,6,8",,,0,0.8,0.0406621616162332,0.7687413163533636,0.1,ok,,,,
fisher_kpp,linear_interp,Linear interpolation,16,0.08,0.03,4,5,0,cv,,0,"1,2,3,4,6,8",,,0,0.8,0.051478869439287,0.7608331686461841,0.1,ok,,,,
fisher_kpp,smoothing_spline_cv,Tuned smoothing spline,16,0.08,0.03,4,5,0,cv,,0,"1,2,3,4,6,8",0.01,0.0040533134045352,4,0.8,0.0521534528180041,0.7603453639365472,0.03,ok,,,,
fisher_kpp,baseline,Baseline,16,0.08,0.03,5,1,0,cv,,0,"1,2,3,4,6,8",,,0,0.8,0.0336457027622868,0.7739595858252993,0.1,ok,,,,
fisher_kpp,linear_interp,Linear interpolation,16,0.08,0.03,5,5,0,cv,,0,"1,2,3,4,6,8",,,0,0.8,0.0360661313336027,0.7721514831975607,0.1,ok,,,,
fisher_kpp,smoothing_spline_cv,Tuned smoothing spline,16,0.08,0.03,5,5,0,cv,,0,"1,2,3,4,6,8",10.0,0.0044905102677876,4,0.8,0.0412229612502465,0.7683272745343624,0.03,ok,,,,
fisher_kpp,baseline,Baseline,16,0.08,0.03,6,1,0,cv,,0,"1,2,3,4,6,8",,,0,0.8,0.0302538852483714,0.7765076273477365,0.1,ok,,,,
fisher_kpp,linear_interp,Linear interpolation,16,0.08,0.03,6,5,0,cv,,0,"1,2,3,4,6,8",,,0,0.8,0.0331136857542586,0.7743581476378698,0.1,ok,,,,
fisher_kpp,smoothing_spline_cv,Tuned smoothing spline,16,0.08,0.03,6,5,0,cv,,0,"1,2,3,4,6,8",10.0,0.0040952757098331,4,0.8,0.0379330319675238,0.7707626362786683,0.03,ok,,,,
fisher_kpp,baseline,Baseline,16,0.08,0.03,7,1,0,cv,,0,"1,2,3,4,6,8",,,0,0.8,0.0417757337255107,0.767919595457563,0.03,ok,,,,
fisher_kpp,linear_interp,Linear interpolation,16,0.08,0.03,7,5,0,cv,,0,"1,2,3,4,6,8",,,0,0.8,0.0478706840305578,0.763452983456755,0.03,ok,,,,
fisher_kpp,smoothing_spline_cv,Tuned smoothing spline,16,0.08,0.03,7,5,0,cv,,0,"1,2,3,4,6,8",10.0,0.0045972465294738,4,0.8,0.0428572105943328,0.7671232378439169,0.03,ok,,,,
fisher_kpp,baseline,Baseline,16,0.08,0.05,0,1,0,cv,,0,"1,2,3,4,6,8",,,0,0.8,0.0500346340098242,0.761879631479389,0.1,ok,,,,
fisher_kpp,linear_interp,Linear interpolation,16,0.08,0.05,0,5,0,cv,,0,"1,2,3,4,6,8",,,0,0.8,0.0331858514409778,0.7743040604788046,0.1,ok,,,,
fisher_kpp,smoothing_spline_cv,Tuned smoothing spline,16,0.08,0.05,0,5,0,cv,,0,"1,2,3,4,6,8",10.0,0.0118749440824781,4,0.8,0.0497246479502193,0.7621046162554602,0.03,ok,,,,
fisher_kpp,baseline,Baseline,16,0.08,0.05,1,1,0,cv,,0,"1,2,3,4,6,8",,,0,0.8,0.046074192028441,0.7647641114715975,0.1,ok,,,,
fisher_kpp,linear_interp,Linear interpolation,16,0.08,0.05,1,5,0,cv,,0,"1,2,3,4,6,8",,,0,0.8,0.0520127612228427,0.7604470492069819,0.1,ok,,,,
fisher_kpp,smoothing_spline_cv,Tuned smoothing spline,16,0.08,0.05,1,5,0,cv,,0,"1,2,3,4,6,8",0.03,0.0117814260653046,4,0.8,0.0540378525106257,0.7589860251170963,0.1,ok,,,,
fisher_kpp,baseline,Baseline,16,0.08,0.05,2,1,0,cv,,0,"1,2,3,4,6,8",,,0,0.8,0.0407637024126778,0.7686663150775299,0.1,ok,,,,
fisher_kpp,linear_interp,Linear interpolation,16,0.08,0.05,2,5,0,cv,,0,"1,2,3,4,6,8",,,0,0.8,0.0353141047313327,0.7727123549694154,0.1,ok,,,,
fisher_kpp,smoothing_spline_cv,Tuned smoothing spline,16,0.08,0.05,2,5,0,cv,,0,"1,2,3,4,6,8",10.0,0.0127716512079032,4,0.8,0.0538657740192468,0.7591099547231236,0.1,ok,,,,
fisher_kpp,baseline,Baseline,16,0.08,0.05,3,1,0,cv,,0,"1,2,3,4,6,8",,,0,0.8,0.0451667436633981,0.7654281049891926,0.03,ok,,,,
fisher_kpp,linear_interp,Linear interpolation,16,0.08,0.05,3,5,0,cv,,0,"1,2,3,4,6,8",,,0,0.8,0.0318800752288811,0.7752838912240381,0.03,ok,,,,
fisher_kpp,smoothing_spline_cv,Tuned smoothing spline,16,0.08,0.05,3,5,0,cv,,0,"1,2,3,4,6,8",10.0,0.0114383828868404,4,0.8,0.0394248025771449,0.7696564465428224,0.03,ok,,,,
fisher_kpp,baseline,Baseline,16,0.08,0.05,4,1,0,cv,,0,"1,2,3,4,6,8",,,0,0.8,0.0557312467751767,0.7577686105660602,0.1,ok,,,,
fisher_kpp,linear_interp,Linear interpolation,16,0.08,0.05,4,5,0,cv,,0,"1,2,3,4,6,8",,,0,0.8,0.0455528034869622,0.7651454783842256,0.1,ok,,,,
fisher_kpp,smoothing_spline_cv,Tuned smoothing spline,16,0.08,0.05,4,5,0,cv,,0,"1,2,3,4,6,8",10.0,0.0109414609079389,4,0.8,0.0396309969620728,0.7695037973451124,0.03,ok,,,,
fisher_kpp,baseline,Baseline,16,0.08,0.05,5,1,0,cv,,0,"1,2,3,4,6,8",,,0,0.8,0.0368626111190298,0.7715583447807065,0.1,ok,,,,
fisher_kpp,linear_interp,Linear interpolation,16,0.08,0.05,5,5,0,cv,,0,"1,2,3,4,6,8",,,0,0.8,0.0496622570470011,0.7621499150123087,0.1,ok,,,,
fisher_kpp,smoothing_spline_cv,Tuned smoothing spline,16,0.08,0.05,5,5,0,cv,,0,"1,2,3,4,6,8",10.0,0.0123375204205001,4,0.8,0.0422753910027409,0.7675514618361514,0.03,ok,,,,
fisher_kpp,baseline,Baseline,16,0.08,0.05,6,1,0,cv,,0,"1,2,3,4,6,8",,,0,0.8,0.0441105843552999,0.7662023659054953,0.1,ok,,,,
fisher_kpp,linear_interp,Linear interpolation,16,0.08,0.05,6,5,0,cv,,0,"1,2,3,4,6,8",,,0,0.8,0.0407712683300413,0.7686607272351317,0.1,ok,,,,
fisher_kpp,smoothing_spline_cv,Tuned smoothing spline,16,0.08,0.05,6,5,0,cv,,0,"1,2,3,4,6,8",10.0,0.0125223981091428,4,0.8,0.0384306995664718,0.7703932485181604,0.1,ok,,,,
fisher_kpp,baseline,Baseline,16,0.08,0.05,7,1,0,cv,,0,"1,2,3,4,6,8",,,0,0.8,0.0402203027588473,0.769067857912655,0.1,ok,,,,
fisher_kpp,linear_interp,Linear interpolation,16,0.08,0.05,7,5,0,cv,,0,"1,2,3,4,6,8",,,0,0.8,0.0371929259138105,0.7713126266216734,0.1,ok,,,,
fisher_kpp,smoothing_spline_cv,Tuned smoothing spline,16,0.08,0.05,7,5,0,cv,,0,"1,2,3,4,6,8",10.0,0.0114686656614482,4,0.8,0.0417596144341019,0.7679314775842707,0.03,ok,,,,
fisher_kpp,baseline,Baseline,16,0.08,0.1,0,1,0,cv,,0,"1,2,3,4,6,8",,,0,0.8,0.0220238130832375,0.7827606262779369,0.1,ok,,,,
fisher_kpp,linear_interp,Linear interpolation,16,0.08,0.1,0,5,0,cv,,0,"1,2,3,4,6,8",,,0,0.8,0.0218301436454322,0.782908984409051,0.1,ok,,,,
fisher_kpp,smoothing_spline_cv,Tuned smoothing spline,16,0.08,0.1,0,5,0,cv,,0,"1,2,3,4,6,8",0.1,0.0465207910895783,4,0.8,0.028703566431854,0.7776778715513433,0.1,ok,,,,
fisher_kpp,baseline,Baseline,16,0.08,0.1,1,1,0,cv,,0,"1,2,3,4,6,8",,,0,0.8,0.0552297119489535,0.7581287666004421,0.3,ok,,,,
fisher_kpp,linear_interp,Linear interpolation,16,0.08,0.1,1,5,0,cv,,0,"1,2,3,4,6,8",,,0,0.8,0.0375853912465925,0.7710208786178563,0.3,ok,,,,
fisher_kpp,smoothing_spline_cv,Tuned smoothing spline,16,0.08,0.1,1,5,0,cv,,0,"1,2,3,4,6,8",10.0,0.0477686586414878,4,0.8,0.0410410373847924,0.7684615411604584,0.1,ok,,,,
fisher_kpp,baseline,Baseline,16,0.08,0.1,2,1,0,cv,,0,"1,2,3,4,6,8",,,0,0.8,0.0583149957820768,0.7559186094767689,0.1,ok,,,,
fisher_kpp,linear_interp,Linear interpolation,16,0.08,0.1,2,5,0,cv,,0,"1,2,3,4,6,8",,,0,0.8,0.0419160895234636,0.7678161495383878,0.1,ok,,,,
fisher_kpp,smoothing_spline_cv,Tuned smoothing spline,16,0.08,0.1,2,5,0,cv,,0,"1,2,3,4,6,8",10.0,0.0455062233806084,4,0.8,0.0426784816003366,0.7672547329950975,0.1,ok,,,,
fisher_kpp,baseline,Baseline,16,0.08,0.1,3,1,0,cv,,0,"1,2,3,4,6,8",,,0,0.8,0.032829451030603,0.7745712510441337,0.3,ok,,,,
fisher_kpp,linear_interp,Linear interpolation,16,0.08,0.1,3,5,0,cv,,0,"1,2,3,4,6,8",,,0,0.8,0.0224529781122553,0.7824320698610825,0.1,ok,,,,
fisher_kpp,smoothing_spline_cv,Tuned smoothing spline,16,0.08,0.1,3,5,0,cv,,0,"1,2,3,4,6,8",10.0,0.0443857025953501,4,0.8,0.0222348265051908,0.7825990459893001,0.1,ok,,,,
fisher_kpp,baseline,Baseline,16,0.08,0.1,4,1,0,cv,,0,"1,2,3,4,6,8",,,0,0.8,0.0241195795943985,0.781158778662194,0.3,ok,,,,
fisher_kpp,linear_interp,Linear interpolation,16,0.08,0.1,4,5,0,cv,,0,"1,2,3,4,6,8",,,0,0.8,0.0214177167547083,0.7832251065135172,0.3,ok,,,,
fisher_kpp,smoothing_spline_cv,Tuned smoothing spline,16,0.08,0.1,4,5,0,cv,,0,"1,2,3,4,6,8",10.0,0.0479034589258835,4,0.8,0.039409898308656,0.7696674827724581,0.03,ok,,,,
fisher_kpp,baseline,Baseline,16,0.08,0.1,5,1,0,cv,,0,"1,2,3,4,6,8",,,0,0.8,0.037642917108098,0.7709781340093307,0.1,ok,,,,
fisher_kpp,linear_interp,Linear interpolation,16,0.08,0.1,5,5,0,cv,,0,"1,2,3,4,6,8",,,0,0.8,0.0459192695898133,0.764877388972614,0.1,ok,,,,
fisher_kpp,smoothing_spline_cv,Tuned smoothing spline,16,0.08,0.1,5,5,0,cv,,0,"1,2,3,4,6,8",10.0,0.0475630295908524,4,0.8,0.0280270210807889,0.7781896619399569,0.1,ok,,,,
fisher_kpp,baseline,Baseline,16,0.08,0.1,6,1,0,cv,,0,"1,2,3,4,6,8",,,0,0.8,0.0271706063541402,0.7788384860812324,0.1,ok,,,,
fisher_kpp,linear_interp,Linear interpolation,16,0.08,0.1,6,5,0,cv,,0,"1,2,3,4,6,8",,,0,0.8,0.0363508186028297,0.7719393719189905,0.1,ok,,,,
fisher_kpp,smoothing_spline_cv,Tuned smoothing spline,16,0.08,0.1,6,5,0,cv,,0,"1,2,3,4,6,8",0.1,0.0413180592867553,4,0.8,0.0264943150666735,0.7793516128221692,0.1,ok,,,,
fisher_kpp,baseline,Baseline,16,0.08,0.1,7,1,0,cv,,0,"1,2,3,4,6,8",,,0,0.8,0.0218404363205561,0.7829010984147785,0.1,ok,,,,
fisher_kpp,linear_interp,Linear interpolation,16,0.08,0.1,7,5,0,cv,,0,"1,2,3,4,6,8",,,0,0.8,0.0289773920180559,0.7774709203581435,0.3,ok,,,,
fisher_kpp,smoothing_spline_cv,Tuned smoothing spline,16,0.08,0.1,7,5,0,cv,,0,"1,2,3,4,6,8",10.0,0.0454829479266677,4,0.8,0.0224015074424626,0.782471459770438,0.03,ok,,,,
fisher_kpp,baseline,Baseline,32,0.16,0.0,0,1,0,cv,,0,"1,2,3,4,6,8",,,0,1.0,0.0064876200852326,0.9935541978303885,0.003,ok,,,,
fisher_kpp,linear_interp,Linear interpolation,32,0.16,0.0,0,5,0,cv,,0,"1,2,3,4,6,8",,,0,1.0,0.001564478352603,0.9984379654166886,0.001,ok,,,,
fisher_kpp,smoothing_spline_cv,Tuned smoothing spline,32,0.16,0.0,0,5,0,cv,,0,"1,2,3,4,6,8",0.0,1.504177711923816e-08,4,1.0,5.908855247708631e-05,0.9999409149387736,0.0003,ok,,,,
fisher_kpp,baseline,Baseline,32,0.16,0.0,1,1,0,cv,,0,"1,2,3,4,6,8",,,0,1.0,0.0064876200852326,0.9935541978303885,0.003,ok,,,,
fisher_kpp,linear_interp,Linear interpolation,32,0.16,0.0,1,5,0,cv,,0,"1,2,3,4,6,8",,,0,1.0,0.001564478352603,0.9984379654166886,0.001,ok,,,,
fisher_kpp,smoothing_spline_cv,Tuned smoothing spline,32,0.16,0.0,1,5,0,cv,,0,"1,2,3,4,6,8",0.0,1.504177711923816e-08,4,1.0,5.908855247708631e-05,0.9999409149387736,0.0003,ok,,,,
fisher_kpp,baseline,Baseline,32,0.16,0.0,2,1,0,cv,,0,"1,2,3,4,6,8",,,0,1.0,0.0064876200852326,0.9935541978303885,0.003,ok,,,,
fisher_kpp,linear_interp,Linear interpolation,32,0.16,0.0,2,5,0,cv,,0,"1,2,3,4,6,8",,,0,1.0,0.001564478352603,0.9984379654166886,0.001,ok,,,,
fisher_kpp,smoothing_spline_cv,Tuned smoothing spline,32,0.16,0.0,2,5,0,cv,,0,"1,2,3,4,6,8",0.0,1.504177711923816e-08,4,1.0,5.908855247708631e-05,0.9999409149387736,0.0003,ok,,,,
fisher_kpp,baseline,Baseline,32,0.16,0.0,3,1,0,cv,,0,"1,2,3,4,6,8",,,0,1.0,0.0064876200852326,0.9935541978303885,0.003,ok,,,,
fisher_kpp,linear_interp,Linear interpolation,32,0.16,0.0,3,5,0,cv,,0,"1,2,3,4,6,8",,,0,1.0,0.001564478352603,0.9984379654166886,0.001,ok,,,,
fisher_kpp,smoothing_spline_cv,Tuned smoothing spline,32,0.16,0.0,3,5,0,cv,,0,"1,2,3,4,6,8",0.0,1.504177711923816e-08,4,1.0,5.908855247708631e-05,0.9999409149387736,0.0003,ok,,,,
fisher_kpp,baseline,Baseline,32,0.16,0.0,4,1,0,cv,,0,"1,2,3,4,6,8",,,0,1.0,0.0064876200852326,0.9935541978303885,0.003,ok,,,,
fisher_kpp,linear_interp,Linear interpolation,32,0.16,0.0,4,5,0,cv,,0,"1,2,3,4,6,8",,,0,1.0,0.001564478352603,0.9984379654166886,0.001,ok,,,,
fisher_kpp,smoothing_spline_cv,Tuned smoothing spline,32,0.16,0.0,4,5,0,cv,,0,"1,2,3,4,6,8",0.0,1.504177711923816e-08,4,1.0,5.908855247708631e-05,0.9999409149387736,0.0003,ok,,,,
fisher_kpp,baseline,Baseline,32,0.16,0.0,5,1,0,cv,,0,"1,2,3,4,6,8",,,0,1.0,0.0064876200852326,0.9935541978303885,0.003,ok,,,,
fisher_kpp,linear_interp,Linear interpolation,32,0.16,0.0,5,5,0,cv,,0,"1,2,3,4,6,8",,,0,1.0,0.001564478352603,0.9984379654166886,0.001,ok,,,,
fisher_kpp,smoothing_spline_cv,Tuned smoothing spline,32,0.16,0.0,5,5,0,cv,,0,"1,2,3,4,6,8",0.0,1.504177711923816e-08,4,1.0,5.908855247708631e-05,0.9999409149387736,0.0003,ok,,,,
fisher_kpp,baseline,Baseline,32,0.16,0.0,6,1,0,cv,,0,"1,2,3,4,6,8",,,0,1.0,0.0064876200852326,0.9935541978303885,0.003,ok,,,,
fisher_kpp,linear_interp,Linear interpolation,32,0.16,0.0,6,5,0,cv,,0,"1,2,3,4,6,8",,,0,1.0,0.001564478352603,0.9984379654166886,0.001,ok,,,,
fisher_kpp,smoothing_spline_cv,Tuned smoothing spline,32,0.16,0.0,6,5,0,cv,,0,"1,2,3,4,6,8",0.0,1.504177711923816e-08,4,1.0,5.908855247708631e-05,0.9999409149387736,0.0003,ok,,,,
fisher_kpp,baseline,Baseline,32,0.16,0.0,7,1,0,cv,,0,"1,2,3,4,6,8",,,0,1.0,0.0064876200852326,0.9935541978303885,0.003,ok,,,,
fisher_kpp,linear_interp,Linear interpolation,32,0.16,0.0,7,5,0,cv,,0,"1,2,3,4,6,8",,,0,1.0,0.001564478352603,0.9984379654166886,0.001,ok,,,,
fisher_kpp,smoothing_spline_cv,Tuned smoothing spline,32,0.16,0.0,7,5,0,cv,,0,"1,2,3,4,6,8",0.0,1.504177711923816e-08,4,1.0,5.908855247708631e-05,0.9999409149387736,0.0003,ok,,,,
fisher_kpp,baseline,Baseline,32,0.16,0.01,0,1,0,cv,,0,"1,2,3,4,6,8",,,0,0.8,0.0384117164778919,0.7704073319910699,0.03,ok,,,,
fisher_kpp,linear_interp,Linear interpolation,32,0.16,0.01,0,5,0,cv,,0,"1,2,3,4,6,8",,,0,0.8,0.0438139615745794,0.7664200992226725,0.03,ok,,,,
fisher_kpp,smoothing_spline_cv,Tuned smoothing spline,32,0.16,0.01,0,5,0,cv,,0,"1,2,3,4,6,8",0.001,0.0004276924952523,4,0.8,0.0459011163380209,0.7648906646175249,0.03,ok,,,,
fisher_kpp,baseline,Baseline,32,0.16,0.01,1,1,0,cv,,0,"1,2,3,4,6,8",,,0,0.8,0.0378802564829916,0.7708018290191939,0.03,ok,,,,
fisher_kpp,linear_interp,Linear interpolation,32,0.16,0.01,1,5,0,cv,,0,"1,2,3,4,6,8",,,0,0.8,0.0409033633362242,0.7685631809622567,0.03,ok,,,,
fisher_kpp,smoothing_spline_cv,Tuned smoothing spline,32,0.16,0.01,1,5,0,cv,,0,"1,2,3,4,6,8",10.0,0.0005119209129702,4,0.8,0.0436325070362968,0.7665533553298725,0.03,ok,,,,
fisher_kpp,baseline,Baseline,32,0.16,0.01,2,1,0,cv,,0,"1,2,3,4,6,8",,,0,0.8,0.0391324583888776,0.769872977734099,0.03,ok,,,,
fisher_kpp,linear_interp,Linear interpolation,32,0.16,0.01,2,5,0,cv,,0,"1,2,3,4,6,8",,,0,0.8,0.0422581428653451,0.767564163903449,0.03,ok,,,,
fisher_kpp,smoothing_spline_cv,Tuned smoothing spline,32,0.16,0.01,2,5,0,cv,,0,"1,2,3,4,6,8",10.0,0.0004388405620224,4,0.8,0.0459704916995485,0.764839932243325,0.03,ok,,,,
fisher_kpp,baseline,Baseline,32,0.16,0.01,3,1,0,cv,,0,"1,2,3,4,6,8",,,0,0.8,0.0363111967930021,0.7719688858672015,0.03,ok,,,,
fisher_kpp,linear_interp,Linear interpolation,32,0.16,0.01,3,5,0,cv,,0,"1,2,3,4,6,8",,,0,0.8,0.0387732516165876,0.7701391990552341,0.03,ok,,,,
fisher_kpp,smoothing_spline_cv,Tuned smoothing spline,32,0.16,0.01,3,5,0,cv,,0,"1,2,3,4,6,8",10.0,0.0004883187408503,4,0.8,0.0423220132131344,0.7675171298875905,0.03,ok,,,,
fisher_kpp,baseline,Baseline,32,0.16,0.01,4,1,0,cv,,0,"1,2,3,4,6,8",,,0,0.8,0.0366041380052584,0.771750729781422,0.03,ok,,,,
fisher_kpp,linear_interp,Linear interpolation,32,0.16,0.01,4,5,0,cv,,0,"1,2,3,4,6,8",,,0,0.8,0.0408228634291452,0.7686226236079033,0.03,ok,,,,
fisher_kpp,smoothing_spline_cv,Tuned smoothing spline,32,0.16,0.01,4,5,0,cv,,0,"1,2,3,4,6,8",10.0,0.0004851228415271,4,0.8,0.0437851042262283,0.7664412883081433,0.03,ok,,,,
fisher_kpp,baseline,Baseline,32,0.16,0.01,5,1,0,cv,,0,"1,2,3,4,6,8",,,0,0.8,0.0404770062882296,0.7688781156768655,0.03,ok,,,,
fisher_kpp,linear_interp,Linear interpolation,32,0.16,0.01,5,5,0,cv,,0,"1,2,3,4,6,8",,,0,0.8,0.0422330572116078,0.7675826385130419,0.03,ok,,,,
fisher_kpp,smoothing_spline_cv,Tuned smoothing spline,32,0.16,0.01,5,5,0,cv,,0,"1,2,3,4,6,8",0.001,0.0004870755659781,4,0.8,0.0444480120510898,0.7659548304649055,0.03,ok,,,,
fisher_kpp,baseline,Baseline,32,0.16,0.01,6,1,0,cv,,0,"1,2,3,4,6,8",,,0,0.8,0.0387508044207415,0.7701558416083435,0.03,ok,,,,
fisher_kpp,linear_interp,Linear interpolation,32,0.16,0.01,6,5,0,cv,,0,"1,2,3,4,6,8",,,0,0.8,0.0421286012584042,0.7676595758277567,0.03,ok,,,,
fisher_kpp,smoothing_spline_cv,Tuned smoothing spline,32,0.16,0.01,6,5,0,cv,,0,"1,2,3,4,6,8",10.0,0.000506116321462,4,0.8,0.0447769830220365,0.7657136527701686,0.03,ok,,,,
fisher_kpp,baseline,Baseline,32,0.16,0.01,7,1,0,cv,,0,"1,2,3,4,6,8",,,0,0.8,0.0370052178348083,0.7714522417450724,0.03,ok,,,,
fisher_kpp,linear_interp,Linear interpolation,32,0.16,0.01,7,5,0,cv,,0,"1,2,3,4,6,8",,,0,0.8,0.0420114726692051,0.7677458655524482,0.03,ok,,,,
fisher_kpp,smoothing_spline_cv,Tuned smoothing spline,32,0.16,0.01,7,5,0,cv,,0,"1,2,3,4,6,8",10.0,0.0004748406158892,4,0.8,0.0460111861287334,0.7648101766108104,0.03,ok,,,,
fisher_kpp,baseline,Baseline,32,0.16,0.03,0,1,0,cv,,0,"1,2,3,4,6,8",,,0,0.8,0.0441715414779449,0.7661576361942035,0.1,ok,,,,
fisher_kpp,linear_interp,Linear interpolation,32,0.16,0.03,0,5,0,cv,,0,"1,2,3,4,6,8",,,0,0.8,0.0447589104972815,0.7657268982939022,0.1,ok,,,,
fisher_kpp,smoothing_spline_cv,Tuned smoothing spline,32,0.16,0.03,0,5,0,cv,,0,"1,2,3,4,6,8",10.0,0.0038850671184792,4,0.8,0.0531738855061749,0.7596086562813938,0.1,ok,,,,
fisher_kpp,baseline,Baseline,32,0.16,0.03,1,1,0,cv,,0,"1,2,3,4,6,8",,,0,0.8,0.0378298052015691,0.7708392994597246,0.1,ok,,,,
fisher_kpp,linear_interp,Linear interpolation,32,0.16,0.03,1,5,0,cv,,0,"1,2,3,4,6,8",,,0,0.8,0.0475182525419562,0.763709842820097,0.1,ok,,,,
fisher_kpp,smoothing_spline_cv,Tuned smoothing spline,32,0.16,0.03,1,5,0,cv,,0,"1,2,3,4,6,8",10.0,0.0037128519526989,4,0.8,0.0474944950035744,0.7637271640241604,0.03,ok,,,,
fisher_kpp,baseline,Baseline,32,0.16,0.03,2,1,0,cv,,0,"1,2,3,4,6,8",,,0,0.8,0.0369288412558112,0.7715090642392879,0.1,ok,,,,
fisher_kpp,linear_interp,Linear interpolation,32,0.16,0.03,2,5,0,cv,,0,"1,2,3,4,6,8",,,0,0.8,0.0449933600997114,0.7655551035498115,0.1,ok,,,,
fisher_kpp,smoothing_spline_cv,Tuned smoothing spline,32,0.16,0.03,2,5,0,cv,,0,"1,2,3,4,6,8",0.01,0.0040734863288975,4,0.8,0.0466599135247216,0.7643361417233683,0.1,ok,,,,
fisher_kpp,baseline,Baseline,32,0.16,0.03,3,1,0,cv,,0,"1,2,3,4,6,8",,,0,0.8,0.0386287125400148,0.770246374225071,0.1,ok,,,,
fisher_kpp,linear_interp,Linear interpolation,32,0.16,0.03,3,5,0,cv,,0,"1,2,3,4,6,8",,,0,0.8,0.0411610056113551,0.7683729948474696,0.03,ok,,,,
fisher_kpp,smoothing_spline_cv,Tuned smoothing spline,32,0.16,0.03,3,5,0,cv,,0,"1,2,3,4,6,8",10.0,0.0039709029350677,4,0.8,0.0431958433980331,0.7668742212336047,0.03,ok,,,,
fisher_kpp,baseline,Baseline,32,0.16,0.03,4,1,0,cv,,0,"1,2,3,4,6,8",,,0,0.8,0.0463689702749912,0.764548665648749,0.03,ok,,,,
fisher_kpp,linear_interp,Linear interpolation,32,0.16,0.03,4,5,0,cv,,0,"1,2,3,4,6,8",,,0,0.8,0.040584800427978,0.768798467622217,0.03,ok,,,,
fisher_kpp,smoothing_spline_cv,Tuned smoothing spline,32,0.16,0.03,4,5,0,cv,,0,"1,2,3,4,6,8",10.0,0.0043439989822056,4,0.8,0.0437652853093355,0.7664558414231107,0.03,ok,,,,
fisher_kpp,baseline,Baseline,32,0.16,0.03,5,1,0,cv,,0,"1,2,3,4,6,8",,,0,0.8,0.0374863485086311,0.7710944834599378,0.03,ok,,,,
fisher_kpp,linear_interp,Linear interpolation,32,0.16,0.03,5,5,0,cv,,0,"1,2,3,4,6,8",,,0,0.8,0.043116038709043,0.7669328917519832,0.03,ok,,,,
fisher_kpp,smoothing_spline_cv,Tuned smoothing spline,32,0.16,0.03,5,5,0,cv,,0,"1,2,3,4,6,8",0.01,0.0043202013062784,4,0.8,0.0461634613734041,0.7646988539914781,0.1,ok,,,,
fisher_kpp,baseline,Baseline,32,0.16,0.03,6,1,0,cv,,0,"1,2,3,4,6,8",,,0,0.8,0.0421667416359438,0.7676314816419856,0.1,ok,,,,
fisher_kpp,linear_interp,Linear interpolation,32,0.16,0.03,6,5,0,cv,,0,"1,2,3,4,6,8",,,0,0.8,0.0475747203651731,0.7636686762745943,0.1,ok,,,,
fisher_kpp,smoothing_spline_cv,Tuned smoothing spline,32,0.16,0.03,6,5,0,cv,,0,"1,2,3,4,6,8",10.0,0.0044897445504279,4,0.8,0.0503265208432729,0.7616679043367449,0.03,ok,,,,
fisher_kpp,baseline,Baseline,32,0.16,0.03,7,1,0,cv,,0,"1,2,3,4,6,8",,,0,0.8,0.0451036478334337,0.7654743160244928,0.1,ok,,,,
fisher_kpp,linear_interp,Linear interpolation,32,0.16,0.03,7,5,0,cv,,0,"1,2,3,4,6,8",,,0,0.8,0.0527694397867341,0.7599004775082194,0.03,ok,,,,
fisher_kpp,smoothing_spline_cv,Tuned smoothing spline,32,0.16,0.03,7,5,0,cv,,0,"1,2,3,4,6,8",10.0,0.0045886147232867,4,0.8,0.0572863497655604,0.7566540513621401,0.03,ok,,,,
fisher_kpp,baseline,Baseline,32,0.16,0.05,0,1,0,cv,,0,"1,2,3,4,6,8",,,0,0.8,0.0283824914389097,0.7779206731540542,0.3,ok,,,,
fisher_kpp,linear_interp,Linear interpolation,32,0.16,0.05,0,5,0,cv,,0,"1,2,3,4,6,8",,,0,0.8,0.0338428882361042,0.7738119680495396,0.3,ok,,,,
fisher_kpp,smoothing_spline_cv,Tuned smoothing spline,32,0.16,0.05,0,5,0,cv,,0,"1,2,3,4,6,8",10.0,0.0103690520155608,4,0.8,0.0426658303142867,0.7672640425541318,0.1,ok,,,,
fisher_kpp,baseline,Baseline,32,0.16,0.05,1,1,0,cv,,0,"1,2,3,4,6,8",,,0,0.8,0.034405206643339,0.7733913120913345,0.1,ok,,,,
fisher_kpp,linear_interp,Linear interpolation,32,0.16,0.05,1,5,0,cv,,0,"1,2,3,4,6,8",,,0,0.8,0.0384356576070154,0.7703895702537126,0.1,ok,,,,
fisher_kpp,smoothing_spline_cv,Tuned smoothing spline,32,0.16,0.05,1,5,0,cv,,0,"1,2,3,4,6,8",10.0,0.0107397850804194,4,0.8,0.0431657792114338,0.7668963226580807,0.1,ok,,,,
fisher_kpp,baseline,Baseline,32,0.16,0.05,2,1,0,cv,,0,"1,2,3,4,6,8",,,0,0.8,0.0282083268691305,0.7780524423839092,0.1,ok,,,,
fisher_kpp,linear_interp,Linear interpolation,32,0.16,0.05,2,5,0,cv,,0,"1,2,3,4,6,8",,,0,0.8,0.0313845725556522,0.7756563567920083,0.1,ok,,,,
fisher_kpp,smoothing_spline_cv,Tuned smoothing spline,32,0.16,0.05,2,5,0,cv,,0,"1,2,3,4,6,8",0.03,0.0131324776092145,4,0.8,0.0377129545531035,0.7709260990622634,0.1,ok,,,,
fisher_kpp,baseline,Baseline,32,0.16,0.05,3,1,0,cv,,0,"1,2,3,4,6,8",,,0,0.8,0.0355948672008261,0.7725028631730957,0.03,ok,,,,
fisher_kpp,linear_interp,Linear interpolation,32,0.16,0.05,3,5,0,cv,,0,"1,2,3,4,6,8",,,0,0.8,0.0421115415147203,0.7676721426932777,0.1,ok,,,,
fisher_kpp,smoothing_spline_cv,Tuned smoothing spline,32,0.16,0.05,3,5,0,cv,,0,"1,2,3,4,6,8",10.0,0.0121235933732247,4,0.8,0.0507206416305371,0.7613822059863011,0.03,ok,,,,
fisher_kpp,baseline,Baseline,32,0.16,0.05,4,1,0,cv,,0,"1,2,3,4,6,8",,,0,0.8,0.0339261330166804,0.7737496659126359,0.1,ok,,,,
fisher_kpp,linear_interp,Linear interpolation,32,0.16,0.05,4,5,0,cv,,0,"1,2,3,4,6,8",,,0,0.8,0.037231789812492,0.7712837264124173,0.1,ok,,,,
fisher_kpp,smoothing_spline_cv,Tuned smoothing spline,32,0.16,0.05,4,5,0,cv,,0,"1,2,3,4,6,8",10.0,0.0111200638976982,4,0.8,0.0320256812685255,0.7751745082706385,0.03,ok,,,,
fisher_kpp,baseline,Baseline,32,0.16,0.05,5,1,0,cv,,0,"1,2,3,4,6,8",,,0,0.8,0.0503067335352558,0.761682253818614,0.1,ok,,,,
fisher_kpp,linear_interp,Linear interpolation,32,0.16,0.05,5,5,0,cv,,0,"1,2,3,4,6,8",,,0,0.8,0.0679523516926112,0.7490970910191544,0.1,ok,,,,
fisher_kpp,smoothing_spline_cv,Tuned smoothing spline,32,0.16,0.05,5,5,0,cv,,0,"1,2,3,4,6,8",10.0,0.0131351491260004,4,0.8,0.0620766211779866,0.753241323693475,0.03,ok,,,,
fisher_kpp,baseline,Baseline,32,0.16,0.05,6,1,0,cv,,0,"1,2,3,4,6,8",,,0,0.8,0.0336542869238207,0.7739531583435103,0.3,ok,,,,
fisher_kpp,linear_interp,Linear interpolation,32,0.16,0.05,6,5,0,cv,,0,"1,2,3,4,6,8",,,0,0.8,0.0367437140160383,0.7716468295727946,0.03,ok,,,,
fisher_kpp,smoothing_spline_cv,Tuned smoothing spline,32,0.16,0.05,6,5,0,cv,,0,"1,2,3,4,6,8",10.0,0.0125945694922059,4,0.8,0.0392048903892817,0.7698193180175695,0.03,ok,,,,
fisher_kpp,baseline,Baseline,32,0.16,0.05,7,1,0,cv,,0,"1,2,3,4,6,8",,,0,0.8,0.0255746956233532,0.7800504472409521,0.1,ok,,,,
fisher_kpp,linear_interp,Linear interpolation,32,0.16,0.05,7,5,0,cv,,0,"1,2,3,4,6,8",,,0,0.8,0.043886554454059,0.7663668016285459,0.1,ok,,,,
fisher_kpp,smoothing_spline_cv,Tuned smoothing spline,32,0.16,0.05,7,5,0,cv,,0,"1,2,3,4,6,8",10.0,0.0127516821318877,4,0.8,0.04720818606763,0.763935968648296,0.03,ok,,,,
fisher_kpp,baseline,Baseline,32,0.16,0.1,0,1,0,cv,,0,"1,2,3,4,6,8",,,0,0.8,0.0266854438673458,0.7792065279376504,0.03,ok,,,,
fisher_kpp,linear_interp,Linear interpolation,32,0.16,0.1,0,5,0,cv,,0,"1,2,3,4,6,8",,,0,0.8,0.0325582964296347,0.7747746570496102,0.03,ok,,,,
fisher_kpp,smoothing_spline_cv,Tuned smoothing spline,32,0.16,0.1,0,5,0,cv,,0,"1,2,3,4,6,8",10.0,0.0510398824162053,4,0.8,0.0304904296589859,0.7763293835390002,0.03,ok,,,,
fisher_kpp,baseline,Baseline,32,0.16,0.1,1,1,0,cv,,0,"1,2,3,4,6,8",,,0,0.8,0.0450719143736784,0.7654975595430173,0.1,ok,,,,
fisher_kpp,linear_interp,Linear interpolation,32,0.16,0.1,1,5,0,cv,,0,"1,2,3,4,6,8",,,0,0.8,0.0511573285800184,0.7610659016007619,0.1,ok,,,,
fisher_kpp,smoothing_spline_cv,Tuned smoothing spline,32,0.16,0.1,1,5,0,cv,,0,"1,2,3,4,6,8",0.1,0.0496922274728511,4,0.8,0.045206392275959,0.7653990694201391,0.1,ok,,,,
fisher_kpp,baseline,Baseline,32,0.16,0.1,2,1,0,cv,,0,"1,2,3,4,6,8",,,0,0.8,0.0472488806473859,0.7639062831993269,0.1,ok,,,,
fisher_kpp,linear_interp,Linear interpolation,32,0.16,0.1,2,5,0,cv,,0,"1,2,3,4,6,8",,,0,0.8,0.024904973135593,0.780560169937005,0.1,ok,,,,
fisher_kpp,smoothing_spline_cv,Tuned smoothing spline,32,0.16,0.1,2,5,0,cv,,0,"1,2,3,4,6,8",10.0,0.0442062548617354,4,0.8,0.0354596944809732,0.7726037085402943,0.03,ok,,,,
fisher_kpp,baseline,Baseline,32,0.16,0.1,3,1,0,cv,,0,"1,2,3,4,6,8",,,0,0.8,0.0222592756152797,0.7825803287707946,0.1,ok,,,,
fisher_kpp,linear_interp,Linear interpolation,32,0.16,0.1,3,5,0,cv,,0,"1,2,3,4,6,8",,,0,0.8,0.0449234646146776,0.7656063119369276,0.1,ok,,,,
fisher_kpp,smoothing_spline_cv,Tuned smoothing spline,32,0.16,0.1,3,5,0,cv,,0,"1,2,3,4,6,8",10.0,0.0439442043894193,4,0.8,0.0222695759652243,0.782572443520724,0.03,ok,,,,
fisher_kpp,baseline,Baseline,32,0.16,0.1,4,1,0,cv,,0,"1,2,3,4,6,8",,,0,0.8,0.0355683851309173,0.7725226180006097,0.3,ok,,,,
fisher_kpp,linear_interp,Linear interpolation,32,0.16,0.1,4,5,0,cv,,0,"1,2,3,4,6,8",,,0,0.8,0.0322538037940236,0.7750031988834718,0.3,ok,,,,
fisher_kpp,smoothing_spline_cv,Tuned smoothing spline,32,0.16,0.1,4,5,0,cv,,0,"1,2,3,4,6,8",10.0,0.0490045695970665,4,0.8,0.0352554527981412,0.7727561326411942,0.03,ok,,,,
fisher_kpp,baseline,Baseline,32,0.16,0.1,5,1,0,cv,,0,"1,2,3,4,6,8",,,0,0.8,0.0216582081709292,0.7830407406330507,0.1,ok,,,,
fisher_kpp,linear_interp,Linear interpolation,32,0.16,0.1,5,5,0,cv,,0,"1,2,3,4,6,8",,,0,0.8,0.0218387925295945,0.7829023578362831,0.1,ok,,,,
fisher_kpp,smoothing_spline_cv,Tuned smoothing spline,32,0.16,0.1,5,5,0,cv,,0,"1,2,3,4,6,8",10.0,0.0445086960367895,4,0.8,0.0251320477512171,0.7803872698692053,0.1,ok,,,,
fisher_kpp,baseline,Baseline,32,0.16,0.1,6,1,0,cv,,0,"1,2,3,4,6,8",,,0,0.8,0.0677445608569586,0.7492428707460985,0.03,ok,,,,
fisher_kpp,linear_interp,Linear interpolation,32,0.16,0.1,6,5,0,cv,,0,"1,2,3,4,6,8",,,0,0.8,0.0740958052336681,0.7448125168182377,0.1,ok,,,,
fisher_kpp,smoothing_spline_cv,Tuned smoothing spline,32,0.16,0.1,6,5,0,cv,,0,"1,2,3,4,6,8",10.0,0.0487701979920298,4,0.8,0.0831085423798914,0.7386148005463765,0.1,ok,,,,
fisher_kpp,baseline,Baseline,32,0.16,0.1,7,1,0,cv,,0,"1,2,3,4,6,8",,,0,0.8,0.0215230080185639,0.7831443772879384,0.1,ok,,,,
fisher_kpp,linear_interp,Linear interpolation,32,0.16,0.1,7,5,0,cv,,0,"1,2,3,4,6,8",,,0,0.8,0.0215124091809164,0.7831525029064184,0.1,ok,,,,
fisher_kpp,smoothing_spline_cv,Tuned smoothing spline,32,0.16,0.1,7,5,0,cv,,0,"1,2,3,4,6,8",10.0,0.0412648893887967,4,0.8,0.0275248044827283,0.7785700126263446,0.03,ok,,,,
advection_diffusion,baseline,Baseline,4,0.02,0.0,0,1,0,cv,,0,"1,2,3,4,6,8",,,0,1.0,0.0002013512241555,0.9997986893099984,0.0003,ok,,,,
advection_diffusion,linear_interp,Linear interpolation,4,0.02,0.0,0,5,0,cv,,0,"1,2,3,4,6,8",,,0,1.0,4.511434134919223e-06,0.999995488586218,3e-05,ok,,,,
advection_diffusion,smoothing_spline_cv,Tuned smoothing spline,4,0.02,0.0,0,5,0,cv,,0,"1,2,3,4,6,8",0.0,6.174346816498243e-13,4,1.0,8.142442417489836e-06,0.9999918576238814,1e-05,ok,,,,
advection_diffusion,baseline,Baseline,4,0.02,0.0,1,1,0,cv,,0,"1,2,3,4,6,8",,,0,1.0,0.0002013512241555,0.9997986893099984,0.0003,ok,,,,
advection_diffusion,linear_interp,Linear interpolation,4,0.02,0.0,1,5,0,cv,,0,"1,2,3,4,6,8",,,0,1.0,2.128908829323531e-05,0.9999787113649226,3e-05,ok,,,,
advection_diffusion,smoothing_spline_cv,Tuned smoothing spline,4,0.02,0.0,1,5,0,cv,,0,"1,2,3,4,6,8",0.0,6.174346816498243e-13,4,1.0,8.044732108341327e-06,0.999991955332609,1e-05,ok,,,,
advection_diffusion,baseline,Baseline,4,0.02,0.0,2,1,0,cv,,0,"1,2,3,4,6,8",,,0,1.0,0.0002013512241555,0.9997986893099984,0.0003,ok,,,,
advection_diffusion,linear_interp,Linear interpolation,4,0.02,0.0,2,5,0,cv,,0,"1,2,3,4,6,8",,,0,1.0,4.338490640444442e-06,0.999995661528182,1e-05,ok,,,,
advection_diffusion,smoothing_spline_cv,Tuned smoothing spline,4,0.02,0.0,2,5,0,cv,,0,"1,2,3,4,6,8",0.0,6.174346816498243e-13,4,1.0,8.177737854769302e-06,0.9999918223290202,1e-05,ok,,,,
advection_diffusion,baseline,Baseline,4,0.02,0.0,3,1,0,cv,,0,"1,2,3,4,6,8",,,0,1.0,0.0002013512241555,0.9997986893099984,0.0003,ok,,,,
advection_diffusion,linear_interp,Linear interpolation,4,0.02,0.0,3,5,0,cv,,0,"1,2,3,4,6,8",,,0,1.0,2.094334429919088e-05,0.9999790570943152,3e-05,ok,,,,
advection_diffusion,smoothing_spline_cv,Tuned smoothing spline,4,0.02,0.0,3,5,0,cv,,0,"1,2,3,4,6,8",0.0,6.174346816498243e-13,4,1.0,8.076687682765379e-06,0.9999919233775496,1e-05,ok,,,,
advection_diffusion,baseline,Baseline,4,0.02,0.0,4,1,0,cv,,0,"1,2,3,4,6,8",,,0,1.0,0.0002013512241555,0.9997986893099984,0.0003,ok,,,,
advection_diffusion,linear_interp,Linear interpolation,4,0.02,0.0,4,5,0,cv,,0,"1,2,3,4,6,8",,,0,1.0,1.0030599403582392e-06,0.9999989969410656,0.0001,ok,,,,
advection_diffusion,smoothing_spline_cv,Tuned smoothing spline,4,0.02,0.0,4,5,0,cv,,0,"1,2,3,4,6,8",0.0,6.174346816498243e-13,4,1.0,8.035743113045382e-06,0.9999919643214596,1e-05,ok,,,,
advection_diffusion,baseline,Baseline,4,0.02,0.0,5,1,0,cv,,0,"1,2,3,4,6,8",,,0,1.0,0.0002013512241555,0.9997986893099984,0.0003,ok,,,,
advection_diffusion,linear_interp,Linear interpolation,4,0.02,0.0,5,5,0,cv,,0,"1,2,3,4,6,8",,,0,1.0,1.6852119270380743e-05,0.9999831481647188,0.0001,ok,,,,
advection_diffusion,smoothing_spline_cv,Tuned smoothing spline,4,0.02,0.0,5,5,0,cv,,0,"1,2,3,4,6,8",0.0,6.174346816498243e-13,4,1.0,7.95958715918455e-06,0.9999920404761954,1e-05,ok,,,,
advection_diffusion,baseline,Baseline,4,0.02,0.0,6,1,0,cv,,0,"1,2,3,4,6,8",,,0,1.0,0.0002013512241555,0.9997986893099984,0.0003,ok,,,,
advection_diffusion,linear_interp,Linear interpolation,4,0.02,0.0,6,5,0,cv,,0,"1,2,3,4,6,8",,,0,1.0,1.3683408377156269e-05,0.999986316778856,3e-05,ok,,,,
advection_diffusion,smoothing_spline_cv,Tuned smoothing spline,4,0.02,0.0,6,5,0,cv,,0,"1,2,3,4,6,8",0.0,6.174346816498243e-13,4,1.0,8.111158214070736e-06,0.9999918889075764,1e-05,ok,,,,
advection_diffusion,baseline,Baseline,4,0.02,0.0,7,1,0,cv,,0,"1,2,3,4,6,8",,,0,1.0,0.0002013512241555,0.9997986893099984,0.0003,ok,,,,
advection_diffusion,linear_interp,Linear interpolation,4,0.02,0.0,7,5,0,cv,,0,"1,2,3,4,6,8",,,0,1.0,4.174292732926091e-06,0.9999958257246916,3e-05,ok,,,,
advection_diffusion,smoothing_spline_cv,Tuned smoothing spline,4,0.02,0.0,7,5,0,cv,,0,"1,2,3,4,6,8",0.0,6.174346816498243e-13,4,1.0,8.078114403484475e-06,0.999991921950852,1e-05,ok,,,,
advection_diffusion,baseline,Baseline,4,0.02,0.01,0,1,0,cv,,0,"1,2,3,4,6,8",,,0,0.6666666666666666,0.0297163403968569,0.6474274909629292,0.1,ok,,,,
advection_diffusion,linear_interp,Linear interpolation,4,0.02,0.01,0,5,0,cv,,0,"1,2,3,4,6,8",,,0,0.6666666666666666,0.024874598860362,0.6504860862079959,0.1,ok,,,,
advection_diffusion,smoothing_spline_cv,Tuned smoothing spline,4,0.02,0.01,0,5,0,cv,,0,"1,2,3,4,6,8",0.0003,0.0029641335885533,4,0.6666666666666666,0.0203415480881151,0.6533759875953756,0.1,ok,,,,
advection_diffusion,baseline,Baseline,4,0.02,0.01,1,1,0,cv,,0,"1,2,3,4,6,8",,,0,0.6666666666666666,0.0298298721837473,0.647356116455434,0.1,ok,,,,
advection_diffusion,linear_interp,Linear interpolation,4,0.02,0.01,1,5,0,cv,,0,"1,2,3,4,6,8",,,0,0.6666666666666666,0.0254565248508726,0.6501169484134072,0.1,ok,,,,
advection_diffusion,smoothing_spline_cv,Tuned smoothing spline,4,0.02,0.01,1,5,0,cv,,0,"1,2,3,4,6,8",0.001,0.002864062698917,4,0.6666666666666666,0.0205888070844747,0.6532176935891931,0.03,ok,,,,
advection_diffusion,baseline,Baseline,4,0.02,0.01,2,1,0,cv,,0,"1,2,3,4,6,8",,,0,0.6666666666666666,0.0296101776431021,0.6474942469903944,0.1,ok,,,,
advection_diffusion,linear_interp,Linear interpolation,4,0.02,0.01,2,5,0,cv,,0,"1,2,3,4,6,8",,,0,0.6666666666666666,0.0247949322495846,0.6505366543950695,0.1,ok,,,,
advection_diffusion,smoothing_spline_cv,Tuned smoothing spline,4,0.02,0.01,2,5,0,cv,,0,"1,2,3,4,6,8",0.001,0.0029085378647302,4,0.6666666666666666,0.0205849177144337,0.6532201829512086,0.03,ok,,,,
advection_diffusion,baseline,Baseline,4,0.02,0.01,3,1,0,cv,,0,"1,2,3,4,6,8",,,0,0.6666666666666666,0.0294105269709532,0.6476198262983937,0.1,ok,,,,
advection_diffusion,linear_interp,Linear interpolation,4,0.02,0.01,3,5,0,cv,,0,"1,2,3,4,6,8",,,0,0.6666666666666666,0.024650621498911,0.6506282753153779,0.1,ok,,,,
advection_diffusion,smoothing_spline_cv,Tuned smoothing spline,4,0.02,0.01,3,5,0,cv,,0,"1,2,3,4,6,8",0.001,0.0028088353808515,4,0.6666666666666666,0.0207438143140703,0.653118497822747,0.1,ok,,,,
advection_diffusion,baseline,Baseline,4,0.02,0.01,4,1,0,cv,,0,"1,2,3,4,6,8",,,0,0.6666666666666666,0.0297690619335057,0.6473943443347636,0.1,ok,,,,
advection_diffusion,linear_interp,Linear interpolation,4,0.02,0.01,4,5,0,cv,,0,"1,2,3,4,6,8",,,0,0.6666666666666666,0.0254472060343608,0.650122856392402,0.1,ok,,,,
advection_diffusion,smoothing_spline_cv,Tuned smoothing spline,4,0.02,0.01,4,5,0,cv,,0,"1,2,3,4,6,8",0.001,0.0027196171070767,4,0.6666666666666666,0.0204774055355691,0.6532890028239138,0.03,ok,,,,
advection_diffusion,baseline,Baseline,4,0.02,0.01,5,1,0,cv,,0,"1,2,3,4,6,8",,,0,0.6666666666666666,0.0286427377145382,0.6481032162321797,0.1,ok,,,,
advection_diffusion,linear_interp,Linear interpolation,4,0.02,0.01,5,5,0,cv,,0,"1,2,3,4,6,8",,,0,0.6666666666666666,0.024829298039925,0.6505148398291544,0.1,ok,,,,
advection_diffusion,smoothing_spline_cv,Tuned smoothing spline,4,0.02,0.01,5,5,0,cv,,0,"1,2,3,4,6,8",0.0003,0.0027440404365274,4,0.6666666666666666,0.0202788555302824,0.653416135258602,0.1,ok,,,,
advection_diffusion,baseline,Baseline,4,0.02,0.01,6,1,0,cv,,0,"1,2,3,4,6,8",,,0,0.6666666666666666,0.0294189430507882,0.647614531641444,0.1,ok,,,,
advection_diffusion,linear_interp,Linear interpolation,4,0.02,0.01,6,5,0,cv,,0,"1,2,3,4,6,8",,,0,0.6666666666666666,0.0242174926146697,0.6509034179496087,0.1,ok,,,,
advection_diffusion,smoothing_spline_cv,Tuned smoothing spline,4,0.02,0.01,6,5,0,cv,,0,"1,2,3,4,6,8",0.001,0.0026020366789667,4,0.6666666666666666,0.0208032460069172,0.6530804729260717,0.1,ok,,,,
advection_diffusion,baseline,Baseline,4,0.02,0.01,7,1,0,cv,,0,"1,2,3,4,6,8",,,0,0.6666666666666666,0.029417616731351,0.647615366039192,0.1,ok,,,,
advection_diffusion,linear_interp,Linear interpolation,4,0.02,0.01,7,5,0,cv,,0,"1,2,3,4,6,8",,,0,0.6666666666666666,0.0247631304158643,0.6505568427272781,0.1,ok,,,,
advection_diffusion,smoothing_spline_cv,Tuned smoothing spline,4,0.02,0.01,7,5,0,cv,,0,"1,2,3,4,6,8",0.001,0.002432309712376,4,0.6666666666666666,0.0204855854203782,0.6532837662690163,0.03,ok,,,,
advection_diffusion,baseline,Baseline,4,0.02,0.03,0,1,0,cv,,0,"1,2,3,4,6,8",,,0,0.6666666666666666,0.1714318529042077,0.5691040968485449,0.3,ok,,,,
advection_diffusion,linear_interp,Linear interpolation,4,0.02,0.03,0,5,0,cv,,0,"1,2,3,4,6,8",,,0,0.6666666666666666,0.1257140197048328,0.5922167220067754,0.3,ok,,,,
advection_diffusion,smoothing_spline_cv,Tuned smoothing spline,4,0.02,0.03,0,5,0,cv,,0,"1,2,3,4,6,8",0.1,0.0238629762281017,4,0.6666666666666666,0.0279973822990439,0.6485100819767784,0.1,ok,,,,
advection_diffusion,baseline,Baseline,4,0.02,0.03,1,1,0,cv,,0,"1,2,3,4,6,8",,,0,0.6666666666666666,0.1630119040263047,0.5732242845999177,0.3,ok,,,,
advection_diffusion,linear_interp,Linear interpolation,4,0.02,0.03,1,5,0,cv,,0,"1,2,3,4,6,8",,,0,0.6666666666666666,0.1155027774860922,0.5976378366076982,0.3,ok,,,,
advection_diffusion,smoothing_spline_cv,Tuned smoothing spline,4,0.02,0.03,1,5,0,cv,,0,"1,2,3,4,6,8",0.03,0.0165332329519711,4,0.6666666666666666,0.0242014813370479,0.6509135934819816,0.1,ok,,,,
advection_diffusion,baseline,Baseline,4,0.02,0.03,2,1,0,cv,,0,"1,2,3,4,6,8",,,0,0.6666666666666666,0.1578167093926736,0.5757963771453626,0.3,ok,,,,
advection_diffusion,linear_interp,Linear interpolation,4,0.02,0.03,2,5,0,cv,,0,"1,2,3,4,6,8",,,0,0.6666666666666666,0.1121152374772008,0.5994582613389773,0.3,ok,,,,
advection_diffusion,smoothing_spline_cv,Tuned smoothing spline,4,0.02,0.03,2,5,0,cv,,0,"1,2,3,4,6,8",0.03,0.0169355651446907,4,0.6666666666666666,0.0256115345549087,0.6500186905132501,0.1,ok,,,,
advection_diffusion,baseline,Baseline,4,0.02,0.03,3,1,0,cv,,0,"1,2,3,4,6,8",,,0,0.6666666666666666,0.1645354040779477,0.5724743655986294,0.3,ok,,,,
advection_diffusion,linear_interp,Linear interpolation,4,0.02,0.03,3,5,0,cv,,0,"1,2,3,4,6,8",,,0,0.6666666666666666,0.1170908367340942,0.5967882330999338,0.3,ok,,,,
advection_diffusion,smoothing_spline_cv,Tuned smoothing spline,4,0.02,0.03,3,5,0,cv,,0,"1,2,3,4,6,8",0.03,0.018694305209465,4,0.6666666666666666,0.025581674008654,0.650037616273788,0.1,ok,,,,
advection_diffusion,baseline,Baseline,4,0.02,0.03,4,1,0,cv,,0,"1,2,3,4,6,8",,,0,0.6666666666666666,0.1655225850341764,0.5719894880004561,0.3,ok,,,,
advection_diffusion,linear_interp,Linear interpolation,4,0.02,0.03,4,5,0,cv,,0,"1,2,3,4,6,8",,,0,0.6666666666666666,0.1170615384589418,0.5968038856537629,0.3,ok,,,,
advection_diffusion,smoothing_spline_cv,Tuned smoothing spline,4,0.02,0.03,4,5,0,cv,,0,"1,2,3,4,6,8",0.03,0.018609200660216,4,0.6666666666666666,0.0250248936624911,0.6503907083511078,0.1,ok,,,,
advection_diffusion,baseline,Baseline,4,0.02,0.03,5,1,0,cv,,0,"1,2,3,4,6,8",,,0,0.6666666666666666,0.1528875668438774,0.5782581804500853,0.3,ok,,,,
advection_diffusion,linear_interp,Linear interpolation,4,0.02,0.03,5,5,0,cv,,0,"1,2,3,4,6,8",,,0,0.6666666666666666,0.1061304995149039,0.6027016405017626,0.3,ok,,,,
advection_diffusion,smoothing_spline_cv,Tuned smoothing spline,4,0.02,0.03,5,5,0,cv,,0,"1,2,3,4,6,8",0.03,0.0171925136180135,4,0.6666666666666666,0.0244564865876529,0.6507515696320659,0.1,ok,,,,
advection_diffusion,baseline,Baseline,4,0.02,0.03,6,1,0,cv,,0,"1,2,3,4,6,8",,,0,0.6666666666666666,0.168567462258428,0.5704990838767968,0.3,ok,,,,
advection_diffusion,linear_interp,Linear interpolation,4,0.02,0.03,6,5,0,cv,,0,"1,2,3,4,6,8",,,0,0.6666666666666666,0.1200833296923825,0.5951938119191174,0.3,ok,,,,
advection_diffusion,smoothing_spline_cv,Tuned smoothing spline,4,0.02,0.03,6,5,0,cv,,0,"1,2,3,4,6,8",0.03,0.019611537560217,4,0.6666666666666666,0.0200774258029091,0.6535451621644593,0.1,ok,,,,
advection_diffusion,baseline,Baseline,4,0.02,0.03,7,1,0,cv,,0,"1,2,3,4,6,8",,,0,0.6666666666666666,0.170230852461996,0.5696881647446712,0.3,ok,,,,
advection_diffusion,linear_interp,Linear interpolation,4,0.02,0.03,7,5,0,cv,,0,"1,2,3,4,6,8",,,0,0.6666666666666666,0.1275772613532783,0.5912381257729132,0.3,ok,,,,
advection_diffusion,smoothing_spline_cv,Tuned smoothing spline,4,0.02,0.03,7,5,0,cv,,0,"1,2,3,4,6,8",0.03,0.0185751185881876,4,0.6666666666666666,0.0214850091461918,0.652644591645941,0.1,ok,,,,
advection_diffusion,baseline,Baseline,4,0.02,0.05,0,1,0,cv,,0,"1,2,3,4,6,8",,,0,0.5,0.4239777998262688,0.351129069611199,0.3,ok,,,,
advection_diffusion,linear_interp,Linear interpolation,4,0.02,0.05,0,5,0,cv,,0,"1,2,3,4,6,8",,,0,0.5,0.364765344492745,0.3663633473825052,0.3,ok,,,,
advection_diffusion,smoothing_spline_cv,Tuned smoothing spline,4,0.02,0.05,0,5,0,cv,,0,"1,2,3,4,6,8",0.1,0.0401251656073414,4,0.6666666666666666,0.0241319047853768,0.6509578146639003,0.1,ok,,,,
advection_diffusion,baseline,Baseline,4,0.02,0.05,1,1,0,cv,,0,"1,2,3,4,6,8",,,0,0.5,0.4015836579368708,0.3567393192469148,0.3,ok,,,,
advection_diffusion,linear_interp,Linear interpolation,4,0.02,0.05,1,5,0,cv,,0,"1,2,3,4,6,8",,,0,0.5,0.3541481066642455,0.3692358299209087,0.3,ok,,,,
advection_diffusion,smoothing_spline_cv,Tuned smoothing spline,4,0.02,0.05,1,5,0,cv,,0,"1,2,3,4,6,8",0.1,0.0405309356782261,4,0.6666666666666666,0.0214403306558912,0.6526731387614038,0.3,ok,,,,
advection_diffusion,baseline,Baseline,4,0.02,0.05,2,1,0,cv,,0,"1,2,3,4,6,8",,,0,0.5,0.3820182935260377,0.3617897117152595,0.3,ok,,,,
advection_diffusion,linear_interp,Linear interpolation,4,0.02,0.05,2,5,0,cv,,0,"1,2,3,4,6,8",,,0,0.6666666666666666,0.263826594108923,0.5274985269135821,0.3,ok,,,,
advection_diffusion,smoothing_spline_cv,Tuned smoothing spline,4,0.02,0.05,2,5,0,cv,,0,"1,2,3,4,6,8",0.1,0.0388751670999764,4,0.6666666666666666,0.0204182282992663,0.6533268890911539,0.1,ok,,,,
advection_diffusion,baseline,Baseline,4,0.02,0.05,3,1,0,cv,,0,"1,2,3,4,6,8",,,0,0.5,0.4135864875131044,0.3537102288517489,0.3,ok,,,,
advection_diffusion,linear_interp,Linear interpolation,4,0.02,0.05,3,5,0,cv,,0,"1,2,3,4,6,8",,,0,0.5,0.3528176562461958,0.3695989608735608,0.3,ok,,,,
advection_diffusion,smoothing_spline_cv,Tuned smoothing spline,4,0.02,0.05,3,5,0,cv,,0,"1,2,3,4,6,8",0.1,0.0408175934278051,4,0.6666666666666666,0.0204067489551691,0.6533342388702255,0.1,ok,,,,
advection_diffusion,baseline,Baseline,4,0.02,0.05,4,1,0,cv,,0,"1,2,3,4,6,8",,,0,0.5,0.387622803974218,0.3603284686356956,0.3,ok,,,,
advection_diffusion,linear_interp,Linear interpolation,4,0.02,0.05,4,5,0,cv,,0,"1,2,3,4,6,8",,,0,0.6666666666666666,0.2815608741397992,0.5201989855644916,0.3,ok,,,,
advection_diffusion,smoothing_spline_cv,Tuned smoothing spline,4,0.02,0.05,4,5,0,cv,,0,"1,2,3,4,6,8",0.1,0.0419606623301121,4,0.6666666666666666,0.0204878368829564,0.6532823249544807,0.1,ok,,,,
advection_diffusion,baseline,Baseline,4,0.02,0.05,5,1,0,cv,,0,"1,2,3,4,6,8",,,0,0.6666666666666666,0.3488079553977876,0.4942635932704405,0.3,ok,,,,
advection_diffusion,linear_interp,Linear interpolation,4,0.02,0.05,5,5,0,cv,,0,"1,2,3,4,6,8",,,0,0.6666666666666666,0.2677187345299727,0.5258790049465066,0.3,ok,,,,
advection_diffusion,smoothing_spline_cv,Tuned smoothing spline,4,0.02,0.05,5,5,0,cv,,0,"1,2,3,4,6,8",0.1,0.0391066096847881,4,0.6666666666666666,0.0200311679741888,0.6535748000629096,0.1,ok,,,,
advection_diffusion,baseline,Baseline,4,0.02,0.05,6,1,0,cv,,0,"1,2,3,4,6,8",,,0,0.5,0.3852150480581739,0.3609547851078512,0.3,ok,,,,
advection_diffusion,linear_interp,Linear interpolation,4,0.02,0.05,6,5,0,cv,,0,"1,2,3,4,6,8",,,0,0.6666666666666666,0.2481892830456118,0.534107026652227,0.3,ok,,,,
advection_diffusion,smoothing_spline_cv,Tuned smoothing spline,4,0.02,0.05,6,5,0,cv,,0,"1,2,3,4,6,8",0.1,0.0375706062322761,4,0.6666666666666666,0.0261564381271337,0.6496735214012965,0.3,ok,,,,
advection_diffusion,baseline,Baseline,4,0.02,0.05,7,1,0,cv,,0,"1,2,3,4,6,8",,,0,0.6666666666666666,0.3316042105928393,0.5006492630192737,0.3,ok,,,,
advection_diffusion,linear_interp,Linear interpolation,4,0.02,0.05,7,5,0,cv,,0,"1,2,3,4,6,8",,,0,0.6666666666666666,0.2508379016876369,0.5329760680957912,0.3,ok,,,,
advection_diffusion,smoothing_spline_cv,Tuned smoothing spline,4,0.02,0.05,7,5,0,cv,,0,"1,2,3,4,6,8",0.1,0.0413260097589369,4,0.6666666666666666,0.0206499192532647,0.6531785816966684,0.1,ok,,,,
advection_diffusion,baseline,Baseline,4,0.02,0.1,0,1,0,cv,,0,"1,2,3,4,6,8",,,0,0.5,0.6461660550774145,0.3037360650572316,0.3,ok,,,,
advection_diffusion,linear_interp,Linear interpolation,4,0.02,0.1,0,5,0,cv,,0,"1,2,3,4,6,8",,,0,0.5,0.6382759060587798,0.3051988972985973,0.3,ok,,,,
advection_diffusion,smoothing_spline_cv,Tuned smoothing spline,4,0.02,0.1,0,5,0,cv,,0,"1,2,3,4,6,8",10.0,0.116750890178832,4,0.6666666666666666,0.043041242647354,0.6391565734971254,0.3,ok,,,,
advection_diffusion,baseline,Baseline,4,0.02,0.1,1,1,0,cv,,0,"1,2,3,4,6,8",,,0,0.5,0.6284476571520646,0.3070408789647145,0.3,ok,,,,
advection_diffusion,linear_interp,Linear interpolation,4,0.02,0.1,1,5,0,cv,,0,"1,2,3,4,6,8",,,0,0.4444444444444444,0.7816626017939343,0.2494548878092511,0.0003,ok,,,,
advection_diffusion,smoothing_spline_cv,Tuned smoothing spline,4,0.02,0.1,1,5,0,cv,,0,"1,2,3,4,6,8",10.0,0.1107422234640231,4,0.6666666666666666,0.0527254350155169,0.6332768683002706,0.3,ok,,,,
advection_diffusion,baseline,Baseline,4,0.02,0.1,2,1,0,cv,,0,"1,2,3,4,6,8",,,0,0.4,0.6932043193124356,0.2362384713041773,0.03,ok,,,,
advection_diffusion,linear_interp,Linear interpolation,4,0.02,0.1,2,5,0,cv,,0,"1,2,3,4,6,8",,,0,0.6666666666666666,0.6209091031366619,0.4112918271460029,0.3,ok,,,,
advection_diffusion,smoothing_spline_cv,Tuned smoothing spline,4,0.02,0.1,2,5,0,cv,,0,"1,2,3,4,6,8",10.0,0.1128550405819971,4,0.6666666666666666,0.0567913906978353,0.630840365028375,0.3,ok,,,,
advection_diffusion,baseline,Baseline,4,0.02,0.1,3,1,0,cv,,0,"1,2,3,4,6,8",,,0,0.4,0.721502662893046,0.2323551445036895,0.1,ok,,,,
advection_diffusion,linear_interp,Linear interpolation,4,0.02,0.1,3,5,0,cv,,0,"1,2,3,4,6,8",,,0,0.4,0.750341550867858,0.2285268265508929,0.1,ok,,,,
advection_diffusion,smoothing_spline_cv,Tuned smoothing spline,4,0.02,0.1,3,5,0,cv,,0,"1,2,3,4,6,8",10.0,0.1144543332097902,4,0.6666666666666666,0.0570213444230598,0.6307031264638696,0.3,ok,,,,
advection_diffusion,baseline,Baseline,4,0.02,0.1,4,1,0,cv,,0,"1,2,3,4,6,8",,,0,0.6666666666666666,0.6665848190614422,0.4000196443899616,0.3,ok,,,,
advection_diffusion,linear_interp,Linear interpolation,4,0.02,0.1,4,5,0,cv,,0,"1,2,3,4,6,8",,,0,0.6666666666666666,0.5709292769689621,0.424377262834499,0.3,ok,,,,
advection_diffusion,smoothing_spline_cv,Tuned smoothing spline,4,0.02,0.1,4,5,0,cv,,0,"1,2,3,4,6,8",10.0,0.1210482162303822,4,0.6666666666666666,0.0565273318112794,0.6309980315641743,0.3,ok,,,,
advection_diffusion,baseline,Baseline,4,0.02,0.1,5,1,0,cv,,0,"1,2,3,4,6,8",,,0,0.4,0.7036630037031447,0.2347882175820836,0.1,ok,,,,
advection_diffusion,linear_interp,Linear interpolation,4,0.02,0.1,5,5,0,cv,,0,"1,2,3,4,6,8",,,0,0.5,0.570081427154749,0.3184548211019118,0.3,ok,,,,
advection_diffusion,smoothing_spline_cv,Tuned smoothing spline,4,0.02,0.1,5,5,0,cv,,0,"1,2,3,4,6,8",10.0,0.1166786890247507,4,0.6666666666666666,0.0697682931057975,0.6231879099082019,0.3,ok,,,,
advection_diffusion,baseline,Baseline,4,0.02,0.1,6,1,0,cv,,0,"1,2,3,4,6,8",,,0,0.6666666666666666,0.667991060484622,0.3996823978618757,0.3,ok,,,,
advection_diffusion,linear_interp,Linear interpolation,4,0.02,0.1,6,5,0,cv,,0,"1,2,3,4,6,8",,,0,0.6666666666666666,0.5732645307642357,0.4237473442198711,0.3,ok,,,,
advection_diffusion,smoothing_spline_cv,Tuned smoothing spline,4,0.02,0.1,6,5,0,cv,,0,"1,2,3,4,6,8",10.0,0.1174730907616118,4,0.6666666666666666,0.0613465043826077,0.6281329084458341,0.3,ok,,,,
advection_diffusion,baseline,Baseline,4,0.02,0.1,7,1,0,cv,,0,"1,2,3,4,6,8",,,0,0.6666666666666666,0.6942592318955195,0.3934856331995942,0.3,ok,,,,
advection_diffusion,linear_interp,Linear interpolation,4,0.02,0.1,7,5,0,cv,,0,"1,2,3,4,6,8",,,0,0.6666666666666666,0.5990632198563027,0.416910762744312,0.3,ok,,,,
advection_diffusion,smoothing_spline_cv,Tuned smoothing spline,4,0.02,0.1,7,5,0,cv,,0,"1,2,3,4,6,8",10.0,0.110614366802181,4,0.6666666666666666,0.0493805038008623,0.6352954569405436,0.3,ok,,,,
advection_diffusion,baseline,Baseline,8,0.04,0.0,0,1,0,cv,,0,"1,2,3,4,6,8",,,0,1.0,0.0008049859231063,0.9991956615580168,0.001,ok,,,,
advection_diffusion,linear_interp,Linear interpolation,8,0.04,0.0,0,5,0,cv,,0,"1,2,3,4,6,8",,,0,1.0,3.294990594468314e-05,0.999967051179716,0.0001,ok,,,,
advection_diffusion,smoothing_spline_cv,Tuned smoothing spline,8,0.04,0.0,0,5,0,cv,,0,"1,2,3,4,6,8",0.0,1.2186900565077848e-10,4,1.0,3.225966379736601e-05,0.999967741376855,3e-05,ok,,,,
advection_diffusion,baseline,Baseline,8,0.04,0.0,1,1,0,cv,,0,"1,2,3,4,6,8",,,0,1.0,0.0008049859231063,0.9991956615580168,0.001,ok,,,,
advection_diffusion,linear_interp,Linear interpolation,8,0.04,0.0,1,5,0,cv,,0,"1,2,3,4,6,8",,,0,1.0,3.294990594468314e-05,0.999967051179716,0.0001,ok,,,,
advection_diffusion,smoothing_spline_cv,Tuned smoothing spline,8,0.04,0.0,1,5,0,cv,,0,"1,2,3,4,6,8",0.0,1.2186900565077848e-10,4,1.0,3.225966379736601e-05,0.999967741376855,3e-05,ok,,,,
advection_diffusion,baseline,Baseline,8,0.04,0.0,2,1,0,cv,,0,"1,2,3,4,6,8",,,0,1.0,0.0008049859231063,0.9991956615580168,0.001,ok,,,,
advection_diffusion,linear_interp,Linear interpolation,8,0.04,0.0,2,5,0,cv,,0,"1,2,3,4,6,8",,,0,1.0,3.294990594468314e-05,0.999967051179716,0.0001,ok,,,,
advection_diffusion,smoothing_spline_cv,Tuned smoothing spline,8,0.04,0.0,2,5,0,cv,,0,"1,2,3,4,6,8",0.0,1.2186900565077848e-10,4,1.0,3.225966379736601e-05,0.999967741376855,3e-05,ok,,,,
advection_diffusion,baseline,Baseline,8,0.04,0.0,3,1,0,cv,,0,"1,2,3,4,6,8",,,0,1.0,0.0008049859231063,0.9991956615580168,0.001,ok,,,,
advection_diffusion,linear_interp,Linear interpolation,8,0.04,0.0,3,5,0,cv,,0,"1,2,3,4,6,8",,,0,1.0,3.294990594468314e-05,0.999967051179716,0.0001,ok,,,,
advection_diffusion,smoothing_spline_cv,Tuned smoothing spline,8,0.04,0.0,3,5,0,cv,,0,"1,2,3,4,6,8",0.0,1.2186900565077848e-10,4,1.0,3.225966379736601e-05,0.999967741376855,3e-05,ok,,,,
advection_diffusion,baseline,Baseline,8,0.04,0.0,4,1,0,cv,,0,"1,2,3,4,6,8",,,0,1.0,0.0008049859231063,0.9991956615580168,0.001,ok,,,,
advection_diffusion,linear_interp,Linear interpolation,8,0.04,0.0,4,5,0,cv,,0,"1,2,3,4,6,8",,,0,1.0,3.294990594468314e-05,0.999967051179716,0.0001,ok,,,,
advection_diffusion,smoothing_spline_cv,Tuned smoothing spline,8,0.04,0.0,4,5,0,cv,,0,"1,2,3,4,6,8",0.0,1.2186900565077848e-10,4,1.0,3.225966379736601e-05,0.999967741376855,3e-05,ok,,,,
advection_diffusion,baseline,Baseline,8,0.04,0.0,5,1,0,cv,,0,"1,2,3,4,6,8",,,0,1.0,0.0008049859231063,0.9991956615580168,0.001,ok,,,,
advection_diffusion,linear_interp,Linear interpolation,8,0.04,0.0,5,5,0,cv,,0,"1,2,3,4,6,8",,,0,1.0,3.294990594468314e-05,0.999967051179716,0.0001,ok,,,,
advection_diffusion,smoothing_spline_cv,Tuned smoothing spline,8,0.04,0.0,5,5,0,cv,,0,"1,2,3,4,6,8",0.0,1.2186900565077848e-10,4,1.0,3.225966379736601e-05,0.999967741376855,3e-05,ok,,,,
advection_diffusion,baseline,Baseline,8,0.04,0.0,6,1,0,cv,,0,"1,2,3,4,6,8",,,0,1.0,0.0008049859231063,0.9991956615580168,0.001,ok,,,,
advection_diffusion,linear_interp,Linear interpolation,8,0.04,0.0,6,5,0,cv,,0,"1,2,3,4,6,8",,,0,1.0,3.294990594468314e-05,0.999967051179716,0.0001,ok,,,,
advection_diffusion,smoothing_spline_cv,Tuned smoothing spline,8,0.04,0.0,6,5,0,cv,,0,"1,2,3,4,6,8",0.0,1.2186900565077848e-10,4,1.0,3.225966379736601e-05,0.999967741376855,3e-05,ok,,,,
advection_diffusion,baseline,Baseline,8,0.04,0.0,7,1,0,cv,,0,"1,2,3,4,6,8",,,0,1.0,0.0008049859231063,0.9991956615580168,0.001,ok,,,,
advection_diffusion,linear_interp,Linear interpolation,8,0.04,0.0,7,5,0,cv,,0,"1,2,3,4,6,8",,,0,1.0,3.294990594468314e-05,0.999967051179716,0.0001,ok,,,,
advection_diffusion,smoothing_spline_cv,Tuned smoothing spline,8,0.04,0.0,7,5,0,cv,,0,"1,2,3,4,6,8",0.0,1.2186900565077848e-10,4,1.0,3.225966379736601e-05,0.999967741376855,3e-05,ok,,,,
advection_diffusion,baseline,Baseline,8,0.04,0.01,0,1,0,cv,,0,"1,2,3,4,6,8",,,0,0.6666666666666666,0.0307662212045878,0.6467680575403195,0.1,ok,,,,
advection_diffusion,linear_interp,Linear interpolation,8,0.04,0.01,0,5,0,cv,,0,"1,2,3,4,6,8",,,0,0.6666666666666666,0.0252071168307275,0.6502751060952109,0.1,ok,,,,
advection_diffusion,smoothing_spline_cv,Tuned smoothing spline,8,0.04,0.01,0,5,0,cv,,0,"1,2,3,4,6,8",0.001,0.0029471597887779,4,0.6666666666666666,0.0201970298570682,0.6534685429931786,0.1,ok,,,,
advection_diffusion,baseline,Baseline,8,0.04,0.01,1,1,0,cv,,0,"1,2,3,4,6,8",,,0,0.6666666666666666,0.0284358678402085,0.6482335821938182,0.1,ok,,,,
advection_diffusion,linear_interp,Linear interpolation,8,0.04,0.01,1,5,0,cv,,0,"1,2,3,4,6,8",,,0,0.6666666666666666,0.0235428424613784,0.6513324494199881,0.1,ok,,,,
advection_diffusion,smoothing_spline_cv,Tuned smoothing spline,8,0.04,0.01,1,5,0,cv,,0,"1,2,3,4,6,8",0.001,0.0030823356382602,4,0.6666666666666666,0.0204824335591184,0.6532857840007545,0.1,ok,,,,
advection_diffusion,baseline,Baseline,8,0.04,0.01,2,1,0,cv,,0,"1,2,3,4,6,8",,,0,0.6666666666666666,0.0302745843103516,0.6470766888934973,0.1,ok,,,,
advection_diffusion,linear_interp,Linear interpolation,8,0.04,0.01,2,5,0,cv,,0,"1,2,3,4,6,8",,,0,0.6666666666666666,0.0252644765865788,0.65023872560786,0.1,ok,,,,
advection_diffusion,smoothing_spline_cv,Tuned smoothing spline,8,0.04,0.01,2,5,0,cv,,0,"1,2,3,4,6,8",0.0003,0.0026494686810266,4,0.5,0.5632909884711675,0.3198380875264808,0.3,ok,,,,
advection_diffusion,baseline,Baseline,8,0.04,0.01,3,1,0,cv,,0,"1,2,3,4,6,8",,,0,0.6666666666666666,0.0295991825408473,0.6475011615893722,0.1,ok,,,,
advection_diffusion,linear_interp,Linear interpolation,8,0.04,0.01,3,5,0,cv,,0,"1,2,3,4,6,8",,,0,0.6666666666666666,0.0243127127225179,0.6508429099691002,0.1,ok,,,,
advection_diffusion,smoothing_spline_cv,Tuned smoothing spline,8,0.04,0.01,3,5,0,cv,,0,"1,2,3,4,6,8",0.001,0.0026339932416493,4,0.6666666666666666,0.0204418880892525,0.6533117411663494,0.1,ok,,,,
advection_diffusion,baseline,Baseline,8,0.04,0.01,4,1,0,cv,,0,"1,2,3,4,6,8",,,0,0.6666666666666666,0.0299297023672823,0.6472933687943365,0.1,ok,,,,
advection_diffusion,linear_interp,Linear interpolation,8,0.04,0.01,4,5,0,cv,,0,"1,2,3,4,6,8",,,0,0.6666666666666666,0.0247663560184494,0.6505547950040861,0.1,ok,,,,
advection_diffusion,smoothing_spline_cv,Tuned smoothing spline,8,0.04,0.01,4,5,0,cv,,0,"1,2,3,4,6,8",0.0003,0.0024632867284076,4,0.6666666666666666,0.020648363927852,0.6531795770495079,0.1,ok,,,,
advection_diffusion,baseline,Baseline,8,0.04,0.01,5,1,0,cv,,0,"1,2,3,4,6,8",,,0,0.6666666666666666,0.0313211240462507,0.6464200636665803,0.1,ok,,,,
advection_diffusion,linear_interp,Linear interpolation,8,0.04,0.01,5,5,0,cv,,0,"1,2,3,4,6,8",,,0,0.6666666666666666,0.0260712956815569,0.6497274307082535,0.1,ok,,,,
advection_diffusion,smoothing_spline_cv,Tuned smoothing spline,8,0.04,0.01,5,5,0,cv,,0,"1,2,3,4,6,8",0.001,0.0028358751128068,4,0.6666666666666666,0.0202398110500824,0.653441141431738,0.1,ok,,,,
advection_diffusion,baseline,Baseline,8,0.04,0.01,6,1,0,cv,,0,"1,2,3,4,6,8",,,0,0.6666666666666666,0.0286734028588545,0.6480838960294775,0.1,ok,,,,
advection_diffusion,linear_interp,Linear interpolation,8,0.04,0.01,6,5,0,cv,,0,"1,2,3,4,6,8",,,0,0.6666666666666666,0.0243521620863569,0.65081784501614,0.1,ok,,,,
advection_diffusion,smoothing_spline_cv,Tuned smoothing spline,8,0.04,0.01,6,5,0,cv,,0,"1,2,3,4,6,8",0.001,0.002386047509118,4,0.6666666666666666,0.0203487349295982,0.6533713855318938,0.1,ok,,,,
advection_diffusion,baseline,Baseline,8,0.04,0.01,7,1,0,cv,,0,"1,2,3,4,6,8",,,0,0.6666666666666666,0.028783517835569,0.6480145289159077,0.1,ok,,,,
advection_diffusion,linear_interp,Linear interpolation,8,0.04,0.01,7,5,0,cv,,0,"1,2,3,4,6,8",,,0,0.6666666666666666,0.0237908251507724,0.6511746836259129,0.1,ok,,,,
advection_diffusion,smoothing_spline_cv,Tuned smoothing spline,8,0.04,0.01,7,5,0,cv,,0,"1,2,3,4,6,8",0.001,0.0027771341127769,4,0.6666666666666666,0.0205252992218867,0.6532583436931702,0.1,ok,,,,
advection_diffusion,baseline,Baseline,8,0.04,0.03,0,1,0,cv,,0,"1,2,3,4,6,8",,,0,0.6666666666666666,0.170389909642572,0.5696107435429458,0.3,ok,,,,
advection_diffusion,linear_interp,Linear interpolation,8,0.04,0.03,0,5,0,cv,,0,"1,2,3,4,6,8",,,0,0.6666666666666666,0.1258932680517642,0.5921224378757152,0.3,ok,,,,
advection_diffusion,smoothing_spline_cv,Tuned smoothing spline,8,0.04,0.03,0,5,0,cv,,0,"1,2,3,4,6,8",0.03,0.0160286997934259,4,0.6666666666666666,0.0209057627613106,0.6530148922496917,0.1,ok,,,,
advection_diffusion,baseline,Baseline,8,0.04,0.03,1,1,0,cv,,0,"1,2,3,4,6,8",,,0,0.6666666666666666,0.161659698267073,0.5738915343806613,0.3,ok,,,,
advection_diffusion,linear_interp,Linear interpolation,8,0.04,0.03,1,5,0,cv,,0,"1,2,3,4,6,8",,,0,0.6666666666666666,0.1135774807358485,0.5986711101827736,0.3,ok,,,,
advection_diffusion,smoothing_spline_cv,Tuned smoothing spline,8,0.04,0.03,1,5,0,cv,,0,"1,2,3,4,6,8",0.03,0.018116633674788,4,0.6666666666666666,0.0206524441729153,0.6531769658445282,0.1,ok,,,,
advection_diffusion,baseline,Baseline,8,0.04,0.03,2,1,0,cv,,0,"1,2,3,4,6,8",,,0,0.6666666666666666,0.1584304473641132,0.5754913194690252,0.3,ok,,,,
advection_diffusion,linear_interp,Linear interpolation,8,0.04,0.03,2,5,0,cv,,0,"1,2,3,4,6,8",,,0,0.6666666666666666,0.1108323871939146,0.6001505486806523,0.3,ok,,,,
advection_diffusion,smoothing_spline_cv,Tuned smoothing spline,8,0.04,0.03,2,5,0,cv,,0,"1,2,3,4,6,8",0.03,0.0156213202941652,4,0.6666666666666666,0.0210506468280106,0.6529222313679826,0.1,ok,,,,
advection_diffusion,baseline,Baseline,8,0.04,0.03,3,1,0,cv,,0,"1,2,3,4,6,8",,,0,0.6666666666666666,0.1680132284181018,0.5707697913400915,0.3,ok,,,,
advection_diffusion,linear_interp,Linear interpolation,8,0.04,0.03,3,5,0,cv,,0,"1,2,3,4,6,8",,,0,0.6666666666666666,0.1230550930694301,0.5936188445079708,0.3,ok,,,,
advection_diffusion,smoothing_spline_cv,Tuned smoothing spline,8,0.04,0.03,3,5,0,cv,,0,"1,2,3,4,6,8",0.03,0.0184910922190525,4,0.6666666666666666,0.0203422107024619,0.653375563290374,0.1,ok,,,,
advection_diffusion,baseline,Baseline,8,0.04,0.03,4,1,0,cv,,0,"1,2,3,4,6,8",,,0,0.6666666666666666,0.1621049524009101,0.5736716509892954,0.3,ok,,,,
advection_diffusion,linear_interp,Linear interpolation,8,0.04,0.03,4,5,0,cv,,0,"1,2,3,4,6,8",,,0,0.6666666666666666,0.114698232239525,0.598069188041391,0.3,ok,,,,
advection_diffusion,smoothing_spline_cv,Tuned smoothing spline,8,0.04,0.03,4,5,0,cv,,0,"1,2,3,4,6,8",0.03,0.0156015598737109,4,0.6666666666666666,0.0208457971234691,0.6530532510837527,0.1,ok,,,,
advection_diffusion,baseline,Baseline,8,0.04,0.03,5,1,0,cv,,0,"1,2,3,4,6,8",,,0,0.6666666666666666,0.1667855228004159,0.5713703621095607,0.3,ok,,,,
advection_diffusion,linear_interp,Linear interpolation,8,0.04,0.03,5,5,0,cv,,0,"1,2,3,4,6,8",,,0,0.6666666666666666,0.1171276945030522,0.5967685430654635,0.3,ok,,,,
advection_diffusion,smoothing_spline_cv,Tuned smoothing spline,8,0.04,0.03,5,5,0,cv,,0,"1,2,3,4,6,8",0.03,0.0170230007560776,4,0.6666666666666666,0.0217594310014672,0.6524693058259712,0.1,ok,,,,
advection_diffusion,baseline,Baseline,8,0.04,0.03,6,1,0,cv,,0,"1,2,3,4,6,8",,,0,0.6666666666666666,0.1716463124673415,0.5689999273439008,0.3,ok,,,,
advection_diffusion,linear_interp,Linear interpolation,8,0.04,0.03,6,5,0,cv,,0,"1,2,3,4,6,8",,,0,0.6666666666666666,0.1198963624509587,0.5952931798149853,0.3,ok,,,,
advection_diffusion,smoothing_spline_cv,Tuned smoothing spline,8,0.04,0.03,6,5,0,cv,,0,"1,2,3,4,6,8",0.03,0.021366819737245,4,0.6666666666666666,0.0201613933382564,0.6534913701107085,0.1,ok,,,,
advection_diffusion,baseline,Baseline,8,0.04,0.03,7,1,0,cv,,0,"1,2,3,4,6,8",,,0,0.6666666666666666,0.1667976996353554,0.5713643992227715,0.3,ok,,,,
advection_diffusion,linear_interp,Linear interpolation,8,0.04,0.03,7,5,0,cv,,0,"1,2,3,4,6,8",,,0,0.6666666666666666,0.1199660477146861,0.5952561401544392,0.3,ok,,,,
advection_diffusion,smoothing_spline_cv,Tuned smoothing spline,8,0.04,0.03,7,5,0,cv,,0,"1,2,3,4,6,8",0.03,0.0162019508158904,4,0.6666666666666666,0.0213702425870256,0.6527179262419752,0.1,ok,,,,
advection_diffusion,baseline,Baseline,8,0.04,0.05,0,1,0,cv,,0,"1,2,3,4,6,8",,,0,0.6666666666666666,0.3355155188426287,0.4991830175394792,0.3,ok,,,,
advection_diffusion,linear_interp,Linear interpolation,8,0.04,0.05,0,5,0,cv,,0,"1,2,3,4,6,8",,,0,0.6666666666666666,0.2529949347133576,0.5320585488393672,0.3,ok,,,,
advection_diffusion,smoothing_spline_cv,Tuned smoothing spline,8,0.04,0.05,0,5,0,cv,,0,"1,2,3,4,6,8",0.1,0.0423061681406129,4,0.6666666666666666,0.0286870832062429,0.6480752772638885,0.1,ok,,,,
advection_diffusion,baseline,Baseline,8,0.04,0.05,1,1,0,cv,,0,"1,2,3,4,6,8",,,0,0.5,0.3975640413907923,0.3577653582890002,0.3,ok,,,,
advection_diffusion,linear_interp,Linear interpolation,8,0.04,0.05,1,5,0,cv,,0,"1,2,3,4,6,8",,,0,0.6666666666666666,0.2872103453431192,0.517915870610067,0.3,ok,,,,
advection_diffusion,smoothing_spline_cv,Tuned smoothing spline,8,0.04,0.05,1,5,0,cv,,0,"1,2,3,4,6,8",0.1,0.0428785432123616,4,0.6666666666666666,0.0331824149860597,0.6452555299014275,0.3,ok,,,,
advection_diffusion,baseline,Baseline,8,0.04,0.05,2,1,0,cv,,0,"1,2,3,4,6,8",,,0,0.5,0.4015912663298414,0.356737382724482,0.3,ok,,,,
advection_diffusion,linear_interp,Linear interpolation,8,0.04,0.05,2,5,0,cv,,0,"1,2,3,4,6,8",,,0,0.5,0.3511283097086287,0.3700610788828969,0.3,ok,,,,
advection_diffusion,smoothing_spline_cv,Tuned smoothing spline,8,0.04,0.05,2,5,0,cv,,0,"1,2,3,4,6,8",0.1,0.0422438858178273,4,0.6666666666666666,0.0340183957769675,0.644733855209345,0.3,ok,,,,
advection_diffusion,baseline,Baseline,8,0.04,0.05,3,1,0,cv,,0,"1,2,3,4,6,8",,,0,0.5,0.3795688831421751,0.3624320656328338,0.3,ok,,,,
advection_diffusion,linear_interp,Linear interpolation,8,0.04,0.05,3,5,0,cv,,0,"1,2,3,4,6,8",,,0,0.6666666666666666,0.2432412568188065,0.5362327408378699,0.3,ok,,,,
advection_diffusion,smoothing_spline_cv,Tuned smoothing spline,8,0.04,0.05,3,5,0,cv,,0,"1,2,3,4,6,8",0.1,0.0402121762787392,4,0.6666666666666666,0.0338673512611259,0.6448280486403379,0.3,ok,,,,
advection_diffusion,baseline,Baseline,8,0.04,0.05,4,1,0,cv,,0,"1,2,3,4,6,8",,,0,0.6666666666666666,0.3436867327062839,0.4961473909353491,0.3,ok,,,,
advection_diffusion,linear_interp,Linear interpolation,8,0.04,0.05,4,5,0,cv,,0,"1,2,3,4,6,8",,,0,0.6666666666666666,0.2640694690668438,0.5273971747445261,0.3,ok,,,,
advection_diffusion,smoothing_spline_cv,Tuned smoothing spline,8,0.04,0.05,4,5,0,cv,,0,"1,2,3,4,6,8",0.1,0.0395853534265728,4,0.6666666666666666,0.0330988728989728,0.6453077088313312,0.3,ok,,,,
advection_diffusion,baseline,Baseline,8,0.04,0.05,5,1,0,cv,,0,"1,2,3,4,6,8",,,0,0.5,0.4115091320341163,0.3542307935900162,0.3,ok,,,,
advection_diffusion,linear_interp,Linear interpolation,8,0.04,0.05,5,5,0,cv,,0,"1,2,3,4,6,8",,,0,0.5,0.3484770244178081,0.3707886682132164,0.3,ok,,,,
advection_diffusion,smoothing_spline_cv,Tuned smoothing spline,8,0.04,0.05,5,5,0,cv,,0,"1,2,3,4,6,8",0.1,0.0393219620804555,4,0.6666666666666666,0.0279422281664506,0.6485448777173067,0.1,ok,,,,
advection_diffusion,baseline,Baseline,8,0.04,0.05,6,1,0,cv,,0,"1,2,3,4,6,8",,,0,0.6666666666666666,0.3425273558011117,0.4965758528390313,0.3,ok,,,,
advection_diffusion,linear_interp,Linear interpolation,8,0.04,0.05,6,5,0,cv,,0,"1,2,3,4,6,8",,,0,0.6666666666666666,0.262226739277808,0.5281671239575425,0.3,ok,,,,
advection_diffusion,smoothing_spline_cv,Tuned smoothing spline,8,0.04,0.05,6,5,0,cv,,0,"1,2,3,4,6,8",0.1,0.0419416278013169,4,0.6666666666666666,0.0353730809451419,0.6438902835469692,0.3,ok,,,,
advection_diffusion,baseline,Baseline,8,0.04,0.05,7,1,0,cv,,0,"1,2,3,4,6,8",,,0,0.6666666666666666,0.3575083291950884,0.4910958204300339,0.3,ok,,,,
advection_diffusion,linear_interp,Linear interpolation,8,0.04,0.05,7,5,0,cv,,0,"1,2,3,4,6,8",,,0,0.6666666666666666,0.2756923943407406,0.522592021104892,0.3,ok,,,,
advection_diffusion,smoothing_spline_cv,Tuned smoothing spline,8,0.04,0.05,7,5,0,cv,,0,"1,2,3,4,6,8",0.1,0.0395531098254865,4,0.6666666666666666,0.0298006352201204,0.6473744954761717,0.1,ok,,,,
advection_diffusion,baseline,Baseline,8,0.04,0.1,0,1,0,cv,,0,"1,2,3,4,6,8",,,0,0.6666666666666666,0.6881297423368145,0.3949143540020953,0.3,ok,,,,
advection_diffusion,linear_interp,Linear interpolation,8,0.04,0.1,0,5,0,cv,,0,"1,2,3,4,6,8",,,0,0.5,0.5545070156165136,0.3216453801604113,0.3,ok,,,,
advection_diffusion,smoothing_spline_cv,Tuned smoothing spline,8,0.04,0.1,0,5,0,cv,,0,"1,2,3,4,6,8",10.0,0.1149070365745825,4,0.6666666666666666,0.1232416152927208,0.5935202698957435,0.3,ok,,,,
advection_diffusion,baseline,Baseline,8,0.04,0.1,1,1,0,cv,,0,"1,2,3,4,6,8",,,0,0.6666666666666666,0.6946403663668106,0.3933971359929027,0.3,ok,,,,
advection_diffusion,linear_interp,Linear interpolation,8,0.04,0.1,1,5,0,cv,,0,"1,2,3,4,6,8",,,0,0.6666666666666666,0.6046393496448852,0.4154619957526302,0.3,ok,,,,
advection_diffusion,smoothing_spline_cv,Tuned smoothing spline,8,0.04,0.1,1,5,0,cv,,0,"1,2,3,4,6,8",0.3,0.1169550629680597,4,0.6666666666666666,0.1446299364478638,0.5824298713831798,0.3,ok,,,,
advection_diffusion,baseline,Baseline,8,0.04,0.1,2,1,0,cv,,0,"1,2,3,4,6,8",,,0,0.5,0.6238479874111108,0.3079105950041213,0.3,ok,,,,
advection_diffusion,linear_interp,Linear interpolation,8,0.04,0.1,2,5,0,cv,,0,"1,2,3,4,6,8",,,0,0.5,0.565735031799374,0.3193388343782473,0.3,ok,,,,
advection_diffusion,smoothing_spline_cv,Tuned smoothing spline,8,0.04,0.1,2,5,0,cv,,0,"1,2,3,4,6,8",0.3,0.122790555918508,4,0.6666666666666666,0.1344427388725188,0.5876600412015879,0.3,ok,,,,
advection_diffusion,baseline,Baseline,8,0.04,0.1,3,1,0,cv,,0,"1,2,3,4,6,8",,,0,0.6666666666666666,0.645859858327931,0.4050567630611937,0.3,ok,,,,
advection_diffusion,linear_interp,Linear interpolation,8,0.04,0.1,3,5,0,cv,,0,"1,2,3,4,6,8",,,0,0.6666666666666666,0.5374285682923736,0.4336244820838312,0.3,ok,,,,
advection_diffusion,smoothing_spline_cv,Tuned smoothing spline,8,0.04,0.1,3,5,0,cv,,0,"1,2,3,4,6,8",0.3,0.116751126403303,4,0.6666666666666666,0.1347854787544133,0.5874825499163304,0.3,ok,,,,
advection_diffusion,baseline,Baseline,8,0.04,0.1,4,1,0,cv,,0,"1,2,3,4,6,8",,,0,0.6666666666666666,0.6538595547929847,0.4030975089357657,0.3,ok,,,,
advection_diffusion,linear_interp,Linear interpolation,8,0.04,0.1,4,5,0,cv,,0,"1,2,3,4,6,8",,,0,0.5,0.5342986784767026,0.3258817901716599,0.3,ok,,,,
advection_diffusion,smoothing_spline_cv,Tuned smoothing spline,8,0.04,0.1,4,5,0,cv,,0,"1,2,3,4,6,8",10.0,0.1150539463922872,4,0.6666666666666666,0.117010426971884,0.5968311938447528,0.3,ok,,,,
advection_diffusion,baseline,Baseline,8,0.04,0.1,5,1,0,cv,,0,"1,2,3,4,6,8",,,0,0.6666666666666666,0.6855451338041632,0.3955199141787703,0.3,ok,,,,
advection_diffusion,linear_interp,Linear interpolation,8,0.04,0.1,5,5,0,cv,,0,"1,2,3,4,6,8",,,0,0.6666666666666666,0.5943852000257531,0.4181340034114079,0.3,ok,,,,
advection_diffusion,smoothing_spline_cv,Tuned smoothing spline,8,0.04,0.1,5,5,0,cv,,0,"1,2,3,4,6,8",0.3,0.1160742527254868,4,0.6666666666666666,0.1353887825615049,0.5871703833136582,0.3,ok,,,,
advection_diffusion,baseline,Baseline,8,0.04,0.1,6,1,0,cv,,0,"1,2,3,4,6,8",,,0,0.5,0.6236250828236017,0.3079528674997209,0.3,ok,,,,
advection_diffusion,linear_interp,Linear interpolation,8,0.04,0.1,6,5,0,cv,,0,"1,2,3,4,6,8",,,0,0.5,0.5665504458879403,0.3191726135040572,0.3,ok,,,,
advection_diffusion,smoothing_spline_cv,Tuned smoothing spline,8,0.04,0.1,6,5,0,cv,,0,"1,2,3,4,6,8",10.0,0.1092006768590403,4,0.6666666666666666,0.1295954283511531,0.5901818030901436,0.3,ok,,,,
advection_diffusion,baseline,Baseline,8,0.04,0.1,7,1,0,cv,,0,"1,2,3,4,6,8",,,0,0.5,0.6263634953039867,0.3074343475143876,0.3,ok,,,,
advection_diffusion,linear_interp,Linear interpolation,8,0.04,0.1,7,5,0,cv,,0,"1,2,3,4,6,8",,,0,0.5,0.5841698414788153,0.3156227235920943,0.3,ok,,,,
advection_diffusion,smoothing_spline_cv,Tuned smoothing spline,8,0.04,0.1,7,5,0,cv,,0,"1,2,3,4,6,8",10.0,0.1161935893736822,4,0.6666666666666666,0.0903337986439647,0.6114335513544495,0.3,ok,,,,
advection_diffusion,baseline,Baseline,16,0.08,0.0,0,1,0,cv,,0,"1,2,3,4,6,8",,,0,1.0,0.003214628511957,0.9967956722115136,0.003,ok,,,,
advection_diffusion,linear_interp,Linear interpolation,16,0.08,0.0,0,5,0,cv,,0,"1,2,3,4,6,8",,,0,1.0,0.0001234257140414,0.9998765895179854,0.0003,ok,,,,
advection_diffusion,smoothing_spline_cv,Tuned smoothing spline,16,0.08,0.0,0,5,0,cv,,0,"1,2,3,4,6,8",0.0,3.7523789866657504e-08,4,1.0,0.000129664978009,0.9998703518328176,0.0003,ok,,,,
advection_diffusion,baseline,Baseline,16,0.08,0.0,1,1,0,cv,,0,"1,2,3,4,6,8",,,0,1.0,0.003214628511957,0.9967956722115136,0.003,ok,,,,
advection_diffusion,linear_interp,Linear interpolation,16,0.08,0.0,1,5,0,cv,,0,"1,2,3,4,6,8",,,0,1.0,0.0001234257140414,0.9998765895179854,0.0003,ok,,,,
advection_diffusion,smoothing_spline_cv,Tuned smoothing spline,16,0.08,0.0,1,5,0,cv,,0,"1,2,3,4,6,8",0.0,3.7523789866657504e-08,4,1.0,0.000129664978009,0.9998703518328176,0.0003,ok,,,,
advection_diffusion,baseline,Baseline,16,0.08,0.0,2,1,0,cv,,0,"1,2,3,4,6,8",,,0,1.0,0.003214628511957,0.9967956722115136,0.003,ok,,,,
advection_diffusion,linear_interp,Linear interpolation,16,0.08,0.0,2,5,0,cv,,0,"1,2,3,4,6,8",,,0,1.0,0.0001234257140414,0.9998765895179854,0.0003,ok,,,,
advection_diffusion,smoothing_spline_cv,Tuned smoothing spline,16,0.08,0.0,2,5,0,cv,,0,"1,2,3,4,6,8",0.0,3.7523789866657504e-08,4,1.0,0.000129664978009,0.9998703518328176,0.0003,ok,,,,
advection_diffusion,baseline,Baseline,16,0.08,0.0,3,1,0,cv,,0,"1,2,3,4,6,8",,,0,1.0,0.003214628511957,0.9967956722115136,0.003,ok,,,,
advection_diffusion,linear_interp,Linear interpolation,16,0.08,0.0,3,5,0,cv,,0,"1,2,3,4,6,8",,,0,1.0,0.0001234257140414,0.9998765895179854,0.0003,ok,,,,
advection_diffusion,smoothing_spline_cv,Tuned smoothing spline,16,0.08,0.0,3,5,0,cv,,0,"1,2,3,4,6,8",0.0,3.7523789866657504e-08,4,1.0,0.000129664978009,0.9998703518328176,0.0003,ok,,,,
advection_diffusion,baseline,Baseline,16,0.08,0.0,4,1,0,cv,,0,"1,2,3,4,6,8",,,0,1.0,0.003214628511957,0.9967956722115136,0.003,ok,,,,
advection_diffusion,linear_interp,Linear interpolation,16,0.08,0.0,4,5,0,cv,,0,"1,2,3,4,6,8",,,0,1.0,0.0001234257140414,0.9998765895179854,0.0003,ok,,,,
advection_diffusion,smoothing_spline_cv,Tuned smoothing spline,16,0.08,0.0,4,5,0,cv,,0,"1,2,3,4,6,8",0.0,3.7523789866657504e-08,4,1.0,0.000129664978009,0.9998703518328176,0.0003,ok,,,,
advection_diffusion,baseline,Baseline,16,0.08,0.0,5,1,0,cv,,0,"1,2,3,4,6,8",,,0,1.0,0.003214628511957,0.9967956722115136,0.003,ok,,,,
advection_diffusion,linear_interp,Linear interpolation,16,0.08,0.0,5,5,0,cv,,0,"1,2,3,4,6,8",,,0,1.0,0.0001234257140414,0.9998765895179854,0.0003,ok,,,,
advection_diffusion,smoothing_spline_cv,Tuned smoothing spline,16,0.08,0.0,5,5,0,cv,,0,"1,2,3,4,6,8",0.0,3.7523789866657504e-08,4,1.0,0.000129664978009,0.9998703518328176,0.0003,ok,,,,
advection_diffusion,baseline,Baseline,16,0.08,0.0,6,1,0,cv,,0,"1,2,3,4,6,8",,,0,1.0,0.003214628511957,0.9967956722115136,0.003,ok,,,,
advection_diffusion,linear_interp,Linear interpolation,16,0.08,0.0,6,5,0,cv,,0,"1,2,3,4,6,8",,,0,1.0,0.0001234257140414,0.9998765895179854,0.0003,ok,,,,
advection_diffusion,smoothing_spline_cv,Tuned smoothing spline,16,0.08,0.0,6,5,0,cv,,0,"1,2,3,4,6,8",0.0,3.7523789866657504e-08,4,1.0,0.000129664978009,0.9998703518328176,0.0003,ok,,,,
advection_diffusion,baseline,Baseline,16,0.08,0.0,7,1,0,cv,,0,"1,2,3,4,6,8",,,0,1.0,0.003214628511957,0.9967956722115136,0.003,ok,,,,
advection_diffusion,linear_interp,Linear interpolation,16,0.08,0.0,7,5,0,cv,,0,"1,2,3,4,6,8",,,0,1.0,0.0001234257140414,0.9998765895179854,0.0003,ok,,,,
advection_diffusion,smoothing_spline_cv,Tuned smoothing spline,16,0.08,0.0,7,5,0,cv,,0,"1,2,3,4,6,8",0.0,3.7523789866657504e-08,4,1.0,0.000129664978009,0.9998703518328176,0.0003,ok,,,,
advection_diffusion,baseline,Baseline,16,0.08,0.01,0,1,0,cv,,0,"1,2,3,4,6,8",,,0,0.6666666666666666,0.0310570462723611,0.646585626931996,0.1,ok,,,,
advection_diffusion,linear_interp,Linear interpolation,16,0.08,0.01,0,5,0,cv,,0,"1,2,3,4,6,8",,,0,0.6666666666666666,0.023991410091822,0.6510471280290195,0.1,ok,,,,
advection_diffusion,smoothing_spline_cv,Tuned smoothing spline,16,0.08,0.01,0,5,0,cv,,0,"1,2,3,4,6,8",0.001,0.0022363527470354,4,0.6666666666666666,0.0201423528329221,0.6535035672377898,0.1,ok,,,,
advection_diffusion,baseline,Baseline,16,0.08,0.01,1,1,0,cv,,0,"1,2,3,4,6,8",,,0,0.6666666666666666,0.0320648282577502,0.645954254435819,0.1,ok,,,,
advection_diffusion,linear_interp,Linear interpolation,16,0.08,0.01,1,5,0,cv,,0,"1,2,3,4,6,8",,,0,0.6666666666666666,0.0249223641646343,0.6504557710671433,0.1,ok,,,,
advection_diffusion,smoothing_spline_cv,Tuned smoothing spline,16,0.08,0.01,1,5,0,cv,,0,"1,2,3,4,6,8",0.001,0.0027828458416837,4,0.6666666666666666,0.0199993124572887,0.6535952118051869,0.1,ok,,,,
advection_diffusion,baseline,Baseline,16,0.08,0.01,2,1,0,cv,,0,"1,2,3,4,6,8",,,0,0.6666666666666666,0.0309240743654104,0.6466690256283287,0.1,ok,,,,
advection_diffusion,linear_interp,Linear interpolation,16,0.08,0.01,2,5,0,cv,,0,"1,2,3,4,6,8",,,0,0.6666666666666666,0.0243647376660756,0.6508098552724566,0.1,ok,,,,
advection_diffusion,smoothing_spline_cv,Tuned smoothing spline,16,0.08,0.01,2,5,0,cv,,0,"1,2,3,4,6,8",0.001,0.0023538183662734,4,0.6666666666666666,0.0200089873440599,0.6535890123895476,0.1,ok,,,,
advection_diffusion,baseline,Baseline,16,0.08,0.01,3,1,0,cv,,0,"1,2,3,4,6,8",,,0,0.6666666666666666,0.0304478986328236,0.6469678549989629,0.1,ok,,,,
advection_diffusion,linear_interp,Linear interpolation,16,0.08,0.01,3,5,0,cv,,0,"1,2,3,4,6,8",,,0,0.6666666666666666,0.0242268041240143,0.6508975004192001,0.1,ok,,,,
advection_diffusion,smoothing_spline_cv,Tuned smoothing spline,16,0.08,0.01,3,5,0,cv,,0,"1,2,3,4,6,8",0.001,0.0025954992849691,4,0.6666666666666666,0.0200202093287717,0.6535818217811284,0.1,ok,,,,
advection_diffusion,baseline,Baseline,16,0.08,0.01,4,1,0,cv,,0,"1,2,3,4,6,8",,,0,0.6666666666666666,0.0299317410036521,0.647292087548453,0.1,ok,,,,
advection_diffusion,linear_interp,Linear interpolation,16,0.08,0.01,4,5,0,cv,,0,"1,2,3,4,6,8",,,0,0.6666666666666666,0.0236141529242767,0.6512870741012352,0.1,ok,,,,
advection_diffusion,smoothing_spline_cv,Tuned smoothing spline,16,0.08,0.01,4,5,0,cv,,0,"1,2,3,4,6,8",0.001,0.0028339076651392,4,0.6666666666666666,0.0201278407615288,0.6535128638083221,0.1,ok,,,,
advection_diffusion,baseline,Baseline,16,0.08,0.01,5,1,0,cv,,0,"1,2,3,4,6,8",,,0,0.6666666666666666,0.031284291021752,0.6464431510017108,0.1,ok,,,,
advection_diffusion,linear_interp,Linear interpolation,16,0.08,0.01,5,5,0,cv,,0,"1,2,3,4,6,8",,,0,0.6666666666666666,0.0246460321630529,0.6506311894453122,0.1,ok,,,,
advection_diffusion,smoothing_spline_cv,Tuned smoothing spline,16,0.08,0.01,5,5,0,cv,,0,"1,2,3,4,6,8",0.001,0.002165427781492,4,0.6666666666666666,0.0200174750499438,0.653583573785365,0.1,ok,,,,
advection_diffusion,baseline,Baseline,16,0.08,0.01,6,1,0,cv,,0,"1,2,3,4,6,8",,,0,0.6666666666666666,0.0306882305841112,0.6468169975016146,0.1,ok,,,,
advection_diffusion,linear_interp,Linear interpolation,16,0.08,0.01,6,5,0,cv,,0,"1,2,3,4,6,8",,,0,0.6666666666666666,0.0242410491633536,0.6508884478036006,0.1,ok,,,,
advection_diffusion,smoothing_spline_cv,Tuned smoothing spline,16,0.08,0.01,6,5,0,cv,,0,"1,2,3,4,6,8",0.001,0.0019508645791416,4,0.6666666666666666,0.020106196121171,0.6535267300616201,0.1,ok,,,,
advection_diffusion,baseline,Baseline,16,0.08,0.01,7,1,0,cv,,0,"1,2,3,4,6,8",,,0,0.6666666666666666,0.0318195578239841,0.6461078020973041,0.1,ok,,,,
advection_diffusion,linear_interp,Linear interpolation,16,0.08,0.01,7,5,0,cv,,0,"1,2,3,4,6,8",,,0,0.6666666666666666,0.0244535372003381,0.6507534431366758,0.1,ok,,,,
advection_diffusion,smoothing_spline_cv,Tuned smoothing spline,16,0.08,0.01,7,5,0,cv,,0,"1,2,3,4,6,8",0.001,0.0028195779974257,4,0.6666666666666666,0.019996801937882,0.6535968204999008,0.1,ok,,,,
advection_diffusion,baseline,Baseline,16,0.08,0.03,0,1,0,cv,,0,"1,2,3,4,6,8",,,0,0.6666666666666666,0.1672386948460792,0.5711485316673623,0.3,ok,,,,
advection_diffusion,linear_interp,Linear interpolation,16,0.08,0.03,0,5,0,cv,,0,"1,2,3,4,6,8",,,0,0.6666666666666666,0.1212707681928916,0.5945634949006182,0.3,ok,,,,
advection_diffusion,smoothing_spline_cv,Tuned smoothing spline,16,0.08,0.03,0,5,0,cv,,0,"1,2,3,4,6,8",0.03,0.0169209502974066,4,0.6666666666666666,0.0272226451025925,0.6489991919912204,0.1,ok,,,,
advection_diffusion,baseline,Baseline,16,0.08,0.03,1,1,0,cv,,0,"1,2,3,4,6,8",,,0,0.6666666666666666,0.1655119925205068,0.5719946864081168,0.3,ok,,,,
advection_diffusion,linear_interp,Linear interpolation,16,0.08,0.03,1,5,0,cv,,0,"1,2,3,4,6,8",,,0,0.6666666666666666,0.1176095702013178,0.5965112365193672,0.3,ok,,,,
advection_diffusion,smoothing_spline_cv,Tuned smoothing spline,16,0.08,0.03,1,5,0,cv,,0,"1,2,3,4,6,8",0.03,0.0182982397541131,4,0.6666666666666666,0.0217129794444711,0.6524989699447185,0.1,ok,,,,
advection_diffusion,baseline,Baseline,16,0.08,0.03,2,1,0,cv,,0,"1,2,3,4,6,8",,,0,0.6666666666666666,0.1652702636781604,0.572113343528,0.3,ok,,,,
advection_diffusion,linear_interp,Linear interpolation,16,0.08,0.03,2,5,0,cv,,0,"1,2,3,4,6,8",,,0,0.6666666666666666,0.118026687545216,0.5962886880012019,0.3,ok,,,,
advection_diffusion,smoothing_spline_cv,Tuned smoothing spline,16,0.08,0.03,2,5,0,cv,,0,"1,2,3,4,6,8",0.03,0.0176414171397942,4,0.6666666666666666,0.025210089068302,0.6502732208502989,0.3,ok,,,,
advection_diffusion,baseline,Baseline,16,0.08,0.03,3,1,0,cv,,0,"1,2,3,4,6,8",,,0,0.6666666666666666,0.1794661488558786,0.5652274694897819,0.3,ok,,,,
advection_diffusion,linear_interp,Linear interpolation,16,0.08,0.03,3,5,0,cv,,0,"1,2,3,4,6,8",,,0,0.6666666666666666,0.1263902915837861,0.5918611618440754,0.3,ok,,,,
advection_diffusion,smoothing_spline_cv,Tuned smoothing spline,16,0.08,0.03,3,5,0,cv,,0,"1,2,3,4,6,8",0.03,0.0191844155863408,4,0.6666666666666666,0.0266547231340273,0.6493582035365895,0.3,ok,,,,
advection_diffusion,baseline,Baseline,16,0.08,0.03,4,1,0,cv,,0,"1,2,3,4,6,8",,,0,0.6666666666666666,0.1623362196929936,0.5735575088959651,0.3,ok,,,,
advection_diffusion,linear_interp,Linear interpolation,16,0.08,0.03,4,5,0,cv,,0,"1,2,3,4,6,8",,,0,0.6666666666666666,0.1156489843893276,0.5975595155779035,0.3,ok,,,,
advection_diffusion,smoothing_spline_cv,Tuned smoothing spline,16,0.08,0.03,4,5,0,cv,,0,"1,2,3,4,6,8",0.01,0.0155103805504321,4,0.6666666666666666,0.0332749853428298,0.6451977219263405,0.3,ok,,,,
advection_diffusion,baseline,Baseline,16,0.08,0.03,5,1,0,cv,,0,"1,2,3,4,6,8",,,0,0.6666666666666666,0.1831482479179966,0.5634684139031687,0.3,ok,,,,
advection_diffusion,linear_interp,Linear interpolation,16,0.08,0.03,5,5,0,cv,,0,"1,2,3,4,6,8",,,0,0.6666666666666666,0.1322626818384164,0.5887915210490048,0.3,ok,,,,
advection_diffusion,smoothing_spline_cv,Tuned smoothing spline,16,0.08,0.03,5,5,0,cv,,0,"1,2,3,4,6,8",0.03,0.0158757764743601,4,0.6666666666666666,0.0213029842500393,0.6527609112551567,0.1,ok,,,,
advection_diffusion,baseline,Baseline,16,0.08,0.03,6,1,0,cv,,0,"1,2,3,4,6,8",,,0,0.6666666666666666,0.1563950374866429,0.5765042611352152,0.3,ok,,,,
advection_diffusion,linear_interp,Linear interpolation,16,0.08,0.03,6,5,0,cv,,0,"1,2,3,4,6,8",,,0,0.6666666666666666,0.1138802597078012,0.5985083772303766,0.3,ok,,,,
advection_diffusion,smoothing_spline_cv,Tuned smoothing spline,16,0.08,0.03,6,5,0,cv,,0,"1,2,3,4,6,8",0.03,0.0159553575401787,4,0.6666666666666666,0.0219388730798272,0.6523547388480553,0.1,ok,,,,
advection_diffusion,baseline,Baseline,16,0.08,0.03,7,1,0,cv,,0,"1,2,3,4,6,8",,,0,0.6666666666666666,0.1801298066248002,0.5649096081839924,0.3,ok,,,,
advection_diffusion,linear_interp,Linear interpolation,16,0.08,0.03,7,5,0,cv,,0,"1,2,3,4,6,8",,,0,0.6666666666666666,0.1295908069571092,0.5901842176482763,0.3,ok,,,,
advection_diffusion,smoothing_spline_cv,Tuned smoothing spline,16,0.08,0.03,7,5,0,cv,,0,"1,2,3,4,6,8",0.03,0.0187343782793177,4,0.6666666666666666,0.0229951635836568,0.6516811519726693,0.1,ok,,,,
advection_diffusion,baseline,Baseline,16,0.08,0.05,0,1,0,cv,,0,"1,2,3,4,6,8",,,0,0.6666666666666666,0.3494270112934141,0.494036847556262,0.3,ok,,,,
advection_diffusion,linear_interp,Linear interpolation,16,0.08,0.05,0,5,0,cv,,0,"1,2,3,4,6,8",,,0,0.6666666666666666,0.2664285035230107,0.5264147678389279,0.3,ok,,,,
advection_diffusion,smoothing_spline_cv,Tuned smoothing spline,16,0.08,0.05,0,5,0,cv,,0,"1,2,3,4,6,8",0.1,0.0430066852383335,4,0.6666666666666666,0.056939406348596,0.6307520210357158,0.3,ok,,,,
advection_diffusion,baseline,Baseline,16,0.08,0.05,1,1,0,cv,,0,"1,2,3,4,6,8",,,0,0.5,0.4117012289344935,0.3541825917211844,0.3,ok,,,,
advection_diffusion,linear_interp,Linear interpolation,16,0.08,0.05,1,5,0,cv,,0,"1,2,3,4,6,8",,,0,0.5,0.3594357489884601,0.3677996553879387,0.3,ok,,,,
advection_diffusion,smoothing_spline_cv,Tuned smoothing spline,16,0.08,0.05,1,5,0,cv,,0,"1,2,3,4,6,8",0.1,0.038635719202174,4,0.6666666666666666,0.062995720398988,0.6271583731460725,0.3,ok,,,,
advection_diffusion,baseline,Baseline,16,0.08,0.05,2,1,0,cv,,0,"1,2,3,4,6,8",,,0,0.5,0.3963007355746079,0.3580890471952943,0.3,ok,,,,
advection_diffusion,linear_interp,Linear interpolation,16,0.08,0.05,2,5,0,cv,,0,"1,2,3,4,6,8",,,0,0.6666666666666666,0.2854526009447434,0.5186240754242513,0.3,ok,,,,
advection_diffusion,smoothing_spline_cv,Tuned smoothing spline,16,0.08,0.05,2,5,0,cv,,0,"1,2,3,4,6,8",0.1,0.0460241883121041,4,0.6666666666666666,0.0699530567030508,0.6230802954299048,0.3,ok,,,,
advection_diffusion,baseline,Baseline,16,0.08,0.05,3,1,0,cv,,0,"1,2,3,4,6,8",,,0,0.6666666666666666,0.3498376180680156,0.4938865666085434,0.3,ok,,,,
advection_diffusion,linear_interp,Linear interpolation,16,0.08,0.05,3,5,0,cv,,0,"1,2,3,4,6,8",,,0,0.6666666666666666,0.2712913891999655,0.5244011501456056,0.3,ok,,,,
advection_diffusion,smoothing_spline_cv,Tuned smoothing spline,16,0.08,0.05,3,5,0,cv,,0,"1,2,3,4,6,8",0.1,0.043381611508666,4,0.6666666666666666,0.0643287316550942,0.6263728929218706,0.3,ok,,,,
advection_diffusion,baseline,Baseline,16,0.08,0.05,4,1,0,cv,,0,"1,2,3,4,6,8",,,0,0.6666666666666666,0.3531110080775003,0.4926917767182062,0.3,ok,,,,
advection_diffusion,linear_interp,Linear interpolation,16,0.08,0.05,4,5,0,cv,,0,"1,2,3,4,6,8",,,0,0.6666666666666666,0.2760921395270634,0.5224283153360243,0.3,ok,,,,
advection_diffusion,smoothing_spline_cv,Tuned smoothing spline,16,0.08,0.05,4,5,0,cv,,0,"1,2,3,4,6,8",0.1,0.0389232578359285,4,0.6666666666666666,0.0736076147231402,0.6209593314393408,0.3,ok,,,,
advection_diffusion,baseline,Baseline,16,0.08,0.05,5,1,0,cv,,0,"1,2,3,4,6,8",,,0,0.5,0.3864770237023178,0.3606262429541364,0.3,ok,,,,
advection_diffusion,linear_interp,Linear interpolation,16,0.08,0.05,5,5,0,cv,,0,"1,2,3,4,6,8",,,0,0.6666666666666666,0.2762867224633021,0.5223486658076048,0.3,ok,,,,
advection_diffusion,smoothing_spline_cv,Tuned smoothing spline,16,0.08,0.05,5,5,0,cv,,0,"1,2,3,4,6,8",0.03,0.0361289372129256,4,0.6666666666666666,0.0757191157573671,0.6197404665411153,0.3,ok,,,,
advection_diffusion,baseline,Baseline,16,0.08,0.05,6,1,0,cv,,0,"1,2,3,4,6,8",,,0,0.6666666666666666,0.3565319685589768,0.491449285470844,0.3,ok,,,,
advection_diffusion,linear_interp,Linear interpolation,16,0.08,0.05,6,5,0,cv,,0,"1,2,3,4,6,8",,,0,0.6666666666666666,0.275745711924739,0.5225701802758603,0.3,ok,,,,
advection_diffusion,smoothing_spline_cv,Tuned smoothing spline,16,0.08,0.05,6,5,0,cv,,0,"1,2,3,4,6,8",0.1,0.0418784048066755,4,0.6666666666666666,0.0689326578914437,0.6236750853713466,0.3,ok,,,,
advection_diffusion,baseline,Baseline,16,0.08,0.05,7,1,0,cv,,0,"1,2,3,4,6,8",,,0,0.5,0.3938789432764514,0.3587112083239454,0.3,ok,,,,
advection_diffusion,linear_interp,Linear interpolation,16,0.08,0.05,7,5,0,cv,,0,"1,2,3,4,6,8",,,0,0.5,0.3431431165200891,0.3722611491286465,0.3,ok,,,,
advection_diffusion,smoothing_spline_cv,Tuned smoothing spline,16,0.08,0.05,7,5,0,cv,,0,"1,2,3,4,6,8",0.1,0.043740308829754,4,0.6666666666666666,0.0712268448210211,0.6223393951428208,0.3,ok,,,,
advection_diffusion,baseline,Baseline,16,0.08,0.1,0,1,0,cv,,0,"1,2,3,4,6,8",,,0,0.6666666666666666,0.6911814911891372,0.3942017282828153,0.3,ok,,,,
advection_diffusion,linear_interp,Linear interpolation,16,0.08,0.1,0,5,0,cv,,0,"1,2,3,4,6,8",,,0,0.5,0.5592216599434007,0.3206728157035413,0.3,ok,,,,
advection_diffusion,smoothing_spline_cv,Tuned smoothing spline,16,0.08,0.1,0,5,0,cv,,0,"1,2,3,4,6,8",0.3,0.1353826733114027,4,0.6666666666666666,0.2565442484604214,0.5305556628694125,0.3,ok,,,,
advection_diffusion,baseline,Baseline,16,0.08,0.1,1,1,0,cv,,0,"1,2,3,4,6,8",,,0,0.5,0.6935752583113409,0.2952334108249483,0.0003,ok,,,,
advection_diffusion,linear_interp,Linear interpolation,16,0.08,0.1,1,5,0,cv,,0,"1,2,3,4,6,8",,,0,0.5,0.5693441343288704,0.3186044342108717,0.3,ok,,,,
advection_diffusion,smoothing_spline_cv,Tuned smoothing spline,16,0.08,0.1,1,5,0,cv,,0,"1,2,3,4,6,8",0.3,0.1227312319031934,4,0.5,0.327866708254428,0.3765438179087149,0.3,ok,,,,
advection_diffusion,baseline,Baseline,16,0.08,0.1,2,1,0,cv,,0,"1,2,3,4,6,8",,,0,0.4,0.6895651999641638,0.2367473004347415,0.1,ok,,,,
advection_diffusion,linear_interp,Linear interpolation,16,0.08,0.1,2,5,0,cv,,0,"1,2,3,4,6,8",,,0,0.5,0.575607693997105,0.317337876620523,0.3,ok,,,,
advection_diffusion,smoothing_spline_cv,Tuned smoothing spline,16,0.08,0.1,2,5,0,cv,,0,"1,2,3,4,6,8",10.0,0.1234158559216972,4,0.6666666666666666,0.2287254918856482,0.5425676207332323,0.3,ok,,,,
advection_diffusion,baseline,Baseline,16,0.08,0.1,3,1,0,cv,,0,"1,2,3,4,6,8",,,0,0.6666666666666666,0.6713419940923911,0.3988810602636085,0.3,ok,,,,
advection_diffusion,linear_interp,Linear interpolation,16,0.08,0.1,3,5,0,cv,,0,"1,2,3,4,6,8",,,0,0.6666666666666666,0.5835024806679773,0.4210076553750917,0.3,ok,,,,
advection_diffusion,smoothing_spline_cv,Tuned smoothing spline,16,0.08,0.1,3,5,0,cv,,0,"1,2,3,4,6,8",0.3,0.111547439550559,4,0.6666666666666666,0.1975182837699842,0.5567068793036632,0.3,ok,,,,
advection_diffusion,baseline,Baseline,16,0.08,0.1,4,1,0,cv,,0,"1,2,3,4,6,8",,,0,0.6666666666666666,0.6825594612343631,0.3962217574037978,0.3,ok,,,,
advection_diffusion,linear_interp,Linear interpolation,16,0.08,0.1,4,5,0,cv,,0,"1,2,3,4,6,8",,,0,0.5,0.5548020537152999,0.3215843449686844,0.3,ok,,,,
advection_diffusion,smoothing_spline_cv,Tuned smoothing spline,16,0.08,0.1,4,5,0,cv,,0,"1,2,3,4,6,8",10.0,0.1390719001232624,4,0.6666666666666666,0.2283265981887546,0.5427438171978926,0.3,ok,,,,
advection_diffusion,baseline,Baseline,16,0.08,0.1,5,1,0,cv,,0,"1,2,3,4,6,8",,,0,0.4,0.7175245803812103,0.2328933190063682,0.03,ok,,,,
advection_diffusion,linear_interp,Linear interpolation,16,0.08,0.1,5,5,0,cv,,0,"1,2,3,4,6,8",,,0,0.6666666666666666,0.6187254742085785,0.4118466517570627,0.3,ok,,,,
advection_diffusion,smoothing_spline_cv,Tuned smoothing spline,16,0.08,0.1,5,5,0,cv,,0,"1,2,3,4,6,8",0.3,0.1219090892146176,4,0.4,0.5758003302187031,0.2538392665170241,0.03,ok,,,,
advection_diffusion,baseline,Baseline,16,0.08,0.1,6,1,0,cv,,0,"1,2,3,4,6,8",,,0,0.6666666666666666,0.6575676889686541,0.4021957420523017,0.3,ok,,,,
advection_diffusion,linear_interp,Linear interpolation,16,0.08,0.1,6,5,0,cv,,0,"1,2,3,4,6,8",,,0,0.5,0.5282198974718326,0.3271780460568279,0.3,ok,,,,
advection_diffusion,smoothing_spline_cv,Tuned smoothing spline,16,0.08,0.1,6,5,0,cv,,0,"1,2,3,4,6,8",0.3,0.1278182199746958,4,0.6666666666666666,0.193003952304111,0.5588134602396734,0.3,ok,,,,
advection_diffusion,baseline,Baseline,16,0.08,0.1,7,1,0,cv,,0,"1,2,3,4,6,8",,,0,0.4,0.724127333417138,0.2320014260241551,0.1,ok,,,,
advection_diffusion,linear_interp,Linear interpolation,16,0.08,0.1,7,5,0,cv,,0,"1,2,3,4,6,8",,,0,0.5,0.5767284250078825,0.3171123143781088,0.3,ok,,,,
advection_diffusion,smoothing_spline_cv,Tuned smoothing spline,16,0.08,0.1,7,5,0,cv,,0,"1,2,3,4,6,8",10.0,0.1164335043446416,4,0.6666666666666666,0.2208228796641855,0.546079761259101,0.3,ok,,,,
advection_diffusion,baseline,Baseline,32,0.16,0.0,0,1,0,cv,,0,"1,2,3,4,6,8",,,0,1.0,0.0127910098037655,0.9873705338219344,0.01,ok,,,,
advection_diffusion,linear_interp,Linear interpolation,32,0.16,0.0,0,5,0,cv,,0,"1,2,3,4,6,8",,,0,1.0,0.0004542369070695,0.9995459693304174,0.003,ok,,,,
advection_diffusion,smoothing_spline_cv,Tuned smoothing spline,32,0.16,0.0,0,5,0,cv,,0,"1,2,3,4,6,8",0.0,1.0301447940741682e-05,4,1.0,0.0005331407659611,0.9994671433216564,0.001,ok,,,,
advection_diffusion,baseline,Baseline,32,0.16,0.0,1,1,0,cv,,0,"1,2,3,4,6,8",,,0,1.0,0.0127910098037655,0.9873705338219344,0.01,ok,,,,
advection_diffusion,linear_interp,Linear interpolation,32,0.16,0.0,1,5,0,cv,,0,"1,2,3,4,6,8",,,0,1.0,0.0004542369070695,0.9995459693304174,0.003,ok,,,,
advection_diffusion,smoothing_spline_cv,Tuned smoothing spline,32,0.16,0.0,1,5,0,cv,,0,"1,2,3,4,6,8",0.0,1.0301447940741682e-05,4,1.0,0.0005331407659611,0.9994671433216564,0.001,ok,,,,
advection_diffusion,baseline,Baseline,32,0.16,0.0,2,1,0,cv,,0,"1,2,3,4,6,8",,,0,1.0,0.0127910098037655,0.9873705338219344,0.01,ok,,,,
advection_diffusion,linear_interp,Linear interpolation,32,0.16,0.0,2,5,0,cv,,0,"1,2,3,4,6,8",,,0,1.0,0.0004542369070695,0.9995459693304174,0.003,ok,,,,
advection_diffusion,smoothing_spline_cv,Tuned smoothing spline,32,0.16,0.0,2,5,0,cv,,0,"1,2,3,4,6,8",0.0,1.0301447940741682e-05,4,1.0,0.0005331407659611,0.9994671433216564,0.001,ok,,,,
advection_diffusion,baseline,Baseline,32,0.16,0.0,3,1,0,cv,,0,"1,2,3,4,6,8",,,0,1.0,0.0127910098037655,0.9873705338219344,0.01,ok,,,,
advection_diffusion,linear_interp,Linear interpolation,32,0.16,0.0,3,5,0,cv,,0,"1,2,3,4,6,8",,,0,1.0,0.0004542369070695,0.9995459693304174,0.003,ok,,,,
advection_diffusion,smoothing_spline_cv,Tuned smoothing spline,32,0.16,0.0,3,5,0,cv,,0,"1,2,3,4,6,8",0.0,1.0301447940741682e-05,4,1.0,0.0005331407659611,0.9994671433216564,0.001,ok,,,,
advection_diffusion,baseline,Baseline,32,0.16,0.0,4,1,0,cv,,0,"1,2,3,4,6,8",,,0,1.0,0.0127910098037655,0.9873705338219344,0.01,ok,,,,
advection_diffusion,linear_interp,Linear interpolation,32,0.16,0.0,4,5,0,cv,,0,"1,2,3,4,6,8",,,0,1.0,0.0004542369070695,0.9995459693304174,0.003,ok,,,,
advection_diffusion,smoothing_spline_cv,Tuned smoothing spline,32,0.16,0.0,4,5,0,cv,,0,"1,2,3,4,6,8",0.0,1.0301447940741682e-05,4,1.0,0.0005331407659611,0.9994671433216564,0.001,ok,,,,
advection_diffusion,baseline,Baseline,32,0.16,0.0,5,1,0,cv,,0,"1,2,3,4,6,8",,,0,1.0,0.0127910098037655,0.9873705338219344,0.01,ok,,,,
advection_diffusion,linear_interp,Linear interpolation,32,0.16,0.0,5,5,0,cv,,0,"1,2,3,4,6,8",,,0,1.0,0.0004542369070695,0.9995459693304174,0.003,ok,,,,
advection_diffusion,smoothing_spline_cv,Tuned smoothing spline,32,0.16,0.0,5,5,0,cv,,0,"1,2,3,4,6,8",0.0,1.0301447940741682e-05,4,1.0,0.0005331407659611,0.9994671433216564,0.001,ok,,,,
advection_diffusion,baseline,Baseline,32,0.16,0.0,6,1,0,cv,,0,"1,2,3,4,6,8",,,0,1.0,0.0127910098037655,0.9873705338219344,0.01,ok,,,,
advection_diffusion,linear_interp,Linear interpolation,32,0.16,0.0,6,5,0,cv,,0,"1,2,3,4,6,8",,,0,1.0,0.0004542369070695,0.9995459693304174,0.003,ok,,,,
advection_diffusion,smoothing_spline_cv,Tuned smoothing spline,32,0.16,0.0,6,5,0,cv,,0,"1,2,3,4,6,8",0.0,1.0301447940741682e-05,4,1.0,0.0005331407659611,0.9994671433216564,0.001,ok,,,,
advection_diffusion,baseline,Baseline,32,0.16,0.0,7,1,0,cv,,0,"1,2,3,4,6,8",,,0,1.0,0.0127910098037655,0.9873705338219344,0.01,ok,,,,
advection_diffusion,linear_interp,Linear interpolation,32,0.16,0.0,7,5,0,cv,,0,"1,2,3,4,6,8",,,0,1.0,0.0004542369070695,0.9995459693304174,0.003,ok,,,,
advection_diffusion,smoothing_spline_cv,Tuned smoothing spline,32,0.16,0.0,7,5,0,cv,,0,"1,2,3,4,6,8",0.0,1.0301447940741682e-05,4,1.0,0.0005331407659611,0.9994671433216564,0.001,ok,,,,
advection_diffusion,baseline,Baseline,32,0.16,0.01,0,1,0,cv,,0,"1,2,3,4,6,8",,,0,0.6666666666666666,0.0371489748730371,0.6427877603102069,0.1,ok,,,,
advection_diffusion,linear_interp,Linear interpolation,32,0.16,0.01,0,5,0,cv,,0,"1,2,3,4,6,8",,,0,0.6666666666666666,0.0242355441413692,0.6508919461739071,0.1,ok,,,,
advection_diffusion,smoothing_spline_cv,Tuned smoothing spline,32,0.16,0.01,0,5,0,cv,,0,"1,2,3,4,6,8",0.0,0.0029648313743795,4,0.6666666666666666,0.0269849594644733,0.6491493965153136,0.1,ok,,,,
advection_diffusion,baseline,Baseline,32,0.16,0.01,1,1,0,cv,,0,"1,2,3,4,6,8",,,0,0.6666666666666666,0.0403263467732496,0.6408245535013579,0.1,ok,,,,
advection_diffusion,linear_interp,Linear interpolation,32,0.16,0.01,1,5,0,cv,,0,"1,2,3,4,6,8",,,0,0.6666666666666666,0.0255299841094221,0.6500703801903998,0.1,ok,,,,
advection_diffusion,smoothing_spline_cv,Tuned smoothing spline,32,0.16,0.01,1,5,0,cv,,0,"1,2,3,4,6,8",0.0003,0.0024380511036694,4,0.6666666666666666,0.0222879079612378,0.6521320084830199,0.1,ok,,,,
advection_diffusion,baseline,Baseline,32,0.16,0.01,2,1,0,cv,,0,"1,2,3,4,6,8",,,0,0.6666666666666666,0.0356125390707031,0.6437414008765223,0.1,ok,,,,
advection_diffusion,linear_interp,Linear interpolation,32,0.16,0.01,2,5,0,cv,,0,"1,2,3,4,6,8",,,0,0.6666666666666666,0.0234784067882012,0.6513734557026436,0.1,ok,,,,
advection_diffusion,smoothing_spline_cv,Tuned smoothing spline,32,0.16,0.01,2,5,0,cv,,0,"1,2,3,4,6,8",3e-06,0.0024184381593766,4,0.6666666666666666,0.0299791203140141,0.6472623119422236,0.1,ok,,,,
advection_diffusion,baseline,Baseline,32,0.16,0.01,3,1,0,cv,,0,"1,2,3,4,6,8",,,0,0.6666666666666666,0.0394749392616038,0.6413494366109842,0.1,ok,,,,
advection_diffusion,linear_interp,Linear interpolation,32,0.16,0.01,3,5,0,cv,,0,"1,2,3,4,6,8",,,0,0.6666666666666666,0.0254826648535809,0.6501003766473749,0.1,ok,,,,
advection_diffusion,smoothing_spline_cv,Tuned smoothing spline,32,0.16,0.01,3,5,0,cv,,0,"1,2,3,4,6,8",0.0001,0.002150929037624,4,0.6666666666666666,0.023599469797183,0.6512964165551596,0.1,ok,,,,
advection_diffusion,baseline,Baseline,32,0.16,0.01,4,1,0,cv,,0,"1,2,3,4,6,8",,,0,0.6666666666666666,0.0390053196884987,0.6416393198704103,0.1,ok,,,,
advection_diffusion,linear_interp,Linear interpolation,32,0.16,0.01,4,5,0,cv,,0,"1,2,3,4,6,8",,,0,0.6666666666666666,0.0254449043600115,0.6501243156332603,0.1,ok,,,,
advection_diffusion,smoothing_spline_cv,Tuned smoothing spline,32,0.16,0.01,4,5,0,cv,,0,"1,2,3,4,6,8",0.0001,0.0028707623233203,4,0.6666666666666666,0.026645980922116,0.6493637330249693,0.1,ok,,,,
advection_diffusion,baseline,Baseline,32,0.16,0.01,5,1,0,cv,,0,"1,2,3,4,6,8",,,0,0.6666666666666666,0.0400977729724538,0.640965382284616,0.1,ok,,,,
advection_diffusion,linear_interp,Linear interpolation,32,0.16,0.01,5,5,0,cv,,0,"1,2,3,4,6,8",,,0,0.6666666666666666,0.0260248997260875,0.6497568108187657,0.1,ok,,,,
advection_diffusion,smoothing_spline_cv,Tuned smoothing spline,32,0.16,0.01,5,5,0,cv,,0,"1,2,3,4,6,8",0.0001,0.0024953782503242,4,0.6666666666666666,0.0245953640143046,0.6506633643692332,0.1,ok,,,,
advection_diffusion,baseline,Baseline,32,0.16,0.01,6,1,0,cv,,0,"1,2,3,4,6,8",,,0,0.6666666666666666,0.0405690591977854,0.6406750813642542,0.1,ok,,,,
advection_diffusion,linear_interp,Linear interpolation,32,0.16,0.01,6,5,0,cv,,0,"1,2,3,4,6,8",,,0,0.6666666666666666,0.0266331430847173,0.6493718531855869,0.1,ok,,,,
advection_diffusion,smoothing_spline_cv,Tuned smoothing spline,32,0.16,0.01,6,5,0,cv,,0,"1,2,3,4,6,8",0.0003,0.0021417734155746,4,0.6666666666666666,0.0232668121310078,0.6515081489629256,0.1,ok,,,,
advection_diffusion,baseline,Baseline,32,0.16,0.01,7,1,0,cv,,0,"1,2,3,4,6,8",,,0,0.6666666666666666,0.0376616252262645,0.6424701949648551,0.1,ok,,,,
advection_diffusion,linear_interp,Linear interpolation,32,0.16,0.01,7,5,0,cv,,0,"1,2,3,4,6,8",,,0,0.6666666666666666,0.0245932078309694,0.6506647336438803,0.1,ok,,,,
advection_diffusion,smoothing_spline_cv,Tuned smoothing spline,32,0.16,0.01,7,5,0,cv,,0,"1,2,3,4,6,8",3e-05,0.0023956209652286,4,0.6666666666666666,0.0255697725462061,0.6500451597861718,0.1,ok,,,,
advection_diffusion,baseline,Baseline,32,0.16,0.03,0,1,0,cv,,0,"1,2,3,4,6,8",,,0,0.6666666666666666,0.1703515952945398,0.5696293911564995,0.3,ok,,,,
advection_diffusion,linear_interp,Linear interpolation,32,0.16,0.03,0,5,0,cv,,0,"1,2,3,4,6,8",,,0,0.6666666666666666,0.1158819383554651,0.5974347677400074,0.3,ok,,,,
advection_diffusion,smoothing_spline_cv,Tuned smoothing spline,32,0.16,0.03,0,5,0,cv,,0,"1,2,3,4,6,8",0.03,0.0202400675495506,4,0.6666666666666666,0.0413027084385413,0.640223694094054,0.3,ok,,,,
advection_diffusion,baseline,Baseline,32,0.16,0.03,1,1,0,cv,,0,"1,2,3,4,6,8",,,0,0.6666666666666666,0.1675821044440082,0.5709805452903264,0.3,ok,,,,
advection_diffusion,linear_interp,Linear interpolation,32,0.16,0.03,1,5,0,cv,,0,"1,2,3,4,6,8",,,0,0.6666666666666666,0.1127062603318102,0.5991398542755263,0.3,ok,,,,
advection_diffusion,smoothing_spline_cv,Tuned smoothing spline,32,0.16,0.03,1,5,0,cv,,0,"1,2,3,4,6,8",0.01,0.0171092521374911,4,0.6666666666666666,0.0477173987531759,0.6363038997539086,0.3,ok,,,,
advection_diffusion,baseline,Baseline,32,0.16,0.03,2,1,0,cv,,0,"1,2,3,4,6,8",,,0,0.6666666666666666,0.170772568040761,0.5694245704631647,0.3,ok,,,,
advection_diffusion,linear_interp,Linear interpolation,32,0.16,0.03,2,5,0,cv,,0,"1,2,3,4,6,8",,,0,0.6666666666666666,0.115591130825539,0.5975905044828855,0.3,ok,,,,
advection_diffusion,smoothing_spline_cv,Tuned smoothing spline,32,0.16,0.03,2,5,0,cv,,0,"1,2,3,4,6,8",0.01,0.0160235926886939,4,0.6666666666666666,0.0466012522842963,0.6369824851743774,0.3,ok,,,,
advection_diffusion,baseline,Baseline,32,0.16,0.03,3,1,0,cv,,0,"1,2,3,4,6,8",,,0,0.6666666666666666,0.1731590730729433,0.5682662155272914,0.3,ok,,,,
advection_diffusion,linear_interp,Linear interpolation,32,0.16,0.03,3,5,0,cv,,0,"1,2,3,4,6,8",,,0,0.6666666666666666,0.1207902567710383,0.5948183994633505,0.3,ok,,,,
advection_diffusion,smoothing_spline_cv,Tuned smoothing spline,32,0.16,0.03,3,5,0,cv,,0,"1,2,3,4,6,8",0.03,0.0242095717688844,4,0.6666666666666666,0.0459418719984235,0.637384050217727,0.3,ok,,,,
advection_diffusion,baseline,Baseline,32,0.16,0.03,4,1,0,cv,,0,"1,2,3,4,6,8",,,0,0.6666666666666666,0.1813216113400139,0.5643396855412165,0.3,ok,,,,
advection_diffusion,linear_interp,Linear interpolation,32,0.16,0.03,4,5,0,cv,,0,"1,2,3,4,6,8",,,0,0.6666666666666666,0.125677420603478,0.5922359767234784,0.3,ok,,,,
advection_diffusion,smoothing_spline_cv,Tuned smoothing spline,32,0.16,0.03,4,5,0,cv,,0,"1,2,3,4,6,8",0.01,0.0170645664333623,4,0.6666666666666666,0.0597453136389228,0.6290819672299243,0.3,ok,,,,
advection_diffusion,baseline,Baseline,32,0.16,0.03,5,1,0,cv,,0,"1,2,3,4,6,8",,,0,0.6666666666666666,0.1704467040380332,0.5695831039266214,0.3,ok,,,,
advection_diffusion,linear_interp,Linear interpolation,32,0.16,0.03,5,5,0,cv,,0,"1,2,3,4,6,8",,,0,0.6666666666666666,0.1160159498542435,0.5973630276106145,0.3,ok,,,,
advection_diffusion,smoothing_spline_cv,Tuned smoothing spline,32,0.16,0.03,5,5,0,cv,,0,"1,2,3,4,6,8",0.003,0.0181517631735934,4,0.6666666666666666,0.0718885575381421,0.621955204184502,0.3,ok,,,,
advection_diffusion,baseline,Baseline,32,0.16,0.03,6,1,0,cv,,0,"1,2,3,4,6,8",,,0,0.6666666666666666,0.1815464482268292,0.5642322971451075,0.3,ok,,,,
advection_diffusion,linear_interp,Linear interpolation,32,0.16,0.03,6,5,0,cv,,0,"1,2,3,4,6,8",,,0,0.6666666666666666,0.1237878995725799,0.5932317538925502,0.3,ok,,,,
advection_diffusion,smoothing_spline_cv,Tuned smoothing spline,32,0.16,0.03,6,5,0,cv,,0,"1,2,3,4,6,8",0.03,0.0223203216281812,4,0.6666666666666666,0.0420572447856162,0.6397601187483907,0.1,ok,,,,
advection_diffusion,baseline,Baseline,32,0.16,0.03,7,1,0,cv,,0,"1,2,3,4,6,8",,,0,0.6666666666666666,0.1832761913709097,0.5634074880643765,0.3,ok,,,,
advection_diffusion,linear_interp,Linear interpolation,32,0.16,0.03,7,5,0,cv,,0,"1,2,3,4,6,8",,,0,0.6666666666666666,0.1248569716231724,0.5926679422226138,0.3,ok,,,,
advection_diffusion,smoothing_spline_cv,Tuned smoothing spline,32,0.16,0.03,7,5,0,cv,,0,"1,2,3,4,6,8",0.03,0.0195400175160535,4,0.6666666666666666,0.0395360799951776,0.6413117153853469,0.3,ok,,,,
advection_diffusion,baseline,Baseline,32,0.16,0.05,0,1,0,cv,,0,"1,2,3,4,6,8",,,0,0.5,0.3855241907565764,0.3608742476931933,0.3,ok,,,,
advection_diffusion,linear_interp,Linear interpolation,32,0.16,0.05,0,5,0,cv,,0,"1,2,3,4,6,8",,,0,0.6666666666666666,0.2439047032896991,0.5359467368388938,0.3,ok,,,,
advection_diffusion,smoothing_spline_cv,Tuned smoothing spline,32,0.16,0.05,0,5,0,cv,,0,"1,2,3,4,6,8",0.1,0.0499239348848813,4,0.6666666666666666,0.0947561690574017,0.6089636080705302,0.3,ok,,,,
advection_diffusion,baseline,Baseline,32,0.16,0.05,1,1,0,cv,,0,"1,2,3,4,6,8",,,0,0.6666666666666666,0.3402805575028494,0.497408294804164,0.3,ok,,,,
advection_diffusion,linear_interp,Linear interpolation,32,0.16,0.05,1,5,0,cv,,0,"1,2,3,4,6,8",,,0,0.6666666666666666,0.2524012913666666,0.5323107467728457,0.3,ok,,,,
advection_diffusion,smoothing_spline_cv,Tuned smoothing spline,32,0.16,0.05,1,5,0,cv,,0,"1,2,3,4,6,8",0.03,0.043466366450935,4,0.6666666666666666,0.1194883885592138,0.5955101218375917,0.3,ok,,,,
advection_diffusion,baseline,Baseline,32,0.16,0.05,2,1,0,cv,,0,"1,2,3,4,6,8",,,0,0.5,0.3931645772468838,0.358895142875424,0.3,ok,,,,
advection_diffusion,linear_interp,Linear interpolation,32,0.16,0.05,2,5,0,cv,,0,"1,2,3,4,6,8",,,0,0.6666666666666666,0.2806176297340094,0.5205821403576464,0.3,ok,,,,
advection_diffusion,smoothing_spline_cv,Tuned smoothing spline,32,0.16,0.05,2,5,0,cv,,0,"1,2,3,4,6,8",0.1,0.0540500431510214,4,0.6666666666666666,0.1112989591516269,0.5998985792046494,0.3,ok,,,,
advection_diffusion,baseline,Baseline,32,0.16,0.05,3,1,0,cv,,0,"1,2,3,4,6,8",,,0,0.5,0.3929244937131372,0.3589570018021173,0.3,ok,,,,
advection_diffusion,linear_interp,Linear interpolation,32,0.16,0.05,3,5,0,cv,,0,"1,2,3,4,6,8",,,0,0.6666666666666666,0.2691724506656615,0.5252766606437212,0.3,ok,,,,
advection_diffusion,smoothing_spline_cv,Tuned smoothing spline,32,0.16,0.05,3,5,0,cv,,0,"1,2,3,4,6,8",0.03,0.0447510114400801,4,0.6666666666666666,0.1423977400492141,0.5835679144795461,0.3,ok,,,,
advection_diffusion,baseline,Baseline,32,0.16,0.05,4,1,0,cv,,0,"1,2,3,4,6,8",,,0,0.4,0.6581450343079376,0.2412334215184913,0.0,ok,,,,
advection_diffusion,linear_interp,Linear interpolation,32,0.16,0.05,4,5,0,cv,,0,"1,2,3,4,6,8",,,0,0.6666666666666666,0.2539408276889084,0.5316571978084285,0.3,ok,,,,
advection_diffusion,smoothing_spline_cv,Tuned smoothing spline,32,0.16,0.05,4,5,0,cv,,0,"1,2,3,4,6,8",0.1,0.0415500622037918,4,0.6666666666666666,0.1157749092012116,0.5974920758380705,0.3,ok,,,,
advection_diffusion,baseline,Baseline,32,0.16,0.05,5,1,0,cv,,0,"1,2,3,4,6,8",,,0,0.4,0.7073546442781504,0.2342805587231206,0.03,ok,,,,
advection_diffusion,linear_interp,Linear interpolation,32,0.16,0.05,5,5,0,cv,,0,"1,2,3,4,6,8",,,0,0.4,0.6509983428476342,0.2422776508122242,0.1,ok,,,,
advection_diffusion,smoothing_spline_cv,Tuned smoothing spline,32,0.16,0.05,5,5,0,cv,,0,"1,2,3,4,6,8",0.1,0.0468914897674671,4,0.6666666666666666,0.1194893498850955,0.5955096104622106,0.3,ok,,,,
advection_diffusion,baseline,Baseline,32,0.16,0.05,6,1,0,cv,,0,"1,2,3,4,6,8",,,0,0.5,0.4192245868605714,0.3523050577259491,0.3,ok,,,,
advection_diffusion,linear_interp,Linear interpolation,32,0.16,0.05,6,5,0,cv,,0,"1,2,3,4,6,8",,,0,0.5,0.3537404635543085,0.3693470155181937,0.3,ok,,,,
advection_diffusion,smoothing_spline_cv,Tuned smoothing spline,32,0.16,0.05,6,5,0,cv,,0,"1,2,3,4,6,8",0.1,0.0459534698891176,4,0.6666666666666666,0.0991970457453168,0.6065033282677988,0.3,ok,,,,
advection_diffusion,baseline,Baseline,32,0.16,0.05,7,1,0,cv,,0,"1,2,3,4,6,8",,,0,0.6666666666666666,0.3952833134368,0.4778002146564505,0.3,ok,,,,
advection_diffusion,linear_interp,Linear interpolation,32,0.16,0.05,7,5,0,cv,,0,"1,2,3,4,6,8",,,0,0.6666666666666666,0.3005835369284145,0.5125904240193074,0.3,ok,,,,
advection_diffusion,smoothing_spline_cv,Tuned smoothing spline,32,0.16,0.05,7,5,0,cv,,0,"1,2,3,4,6,8",0.1,0.0417462830232231,4,0.6666666666666666,0.1350658880690057,0.5873374168620394,0.3,ok,,,,
advection_diffusion,baseline,Baseline,32,0.16,0.1,0,1,0,cv,,0,"1,2,3,4,6,8",,,0,0.6666666666666666,0.6764613310390644,0.3976630145435381,0.3,ok,,,,
advection_diffusion,linear_interp,Linear interpolation,32,0.16,0.1,0,5,0,cv,,0,"1,2,3,4,6,8",,,0,0.5,0.530710926218631,0.3266456072376562,0.3,ok,,,,
advection_diffusion,smoothing_spline_cv,Tuned smoothing spline,32,0.16,0.1,0,5,0,cv,,0,"1,2,3,4,6,8",0.3,0.1491630232011015,4,0.4444444444444444,0.6609566213820457,0.2675834147159315,0.0001,ok,,,,
advection_diffusion,baseline,Baseline,32,0.16,0.1,1,1,0,cv,,0,"1,2,3,4,6,8",,,0,0.6666666666666666,0.676594789493844,0.3976313602095412,0.3,ok,,,,
advection_diffusion,linear_interp,Linear interpolation,32,0.16,0.1,1,5,0,cv,,0,"1,2,3,4,6,8",,,0,0.6666666666666666,0.5895266596106088,0.4194120700246588,0.3,ok,,,,
advection_diffusion,smoothing_spline_cv,Tuned smoothing spline,32,0.16,0.1,1,5,0,cv,,0,"1,2,3,4,6,8",0.3,0.1324959338048085,4,0.4,0.6100375937582116,0.2484414038223198,0.1,ok,,,,
advection_diffusion,baseline,Baseline,32,0.16,0.1,2,1,0,cv,,0,"1,2,3,4,6,8",,,0,0.6666666666666666,0.6756268992045695,0.3978610435193762,0.3,ok,,,,
advection_diffusion,linear_interp,Linear interpolation,32,0.16,0.1,2,5,0,cv,,0,"1,2,3,4,6,8",,,0,0.6666666666666666,0.5884348780122547,0.4197003452234214,0.3,ok,,,,
advection_diffusion,smoothing_spline_cv,Tuned smoothing spline,32,0.16,0.1,2,5,0,cv,,0,"1,2,3,4,6,8",0.3,0.1326452207295609,4,0.5,0.3761723397795836,0.3633265874825555,0.3,ok,,,,
advection_diffusion,baseline,Baseline,32,0.16,0.1,3,1,0,cv,,0,"1,2,3,4,6,8",,,0,0.6666666666666666,0.6726419074763719,0.3985710651435918,0.3,ok,,,,
advection_diffusion,linear_interp,Linear interpolation,32,0.16,0.1,3,5,0,cv,,0,"1,2,3,4,6,8",,,0,0.5,0.5427837204851463,0.3240894970312295,0.3,ok,,,,
advection_diffusion,smoothing_spline_cv,Tuned smoothing spline,32,0.16,0.1,3,5,0,cv,,0,"1,2,3,4,6,8",10.0,0.1217041776427872,4,0.5,0.375063987451752,0.3636194421225389,0.3,ok,,,,
advection_diffusion,baseline,Baseline,32,0.16,0.1,4,1,0,cv,,0,"1,2,3,4,6,8",,,0,0.6666666666666666,0.682729306593449,0.3961817649781592,0.3,ok,,,,
advection_diffusion,linear_interp,Linear interpolation,32,0.16,0.1,4,5,0,cv,,0,"1,2,3,4,6,8",,,0,0.5,0.5524948464861079,0.3220622607100384,0.3,ok,,,,
advection_diffusion,smoothing_spline_cv,Tuned smoothing spline,32,0.16,0.1,4,5,0,cv,,0,"1,2,3,4,6,8",10.0,0.1591119667036547,4,0.5,0.3632481131570189,0.3667710926385196,0.3,ok,,,,
advection_diffusion,baseline,Baseline,32,0.16,0.1,5,1,0,cv,,0,"1,2,3,4,6,8",,,0,0.6666666666666666,0.6935743372400248,0.3936447618550458,0.3,ok,,,,
advection_diffusion,linear_interp,Linear interpolation,32,0.16,0.1,5,5,0,cv,,0,"1,2,3,4,6,8",,,0,0.5,0.5670406695181924,0.3190727654526871,0.3,ok,,,,
advection_diffusion,smoothing_spline_cv,Tuned smoothing spline,32,0.16,0.1,5,5,0,cv,,0,"1,2,3,4,6,8",0.3,0.1485358213992306,4,0.6666666666666666,0.373605299095623,0.4853407795569788,0.3,ok,,,,
advection_diffusion,baseline,Baseline,32,0.16,0.1,6,1,0,cv,,0,"1,2,3,4,6,8",,,0,0.6666666666666666,0.6854249435446521,0.3955481193155871,0.3,ok,,,,
advection_diffusion,linear_interp,Linear interpolation,32,0.16,0.1,6,5,0,cv,,0,"1,2,3,4,6,8",,,0,0.6666666666666666,0.5910106257352405,0.4190208763430386,0.3,ok,,,,
advection_diffusion,smoothing_spline_cv,Tuned smoothing spline,32,0.16,0.1,6,5,0,cv,,0,"1,2,3,4,6,8",10.0,0.1722824939833029,4,0.6666666666666666,0.3343162698444858,0.4996316703418197,0.3,ok,,,,
advection_diffusion,baseline,Baseline,32,0.16,0.1,7,1,0,cv,,0,"1,2,3,4,6,8",,,0,0.6666666666666666,0.6702090885993865,0.3991516219240094,0.3,ok,,,,
advection_diffusion,linear_interp,Linear interpolation,32,0.16,0.1,7,5,0,cv,,0,"1,2,3,4,6,8",,,0,0.5,0.5356263242678931,0.3256000448145313,0.3,ok,,,,
advection_diffusion,smoothing_spline_cv,Tuned smoothing spline,32,0.16,0.1,7,5,0,cv,,0,"1,2,3,4,6,8",10.0,0.1620487210724967,4,0.4,0.625187146877624,0.2461255005421968,0.1,ok,,,,
burgers,pod_edmd_rbf,POD-EDMD-RBF,4,0.02,0.0,0,5,8,cv,3.921302477593238e-05,3,"1,2,3,4,6,8",,,0,1.0,0.0023275589138331,0.9976778460363244,0.003,ok,,,0.0,0.0
burgers,pod_edmd_rbf,POD-EDMD-RBF,4,0.02,0.0,1,5,8,cv,3.920904208985597e-05,3,"1,2,3,4,6,8",,,0,1.0,0.0023258070424802,0.9976795897839416,0.003,ok,,,0.0,0.0
burgers,pod_edmd_rbf,POD-EDMD-RBF,4,0.02,0.0,2,5,8,cv,3.920898688822822e-05,3,"1,2,3,4,6,8",,,0,1.0,0.0025423899598166,0.9974640573952004,0.003,ok,,,0.0,0.0
burgers,pod_edmd_rbf,POD-EDMD-RBF,4,0.02,0.0,3,5,8,cv,3.92088798902222e-05,3,"1,2,3,4,6,8",,,0,1.0,0.0024747452587756,0.9975313639864944,0.003,ok,,,0.0,0.0
burgers,pod_edmd_rbf,POD-EDMD-RBF,4,0.02,0.0,4,5,8,cv,3.92145339256939e-05,3,"1,2,3,4,6,8",,,0,1.0,0.0024477847235646,0.997558192296031,0.003,ok,,,0.0,0.0
burgers,pod_edmd_rbf,POD-EDMD-RBF,4,0.02,0.0,5,5,8,cv,3.921382112317464e-05,3,"1,2,3,4,6,8",,,0,1.0,0.0023823554377318,0.997623306690498,0.003,ok,,,0.0,0.0
burgers,pod_edmd_rbf,POD-EDMD-RBF,4,0.02,0.0,6,5,8,cv,3.921228936041804e-05,3,"1,2,3,4,6,8",,,0,1.0,0.0023335738717491,0.997671859017218,0.003,ok,,,0.0,0.0
burgers,pod_edmd_rbf,POD-EDMD-RBF,4,0.02,0.0,7,5,8,cv,3.920843088334752e-05,3,"1,2,3,4,6,8",,,0,1.0,0.0021604024924854,0.9978442547848504,0.003,ok,,,0.0,0.0
burgers,pod_edmd_rbf,POD-EDMD-RBF,4,0.02,0.01,0,5,8,cv,0.0065158831432823,3,"1,2,3,4,6,8",,,0,1.0,0.0137886591331711,0.986398882046125,0.01,ok,,,0.0,0.0
burgers,pod_edmd_rbf,POD-EDMD-RBF,4,0.02,0.01,1,5,8,cv,0.0069511402913473,3,"1,2,3,4,6,8",,,0,1.0,0.0138211791230804,0.9863672416717164,0.01,ok,,,0.0,0.0
burgers,pod_edmd_rbf,POD-EDMD-RBF,4,0.02,0.01,2,5,8,cv,0.0072331019088915,3,"1,2,3,4,6,8",,,0,1.0,0.0159964649096751,0.9842553931414544,0.01,ok,,,0.0,0.0
burgers,pod_edmd_rbf,POD-EDMD-RBF,4,0.02,0.01,3,5,8,cv,0.0066213742470744,3,"1,2,3,4,6,8",,,0,1.0,0.0143868375515318,0.9858172079733822,0.01,ok,,,0.0,0.0
burgers,pod_edmd_rbf,POD-EDMD-RBF,4,0.02,0.01,4,5,8,cv,0.0058551917303872,3,"1,2,3,4,6,8",,,0,1.0,0.0174333853025618,0.9828653300015532,0.01,ok,,,0.0,0.0
burgers,pod_edmd_rbf,POD-EDMD-RBF,4,0.02,0.01,5,5,8,cv,0.0063761056007989,3,"1,2,3,4,6,8",,,0,1.0,0.0186141664854862,0.9817259889976688,0.01,ok,,,0.0,0.0
burgers,pod_edmd_rbf,POD-EDMD-RBF,4,0.02,0.01,6,5,8,cv,0.006092962607597,3,"1,2,3,4,6,8",,,0,1.0,0.015744253167212,0.9844997861241944,0.01,ok,,,0.0,0.0
burgers,pod_edmd_rbf,POD-EDMD-RBF,4,0.02,0.01,7,5,8,cv,0.0061905053172194,3,"1,2,3,4,6,8",,,0,1.0,0.0186522781037375,0.9816892589309676,0.01,ok,,,0.0,0.0
burgers,pod_edmd_rbf,POD-EDMD-RBF,4,0.02,0.03,0,5,6,cv,0.0387734221787104,3,"1,2,3,4,6,8",,,0,0.6666666666666666,0.1681940769050516,0.5706814302918709,0.1,ok,,,0.0,0.0
burgers,pod_edmd_rbf,POD-EDMD-RBF,4,0.02,0.03,1,5,6,cv,0.0379437537800295,3,"1,2,3,4,6,8",,,0,0.6666666666666666,0.1659415792579291,0.5717839371428635,0.1,ok,,,0.0,0.0
burgers,pod_edmd_rbf,POD-EDMD-RBF,4,0.02,0.03,2,5,6,cv,0.0400398447540114,3,"1,2,3,4,6,8",,,0,1.0,0.0699046922793709,0.93466269212219,0.03,ok,,,0.0,0.0
burgers,pod_edmd_rbf,POD-EDMD-RBF,4,0.02,0.03,3,5,6,cv,0.0390893766961988,3,"1,2,3,4,6,8",,,0,0.6666666666666666,0.1680886178791878,0.5707329533585251,0.1,ok,,,0.0,0.0
burgers,pod_edmd_rbf,POD-EDMD-RBF,4,0.02,0.03,4,5,6,cv,0.0353253112996689,3,"1,2,3,4,6,8",,,0,0.6666666666666666,0.1690554878800052,0.5702609273710496,0.1,ok,,,0.0,0.0
burgers,pod_edmd_rbf,POD-EDMD-RBF,4,0.02,0.03,5,5,6,cv,0.0360180429498972,3,"1,2,3,4,6,8",,,0,0.6666666666666666,0.1688408904285131,0.5703656264303496,0.1,ok,,,0.0,0.0
burgers,pod_edmd_rbf,POD-EDMD-RBF,4,0.02,0.03,6,5,4,cv,0.0392382965420124,3,"1,2,3,4,6,8",,,0,1.0,0.0976474845380514,0.9110393036803188,0.03,ok,,,0.0,0.0
burgers,pod_edmd_rbf,POD-EDMD-RBF,4,0.02,0.03,7,5,6,cv,0.040529587301558,3,"1,2,3,4,6,8",,,0,0.6666666666666666,0.1660437509439379,0.5717338359962784,0.1,ok,,,0.0,0.0
burgers,pod_edmd_rbf,POD-EDMD-RBF,4,0.02,0.05,0,5,4,cv,0.0734419805474468,3,"1,2,3,4,6,8",,,0,0.6666666666666666,0.2138354820049766,0.5492232485785362,0.1,ok,,,0.0,0.0
burgers,pod_edmd_rbf,POD-EDMD-RBF,4,0.02,0.05,1,5,4,cv,0.0789409858548785,3,"1,2,3,4,6,8",,,0,0.6666666666666666,0.246152512797243,0.5349799962848829,0.1,ok,,,0.0,0.0
burgers,pod_edmd_rbf,POD-EDMD-RBF,4,0.02,0.05,2,5,4,cv,0.0774742441027038,3,"1,2,3,4,6,8",,,0,0.6666666666666666,0.2075492474151735,0.55208238346693,0.1,ok,,,0.0,0.0
burgers,pod_edmd_rbf,POD-EDMD-RBF,4,0.02,0.05,3,5,4,cv,0.0719190137144496,3,"1,2,3,4,6,8",,,0,0.6666666666666666,0.2065416095774274,0.5525434526043045,0.1,ok,,,0.0,0.0
burgers,pod_edmd_rbf,POD-EDMD-RBF,4,0.02,0.05,4,5,4,cv,0.0761152621773089,3,"1,2,3,4,6,8",,,0,0.6666666666666666,0.1968771838319077,0.5570050759362583,0.1,ok,,,0.0,0.0
burgers,pod_edmd_rbf,POD-EDMD-RBF,4,0.02,0.05,5,5,4,cv,0.0743636074999031,3,"1,2,3,4,6,8",,,0,0.6666666666666666,0.1955989829590673,0.5576005635407024,0.1,ok,,,0.0,0.0
burgers,pod_edmd_rbf,POD-EDMD-RBF,4,0.02,0.05,6,5,4,cv,0.0730643327185138,3,"1,2,3,4,6,8",,,0,0.6666666666666666,0.1864430250668936,0.5619036503072525,0.1,ok,,,0.0,0.0
burgers,pod_edmd_rbf,POD-EDMD-RBF,4,0.02,0.05,7,5,4,cv,0.0779846565219199,3,"1,2,3,4,6,8",,,0,0.6666666666666666,0.2026127043424889,0.554348598064376,0.1,ok,,,0.0,0.0
burgers,pod_edmd_rbf,POD-EDMD-RBF,4,0.02,0.1,0,5,3,cv,0.1858690556618173,3,"1,2,3,4,6,8",,,0,0.6666666666666666,0.2908076210190845,0.5164725213973694,0.1,ok,,,0.0,0.0
burgers,pod_edmd_rbf,POD-EDMD-RBF,4,0.02,0.1,1,5,3,cv,0.1873080098695021,3,"1,2,3,4,6,8",,,0,0.6666666666666666,0.3232354478402285,0.5038156042107195,0.1,ok,,,0.0,0.0
burgers,pod_edmd_rbf,POD-EDMD-RBF,4,0.02,0.1,2,5,3,cv,0.1877737494686105,3,"1,2,3,4,6,8",,,0,0.6666666666666666,0.3033470374249005,0.5115035731264937,0.1,ok,,,0.0,0.0
burgers,pod_edmd_rbf,POD-EDMD-RBF,4,0.02,0.1,3,5,4,cv,0.1956993908914621,3,"1,2,3,4,6,8",,,0,0.6666666666666666,0.2667580574375505,0.5262778182088117,0.1,ok,,,0.0,0.0
burgers,pod_edmd_rbf,POD-EDMD-RBF,4,0.02,0.1,4,5,3,cv,0.1889964507886357,3,"1,2,3,4,6,8",,,0,0.6666666666666666,0.3061019212416997,0.5104246887814639,0.1,ok,,,0.0,0.0
burgers,pod_edmd_rbf,POD-EDMD-RBF,4,0.02,0.1,5,5,3,cv,0.1847548112182175,3,"1,2,3,4,6,8",,,0,0.6666666666666666,0.3133361152073669,0.5076131379828875,0.1,ok,,,0.0,0.0
burgers,pod_edmd_rbf,POD-EDMD-RBF,4,0.02,0.1,6,5,3,cv,0.1843813165145202,3,"1,2,3,4,6,8",,,0,0.6666666666666666,0.3042144867521967,0.5111633657181839,0.1,ok,,,0.0,0.0
burgers,pod_edmd_rbf,POD-EDMD-RBF,4,0.02,0.1,7,5,3,cv,0.187099963281971,3,"1,2,3,4,6,8",,,0,0.6666666666666666,0.3362729375897179,0.4989000734155078,0.1,ok,,,0.0,0.0
burgers,pod_edmd_rbf,POD-EDMD-RBF,8,0.04,0.0,0,5,8,cv,4.072450661187087e-05,3,"1,2,3,4,6,8",,,0,1.0,0.002181511058528,0.9978232375727788,0.003,ok,,,0.0,0.0
burgers,pod_edmd_rbf,POD-EDMD-RBF,8,0.04,0.0,1,5,8,cv,4.073618369059308e-05,3,"1,2,3,4,6,8",,,0,1.0,0.0021814836620688,0.9978232648500972,0.003,ok,,,0.0,0.0
burgers,pod_edmd_rbf,POD-EDMD-RBF,8,0.04,0.0,2,5,8,cv,4.072334046247226e-05,3,"1,2,3,4,6,8",,,0,1.0,0.0021814871289357,0.9978232613983068,0.003,ok,,,0.0,0.0
burgers,pod_edmd_rbf,POD-EDMD-RBF,8,0.04,0.0,3,5,8,cv,4.073239885123592e-05,3,"1,2,3,4,6,8",,,0,1.0,0.0021814845749309,0.9978232639412048,0.003,ok,,,0.0,0.0
burgers,pod_edmd_rbf,POD-EDMD-RBF,8,0.04,0.0,4,5,8,cv,4.072982321770516e-05,3,"1,2,3,4,6,8",,,0,1.0,0.0021814422283877,0.9978233061035964,0.003,ok,,,0.0,0.0
burgers,pod_edmd_rbf,POD-EDMD-RBF,8,0.04,0.0,5,5,8,cv,4.074425920880346e-05,3,"1,2,3,4,6,8",,,0,1.0,0.0021814053253072,0.9978233428461992,0.003,ok,,,0.0,0.0
burgers,pod_edmd_rbf,POD-EDMD-RBF,8,0.04,0.0,6,5,8,cv,4.072480461409095e-05,3,"1,2,3,4,6,8",,,0,1.0,0.0021815418837462,0.9978232068816136,0.003,ok,,,0.0,0.0
burgers,pod_edmd_rbf,POD-EDMD-RBF,8,0.04,0.0,7,5,8,cv,4.074178272900134e-05,3,"1,2,3,4,6,8",,,0,1.0,0.0021815098251625,0.9978232388007806,0.003,ok,,,0.0,0.0
burgers,pod_edmd_rbf,POD-EDMD-RBF,8,0.04,0.01,0,5,8,cv,0.0083314373101988,3,"1,2,3,4,6,8",,,0,1.0,0.0288483874073294,0.9719605067564652,0.03,ok,,,0.0,0.0
burgers,pod_edmd_rbf,POD-EDMD-RBF,8,0.04,0.01,1,5,6,cv,0.0073618851386281,3,"1,2,3,4,6,8",,,0,1.0,0.0254579729088207,0.9751740455665808,0.03,ok,,,0.0,0.0
burgers,pod_edmd_rbf,POD-EDMD-RBF,8,0.04,0.01,2,5,6,cv,0.007874769927927,3,"1,2,3,4,6,8",,,0,1.0,0.0305499704939442,0.9703556631229618,0.03,ok,,,0.0,0.0
burgers,pod_edmd_rbf,POD-EDMD-RBF,8,0.04,0.01,3,5,6,cv,0.0064925013236446,3,"1,2,3,4,6,8",,,0,1.0,0.0246662980332087,0.975927481873314,0.03,ok,,,0.0,0.0
burgers,pod_edmd_rbf,POD-EDMD-RBF,8,0.04,0.01,4,5,8,cv,0.0069998307999532,3,"1,2,3,4,6,8",,,0,1.0,0.0311005957307,0.9698374767122888,0.03,ok,,,0.0,0.0
burgers,pod_edmd_rbf,POD-EDMD-RBF,8,0.04,0.01,5,5,8,cv,0.0078719136783255,3,"1,2,3,4,6,8",,,0,1.0,0.0253672961057487,0.9752602836056002,0.03,ok,,,0.0,0.0
burgers,pod_edmd_rbf,POD-EDMD-RBF,8,0.04,0.01,6,5,6,cv,0.0088773922298786,3,"1,2,3,4,6,8",,,0,1.0,0.0266233084019866,0.974067110902218,0.03,ok,,,0.0,0.0
burgers,pod_edmd_rbf,POD-EDMD-RBF,8,0.04,0.01,7,5,8,cv,0.0078266864713943,3,"1,2,3,4,6,8",,,0,1.0,0.0276133491930698,0.9731286585418988,0.03,ok,,,0.0,0.0
burgers,pod_edmd_rbf,POD-EDMD-RBF,8,0.04,0.03,0,5,4,cv,0.0417823403208202,3,"1,2,3,4,6,8",,,0,0.6666666666666666,0.1998454349461515,0.5556271226690014,0.1,ok,,,0.0,0.0
burgers,pod_edmd_rbf,POD-EDMD-RBF,8,0.04,0.03,1,5,4,cv,0.0439973281072603,3,"1,2,3,4,6,8",,,0,0.6666666666666666,0.1922165155188561,0.5591825461137244,0.1,ok,,,0.0,0.0
burgers,pod_edmd_rbf,POD-EDMD-RBF,8,0.04,0.03,2,5,6,cv,0.0436230591743985,3,"1,2,3,4,6,8",,,0,0.6666666666666666,0.172776651614148,0.5684515169611382,0.1,ok,,,0.0,0.0
burgers,pod_edmd_rbf,POD-EDMD-RBF,8,0.04,0.03,3,5,4,cv,0.0427765705659891,3,"1,2,3,4,6,8",,,0,0.6666666666666666,0.1970688272513882,0.5569159028202348,0.1,ok,,,0.0,0.0
burgers,pod_edmd_rbf,POD-EDMD-RBF,8,0.04,0.03,4,5,4,cv,0.0486158135302862,3,"1,2,3,4,6,8",,,0,0.6666666666666666,0.1952904408508151,0.557744497807687,0.1,ok,,,0.0,0.0
burgers,pod_edmd_rbf,POD-EDMD-RBF,8,0.04,0.03,5,5,4,cv,0.0484712307498763,3,"1,2,3,4,6,8",,,0,0.6666666666666666,0.1977648875629594,0.5565922607926039,0.1,ok,,,0.0,0.0
burgers,pod_edmd_rbf,POD-EDMD-RBF,8,0.04,0.03,6,5,6,cv,0.0461231400904009,3,"1,2,3,4,6,8",,,0,0.6666666666666666,0.1685347289499394,0.5705150648502694,0.1,ok,,,0.0,0.0
burgers,pod_edmd_rbf,POD-EDMD-RBF,8,0.04,0.03,7,5,4,cv,0.0459279087576271,3,"1,2,3,4,6,8",,,0,0.6666666666666666,0.2034683412822486,0.5539544695927433,0.1,ok,,,0.0,0.0
burgers,pod_edmd_rbf,POD-EDMD-RBF,8,0.04,0.05,0,5,3,cv,0.0796669839236384,3,"1,2,3,4,6,8",,,0,0.6666666666666666,0.2456880639356718,0.5351794610284504,0.1,ok,,,0.0,0.0
burgers,pod_edmd_rbf,POD-EDMD-RBF,8,0.04,0.05,1,5,3,cv,0.0942806270566133,3,"1,2,3,4,6,8",,,0,0.6666666666666666,0.256323394334849,0.5306489313761671,0.1,ok,,,0.0,0.0
burgers,pod_edmd_rbf,POD-EDMD-RBF,8,0.04,0.05,2,5,3,cv,0.092273645593196,3,"1,2,3,4,6,8",,,0,0.6666666666666666,0.26561091241617,0.5267548344648335,0.1,ok,,,0.0,0.0
burgers,pod_edmd_rbf,POD-EDMD-RBF,8,0.04,0.05,3,5,4,cv,0.08657677848489,3,"1,2,3,4,6,8",,,0,0.6666666666666666,0.2397581004713409,0.5377393109294532,0.1,ok,,,0.0,0.0
burgers,pod_edmd_rbf,POD-EDMD-RBF,8,0.04,0.05,4,5,3,cv,0.0964581090280401,3,"1,2,3,4,6,8",,,0,0.6666666666666666,0.2580361551185514,0.5299264762417286,0.1,ok,,,0.0,0.0
burgers,pod_edmd_rbf,POD-EDMD-RBF,8,0.04,0.05,5,5,3,cv,0.0896046688462188,3,"1,2,3,4,6,8",,,0,0.6666666666666666,0.2582417539002063,0.5298398853798817,0.1,ok,,,0.0,0.0
burgers,pod_edmd_rbf,POD-EDMD-RBF,8,0.04,0.05,6,5,3,cv,0.096957778332536,3,"1,2,3,4,6,8",,,0,0.6666666666666666,0.2645065618647923,0.5272148731941101,0.1,ok,,,0.0,0.0
burgers,pod_edmd_rbf,POD-EDMD-RBF,8,0.04,0.05,7,5,3,cv,0.0908361781752167,3,"1,2,3,4,6,8",,,0,0.6666666666666666,0.252826279444663,0.5321301744741322,0.1,ok,,,0.0,0.0
burgers,pod_edmd_rbf,POD-EDMD-RBF,8,0.04,0.1,0,5,4,cv,0.2018244100358214,3,"1,2,3,4,6,8",,,0,0.6666666666666666,0.3693192168629258,0.4868599362783956,0.1,ok,,,0.0,0.0
burgers,pod_edmd_rbf,POD-EDMD-RBF,8,0.04,0.1,1,5,4,cv,0.2353614649629911,3,"1,2,3,4,6,8",,,0,0.6666666666666666,0.3816786966720142,0.4825048459330204,0.1,ok,,,0.0,0.0
burgers,pod_edmd_rbf,POD-EDMD-RBF,8,0.04,0.1,2,5,2,cv,0.2442640128760274,3,"1,2,3,4,6,8",,,0,0.6666666666666666,0.3839308848137856,0.4817196248614465,0.1,ok,,,0.0,0.0
burgers,pod_edmd_rbf,POD-EDMD-RBF,8,0.04,0.1,3,5,2,cv,0.2419481591162541,3,"1,2,3,4,6,8",,,0,0.6666666666666666,0.3845015740600642,0.4815210608332211,0.1,ok,,,0.0,0.0
burgers,pod_edmd_rbf,POD-EDMD-RBF,8,0.04,0.1,4,5,3,cv,0.204109636179947,3,"1,2,3,4,6,8",,,0,0.6666666666666666,0.3274356765198819,0.5022214473054217,0.1,ok,,,0.0,0.0
burgers,pod_edmd_rbf,POD-EDMD-RBF,8,0.04,0.1,5,5,3,cv,0.2132563269697237,3,"1,2,3,4,6,8",,,0,0.6666666666666666,0.3421160335769695,0.4967280398922629,0.1,ok,,,0.0,0.0
burgers,pod_edmd_rbf,POD-EDMD-RBF,8,0.04,0.1,6,5,4,cv,0.2175120266366137,3,"1,2,3,4,6,8",,,0,0.6666666666666666,0.3608676534965468,0.4898835422781677,0.1,ok,,,0.0,0.0
burgers,pod_edmd_rbf,POD-EDMD-RBF,8,0.04,0.1,7,5,2,cv,0.2541781584095708,3,"1,2,3,4,6,8",,,0,0.6666666666666666,0.3770345625800979,0.4841321233198086,0.1,ok,,,0.0,0.0
burgers,pod_edmd_rbf,POD-EDMD-RBF,16,0.08,0.0,0,5,6,cv,0.0004620030273308,3,"1,2,3,4,6,8",,,0,1.0,0.0080328332810515,0.99203117893005,0.01,ok,,,0.0,0.0
burgers,pod_edmd_rbf,POD-EDMD-RBF,16,0.08,0.0,1,5,6,cv,0.0004620030185623,3,"1,2,3,4,6,8",,,0,1.0,0.008032833518952,0.9920311786959258,0.01,ok,,,0.0,0.0
burgers,pod_edmd_rbf,POD-EDMD-RBF,16,0.08,0.0,2,5,6,cv,0.000462003025418,3,"1,2,3,4,6,8",,,0,1.0,0.0080328334250483,0.9920311787883388,0.01,ok,,,0.0,0.0
burgers,pod_edmd_rbf,POD-EDMD-RBF,16,0.08,0.0,3,5,6,cv,0.0004620030202801,3,"1,2,3,4,6,8",,,0,1.0,0.0080328332270548,0.9920311789831894,0.01,ok,,,0.0,0.0
burgers,pod_edmd_rbf,POD-EDMD-RBF,16,0.08,0.0,4,5,6,cv,0.0004620030221814,3,"1,2,3,4,6,8",,,0,1.0,0.0080328333031183,0.9920311789083334,0.01,ok,,,0.0,0.0
burgers,pod_edmd_rbf,POD-EDMD-RBF,16,0.08,0.0,5,5,6,cv,0.0004620030290261,3,"1,2,3,4,6,8",,,0,1.0,0.0080328333009948,0.9920311789104233,0.01,ok,,,0.0,0.0
burgers,pod_edmd_rbf,POD-EDMD-RBF,16,0.08,0.0,6,5,6,cv,0.0004620030253013,3,"1,2,3,4,6,8",,,0,1.0,0.0080328331270463,0.9920311790816102,0.01,ok,,,0.0,0.0
burgers,pod_edmd_rbf,POD-EDMD-RBF,16,0.08,0.0,7,5,6,cv,0.0004620030288227,3,"1,2,3,4,6,8",,,0,1.0,0.0080328333384905,0.9920311788735228,0.01,ok,,,0.0,0.0
burgers,pod_edmd_rbf,POD-EDMD-RBF,16,0.08,0.01,0,5,6,cv,0.0065132775783372,3,"1,2,3,4,6,8",,,0,1.0,0.0386243187119512,0.962812040873594,0.03,ok,,,0.0,0.0
burgers,pod_edmd_rbf,POD-EDMD-RBF,16,0.08,0.01,1,5,6,cv,0.0083278018286098,3,"1,2,3,4,6,8",,,0,1.0,0.0454149799967808,0.9565579402765771,0.03,ok,,,0.0,0.0
burgers,pod_edmd_rbf,POD-EDMD-RBF,16,0.08,0.01,2,5,6,cv,0.0086926109382312,3,"1,2,3,4,6,8",,,0,1.0,0.0376383010987528,0.963726954701944,0.03,ok,,,0.0,0.0
burgers,pod_edmd_rbf,POD-EDMD-RBF,16,0.08,0.01,3,5,6,cv,0.0056162181953494,3,"1,2,3,4,6,8",,,0,1.0,0.0389673821175855,0.9624941236960072,0.03,ok,,,0.0,0.0
burgers,pod_edmd_rbf,POD-EDMD-RBF,16,0.08,0.01,4,5,6,cv,0.0088629892864262,3,"1,2,3,4,6,8",,,0,1.0,0.0362994290394943,0.9649720650013875,0.03,ok,,,0.0,0.0
burgers,pod_edmd_rbf,POD-EDMD-RBF,16,0.08,0.01,5,5,6,cv,0.0074860341720051,3,"1,2,3,4,6,8",,,0,1.0,0.0400402657714467,0.9615012350106013,0.03,ok,,,0.0,0.0
burgers,pod_edmd_rbf,POD-EDMD-RBF,16,0.08,0.01,6,5,6,cv,0.0083259230142639,3,"1,2,3,4,6,8",,,0,1.0,0.0410355323139817,0.960582006050486,0.03,ok,,,0.0,0.0
burgers,pod_edmd_rbf,POD-EDMD-RBF,16,0.08,0.01,7,5,6,cv,0.0070040499440717,3,"1,2,3,4,6,8",,,0,1.0,0.0379110465708659,0.963473703554732,0.03,ok,,,0.0,0.0
burgers,pod_edmd_rbf,POD-EDMD-RBF,16,0.08,0.03,0,5,4,cv,0.0531579238704765,3,"1,2,3,4,6,8",,,0,0.6666666666666666,0.2068844360736368,0.5523864976132566,0.1,ok,,,0.0,0.0
burgers,pod_edmd_rbf,POD-EDMD-RBF,16,0.08,0.03,1,5,4,cv,0.0550195384673821,3,"1,2,3,4,6,8",,,0,0.6666666666666666,0.2103399468101909,0.5508094386404775,0.1,ok,,,0.0,0.0
burgers,pod_edmd_rbf,POD-EDMD-RBF,16,0.08,0.03,2,5,6,cv,0.0513008644758804,3,"1,2,3,4,6,8",,,0,0.6666666666666666,0.1946944052052326,0.5580227577546428,0.1,ok,,,0.0,0.0
burgers,pod_edmd_rbf,POD-EDMD-RBF,16,0.08,0.03,3,5,4,cv,0.0468113287475309,3,"1,2,3,4,6,8",,,0,0.6666666666666666,0.2016148467600622,0.5548089460314285,0.1,ok,,,0.0,0.0
burgers,pod_edmd_rbf,POD-EDMD-RBF,16,0.08,0.03,4,5,4,cv,0.0466160517499418,3,"1,2,3,4,6,8",,,0,0.6666666666666666,0.2033727839557851,0.5539984579634316,0.1,ok,,,0.0,0.0
burgers,pod_edmd_rbf,POD-EDMD-RBF,16,0.08,0.03,5,5,4,cv,0.0458335995228307,3,"1,2,3,4,6,8",,,0,0.6666666666666666,0.2114795466264475,0.550291309930162,0.1,ok,,,0.0,0.0
burgers,pod_edmd_rbf,POD-EDMD-RBF,16,0.08,0.03,6,5,4,cv,0.0475411167332826,3,"1,2,3,4,6,8",,,0,0.6666666666666666,0.2092543812693516,0.5513039084190607,0.1,ok,,,0.0,0.0
burgers,pod_edmd_rbf,POD-EDMD-RBF,16,0.08,0.03,7,5,4,cv,0.0402504803503329,3,"1,2,3,4,6,8",,,0,0.6666666666666666,0.2115692292214557,0.550250576349699,0.1,ok,,,0.0,0.0
burgers,pod_edmd_rbf,POD-EDMD-RBF,16,0.08,0.05,0,5,4,cv,0.095055121351865,3,"1,2,3,4,6,8",,,0,0.6666666666666666,0.2501050425092895,0.5332885189619677,0.3,ok,,,0.0,0.0
burgers,pod_edmd_rbf,POD-EDMD-RBF,16,0.08,0.05,1,5,4,cv,0.0862291861233271,3,"1,2,3,4,6,8",,,0,0.6666666666666666,0.2714754679891926,0.5243252295862095,0.1,ok,,,0.0,0.0
burgers,pod_edmd_rbf,POD-EDMD-RBF,16,0.08,0.05,2,5,4,cv,0.0933686867812307,3,"1,2,3,4,6,8",,,0,0.6666666666666666,0.2609021154643678,0.528721982848879,0.1,ok,,,0.0,0.0
burgers,pod_edmd_rbf,POD-EDMD-RBF,16,0.08,0.05,3,5,4,cv,0.0703443893732916,3,"1,2,3,4,6,8",,,0,0.6666666666666666,0.2725203943417725,0.5238946814769979,0.1,ok,,,0.0,0.0
burgers,pod_edmd_rbf,POD-EDMD-RBF,16,0.08,0.05,4,5,4,cv,0.0775978036607217,3,"1,2,3,4,6,8",,,0,0.6666666666666666,0.2729772950513535,0.5237066436756614,0.1,ok,,,0.0,0.0
burgers,pod_edmd_rbf,POD-EDMD-RBF,16,0.08,0.05,5,5,4,cv,0.0925474811963468,3,"1,2,3,4,6,8",,,0,0.6666666666666666,0.2391740326835784,0.5379927670231442,0.1,ok,,,0.0,0.0
burgers,pod_edmd_rbf,POD-EDMD-RBF,16,0.08,0.05,6,5,4,cv,0.0800056785688047,3,"1,2,3,4,6,8",,,0,0.6666666666666666,0.2491450300781598,0.533698370176402,0.1,ok,,,0.0,0.0
burgers,pod_edmd_rbf,POD-EDMD-RBF,16,0.08,0.05,7,5,4,cv,0.0797064438079555,3,"1,2,3,4,6,8",,,0,0.6666666666666666,0.2466135846773177,0.5347821288496799,0.1,ok,,,0.0,0.0
burgers,pod_edmd_rbf,POD-EDMD-RBF,16,0.08,0.1,0,5,4,cv,0.2431076021914846,3,"1,2,3,4,6,8",,,0,0.6666666666666666,0.4483947680608997,0.4602796705481027,0.1,ok,,,0.0,0.0
burgers,pod_edmd_rbf,POD-EDMD-RBF,16,0.08,0.1,1,5,4,cv,0.2094293793897325,3,"1,2,3,4,6,8",,,0,0.6666666666666666,0.4346891578991892,0.4646767301447127,0.1,ok,,,0.0,0.0
burgers,pod_edmd_rbf,POD-EDMD-RBF,16,0.08,0.1,2,5,3,cv,0.2316138191563676,3,"1,2,3,4,6,8",,,0,0.6666666666666666,0.4538404115886942,0.4585556030446023,0.1,ok,,,0.0,0.0
burgers,pod_edmd_rbf,POD-EDMD-RBF,16,0.08,0.1,3,5,2,cv,0.2380657407777205,3,"1,2,3,4,6,8",,,0,0.6666666666666666,0.446100632695399,0.4610098713697822,0.1,ok,,,0.0,0.0
burgers,pod_edmd_rbf,POD-EDMD-RBF,16,0.08,0.1,4,5,3,cv,0.2121419460003847,3,"1,2,3,4,6,8",,,0,0.6666666666666666,0.4030088631462795,0.4751692481625891,0.1,ok,,,0.0,0.0
burgers,pod_edmd_rbf,POD-EDMD-RBF,16,0.08,0.1,5,5,3,cv,0.2203024469341133,3,"1,2,3,4,6,8",,,0,0.6666666666666666,0.4847299745750709,0.449015429123714,0.1,ok,,,0.0,0.0
burgers,pod_edmd_rbf,POD-EDMD-RBF,16,0.08,0.1,6,5,3,cv,0.2083708962068048,3,"1,2,3,4,6,8",,,0,0.6666666666666666,0.4423667316263784,0.4622033024256939,0.1,ok,,,0.0,0.0
burgers,pod_edmd_rbf,POD-EDMD-RBF,16,0.08,0.1,7,5,3,cv,0.2031059584927973,3,"1,2,3,4,6,8",,,0,0.6666666666666666,0.4677318574062151,0.4542155730303518,0.1,ok,,,0.0,0.0
burgers,pod_edmd_rbf,POD-EDMD-RBF,32,0.16,0.0,0,5,3,cv,0.0252787545024674,3,"1,2,3,4,6,8",,,0,0.6666666666666666,0.1018353805170932,0.6050510615785444,0.01,ok,,,0.0,0.0
burgers,pod_edmd_rbf,POD-EDMD-RBF,32,0.16,0.0,1,5,3,cv,0.025278754520483,3,"1,2,3,4,6,8",,,0,0.6666666666666666,0.1018353450415368,0.6050510810592437,0.01,ok,,,0.0,0.0
burgers,pod_edmd_rbf,POD-EDMD-RBF,32,0.16,0.0,2,5,3,cv,0.0252787545167529,3,"1,2,3,4,6,8",,,0,0.6666666666666666,0.1018353629834605,0.6050510712067914,0.01,ok,,,0.0,0.0
burgers,pod_edmd_rbf,POD-EDMD-RBF,32,0.16,0.0,3,5,3,cv,0.0252787544770181,3,"1,2,3,4,6,8",,,0,0.6666666666666666,0.1018353520190969,0.6050510772276546,0.01,ok,,,0.0,0.0
burgers,pod_edmd_rbf,POD-EDMD-RBF,32,0.16,0.0,4,5,3,cv,0.0252787548044538,3,"1,2,3,4,6,8",,,0,0.6666666666666666,0.1018353612392525,0.6050510721645888,0.01,ok,,,0.0,0.0
burgers,pod_edmd_rbf,POD-EDMD-RBF,32,0.16,0.0,5,5,3,cv,0.0252787544863036,3,"1,2,3,4,6,8",,,0,0.6666666666666666,0.1018353613017233,0.6050510721302841,0.01,ok,,,0.0,0.0
burgers,pod_edmd_rbf,POD-EDMD-RBF,32,0.16,0.0,6,5,3,cv,0.0252787547391884,3,"1,2,3,4,6,8",,,0,0.6666666666666666,0.101835355159669,0.6050510755030716,0.01,ok,,,0.0,0.0
burgers,pod_edmd_rbf,POD-EDMD-RBF,32,0.16,0.0,7,5,3,cv,0.0252787545558339,3,"1,2,3,4,6,8",,,0,0.6666666666666666,0.1018353600523637,0.6050510728163451,0.01,ok,,,0.0,0.0
burgers,pod_edmd_rbf,POD-EDMD-RBF,32,0.16,0.01,0,5,3,cv,0.032948481972478,3,"1,2,3,4,6,8",,,0,0.6666666666666666,0.1305643995767104,0.5896759768096981,0.03,ok,,,0.0,0.0
burgers,pod_edmd_rbf,POD-EDMD-RBF,32,0.16,0.01,1,5,3,cv,0.0297452500285327,3,"1,2,3,4,6,8",,,0,0.6666666666666666,0.1353693238865996,0.5871804466096824,0.03,ok,,,0.0,0.0
burgers,pod_edmd_rbf,POD-EDMD-RBF,32,0.16,0.01,2,5,3,cv,0.0306033231819293,3,"1,2,3,4,6,8",,,0,0.6666666666666666,0.1317544452548943,0.589055929456959,0.03,ok,,,0.0,0.0
burgers,pod_edmd_rbf,POD-EDMD-RBF,32,0.16,0.01,3,5,3,cv,0.0312818154979661,3,"1,2,3,4,6,8",,,0,0.6666666666666666,0.1368455694058072,0.5864179661755747,0.03,ok,,,0.0,0.0
burgers,pod_edmd_rbf,POD-EDMD-RBF,32,0.16,0.01,4,5,3,cv,0.0295413508044055,3,"1,2,3,4,6,8",,,0,0.6666666666666666,0.1332864113539538,0.5882596490945217,0.03,ok,,,0.0,0.0
burgers,pod_edmd_rbf,POD-EDMD-RBF,32,0.16,0.01,5,5,3,cv,0.0284118222880118,3,"1,2,3,4,6,8",,,0,0.6666666666666666,0.134916603358686,0.5874146740771307,0.03,ok,,,0.0,0.0
burgers,pod_edmd_rbf,POD-EDMD-RBF,32,0.16,0.01,6,5,3,cv,0.0342015577819919,3,"1,2,3,4,6,8",,,0,0.6666666666666666,0.1305312291021976,0.5896932782618439,0.03,ok,,,0.0,0.0
burgers,pod_edmd_rbf,POD-EDMD-RBF,32,0.16,0.01,7,5,3,cv,0.0282781024816467,3,"1,2,3,4,6,8",,,0,0.6666666666666666,0.1357453505445375,0.5869860407942948,0.03,ok,,,0.0,0.0
burgers,pod_edmd_rbf,POD-EDMD-RBF,32,0.16,0.03,0,5,3,cv,0.0645295293436449,3,"1,2,3,4,6,8",,,0,0.6666666666666666,0.2337185529948089,0.5403717606810374,0.1,ok,,,0.0,0.0
burgers,pod_edmd_rbf,POD-EDMD-RBF,32,0.16,0.03,1,5,3,cv,0.0985603069135191,3,"1,2,3,4,6,8",,,0,0.6666666666666666,0.2366553235211174,0.5390885026625468,0.1,ok,,,0.0,0.0
burgers,pod_edmd_rbf,POD-EDMD-RBF,32,0.16,0.03,2,5,3,cv,0.0623438106797478,3,"1,2,3,4,6,8",,,0,0.6666666666666666,0.2491485758128737,0.5336968552622641,0.1,ok,,,0.0,0.0
burgers,pod_edmd_rbf,POD-EDMD-RBF,32,0.16,0.03,3,5,3,cv,0.0572849079074777,3,"1,2,3,4,6,8",,,0,0.6666666666666666,0.2392051717434669,0.5379792482052973,0.1,ok,,,0.0,0.0
burgers,pod_edmd_rbf,POD-EDMD-RBF,32,0.16,0.03,4,5,3,cv,0.1019753728952659,3,"1,2,3,4,6,8",,,0,0.6666666666666666,0.2334931100132934,0.5404705233087861,0.1,ok,,,0.0,0.0
burgers,pod_edmd_rbf,POD-EDMD-RBF,32,0.16,0.03,5,5,3,cv,0.0731349453259503,3,"1,2,3,4,6,8",,,0,0.6666666666666666,0.2430410447799889,0.5363191098687033,0.1,ok,,,0.0,0.0
burgers,pod_edmd_rbf,POD-EDMD-RBF,32,0.16,0.03,6,5,3,cv,0.0717746639082523,3,"1,2,3,4,6,8",,,0,0.6666666666666666,0.2182108134095144,0.54725065590315,0.1,ok,,,0.0,0.0
burgers,pod_edmd_rbf,POD-EDMD-RBF,32,0.16,0.03,7,5,3,cv,0.0653561007813514,3,"1,2,3,4,6,8",,,0,0.6666666666666666,0.2316309740267341,0.5412876752255142,0.1,ok,,,0.0,0.0
burgers,pod_edmd_rbf,POD-EDMD-RBF,32,0.16,0.05,0,5,3,cv,0.1011066264566279,3,"1,2,3,4,6,8",,,0,0.6666666666666666,0.3012091580125232,0.5123439706533717,0.1,ok,,,0.0,0.0
burgers,pod_edmd_rbf,POD-EDMD-RBF,32,0.16,0.05,1,5,3,cv,0.1117592865417415,3,"1,2,3,4,6,8",,,0,0.6666666666666666,0.2944748047350368,0.5150093800420666,0.1,ok,,,0.0,0.0
burgers,pod_edmd_rbf,POD-EDMD-RBF,32,0.16,0.05,2,5,3,cv,0.1228287109369438,3,"1,2,3,4,6,8",,,0,0.6666666666666666,0.2981944304565581,0.5135337596789786,0.1,ok,,,0.0,0.0
burgers,pod_edmd_rbf,POD-EDMD-RBF,32,0.16,0.05,3,5,3,cv,0.1174757442716173,3,"1,2,3,4,6,8",,,0,0.6666666666666666,0.2991824946681927,0.5131432030547266,0.1,ok,,,0.0,0.0
burgers,pod_edmd_rbf,POD-EDMD-RBF,32,0.16,0.05,4,5,3,cv,0.1116955878955766,3,"1,2,3,4,6,8",,,0,0.6666666666666666,0.3260721227659758,0.5027378641186618,0.1,ok,,,0.0,0.0
burgers,pod_edmd_rbf,POD-EDMD-RBF,32,0.16,0.05,5,5,3,cv,0.1106445324994354,3,"1,2,3,4,6,8",,,0,0.6666666666666666,0.3267007151295361,0.5024996663257053,0.1,ok,,,0.0,0.0
burgers,pod_edmd_rbf,POD-EDMD-RBF,32,0.16,0.05,6,5,3,cv,0.1340864849874038,3,"1,2,3,4,6,8",,,0,0.6666666666666666,0.2929697468462323,0.5156088673325708,0.1,ok,,,0.0,0.0
burgers,pod_edmd_rbf,POD-EDMD-RBF,32,0.16,0.05,7,5,3,cv,0.1153813942154635,3,"1,2,3,4,6,8",,,0,0.6666666666666666,0.3387512490240884,0.4979765039641589,0.1,ok,,,0.0,0.0
burgers,pod_edmd_rbf,POD-EDMD-RBF,32,0.16,0.1,0,5,2,cv,0.2744499532869922,3,"1,2,3,4,6,8",,,0,0.6666666666666666,0.4110112863876503,0.4724743686306077,0.1,ok,,,0.0,0.0
burgers,pod_edmd_rbf,POD-EDMD-RBF,32,0.16,0.1,1,5,2,cv,0.2024098550092502,3,"1,2,3,4,6,8",,,0,0.6666666666666666,0.5204961029643124,0.4384533872641659,0.1,ok,,,0.0,0.0
burgers,pod_edmd_rbf,POD-EDMD-RBF,32,0.16,0.1,2,5,2,cv,0.2320073360403107,3,"1,2,3,4,6,8",,,0,0.6666666666666666,0.5356857954051418,0.4341165807884469,0.1,ok,,,0.0,0.0
burgers,pod_edmd_rbf,POD-EDMD-RBF,32,0.16,0.1,3,5,2,cv,0.2034436114986443,3,"1,2,3,4,6,8",,,0,0.6666666666666666,0.559426760460542,0.4275075197951467,0.3,ok,,,0.0,0.0
burgers,pod_edmd_rbf,POD-EDMD-RBF,32,0.16,0.1,4,5,2,cv,0.2712529686836999,3,"1,2,3,4,6,8",,,0,0.6666666666666666,0.5897324800366842,0.4193577693344246,0.1,ok,,,0.0,0.0
burgers,pod_edmd_rbf,POD-EDMD-RBF,32,0.16,0.1,5,5,2,cv,0.2268676058013164,3,"1,2,3,4,6,8",,,0,0.6666666666666666,0.5012448844851194,0.4440758956493049,0.1,ok,,,0.0,0.0
burgers,pod_edmd_rbf,POD-EDMD-RBF,32,0.16,0.1,6,5,2,cv,0.2418469753283655,3,"1,2,3,4,6,8",,,0,0.6666666666666666,0.5596920744793719,0.4274347979162497,0.3,ok,,,0.0,0.0
burgers,pod_edmd_rbf,POD-EDMD-RBF,32,0.16,0.1,7,5,3,cv,0.2483655567139662,3,"1,2,3,4,6,8",,,0,0.6666666666666666,0.5503474368055452,0.4300111386905104,0.3,ok,,,0.0,0.0
fisher_kpp,pod_edmd_rbf,POD-EDMD-RBF,4,0.02,0.0,0,5,6,cv,3.034505609821753e-09,3,"1,2,3,4,6,8",,,0,1.0,0.0005067130086834,0.999493543619353,0.01,ok,,,0.0,0.0
fisher_kpp,pod_edmd_rbf,POD-EDMD-RBF,4,0.02,0.0,1,5,8,cv,3.056152060721544e-09,3,"1,2,3,4,6,8",,,0,1.0,0.0005180439473586,0.9994822242832176,0.01,ok,,,0.0,0.0
fisher_kpp,pod_edmd_rbf,POD-EDMD-RBF,4,0.02,0.0,2,5,6,cv,2.919029868277761e-09,3,"1,2,3,4,6,8",,,0,1.0,0.0005110273251675,0.9994892336903732,0.01,ok,,,0.0,0.0
fisher_kpp,pod_edmd_rbf,POD-EDMD-RBF,4,0.02,0.0,3,5,6,cv,2.871876794556424e-09,3,"1,2,3,4,6,8",,,0,1.0,0.0005489245788087,0.999451376574074,0.01,ok,,,0.0,0.0
fisher_kpp,pod_edmd_rbf,POD-EDMD-RBF,4,0.02,0.0,4,5,8,cv,3.062960030910338e-09,3,"1,2,3,4,6,8",,,0,1.0,0.0004946473810995,0.9995055971739636,0.01,ok,,,0.0,0.0
fisher_kpp,pod_edmd_rbf,POD-EDMD-RBF,4,0.02,0.0,5,5,6,cv,3.0827351210580867e-09,3,"1,2,3,4,6,8",,,0,1.0,0.0005332520989626,0.9994670321072848,0.01,ok,,,0.0,0.0
fisher_kpp,pod_edmd_rbf,POD-EDMD-RBF,4,0.02,0.0,6,5,6,cv,3.0158380221946153e-09,3,"1,2,3,4,6,8",,,0,1.0,0.0005471004898671,0.9994531986654108,0.01,ok,,,0.0,0.0
fisher_kpp,pod_edmd_rbf,POD-EDMD-RBF,4,0.02,0.0,7,5,6,cv,3.2847438260381612e-09,3,"1,2,3,4,6,8",,,0,1.0,0.0005083459142765,0.9994919123699944,0.01,ok,,,0.0,0.0
fisher_kpp,pod_edmd_rbf,POD-EDMD-RBF,4,0.02,0.01,0,5,2,cv,0.0002054422602908,3,"1,2,3,4,6,8",,,0,0.8571428571428571,0.0202121215144681,0.8401614125800224,0.01,ok,,,0.0,0.0
fisher_kpp,pod_edmd_rbf,POD-EDMD-RBF,4,0.02,0.01,1,5,2,cv,0.0002059994776525,3,"1,2,3,4,6,8",,,0,0.8571428571428571,0.0169164577247354,0.842884241504599,0.01,ok,,,0.0,0.0
fisher_kpp,pod_edmd_rbf,POD-EDMD-RBF,4,0.02,0.01,2,5,3,cv,0.0002062057946013,3,"1,2,3,4,6,8",,,0,0.8571428571428571,0.017717735188301,0.8422206153106548,0.01,ok,,,0.0,0.0
fisher_kpp,pod_edmd_rbf,POD-EDMD-RBF,4,0.02,0.01,3,5,2,cv,0.0002008399912614,3,"1,2,3,4,6,8",,,0,0.8571428571428571,0.0132726175774559,0.8459153462491903,0.01,ok,,,0.0,0.0
fisher_kpp,pod_edmd_rbf,POD-EDMD-RBF,4,0.02,0.01,4,5,3,cv,0.0002034811217132,3,"1,2,3,4,6,8",,,0,0.8,0.0416623186444182,0.7680032057232243,0.03,ok,,,0.0,0.0
fisher_kpp,pod_edmd_rbf,POD-EDMD-RBF,4,0.02,0.01,5,5,3,cv,0.0001992760110867,3,"1,2,3,4,6,8",,,0,0.8571428571428571,0.021868394309144,0.8387996555293667,0.01,ok,,,0.0,0.0
fisher_kpp,pod_edmd_rbf,POD-EDMD-RBF,4,0.02,0.01,6,5,3,cv,0.0002090639902388,3,"1,2,3,4,6,8",,,0,0.8571428571428571,0.0220999970915923,0.8386095876938418,0.01,ok,,,0.0,0.0
fisher_kpp,pod_edmd_rbf,POD-EDMD-RBF,4,0.02,0.01,7,5,3,cv,0.000196068554806,3,"1,2,3,4,6,8",,,0,0.8571428571428571,0.0225401755200606,0.8382485868654667,0.01,ok,,,0.0,0.0
fisher_kpp,pod_edmd_rbf,POD-EDMD-RBF,4,0.02,0.03,0,5,2,cv,0.0017792983117153,3,"1,2,3,4,6,8",,,0,0.8,0.0339998577808207,0.773694497131718,0.03,ok,,,0.0,0.0
fisher_kpp,pod_edmd_rbf,POD-EDMD-RBF,4,0.02,0.03,1,5,2,cv,0.0017832581196312,3,"1,2,3,4,6,8",,,0,0.8,0.0427462139734631,0.7672048953805737,0.03,ok,,,0.0,0.0
fisher_kpp,pod_edmd_rbf,POD-EDMD-RBF,4,0.02,0.03,2,5,2,cv,0.0017294545213373,3,"1,2,3,4,6,8",,,0,0.8,0.0433369730622379,0.7667704880159345,0.1,ok,,,0.0,0.0
fisher_kpp,pod_edmd_rbf,POD-EDMD-RBF,4,0.02,0.03,3,5,2,cv,0.0017912028156788,3,"1,2,3,4,6,8",,,0,0.8571428571428571,0.0294954031030698,0.8325854147180127,0.01,ok,,,0.0,0.0
fisher_kpp,pod_edmd_rbf,POD-EDMD-RBF,4,0.02,0.03,4,5,2,cv,0.0018444695832543,3,"1,2,3,4,6,8",,,0,0.8,0.0421269179933638,0.767660815767446,0.03,ok,,,0.0,0.0
fisher_kpp,pod_edmd_rbf,POD-EDMD-RBF,4,0.02,0.03,5,5,2,cv,0.0017800324381762,3,"1,2,3,4,6,8",,,0,0.8,0.0405024599264039,0.7688593067397314,0.03,ok,,,0.0,0.0
fisher_kpp,pod_edmd_rbf,POD-EDMD-RBF,4,0.02,0.03,6,5,2,cv,0.0018338152373666,3,"1,2,3,4,6,8",,,0,0.8,0.0412267246660049,0.768324497487919,0.03,ok,,,0.0,0.0
fisher_kpp,pod_edmd_rbf,POD-EDMD-RBF,4,0.02,0.03,7,5,2,cv,0.0017631333378528,3,"1,2,3,4,6,8",,,0,0.8,0.0377208971885313,0.7709201984535706,0.03,ok,,,0.0,0.0
fisher_kpp,pod_edmd_rbf,POD-EDMD-RBF,4,0.02,0.05,0,5,2,cv,0.0048964400274266,3,"1,2,3,4,6,8",,,0,0.8,0.0414323629426478,0.7681727863147425,0.03,ok,,,0.0,0.0
fisher_kpp,pod_edmd_rbf,POD-EDMD-RBF,4,0.02,0.05,1,5,2,cv,0.004858982181159,3,"1,2,3,4,6,8",,,0,0.8,0.0552647966605365,0.7581035608613678,0.03,ok,,,0.0,0.0
fisher_kpp,pod_edmd_rbf,POD-EDMD-RBF,4,0.02,0.05,2,5,2,cv,0.0049548291803324,3,"1,2,3,4,6,8",,,0,0.8,0.0442992110096064,0.7660639705229471,0.03,ok,,,0.0,0.0
fisher_kpp,pod_edmd_rbf,POD-EDMD-RBF,4,0.02,0.05,3,5,2,cv,0.005014715591034,3,"1,2,3,4,6,8",,,0,0.8,0.0295397035149961,0.7770462831775067,0.03,ok,,,0.0,0.0
fisher_kpp,pod_edmd_rbf,POD-EDMD-RBF,4,0.02,0.05,4,5,2,cv,0.005009973945414,3,"1,2,3,4,6,8",,,0,0.8,0.0468381803964344,0.7642059823391639,0.1,ok,,,0.0,0.0
fisher_kpp,pod_edmd_rbf,POD-EDMD-RBF,4,0.02,0.05,5,5,2,cv,0.0047995159377436,3,"1,2,3,4,6,8",,,0,0.8,0.0586948861605081,0.7556473639929461,0.03,ok,,,0.0,0.0
fisher_kpp,pod_edmd_rbf,POD-EDMD-RBF,4,0.02,0.05,6,5,2,cv,0.0047768613252781,3,"1,2,3,4,6,8",,,0,0.8,0.0310392661966654,0.7759161326135218,0.1,ok,,,0.0,0.0
fisher_kpp,pod_edmd_rbf,POD-EDMD-RBF,4,0.02,0.05,7,5,2,cv,0.0048635824698679,3,"1,2,3,4,6,8",,,0,0.8,0.037784134805298,0.7708732222526128,0.1,ok,,,0.0,0.0
fisher_kpp,pod_edmd_rbf,POD-EDMD-RBF,4,0.02,0.1,0,5,2,cv,0.0202323003716896,3,"1,2,3,4,6,8",,,0,0.8,0.0217155004083421,0.7829968319755053,0.03,ok,,,0.0,0.0
fisher_kpp,pod_edmd_rbf,POD-EDMD-RBF,4,0.02,0.1,1,5,2,cv,0.0199197922772891,3,"1,2,3,4,6,8",,,0,0.8,0.031983703616213,0.7752060397821108,0.1,ok,,,0.0,0.0
fisher_kpp,pod_edmd_rbf,POD-EDMD-RBF,4,0.02,0.1,2,5,2,cv,0.0197965534933472,3,"1,2,3,4,6,8",,,0,0.8,0.0407427272264239,0.768681806820786,0.1,ok,,,0.0,0.0
fisher_kpp,pod_edmd_rbf,POD-EDMD-RBF,4,0.02,0.1,3,5,2,cv,0.0200306560351434,3,"1,2,3,4,6,8",,,0,0.8,0.0557872068349253,0.7577284464340756,0.1,ok,,,0.0,0.0
fisher_kpp,pod_edmd_rbf,POD-EDMD-RBF,4,0.02,0.1,4,5,2,cv,0.0194258864605183,3,"1,2,3,4,6,8",,,0,0.8,0.0212519311571525,0.7833522518714281,0.03,ok,,,0.0,0.0
fisher_kpp,pod_edmd_rbf,POD-EDMD-RBF,4,0.02,0.1,5,5,2,cv,0.0202138505204692,3,"1,2,3,4,6,8",,,0,0.8,0.0635790998074798,0.7521772476958313,0.03,ok,,,0.0,0.0
fisher_kpp,pod_edmd_rbf,POD-EDMD-RBF,4,0.02,0.1,6,5,2,cv,0.0201130565639428,3,"1,2,3,4,6,8",,,0,0.8,0.0301087629339133,0.7766170221884852,0.03,ok,,,0.0,0.0
fisher_kpp,pod_edmd_rbf,POD-EDMD-RBF,4,0.02,0.1,7,5,2,cv,0.0219651704793585,3,"1,2,3,4,6,8",,,0,0.8,0.0360753498847141,0.7721446129270592,0.1,ok,,,0.0,0.0
fisher_kpp,pod_edmd_rbf,POD-EDMD-RBF,8,0.04,0.0,0,5,8,cv,3.44785807800525e-08,3,"1,2,3,4,6,8",,,0,1.0,0.0004801603878564,0.999520070055492,0.01,ok,,,0.0,0.0
fisher_kpp,pod_edmd_rbf,POD-EDMD-RBF,8,0.04,0.0,1,5,6,cv,3.2553670432912765e-08,3,"1,2,3,4,6,8",,,0,1.0,0.0004889389002896,0.9995113000441296,0.01,ok,,,0.0,0.0
fisher_kpp,pod_edmd_rbf,POD-EDMD-RBF,8,0.04,0.0,2,5,8,cv,3.3420395951975394e-08,3,"1,2,3,4,6,8",,,0,1.0,0.0004887073237902,0.9995115313943947,0.01,ok,,,0.0,0.0
fisher_kpp,pod_edmd_rbf,POD-EDMD-RBF,8,0.04,0.0,3,5,6,cv,3.306815469531513e-08,3,"1,2,3,4,6,8",,,0,1.0,0.0004896041902037,0.9995106354047524,0.01,ok,,,0.0,0.0
fisher_kpp,pod_edmd_rbf,POD-EDMD-RBF,8,0.04,0.0,4,5,8,cv,3.3795971433570465e-08,3,"1,2,3,4,6,8",,,0,1.0,0.0004907284490727,0.9995095122472216,0.01,ok,,,0.0,0.0
fisher_kpp,pod_edmd_rbf,POD-EDMD-RBF,8,0.04,0.0,5,5,8,cv,3.371532404455958e-08,3,"1,2,3,4,6,8",,,0,1.0,0.0004878674984924,0.9995123704001406,0.01,ok,,,0.0,0.0
fisher_kpp,pod_edmd_rbf,POD-EDMD-RBF,8,0.04,0.0,6,5,6,cv,3.520889388983838e-08,3,"1,2,3,4,6,8",,,0,1.0,0.000487339984918,0.9995128973996558,0.01,ok,,,0.0,0.0
fisher_kpp,pod_edmd_rbf,POD-EDMD-RBF,8,0.04,0.0,7,5,6,cv,3.4926027443859965e-08,3,"1,2,3,4,6,8",,,0,1.0,0.0004874342761124,0.9995128032003068,0.01,ok,,,0.0,0.0
fisher_kpp,pod_edmd_rbf,POD-EDMD-RBF,8,0.04,0.01,0,5,2,cv,0.000214060019478,3,"1,2,3,4,6,8",,,0,0.8571428571428571,0.022898442196796,0.8379549931682766,0.01,ok,,,0.0,0.0
fisher_kpp,pod_edmd_rbf,POD-EDMD-RBF,8,0.04,0.01,1,5,2,cv,0.0002205368042015,3,"1,2,3,4,6,8",,,0,0.8571428571428571,0.0157432875880857,0.8438577617167127,0.01,ok,,,0.0,0.0
fisher_kpp,pod_edmd_rbf,POD-EDMD-RBF,8,0.04,0.01,2,5,2,cv,0.0002195728203814,3,"1,2,3,4,6,8",,,0,0.8,0.042154474831524,0.7676405171405409,0.03,ok,,,0.0,0.0
fisher_kpp,pod_edmd_rbf,POD-EDMD-RBF,8,0.04,0.01,3,5,2,cv,0.0002161854197825,3,"1,2,3,4,6,8",,,0,0.8571428571428571,0.0246233454969656,0.8365443369115539,0.03,ok,,,0.0,0.0
fisher_kpp,pod_edmd_rbf,POD-EDMD-RBF,8,0.04,0.01,4,5,2,cv,0.0002202307690152,3,"1,2,3,4,6,8",,,0,1.0,0.0155510584921491,0.9846870737201152,0.01,ok,,,0.0,0.0
fisher_kpp,pod_edmd_rbf,POD-EDMD-RBF,8,0.04,0.01,5,5,2,cv,0.0002154388195837,3,"1,2,3,4,6,8",,,0,0.8,0.041505823680787,0.7681186046302834,0.03,ok,,,0.0,0.0
fisher_kpp,pod_edmd_rbf,POD-EDMD-RBF,8,0.04,0.01,6,5,2,cv,0.0002128963224187,3,"1,2,3,4,6,8",,,0,0.8571428571428571,0.0233403679183686,0.8375931254294378,0.01,ok,,,0.0,0.0
fisher_kpp,pod_edmd_rbf,POD-EDMD-RBF,8,0.04,0.01,7,5,2,cv,0.0002153267130911,3,"1,2,3,4,6,8",,,0,0.8571428571428571,0.0216237892529958,0.8390004874197321,0.01,ok,,,0.0,0.0
fisher_kpp,pod_edmd_rbf,POD-EDMD-RBF,8,0.04,0.03,0,5,2,cv,0.0020391878940646,3,"1,2,3,4,6,8",,,0,0.8,0.0326650577481325,0.7746945575407668,0.03,ok,,,0.0,0.0
fisher_kpp,pod_edmd_rbf,POD-EDMD-RBF,8,0.04,0.03,1,5,2,cv,0.001877075660451,3,"1,2,3,4,6,8",,,0,0.8,0.037441516842015,0.7711278052908563,0.03,ok,,,0.0,0.0
fisher_kpp,pod_edmd_rbf,POD-EDMD-RBF,8,0.04,0.03,2,5,2,cv,0.0020537235057834,3,"1,2,3,4,6,8",,,0,0.8,0.0475549491647657,0.7636830895007983,0.03,ok,,,0.0,0.0
fisher_kpp,pod_edmd_rbf,POD-EDMD-RBF,8,0.04,0.03,3,5,2,cv,0.0018367247649617,3,"1,2,3,4,6,8",,,0,0.8,0.0411379097665852,0.7683900398741157,0.03,ok,,,0.0,0.0
fisher_kpp,pod_edmd_rbf,POD-EDMD-RBF,8,0.04,0.03,4,5,2,cv,0.0018227260155837,3,"1,2,3,4,6,8",,,0,0.8,0.0441081403910724,0.7662041593702725,0.03,ok,,,0.0,0.0
fisher_kpp,pod_edmd_rbf,POD-EDMD-RBF,8,0.04,0.03,5,5,2,cv,0.0017766230912229,3,"1,2,3,4,6,8",,,0,0.8,0.0422821805220278,0.7675464619373225,0.03,ok,,,0.0,0.0
fisher_kpp,pod_edmd_rbf,POD-EDMD-RBF,8,0.04,0.03,6,5,2,cv,0.0020136720221848,3,"1,2,3,4,6,8",,,0,0.8,0.0466788820035329,0.7643222900118661,0.03,ok,,,0.0,0.0
fisher_kpp,pod_edmd_rbf,POD-EDMD-RBF,8,0.04,0.03,7,5,2,cv,0.0018308387348573,3,"1,2,3,4,6,8",,,0,0.8,0.0427553062393057,0.7671982057662194,0.03,ok,,,0.0,0.0
fisher_kpp,pod_edmd_rbf,POD-EDMD-RBF,8,0.04,0.05,0,5,2,cv,0.006622018516192,3,"1,2,3,4,6,8",,,0,0.8,0.0320383935025895,0.7751649599826567,0.03,ok,,,0.0,0.0
fisher_kpp,pod_edmd_rbf,POD-EDMD-RBF,8,0.04,0.05,1,5,2,cv,0.0056066322967631,3,"1,2,3,4,6,8",,,0,0.8,0.0367816119046645,0.7716186232608094,0.03,ok,,,0.0,0.0
fisher_kpp,pod_edmd_rbf,POD-EDMD-RBF,8,0.04,0.05,2,5,2,cv,0.0048304966214123,3,"1,2,3,4,6,8",,,0,0.8,0.0408440487327616,0.7686069790897189,0.1,ok,,,0.0,0.0
fisher_kpp,pod_edmd_rbf,POD-EDMD-RBF,8,0.04,0.05,3,5,2,cv,0.005488813062346,3,"1,2,3,4,6,8",,,0,0.8,0.0275914633412908,0.7785195075470362,0.1,ok,,,0.0,0.0
fisher_kpp,pod_edmd_rbf,POD-EDMD-RBF,8,0.04,0.05,4,5,2,cv,0.0050372564179608,3,"1,2,3,4,6,8",,,0,0.8,0.0378773084796506,0.7708040184170626,0.03,ok,,,0.0,0.0
fisher_kpp,pod_edmd_rbf,POD-EDMD-RBF,8,0.04,0.05,5,5,2,cv,0.0055784798777803,3,"1,2,3,4,6,8",,,0,0.8,0.0598701261384237,0.7548094622826613,0.1,ok,,,0.0,0.0
fisher_kpp,pod_edmd_rbf,POD-EDMD-RBF,8,0.04,0.05,6,5,2,cv,0.0054934343935427,3,"1,2,3,4,6,8",,,0,0.8,0.0511350555181103,0.7610820282324954,0.03,ok,,,0.0,0.0
fisher_kpp,pod_edmd_rbf,POD-EDMD-RBF,8,0.04,0.05,7,5,2,cv,0.005544826057575,3,"1,2,3,4,6,8",,,0,0.8,0.0355994806460736,0.7724994217850598,0.03,ok,,,0.0,0.0
fisher_kpp,pod_edmd_rbf,POD-EDMD-RBF,8,0.04,0.1,0,5,1,cv,0.0222398769468079,3,"1,2,3,4,6,8",,,0,0.6666666666666666,0.7171859788275569,0.3882320697271513,0.03,ok,,,0.0,0.0
fisher_kpp,pod_edmd_rbf,POD-EDMD-RBF,8,0.04,0.1,1,5,2,cv,0.0222962786760273,3,"1,2,3,4,6,8",,,0,0.8,0.0326729781155798,0.7746886158092747,0.1,ok,,,0.0,0.0
fisher_kpp,pod_edmd_rbf,POD-EDMD-RBF,8,0.04,0.1,2,5,2,cv,0.0216736793782279,3,"1,2,3,4,6,8",,,0,0.8,0.0289089549550779,0.7775226332196983,0.1,ok,,,0.0,0.0
fisher_kpp,pod_edmd_rbf,POD-EDMD-RBF,8,0.04,0.1,3,5,1,cv,0.022407990946377,3,"1,2,3,4,6,8",,,0,0.6666666666666666,0.6964960889216509,0.3929668161454012,0.1,ok,,,0.0,0.0
fisher_kpp,pod_edmd_rbf,POD-EDMD-RBF,8,0.04,0.1,4,5,1,cv,0.0234498753371371,3,"1,2,3,4,6,8",,,0,0.8,0.0720441908473322,0.7462378946969422,0.3,ok,,,0.0,0.0
fisher_kpp,pod_edmd_rbf,POD-EDMD-RBF,8,0.04,0.1,5,5,2,cv,0.0218993320223559,3,"1,2,3,4,6,8",,,0,0.8,0.067338297351268,0.7495280568356809,0.03,ok,,,0.0,0.0
fisher_kpp,pod_edmd_rbf,POD-EDMD-RBF,8,0.04,0.1,6,5,1,cv,0.0255901007597041,3,"1,2,3,4,6,8",,,0,0.6666666666666666,0.6968131391072883,0.3928933901451324,0.03,ok,,,0.0,0.0
fisher_kpp,pod_edmd_rbf,POD-EDMD-RBF,8,0.04,0.1,7,5,1,cv,0.0228389356440742,3,"1,2,3,4,6,8",,,0,0.6666666666666666,0.7534707761367994,0.3801983333508694,0.03,ok,,,0.0,0.0
fisher_kpp,pod_edmd_rbf,POD-EDMD-RBF,16,0.08,0.0,0,5,3,cv,8.236038449251512e-08,3,"1,2,3,4,6,8",,,0,1.0,3.938117024669882e-05,0.9999606203805688,0.001,ok,,,0.0,0.0
fisher_kpp,pod_edmd_rbf,POD-EDMD-RBF,16,0.08,0.0,1,5,3,cv,8.236038415514693e-08,3,"1,2,3,4,6,8",,,0,1.0,3.9381040688883145e-05,0.9999606205101164,0.001,ok,,,0.0,0.0
fisher_kpp,pod_edmd_rbf,POD-EDMD-RBF,16,0.08,0.0,2,5,3,cv,8.236038321716452e-08,3,"1,2,3,4,6,8",,,0,1.0,3.938108788348015e-05,0.9999606204629256,0.001,ok,,,0.0,0.0
fisher_kpp,pod_edmd_rbf,POD-EDMD-RBF,16,0.08,0.0,3,5,3,cv,8.236038397941975e-08,3,"1,2,3,4,6,8",,,0,1.0,3.938102628540401e-05,0.9999606205245188,0.001,ok,,,0.0,0.0
fisher_kpp,pod_edmd_rbf,POD-EDMD-RBF,16,0.08,0.0,4,5,3,cv,8.236038353327318e-08,3,"1,2,3,4,6,8",,,0,1.0,3.938112266196184e-05,0.9999606204281496,0.001,ok,,,0.0,0.0
fisher_kpp,pod_edmd_rbf,POD-EDMD-RBF,16,0.08,0.0,5,5,3,cv,8.236038304391138e-08,3,"1,2,3,4,6,8",,,0,1.0,3.938119137545545e-05,0.9999606203594416,0.001,ok,,,0.0,0.0
fisher_kpp,pod_edmd_rbf,POD-EDMD-RBF,16,0.08,0.0,6,5,3,cv,8.236038322997535e-08,3,"1,2,3,4,6,8",,,0,1.0,3.9381079119074825e-05,0.9999606204716892,0.001,ok,,,0.0,0.0
fisher_kpp,pod_edmd_rbf,POD-EDMD-RBF,16,0.08,0.0,7,5,3,cv,8.236038518136865e-08,3,"1,2,3,4,6,8",,,0,1.0,3.938113281290362e-05,0.9999606204179996,0.001,ok,,,0.0,0.0
fisher_kpp,pod_edmd_rbf,POD-EDMD-RBF,16,0.08,0.01,0,5,3,cv,0.0003246585654978,3,"1,2,3,4,6,8",,,0,0.8571428571428571,0.0267860675757497,0.8347823214689485,0.01,ok,,,0.0,0.0
fisher_kpp,pod_edmd_rbf,POD-EDMD-RBF,16,0.08,0.01,1,5,2,cv,0.0002249463922123,3,"1,2,3,4,6,8",,,0,0.8,0.0456978930816803,0.7650393151719886,0.03,ok,,,0.0,0.0
fisher_kpp,pod_edmd_rbf,POD-EDMD-RBF,16,0.08,0.01,2,5,2,cv,0.0002400702147501,3,"1,2,3,4,6,8",,,0,0.8,0.0416102244178736,0.7680416159961346,0.03,ok,,,0.0,0.0
fisher_kpp,pod_edmd_rbf,POD-EDMD-RBF,16,0.08,0.01,3,5,2,cv,0.0003031595341003,3,"1,2,3,4,6,8",,,0,0.8,0.0473993717820718,0.7637965245662309,0.1,ok,,,0.0,0.0
fisher_kpp,pod_edmd_rbf,POD-EDMD-RBF,16,0.08,0.01,4,5,2,cv,0.000257854934233,3,"1,2,3,4,6,8",,,0,0.8,0.041468392662903,0.7681462112877965,0.03,ok,,,0.0,0.0
fisher_kpp,pod_edmd_rbf,POD-EDMD-RBF,16,0.08,0.01,5,5,2,cv,0.0002323704682068,3,"1,2,3,4,6,8",,,0,0.8,0.0400409228520019,0.7692005020400915,0.03,ok,,,0.0,0.0
fisher_kpp,pod_edmd_rbf,POD-EDMD-RBF,16,0.08,0.01,6,5,2,cv,0.0002157809403747,3,"1,2,3,4,6,8",,,0,0.8571428571428571,0.0257954035224144,0.8355885142393582,0.01,ok,,,0.0,0.0
fisher_kpp,pod_edmd_rbf,POD-EDMD-RBF,16,0.08,0.01,7,5,2,cv,0.0002635054708529,3,"1,2,3,4,6,8",,,0,0.8571428571428571,0.0300814490151428,0.8321117305455489,0.03,ok,,,0.0,0.0
fisher_kpp,pod_edmd_rbf,POD-EDMD-RBF,16,0.08,0.03,0,5,4,cv,0.0025445664884185,3,"1,2,3,4,6,8",,,0,0.8,0.0384828582422849,0.7703545548686898,0.1,ok,,,0.0,0.0
fisher_kpp,pod_edmd_rbf,POD-EDMD-RBF,16,0.08,0.03,1,5,2,cv,0.0032468311513489,3,"1,2,3,4,6,8",,,0,0.8,0.034243330069654,0.773512360912322,0.03,ok,,,0.0,0.0
fisher_kpp,pod_edmd_rbf,POD-EDMD-RBF,16,0.08,0.03,2,5,2,cv,0.0021507477963175,3,"1,2,3,4,6,8",,,0,0.8,0.0381588207843109,0.770595003369151,0.03,ok,,,0.0,0.0
fisher_kpp,pod_edmd_rbf,POD-EDMD-RBF,16,0.08,0.03,3,5,6,cv,0.0030218822990716,3,"1,2,3,4,6,8",,,0,0.8,0.0426944684328442,0.7672429692682549,0.1,ok,,,0.0,0.0
fisher_kpp,pod_edmd_rbf,POD-EDMD-RBF,16,0.08,0.03,4,5,2,cv,0.0025831879579842,3,"1,2,3,4,6,8",,,0,0.8,0.0455022831826637,0.7651824514095575,0.03,ok,,,0.0,0.0
fisher_kpp,pod_edmd_rbf,POD-EDMD-RBF,16,0.08,0.03,5,5,2,cv,0.002565271909358,3,"1,2,3,4,6,8",,,0,0.8,0.0347756733229681,0.7731144253043419,0.03,ok,,,0.0,0.0
fisher_kpp,pod_edmd_rbf,POD-EDMD-RBF,16,0.08,0.03,6,5,8,cv,0.0035816208255418,3,"1,2,3,4,6,8",,,0,0.8,0.0297647039068179,0.7768765009762765,0.1,ok,,,0.0,0.0
fisher_kpp,pod_edmd_rbf,POD-EDMD-RBF,16,0.08,0.03,7,5,2,cv,0.0033878351193382,3,"1,2,3,4,6,8",,,0,0.8,0.0464826716942521,0.7644655966493956,0.03,ok,,,0.0,0.0
fisher_kpp,pod_edmd_rbf,POD-EDMD-RBF,16,0.08,0.05,0,5,2,cv,0.0088649637615297,3,"1,2,3,4,6,8",,,0,0.8,0.0416099108258552,0.768041847226385,0.03,ok,,,0.0,0.0
fisher_kpp,pod_edmd_rbf,POD-EDMD-RBF,16,0.08,0.05,1,5,2,cv,0.0055846336055674,3,"1,2,3,4,6,8",,,0,0.8,0.0447402957048208,0.7657405417298374,0.1,ok,,,0.0,0.0
fisher_kpp,pod_edmd_rbf,POD-EDMD-RBF,16,0.08,0.05,2,5,2,cv,0.0088421720355827,3,"1,2,3,4,6,8",,,0,0.8,0.0328048441952735,0.7745897053991191,0.03,ok,,,0.0,0.0
fisher_kpp,pod_edmd_rbf,POD-EDMD-RBF,16,0.08,0.05,3,5,3,cv,0.0083911382714503,3,"1,2,3,4,6,8",,,0,0.8,0.0404655874064815,0.7688865539456441,0.03,ok,,,0.0,0.0
fisher_kpp,pod_edmd_rbf,POD-EDMD-RBF,16,0.08,0.05,4,5,2,cv,0.0074964196948223,3,"1,2,3,4,6,8",,,0,0.8,0.0619192463571011,0.7533529529146294,0.1,ok,,,0.0,0.0
fisher_kpp,pod_edmd_rbf,POD-EDMD-RBF,16,0.08,0.05,5,5,1,cv,0.0087627315397735,3,"1,2,3,4,6,8",,,0,0.6666666666666666,0.6989000349931352,0.3924107675172074,0.01,ok,,,0.0,0.0
fisher_kpp,pod_edmd_rbf,POD-EDMD-RBF,16,0.08,0.05,6,5,1,cv,0.0088142662039865,3,"1,2,3,4,6,8",,,0,0.6666666666666666,0.7209162596812446,0.3873905327561664,0.03,ok,,,0.0,0.0
fisher_kpp,pod_edmd_rbf,POD-EDMD-RBF,16,0.08,0.05,7,5,8,cv,0.0092792591609456,3,"1,2,3,4,6,8",,,0,0.8,0.0363340760241345,0.7719518430477329,0.1,ok,,,0.0,0.0
fisher_kpp,pod_edmd_rbf,POD-EDMD-RBF,16,0.08,0.1,0,5,1,cv,0.0241141462485556,3,"1,2,3,4,6,8",,,0,0.6666666666666666,0.792282549691086,0.3719651607284643,0.03,ok,,,0.0,0.0
fisher_kpp,pod_edmd_rbf,POD-EDMD-RBF,16,0.08,0.1,1,5,1,cv,0.0278786463187107,3,"1,2,3,4,6,8",,,0,0.6666666666666666,0.7184451210492001,0.3879476036218323,0.03,ok,,,0.0,0.0
fisher_kpp,pod_edmd_rbf,POD-EDMD-RBF,16,0.08,0.1,2,5,2,cv,0.0251061871338944,3,"1,2,3,4,6,8",,,0,0.8,0.053518008142763,0.7593605366179857,0.1,ok,,,0.0,0.0
fisher_kpp,pod_edmd_rbf,POD-EDMD-RBF,16,0.08,0.1,3,5,1,cv,0.0231605466493756,3,"1,2,3,4,6,8",,,0,0.8,0.0877261448311645,0.7354792415366416,0.3,ok,,,0.0,0.0
fisher_kpp,pod_edmd_rbf,POD-EDMD-RBF,16,0.08,0.1,4,5,3,cv,0.0410334987370381,3,"1,2,3,4,6,8",,,0,0.8,0.0354756034736865,0.7725918382975496,0.03,ok,,,0.0,0.0
fisher_kpp,pod_edmd_rbf,POD-EDMD-RBF,16,0.08,0.1,5,5,1,cv,0.0236333392017414,3,"1,2,3,4,6,8",,,0,0.6666666666666666,0.7060056967958246,0.3907763426105684,0.1,ok,,,0.0,0.0
fisher_kpp,pod_edmd_rbf,POD-EDMD-RBF,16,0.08,0.1,6,5,8,cv,0.0307268619036733,3,"1,2,3,4,6,8",,,0,0.8,0.0214091038489576,0.7832317109622132,0.3,ok,,,0.0,0.0
fisher_kpp,pod_edmd_rbf,POD-EDMD-RBF,16,0.08,0.1,7,5,1,cv,0.0276846086212643,3,"1,2,3,4,6,8",,,0,0.6666666666666666,0.7313399151374673,0.3850582204209932,0.01,ok,,,0.0,0.0
fisher_kpp,pod_edmd_rbf,POD-EDMD-RBF,32,0.16,0.0,0,5,3,cv,0.0007324461254917,3,"1,2,3,4,6,8",,,0,1.0,9.405277139290074e-05,0.999905956073699,0.001,ok,,,0.0,0.0
fisher_kpp,pod_edmd_rbf,POD-EDMD-RBF,32,0.16,0.0,1,5,3,cv,0.0007324460924193,3,"1,2,3,4,6,8",,,0,1.0,9.40403839204144e-05,0.9999059684588416,0.001,ok,,,0.0,0.0
fisher_kpp,pod_edmd_rbf,POD-EDMD-RBF,32,0.16,0.0,2,5,3,cv,0.0007324460883628,3,"1,2,3,4,6,8",,,0,1.0,9.407037352948832e-05,0.9999059384748732,0.001,ok,,,0.0,0.0
fisher_kpp,pod_edmd_rbf,POD-EDMD-RBF,32,0.16,0.0,3,5,3,cv,0.0007324460977943,3,"1,2,3,4,6,8",,,0,1.0,9.40563677088642e-05,0.9999059524780596,0.001,ok,,,0.0,0.0
fisher_kpp,pod_edmd_rbf,POD-EDMD-RBF,32,0.16,0.0,4,5,3,cv,0.0007324461045943,3,"1,2,3,4,6,8",,,0,1.0,9.40599446059314e-05,0.9999059489018352,0.001,ok,,,0.0,0.0
fisher_kpp,pod_edmd_rbf,POD-EDMD-RBF,32,0.16,0.0,5,5,3,cv,0.0007324460976181,3,"1,2,3,4,6,8",,,0,1.0,9.4074530446186e-05,0.9999059343187388,0.001,ok,,,0.0,0.0
fisher_kpp,pod_edmd_rbf,POD-EDMD-RBF,32,0.16,0.0,6,5,3,cv,0.0007324461314056,3,"1,2,3,4,6,8",,,0,1.0,9.407152132834586e-05,0.9999059373272904,0.001,ok,,,0.0,0.0
fisher_kpp,pod_edmd_rbf,POD-EDMD-RBF,32,0.16,0.0,7,5,3,cv,0.0007324461027141,3,"1,2,3,4,6,8",,,0,1.0,9.405521632481592e-05,0.9999059536292269,0.001,ok,,,0.0,0.0
fisher_kpp,pod_edmd_rbf,POD-EDMD-RBF,32,0.16,0.01,0,5,2,cv,0.000983522901355,3,"1,2,3,4,6,8",,,0,0.8,0.0481885270926618,0.7632214809858137,0.03,ok,,,0.0,0.0
fisher_kpp,pod_edmd_rbf,POD-EDMD-RBF,32,0.16,0.01,1,5,2,cv,0.0008793035247185,3,"1,2,3,4,6,8",,,0,0.8,0.045039195477288,0.7655215263333983,0.03,ok,,,0.0,0.0
fisher_kpp,pod_edmd_rbf,POD-EDMD-RBF,32,0.16,0.01,2,5,2,cv,0.0009766825539183,3,"1,2,3,4,6,8",,,0,0.8,0.0252662273060022,0.7802851383314229,0.03,ok,,,0.0,0.0
fisher_kpp,pod_edmd_rbf,POD-EDMD-RBF,32,0.16,0.01,3,5,2,cv,0.001064596942692,3,"1,2,3,4,6,8",,,0,0.8,0.0469120118189455,0.7641520882065809,0.1,ok,,,0.0,0.0
fisher_kpp,pod_edmd_rbf,POD-EDMD-RBF,32,0.16,0.01,4,5,2,cv,0.0009825641083276,3,"1,2,3,4,6,8",,,0,0.8,0.0475379517289567,0.763695481084579,0.03,ok,,,0.0,0.0
fisher_kpp,pod_edmd_rbf,POD-EDMD-RBF,32,0.16,0.01,5,5,2,cv,0.000870390315646,3,"1,2,3,4,6,8",,,0,0.8,0.0506009803648279,0.7614689258353775,0.03,ok,,,0.0,0.0
fisher_kpp,pod_edmd_rbf,POD-EDMD-RBF,32,0.16,0.01,6,5,2,cv,0.000909329992165,3,"1,2,3,4,6,8",,,0,0.8,0.0426607789314944,0.7672677597212679,0.03,ok,,,0.0,0.0
fisher_kpp,pod_edmd_rbf,POD-EDMD-RBF,32,0.16,0.01,7,5,2,cv,0.0009884320623344,3,"1,2,3,4,6,8",,,0,0.8,0.0294389244810393,0.7771223537164149,0.03,ok,,,0.0,0.0
fisher_kpp,pod_edmd_rbf,POD-EDMD-RBF,32,0.16,0.03,0,5,2,cv,0.0028419316198584,3,"1,2,3,4,6,8",,,0,0.8,0.1418174793643091,0.7006373737117676,0.1,ok,,,0.0,0.0
fisher_kpp,pod_edmd_rbf,POD-EDMD-RBF,32,0.16,0.03,1,5,2,cv,0.0024025900306976,3,"1,2,3,4,6,8",,,0,0.8,0.0453304950698266,0.7653082003950925,0.1,ok,,,0.0,0.0
fisher_kpp,pod_edmd_rbf,POD-EDMD-RBF,32,0.16,0.03,2,5,2,cv,0.0028951572177932,3,"1,2,3,4,6,8",,,0,0.8,0.0361379809287266,0.7720979393911727,0.03,ok,,,0.0,0.0
fisher_kpp,pod_edmd_rbf,POD-EDMD-RBF,32,0.16,0.03,3,5,2,cv,0.0024123351307253,3,"1,2,3,4,6,8",,,0,0.8,0.0465442112661284,0.7644206440472737,0.03,ok,,,0.0,0.0
fisher_kpp,pod_edmd_rbf,POD-EDMD-RBF,32,0.16,0.03,4,5,2,cv,0.0028599970804188,3,"1,2,3,4,6,8",,,0,0.8,0.0243964647314078,0.7809476384807287,0.1,ok,,,0.0,0.0
fisher_kpp,pod_edmd_rbf,POD-EDMD-RBF,32,0.16,0.03,5,5,2,cv,0.0023898774707975,3,"1,2,3,4,6,8",,,0,0.8,0.0483469873142475,0.7631061181846998,0.03,ok,,,0.0,0.0
fisher_kpp,pod_edmd_rbf,POD-EDMD-RBF,32,0.16,0.03,6,5,2,cv,0.0026611283448595,3,"1,2,3,4,6,8",,,0,0.8,0.0372319840154214,0.7712835820034892,0.03,ok,,,0.0,0.0
fisher_kpp,pod_edmd_rbf,POD-EDMD-RBF,32,0.16,0.03,7,5,2,cv,0.0030731107262346,3,"1,2,3,4,6,8",,,0,0.8,0.0356773482993494,0.7724413412281854,0.03,ok,,,0.0,0.0
fisher_kpp,pod_edmd_rbf,POD-EDMD-RBF,32,0.16,0.05,0,5,2,cv,0.0055442473727347,3,"1,2,3,4,6,8",,,0,0.8,0.04620174471491,0.7646708715994351,0.1,ok,,,0.0,0.0
fisher_kpp,pod_edmd_rbf,POD-EDMD-RBF,32,0.16,0.05,1,5,2,cv,0.0058326095380589,3,"1,2,3,4,6,8",,,0,0.8,0.0969529513361109,0.7292929008719871,0.1,ok,,,0.0,0.0
fisher_kpp,pod_edmd_rbf,POD-EDMD-RBF,32,0.16,0.05,2,5,2,cv,0.006887287797579,3,"1,2,3,4,6,8",,,0,0.8,0.0250462504614908,0.7804525889830126,0.1,ok,,,0.0,0.0
fisher_kpp,pod_edmd_rbf,POD-EDMD-RBF,32,0.16,0.05,3,5,2,cv,0.0062258334911283,3,"1,2,3,4,6,8",,,0,0.8,0.0219973190961646,0.7827809183565229,0.1,ok,,,0.0,0.0
fisher_kpp,pod_edmd_rbf,POD-EDMD-RBF,32,0.16,0.05,4,5,2,cv,0.0055433639765398,3,"1,2,3,4,6,8",,,0,0.8,0.0398304729018438,0.7693561795390055,0.1,ok,,,0.0,0.0
fisher_kpp,pod_edmd_rbf,POD-EDMD-RBF,32,0.16,0.05,5,5,2,cv,0.0063620925729237,3,"1,2,3,4,6,8",,,0,0.8,0.0730684968189247,0.7455255674466009,0.01,ok,,,0.0,0.0
fisher_kpp,pod_edmd_rbf,POD-EDMD-RBF,32,0.16,0.05,6,5,2,cv,0.0074782819221843,3,"1,2,3,4,6,8",,,0,0.8,0.1288047754368731,0.7087142235825339,0.1,ok,,,0.0,0.0
fisher_kpp,pod_edmd_rbf,POD-EDMD-RBF,32,0.16,0.05,7,5,2,cv,0.0060239971613828,3,"1,2,3,4,6,8",,,0,0.8,0.0233680451521875,0.7817324410212848,0.1,ok,,,0.0,0.0
fisher_kpp,pod_edmd_rbf,POD-EDMD-RBF,32,0.16,0.1,0,5,1,cv,0.0254727873100056,3,"1,2,3,4,6,8",,,0,0.5454545454545454,0.9567713438972116,0.278752316746518,0.0,ok,,,0.0,0.0
fisher_kpp,pod_edmd_rbf,POD-EDMD-RBF,32,0.16,0.1,1,5,1,cv,0.0226280967449385,3,"1,2,3,4,6,8",,,0,0.6,0.919665072895699,0.3125545223859994,0.001,ok,,,0.0,0.0
fisher_kpp,pod_edmd_rbf,POD-EDMD-RBF,32,0.16,0.1,2,5,2,cv,0.0198868271672123,3,"1,2,3,4,6,8",,,0,0.8,0.147646586159569,0.6970787084176172,0.1,ok,,,0.0,0.0
fisher_kpp,pod_edmd_rbf,POD-EDMD-RBF,32,0.16,0.1,3,5,2,cv,0.0215395103298904,3,"1,2,3,4,6,8",,,0,0.8,0.0718621487317928,0.7463646336859128,0.1,ok,,,0.0,0.0
fisher_kpp,pod_edmd_rbf,POD-EDMD-RBF,32,0.16,0.1,4,5,2,cv,0.023465373479092,3,"1,2,3,4,6,8",,,0,0.8,0.1673735235483889,0.6852990785402537,0.1,ok,,,0.0,0.0
fisher_kpp,pod_edmd_rbf,POD-EDMD-RBF,32,0.16,0.1,5,5,2,cv,0.0225439739399737,3,"1,2,3,4,6,8",,,0,0.6666666666666666,0.7652555774559372,0.3776601389513567,0.03,ok,,,0.0,0.0
fisher_kpp,pod_edmd_rbf,POD-EDMD-RBF,32,0.16,0.1,6,5,2,cv,0.0222303241497069,3,"1,2,3,4,6,8",,,0,0.8,0.0397390563209558,0.7694238233492394,0.1,ok,,,0.0,0.0
fisher_kpp,pod_edmd_rbf,POD-EDMD-RBF,32,0.16,0.1,7,5,2,cv,0.0200277135985672,3,"1,2,3,4,6,8",,,0,0.8,0.0635416182959565,0.7522037560521496,0.1,ok,,,0.0,0.0
advection_diffusion,pod_edmd_rbf,POD-EDMD-RBF,4,0.02,0.0,0,5,6,cv,1.1324489830386481e-10,3,"1,2,3,4,6,8",,,0,1.0,7.963467638876405e-06,0.9999920365957774,1e-05,ok,,,0.0,0.0
advection_diffusion,pod_edmd_rbf,POD-EDMD-RBF,4,0.02,0.0,1,5,6,cv,1.1711848777467407e-10,3,"1,2,3,4,6,8",,,0,1.0,8.013524183532945e-06,0.9999919865400324,1e-05,ok,,,0.0,0.0
advection_diffusion,pod_edmd_rbf,POD-EDMD-RBF,4,0.02,0.0,2,5,8,cv,1.1138902005686176e-10,3,"1,2,3,4,6,8",,,0,1.0,8.039870394101017e-06,0.9999919601942449,1e-05,ok,,,0.0,0.0
advection_diffusion,pod_edmd_rbf,POD-EDMD-RBF,4,0.02,0.0,3,5,6,cv,8.825487820939676e-11,3,"1,2,3,4,6,8",,,0,1.0,8.049581445362632e-06,0.99999195048335,1e-05,ok,,,0.0,0.0
advection_diffusion,pod_edmd_rbf,POD-EDMD-RBF,4,0.02,0.0,4,5,8,cv,1.0557440970211e-10,3,"1,2,3,4,6,8",,,0,1.0,7.974688857963093e-06,0.9999920253747372,1e-05,ok,,,0.0,0.0
advection_diffusion,pod_edmd_rbf,POD-EDMD-RBF,4,0.02,0.0,5,5,6,cv,6.763217479778696e-11,3,"1,2,3,4,6,8",,,0,1.0,7.93703882815147e-06,0.999992063024168,1e-05,ok,,,0.0,0.0
advection_diffusion,pod_edmd_rbf,POD-EDMD-RBF,4,0.02,0.0,6,5,8,cv,8.873583462542649e-11,3,"1,2,3,4,6,8",,,0,1.0,7.99518904074621e-06,0.9999920048748816,1e-05,ok,,,0.0,0.0
advection_diffusion,pod_edmd_rbf,POD-EDMD-RBF,4,0.02,0.0,7,5,8,cv,1.0315919065608172e-10,3,"1,2,3,4,6,8",,,0,1.0,7.94413260816123e-06,0.9999920559305006,1e-05,ok,,,0.0,0.0
advection_diffusion,pod_edmd_rbf,POD-EDMD-RBF,4,0.02,0.01,0,5,4,cv,0.001621879751471,3,"1,2,3,4,6,8",,,0,1.0,0.0040301073078326,0.9959860692637608,0.01,ok,,,0.0,0.0
advection_diffusion,pod_edmd_rbf,POD-EDMD-RBF,4,0.02,0.01,1,5,4,cv,0.0015485480079393,3,"1,2,3,4,6,8",,,0,1.0,0.0043751730507904,0.9956438857030876,0.01,ok,,,0.0,0.0
advection_diffusion,pod_edmd_rbf,POD-EDMD-RBF,4,0.02,0.01,2,5,4,cv,0.0016901360428011,3,"1,2,3,4,6,8",,,0,0.8,0.0129628030158404,0.7897624647402673,0.01,ok,,,0.0,0.0
advection_diffusion,pod_edmd_rbf,POD-EDMD-RBF,4,0.02,0.01,3,5,4,cv,0.0016329175121476,3,"1,2,3,4,6,8",,,0,1.0,0.0036476199287391,0.996365636846727,0.01,ok,,,0.0,0.0
advection_diffusion,pod_edmd_rbf,POD-EDMD-RBF,4,0.02,0.01,4,5,4,cv,0.0015956319060532,3,"1,2,3,4,6,8",,,0,1.0,0.0040164619441978,0.9959996054881208,0.01,ok,,,0.0,0.0
advection_diffusion,pod_edmd_rbf,POD-EDMD-RBF,4,0.02,0.01,5,5,4,cv,0.0016385094365509,3,"1,2,3,4,6,8",,,0,0.6666666666666666,0.02007332052706,0.6535477923510515,0.03,ok,,,0.0,0.0
advection_diffusion,pod_edmd_rbf,POD-EDMD-RBF,4,0.02,0.01,6,5,4,cv,0.0015132688028446,3,"1,2,3,4,6,8",,,0,1.0,0.0037669167124015,0.9962472196984344,0.01,ok,,,0.0,0.0
advection_diffusion,pod_edmd_rbf,POD-EDMD-RBF,4,0.02,0.01,7,5,4,cv,0.0014058673063709,3,"1,2,3,4,6,8",,,0,0.6666666666666666,0.0200898218641321,0.6535372203286833,0.03,ok,,,0.0,0.0
advection_diffusion,pod_edmd_rbf,POD-EDMD-RBF,4,0.02,0.03,0,5,4,cv,0.0144105953009022,3,"1,2,3,4,6,8",,,0,0.6666666666666666,0.0228871848590551,0.6517499451892415,0.1,ok,,,0.0,0.0
advection_diffusion,pod_edmd_rbf,POD-EDMD-RBF,4,0.02,0.03,1,5,4,cv,0.013243874765562,3,"1,2,3,4,6,8",,,0,0.6666666666666666,0.0218255973878274,0.6524270564085679,0.1,ok,,,0.0,0.0
advection_diffusion,pod_edmd_rbf,POD-EDMD-RBF,4,0.02,0.03,2,5,4,cv,0.0136160719851664,3,"1,2,3,4,6,8",,,0,0.6666666666666666,0.0222724862255971,0.652141846376119,0.03,ok,,,0.0,0.0
advection_diffusion,pod_edmd_rbf,POD-EDMD-RBF,4,0.02,0.03,3,5,4,cv,0.0143949848535369,3,"1,2,3,4,6,8",,,0,0.6666666666666666,0.0226771218352061,0.6518838179056214,0.03,ok,,,0.0,0.0
advection_diffusion,pod_edmd_rbf,POD-EDMD-RBF,4,0.02,0.03,4,5,4,cv,0.0137405886745822,3,"1,2,3,4,6,8",,,0,0.6666666666666666,0.0231121970582953,0.651606606375626,0.03,ok,,,0.0,0.0
advection_diffusion,pod_edmd_rbf,POD-EDMD-RBF,4,0.02,0.03,5,5,4,cv,0.0136559493218808,3,"1,2,3,4,6,8",,,0,0.6666666666666666,0.0210592930018853,0.6529167025224221,0.1,ok,,,0.0,0.0
advection_diffusion,pod_edmd_rbf,POD-EDMD-RBF,4,0.02,0.03,6,5,4,cv,0.0146369819694053,3,"1,2,3,4,6,8",,,0,0.6666666666666666,0.0207537378592027,0.6531121483472079,0.1,ok,,,0.0,0.0
advection_diffusion,pod_edmd_rbf,POD-EDMD-RBF,4,0.02,0.03,7,5,4,cv,0.014004908199206,3,"1,2,3,4,6,8",,,0,0.6666666666666666,0.0231649136095647,0.6515730336322534,0.1,ok,,,0.0,0.0
advection_diffusion,pod_edmd_rbf,POD-EDMD-RBF,4,0.02,0.05,0,5,4,cv,0.0348860982928466,3,"1,2,3,4,6,8",,,0,0.6666666666666666,0.0501655872874597,0.6348205223412842,0.1,ok,,,0.0,0.0
advection_diffusion,pod_edmd_rbf,POD-EDMD-RBF,4,0.02,0.05,1,5,4,cv,0.0396808223739294,3,"1,2,3,4,6,8",,,0,0.6666666666666666,0.0406522374386612,0.6406238728775727,0.1,ok,,,0.0,0.0
advection_diffusion,pod_edmd_rbf,POD-EDMD-RBF,4,0.02,0.05,2,5,4,cv,0.03572316755379,3,"1,2,3,4,6,8",,,0,0.6666666666666666,0.0247220099079344,0.650582948566278,0.1,ok,,,0.0,0.0
advection_diffusion,pod_edmd_rbf,POD-EDMD-RBF,4,0.02,0.05,3,5,4,cv,0.0357191064858562,3,"1,2,3,4,6,8",,,0,0.6666666666666666,0.0307738027777185,0.6467633004158044,0.1,ok,,,0.0,0.0
advection_diffusion,pod_edmd_rbf,POD-EDMD-RBF,4,0.02,0.05,4,5,4,cv,0.0379786536198243,3,"1,2,3,4,6,8",,,0,0.6666666666666666,0.0258443976828549,0.6498711385201423,0.1,ok,,,0.0,0.0
advection_diffusion,pod_edmd_rbf,POD-EDMD-RBF,4,0.02,0.05,5,5,4,cv,0.0363085827987467,3,"1,2,3,4,6,8",,,0,0.6666666666666666,0.0322185536244596,0.6458580543100879,0.1,ok,,,0.0,0.0
advection_diffusion,pod_edmd_rbf,POD-EDMD-RBF,4,0.02,0.05,6,5,4,cv,0.0348019574125241,3,"1,2,3,4,6,8",,,0,0.6666666666666666,0.0293054495351099,0.6476859390648028,0.1,ok,,,0.0,0.0
advection_diffusion,pod_edmd_rbf,POD-EDMD-RBF,4,0.02,0.05,7,5,4,cv,0.0364450277277898,3,"1,2,3,4,6,8",,,0,0.6666666666666666,0.0369489341275245,0.6429117623112186,0.1,ok,,,0.0,0.0
advection_diffusion,pod_edmd_rbf,POD-EDMD-RBF,4,0.02,0.1,0,5,3,cv,0.1253806466067208,3,"1,2,3,4,6,8",,,0,0.6666666666666666,0.0929584372454637,0.6099652502311415,0.1,ok,,,0.0,0.0
advection_diffusion,pod_edmd_rbf,POD-EDMD-RBF,4,0.02,0.1,1,5,3,cv,0.1191361218226815,3,"1,2,3,4,6,8",,,0,0.6666666666666666,0.1104772429494594,0.6003424841881324,0.3,ok,,,0.0,0.0
advection_diffusion,pod_edmd_rbf,POD-EDMD-RBF,4,0.02,0.1,2,5,3,cv,0.1154174450337574,3,"1,2,3,4,6,8",,,0,0.6666666666666666,0.1046177427982032,0.6035270309689897,0.3,ok,,,0.0,0.0
advection_diffusion,pod_edmd_rbf,POD-EDMD-RBF,4,0.02,0.1,3,5,3,cv,0.1153632055746504,3,"1,2,3,4,6,8",,,0,0.6666666666666666,0.1044734664952553,0.6036058691225522,0.3,ok,,,0.0,0.0
advection_diffusion,pod_edmd_rbf,POD-EDMD-RBF,4,0.02,0.1,4,5,3,cv,0.1202056398902311,3,"1,2,3,4,6,8",,,0,0.6666666666666666,0.0902483180213266,0.6114814906356276,0.3,ok,,,0.0,0.0
advection_diffusion,pod_edmd_rbf,POD-EDMD-RBF,4,0.02,0.1,5,5,3,cv,0.1205587500753129,3,"1,2,3,4,6,8",,,0,0.6666666666666666,0.1234462108789729,0.5934121813852338,0.3,ok,,,0.0,0.0
advection_diffusion,pod_edmd_rbf,POD-EDMD-RBF,4,0.02,0.1,6,5,3,cv,0.1195041793539443,3,"1,2,3,4,6,8",,,0,0.6666666666666666,0.1192050039970484,0.5956609059875367,0.3,ok,,,0.0,0.0
advection_diffusion,pod_edmd_rbf,POD-EDMD-RBF,4,0.02,0.1,7,5,3,cv,0.1103353286453659,3,"1,2,3,4,6,8",,,0,0.6666666666666666,0.0807062340912399,0.6168805598010296,0.3,ok,,,0.0,0.0
advection_diffusion,pod_edmd_rbf,POD-EDMD-RBF,8,0.04,0.0,0,5,6,cv,9.399494573957544e-09,3,"1,2,3,4,6,8",,,0,1.0,3.215760481673418e-05,0.9999678434292616,3e-05,ok,,,0.0,0.0
advection_diffusion,pod_edmd_rbf,POD-EDMD-RBF,8,0.04,0.0,1,5,6,cv,1.2668917789800062e-08,3,"1,2,3,4,6,8",,,0,1.0,3.2149013754673825e-05,0.9999678520197712,3e-05,ok,,,0.0,0.0
advection_diffusion,pod_edmd_rbf,POD-EDMD-RBF,8,0.04,0.0,2,5,6,cv,1.3317825196828369e-08,3,"1,2,3,4,6,8",,,0,1.0,3.2182221966753705e-05,0.9999678188136956,3e-05,ok,,,0.0,0.0
advection_diffusion,pod_edmd_rbf,POD-EDMD-RBF,8,0.04,0.0,3,5,8,cv,1.0462225325717247e-08,3,"1,2,3,4,6,8",,,0,1.0,3.217138526288325e-05,0.999967829649702,3e-05,ok,,,0.0,0.0
advection_diffusion,pod_edmd_rbf,POD-EDMD-RBF,8,0.04,0.0,4,5,6,cv,1.2258922729546092e-08,3,"1,2,3,4,6,8",,,0,1.0,3.2133677124769163e-05,0.9999678673554152,3e-05,ok,,,0.0,0.0
advection_diffusion,pod_edmd_rbf,POD-EDMD-RBF,8,0.04,0.0,5,5,6,cv,1.1646375510865209e-08,3,"1,2,3,4,6,8",,,0,1.0,3.214627940985016e-05,0.99996785475394,3e-05,ok,,,0.0,0.0
advection_diffusion,pod_edmd_rbf,POD-EDMD-RBF,8,0.04,0.0,6,5,6,cv,9.974529774400126e-09,3,"1,2,3,4,6,8",,,0,1.0,3.219342618662476e-05,0.9999678076101968,3e-05,ok,,,0.0,0.0
advection_diffusion,pod_edmd_rbf,POD-EDMD-RBF,8,0.04,0.0,7,5,8,cv,1.2499577813508654e-08,3,"1,2,3,4,6,8",,,0,1.0,3.211867693577719e-05,0.9999678823546404,3e-05,ok,,,0.0,0.0
advection_diffusion,pod_edmd_rbf,POD-EDMD-RBF,8,0.04,0.01,0,5,4,cv,0.0023028187584632,3,"1,2,3,4,6,8",,,0,0.6666666666666666,0.0202486193313504,0.6534354999701798,0.03,ok,,,0.0,0.0
advection_diffusion,pod_edmd_rbf,POD-EDMD-RBF,8,0.04,0.01,1,5,4,cv,0.0020857611254709,3,"1,2,3,4,6,8",,,0,0.6666666666666666,0.0200811237083557,0.6535427929918921,0.03,ok,,,0.0,0.0
advection_diffusion,pod_edmd_rbf,POD-EDMD-RBF,8,0.04,0.01,2,5,4,cv,0.0018863788020442,3,"1,2,3,4,6,8",,,0,0.6666666666666666,0.0201346342996571,0.6535085117704553,0.03,ok,,,0.0,0.0
advection_diffusion,pod_edmd_rbf,POD-EDMD-RBF,8,0.04,0.01,3,5,4,cv,0.001908611983022,3,"1,2,3,4,6,8",,,0,0.6666666666666666,0.020142585401138,0.653503418254539,0.03,ok,,,0.0,0.0
advection_diffusion,pod_edmd_rbf,POD-EDMD-RBF,8,0.04,0.01,4,5,4,cv,0.0025329124052602,3,"1,2,3,4,6,8",,,0,0.6666666666666666,0.0201636134718828,0.6534899479484728,0.03,ok,,,0.0,0.0
advection_diffusion,pod_edmd_rbf,POD-EDMD-RBF,8,0.04,0.01,5,5,4,cv,0.0019334188730761,3,"1,2,3,4,6,8",,,0,0.6666666666666666,0.0202605937418864,0.6534278308462487,0.03,ok,,,0.0,0.0
advection_diffusion,pod_edmd_rbf,POD-EDMD-RBF,8,0.04,0.01,6,5,4,cv,0.0018837762834858,3,"1,2,3,4,6,8",,,0,0.6666666666666666,0.0202085990663897,0.6534611326318408,0.03,ok,,,0.0,0.0
advection_diffusion,pod_edmd_rbf,POD-EDMD-RBF,8,0.04,0.01,7,5,4,cv,0.0018723882083519,3,"1,2,3,4,6,8",,,0,0.6666666666666666,0.0201197852640221,0.6535180243505652,0.03,ok,,,0.0,0.0
advection_diffusion,pod_edmd_rbf,POD-EDMD-RBF,8,0.04,0.03,0,5,4,cv,0.0141881189141418,3,"1,2,3,4,6,8",,,0,0.6666666666666666,0.0299476604801767,0.6472820826214187,0.1,ok,,,0.0,0.0
advection_diffusion,pod_edmd_rbf,POD-EDMD-RBF,8,0.04,0.03,1,5,4,cv,0.0201155776605013,3,"1,2,3,4,6,8",,,0,0.6666666666666666,0.0252365613352903,0.6502564303777711,0.1,ok,,,0.0,0.0
advection_diffusion,pod_edmd_rbf,POD-EDMD-RBF,8,0.04,0.03,2,5,4,cv,0.0246252522212914,3,"1,2,3,4,6,8",,,0,0.6666666666666666,0.0256526546970987,0.6499926301692752,0.1,ok,,,0.0,0.0
advection_diffusion,pod_edmd_rbf,POD-EDMD-RBF,8,0.04,0.03,3,5,4,cv,0.0164819738825723,3,"1,2,3,4,6,8",,,0,0.6666666666666666,0.0263699906288174,0.6495383465549549,0.1,ok,,,0.0,0.0
advection_diffusion,pod_edmd_rbf,POD-EDMD-RBF,8,0.04,0.03,4,5,4,cv,0.0153015619690317,3,"1,2,3,4,6,8",,,0,0.6666666666666666,0.0227161026291416,0.6518589713732258,0.1,ok,,,0.0,0.0
advection_diffusion,pod_edmd_rbf,POD-EDMD-RBF,8,0.04,0.03,5,5,4,cv,0.0191147938277124,3,"1,2,3,4,6,8",,,0,0.6666666666666666,0.0249410204357349,0.6504439312842074,0.1,ok,,,0.0,0.0
advection_diffusion,pod_edmd_rbf,POD-EDMD-RBF,8,0.04,0.03,6,5,4,cv,0.0201130393212163,3,"1,2,3,4,6,8",,,0,0.6666666666666666,0.0262337217161562,0.6496245958004666,0.1,ok,,,0.0,0.0
advection_diffusion,pod_edmd_rbf,POD-EDMD-RBF,8,0.04,0.03,7,5,4,cv,0.0147607218177084,3,"1,2,3,4,6,8",,,0,0.6666666666666666,0.0267193501474615,0.6493173295807829,0.1,ok,,,0.0,0.0
advection_diffusion,pod_edmd_rbf,POD-EDMD-RBF,8,0.04,0.05,0,5,3,cv,0.0481274655773773,3,"1,2,3,4,6,8",,,0,0.6666666666666666,0.0558875011904215,0.6313803941376879,0.1,ok,,,0.0,0.0
advection_diffusion,pod_edmd_rbf,POD-EDMD-RBF,8,0.04,0.05,1,5,4,cv,0.0506134071842198,3,"1,2,3,4,6,8",,,0,0.6666666666666666,0.057042940481949,0.6306902407982651,0.1,ok,,,0.0,0.0
advection_diffusion,pod_edmd_rbf,POD-EDMD-RBF,8,0.04,0.05,2,5,3,cv,0.0460871545405454,3,"1,2,3,4,6,8",,,0,0.6666666666666666,0.0541807806378427,0.6324026001150327,0.1,ok,,,0.0,0.0
advection_diffusion,pod_edmd_rbf,POD-EDMD-RBF,8,0.04,0.05,3,5,3,cv,0.0440164014939435,3,"1,2,3,4,6,8",,,0,0.6666666666666666,0.0605672333520744,0.6285944405047961,0.1,ok,,,0.0,0.0
advection_diffusion,pod_edmd_rbf,POD-EDMD-RBF,8,0.04,0.05,4,5,4,cv,0.0517881505597352,3,"1,2,3,4,6,8",,,0,0.6666666666666666,0.0605579605377873,0.6285999365170137,0.1,ok,,,0.0,0.0
advection_diffusion,pod_edmd_rbf,POD-EDMD-RBF,8,0.04,0.05,5,5,3,cv,0.039821072432844,3,"1,2,3,4,6,8",,,0,0.6666666666666666,0.0596238673215344,0.6291540679919132,0.1,ok,,,0.0,0.0
advection_diffusion,pod_edmd_rbf,POD-EDMD-RBF,8,0.04,0.05,6,5,3,cv,0.0460323981301071,3,"1,2,3,4,6,8",,,0,0.6666666666666666,0.063809340199079,0.6266787115649013,0.1,ok,,,0.0,0.0
advection_diffusion,pod_edmd_rbf,POD-EDMD-RBF,8,0.04,0.05,7,5,3,cv,0.040435102801274,3,"1,2,3,4,6,8",,,0,0.6666666666666666,0.0634003905304561,0.626919712088984,0.1,ok,,,0.0,0.0
advection_diffusion,pod_edmd_rbf,POD-EDMD-RBF,8,0.04,0.1,0,5,3,cv,0.1266249077488304,3,"1,2,3,4,6,8",,,0,0.6666666666666666,0.1536293486146028,0.5778863613926508,0.3,ok,,,0.0,0.0
advection_diffusion,pod_edmd_rbf,POD-EDMD-RBF,8,0.04,0.1,1,5,3,cv,0.1358094813668733,3,"1,2,3,4,6,8",,,0,0.6666666666666666,0.1702493656087568,0.5696791523743922,0.3,ok,,,0.0,0.0
advection_diffusion,pod_edmd_rbf,POD-EDMD-RBF,8,0.04,0.1,2,5,3,cv,0.1403993882220266,3,"1,2,3,4,6,8",,,0,0.6666666666666666,0.1582338301058571,0.5755890126311857,0.3,ok,,,0.0,0.0
advection_diffusion,pod_edmd_rbf,POD-EDMD-RBF,8,0.04,0.1,3,5,3,cv,0.1436914631414325,3,"1,2,3,4,6,8",,,0,0.6666666666666666,0.1528737560322194,0.5782651076741443,0.3,ok,,,0.0,0.0
advection_diffusion,pod_edmd_rbf,POD-EDMD-RBF,8,0.04,0.1,4,5,2,cv,0.1891528011489562,3,"1,2,3,4,6,8",,,0,0.6666666666666666,0.1921435416514071,0.5592167749725607,0.3,ok,,,0.0,0.0
advection_diffusion,pod_edmd_rbf,POD-EDMD-RBF,8,0.04,0.1,5,5,2,cv,0.1877925072185833,3,"1,2,3,4,6,8",,,0,0.6666666666666666,0.2032029641310642,0.5540766491945303,0.3,ok,,,0.0,0.0
advection_diffusion,pod_edmd_rbf,POD-EDMD-RBF,8,0.04,0.1,6,5,3,cv,0.1331419285033226,3,"1,2,3,4,6,8",,,0,0.6666666666666666,0.1696807874547553,0.5699560716196291,0.3,ok,,,0.0,0.0
advection_diffusion,pod_edmd_rbf,POD-EDMD-RBF,8,0.04,0.1,7,5,3,cv,0.1743347418818767,3,"1,2,3,4,6,8",,,0,0.6666666666666666,0.1322086766789069,0.5888196057834421,0.3,ok,,,0.0,0.0
advection_diffusion,pod_edmd_rbf,POD-EDMD-RBF,16,0.08,0.0,0,5,6,cv,1.4482477321312344e-05,3,"1,2,3,4,6,8",,,0,1.0,0.0001286504206126,0.999871366128189,0.0003,ok,,,0.0,0.0
advection_diffusion,pod_edmd_rbf,POD-EDMD-RBF,16,0.08,0.0,1,5,6,cv,1.448247751437614e-05,3,"1,2,3,4,6,8",,,0,1.0,0.0001286502033581,0.9998713663453876,0.0003,ok,,,0.0,0.0
advection_diffusion,pod_edmd_rbf,POD-EDMD-RBF,16,0.08,0.0,2,5,6,cv,1.448247688181974e-05,3,"1,2,3,4,6,8",,,0,1.0,0.0001286446926839,0.999871371854644,0.0003,ok,,,0.0,0.0
advection_diffusion,pod_edmd_rbf,POD-EDMD-RBF,16,0.08,0.0,3,5,6,cv,1.4482477381513558e-05,3,"1,2,3,4,6,8",,,0,1.0,0.00012865102332,0.9998713655256368,0.0003,ok,,,0.0,0.0
advection_diffusion,pod_edmd_rbf,POD-EDMD-RBF,16,0.08,0.0,4,5,6,cv,1.4482477843398249e-05,3,"1,2,3,4,6,8",,,0,1.0,0.0001286507829735,0.9998713657659212,0.0003,ok,,,0.0,0.0
advection_diffusion,pod_edmd_rbf,POD-EDMD-RBF,16,0.08,0.0,5,5,6,cv,1.4482477759044387e-05,3,"1,2,3,4,6,8",,,0,1.0,0.0001286503113709,0.9998713662374028,0.0003,ok,,,0.0,0.0
advection_diffusion,pod_edmd_rbf,POD-EDMD-RBF,16,0.08,0.0,6,5,6,cv,1.4482477616650464e-05,3,"1,2,3,4,6,8",,,0,1.0,0.0001286511587317,0.99987136539026,0.0003,ok,,,0.0,0.0
advection_diffusion,pod_edmd_rbf,POD-EDMD-RBF,16,0.08,0.0,7,5,6,cv,1.4482477089603258e-05,3,"1,2,3,4,6,8",,,0,1.0,0.0001286585394636,0.9998713580114268,0.0003,ok,,,0.0,0.0
advection_diffusion,pod_edmd_rbf,POD-EDMD-RBF,16,0.08,0.01,0,5,6,cv,0.0030105357284607,3,"1,2,3,4,6,8",,,0,0.6666666666666666,0.0206924942221706,0.6531513364117632,0.03,ok,,,0.0,0.0
advection_diffusion,pod_edmd_rbf,POD-EDMD-RBF,16,0.08,0.01,1,5,4,cv,0.002719213406257,3,"1,2,3,4,6,8",,,0,0.6666666666666666,0.0205896908638716,0.6532171279354888,0.03,ok,,,0.0,0.0
advection_diffusion,pod_edmd_rbf,POD-EDMD-RBF,16,0.08,0.01,2,5,4,cv,0.0025523966796538,3,"1,2,3,4,6,8",,,0,0.6666666666666666,0.0203029236862023,0.65340072167793,0.03,ok,,,0.0,0.0
advection_diffusion,pod_edmd_rbf,POD-EDMD-RBF,16,0.08,0.01,3,5,4,cv,0.0020863105325511,3,"1,2,3,4,6,8",,,0,0.6666666666666666,0.0203706992448808,0.6533573211775183,0.03,ok,,,0.0,0.0
advection_diffusion,pod_edmd_rbf,POD-EDMD-RBF,16,0.08,0.01,4,5,8,cv,0.0037682671303744,3,"1,2,3,4,6,8",,,0,0.6666666666666666,0.0225639733979969,0.6519559499552113,0.1,ok,,,0.0,0.0
advection_diffusion,pod_edmd_rbf,POD-EDMD-RBF,16,0.08,0.01,5,5,4,cv,0.0018677572428799,3,"1,2,3,4,6,8",,,0,0.6666666666666666,0.0204550317326795,0.6533033263942081,0.03,ok,,,0.0,0.0
advection_diffusion,pod_edmd_rbf,POD-EDMD-RBF,16,0.08,0.01,6,5,4,cv,0.0017509985813206,3,"1,2,3,4,6,8",,,0,0.6666666666666666,0.0203534427219661,0.6533683709521478,0.03,ok,,,0.0,0.0
advection_diffusion,pod_edmd_rbf,POD-EDMD-RBF,16,0.08,0.01,7,5,4,cv,0.0023004370822967,3,"1,2,3,4,6,8",,,0,0.6666666666666666,0.0202695261831181,0.6534221100974188,0.03,ok,,,0.0,0.0
advection_diffusion,pod_edmd_rbf,POD-EDMD-RBF,16,0.08,0.03,0,5,4,cv,0.0170054008293711,3,"1,2,3,4,6,8",,,0,0.6666666666666666,0.0477564367517577,0.6362801919246222,0.1,ok,,,0.0,0.0
advection_diffusion,pod_edmd_rbf,POD-EDMD-RBF,16,0.08,0.03,1,5,3,cv,0.0242968605640448,3,"1,2,3,4,6,8",,,0,0.6666666666666666,0.0448703000164182,0.6380377226304462,0.1,ok,,,0.0,0.0
advection_diffusion,pod_edmd_rbf,POD-EDMD-RBF,16,0.08,0.03,2,5,3,cv,0.0209797785088968,3,"1,2,3,4,6,8",,,0,0.6666666666666666,0.0499646644750692,0.6349420025482164,0.1,ok,,,0.0,0.0
advection_diffusion,pod_edmd_rbf,POD-EDMD-RBF,16,0.08,0.03,3,5,4,cv,0.0202391478327071,3,"1,2,3,4,6,8",,,0,0.6666666666666666,0.0434347549824059,0.6389155272846051,0.1,ok,,,0.0,0.0
advection_diffusion,pod_edmd_rbf,POD-EDMD-RBF,16,0.08,0.03,4,5,4,cv,0.0148909158322701,3,"1,2,3,4,6,8",,,0,0.6666666666666666,0.0378797857453479,0.6423351488514669,0.1,ok,,,0.0,0.0
advection_diffusion,pod_edmd_rbf,POD-EDMD-RBF,16,0.08,0.03,5,5,4,cv,0.0241200637676811,3,"1,2,3,4,6,8",,,0,0.6666666666666666,0.0401102395677965,0.6409576997758341,0.1,ok,,,0.0,0.0
advection_diffusion,pod_edmd_rbf,POD-EDMD-RBF,16,0.08,0.03,6,5,4,cv,0.018223252877156,3,"1,2,3,4,6,8",,,0,0.6666666666666666,0.0421205924743564,0.6397212294632508,0.1,ok,,,0.0,0.0
advection_diffusion,pod_edmd_rbf,POD-EDMD-RBF,16,0.08,0.03,7,5,4,cv,0.0163274422337299,3,"1,2,3,4,6,8",,,0,0.6666666666666666,0.0422057383268048,0.6396689656851801,0.1,ok,,,0.0,0.0
advection_diffusion,pod_edmd_rbf,POD-EDMD-RBF,16,0.08,0.05,0,5,3,cv,0.0781757286189312,3,"1,2,3,4,6,8",,,0,0.6666666666666666,0.0835968810031957,0.6152349442437168,0.3,ok,,,0.0,0.0
advection_diffusion,pod_edmd_rbf,POD-EDMD-RBF,16,0.08,0.05,1,5,4,cv,0.0388642729144328,3,"1,2,3,4,6,8",,,0,0.6666666666666666,0.0866721799486292,0.6134938199100508,0.3,ok,,,0.0,0.0
advection_diffusion,pod_edmd_rbf,POD-EDMD-RBF,16,0.08,0.05,2,5,3,cv,0.0938616628651594,3,"1,2,3,4,6,8",,,0,0.6666666666666666,0.0981755243645138,0.6070674968397695,0.3,ok,,,0.0,0.0
advection_diffusion,pod_edmd_rbf,POD-EDMD-RBF,16,0.08,0.05,3,5,3,cv,0.048194730616988,3,"1,2,3,4,6,8",,,0,0.6666666666666666,0.0977077227666376,0.6073262060928342,0.3,ok,,,0.0,0.0
advection_diffusion,pod_edmd_rbf,POD-EDMD-RBF,16,0.08,0.05,4,5,4,cv,0.0443759631533163,3,"1,2,3,4,6,8",,,0,0.6666666666666666,0.1139994485433822,0.5984443417259958,0.3,ok,,,0.0,0.0
advection_diffusion,pod_edmd_rbf,POD-EDMD-RBF,16,0.08,0.05,5,5,4,cv,0.0421337462066825,3,"1,2,3,4,6,8",,,0,0.6666666666666666,0.092306883088018,0.6103290906507514,0.3,ok,,,0.0,0.0
advection_diffusion,pod_edmd_rbf,POD-EDMD-RBF,16,0.08,0.05,6,5,4,cv,0.0421800339370999,3,"1,2,3,4,6,8",,,0,0.6666666666666666,0.1043604466336337,0.6036676419359576,0.3,ok,,,0.0,0.0
advection_diffusion,pod_edmd_rbf,POD-EDMD-RBF,16,0.08,0.05,7,5,4,cv,0.045741982064687,3,"1,2,3,4,6,8",,,0,0.6666666666666666,0.1886319498388108,0.560868876826904,0.3,ok,,,0.0,0.0
advection_diffusion,pod_edmd_rbf,POD-EDMD-RBF,16,0.08,0.1,0,5,3,cv,0.1628781392257465,3,"1,2,3,4,6,8",,,0,0.6666666666666666,0.2721713172405076,0.5240384354150875,0.3,ok,,,0.0,0.0
advection_diffusion,pod_edmd_rbf,POD-EDMD-RBF,16,0.08,0.1,1,5,3,cv,0.1646428243195416,3,"1,2,3,4,6,8",,,0,0.5,0.3496885825154797,0.3704558269790842,0.3,ok,,,0.0,0.0
advection_diffusion,pod_edmd_rbf,POD-EDMD-RBF,16,0.08,0.1,2,5,3,cv,0.1601604693433642,3,"1,2,3,4,6,8",,,0,0.6666666666666666,0.2557061699003238,0.5309097642799555,0.3,ok,,,0.0,0.0
advection_diffusion,pod_edmd_rbf,POD-EDMD-RBF,16,0.08,0.1,3,5,3,cv,0.1366570683109429,3,"1,2,3,4,6,8",,,0,0.6666666666666666,0.2308449291660813,0.5416333535357252,0.3,ok,,,0.0,0.0
advection_diffusion,pod_edmd_rbf,POD-EDMD-RBF,16,0.08,0.1,4,5,3,cv,0.1631747613184664,3,"1,2,3,4,6,8",,,0,0.6666666666666666,0.2661236517467161,0.5265415157097398,0.3,ok,,,0.0,0.0
advection_diffusion,pod_edmd_rbf,POD-EDMD-RBF,16,0.08,0.1,5,5,3,cv,0.175489050754688,3,"1,2,3,4,6,8",,,0,0.4,0.557943518185645,0.2567487173513411,0.03,ok,,,0.0,0.0
advection_diffusion,pod_edmd_rbf,POD-EDMD-RBF,16,0.08,0.1,6,5,2,cv,0.1922279046033459,3,"1,2,3,4,6,8",,,0,0.6666666666666666,0.2490864088835674,0.5337234173114835,0.3,ok,,,0.0,0.0
advection_diffusion,pod_edmd_rbf,POD-EDMD-RBF,16,0.08,0.1,7,5,3,cv,0.1465650108993884,3,"1,2,3,4,6,8",,,0,0.6666666666666666,0.2431156637173206,0.5362869169173817,0.3,ok,,,0.0,0.0
advection_diffusion,pod_edmd_rbf,POD-EDMD-RBF,32,0.16,0.0,0,5,3,cv,0.0142403544465604,3,"1,2,3,4,6,8",,,0,0.6666666666666666,0.0219917556548751,0.652320982999983,0.03,ok,,,0.0,0.0
advection_diffusion,pod_edmd_rbf,POD-EDMD-RBF,32,0.16,0.0,1,5,3,cv,0.0142403543305954,3,"1,2,3,4,6,8",,,0,0.6666666666666666,0.0219917597147287,0.6523209804086434,0.03,ok,,,0.0,0.0
advection_diffusion,pod_edmd_rbf,POD-EDMD-RBF,32,0.16,0.0,2,5,3,cv,0.0142403545962661,3,"1,2,3,4,6,8",,,0,0.6666666666666666,0.0219917571139191,0.6523209820686986,0.03,ok,,,0.0,0.0
advection_diffusion,pod_edmd_rbf,POD-EDMD-RBF,32,0.16,0.0,3,5,3,cv,0.0142403544334512,3,"1,2,3,4,6,8",,,0,0.6666666666666666,0.0219917588204861,0.6523209809794243,0.03,ok,,,0.0,0.0
advection_diffusion,pod_edmd_rbf,POD-EDMD-RBF,32,0.16,0.0,4,5,3,cv,0.0142403545290829,3,"1,2,3,4,6,8",,,0,0.6666666666666666,0.0219917600724277,0.6523209801803299,0.03,ok,,,0.0,0.0
advection_diffusion,pod_edmd_rbf,POD-EDMD-RBF,32,0.16,0.0,5,5,3,cv,0.0142403544380738,3,"1,2,3,4,6,8",,,0,0.6666666666666666,0.0219917618913916,0.6523209790193144,0.03,ok,,,0.0,0.0
advection_diffusion,pod_edmd_rbf,POD-EDMD-RBF,32,0.16,0.0,6,5,3,cv,0.014240354513392,3,"1,2,3,4,6,8",,,0,0.6666666666666666,0.0219917574303235,0.6523209818667428,0.03,ok,,,0.0,0.0
advection_diffusion,pod_edmd_rbf,POD-EDMD-RBF,32,0.16,0.0,7,5,3,cv,0.0142403543257307,3,"1,2,3,4,6,8",,,0,0.6666666666666666,0.0219917552882186,0.652320983234014,0.03,ok,,,0.0,0.0
advection_diffusion,pod_edmd_rbf,POD-EDMD-RBF,32,0.16,0.01,0,5,3,cv,0.0163783569704573,3,"1,2,3,4,6,8",,,0,0.6666666666666666,0.0254597632124732,0.6501148953696534,0.1,ok,,,0.0,0.0
advection_diffusion,pod_edmd_rbf,POD-EDMD-RBF,32,0.16,0.01,1,5,3,cv,0.0157737555188607,3,"1,2,3,4,6,8",,,0,0.6666666666666666,0.0247674928287274,0.6505540733209895,0.1,ok,,,0.0,0.0
advection_diffusion,pod_edmd_rbf,POD-EDMD-RBF,32,0.16,0.01,2,5,3,cv,0.0161994494385534,3,"1,2,3,4,6,8",,,0,0.6666666666666666,0.0232173214541257,0.6515396609189982,0.1,ok,,,0.0,0.0
advection_diffusion,pod_edmd_rbf,POD-EDMD-RBF,32,0.16,0.01,3,5,3,cv,0.0167897786849348,3,"1,2,3,4,6,8",,,0,0.6666666666666666,0.0248424999848461,0.6505064599453323,0.03,ok,,,0.0,0.0
advection_diffusion,pod_edmd_rbf,POD-EDMD-RBF,32,0.16,0.01,4,5,3,cv,0.0155640309868033,3,"1,2,3,4,6,8",,,0,0.6666666666666666,0.024599724901777,0.650660595024634,0.1,ok,,,0.0,0.0
advection_diffusion,pod_edmd_rbf,POD-EDMD-RBF,32,0.16,0.01,5,5,3,cv,0.0154763275719807,3,"1,2,3,4,6,8",,,0,0.6666666666666666,0.0260441950583285,0.6497445917802478,0.1,ok,,,0.0,0.0
advection_diffusion,pod_edmd_rbf,POD-EDMD-RBF,32,0.16,0.01,6,5,3,cv,0.017069143667835,3,"1,2,3,4,6,8",,,0,0.6666666666666666,0.0254227545335962,0.6501383587590599,0.1,ok,,,0.0,0.0
advection_diffusion,pod_edmd_rbf,POD-EDMD-RBF,32,0.16,0.01,7,5,3,cv,0.0147425263713396,3,"1,2,3,4,6,8",,,0,0.6666666666666666,0.0248877604246747,0.6504777326937978,0.1,ok,,,0.0,0.0
advection_diffusion,pod_edmd_rbf,POD-EDMD-RBF,32,0.16,0.03,0,5,3,cv,0.0300024549863557,3,"1,2,3,4,6,8",,,0,0.6666666666666666,0.0792622082601439,0.6177059305554542,0.3,ok,,,0.0,0.0
advection_diffusion,pod_edmd_rbf,POD-EDMD-RBF,32,0.16,0.03,1,5,3,cv,0.0281639691415664,3,"1,2,3,4,6,8",,,0,0.6666666666666666,0.0613420465615417,0.6281355467132246,0.1,ok,,,0.0,0.0
advection_diffusion,pod_edmd_rbf,POD-EDMD-RBF,32,0.16,0.03,2,5,3,cv,0.0263746487318461,3,"1,2,3,4,6,8",,,0,0.6666666666666666,0.0624435259608569,0.6274843324625128,0.3,ok,,,0.0,0.0
advection_diffusion,pod_edmd_rbf,POD-EDMD-RBF,32,0.16,0.03,3,5,3,cv,0.0304360325908707,3,"1,2,3,4,6,8",,,0,0.6666666666666666,0.0720099794736309,0.6218847580075771,0.3,ok,,,0.0,0.0
advection_diffusion,pod_edmd_rbf,POD-EDMD-RBF,32,0.16,0.03,4,5,3,cv,0.0271175582679189,3,"1,2,3,4,6,8",,,0,0.6666666666666666,0.0704467286728663,0.6227929413107705,0.1,ok,,,0.0,0.0
advection_diffusion,pod_edmd_rbf,POD-EDMD-RBF,32,0.16,0.03,5,5,3,cv,0.0365736223733198,3,"1,2,3,4,6,8",,,0,0.6666666666666666,0.0482473697267392,0.635982198400799,0.1,ok,,,0.0,0.0
advection_diffusion,pod_edmd_rbf,POD-EDMD-RBF,32,0.16,0.03,6,5,3,cv,0.0273774504786648,3,"1,2,3,4,6,8",,,0,0.6666666666666666,0.053604558210042,0.6327484647553726,0.1,ok,,,0.0,0.0
advection_diffusion,pod_edmd_rbf,POD-EDMD-RBF,32,0.16,0.03,7,5,3,cv,0.0238326969513182,3,"1,2,3,4,6,8",,,0,0.6666666666666666,0.0492960006103535,0.6353466193322767,0.1,ok,,,0.0,0.0
advection_diffusion,pod_edmd_rbf,POD-EDMD-RBF,32,0.16,0.05,0,5,3,cv,0.0578085959408397,3,"1,2,3,4,6,8",,,0,0.6666666666666666,0.1117677501618824,0.599645624339791,0.3,ok,,,0.0,0.0
advection_diffusion,pod_edmd_rbf,POD-EDMD-RBF,32,0.16,0.05,1,5,3,cv,0.0587033303475889,3,"1,2,3,4,6,8",,,0,0.6666666666666666,0.114657002072931,0.5980913100862998,0.3,ok,,,0.0,0.0
advection_diffusion,pod_edmd_rbf,POD-EDMD-RBF,32,0.16,0.05,2,5,3,cv,0.0590754835934268,3,"1,2,3,4,6,8",,,0,0.6666666666666666,0.1346417931652921,0.5875569458858705,0.3,ok,,,0.0,0.0
advection_diffusion,pod_edmd_rbf,POD-EDMD-RBF,32,0.16,0.05,3,5,3,cv,0.0498640639200779,3,"1,2,3,4,6,8",,,0,0.6666666666666666,0.1327015853535441,0.5885633738727252,0.3,ok,,,0.0,0.0
advection_diffusion,pod_edmd_rbf,POD-EDMD-RBF,32,0.16,0.05,4,5,3,cv,0.0455361336349279,3,"1,2,3,4,6,8",,,0,0.6666666666666666,0.141710372832162,0.5839192517914265,0.3,ok,,,0.0,0.0
advection_diffusion,pod_edmd_rbf,POD-EDMD-RBF,32,0.16,0.05,5,5,3,cv,0.0517000492903217,3,"1,2,3,4,6,8",,,0,0.6666666666666666,0.1215024596309978,0.5944406638983356,0.3,ok,,,0.0,0.0
advection_diffusion,pod_edmd_rbf,POD-EDMD-RBF,32,0.16,0.05,6,5,3,cv,0.0542008657688022,3,"1,2,3,4,6,8",,,0,0.6666666666666666,0.1264638281175479,0.5918225246351179,0.3,ok,,,0.0,0.0
advection_diffusion,pod_edmd_rbf,POD-EDMD-RBF,32,0.16,0.05,7,5,3,cv,0.0478490980673569,3,"1,2,3,4,6,8",,,0,0.6666666666666666,0.1485694099723568,0.5804321975480016,0.3,ok,,,0.0,0.0
advection_diffusion,pod_edmd_rbf,POD-EDMD-RBF,32,0.16,0.1,0,5,3,cv,0.1641613295787801,3,"1,2,3,4,6,8",,,0,0.4444444444444444,0.6501574687994108,0.2693345652447366,0.001,ok,,,0.0,0.0
advection_diffusion,pod_edmd_rbf,POD-EDMD-RBF,32,0.16,0.1,1,5,3,cv,0.156326992344738,3,"1,2,3,4,6,8",,,0,0.4444444444444444,0.6041729602897467,0.2770551900863412,0.0003,ok,,,0.0,0.0
advection_diffusion,pod_edmd_rbf,POD-EDMD-RBF,32,0.16,0.1,2,5,3,cv,0.1686796326951525,3,"1,2,3,4,6,8",,,0,0.5,0.3871720376472234,0.3604455586114956,0.3,ok,,,0.0,0.0
advection_diffusion,pod_edmd_rbf,POD-EDMD-RBF,32,0.16,0.1,3,5,3,cv,0.1287464270453528,3,"1,2,3,4,6,8",,,0,0.5,0.4137468394406463,0.3536701098464183,0.3,ok,,,0.0,0.0
advection_diffusion,pod_edmd_rbf,POD-EDMD-RBF,32,0.16,0.1,4,5,3,cv,0.1976658590304664,3,"1,2,3,4,6,8",,,0,0.5,0.4074574805437988,0.3552505186919147,0.3,ok,,,0.0,0.0
advection_diffusion,pod_edmd_rbf,POD-EDMD-RBF,32,0.16,0.1,5,5,3,cv,0.1750739333530133,3,"1,2,3,4,6,8",,,0,0.6666666666666666,0.3823880320018898,0.4822572615166819,0.3,ok,,,0.0,0.0
advection_diffusion,pod_edmd_rbf,POD-EDMD-RBF,32,0.16,0.1,6,5,3,cv,0.1946846979681185,3,"1,2,3,4,6,8",,,0,0.6666666666666666,0.3773935313687474,0.4840059514467044,0.3,ok,,,0.0,0.0
advection_diffusion,pod_edmd_rbf,POD-EDMD-RBF,32,0.16,0.1,7,5,3,cv,0.1499329760383891,3,"1,2,3,4,6,8",,,0,0.5,0.3937538852371906,0.358743394580679,0.3,ok,,,0.0,0.0
