system,method,method_label,sparse_factor,obs_dt,noise,seed,upsample,spline_alpha,spline_cv_error,spline_cv_folds,support_f1,coef_error,practical_score,threshold,status,gp_kernel,gp_cv_error,gp_cv_folds
lorenz63,baseline,Baseline,8,0.04,0.0,0,1,,,0,1.0,0.0983746942917222,0.9104361245729916,0.3,ok,,,
lorenz63,linear_interp,Linear interpolation,8,0.04,0.0,0,5,,,0,1.0,0.0211262226414678,0.9793108607211964,0.3,ok,,,
lorenz63,smoothing_spline_cv,Tuned smoothing spline,8,0.04,0.0,0,5,0.0,0.0001009641725993,4,1.0,0.0045371377286622,0.9954833549121728,0.03,ok,,,
lorenz63,baseline,Baseline,8,0.04,0.0,1,1,,,0,1.0,0.0983746942917222,0.9104361245729916,0.3,ok,,,
lorenz63,linear_interp,Linear interpolation,8,0.04,0.0,1,5,,,0,1.0,0.0211262226414678,0.9793108607211964,0.3,ok,,,
lorenz63,smoothing_spline_cv,Tuned smoothing spline,8,0.04,0.0,1,5,0.0,0.0001009641725993,4,1.0,0.0045371377286622,0.9954833549121728,0.03,ok,,,
lorenz63,baseline,Baseline,8,0.04,0.0,2,1,,,0,1.0,0.0983746942917222,0.9104361245729916,0.3,ok,,,
lorenz63,linear_interp,Linear interpolation,8,0.04,0.0,2,5,,,0,1.0,0.0211262226414678,0.9793108607211964,0.3,ok,,,
lorenz63,smoothing_spline_cv,Tuned smoothing spline,8,0.04,0.0,2,5,0.0,0.0001009641725993,4,1.0,0.0045371377286622,0.9954833549121728,0.03,ok,,,
lorenz63,baseline,Baseline,8,0.04,0.0,3,1,,,0,1.0,0.0983746942917222,0.9104361245729916,0.3,ok,,,
lorenz63,linear_interp,Linear interpolation,8,0.04,0.0,3,5,,,0,1.0,0.0211262226414678,0.9793108607211964,0.3,ok,,,
lorenz63,smoothing_spline_cv,Tuned smoothing spline,8,0.04,0.0,3,5,0.0,0.0001009641725993,4,1.0,0.0045371377286622,0.9954833549121728,0.03,ok,,,
lorenz63,baseline,Baseline,8,0.04,0.0,4,1,,,0,1.0,0.0983746942917222,0.9104361245729916,0.3,ok,,,
lorenz63,linear_interp,Linear interpolation,8,0.04,0.0,4,5,,,0,1.0,0.0211262226414678,0.9793108607211964,0.3,ok,,,
lorenz63,smoothing_spline_cv,Tuned smoothing spline,8,0.04,0.0,4,5,0.0,0.0001009641725993,4,1.0,0.0045371377286622,0.9954833549121728,0.03,ok,,,
lorenz63,baseline,Baseline,8,0.04,0.0,5,1,,,0,1.0,0.0983746942917222,0.9104361245729916,0.3,ok,,,
lorenz63,linear_interp,Linear interpolation,8,0.04,0.0,5,5,,,0,1.0,0.0211262226414678,0.9793108607211964,0.3,ok,,,
lorenz63,smoothing_spline_cv,Tuned smoothing spline,8,0.04,0.0,5,5,0.0,0.0001009641725993,4,1.0,0.0045371377286622,0.9954833549121728,0.03,ok,,,
lorenz63,baseline,Baseline,8,0.04,0.0,6,1,,,0,1.0,0.0983746942917222,0.9104361245729916,0.3,ok,,,
lorenz63,linear_interp,Linear interpolation,8,0.04,0.0,6,5,,,0,1.0,0.0211262226414678,0.9793108607211964,0.3,ok,,,
lorenz63,smoothing_spline_cv,Tuned smoothing spline,8,0.04,0.0,6,5,0.0,0.0001009641725993,4,1.0,0.0045371377286622,0.9954833549121728,0.03,ok,,,
lorenz63,baseline,Baseline,8,0.04,0.0,7,1,,,0,1.0,0.0983746942917222,0.9104361245729916,0.3,ok,,,
lorenz63,linear_interp,Linear interpolation,8,0.04,0.0,7,5,,,0,1.0,0.0211262226414678,0.9793108607211964,0.3,ok,,,
lorenz63,smoothing_spline_cv,Tuned smoothing spline,8,0.04,0.0,7,5,0.0,0.0001009641725993,4,1.0,0.0045371377286622,0.9954833549121728,0.03,ok,,,
lorenz63,baseline,Baseline,8,0.04,0.0,8,1,,,0,1.0,0.0983746942917222,0.9104361245729916,0.3,ok,,,
lorenz63,linear_interp,Linear interpolation,8,0.04,0.0,8,5,,,0,1.0,0.0211262226414678,0.9793108607211964,0.3,ok,,,
lorenz63,smoothing_spline_cv,Tuned smoothing spline,8,0.04,0.0,8,5,0.0,0.0001009641725993,4,1.0,0.0045371377286622,0.9954833549121728,0.03,ok,,,
lorenz63,baseline,Baseline,8,0.04,0.0,9,1,,,0,1.0,0.0983746942917222,0.9104361245729916,0.3,ok,,,
lorenz63,linear_interp,Linear interpolation,8,0.04,0.0,9,5,,,0,1.0,0.0211262226414678,0.9793108607211964,0.3,ok,,,
lorenz63,smoothing_spline_cv,Tuned smoothing spline,8,0.04,0.0,9,5,0.0,0.0001009641725993,4,1.0,0.0045371377286622,0.9954833549121728,0.03,ok,,,
lorenz63,baseline,Baseline,8,0.04,0.01,0,1,,,0,0.9333333333333332,0.1032565648285424,0.8459803123658576,0.3,ok,,,
lorenz63,linear_interp,Linear interpolation,8,0.04,0.01,0,5,,,0,1.0,0.0222973028074534,0.9781890231479432,0.3,ok,,,
lorenz63,smoothing_spline_cv,Tuned smoothing spline,8,0.04,0.01,0,5,1e-06,0.0003458003542652,4,1.0,0.0060852721383262,0.9939515344207428,0.3,ok,,,
lorenz63,baseline,Baseline,8,0.04,0.01,1,1,,,0,0.9333333333333332,0.1018456111361455,0.8470636211646255,0.3,ok,,,
lorenz63,linear_interp,Linear interpolation,8,0.04,0.01,1,5,,,0,0.9333333333333332,0.0265032309816263,0.9092356508618132,0.3,ok,,,
lorenz63,smoothing_spline_cv,Tuned smoothing spline,8,0.04,0.01,1,5,3e-05,0.0003379415953653,4,1.0,0.0059153981227898,0.99411938803817,0.1,ok,,,
lorenz63,baseline,Baseline,8,0.04,0.01,2,1,,,0,1.0,0.093355463840526,0.9146156333159892,0.3,ok,,,
lorenz63,linear_interp,Linear interpolation,8,0.04,0.01,2,5,,,0,0.9333333333333332,0.0180740176094793,0.9167637295418618,0.3,ok,,,
lorenz63,smoothing_spline_cv,Tuned smoothing spline,8,0.04,0.01,2,5,3e-06,0.000348447418129,4,0.9230769230769232,0.0864774335873937,0.8496052421715329,0.3,ok,,,
lorenz63,baseline,Baseline,8,0.04,0.01,3,1,,,0,0.9333333333333332,0.0977525653925577,0.8502219559829242,0.3,ok,,,
lorenz63,linear_interp,Linear interpolation,8,0.04,0.01,3,5,,,0,0.9333333333333332,0.0301330226019868,0.9060318549694196,0.1,ok,,,
lorenz63,smoothing_spline_cv,Tuned smoothing spline,8,0.04,0.01,3,5,3e-05,0.0003744161046743,4,0.9333333333333332,0.0174081979989482,0.9173636846734924,0.3,ok,,,
lorenz63,baseline,Baseline,8,0.04,0.01,4,1,,,0,0.875,0.1012944675424132,0.7945195638298272,0.3,ok,,,
lorenz63,linear_interp,Linear interpolation,8,0.04,0.01,4,5,,,0,0.9333333333333332,0.0291104818864933,0.90693210278299,0.3,ok,,,
lorenz63,smoothing_spline_cv,Tuned smoothing spline,8,0.04,0.01,4,5,0.0,0.0003546343811851,4,0.9333333333333332,0.0134480775038426,0.920948348564798,0.1,ok,,,
lorenz63,baseline,Baseline,8,0.04,0.01,5,1,,,0,1.0,0.0960862399845752,0.9123369708701686,0.3,ok,,,
lorenz63,linear_interp,Linear interpolation,8,0.04,0.01,5,5,,,0,0.9333333333333332,0.022693555599644,0.9126226798076228,0.3,ok,,,
lorenz63,smoothing_spline_cv,Tuned smoothing spline,8,0.04,0.01,5,5,3e-05,0.0003840446028887,4,1.0,0.0013448340751726,0.9986569720745456,0.3,ok,,,
lorenz63,baseline,Baseline,8,0.04,0.01,6,1,,,0,1.0,0.098716195887963,0.9101531439534464,0.3,ok,,,
lorenz63,linear_interp,Linear interpolation,8,0.04,0.01,6,5,,,0,1.0,0.0199320265527616,0.98045749517237,0.3,ok,,,
lorenz63,smoothing_spline_cv,Tuned smoothing spline,8,0.04,0.01,6,5,1e-05,0.0003457031558939,4,1.0,0.0040801686332338,0.9959364114931302,0.1,ok,,,
lorenz63,baseline,Baseline,8,0.04,0.01,7,1,,,0,0.9333333333333332,0.1061495070163126,0.8437677975835948,0.3,ok,,,
lorenz63,linear_interp,Linear interpolation,8,0.04,0.01,7,5,,,0,1.0,0.0258544952681193,0.974797112663271,0.3,ok,,,
lorenz63,smoothing_spline_cv,Tuned smoothing spline,8,0.04,0.01,7,5,1e-05,0.0003266182561948,4,1.0,0.0102934417892969,0.9898114336255944,0.1,ok,,,
lorenz63,baseline,Baseline,8,0.04,0.01,8,1,,,0,1.0,0.1017994437406408,0.9076061942861136,0.3,ok,,,
lorenz63,linear_interp,Linear interpolation,8,0.04,0.01,8,5,,,0,1.0,0.0228413862184048,0.9776686918165748,0.3,ok,,,
lorenz63,smoothing_spline_cv,Tuned smoothing spline,8,0.04,0.01,8,5,1e-05,0.0003246540922844,4,1.0,0.0063898042238279,0.9936507661375246,0.1,ok,,,
lorenz63,baseline,Baseline,8,0.04,0.01,9,1,,,0,0.9333333333333332,0.106505350131707,0.8434964487268307,0.3,ok,,,
lorenz63,linear_interp,Linear interpolation,8,0.04,0.01,9,5,,,0,0.9333333333333332,0.029601799691218,0.9064993219837456,0.3,ok,,,
lorenz63,smoothing_spline_cv,Tuned smoothing spline,8,0.04,0.01,9,5,0.0,0.0003109590306571,4,1.0,0.0113706149610235,0.9887572223348988,0.3,ok,,,
lorenz63,baseline,Baseline,8,0.04,0.03,0,1,,,0,0.875,0.1099208091357218,0.7883445312475482,0.1,ok,,,
lorenz63,linear_interp,Linear interpolation,8,0.04,0.03,0,5,,,0,0.875,0.0518359891385627,0.8318787425372385,0.1,ok,,,
lorenz63,smoothing_spline_cv,Tuned smoothing spline,8,0.04,0.03,0,5,0.0001,0.0016821487270721,4,0.7777777777777778,0.0442208754342508,0.7448402881759382,0.03,ok,,,
lorenz63,baseline,Baseline,8,0.04,0.03,1,1,,,0,1.0,0.0935735545253443,0.91443323209662,0.3,ok,,,
lorenz63,linear_interp,Linear interpolation,8,0.04,0.03,1,5,,,0,0.9333333333333332,0.0186275050082947,0.9162655914398592,0.3,ok,,,
lorenz63,smoothing_spline_cv,Tuned smoothing spline,8,0.04,0.03,1,5,0.0003,0.0016589372203457,4,1.0,0.0040441917768319,0.9959720978319938,0.3,ok,,,
lorenz63,baseline,Baseline,8,0.04,0.03,2,1,,,0,0.9333333333333332,0.1125639857707442,0.8389030611005746,0.3,ok,,,
lorenz63,linear_interp,Linear interpolation,8,0.04,0.03,2,5,,,0,0.7,0.0638066689144181,0.6580142994537986,0.03,ok,,,
lorenz63,smoothing_spline_cv,Tuned smoothing spline,8,0.04,0.03,2,5,0.0003,0.001824937340445,4,0.8235294117647058,0.0207452769315866,0.8067922824392371,0.1,ok,,,
lorenz63,baseline,Baseline,8,0.04,0.03,3,1,,,0,0.875,0.1096093649617134,0.7885658030925068,0.1,ok,,,
lorenz63,linear_interp,Linear interpolation,8,0.04,0.03,3,5,,,0,1.0,0.0262593484078476,0.9744125610659852,0.3,ok,,,
lorenz63,smoothing_spline_cv,Tuned smoothing spline,8,0.04,0.03,3,5,0.0003,0.0020744890633253,4,1.0,0.00904090538914,0.9910401002170934,0.3,ok,,,
lorenz63,baseline,Baseline,8,0.04,0.03,4,1,,,0,0.8,0.1350664609655702,0.704804544501704,0.3,ok,,,
lorenz63,linear_interp,Linear interpolation,8,0.04,0.03,4,5,,,0,1.0,0.029731969905082,0.9711264962397714,0.3,ok,,,
lorenz63,smoothing_spline_cv,Tuned smoothing spline,8,0.04,0.03,4,5,0.0003,0.0018868853896199,4,1.0,0.0140721065487198,0.9861231696860172,0.3,ok,,,
lorenz63,baseline,Baseline,8,0.04,0.03,5,1,,,0,0.875,0.1090171285677526,0.788986912339239,0.3,ok,,,
lorenz63,linear_interp,Linear interpolation,8,0.04,0.03,5,5,,,0,1.0,0.0284836619161216,0.9723051877527592,0.3,ok,,,
lorenz63,smoothing_spline_cv,Tuned smoothing spline,8,0.04,0.03,5,5,0.0003,0.0019455412650399,4,1.0,0.0117287816277966,0.9884071879333848,0.3,ok,,,
lorenz63,baseline,Baseline,8,0.04,0.03,6,1,,,0,0.9333333333333332,0.1046591448846491,0.8449061754979578,0.3,ok,,,
lorenz63,linear_interp,Linear interpolation,8,0.04,0.03,6,5,,,0,0.7058823529411765,0.4949426615810889,0.4721802187346888,0.3,ok,,,
lorenz63,smoothing_spline_cv,Tuned smoothing spline,8,0.04,0.03,6,5,0.0003,0.0019542586493645,4,0.7,0.0762896658577293,0.6503825338155111,0.03,ok,,,
lorenz63,baseline,Baseline,8,0.04,0.03,7,1,,,0,0.9333333333333332,0.1013719975926902,0.847427876660524,0.1,ok,,,
lorenz63,linear_interp,Linear interpolation,8,0.04,0.03,7,5,,,0,0.9333333333333332,0.0237116145366513,0.9117150964002448,0.1,ok,,,
lorenz63,smoothing_spline_cv,Tuned smoothing spline,8,0.04,0.03,7,5,0.0003,0.0021267334688483,4,0.9333333333333332,0.0198211523614807,0.9151931504579234,0.3,ok,,,
lorenz63,baseline,Baseline,8,0.04,0.03,8,1,,,0,0.9333333333333332,0.0972990309132144,0.8505733688259776,0.3,ok,,,
lorenz63,linear_interp,Linear interpolation,8,0.04,0.03,8,5,,,0,0.8571428571428571,0.096732979597087,0.7815419733778322,0.3,ok,,,
lorenz63,smoothing_spline_cv,Tuned smoothing spline,8,0.04,0.03,8,5,0.0003,0.0021019997540398,4,0.9333333333333332,0.0164780128515677,0.9182031697026232,0.3,ok,,,
lorenz63,baseline,Baseline,8,0.04,0.03,9,1,,,0,0.9333333333333332,0.1171170291739833,0.8354839367397854,0.3,ok,,,
lorenz63,linear_interp,Linear interpolation,8,0.04,0.03,9,5,,,0,0.875,0.0362300925611591,0.8444070542646944,0.1,ok,,,
lorenz63,smoothing_spline_cv,Tuned smoothing spline,8,0.04,0.03,9,5,0.0003,0.0018424366398188,4,1.0,0.0124204019532415,0.9877319718870944,0.3,ok,,,
lorenz63,baseline,Baseline,8,0.04,0.05,0,1,,,0,1.0,0.1046339625583347,0.9052772537284638,0.3,ok,,,
lorenz63,linear_interp,Linear interpolation,8,0.04,0.05,0,5,,,0,0.875,0.024252497113628,0.8542815394307305,0.3,ok,,,
lorenz63,smoothing_spline_cv,Tuned smoothing spline,8,0.04,0.05,0,5,0.001,0.0052446924239846,4,0.8571428571428571,0.0826660061959644,0.7916964717073723,0.3,ok,,,
lorenz63,baseline,Baseline,8,0.04,0.05,1,1,,,0,0.8,0.1474758392180596,0.6971824352704062,0.1,ok,,,
lorenz63,linear_interp,Linear interpolation,8,0.04,0.05,1,5,,,0,0.6086956521739131,0.1789504260263675,0.5163030087919062,0.03,ok,,,
lorenz63,smoothing_spline_cv,Tuned smoothing spline,8,0.04,0.05,1,5,0.001,0.005074513680908,4,0.8235294117647058,0.0541524325198025,0.78122421991303,0.1,ok,,,
lorenz63,baseline,Baseline,8,0.04,0.05,2,1,,,0,0.875,0.1367164769674412,0.7697609894195827,0.1,ok,,,
lorenz63,linear_interp,Linear interpolation,8,0.04,0.05,2,5,,,0,0.875,0.0613515736728438,0.824420504670316,0.1,ok,,,
lorenz63,smoothing_spline_cv,Tuned smoothing spline,8,0.04,0.05,2,5,0.001,0.0048644930347454,4,0.875,0.0438935492201566,0.8382080727040329,0.1,ok,,,
lorenz63,baseline,Baseline,8,0.04,0.05,3,1,,,0,0.8235294117647058,0.1197195822304556,0.735478261552106,0.1,ok,,,
lorenz63,linear_interp,Linear interpolation,8,0.04,0.05,3,5,,,0,1.0,0.028231109261773,0.9725440039622592,0.3,ok,,,
lorenz63,smoothing_spline_cv,Tuned smoothing spline,8,0.04,0.05,3,5,0.001,0.004693841435892,4,0.875,0.0379734567156842,0.8429888012441488,0.1,ok,,,
lorenz63,baseline,Baseline,8,0.04,0.05,4,1,,,0,0.625,0.3969522440855801,0.447402552697221,0.1,ok,,,
lorenz63,linear_interp,Linear interpolation,8,0.04,0.05,4,5,,,0,0.875,0.0645508722704521,0.82194287073742,0.3,ok,,,
lorenz63,smoothing_spline_cv,Tuned smoothing spline,8,0.04,0.05,4,5,0.001,0.0053482674910667,4,0.875,0.0518677971456607,0.8318535868997914,0.1,ok,,,
lorenz63,baseline,Baseline,8,0.04,0.05,5,1,,,0,0.875,0.1036378400296206,0.7928325472933366,0.3,ok,,,
lorenz63,linear_interp,Linear interpolation,8,0.04,0.05,5,5,,,0,0.7777777777777778,0.0465766322566268,0.7431637147303151,0.1,ok,,,
lorenz63,smoothing_spline_cv,Tuned smoothing spline,8,0.04,0.05,5,5,0.001,0.0048509931734487,4,0.875,0.0469593180976464,0.8357535817054466,0.1,ok,,,
lorenz63,baseline,Baseline,8,0.04,0.05,6,1,,,0,0.8571428571428571,0.1465428941564567,0.7475890012588503,0.3,ok,,,
lorenz63,linear_interp,Linear interpolation,8,0.04,0.05,6,5,,,0,0.9333333333333332,0.0563908237659134,0.8835113978045606,0.3,ok,,,
lorenz63,smoothing_spline_cv,Tuned smoothing spline,8,0.04,0.05,6,5,0.001,0.005331253212897,4,0.9333333333333332,0.0415091658649982,0.8961354963767196,0.3,ok,,,
lorenz63,baseline,Baseline,8,0.04,0.05,7,1,,,0,0.8235294117647058,0.1250601606480169,0.7319869999577319,0.1,ok,,,
lorenz63,linear_interp,Linear interpolation,8,0.04,0.05,7,5,,,0,0.8235294117647058,0.0568812308386485,0.7792071499947301,0.1,ok,,,
lorenz63,smoothing_spline_cv,Tuned smoothing spline,8,0.04,0.05,7,5,0.001,0.0053260164380536,4,0.7058823529411765,0.5124404478044527,0.4667174525554885,0.3,ok,,,
lorenz63,baseline,Baseline,8,0.04,0.05,8,1,,,0,0.75,0.1455392605918698,0.6547134836849633,0.3,ok,,,
lorenz63,linear_interp,Linear interpolation,8,0.04,0.05,8,5,,,0,0.8,0.1042780501695871,0.7244552220132798,0.3,ok,,,
lorenz63,smoothing_spline_cv,Tuned smoothing spline,8,0.04,0.05,8,5,0.001,0.0046934224399556,4,0.875,0.0430725321332494,0.8388678380883884,0.3,ok,,,
lorenz63,baseline,Baseline,8,0.04,0.05,9,1,,,0,0.8571428571428571,0.1481119602180367,0.7465673094983507,0.3,ok,,,
lorenz63,linear_interp,Linear interpolation,8,0.04,0.05,9,5,,,0,0.5,0.2434857852650404,0.4020954689831283,0.01,ok,,,
lorenz63,smoothing_spline_cv,Tuned smoothing spline,8,0.04,0.05,9,5,0.001,0.0049581258468484,4,0.9333333333333332,0.0559940706715842,0.8838433465253817,0.3,ok,,,
lorenz63,baseline,Baseline,8,0.04,0.1,0,1,,,0,0.7058823529411765,1.2671146662706718,0.3113571463512825,0.3,ok,,,
lorenz63,linear_interp,Linear interpolation,8,0.04,0.1,0,5,,,0,0.7368421052631579,0.271030557502233,0.5797202127942257,0.1,ok,,,
lorenz63,smoothing_spline_cv,Tuned smoothing spline,8,0.04,0.1,0,5,0.003,0.0212293674821863,4,0.5384615384615384,0.3005981361473249,0.4140106951533754,0.03,ok,,,
lorenz63,baseline,Baseline,8,0.04,0.1,1,1,,,0,0.875,0.2338698750233198,0.7091509548229004,0.3,ok,,,
lorenz63,linear_interp,Linear interpolation,8,0.04,0.1,1,5,,,0,0.8,0.1464314572764009,0.6978175580601873,0.3,ok,,,
lorenz63,smoothing_spline_cv,Tuned smoothing spline,8,0.04,0.1,1,5,0.003,0.0211381041485054,4,0.8,0.1355520424290315,0.7045031580311719,0.3,ok,,,
lorenz63,baseline,Baseline,8,0.04,0.1,2,1,,,0,0.6086956521739131,0.4080351212916468,0.4323014695936932,0.1,ok,,,
lorenz63,linear_interp,Linear interpolation,8,0.04,0.1,2,5,,,0,0.7,0.1742118074523691,0.596144575925153,0.1,ok,,,
lorenz63,smoothing_spline_cv,Tuned smoothing spline,8,0.04,0.1,2,5,0.003,0.0207777217086263,4,0.6666666666666666,0.2527118271746436,0.5321787918058228,0.1,ok,,,
lorenz63,baseline,Baseline,8,0.04,0.1,3,1,,,0,0.9333333333333332,0.2146529413037033,0.7683950712139833,0.3,ok,,,
lorenz63,linear_interp,Linear interpolation,8,0.04,0.1,3,5,,,0,0.7368421052631579,0.3478030577023204,0.5466986449187139,0.1,ok,,,
lorenz63,smoothing_spline_cv,Tuned smoothing spline,8,0.04,0.1,3,5,0.003,0.0172110215754158,4,0.7,0.2552448921095397,0.5576601063268171,0.1,ok,,,
lorenz63,baseline,Baseline,8,0.04,0.1,4,1,,,0,0.8235294117647058,0.2215484753718515,0.6741684250508481,0.3,ok,,,
lorenz63,linear_interp,Linear interpolation,8,0.04,0.1,4,5,,,0,0.625,0.8604063601755839,0.3359481097135214,0.3,ok,,,
lorenz63,smoothing_spline_cv,Tuned smoothing spline,8,0.04,0.1,4,5,0.003,0.0203738620448825,4,0.6,0.3609194010639034,0.4408784234620712,0.1,ok,,,
lorenz63,baseline,Baseline,8,0.04,0.1,5,1,,,0,0.8,0.1625388595811441,0.688149039842191,0.3,ok,,,
lorenz63,linear_interp,Linear interpolation,8,0.04,0.1,5,5,,,0,0.8,0.1221055170625772,0.7129454296724449,0.3,ok,,,
lorenz63,smoothing_spline_cv,Tuned smoothing spline,8,0.04,0.1,5,5,0.003,0.0185800505466477,4,0.9333333333333332,0.0887550974143986,0.8572481869888237,0.3,ok,,,
lorenz63,baseline,Baseline,8,0.04,0.1,6,1,,,0,0.7368421052631579,0.1973513674978164,0.6153933801428607,0.1,ok,,,
lorenz63,linear_interp,Linear interpolation,8,0.04,0.1,6,5,,,0,0.875,0.1014203271067023,0.7944287738891825,0.3,ok,,,
lorenz63,smoothing_spline_cv,Tuned smoothing spline,8,0.04,0.1,6,5,0.003,0.0193936212594501,4,0.8235294117647058,0.0832722134604829,0.7602238860479621,0.1,ok,,,
lorenz63,baseline,Baseline,8,0.04,0.1,7,1,,,0,0.6666666666666666,0.5372027562073239,0.4336881806740351,0.1,ok,,,
lorenz63,linear_interp,Linear interpolation,8,0.04,0.1,7,5,,,0,0.7368421052631579,0.1298182783556245,0.6521775398567481,0.1,ok,,,
lorenz63,smoothing_spline_cv,Tuned smoothing spline,8,0.04,0.1,7,5,0.003,0.0190276363850589,4,0.6666666666666666,0.1503903371618541,0.5795134443769845,0.1,ok,,,
lorenz63,baseline,Baseline,8,0.04,0.1,8,1,,,0,0.8,0.1765601785342936,0.6799482207502591,0.3,ok,,,
lorenz63,linear_interp,Linear interpolation,8,0.04,0.1,8,5,,,0,0.6,0.6157488497982787,0.3713448411706486,0.1,ok,,,
lorenz63,smoothing_spline_cv,Tuned smoothing spline,8,0.04,0.1,8,5,0.003,0.016847306176035,4,0.875,0.0951255235982855,0.7989951664399048,0.3,ok,,,
lorenz63,baseline,Baseline,8,0.04,0.1,9,1,,,0,0.56,0.4301084453633739,0.3915786958783468,0.1,ok,,,
lorenz63,linear_interp,Linear interpolation,8,0.04,0.1,9,5,,,0,0.5833333333333334,0.3980854797512571,0.4172372446333669,0.1,ok,,,
lorenz63,smoothing_spline_cv,Tuned smoothing spline,8,0.04,0.1,9,5,0.003,0.0214824456946215,4,0.56,0.3346476902320185,0.4195863853049101,0.1,ok,,,
lorenz63,baseline,Baseline,16,0.08,0.0,0,1,,,0,0.9333333333333332,0.36042869300369,0.6860582536469639,0.3,ok,,,
lorenz63,linear_interp,Linear interpolation,16,0.08,0.0,0,5,,,0,0.8235294117647058,0.3259445217043549,0.62108889043574,0.1,ok,,,
lorenz63,smoothing_spline_cv,Tuned smoothing spline,16,0.08,0.0,0,5,0.0,0.0160070371748731,4,1.0,0.0300683155418973,0.9708093967281392,0.3,ok,,,
lorenz63,baseline,Baseline,16,0.08,0.0,1,1,,,0,0.9333333333333332,0.36042869300369,0.6860582536469639,0.3,ok,,,
lorenz63,linear_interp,Linear interpolation,16,0.08,0.0,1,5,,,0,0.8235294117647058,0.3259445217043549,0.62108889043574,0.1,ok,,,
lorenz63,smoothing_spline_cv,Tuned smoothing spline,16,0.08,0.0,1,5,0.0,0.0160070371748731,4,1.0,0.0300683155418973,0.9708093967281392,0.3,ok,,,
lorenz63,baseline,Baseline,16,0.08,0.0,2,1,,,0,0.9333333333333332,0.36042869300369,0.6860582536469639,0.3,ok,,,
lorenz63,linear_interp,Linear interpolation,16,0.08,0.0,2,5,,,0,0.8235294117647058,0.3259445217043549,0.62108889043574,0.1,ok,,,
lorenz63,smoothing_spline_cv,Tuned smoothing spline,16,0.08,0.0,2,5,0.0,0.0160070371748731,4,1.0,0.0300683155418973,0.9708093967281392,0.3,ok,,,
lorenz63,baseline,Baseline,16,0.08,0.0,3,1,,,0,0.9333333333333332,0.36042869300369,0.6860582536469639,0.3,ok,,,
lorenz63,linear_interp,Linear interpolation,16,0.08,0.0,3,5,,,0,0.8235294117647058,0.3259445217043549,0.62108889043574,0.1,ok,,,
lorenz63,smoothing_spline_cv,Tuned smoothing spline,16,0.08,0.0,3,5,0.0,0.0160070371748731,4,1.0,0.0300683155418973,0.9708093967281392,0.3,ok,,,
lorenz63,baseline,Baseline,16,0.08,0.0,4,1,,,0,0.9333333333333332,0.36042869300369,0.6860582536469639,0.3,ok,,,
lorenz63,linear_interp,Linear interpolation,16,0.08,0.0,4,5,,,0,0.8235294117647058,0.3259445217043549,0.62108889043574,0.1,ok,,,
lorenz63,smoothing_spline_cv,Tuned smoothing spline,16,0.08,0.0,4,5,0.0,0.0160070371748731,4,1.0,0.0300683155418973,0.9708093967281392,0.3,ok,,,
lorenz63,baseline,Baseline,16,0.08,0.0,5,1,,,0,0.9333333333333332,0.36042869300369,0.6860582536469639,0.3,ok,,,
lorenz63,linear_interp,Linear interpolation,16,0.08,0.0,5,5,,,0,0.8235294117647058,0.3259445217043549,0.62108889043574,0.1,ok,,,
lorenz63,smoothing_spline_cv,Tuned smoothing spline,16,0.08,0.0,5,5,0.0,0.0160070371748731,4,1.0,0.0300683155418973,0.9708093967281392,0.3,ok,,,
lorenz63,baseline,Baseline,16,0.08,0.0,6,1,,,0,0.9333333333333332,0.36042869300369,0.6860582536469639,0.3,ok,,,
lorenz63,linear_interp,Linear interpolation,16,0.08,0.0,6,5,,,0,0.8235294117647058,0.3259445217043549,0.62108889043574,0.1,ok,,,
lorenz63,smoothing_spline_cv,Tuned smoothing spline,16,0.08,0.0,6,5,0.0,0.0160070371748731,4,1.0,0.0300683155418973,0.9708093967281392,0.3,ok,,,
lorenz63,baseline,Baseline,16,0.08,0.0,7,1,,,0,0.9333333333333332,0.36042869300369,0.6860582536469639,0.3,ok,,,
lorenz63,linear_interp,Linear interpolation,16,0.08,0.0,7,5,,,0,0.8235294117647058,0.3259445217043549,0.62108889043574,0.1,ok,,,
lorenz63,smoothing_spline_cv,Tuned smoothing spline,16,0.08,0.0,7,5,0.0,0.0160070371748731,4,1.0,0.0300683155418973,0.9708093967281392,0.3,ok,,,
lorenz63,baseline,Baseline,16,0.08,0.0,8,1,,,0,0.9333333333333332,0.36042869300369,0.6860582536469639,0.3,ok,,,
lorenz63,linear_interp,Linear interpolation,16,0.08,0.0,8,5,,,0,0.8235294117647058,0.3259445217043549,0.62108889043574,0.1,ok,,,
lorenz63,smoothing_spline_cv,Tuned smoothing spline,16,0.08,0.0,8,5,0.0,0.0160070371748731,4,1.0,0.0300683155418973,0.9708093967281392,0.3,ok,,,
lorenz63,baseline,Baseline,16,0.08,0.0,9,1,,,0,0.9333333333333332,0.36042869300369,0.6860582536469639,0.3,ok,,,
lorenz63,linear_interp,Linear interpolation,16,0.08,0.0,9,5,,,0,0.8235294117647058,0.3259445217043549,0.62108889043574,0.1,ok,,,
lorenz63,smoothing_spline_cv,Tuned smoothing spline,16,0.08,0.0,9,5,0.0,0.0160070371748731,4,1.0,0.0300683155418973,0.9708093967281392,0.3,ok,,,
lorenz63,baseline,Baseline,16,0.08,0.01,0,1,,,0,0.9333333333333332,0.3556882932882599,0.688457175557301,0.3,ok,,,
lorenz63,linear_interp,Linear interpolation,16,0.08,0.01,0,5,,,0,0.8235294117647058,0.3223313597316573,0.622785964882377,0.1,ok,,,
lorenz63,smoothing_spline_cv,Tuned smoothing spline,16,0.08,0.01,0,5,0.0,0.0161097665560031,4,0.8571428571428571,0.0967957706791703,0.7814972304388879,0.3,ok,,,
lorenz63,baseline,Baseline,16,0.08,0.01,1,1,,,0,1.0,0.3520355632726403,0.7396255151598762,0.3,ok,,,
lorenz63,linear_interp,Linear interpolation,16,0.08,0.01,1,5,,,0,0.75,0.3267009250269174,0.5653120351783755,0.1,ok,,,
lorenz63,smoothing_spline_cv,Tuned smoothing spline,16,0.08,0.01,1,5,0.0,0.0161808855448886,4,0.9333333333333332,0.0301045527331369,0.906056895736414,0.1,ok,,,
lorenz63,baseline,Baseline,16,0.08,0.01,2,1,,,0,0.9333333333333332,0.3595225701208774,0.686515512022981,0.3,ok,,,
lorenz63,linear_interp,Linear interpolation,16,0.08,0.01,2,5,,,0,0.7777777777777778,0.3124202465007774,0.5926286034153444,0.1,ok,,,
lorenz63,smoothing_spline_cv,Tuned smoothing spline,16,0.08,0.01,2,5,0.0,0.0164468826557741,4,1.0,0.0308406094235225,0.9700820775378944,0.3,ok,,,
lorenz63,baseline,Baseline,16,0.08,0.01,3,1,,,0,0.9333333333333332,0.3669746789905748,0.6827729494027948,0.3,ok,,,
lorenz63,linear_interp,Linear interpolation,16,0.08,0.01,3,5,,,0,0.8,0.133511230229875,0.7057715694953994,0.3,ok,,,
lorenz63,smoothing_spline_cv,Tuned smoothing spline,16,0.08,0.01,3,5,0.0,0.0164618272977147,4,1.0,0.0328404418336383,0.9682037607131888,0.3,ok,,,
lorenz63,baseline,Baseline,16,0.08,0.01,4,1,,,0,0.9333333333333332,0.3602445257647278,0.6861511409565236,0.3,ok,,,
lorenz63,linear_interp,Linear interpolation,16,0.08,0.01,4,5,,,0,0.8235294117647058,0.3169079101590083,0.6253507974337172,0.1,ok,,,
lorenz63,smoothing_spline_cv,Tuned smoothing spline,16,0.08,0.01,4,5,0.0,0.0165393059055795,4,1.0,0.0304240892235131,0.9704742061625914,0.3,ok,,,
lorenz63,baseline,Baseline,16,0.08,0.01,5,1,,,0,0.9333333333333332,0.3583563850812594,0.6871049038264723,0.3,ok,,,
lorenz63,linear_interp,Linear interpolation,16,0.08,0.01,5,5,,,0,0.8,0.1386239401751041,0.7026024763513855,0.3,ok,,,
lorenz63,smoothing_spline_cv,Tuned smoothing spline,16,0.08,0.01,5,5,0.0,0.0159578336030101,4,1.0,0.0331489551225933,0.967914641002894,0.3,ok,,,
lorenz63,baseline,Baseline,16,0.08,0.01,6,1,,,0,0.9333333333333332,0.3585471359736998,0.6870084287980139,0.3,ok,,,
lorenz63,linear_interp,Linear interpolation,16,0.08,0.01,6,5,,,0,0.7058823529411765,1.53518368158131,0.27843440223664,0.1,ok,,,
lorenz63,smoothing_spline_cv,Tuned smoothing spline,16,0.08,0.01,6,5,0.0,0.0165174629097659,4,1.0,0.0247079338488276,0.9758878280994427,0.3,ok,,,
lorenz63,baseline,Baseline,16,0.08,0.01,7,1,,,0,0.9333333333333332,0.3651333273084236,0.683693903491132,0.3,ok,,,
lorenz63,linear_interp,Linear interpolation,16,0.08,0.01,7,5,,,0,0.8,0.1376600906482123,0.7031977359284692,0.3,ok,,,
lorenz63,smoothing_spline_cv,Tuned smoothing spline,16,0.08,0.01,7,5,0.0,0.0164749745846862,4,1.0,0.0314832363786477,0.9694777042725584,0.3,ok,,,
lorenz63,baseline,Baseline,16,0.08,0.01,8,1,,,0,0.9333333333333332,0.366654205937534,0.6829330559832876,0.3,ok,,,
lorenz63,linear_interp,Linear interpolation,16,0.08,0.01,8,5,,,0,0.5,1.009542768498521,0.2488128184370951,1.0,ok,,,
lorenz63,smoothing_spline_cv,Tuned smoothing spline,16,0.08,0.01,8,5,0.0,0.0169516504244425,4,1.0,0.0339061192569931,0.9672058046417604,0.3,ok,,,
lorenz63,baseline,Baseline,16,0.08,0.01,9,1,,,0,0.9333333333333332,0.359827804919184,0.6863614127884392,0.3,ok,,,
lorenz63,linear_interp,Linear interpolation,16,0.08,0.01,9,5,,,0,0.8,0.131961557468294,0.7067377816162347,0.3,ok,,,
lorenz63,smoothing_spline_cv,Tuned smoothing spline,16,0.08,0.01,9,5,0.0,0.0165971534175848,4,1.0,0.0272411125872129,0.9734812866683232,0.3,ok,,,
lorenz63,baseline,Baseline,16,0.08,0.03,0,1,,,0,0.8235294117647058,0.3502752267481617,0.6098974456844578,0.3,ok,,,
lorenz63,linear_interp,Linear interpolation,16,0.08,0.03,0,5,,,0,0.8,0.1427092010936048,0.700090626061624,0.3,ok,,,
lorenz63,smoothing_spline_cv,Tuned smoothing spline,16,0.08,0.03,0,5,0.0,0.0178836831019578,4,0.875,0.0405161802127957,0.8409287780811384,0.3,ok,,,
lorenz63,baseline,Baseline,16,0.08,0.03,1,1,,,0,0.875,0.3848165708231114,0.6318526355298556,0.3,ok,,,
lorenz63,linear_interp,Linear interpolation,16,0.08,0.03,1,5,,,0,0.7368421052631579,0.7591594695041886,0.4188603239425665,0.1,ok,,,
lorenz63,smoothing_spline_cv,Tuned smoothing spline,16,0.08,0.03,1,5,0.0,0.0195315049977767,4,1.0,0.0535785641070318,0.9491461140798334,0.3,ok,,,
lorenz63,baseline,Baseline,16,0.08,0.03,2,1,,,0,0.8235294117647058,0.9588489026308904,0.4204149746612106,0.1,ok,,,
lorenz63,linear_interp,Linear interpolation,16,0.08,0.03,2,5,,,0,0.8571428571428571,0.1337123409231109,0.7560496840361987,0.3,ok,,,
lorenz63,smoothing_spline_cv,Tuned smoothing spline,16,0.08,0.03,2,5,0.0,0.0174648675397987,4,0.875,0.0450141685395355,0.8373092215800867,0.3,ok,,,
lorenz63,baseline,Baseline,16,0.08,0.03,3,1,,,0,0.9333333333333332,0.3458513437050894,0.6934891715186716,0.3,ok,,,
lorenz63,linear_interp,Linear interpolation,16,0.08,0.03,3,5,,,0,0.75,0.3446037550637882,0.5577851446387043,0.1,ok,,,
lorenz63,smoothing_spline_cv,Tuned smoothing spline,16,0.08,0.03,3,5,0.0,0.018900532569311,4,0.9333333333333332,0.0303457918689741,0.9058447568755852,0.1,ok,,,
lorenz63,baseline,Baseline,16,0.08,0.03,4,1,,,0,0.9333333333333332,0.3705902080621452,0.6809718381491707,0.3,ok,,,
lorenz63,linear_interp,Linear interpolation,16,0.08,0.03,4,5,,,0,0.7058823529411765,0.3147803828284339,0.5368823281517483,0.1,ok,,,
lorenz63,smoothing_spline_cv,Tuned smoothing spline,16,0.08,0.03,4,5,0.0,0.018154125608412,4,0.9333333333333332,0.0548803949905117,0.8847764521604635,0.3,ok,,,
lorenz63,baseline,Baseline,16,0.08,0.03,5,1,,,0,0.7058823529411765,0.9395296897484906,0.3639451134324796,0.3,ok,,,
lorenz63,linear_interp,Linear interpolation,16,0.08,0.03,5,5,,,0,0.7777777777777778,0.4093022289704702,0.5518885600187857,0.1,ok,,,
lorenz63,smoothing_spline_cv,Tuned smoothing spline,16,0.08,0.03,5,5,0.0,0.0177734428671796,4,0.875,0.046537855544555,0.836090157049028,0.1,ok,,,
lorenz63,baseline,Baseline,16,0.08,0.03,6,1,,,0,0.875,0.3642815335880875,0.6413632219287851,0.3,ok,,,
lorenz63,linear_interp,Linear interpolation,16,0.08,0.03,6,5,,,0,0.8235294117647058,0.3550471927439297,0.6077496165259629,0.1,ok,,,
lorenz63,smoothing_spline_cv,Tuned smoothing spline,16,0.08,0.03,6,5,0.0,0.0166281166632896,4,0.9333333333333332,0.0661179117179761,0.8754503822464915,0.3,ok,,,
lorenz63,baseline,Baseline,16,0.08,0.03,7,1,,,0,0.8,0.2748278986759408,0.6275356860568351,0.3,ok,,,
lorenz63,linear_interp,Linear interpolation,16,0.08,0.03,7,5,,,0,0.6666666666666666,0.8225072223362437,0.3657964470571902,0.1,ok,,,
lorenz63,smoothing_spline_cv,Tuned smoothing spline,16,0.08,0.03,7,5,0.0,0.0185477189769098,4,0.56,0.6624657760807119,0.3368490395755445,0.03,ok,,,
lorenz63,baseline,Baseline,16,0.08,0.03,8,1,,,0,0.875,0.3709317040721568,0.6382520714933775,0.3,ok,,,
lorenz63,linear_interp,Linear interpolation,16,0.08,0.03,8,5,,,0,0.8235294117647058,0.2900237457453922,0.6383831417683401,0.1,ok,,,
lorenz63,smoothing_spline_cv,Tuned smoothing spline,16,0.08,0.03,8,5,0.0,0.0179748314667491,4,0.9333333333333332,0.0474578923545209,0.8910461605624512,0.3,ok,,,
lorenz63,baseline,Baseline,16,0.08,0.03,9,1,,,0,0.875,0.3734862837814131,0.6370649713304702,0.3,ok,,,
lorenz63,linear_interp,Linear interpolation,16,0.08,0.03,9,5,,,0,0.4666666666666667,0.6697688955938469,0.2794797938194306,0.03,ok,,,
lorenz63,smoothing_spline_cv,Tuned smoothing spline,16,0.08,0.03,9,5,0.0,0.0181844517956555,4,1.0,0.0367025506912804,0.964596835739618,0.3,ok,,,
lorenz63,baseline,Baseline,16,0.08,0.05,0,1,,,0,0.8235294117647058,0.3728963012753871,0.5998482267012207,0.3,ok,,,
lorenz63,linear_interp,Linear interpolation,16,0.08,0.05,0,5,,,0,0.75,0.1565469685422959,0.648482094026233,0.3,ok,,,
lorenz63,smoothing_spline_cv,Tuned smoothing spline,16,0.08,0.05,0,5,0.0,0.0214777050210745,4,0.7058823529411765,1.3004493983592045,0.3068454161367979,0.3,ok,,,
lorenz63,baseline,Baseline,16,0.08,0.05,1,1,,,0,0.7777777777777778,0.8758640360180555,0.4146237482268632,0.3,ok,,,
lorenz63,linear_interp,Linear interpolation,16,0.08,0.05,1,5,,,0,0.8,0.1570128370903348,0.6914357164885452,0.3,ok,,,
lorenz63,smoothing_spline_cv,Tuned smoothing spline,16,0.08,0.05,1,5,0.0,0.0196412470327328,4,0.7777777777777778,0.0890670552670296,0.7141688604170232,0.1,ok,,,
lorenz63,baseline,Baseline,16,0.08,0.05,2,1,,,0,0.56,0.2855785750133539,0.4356015345030023,0.03,ok,,,
lorenz63,linear_interp,Linear interpolation,16,0.08,0.05,2,5,,,0,0.8,0.1403431719131657,0.7015432018221599,0.1,ok,,,
lorenz63,smoothing_spline_cv,Tuned smoothing spline,16,0.08,0.05,2,5,0.0,0.0225394218876611,4,0.8235294117647058,0.0771418461384326,0.7645505693767903,0.1,ok,,,
lorenz63,baseline,Baseline,16,0.08,0.05,3,1,,,0,0.8235294117647058,0.9090810139970376,0.4313747848974122,0.3,ok,,,
lorenz63,linear_interp,Linear interpolation,16,0.08,0.05,3,5,,,0,0.8571428571428571,0.1332463754828377,0.7563605546743158,0.3,ok,,,
lorenz63,smoothing_spline_cv,Tuned smoothing spline,16,0.08,0.05,3,5,0.0,0.0231144520238545,4,0.5882352941176471,0.3575817730093485,0.4332963993864673,0.1,ok,,,
lorenz63,baseline,Baseline,16,0.08,0.05,4,1,,,0,0.6666666666666666,0.8540808491563491,0.3595672038627743,0.3,ok,,,
lorenz63,linear_interp,Linear interpolation,16,0.08,0.05,4,5,,,0,0.875,0.0925391965133866,0.8008865977462245,0.3,ok,,,
lorenz63,smoothing_spline_cv,Tuned smoothing spline,16,0.08,0.05,4,5,0.0,0.0197672317375806,4,0.75,1.2856829270535204,0.3281295017445078,0.3,ok,,,
lorenz63,baseline,Baseline,16,0.08,0.05,5,1,,,0,0.8235294117647058,0.3676490270067553,0.6021496710797851,0.3,ok,,,
lorenz63,linear_interp,Linear interpolation,16,0.08,0.05,5,5,,,0,0.75,0.1393810444401221,0.6582521305403503,0.3,ok,,,
lorenz63,smoothing_spline_cv,Tuned smoothing spline,16,0.08,0.05,5,5,0.0,0.022857530375005,4,0.875,0.0515122768088482,0.8321348397904288,0.1,ok,,,
lorenz63,baseline,Baseline,16,0.08,0.05,6,1,,,0,0.5882352941176471,0.7574595789226128,0.3347077231092034,0.3,ok,,,
lorenz63,linear_interp,Linear interpolation,16,0.08,0.05,6,5,,,0,0.75,0.2129629889407995,0.6183205974445481,0.3,ok,,,
lorenz63,smoothing_spline_cv,Tuned smoothing spline,16,0.08,0.05,6,5,0.0,0.0240120902991351,4,0.8235294117647058,0.1401328038172905,0.7223100756398187,0.1,ok,,,
lorenz63,baseline,Baseline,16,0.08,0.05,7,1,,,0,0.7777777777777778,0.3651294111988592,0.5697465539876779,0.3,ok,,,
lorenz63,linear_interp,Linear interpolation,16,0.08,0.05,7,5,,,0,0.875,0.1142390658391846,0.785289285599583,0.3,ok,,,
lorenz63,smoothing_spline_cv,Tuned smoothing spline,16,0.08,0.05,7,5,0.0,0.0223471606598704,4,0.9333333333333332,0.0691262528658062,0.8729870123678299,0.3,ok,,,
lorenz63,baseline,Baseline,16,0.08,0.05,8,1,,,0,0.8235294117647058,0.7846511267693808,0.4614512043345295,0.3,ok,,,
lorenz63,linear_interp,Linear interpolation,16,0.08,0.05,8,5,,,0,0.875,0.134769668237393,0.7710815899398454,0.3,ok,,,
lorenz63,smoothing_spline_cv,Tuned smoothing spline,16,0.08,0.05,8,5,0.0,0.0223146950033347,4,0.9333333333333332,0.0669350565188025,0.8747798918320436,0.3,ok,,,
lorenz63,baseline,Baseline,16,0.08,0.05,9,1,,,0,0.7777777777777778,0.8966573000636712,0.4100781821532375,0.3,ok,,,
lorenz63,linear_interp,Linear interpolation,16,0.08,0.05,9,5,,,0,0.7,0.3283795779512461,0.5269578150844556,0.1,ok,,,
lorenz63,smoothing_spline_cv,Tuned smoothing spline,16,0.08,0.05,9,5,0.0,0.0219177416614148,4,0.875,0.0435665286065324,0.8384707404983386,0.3,ok,,,
lorenz63,baseline,Baseline,16,0.08,0.1,0,1,,,0,0.6,0.9381905623224877,0.3095670836829554,0.1,ok,,,
lorenz63,linear_interp,Linear interpolation,16,0.08,0.1,0,5,,,0,0.6666666666666666,0.5027778006205849,0.443622913774319,0.1,ok,,,
lorenz63,smoothing_spline_cv,Tuned smoothing spline,16,0.08,0.1,0,5,1e-07,0.0412389375950308,4,0.5263157894736842,1.9180169003582768,0.1803676289225955,0.3,ok,,,
lorenz63,baseline,Baseline,16,0.08,0.1,1,1,,,0,0.5454545454545454,0.8753350985611339,0.290857109149746,0.1,ok,,,
lorenz63,linear_interp,Linear interpolation,16,0.08,0.1,1,5,,,0,0.875,0.3024597042291296,0.6718058126165795,0.3,ok,,,
lorenz63,smoothing_spline_cv,Tuned smoothing spline,16,0.08,0.1,1,5,1e-07,0.0447211686472044,4,0.8235294117647058,0.2980237848557858,0.6344486298116658,0.3,ok,,,
lorenz63,baseline,Baseline,16,0.08,0.1,2,1,,,0,0.8235294117647058,0.4222493088525899,0.5790330897956943,0.3,ok,,,
lorenz63,linear_interp,Linear interpolation,16,0.08,0.1,2,5,,,0,0.75,0.2445361128424333,0.602634180126001,0.3,ok,,,
lorenz63,smoothing_spline_cv,Tuned smoothing spline,16,0.08,0.1,2,5,0.0001,0.0422670162940413,4,0.75,0.2204861138427082,0.6145092447128466,0.3,ok,,,
lorenz63,baseline,Baseline,16,0.08,0.1,3,1,,,0,0.7777777777777778,0.7724874768339351,0.4388057957775055,0.3,ok,,,
lorenz63,linear_interp,Linear interpolation,16,0.08,0.1,3,5,,,0,0.8,0.176072580143806,0.6802301265302682,0.3,ok,,,
lorenz63,smoothing_spline_cv,Tuned smoothing spline,16,0.08,0.1,3,5,0.0,0.0393388411312946,4,0.8235294117647058,0.1131416289265931,0.7398244665046249,0.3,ok,,,
lorenz63,baseline,Baseline,16,0.08,0.1,4,1,,,0,0.631578947368421,1.3778523197301358,0.2656089876263213,0.3,ok,,,
lorenz63,linear_interp,Linear interpolation,16,0.08,0.1,4,5,,,0,0.8,0.134369030691382,0.705237870882645,0.3,ok,,,
lorenz63,smoothing_spline_cv,Tuned smoothing spline,16,0.08,0.1,4,5,0.0003,0.0406434809808432,4,0.7058823529411765,0.1034069164358614,0.6397298606947855,0.3,ok,,,
lorenz63,baseline,Baseline,16,0.08,0.1,5,1,,,0,0.6,0.7570784725123988,0.3414759268788241,0.3,ok,,,
lorenz63,linear_interp,Linear interpolation,16,0.08,0.1,5,5,,,0,0.6666666666666666,0.1929986848462185,0.5588159275738029,0.3,ok,,,
lorenz63,smoothing_spline_cv,Tuned smoothing spline,16,0.08,0.1,5,5,0.0001,0.040227060251281,4,0.7058823529411765,0.1647222146396015,0.6060521075916774,0.3,ok,,,
lorenz63,baseline,Baseline,16,0.08,0.1,6,1,,,0,0.9333333333333332,0.4181092548764172,0.6581533334782939,0.3,ok,,,
lorenz63,linear_interp,Linear interpolation,16,0.08,0.1,6,5,,,0,0.75,0.2261448170096094,0.6116732620777552,0.3,ok,,,
lorenz63,smoothing_spline_cv,Tuned smoothing spline,16,0.08,0.1,6,5,0.0,0.0406871422019563,4,0.631578947368421,0.4065196842539393,0.4490366927949747,0.1,ok,,,
lorenz63,baseline,Baseline,16,0.08,0.1,7,1,,,0,0.875,0.4763274298993172,0.5926869488970162,0.3,ok,,,
lorenz63,linear_interp,Linear interpolation,16,0.08,0.1,7,5,,,0,0.9333333333333332,0.2479677886949379,0.7478825509666132,0.3,ok,,,
lorenz63,smoothing_spline_cv,Tuned smoothing spline,16,0.08,0.1,7,5,1e-07,0.0383150534318806,4,0.6086956521739131,0.2586246355168258,0.4836196869163982,0.1,ok,,,
lorenz63,baseline,Baseline,16,0.08,0.1,8,1,,,0,0.7058823529411765,1.2574354624072133,0.3126921520885739,0.3,ok,,,
lorenz63,linear_interp,Linear interpolation,16,0.08,0.1,8,5,,,0,0.75,0.2818959234071519,0.5850708987408076,0.3,ok,,,
lorenz63,smoothing_spline_cv,Tuned smoothing spline,16,0.08,0.1,8,5,1e-07,0.0390792716063424,4,0.6666666666666666,1.0564696731650711,0.3241801595063706,0.1,ok,,,
lorenz63,baseline,Baseline,16,0.08,0.1,9,1,,,0,0.8235294117647058,0.4120986740689736,0.5831953721702035,0.3,ok,,,
lorenz63,linear_interp,Linear interpolation,16,0.08,0.1,9,5,,,0,0.75,0.2191978146714598,0.6151585829425918,0.3,ok,,,
lorenz63,smoothing_spline_cv,Tuned smoothing spline,16,0.08,0.1,9,5,1e-06,0.0394095355742231,4,0.6666666666666666,0.3697123927189227,0.4867201831643737,0.1,ok,,,
lorenz63,baseline,Baseline,32,0.16,0.0,0,1,,,0,0.4,0.9111712827736356,0.2092957358691,1.0,ok,,,
lorenz63,linear_interp,Linear interpolation,32,0.16,0.0,0,5,,,0,0.4285714285714285,2.543648487703194,0.1209407281954215,1.0,ok,,,
lorenz63,smoothing_spline_cv,Tuned smoothing spline,32,0.16,0.0,0,5,0.0001,0.5079208403186242,4,0.631578947368421,2.442292685786557,0.1834762482505483,0.3,ok,,,
lorenz63,baseline,Baseline,32,0.16,0.0,1,1,,,0,0.4,0.9111712827736356,0.2092957358691,1.0,ok,,,
lorenz63,linear_interp,Linear interpolation,32,0.16,0.0,1,5,,,0,0.4285714285714285,2.543648487703194,0.1209407281954215,1.0,ok,,,
lorenz63,smoothing_spline_cv,Tuned smoothing spline,32,0.16,0.0,1,5,0.0001,0.5079208403186242,4,0.631578947368421,2.442292685786557,0.1834762482505483,0.3,ok,,,
lorenz63,baseline,Baseline,32,0.16,0.0,2,1,,,0,0.4,0.9111712827736356,0.2092957358691,1.0,ok,,,
lorenz63,linear_interp,Linear interpolation,32,0.16,0.0,2,5,,,0,0.4285714285714285,2.543648487703194,0.1209407281954215,1.0,ok,,,
lorenz63,smoothing_spline_cv,Tuned smoothing spline,32,0.16,0.0,2,5,0.0001,0.5079208403186242,4,0.631578947368421,2.442292685786557,0.1834762482505483,0.3,ok,,,
lorenz63,baseline,Baseline,32,0.16,0.0,3,1,,,0,0.4,0.9111712827736356,0.2092957358691,1.0,ok,,,
lorenz63,linear_interp,Linear interpolation,32,0.16,0.0,3,5,,,0,0.4285714285714285,2.543648487703194,0.1209407281954215,1.0,ok,,,
lorenz63,smoothing_spline_cv,Tuned smoothing spline,32,0.16,0.0,3,5,0.0001,0.5079208403186242,4,0.631578947368421,2.442292685786557,0.1834762482505483,0.3,ok,,,
lorenz63,baseline,Baseline,32,0.16,0.0,4,1,,,0,0.4,0.9111712827736356,0.2092957358691,1.0,ok,,,
lorenz63,linear_interp,Linear interpolation,32,0.16,0.0,4,5,,,0,0.4285714285714285,2.543648487703194,0.1209407281954215,1.0,ok,,,
lorenz63,smoothing_spline_cv,Tuned smoothing spline,32,0.16,0.0,4,5,0.0001,0.5079208403186242,4,0.631578947368421,2.442292685786557,0.1834762482505483,0.3,ok,,,
lorenz63,baseline,Baseline,32,0.16,0.0,5,1,,,0,0.4,0.9111712827736356,0.2092957358691,1.0,ok,,,
lorenz63,linear_interp,Linear interpolation,32,0.16,0.0,5,5,,,0,0.4285714285714285,2.543648487703194,0.1209407281954215,1.0,ok,,,
lorenz63,smoothing_spline_cv,Tuned smoothing spline,32,0.16,0.0,5,5,0.0001,0.5079208403186242,4,0.631578947368421,2.442292685786557,0.1834762482505483,0.3,ok,,,
lorenz63,baseline,Baseline,32,0.16,0.0,6,1,,,0,0.4,0.9111712827736356,0.2092957358691,1.0,ok,,,
lorenz63,linear_interp,Linear interpolation,32,0.16,0.0,6,5,,,0,0.4285714285714285,2.543648487703194,0.1209407281954215,1.0,ok,,,
lorenz63,smoothing_spline_cv,Tuned smoothing spline,32,0.16,0.0,6,5,0.0001,0.5079208403186242,4,0.631578947368421,2.442292685786557,0.1834762482505483,0.3,ok,,,
lorenz63,baseline,Baseline,32,0.16,0.0,7,1,,,0,0.4,0.9111712827736356,0.2092957358691,1.0,ok,,,
lorenz63,linear_interp,Linear interpolation,32,0.16,0.0,7,5,,,0,0.4285714285714285,2.543648487703194,0.1209407281954215,1.0,ok,,,
lorenz63,smoothing_spline_cv,Tuned smoothing spline,32,0.16,0.0,7,5,0.0001,0.5079208403186242,4,0.631578947368421,2.442292685786557,0.1834762482505483,0.3,ok,,,
lorenz63,baseline,Baseline,32,0.16,0.0,8,1,,,0,0.4,0.9111712827736356,0.2092957358691,1.0,ok,,,
lorenz63,linear_interp,Linear interpolation,32,0.16,0.0,8,5,,,0,0.4285714285714285,2.543648487703194,0.1209407281954215,1.0,ok,,,
lorenz63,smoothing_spline_cv,Tuned smoothing spline,32,0.16,0.0,8,5,0.0001,0.5079208403186242,4,0.631578947368421,2.442292685786557,0.1834762482505483,0.3,ok,,,
lorenz63,baseline,Baseline,32,0.16,0.0,9,1,,,0,0.4,0.9111712827736356,0.2092957358691,1.0,ok,,,
lorenz63,linear_interp,Linear interpolation,32,0.16,0.0,9,5,,,0,0.4285714285714285,2.543648487703194,0.1209407281954215,1.0,ok,,,
lorenz63,smoothing_spline_cv,Tuned smoothing spline,32,0.16,0.0,9,5,0.0001,0.5079208403186242,4,0.631578947368421,2.442292685786557,0.1834762482505483,0.3,ok,,,
lorenz63,baseline,Baseline,32,0.16,0.01,0,1,,,0,0.4,0.9112042304974364,0.2092921277679939,1.0,ok,,,
lorenz63,linear_interp,Linear interpolation,32,0.16,0.01,0,5,,,0,0.6,3.5135760981748,0.1329322884890825,0.3,ok,,,
lorenz63,smoothing_spline_cv,Tuned smoothing spline,32,0.16,0.01,0,5,1e-08,0.5085734236272582,4,0.6666666666666666,2.4232989783103247,0.1947439212556656,0.3,ok,,,
lorenz63,baseline,Baseline,32,0.16,0.01,1,1,,,0,0.6666666666666666,1.1958693673033538,0.3036003309638447,0.3,ok,,,
lorenz63,linear_interp,Linear interpolation,32,0.16,0.01,1,5,,,0,0.6,3.5118961850541237,0.1329817831331158,0.3,ok,,,
lorenz63,smoothing_spline_cv,Tuned smoothing spline,32,0.16,0.01,1,5,0.003,0.5105669387588253,4,0.6666666666666666,1.975081747856716,0.2240834784277578,0.3,ok,,,
lorenz63,baseline,Baseline,32,0.16,0.01,2,1,,,0,0.4,0.9111363420973642,0.2092995623541032,1.0,ok,,,
lorenz63,linear_interp,Linear interpolation,32,0.16,0.01,2,5,,,0,0.4285714285714285,2.533798245127149,0.1212778429448815,1.0,ok,,,
lorenz63,smoothing_spline_cv,Tuned smoothing spline,32,0.16,0.01,2,5,0.003,0.5057221870555743,4,0.631578947368421,2.2298692920357635,0.195543190842358,0.3,ok,,,
lorenz63,baseline,Baseline,32,0.16,0.01,3,1,,,0,0.5454545454545454,0.9804091051083064,0.2754251856586546,1.0,ok,,,
lorenz63,linear_interp,Linear interpolation,32,0.16,0.01,3,5,,,0,0.6666666666666666,1.2518667896706464,0.2960506677058691,1.0,ok,,,
lorenz63,smoothing_spline_cv,Tuned smoothing spline,32,0.16,0.01,3,5,1e-08,0.5092316274193185,4,0.6666666666666666,2.397164211078297,0.1962421081950169,0.3,ok,,,
lorenz63,baseline,Baseline,32,0.16,0.01,4,1,,,0,0.7272727272727273,1.176033395996019,0.3342194695223592,1.0,ok,,,
lorenz63,linear_interp,Linear interpolation,32,0.16,0.01,4,5,,,0,0.5833333333333334,3.221817280021344,0.1381711463671834,0.3,ok,,,
lorenz63,smoothing_spline_cv,Tuned smoothing spline,32,0.16,0.01,4,5,0.0001,0.507122345421106,4,0.6666666666666666,2.41519015362286,0.1952063096573001,0.3,ok,,,
lorenz63,baseline,Baseline,32,0.16,0.01,5,1,,,0,0.6666666666666666,1.1966479103665406,0.3034927279517563,0.3,ok,,,
lorenz63,linear_interp,Linear interpolation,32,0.16,0.01,5,5,,,0,0.5714285714285714,1.257791746911905,0.2530917974211496,1.0,ok,,,
lorenz63,smoothing_spline_cv,Tuned smoothing spline,32,0.16,0.01,5,5,0.0001,0.5095483268502381,4,0.4285714285714285,1915.1163817101155,0.0002236667003436,1.0,ok,,,
lorenz63,baseline,Baseline,32,0.16,0.01,6,1,,,0,0.5454545454545454,0.979219873987574,0.2755906772275923,1.0,ok,,,
lorenz63,linear_interp,Linear interpolation,32,0.16,0.01,6,5,,,0,0.5882352941176471,2.516694015103128,0.1672693989273323,0.3,ok,,,
lorenz63,smoothing_spline_cv,Tuned smoothing spline,32,0.16,0.01,6,5,0.003,0.510355483800892,4,0.6666666666666666,2.2045524477541285,0.2080373710637477,0.3,ok,,,
lorenz63,baseline,Baseline,32,0.16,0.01,7,1,,,0,0.4,0.9111175232376404,0.2093016233362544,1.0,ok,,,
lorenz63,linear_interp,Linear interpolation,32,0.16,0.01,7,5,,,0,0.6666666666666666,2.5434393696938984,0.1881411242332776,1.0,ok,,,
lorenz63,smoothing_spline_cv,Tuned smoothing spline,32,0.16,0.01,7,5,1e-08,0.5083536484366348,4,0.631578947368421,2.4198572149847104,0.1846799172202412,0.3,ok,,,
lorenz63,baseline,Baseline,32,0.16,0.01,8,1,,,0,0.6,1.2893917227629372,0.2620783477263095,0.3,ok,,,
lorenz63,linear_interp,Linear interpolation,32,0.16,0.01,8,5,,,0,0.3076923076923077,1.2399068026896771,0.1373683527023674,1.0,ok,,,
lorenz63,smoothing_spline_cv,Tuned smoothing spline,32,0.16,0.01,8,5,0.0001,0.5073247397633452,4,0.6666666666666666,2.4521419650998517,0.1931168165754688,0.3,ok,,,
lorenz63,baseline,Baseline,32,0.16,0.01,9,1,,,0,0.6666666666666666,2.134592614758955,0.2126804815170319,0.3,ok,,,
lorenz63,linear_interp,Linear interpolation,32,0.16,0.01,9,5,,,0,0.5882352941176471,2.524424855298653,0.1669024928232726,0.3,ok,,,
lorenz63,smoothing_spline_cv,Tuned smoothing spline,32,0.16,0.01,9,5,0.0001,0.5112184950250975,4,0.5,1.5447754923123402,0.1964809868338008,0.1,ok,,,
lorenz63,baseline,Baseline,32,0.16,0.03,0,1,,,0,0.6666666666666666,1.1919187492669543,0.3041475268595702,1.0,ok,,,
lorenz63,linear_interp,Linear interpolation,32,0.16,0.03,0,5,,,0,0.5714285714285714,1.2532031830254502,0.2536072093868141,1.0,ok,,,
lorenz63,smoothing_spline_cv,Tuned smoothing spline,32,0.16,0.03,0,5,3e-06,0.5050224062431135,4,0.6,2.29844059950096,0.1819041398201251,0.3,ok,,,
lorenz63,baseline,Baseline,32,0.16,0.03,1,1,,,0,0.6666666666666666,1.1900384294389534,0.3044086613756153,1.0,ok,,,
lorenz63,linear_interp,Linear interpolation,32,0.16,0.03,1,5,,,0,0.6666666666666666,2.525412578576032,0.1891031621995129,1.0,ok,,,
lorenz63,smoothing_spline_cv,Tuned smoothing spline,32,0.16,0.03,1,5,0.003,0.5052882876863899,4,0.6,1.5523561402643942,0.235076912087138,0.3,ok,,,
lorenz63,baseline,Baseline,32,0.16,0.03,2,1,,,0,0.6666666666666666,1.190532440199232,0.3043400108724399,1.0,ok,,,
lorenz63,linear_interp,Linear interpolation,32,0.16,0.03,2,5,,,0,0.6666666666666666,1.2527162051868668,0.2959390380073931,1.0,ok,,,
lorenz63,smoothing_spline_cv,Tuned smoothing spline,32,0.16,0.03,2,5,0.0001,0.4898227163647893,4,0.5555555555555556,2.4844109214560866,0.159440309446452,0.3,ok,,,
lorenz63,baseline,Baseline,32,0.16,0.03,3,1,,,0,0.6666666666666666,1.1845438623119275,0.3051743103757714,1.0,ok,,,
lorenz63,linear_interp,Linear interpolation,32,0.16,0.03,3,5,,,0,0.6666666666666666,1.2482264012692876,0.2965300408759032,1.0,ok,,,
lorenz63,smoothing_spline_cv,Tuned smoothing spline,32,0.16,0.03,3,5,0.003,0.5072481754435534,4,0.631578947368421,1.924028394448937,0.2159961745130209,0.3,ok,,,
lorenz63,baseline,Baseline,32,0.16,0.03,4,1,,,0,0.6666666666666666,1.194405085549454,0.3038029172721047,1.0,ok,,,
lorenz63,linear_interp,Linear interpolation,32,0.16,0.03,4,5,,,0,0.6666666666666666,2.382669697029165,0.1970829925405272,1.0,ok,,,
lorenz63,smoothing_spline_cv,Tuned smoothing spline,32,0.16,0.03,4,5,0.0003,0.5082748018566448,4,0.7368421052631579,0.4182099554190928,0.5195578429326531,0.3,ok,,,
lorenz63,baseline,Baseline,32,0.16,0.03,5,1,,,0,0.5333333333333333,1.193624734897221,0.2431287926548302,1.0,ok,,,
lorenz63,linear_interp,Linear interpolation,32,0.16,0.03,5,5,,,0,0.6666666666666666,1.2546047034811074,0.2956911540357091,0.3,ok,,,
lorenz63,smoothing_spline_cv,Tuned smoothing spline,32,0.16,0.03,5,5,0.0001,0.5028476371619091,4,0.631578947368421,2.50617468490203,0.1801333373628156,0.3,ok,,,
lorenz63,baseline,Baseline,32,0.16,0.03,6,1,,,0,0.4,0.9098115258289576,0.2094447512700915,1.0,ok,,,
lorenz63,linear_interp,Linear interpolation,32,0.16,0.03,6,5,,,0,0.5714285714285714,1.2616300886474383,0.2526622608608434,1.0,ok,,,
lorenz63,smoothing_spline_cv,Tuned smoothing spline,32,0.16,0.03,6,5,0.0001,0.5058572679608353,4,0.631578947368421,2.3871077386677424,0.1864655618001809,0.3,ok,,,
lorenz63,baseline,Baseline,32,0.16,0.03,7,1,,,0,0.6666666666666666,1.1824952868651872,0.3054607589206889,1.0,ok,,,
lorenz63,linear_interp,Linear interpolation,32,0.16,0.03,7,5,,,0,0.5714285714285714,1.249253413135983,0.2540525527676612,1.0,ok,,,
lorenz63,smoothing_spline_cv,Tuned smoothing spline,32,0.16,0.03,7,5,0.003,0.5079294397997418,4,0.6666666666666666,1.2911228943193729,0.2909781349222274,1.0,ok,,,
lorenz63,baseline,Baseline,32,0.16,0.03,8,1,,,0,0.6153846153846154,1.192445321787454,0.2806841334966135,1.0,ok,,,
lorenz63,linear_interp,Linear interpolation,32,0.16,0.03,8,5,,,0,0.6153846153846154,1.2497217037223494,0.2735381066762218,1.0,ok,,,
lorenz63,smoothing_spline_cv,Tuned smoothing spline,32,0.16,0.03,8,5,3e-06,0.515381201810245,4,0.5333333333333333,1.316461296849856,0.2302362375139229,1.0,ok,,,
lorenz63,baseline,Baseline,32,0.16,0.03,9,1,,,0,0.7272727272727273,1.1795470242777637,0.3336806773020754,1.0,ok,,,
lorenz63,linear_interp,Linear interpolation,32,0.16,0.03,9,5,,,0,0.5,1.3263082950286316,0.2149328191231188,1.0,ok,,,
lorenz63,smoothing_spline_cv,Tuned smoothing spline,32,0.16,0.03,9,5,0.003,0.5039544634694864,4,0.6363636363636364,1.8113246725234209,0.226357219634985,0.3,ok,,,
lorenz63,baseline,Baseline,32,0.16,0.05,0,1,,,0,0.6666666666666666,1.1826397387138985,0.3054405428627879,1.0,ok,,,
lorenz63,linear_interp,Linear interpolation,32,0.16,0.05,0,5,,,0,0.6666666666666666,2.5550090966004704,0.187528821601097,1.0,ok,,,
lorenz63,smoothing_spline_cv,Tuned smoothing spline,32,0.16,0.05,0,5,3e-06,0.4882296333311964,4,0.7,1.0988242864102684,0.3335200590790034,0.3,ok,,,
lorenz63,baseline,Baseline,32,0.16,0.05,1,1,,,0,0.6666666666666666,1.1914304547635852,0.3042152970072634,1.0,ok,,,
lorenz63,linear_interp,Linear interpolation,32,0.16,0.05,1,5,,,0,0.6,2.680030000340302,0.1630421490978379,0.3,ok,,,
lorenz63,smoothing_spline_cv,Tuned smoothing spline,32,0.16,0.05,1,5,0.0003,0.5121913563175899,4,0.7,1.2601245616656938,0.3097174429554916,0.3,ok,,,
lorenz63,baseline,Baseline,32,0.16,0.05,2,1,,,0,0.5555555555555556,1.307024483917842,0.2408104289435621,0.3,ok,,,
lorenz63,linear_interp,Linear interpolation,32,0.16,0.05,2,5,,,0,0.7368421052631579,1.3020912653924577,0.3200751057702058,0.3,ok,,,
lorenz63,smoothing_spline_cv,Tuned smoothing spline,32,0.16,0.05,2,5,3e-05,0.5096631853884412,4,0.5185185185185185,0.8893184724334073,0.2744473872902307,0.1,ok,,,
lorenz63,baseline,Baseline,32,0.16,0.05,3,1,,,0,0.6666666666666666,1.1756495656044328,0.306421896800947,1.0,ok,,,
lorenz63,linear_interp,Linear interpolation,32,0.16,0.05,3,5,,,0,0.7368421052631579,2.629049398991976,0.2030399766583026,0.3,ok,,,
lorenz63,smoothing_spline_cv,Tuned smoothing spline,32,0.16,0.05,3,5,3e-05,0.5302286751101738,4,0.6666666666666666,2.74847512904686,0.1778500973637732,1.0,ok,,,
lorenz63,baseline,Baseline,32,0.16,0.05,4,1,,,0,0.5333333333333333,1.1885501192186028,0.243692538110004,1.0,ok,,,
lorenz63,linear_interp,Linear interpolation,32,0.16,0.05,4,5,,,0,0.6666666666666666,2.524442438991057,0.1891552148195995,1.0,ok,,,
lorenz63,smoothing_spline_cv,Tuned smoothing spline,32,0.16,0.05,4,5,0.0003,0.4992035381404724,4,0.5454545454545454,0.9929539539267336,0.2736914941661506,1.0,ok,,,
lorenz63,baseline,Baseline,32,0.16,0.05,5,1,,,0,0.7058823529411765,1.1847644636814922,0.3230931135485936,0.3,ok,,,
lorenz63,linear_interp,Linear interpolation,32,0.16,0.05,5,5,,,0,0.6666666666666666,2.3120545299592927,0.2012849307390058,0.3,ok,,,
lorenz63,smoothing_spline_cv,Tuned smoothing spline,32,0.16,0.05,5,5,0.0001,0.4884861068421681,4,0.6666666666666666,1.2903694700090194,0.2910738531037271,1.0,ok,,,
lorenz63,baseline,Baseline,32,0.16,0.05,6,1,,,0,0.6666666666666666,1.1699403296953026,0.3072281101666414,1.0,ok,,,
lorenz63,linear_interp,Linear interpolation,32,0.16,0.05,6,5,,,0,0.5714285714285714,1.251506783714189,0.2537982899105089,1.0,ok,,,
lorenz63,smoothing_spline_cv,Tuned smoothing spline,32,0.16,0.05,6,5,1e-05,0.4736440557159512,4,0.7058823529411765,2.3845355687875243,0.2085610680091188,0.3,ok,,,
lorenz63,baseline,Baseline,32,0.16,0.05,7,1,,,0,0.631578947368421,1.994445633279632,0.210916818909379,0.3,ok,,,
lorenz63,linear_interp,Linear interpolation,32,0.16,0.05,7,5,,,0,0.6153846153846154,1.2600855465199765,0.2722837709980356,1.0,ok,,,
lorenz63,smoothing_spline_cv,Tuned smoothing spline,32,0.16,0.05,7,5,3e-06,0.5045565197071902,4,0.5384615384615384,1.8136753282308031,0.1913730177248684,0.1,ok,,,
lorenz63,baseline,Baseline,32,0.16,0.05,8,1,,,0,0.7272727272727273,1.174668015794441,0.3344293115043782,1.0,ok,,,
lorenz63,linear_interp,Linear interpolation,32,0.16,0.05,8,5,,,0,0.6666666666666666,1.2447143118626889,0.2969939930188529,1.0,ok,,,
lorenz63,smoothing_spline_cv,Tuned smoothing spline,32,0.16,0.05,8,5,0.003,0.5165850909933811,4,0.7058823529411765,2.294653501774841,0.2142508620590648,0.3,ok,,,
lorenz63,baseline,Baseline,32,0.16,0.05,9,1,,,0,0.6153846153846154,1.182955367052888,0.2819043507130515,1.0,ok,,,
lorenz63,linear_interp,Linear interpolation,32,0.16,0.05,9,5,,,0,0.6153846153846154,1.2465531144483617,0.2739239110025326,1.0,ok,,,
lorenz63,smoothing_spline_cv,Tuned smoothing spline,32,0.16,0.05,9,5,0.001,0.5137484044926747,4,0.6153846153846154,1.3035914529911656,0.2671413868051782,1.0,ok,,,
lorenz63,baseline,Baseline,32,0.16,0.1,0,1,,,0,0.4705882352941176,1.9391614666181995,0.1601096913656726,0.3,ok,,,
lorenz63,linear_interp,Linear interpolation,32,0.16,0.1,0,5,,,0,0.7368421052631579,1.3277647816155178,0.3165449151403407,0.3,ok,,,
lorenz63,smoothing_spline_cv,Tuned smoothing spline,32,0.16,0.1,0,5,1e-05,0.5522595805378762,4,0.2222222222222222,241889284597.0904,9.186939495540457e-13,0.0,ok,,,
lorenz63,baseline,Baseline,32,0.16,0.1,1,1,,,0,0.6,0.9712932333974028,0.3043687209162367,1.0,ok,,,
lorenz63,linear_interp,Linear interpolation,32,0.16,0.1,1,5,,,0,0.6666666666666666,1.2385281119567704,0.2978147395629137,1.0,ok,,,
lorenz63,smoothing_spline_cv,Tuned smoothing spline,32,0.16,0.1,1,5,1e-05,0.5219068293977911,4,0.5263157894736842,1.2276514933107674,0.2362648695516847,0.3,ok,,,
lorenz63,baseline,Baseline,32,0.16,0.1,2,1,,,0,0.5,1.2244255855619712,0.2247771304400284,1.0,ok,,,
lorenz63,linear_interp,Linear interpolation,32,0.16,0.1,2,5,,,0,0.6363636363636364,2.425806757020676,0.1857558471619874,0.3,ok,,,
lorenz63,smoothing_spline_cv,Tuned smoothing spline,32,0.16,0.1,2,5,0.0001,0.493850112545883,4,0.4285714285714285,1.120601066995667,0.202099034675391,0.1,ok,,,
lorenz63,baseline,Baseline,32,0.16,0.1,3,1,,,0,0.6666666666666666,1.7744150073458833,0.2402908955226661,0.3,ok,,,
lorenz63,linear_interp,Linear interpolation,32,0.16,0.1,3,5,,,0,0.5,0.9609667752371872,0.2549762730883204,1.0,ok,,,
lorenz63,smoothing_spline_cv,Tuned smoothing spline,32,0.16,0.1,3,5,3e-06,0.4670553024764177,4,0.5714285714285714,1.2855116676718257,0.2500221633130696,1.0,ok,,,
lorenz63,baseline,Baseline,32,0.16,0.1,4,1,,,0,0.6666666666666666,1.1857337522864415,0.3050081767595359,1.0,ok,,,
lorenz63,linear_interp,Linear interpolation,32,0.16,0.1,4,5,,,0,0.6666666666666666,1.241607549994852,0.2974056126230471,1.0,ok,,,
lorenz63,smoothing_spline_cv,Tuned smoothing spline,32,0.16,0.1,4,5,1e-05,0.5273685720316069,4,0.5185185185185185,1.2881218394770302,0.2266131591301232,0.3,ok,,,
lorenz63,baseline,Baseline,32,0.16,0.1,5,1,,,0,0.6666666666666666,1.1744626671980736,0.3065891526782139,1.0,ok,,,
lorenz63,linear_interp,Linear interpolation,32,0.16,0.1,5,5,,,0,0.7777777777777778,0.5127410436238943,0.5141513024030523,0.3,ok,,,
lorenz63,smoothing_spline_cv,Tuned smoothing spline,32,0.16,0.1,5,5,3e-08,0.4972983165683316,4,0.5882352941176471,2.832290012392052,0.153494462114176,0.3,ok,,,
lorenz63,baseline,Baseline,32,0.16,0.1,6,1,,,0,0.6153846153846154,1.1921188735907433,0.2807259327030019,1.0,ok,,,
lorenz63,linear_interp,Linear interpolation,32,0.16,0.1,6,5,,,0,0.7777777777777778,0.4445361716047064,0.538427346484346,0.3,ok,,,
lorenz63,smoothing_spline_cv,Tuned smoothing spline,32,0.16,0.1,6,5,3e-07,0.5490093043022521,4,0.631578947368421,1.5607854970785695,0.2466348501617755,0.3,ok,,,
lorenz63,baseline,Baseline,32,0.16,0.1,7,1,,,0,0.6153846153846154,1.16846965472243,0.2837875153311224,1.0,ok,,,
lorenz63,linear_interp,Linear interpolation,32,0.16,0.1,7,5,,,0,0.6153846153846154,1.2209888611436766,0.2770768580386887,1.0,ok,,,
lorenz63,smoothing_spline_cv,Tuned smoothing spline,32,0.16,0.1,7,5,0.0003,0.5052364014378382,4,0.4137931034482758,1.4004287442011525,0.1723829980156247,0.1,ok,,,
lorenz63,baseline,Baseline,32,0.16,0.1,8,1,,,0,0.6666666666666666,1.1961160820684218,0.3035662240762627,1.0,ok,,,
lorenz63,linear_interp,Linear interpolation,32,0.16,0.1,8,5,,,0,0.6666666666666666,2.377333081065648,0.1973944087434555,0.3,ok,,,
lorenz63,smoothing_spline_cv,Tuned smoothing spline,32,0.16,0.1,8,5,0.0001,0.5456939858840628,4,0.5714285714285714,1.3152857578609949,0.2468069306298038,1.0,ok,,,
lorenz63,baseline,Baseline,32,0.16,0.1,9,1,,,0,0.5,1.1619050328612155,0.2312775040531106,1.0,ok,,,
lorenz63,linear_interp,Linear interpolation,32,0.16,0.1,9,5,,,0,0.6666666666666666,2.2985122735828,0.2021113190955455,0.3,ok,,,
lorenz63,smoothing_spline_cv,Tuned smoothing spline,32,0.16,0.1,9,5,0.003,0.5628587870438682,4,0.7058823529411765,2.2086351555152475,0.2199945829702239,0.3,ok,,,
lorenz63,baseline,Baseline,64,0.32,0.0,0,1,,,0,0.6666666666666666,1.0275093730742937,0.3288106459679672,1.0,ok,,,
lorenz63,linear_interp,Linear interpolation,64,0.32,0.0,0,5,,,0,0.6666666666666666,1.04070893582556,0.3266838572434484,1.0,ok,,,
lorenz63,smoothing_spline_cv,Tuned smoothing spline,64,0.32,0.0,0,5,10.0,1.1937893628172187,4,0.5555555555555556,1.0487621944275003,0.2711664423848851,0.03,ok,,,
lorenz63,baseline,Baseline,64,0.32,0.0,1,1,,,0,0.6666666666666666,1.0275093730742937,0.3288106459679672,1.0,ok,,,
lorenz63,linear_interp,Linear interpolation,64,0.32,0.0,1,5,,,0,0.6666666666666666,1.04070893582556,0.3266838572434484,1.0,ok,,,
lorenz63,smoothing_spline_cv,Tuned smoothing spline,64,0.32,0.0,1,5,10.0,1.1937893628172187,4,0.5555555555555556,1.0487621944275003,0.2711664423848851,0.03,ok,,,
lorenz63,baseline,Baseline,64,0.32,0.0,2,1,,,0,0.6666666666666666,1.0275093730742937,0.3288106459679672,1.0,ok,,,
lorenz63,linear_interp,Linear interpolation,64,0.32,0.0,2,5,,,0,0.6666666666666666,1.04070893582556,0.3266838572434484,1.0,ok,,,
lorenz63,smoothing_spline_cv,Tuned smoothing spline,64,0.32,0.0,2,5,10.0,1.1937893628172187,4,0.5555555555555556,1.0487621944275003,0.2711664423848851,0.03,ok,,,
lorenz63,baseline,Baseline,64,0.32,0.0,3,1,,,0,0.6666666666666666,1.0275093730742937,0.3288106459679672,1.0,ok,,,
lorenz63,linear_interp,Linear interpolation,64,0.32,0.0,3,5,,,0,0.6666666666666666,1.04070893582556,0.3266838572434484,1.0,ok,,,
lorenz63,smoothing_spline_cv,Tuned smoothing spline,64,0.32,0.0,3,5,10.0,1.1937893628172187,4,0.5555555555555556,1.0487621944275003,0.2711664423848851,0.03,ok,,,
lorenz63,baseline,Baseline,64,0.32,0.0,4,1,,,0,0.6666666666666666,1.0275093730742937,0.3288106459679672,1.0,ok,,,
lorenz63,linear_interp,Linear interpolation,64,0.32,0.0,4,5,,,0,0.6666666666666666,1.04070893582556,0.3266838572434484,1.0,ok,,,
lorenz63,smoothing_spline_cv,Tuned smoothing spline,64,0.32,0.0,4,5,10.0,1.1937893628172187,4,0.5555555555555556,1.0487621944275003,0.2711664423848851,0.03,ok,,,
lorenz63,baseline,Baseline,64,0.32,0.0,5,1,,,0,0.6666666666666666,1.0275093730742937,0.3288106459679672,1.0,ok,,,
lorenz63,linear_interp,Linear interpolation,64,0.32,0.0,5,5,,,0,0.6666666666666666,1.04070893582556,0.3266838572434484,1.0,ok,,,
lorenz63,smoothing_spline_cv,Tuned smoothing spline,64,0.32,0.0,5,5,10.0,1.1937893628172187,4,0.5555555555555556,1.0487621944275003,0.2711664423848851,0.03,ok,,,
lorenz63,baseline,Baseline,64,0.32,0.0,6,1,,,0,0.6666666666666666,1.0275093730742937,0.3288106459679672,1.0,ok,,,
lorenz63,linear_interp,Linear interpolation,64,0.32,0.0,6,5,,,0,0.6666666666666666,1.04070893582556,0.3266838572434484,1.0,ok,,,
lorenz63,smoothing_spline_cv,Tuned smoothing spline,64,0.32,0.0,6,5,10.0,1.1937893628172187,4,0.5555555555555556,1.0487621944275003,0.2711664423848851,0.03,ok,,,
lorenz63,baseline,Baseline,64,0.32,0.0,7,1,,,0,0.6666666666666666,1.0275093730742937,0.3288106459679672,1.0,ok,,,
lorenz63,linear_interp,Linear interpolation,64,0.32,0.0,7,5,,,0,0.6666666666666666,1.04070893582556,0.3266838572434484,1.0,ok,,,
lorenz63,smoothing_spline_cv,Tuned smoothing spline,64,0.32,0.0,7,5,10.0,1.1937893628172187,4,0.5555555555555556,1.0487621944275003,0.2711664423848851,0.03,ok,,,
lorenz63,baseline,Baseline,64,0.32,0.0,8,1,,,0,0.6666666666666666,1.0275093730742937,0.3288106459679672,1.0,ok,,,
lorenz63,linear_interp,Linear interpolation,64,0.32,0.0,8,5,,,0,0.6666666666666666,1.04070893582556,0.3266838572434484,1.0,ok,,,
lorenz63,smoothing_spline_cv,Tuned smoothing spline,64,0.32,0.0,8,5,10.0,1.1937893628172187,4,0.5555555555555556,1.0487621944275003,0.2711664423848851,0.03,ok,,,
lorenz63,baseline,Baseline,64,0.32,0.0,9,1,,,0,0.6666666666666666,1.0275093730742937,0.3288106459679672,1.0,ok,,,
lorenz63,linear_interp,Linear interpolation,64,0.32,0.0,9,5,,,0,0.6666666666666666,1.04070893582556,0.3266838572434484,1.0,ok,,,
lorenz63,smoothing_spline_cv,Tuned smoothing spline,64,0.32,0.0,9,5,10.0,1.1937893628172187,4,0.5555555555555556,1.0487621944275003,0.2711664423848851,0.03,ok,,,
lorenz63,baseline,Baseline,64,0.32,0.01,0,1,,,0,0.6363636363636364,1.527315973819866,0.2517942524621549,0.1,ok,,,
lorenz63,linear_interp,Linear interpolation,64,0.32,0.01,0,5,,,0,0.6666666666666666,1.039741975675721,0.3268387250038402,1.0,ok,,,
lorenz63,smoothing_spline_cv,Tuned smoothing spline,64,0.32,0.01,0,5,10.0,1.1925567601775933,4,0.5555555555555556,1.0571364696397014,0.2700625669491236,0.03,ok,,,
lorenz63,baseline,Baseline,64,0.32,0.01,1,1,,,0,0.4761904761904761,1.2860135568805136,0.2083060595844777,0.3,ok,,,
lorenz63,linear_interp,Linear interpolation,64,0.32,0.01,1,5,,,0,0.6666666666666666,1.040640268540446,0.3266948501136338,1.0,ok,,,
lorenz63,smoothing_spline_cv,Tuned smoothing spline,64,0.32,0.01,1,5,10.0,1.1944039613829034,4,0.5555555555555556,1.0578648735186424,0.2699669753367422,0.03,ok,,,
lorenz63,baseline,Baseline,64,0.32,0.01,2,1,,,0,0.5454545454545454,1.4010291190696416,0.2271753145858971,0.3,ok,,,
lorenz63,linear_interp,Linear interpolation,64,0.32,0.01,2,5,,,0,0.6666666666666666,1.0407906039813684,0.3266707840412778,1.0,ok,,,
lorenz63,smoothing_spline_cv,Tuned smoothing spline,64,0.32,0.01,2,5,10.0,1.192652966425099,4,0.5555555555555556,1.0499098250811871,0.2710146313550903,0.03,ok,,,
lorenz63,baseline,Baseline,64,0.32,0.01,3,1,,,0,0.6153846153846154,1.0280254600819991,0.3034402809517655,0.3,ok,,,
lorenz63,linear_interp,Linear interpolation,64,0.32,0.01,3,5,,,0,0.6666666666666666,1.0406929493726784,0.3266864164310482,1.0,ok,,,
lorenz63,smoothing_spline_cv,Tuned smoothing spline,64,0.32,0.01,3,5,10.0,1.1916623093816492,4,0.5555555555555556,1.0395819417266057,0.2723869750902239,0.03,ok,,,
lorenz63,baseline,Baseline,64,0.32,0.01,4,1,,,0,0.3636363636363636,1.0583099360825914,0.1766674480173001,0.3,ok,,,
lorenz63,linear_interp,Linear interpolation,64,0.32,0.01,4,5,,,0,0.6666666666666666,1.0399022791773844,0.3268130407381613,1.0,ok,,,
lorenz63,smoothing_spline_cv,Tuned smoothing spline,64,0.32,0.01,4,5,10.0,1.1931100358043587,4,0.5555555555555556,1.0571861085253398,0.2700560504726509,0.03,ok,,,
lorenz63,baseline,Baseline,64,0.32,0.01,5,1,,,0,0.6666666666666666,1.0276029525861932,0.3287954704427403,1.0,ok,,,
lorenz63,linear_interp,Linear interpolation,64,0.32,0.01,5,5,,,0,0.6666666666666666,1.0408436747058365,0.3266622891940799,1.0,ok,,,
lorenz63,smoothing_spline_cv,Tuned smoothing spline,64,0.32,0.01,5,5,10.0,1.1933052227958696,4,0.5555555555555556,1.0575287041252135,0.2700110838996812,0.03,ok,,,
lorenz63,baseline,Baseline,64,0.32,0.01,6,1,,,0,0.5714285714285714,1.0289699300608626,0.281634815263837,0.3,ok,,,
lorenz63,linear_interp,Linear interpolation,64,0.32,0.01,6,5,,,0,0.6153846153846154,1.0425831401805532,0.3012776338348797,1.0,ok,,,
lorenz63,smoothing_spline_cv,Tuned smoothing spline,64,0.32,0.01,6,5,10.0,1.1923971456083855,4,0.5555555555555556,1.044885537362994,0.2716805148282181,0.03,ok,,,
lorenz63,baseline,Baseline,64,0.32,0.01,7,1,,,0,0.6086956521739131,1.4800743975181765,0.2454344324440581,0.1,ok,,,
lorenz63,linear_interp,Linear interpolation,64,0.32,0.01,7,5,,,0,0.6666666666666666,1.040412872121614,0.3267312590385048,1.0,ok,,,
lorenz63,smoothing_spline_cv,Tuned smoothing spline,64,0.32,0.01,7,5,10.0,1.1919153665898952,4,0.5555555555555556,1.0813683373836322,0.266918423604883,0.03,ok,,,
lorenz63,baseline,Baseline,64,0.32,0.01,8,1,,,0,0.5714285714285714,1.0287656759108583,0.2816631699824161,0.3,ok,,,
lorenz63,linear_interp,Linear interpolation,64,0.32,0.01,8,5,,,0,0.6666666666666666,1.0408103688468222,0.3266676202960359,1.0,ok,,,
lorenz63,smoothing_spline_cv,Tuned smoothing spline,64,0.32,0.01,8,5,10.0,1.1912841792389932,4,0.5555555555555556,1.078014901948576,0.2673491682059669,0.03,ok,,,
lorenz63,baseline,Baseline,64,0.32,0.01,9,1,,,0,0.5714285714285714,1.0285025436645343,0.2816997066201717,0.3,ok,,,
lorenz63,linear_interp,Linear interpolation,64,0.32,0.01,9,5,,,0,0.6666666666666666,1.0399612068067468,0.3268036002068065,1.0,ok,,,
lorenz63,smoothing_spline_cv,Tuned smoothing spline,64,0.32,0.01,9,5,10.0,1.1946139653406358,4,0.5555555555555556,1.0386515494550093,0.2725112860528184,0.03,ok,,,
lorenz63,baseline,Baseline,64,0.32,0.03,0,1,,,0,0.5714285714285714,1.0296962078365128,0.2815340390460041,0.3,ok,,,
lorenz63,linear_interp,Linear interpolation,64,0.32,0.03,0,5,,,0,0.6666666666666666,1.0414498037998086,0.3265652995365259,1.0,ok,,,
lorenz63,smoothing_spline_cv,Tuned smoothing spline,64,0.32,0.03,0,5,10.0,1.1987967189917332,4,0.5555555555555556,1.0673567543438645,0.2687274725991244,0.03,ok,,,
lorenz63,baseline,Baseline,64,0.32,0.03,1,1,,,0,0.6666666666666666,1.0284738947079153,0.3286542993754728,1.0,ok,,,
lorenz63,linear_interp,Linear interpolation,64,0.32,0.03,1,5,,,0,0.6153846153846154,1.0439934183985025,0.3010697636525551,1.0,ok,,,
lorenz63,smoothing_spline_cv,Tuned smoothing spline,64,0.32,0.03,1,5,10.0,1.1985678727190106,4,0.5263157894736842,1.096366140562444,0.2510610047023925,0.03,ok,,,
lorenz63,baseline,Baseline,64,0.32,0.03,2,1,,,0,0.5714285714285714,1.0289480938006248,0.2816378463177791,0.3,ok,,,
lorenz63,linear_interp,Linear interpolation,64,0.32,0.03,2,5,,,0,0.7272727272727273,1.0397342411809354,0.3565526883794732,1.0,ok,,,
lorenz63,smoothing_spline_cv,Tuned smoothing spline,64,0.32,0.03,2,5,10.0,1.1929552224507425,4,0.5555555555555556,1.0649283069915385,0.2690435080358613,0.03,ok,,,
lorenz63,baseline,Baseline,64,0.32,0.03,3,1,,,0,0.5882352941176471,1.0087308344888533,0.2928392814099112,0.3,ok,,,
lorenz63,linear_interp,Linear interpolation,64,0.32,0.03,3,5,,,0,0.6666666666666666,1.0388538351851002,0.3269810984788629,1.0,ok,,,
lorenz63,smoothing_spline_cv,Tuned smoothing spline,64,0.32,0.03,3,5,10.0,1.1989045715621074,4,0.5555555555555556,1.0788975140893302,0.2672356630331144,0.03,ok,,,
lorenz63,baseline,Baseline,64,0.32,0.03,4,1,,,0,0.6666666666666666,1.0286465722783036,0.3286263244553022,1.0,ok,,,
lorenz63,linear_interp,Linear interpolation,64,0.32,0.03,4,5,,,0,0.6153846153846154,1.0436462367066006,0.3011209104254397,1.0,ok,,,
lorenz63,smoothing_spline_cv,Tuned smoothing spline,64,0.32,0.03,4,5,10.0,1.1897651107066345,4,0.5555555555555556,1.0848464728957867,0.266473125373067,0.03,ok,,,
lorenz63,baseline,Baseline,64,0.32,0.03,5,1,,,0,0.6666666666666666,1.0283928009433227,0.3286674387508313,1.0,ok,,,
lorenz63,linear_interp,Linear interpolation,64,0.32,0.03,5,5,,,0,0.6666666666666666,1.043086112755412,0.3263037531822706,1.0,ok,,,
lorenz63,smoothing_spline_cv,Tuned smoothing spline,64,0.32,0.03,5,5,10.0,1.1938205894518523,4,0.5,0.935774938759698,0.258294489709823,0.3,ok,,,
lorenz63,baseline,Baseline,64,0.32,0.03,6,1,,,0,0.7272727272727273,1.0278277870959496,0.3586461986075523,1.0,ok,,,
lorenz63,linear_interp,Linear interpolation,64,0.32,0.03,6,5,,,0,0.6666666666666666,1.0437289342086318,0.3262011196826411,1.0,ok,,,
lorenz63,smoothing_spline_cv,Tuned smoothing spline,64,0.32,0.03,6,5,10.0,1.183083917559568,4,0.5,0.9364502326046202,0.2582044152652844,0.3,ok,,,
lorenz63,baseline,Baseline,64,0.32,0.03,7,1,,,0,0.5714285714285714,1.029667815146069,0.2815379773795385,0.3,ok,,,
lorenz63,linear_interp,Linear interpolation,64,0.32,0.03,7,5,,,0,0.6666666666666666,1.042191854721514,0.3264466387549947,1.0,ok,,,
lorenz63,smoothing_spline_cv,Tuned smoothing spline,64,0.32,0.03,7,5,10.0,1.1959132500595682,4,0.5882352941176471,1.0788862465101712,0.2829569415378635,0.03,ok,,,
lorenz63,baseline,Baseline,64,0.32,0.03,8,1,,,0,0.5714285714285714,1.0279942663672337,0.2817703091696492,0.3,ok,,,
lorenz63,linear_interp,Linear interpolation,64,0.32,0.03,8,5,,,0,0.6666666666666666,1.0411504682636727,0.3266131904688898,1.0,ok,,,
lorenz63,smoothing_spline_cv,Tuned smoothing spline,64,0.32,0.03,8,5,10.0,1.190308927419105,4,0.5,0.939933354956849,0.2577408129626812,0.3,ok,,,
lorenz63,baseline,Baseline,64,0.32,0.03,9,1,,,0,0.5714285714285714,1.0284402667994057,0.2817083553217989,0.3,ok,,,
lorenz63,linear_interp,Linear interpolation,64,0.32,0.03,9,5,,,0,0.6666666666666666,1.0399869414898306,0.3267994775396899,1.0,ok,,,
lorenz63,smoothing_spline_cv,Tuned smoothing spline,64,0.32,0.03,9,5,10.0,1.197596830205609,4,0.5555555555555556,1.06230395284989,0.2693858753399737,0.03,ok,,,
lorenz63,baseline,Baseline,64,0.32,0.05,0,1,,,0,0.4,1.057091993004485,0.1944492523233149,1.0,ok,,,
lorenz63,linear_interp,Linear interpolation,64,0.32,0.05,0,5,,,0,0.6666666666666666,1.0394227780480976,0.3268898797456424,1.0,ok,,,
lorenz63,smoothing_spline_cv,Tuned smoothing spline,64,0.32,0.05,0,5,10.0,1.194476982381652,4,0.5555555555555556,1.0314103421390362,0.2734826854187255,0.03,ok,,,
lorenz63,baseline,Baseline,64,0.32,0.05,1,1,,,0,0.6153846153846154,1.0285895535245937,0.3033559027825068,1.0,ok,,,
lorenz63,linear_interp,Linear interpolation,64,0.32,0.05,1,5,,,0,0.6666666666666666,1.0416833341670932,0.3265279465772953,1.0,ok,,,
lorenz63,smoothing_spline_cv,Tuned smoothing spline,64,0.32,0.05,1,5,10.0,1.1816521293442313,4,0.5555555555555556,1.0093805531215656,0.2764810053986548,0.03,ok,,,
lorenz63,baseline,Baseline,64,0.32,0.05,2,1,,,0,0.6666666666666666,1.0275774502705752,0.3287996059424026,1.0,ok,,,
lorenz63,linear_interp,Linear interpolation,64,0.32,0.05,2,5,,,0,0.6666666666666666,1.0408949465665525,0.3266540827043627,1.0,ok,,,
lorenz63,smoothing_spline_cv,Tuned smoothing spline,64,0.32,0.05,2,5,10.0,1.1865609373723205,4,0.5555555555555556,1.02633442490867,0.2741677527294614,0.03,ok,,,
lorenz63,baseline,Baseline,64,0.32,0.05,3,1,,,0,0.6666666666666666,1.033882516090859,0.3277803223108512,0.3,ok,,,
lorenz63,linear_interp,Linear interpolation,64,0.32,0.05,3,5,,,0,0.6666666666666666,1.0379428630996397,0.3271272608951803,1.0,ok,,,
lorenz63,smoothing_spline_cv,Tuned smoothing spline,64,0.32,0.05,3,5,10.0,1.1995954738968737,4,0.5,0.94284299956366,0.2573548146259343,0.3,ok,,,
lorenz63,baseline,Baseline,64,0.32,0.05,4,1,,,0,0.6666666666666666,1.0277163694675011,0.3287770798248968,1.0,ok,,,
lorenz63,linear_interp,Linear interpolation,64,0.32,0.05,4,5,,,0,0.6153846153846154,1.0443367902679666,0.3010191952295455,1.0,ok,,,
lorenz63,smoothing_spline_cv,Tuned smoothing spline,64,0.32,0.05,4,5,10.0,1.198644940960036,4,0.6153846153846154,0.9510415299542764,0.3154133861000064,0.3,ok,,,
lorenz63,baseline,Baseline,64,0.32,0.05,5,1,,,0,0.6153846153846154,1.0300387433207892,0.3031393452018327,1.0,ok,,,
lorenz63,linear_interp,Linear interpolation,64,0.32,0.05,5,5,,,0,0.6666666666666666,1.044236356261361,0.326120149768744,1.0,ok,,,
lorenz63,smoothing_spline_cv,Tuned smoothing spline,64,0.32,0.05,5,5,10.0,1.209173226283166,4,0.5714285714285714,0.9511961849200364,0.2928606440730559,0.1,ok,,,
lorenz63,baseline,Baseline,64,0.32,0.05,6,1,,,0,0.5714285714285714,1.0286018390956355,0.2816859180623232,0.3,ok,,,
lorenz63,linear_interp,Linear interpolation,64,0.32,0.05,6,5,,,0,0.6666666666666666,1.041411167918748,0.3265714801327084,1.0,ok,,,
lorenz63,smoothing_spline_cv,Tuned smoothing spline,64,0.32,0.05,6,5,10.0,1.1793298568274513,4,0.6,0.9622033760594926,0.3057787012908535,0.03,ok,,,
lorenz63,baseline,Baseline,64,0.32,0.05,7,1,,,0,0.3636363636363636,1.056127312998758,0.1768549842888952,0.3,ok,,,
lorenz63,linear_interp,Linear interpolation,64,0.32,0.05,7,5,,,0,0.7272727272727273,1.038346606474112,0.3567954169142744,1.0,ok,,,
lorenz63,smoothing_spline_cv,Tuned smoothing spline,64,0.32,0.05,7,5,10.0,1.2039917909387183,4,0.5555555555555556,1.0969388508440507,0.2649364597980221,0.03,ok,,,
lorenz63,baseline,Baseline,64,0.32,0.05,8,1,,,0,0.5714285714285714,1.0300261197162042,0.2814882852386434,0.3,ok,,,
lorenz63,linear_interp,Linear interpolation,64,0.32,0.05,8,5,,,0,0.6666666666666666,1.0433173481361475,0.3262668264793914,1.0,ok,,,
lorenz63,smoothing_spline_cv,Tuned smoothing spline,64,0.32,0.05,8,5,10.0,1.1968476062077182,4,0.5555555555555556,1.0241760424767965,0.2744600982806682,0.03,ok,,,
lorenz63,baseline,Baseline,64,0.32,0.05,9,1,,,0,0.5714285714285714,1.027524565136937,0.281835584758983,0.3,ok,,,
lorenz63,linear_interp,Linear interpolation,64,0.32,0.05,9,5,,,0,0.6666666666666666,1.0392878336375595,0.3269115108079208,1.0,ok,,,
lorenz63,smoothing_spline_cv,Tuned smoothing spline,64,0.32,0.05,9,5,10.0,1.1927519902010129,4,0.5555555555555556,1.0912366570130954,0.265658864429554,0.03,ok,,,
lorenz63,baseline,Baseline,64,0.32,0.1,0,1,,,0,0.6666666666666666,1.0258580661426857,0.3290786643982549,1.0,ok,,,
lorenz63,linear_interp,Linear interpolation,64,0.32,0.1,0,5,,,0,0.7058823529411765,1.0360993069425988,0.3466836566047103,0.3,ok,,,
lorenz63,smoothing_spline_cv,Tuned smoothing spline,64,0.32,0.1,0,5,10.0,1.2012488922547917,4,0.375,1.1528237404310346,0.1741898293656489,0.003,ok,,,
lorenz63,baseline,Baseline,64,0.32,0.1,1,1,,,0,0.5,1.0516802289847715,0.2437026944727219,0.3,ok,,,
lorenz63,linear_interp,Linear interpolation,64,0.32,0.1,1,5,,,0,0.6153846153846154,1.0416186889345036,0.3014199559986283,1.0,ok,,,
lorenz63,smoothing_spline_cv,Tuned smoothing spline,64,0.32,0.1,1,5,10.0,1.1810481165355735,4,0.5714285714285714,0.9273286669084356,0.2964873512441348,0.1,ok,,,
lorenz63,baseline,Baseline,64,0.32,0.1,2,1,,,0,0.6666666666666666,1.0267030388962322,0.3289414649665407,1.0,ok,,,
lorenz63,linear_interp,Linear interpolation,64,0.32,0.1,2,5,,,0,0.7272727272727273,1.0380159185013262,0.3568533104528124,1.0,ok,,,
lorenz63,smoothing_spline_cv,Tuned smoothing spline,64,0.32,0.1,2,5,10.0,1.193689494278369,4,0.5263157894736842,1.1199328541523563,0.2482700281958358,0.03,ok,,,
lorenz63,baseline,Baseline,64,0.32,0.1,3,1,,,0,0.5714285714285714,1.025257855131605,0.2821510209086136,0.3,ok,,,
lorenz63,linear_interp,Linear interpolation,64,0.32,0.1,3,5,,,0,0.7272727272727273,1.032950426055671,0.3577424800681349,1.0,ok,,,
lorenz63,smoothing_spline_cv,Tuned smoothing spline,64,0.32,0.1,3,5,10.0,1.1927931669053708,4,0.5555555555555556,1.0454511379523843,0.2716053907362944,0.03,ok,,,
lorenz63,baseline,Baseline,64,0.32,0.1,4,1,,,0,0.6153846153846154,1.0323035382155876,0.3028015273372688,1.0,ok,,,
lorenz63,linear_interp,Linear interpolation,64,0.32,0.1,4,5,,,0,0.6153846153846154,1.048625156765505,0.3003890747667193,1.0,ok,,,
lorenz63,smoothing_spline_cv,Tuned smoothing spline,64,0.32,0.1,4,5,10.0,1.200214190499981,4,0.5555555555555556,0.94122315044217,0.2861884041662142,0.03,ok,,,
lorenz63,baseline,Baseline,64,0.32,0.1,5,1,,,0,0.6153846153846154,1.0263348602229263,0.3036934454737229,0.3,ok,,,
lorenz63,linear_interp,Linear interpolation,64,0.32,0.1,5,5,,,0,0.6666666666666666,1.0413601804510864,0.3265796369748679,1.0,ok,,,
lorenz63,smoothing_spline_cv,Tuned smoothing spline,64,0.32,0.1,5,5,10.0,1.2106625811730982,4,0.4705882352941176,0.9401403681031694,0.2425537054075118,0.1,ok,,,
lorenz63,baseline,Baseline,64,0.32,0.1,6,1,,,0,0.6153846153846154,1.0357202542373685,0.3022933107354447,1.0,ok,,,
lorenz63,linear_interp,Linear interpolation,64,0.32,0.1,6,5,,,0,0.6666666666666666,1.0551989473421837,0.3243805995175361,1.0,ok,,,
lorenz63,smoothing_spline_cv,Tuned smoothing spline,64,0.32,0.1,6,5,10.0,1.2187209683004083,4,0.5,0.951464613760493,0.2562178153138502,0.1,ok,,,
lorenz63,baseline,Baseline,64,0.32,0.1,7,1,,,0,0.6666666666666666,1.0375967677097748,0.327182824998289,0.3,ok,,,
lorenz63,linear_interp,Linear interpolation,64,0.32,0.1,7,5,,,0,0.6666666666666666,1.0432738226029157,0.3262737765697029,1.0,ok,,,
lorenz63,smoothing_spline_cv,Tuned smoothing spline,64,0.32,0.1,7,5,10.0,1.1891750938903058,4,0.5263157894736842,1.27309483855579,0.2315415004013113,0.03,ok,,,
lorenz63,baseline,Baseline,64,0.32,0.1,8,1,,,0,0.5714285714285714,1.0229049700297914,0.2824791969442618,0.3,ok,,,
lorenz63,linear_interp,Linear interpolation,64,0.32,0.1,8,5,,,0,0.6666666666666666,1.0336288203829422,0.3278212129886761,1.0,ok,,,
lorenz63,smoothing_spline_cv,Tuned smoothing spline,64,0.32,0.1,8,5,10.0,1.1992818756663195,4,0.5,0.9655604496998854,0.2543803728225928,0.1,ok,,,
lorenz63,baseline,Baseline,64,0.32,0.1,9,1,,,0,0.5333333333333333,1.029740431660803,0.2627593780042809,0.3,ok,,,
lorenz63,linear_interp,Linear interpolation,64,0.32,0.1,9,5,,,0,0.6666666666666666,1.0432228351456438,0.3262819185451917,1.0,ok,,,
lorenz63,smoothing_spline_cv,Tuned smoothing spline,64,0.32,0.1,9,5,10.0,1.210379252157333,4,0.5,0.9368378151046826,0.2581527457284677,0.3,ok,,,
vanderpol_mu2,baseline,Baseline,8,0.04,0.0,0,1,,,0,1.0,0.0071470812795428,0.9929036370035816,0.03,ok,,,
vanderpol_mu2,linear_interp,Linear interpolation,8,0.04,0.0,0,5,,,0,1.0,0.0031806766870621,0.9968294079411836,0.003,ok,,,
vanderpol_mu2,smoothing_spline_cv,Tuned smoothing spline,8,0.04,0.0,0,5,0.0,1.1807152162921551e-08,4,1.0,0.0002935904795456,0.9997064956905254,0.001,ok,,,
vanderpol_mu2,baseline,Baseline,8,0.04,0.0,1,1,,,0,1.0,0.0071470812795428,0.9929036370035816,0.03,ok,,,
vanderpol_mu2,linear_interp,Linear interpolation,8,0.04,0.0,1,5,,,0,1.0,0.0031806766870621,0.9968294079411836,0.003,ok,,,
vanderpol_mu2,smoothing_spline_cv,Tuned smoothing spline,8,0.04,0.0,1,5,0.0,1.1807152162921551e-08,4,1.0,0.0002935904795456,0.9997064956905254,0.001,ok,,,
vanderpol_mu2,baseline,Baseline,8,0.04,0.0,2,1,,,0,1.0,0.0071470812795428,0.9929036370035816,0.03,ok,,,
vanderpol_mu2,linear_interp,Linear interpolation,8,0.04,0.0,2,5,,,0,1.0,0.0031806766870621,0.9968294079411836,0.003,ok,,,
vanderpol_mu2,smoothing_spline_cv,Tuned smoothing spline,8,0.04,0.0,2,5,0.0,1.1807152162921551e-08,4,1.0,0.0002935904795456,0.9997064956905254,0.001,ok,,,
vanderpol_mu2,baseline,Baseline,8,0.04,0.0,3,1,,,0,1.0,0.0071470812795428,0.9929036370035816,0.03,ok,,,
vanderpol_mu2,linear_interp,Linear interpolation,8,0.04,0.0,3,5,,,0,1.0,0.0031806766870621,0.9968294079411836,0.003,ok,,,
vanderpol_mu2,smoothing_spline_cv,Tuned smoothing spline,8,0.04,0.0,3,5,0.0,1.1807152162921551e-08,4,1.0,0.0002935904795456,0.9997064956905254,0.001,ok,,,
vanderpol_mu2,baseline,Baseline,8,0.04,0.0,4,1,,,0,1.0,0.0071470812795428,0.9929036370035816,0.03,ok,,,
vanderpol_mu2,linear_interp,Linear interpolation,8,0.04,0.0,4,5,,,0,1.0,0.0031806766870621,0.9968294079411836,0.003,ok,,,
vanderpol_mu2,smoothing_spline_cv,Tuned smoothing spline,8,0.04,0.0,4,5,0.0,1.1807152162921551e-08,4,1.0,0.0002935904795456,0.9997064956905254,0.001,ok,,,
vanderpol_mu2,baseline,Baseline,8,0.04,0.0,5,1,,,0,1.0,0.0071470812795428,0.9929036370035816,0.03,ok,,,
vanderpol_mu2,linear_interp,Linear interpolation,8,0.04,0.0,5,5,,,0,1.0,0.0031806766870621,0.9968294079411836,0.003,ok,,,
vanderpol_mu2,smoothing_spline_cv,Tuned smoothing spline,8,0.04,0.0,5,5,0.0,1.1807152162921551e-08,4,1.0,0.0002935904795456,0.9997064956905254,0.001,ok,,,
vanderpol_mu2,baseline,Baseline,8,0.04,0.0,6,1,,,0,1.0,0.0071470812795428,0.9929036370035816,0.03,ok,,,
vanderpol_mu2,linear_interp,Linear interpolation,8,0.04,0.0,6,5,,,0,1.0,0.0031806766870621,0.9968294079411836,0.003,ok,,,
vanderpol_mu2,smoothing_spline_cv,Tuned smoothing spline,8,0.04,0.0,6,5,0.0,1.1807152162921551e-08,4,1.0,0.0002935904795456,0.9997064956905254,0.001,ok,,,
vanderpol_mu2,baseline,Baseline,8,0.04,0.0,7,1,,,0,1.0,0.0071470812795428,0.9929036370035816,0.03,ok,,,
vanderpol_mu2,linear_interp,Linear interpolation,8,0.04,0.0,7,5,,,0,1.0,0.0031806766870621,0.9968294079411836,0.003,ok,,,
vanderpol_mu2,smoothing_spline_cv,Tuned smoothing spline,8,0.04,0.0,7,5,0.0,1.1807152162921551e-08,4,1.0,0.0002935904795456,0.9997064956905254,0.001,ok,,,
vanderpol_mu2,baseline,Baseline,8,0.04,0.0,8,1,,,0,1.0,0.0071470812795428,0.9929036370035816,0.03,ok,,,
vanderpol_mu2,linear_interp,Linear interpolation,8,0.04,0.0,8,5,,,0,1.0,0.0031806766870621,0.9968294079411836,0.003,ok,,,
vanderpol_mu2,smoothing_spline_cv,Tuned smoothing spline,8,0.04,0.0,8,5,0.0,1.1807152162921551e-08,4,1.0,0.0002935904795456,0.9997064956905254,0.001,ok,,,
vanderpol_mu2,baseline,Baseline,8,0.04,0.0,9,1,,,0,1.0,0.0071470812795428,0.9929036370035816,0.03,ok,,,
vanderpol_mu2,linear_interp,Linear interpolation,8,0.04,0.0,9,5,,,0,1.0,0.0031806766870621,0.9968294079411836,0.003,ok,,,
vanderpol_mu2,smoothing_spline_cv,Tuned smoothing spline,8,0.04,0.0,9,5,0.0,1.1807152162921551e-08,4,1.0,0.0002935904795456,0.9997064956905254,0.001,ok,,,
vanderpol_mu2,baseline,Baseline,8,0.04,0.01,0,1,,,0,1.0,0.0079582156265837,0.9921046175295702,0.01,ok,,,
vanderpol_mu2,linear_interp,Linear interpolation,8,0.04,0.01,0,5,,,0,1.0,0.0037743942436767,0.9962397982402004,0.01,ok,,,
vanderpol_mu2,smoothing_spline_cv,Tuned smoothing spline,8,0.04,0.01,0,5,0.0001,0.0001358323084831,4,1.0,0.00560481061673,0.9944264281976806,0.03,ok,,,
vanderpol_mu2,baseline,Baseline,8,0.04,0.01,1,1,,,0,1.0,0.0056898567860673,0.9943423345202558,0.01,ok,,,
vanderpol_mu2,linear_interp,Linear interpolation,8,0.04,0.01,1,5,,,0,1.0,0.0019071795594826,0.9980964508505455,0.01,ok,,,
vanderpol_mu2,smoothing_spline_cv,Tuned smoothing spline,8,0.04,0.01,1,5,0.0001,0.000133621593911,4,1.0,0.0085871334318678,0.9914859776143992,0.03,ok,,,
vanderpol_mu2,baseline,Baseline,8,0.04,0.01,2,1,,,0,1.0,0.0078085006413979,0.9922519996245036,0.01,ok,,,
vanderpol_mu2,linear_interp,Linear interpolation,8,0.04,0.01,2,5,,,0,1.0,0.0037216525075272,0.9962921468335074,0.01,ok,,,
vanderpol_mu2,smoothing_spline_cv,Tuned smoothing spline,8,0.04,0.01,2,5,0.0001,0.0001334264621179,4,1.0,0.0061567754574465,0.9938808984766342,0.03,ok,,,
vanderpol_mu2,baseline,Baseline,8,0.04,0.01,3,1,,,0,1.0,0.0094693576370631,0.9906194699567415,0.01,ok,,,
vanderpol_mu2,linear_interp,Linear interpolation,8,0.04,0.01,3,5,,,0,1.0,0.0055486859794766,0.994481932046809,0.01,ok,,,
vanderpol_mu2,smoothing_spline_cv,Tuned smoothing spline,8,0.04,0.01,3,5,0.0001,0.0001278839429537,4,1.0,0.0056873648112096,0.9943447983834643,0.03,ok,,,
vanderpol_mu2,baseline,Baseline,8,0.04,0.01,4,1,,,0,1.0,0.0096742799875853,0.9904184149489236,0.01,ok,,,
vanderpol_mu2,linear_interp,Linear interpolation,8,0.04,0.01,4,5,,,0,1.0,0.0059605797858628,0.99407473820979,0.01,ok,,,
vanderpol_mu2,smoothing_spline_cv,Tuned smoothing spline,8,0.04,0.01,4,5,0.0001,0.0001360904972824,4,1.0,0.0124906825576506,0.9876634098734636,0.03,ok,,,
vanderpol_mu2,baseline,Baseline,8,0.04,0.01,5,1,,,0,1.0,0.011049455247082,0.9890713009242644,0.03,ok,,,
vanderpol_mu2,linear_interp,Linear interpolation,8,0.04,0.01,5,5,,,0,1.0,0.006730220582251,0.993314772473644,0.03,ok,,,
vanderpol_mu2,smoothing_spline_cv,Tuned smoothing spline,8,0.04,0.01,5,5,0.0001,0.0001374137234369,4,1.0,0.0059343633665538,0.994100645546402,0.03,ok,,,
vanderpol_mu2,baseline,Baseline,8,0.04,0.01,6,1,,,0,1.0,0.0110679681020944,0.98905319083259,0.03,ok,,,
vanderpol_mu2,linear_interp,Linear interpolation,8,0.04,0.01,6,5,,,0,1.0,0.0068545018939557,0.9931921624414828,0.01,ok,,,
vanderpol_mu2,smoothing_spline_cv,Tuned smoothing spline,8,0.04,0.01,6,5,0.0001,0.0001359388996899,4,1.0,0.0034484591473359,0.9965633918554558,0.03,ok,,,
vanderpol_mu2,baseline,Baseline,8,0.04,0.01,7,1,,,0,1.0,0.0071212119772179,0.9929291411078144,0.01,ok,,,
vanderpol_mu2,linear_interp,Linear interpolation,8,0.04,0.01,7,5,,,0,1.0,0.002939762930049,0.9970688539444676,0.01,ok,,,
vanderpol_mu2,smoothing_spline_cv,Tuned smoothing spline,8,0.04,0.01,7,5,0.0001,0.0001262250203999,4,1.0,0.0039432142600303,0.9960722736066931,0.03,ok,,,
vanderpol_mu2,baseline,Baseline,8,0.04,0.01,8,1,,,0,1.0,0.0102943618527947,0.9898105322156648,0.01,ok,,,
vanderpol_mu2,linear_interp,Linear interpolation,8,0.04,0.01,8,5,,,0,1.0,0.0062030212795118,0.9938352189882872,0.01,ok,,,
vanderpol_mu2,smoothing_spline_cv,Tuned smoothing spline,8,0.04,0.01,8,5,0.0001,0.0001355069359981,4,1.0,0.0032159155448736,0.9967943934151732,0.03,ok,,,
vanderpol_mu2,baseline,Baseline,8,0.04,0.01,9,1,,,0,1.0,0.0101473106381815,0.9899546229234916,0.03,ok,,,
vanderpol_mu2,linear_interp,Linear interpolation,8,0.04,0.01,9,5,,,0,1.0,0.0059489917070157,0.9940861895025904,0.01,ok,,,
vanderpol_mu2,smoothing_spline_cv,Tuned smoothing spline,8,0.04,0.01,9,5,0.0001,0.0001341235381953,4,1.0,0.0034355010319871,0.996576261226104,0.03,ok,,,
vanderpol_mu2,baseline,Baseline,8,0.04,0.03,0,1,,,0,1.0,0.0076290845349101,0.992428677722784,0.1,ok,,,
vanderpol_mu2,linear_interp,Linear interpolation,8,0.04,0.03,0,5,,,0,1.0,0.0043364798877512,0.995682243974414,0.1,ok,,,
vanderpol_mu2,smoothing_spline_cv,Tuned smoothing spline,8,0.04,0.03,0,5,0.001,0.0011867960964385,4,1.0,0.0170687284073734,0.9832177237087004,0.1,ok,,,
vanderpol_mu2,baseline,Baseline,8,0.04,0.03,1,1,,,0,1.0,0.0052290102519727,0.9947981900655036,0.03,ok,,,
vanderpol_mu2,linear_interp,Linear interpolation,8,0.04,0.03,1,5,,,0,1.0,0.0063052193741567,0.9937342873188336,0.03,ok,,,
vanderpol_mu2,smoothing_spline_cv,Tuned smoothing spline,8,0.04,0.03,1,5,0.001,0.0012494817666598,4,1.0,0.0317057666385726,0.9692685960825108,0.1,ok,,,
vanderpol_mu2,baseline,Baseline,8,0.04,0.03,2,1,,,0,1.0,0.016218948025699,0.9840399078788984,0.03,ok,,,
vanderpol_mu2,linear_interp,Linear interpolation,8,0.04,0.03,2,5,,,0,1.0,0.0099903964532754,0.990108424309421,0.1,ok,,,
vanderpol_mu2,smoothing_spline_cv,Tuned smoothing spline,8,0.04,0.03,2,5,0.001,0.0012057112049249,4,1.0,0.0158185828718758,0.9844277480855348,0.1,ok,,,
vanderpol_mu2,baseline,Baseline,8,0.04,0.03,3,1,,,0,1.0,0.0219091277134932,0.9785605910356092,0.03,ok,,,
vanderpol_mu2,linear_interp,Linear interpolation,8,0.04,0.03,3,5,,,0,1.0,0.0164424897624763,0.9838234922997772,0.03,ok,,,
vanderpol_mu2,smoothing_spline_cv,Tuned smoothing spline,8,0.04,0.03,3,5,0.001,0.0011956014833664,4,1.0,0.0037730826382,0.9962411000021206,0.1,ok,,,
vanderpol_mu2,baseline,Baseline,8,0.04,0.03,4,1,,,0,1.0,0.0186191761170003,0.9817211608091092,0.03,ok,,,
vanderpol_mu2,linear_interp,Linear interpolation,8,0.04,0.03,4,5,,,0,1.0,0.0131232597626558,0.987046729372564,0.03,ok,,,
vanderpol_mu2,smoothing_spline_cv,Tuned smoothing spline,8,0.04,0.03,4,5,0.001,0.0011856972804661,4,1.0,0.0204212202267559,0.97998746025468,0.03,ok,,,
vanderpol_mu2,baseline,Baseline,8,0.04,0.03,5,1,,,0,1.0,0.0111408718269532,0.9889818796397544,0.03,ok,,,
vanderpol_mu2,linear_interp,Linear interpolation,8,0.04,0.03,5,5,,,0,1.0,0.005208563120199,0.9948184254379694,0.03,ok,,,
vanderpol_mu2,smoothing_spline_cv,Tuned smoothing spline,8,0.04,0.03,5,5,0.001,0.0012194467639626,4,1.0,0.0236409323582994,0.976905053704882,0.03,ok,,,
vanderpol_mu2,baseline,Baseline,8,0.04,0.03,6,1,,,0,1.0,0.01609112873975,0.984163695278289,0.1,ok,,,
vanderpol_mu2,linear_interp,Linear interpolation,8,0.04,0.03,6,5,,,0,1.0,0.0118927158214362,0.9882470585710442,0.1,ok,,,
vanderpol_mu2,smoothing_spline_cv,Tuned smoothing spline,8,0.04,0.03,6,5,0.001,0.0012350679901983,4,1.0,0.0292700035805998,0.9715623660664588,0.1,ok,,,
vanderpol_mu2,baseline,Baseline,8,0.04,0.03,7,1,,,0,1.0,0.0181986402230626,0.9821266307927148,0.1,ok,,,
vanderpol_mu2,linear_interp,Linear interpolation,8,0.04,0.03,7,5,,,0,1.0,0.0119488905754258,0.9881921995402048,0.1,ok,,,
vanderpol_mu2,smoothing_spline_cv,Tuned smoothing spline,8,0.04,0.03,7,5,0.001,0.0012422364833035,4,1.0,0.0138109172388607,0.9863772257686126,0.1,ok,,,
vanderpol_mu2,baseline,Baseline,8,0.04,0.03,8,1,,,0,1.0,0.0174358372720007,0.9828629613453064,0.03,ok,,,
vanderpol_mu2,linear_interp,Linear interpolation,8,0.04,0.03,8,5,,,0,1.0,0.01174421231644,0.9883921131710248,0.03,ok,,,
vanderpol_mu2,smoothing_spline_cv,Tuned smoothing spline,8,0.04,0.03,8,5,0.001,0.0012214801466685,4,1.0,0.016756390091729,0.9835197592510656,0.1,ok,,,
vanderpol_mu2,baseline,Baseline,8,0.04,0.03,9,1,,,0,1.0,0.0122090460187315,0.9879382168468532,0.1,ok,,,
vanderpol_mu2,linear_interp,Linear interpolation,8,0.04,0.03,9,5,,,0,1.0,0.0070892883962085,0.9929606158283162,0.1,ok,,,
vanderpol_mu2,smoothing_spline_cv,Tuned smoothing spline,8,0.04,0.03,9,5,0.001,0.0012356430467808,4,1.0,0.027910399868892,0.9728474389670032,0.1,ok,,,
vanderpol_mu2,baseline,Baseline,8,0.04,0.05,0,1,,,0,1.0,0.0233296369021747,0.9772022268671918,0.1,ok,,,
vanderpol_mu2,linear_interp,Linear interpolation,8,0.04,0.05,0,5,,,0,1.0,0.0103720485673731,0.989734426459956,0.1,ok,,,
vanderpol_mu2,smoothing_spline_cv,Tuned smoothing spline,8,0.04,0.05,0,5,0.003,0.0036090867692655,4,1.0,0.0294261951276309,0.971414954013306,0.3,ok,,,
vanderpol_mu2,baseline,Baseline,8,0.04,0.05,1,1,,,0,1.0,0.0198815717139079,0.9805059996520016,0.1,ok,,,
vanderpol_mu2,linear_interp,Linear interpolation,8,0.04,0.05,1,5,,,0,1.0,0.0088751224143862,0.9912029524594216,0.1,ok,,,
vanderpol_mu2,smoothing_spline_cv,Tuned smoothing spline,8,0.04,0.05,1,5,0.003,0.0036506065162827,4,1.0,0.0365251535441367,0.9647619226419656,0.1,ok,,,
vanderpol_mu2,baseline,Baseline,8,0.04,0.05,2,1,,,0,1.0,0.0096787897290628,0.990413991234123,0.1,ok,,,
vanderpol_mu2,linear_interp,Linear interpolation,8,0.04,0.05,2,5,,,0,1.0,0.0028727497097198,0.9971354793411712,0.1,ok,,,
vanderpol_mu2,smoothing_spline_cv,Tuned smoothing spline,8,0.04,0.05,2,5,0.003,0.003534278327812,4,1.0,0.0576640367795254,0.9454798170550393,0.1,ok,,,
vanderpol_mu2,baseline,Baseline,8,0.04,0.05,3,1,,,0,1.0,0.0346358590294489,0.9665236240101523,0.03,ok,,,
vanderpol_mu2,linear_interp,Linear interpolation,8,0.04,0.05,3,5,,,0,1.0,0.0246320354134065,0.9759601158639664,0.03,ok,,,
vanderpol_mu2,smoothing_spline_cv,Tuned smoothing spline,8,0.04,0.05,3,5,0.003,0.0033986301102819,4,1.0,0.0457693733395564,0.9562337791616552,0.1,ok,,,
vanderpol_mu2,baseline,Baseline,8,0.04,0.05,4,1,,,0,1.0,0.0195259334687023,0.9808480266879824,0.03,ok,,,
vanderpol_mu2,linear_interp,Linear interpolation,8,0.04,0.05,4,5,,,0,1.0,0.0095653002725789,0.9905253278118848,0.03,ok,,,
vanderpol_mu2,smoothing_spline_cv,Tuned smoothing spline,8,0.04,0.05,4,5,0.001,0.0035793829834035,4,1.0,0.003001413566546,0.9970075679595768,0.03,ok,,,
vanderpol_mu2,baseline,Baseline,8,0.04,0.05,5,1,,,0,1.0,0.0277841261685691,0.9729669631383154,0.1,ok,,,
vanderpol_mu2,linear_interp,Linear interpolation,8,0.04,0.05,5,5,,,0,1.0,0.0222849791795429,0.9782008151998592,0.1,ok,,,
vanderpol_mu2,smoothing_spline_cv,Tuned smoothing spline,8,0.04,0.05,5,5,0.003,0.0037453596057921,4,1.0,0.0541076333559561,0.9486697262748264,0.1,ok,,,
vanderpol_mu2,baseline,Baseline,8,0.04,0.05,6,1,,,0,1.0,0.040462876983684,0.9611106961346024,0.1,ok,,,
vanderpol_mu2,linear_interp,Linear interpolation,8,0.04,0.05,6,5,,,0,1.0,0.0251595009278127,0.9754579644386632,0.1,ok,,,
vanderpol_mu2,smoothing_spline_cv,Tuned smoothing spline,8,0.04,0.05,6,5,0.003,0.0035909003155975,4,1.0,0.0108456300183625,0.9892707356135422,0.1,ok,,,
vanderpol_mu2,baseline,Baseline,8,0.04,0.05,7,1,,,0,1.0,0.0317370581393613,0.9692391991845324,0.03,ok,,,
vanderpol_mu2,linear_interp,Linear interpolation,8,0.04,0.05,7,5,,,0,1.0,0.0217941409409819,0.9786707125557488,0.03,ok,,,
vanderpol_mu2,smoothing_spline_cv,Tuned smoothing spline,8,0.04,0.05,7,5,0.003,0.0036168133827689,4,1.0,0.02843745477055,0.9723488729055532,0.1,ok,,,
vanderpol_mu2,baseline,Baseline,8,0.04,0.05,8,1,,,0,1.0,0.0207635813020528,0.9796587753693492,0.1,ok,,,
vanderpol_mu2,linear_interp,Linear interpolation,8,0.04,0.05,8,5,,,0,1.0,0.0113050621649922,0.98882131357991,0.1,ok,,,
vanderpol_mu2,smoothing_spline_cv,Tuned smoothing spline,8,0.04,0.05,8,5,0.003,0.0036061442589832,4,1.0,0.036954988417123,0.9643620129803958,0.1,ok,,,
vanderpol_mu2,baseline,Baseline,8,0.04,0.05,9,1,,,0,1.0,0.0208978398136767,0.979529940216652,0.1,ok,,,
vanderpol_mu2,linear_interp,Linear interpolation,8,0.04,0.05,9,5,,,0,1.0,0.0102412336230444,0.9898625860020422,0.1,ok,,,
vanderpol_mu2,smoothing_spline_cv,Tuned smoothing spline,8,0.04,0.05,9,5,0.003,0.0034880280429318,4,1.0,0.028241369316144,0.972534299670391,0.1,ok,,,
vanderpol_mu2,baseline,Baseline,8,0.04,0.1,0,1,,,0,1.0,0.1069540872290321,0.9033798343915388,0.1,ok,,,
vanderpol_mu2,linear_interp,Linear interpolation,8,0.04,0.1,0,5,,,0,1.0,0.0829342135699154,0.9234171267924752,0.1,ok,,,
vanderpol_mu2,smoothing_spline_cv,Tuned smoothing spline,8,0.04,0.1,0,5,0.01,0.0122062902645625,4,1.0,0.0464222347665908,0.955637186190959,0.1,ok,,,
vanderpol_mu2,baseline,Baseline,8,0.04,0.1,1,1,,,0,1.0,0.0787249515582069,0.9270203665498888,0.1,ok,,,
vanderpol_mu2,linear_interp,Linear interpolation,8,0.04,0.1,1,5,,,0,1.0,0.0505902094128195,0.9518459157913772,0.1,ok,,,
vanderpol_mu2,smoothing_spline_cv,Tuned smoothing spline,8,0.04,0.1,1,5,0.01,0.0122383953882104,4,1.0,0.1081695929053157,0.902388954183696,0.3,ok,,,
vanderpol_mu2,baseline,Baseline,8,0.04,0.1,2,1,,,0,1.0,0.0704614463009149,0.934176567923673,0.1,ok,,,
vanderpol_mu2,linear_interp,Linear interpolation,8,0.04,0.1,2,5,,,0,1.0,0.0535374108713252,0.9491831895869296,0.1,ok,,,
vanderpol_mu2,smoothing_spline_cv,Tuned smoothing spline,8,0.04,0.1,2,5,0.01,0.012618453158999,4,1.0,0.0461131603218882,0.955919529482165,0.1,ok,,,
vanderpol_mu2,baseline,Baseline,8,0.04,0.1,3,1,,,0,1.0,0.1298198454302936,0.8850968621631429,0.3,ok,,,
vanderpol_mu2,linear_interp,Linear interpolation,8,0.04,0.1,3,5,,,0,1.0,0.0978154743310725,0.9108998947289624,0.3,ok,,,
vanderpol_mu2,smoothing_spline_cv,Tuned smoothing spline,8,0.04,0.1,3,5,0.01,0.0126407958155082,4,1.0,0.0588445449691843,0.9444256994581798,0.1,ok,,,
vanderpol_mu2,baseline,Baseline,8,0.04,0.1,4,1,,,0,1.0,0.0717867463477732,0.9330214274505688,0.3,ok,,,
vanderpol_mu2,linear_interp,Linear interpolation,8,0.04,0.1,4,5,,,0,1.0,0.0371761193953598,0.9641564063227444,0.3,ok,,,
vanderpol_mu2,smoothing_spline_cv,Tuned smoothing spline,8,0.04,0.1,4,5,0.01,0.0122740484287727,4,1.0,0.0496290309878227,0.9527175511322163,0.3,ok,,,
vanderpol_mu2,baseline,Baseline,8,0.04,0.1,5,1,,,0,1.0,0.1249177198438872,0.888953905125414,0.3,ok,,,
vanderpol_mu2,linear_interp,Linear interpolation,8,0.04,0.1,5,5,,,0,1.0,0.1015947257292533,0.907774861883078,0.3,ok,,,
vanderpol_mu2,smoothing_spline_cv,Tuned smoothing spline,8,0.04,0.1,5,5,0.01,0.0129218475790003,4,1.0,0.0276156447884911,0.9731264846652125,0.1,ok,,,
vanderpol_mu2,baseline,Baseline,8,0.04,0.1,6,1,,,0,1.0,0.1194509632747037,0.8932950462383127,0.3,ok,,,
vanderpol_mu2,linear_interp,Linear interpolation,8,0.04,0.1,6,5,,,0,1.0,0.0920114987891778,0.9157412729708432,0.3,ok,,,
vanderpol_mu2,smoothing_spline_cv,Tuned smoothing spline,8,0.04,0.1,6,5,0.01,0.0132402854637842,4,1.0,0.0452878772062359,0.956674253864612,0.3,ok,,,
vanderpol_mu2,baseline,Baseline,8,0.04,0.1,7,1,,,0,1.0,0.1047713191360116,0.9051647003128682,0.3,ok,,,
vanderpol_mu2,linear_interp,Linear interpolation,8,0.04,0.1,7,5,,,0,1.0,0.0740688381934906,0.9310390213740216,0.3,ok,,,
vanderpol_mu2,smoothing_spline_cv,Tuned smoothing spline,8,0.04,0.1,7,5,0.01,0.0120444936745199,4,1.0,0.0879563183320975,0.9191545498196656,0.3,ok,,,
vanderpol_mu2,baseline,Baseline,8,0.04,0.1,8,1,,,0,1.0,0.0974506805545397,0.91120267882535,0.1,ok,,,
vanderpol_mu2,linear_interp,Linear interpolation,8,0.04,0.1,8,5,,,0,1.0,0.0703188954310468,0.9343009866206952,0.1,ok,,,
vanderpol_mu2,smoothing_spline_cv,Tuned smoothing spline,8,0.04,0.1,8,5,0.01,0.0122756257566368,4,1.0,0.0143473437408778,0.985855590957664,0.3,ok,,,
vanderpol_mu2,baseline,Baseline,8,0.04,0.1,9,1,,,0,1.0,0.0989469056832036,0.909962068984862,0.3,ok,,,
vanderpol_mu2,linear_interp,Linear interpolation,8,0.04,0.1,9,5,,,0,1.0,0.0699243369924092,0.9346455309270104,0.3,ok,,,
vanderpol_mu2,smoothing_spline_cv,Tuned smoothing spline,8,0.04,0.1,9,5,0.01,0.0129097564018207,4,1.0,0.0134823383356864,0.9866970169822332,0.1,ok,,,
vanderpol_mu2,baseline,Baseline,16,0.08,0.0,0,1,,,0,1.0,0.0282007673252544,0.9725727034822048,0.1,ok,,,
vanderpol_mu2,linear_interp,Linear interpolation,16,0.08,0.0,0,5,,,0,1.0,0.0126079495678594,0.987549031613627,0.03,ok,,,
vanderpol_mu2,smoothing_spline_cv,Tuned smoothing spline,16,0.08,0.0,0,5,0.0,3.097060743896869e-06,4,1.0,0.0012647054665156,0.9987368919930856,0.003,ok,,,
vanderpol_mu2,baseline,Baseline,16,0.08,0.0,1,1,,,0,1.0,0.0282007673252544,0.9725727034822048,0.1,ok,,,
vanderpol_mu2,linear_interp,Linear interpolation,16,0.08,0.0,1,5,,,0,1.0,0.0126079495678594,0.987549031613627,0.03,ok,,,
vanderpol_mu2,smoothing_spline_cv,Tuned smoothing spline,16,0.08,0.0,1,5,0.0,3.097060743896869e-06,4,1.0,0.0012647054665156,0.9987368919930856,0.003,ok,,,
vanderpol_mu2,baseline,Baseline,16,0.08,0.0,2,1,,,0,1.0,0.0282007673252544,0.9725727034822048,0.1,ok,,,
vanderpol_mu2,linear_interp,Linear interpolation,16,0.08,0.0,2,5,,,0,1.0,0.0126079495678594,0.987549031613627,0.03,ok,,,
vanderpol_mu2,smoothing_spline_cv,Tuned smoothing spline,16,0.08,0.0,2,5,0.0,3.097060743896869e-06,4,1.0,0.0012647054665156,0.9987368919930856,0.003,ok,,,
vanderpol_mu2,baseline,Baseline,16,0.08,0.0,3,1,,,0,1.0,0.0282007673252544,0.9725727034822048,0.1,ok,,,
vanderpol_mu2,linear_interp,Linear interpolation,16,0.08,0.0,3,5,,,0,1.0,0.0126079495678594,0.987549031613627,0.03,ok,,,
vanderpol_mu2,smoothing_spline_cv,Tuned smoothing spline,16,0.08,0.0,3,5,0.0,3.097060743896869e-06,4,1.0,0.0012647054665156,0.9987368919930856,0.003,ok,,,
vanderpol_mu2,baseline,Baseline,16,0.08,0.0,4,1,,,0,1.0,0.0282007673252544,0.9725727034822048,0.1,ok,,,
vanderpol_mu2,linear_interp,Linear interpolation,16,0.08,0.0,4,5,,,0,1.0,0.0126079495678594,0.987549031613627,0.03,ok,,,
vanderpol_mu2,smoothing_spline_cv,Tuned smoothing spline,16,0.08,0.0,4,5,0.0,3.097060743896869e-06,4,1.0,0.0012647054665156,0.9987368919930856,0.003,ok,,,
vanderpol_mu2,baseline,Baseline,16,0.08,0.0,5,1,,,0,1.0,0.0282007673252544,0.9725727034822048,0.1,ok,,,
vanderpol_mu2,linear_interp,Linear interpolation,16,0.08,0.0,5,5,,,0,1.0,0.0126079495678594,0.987549031613627,0.03,ok,,,
vanderpol_mu2,smoothing_spline_cv,Tuned smoothing spline,16,0.08,0.0,5,5,0.0,3.097060743896869e-06,4,1.0,0.0012647054665156,0.9987368919930856,0.003,ok,,,
vanderpol_mu2,baseline,Baseline,16,0.08,0.0,6,1,,,0,1.0,0.0282007673252544,0.9725727034822048,0.1,ok,,,
vanderpol_mu2,linear_interp,Linear interpolation,16,0.08,0.0,6,5,,,0,1.0,0.0126079495678594,0.987549031613627,0.03,ok,,,
vanderpol_mu2,smoothing_spline_cv,Tuned smoothing spline,16,0.08,0.0,6,5,0.0,3.097060743896869e-06,4,1.0,0.0012647054665156,0.9987368919930856,0.003,ok,,,
vanderpol_mu2,baseline,Baseline,16,0.08,0.0,7,1,,,0,1.0,0.0282007673252544,0.9725727034822048,0.1,ok,,,
vanderpol_mu2,linear_interp,Linear interpolation,16,0.08,0.0,7,5,,,0,1.0,0.0126079495678594,0.987549031613627,0.03,ok,,,
vanderpol_mu2,smoothing_spline_cv,Tuned smoothing spline,16,0.08,0.0,7,5,0.0,3.097060743896869e-06,4,1.0,0.0012647054665156,0.9987368919930856,0.003,ok,,,
vanderpol_mu2,baseline,Baseline,16,0.08,0.0,8,1,,,0,1.0,0.0282007673252544,0.9725727034822048,0.1,ok,,,
vanderpol_mu2,linear_interp,Linear interpolation,16,0.08,0.0,8,5,,,0,1.0,0.0126079495678594,0.987549031613627,0.03,ok,,,
vanderpol_mu2,smoothing_spline_cv,Tuned smoothing spline,16,0.08,0.0,8,5,0.0,3.097060743896869e-06,4,1.0,0.0012647054665156,0.9987368919930856,0.003,ok,,,
vanderpol_mu2,baseline,Baseline,16,0.08,0.0,9,1,,,0,1.0,0.0282007673252544,0.9725727034822048,0.1,ok,,,
vanderpol_mu2,linear_interp,Linear interpolation,16,0.08,0.0,9,5,,,0,1.0,0.0126079495678594,0.987549031613627,0.03,ok,,,
vanderpol_mu2,smoothing_spline_cv,Tuned smoothing spline,16,0.08,0.0,9,5,0.0,3.097060743896869e-06,4,1.0,0.0012647054665156,0.9987368919930856,0.003,ok,,,
vanderpol_mu2,baseline,Baseline,16,0.08,0.01,0,1,,,0,1.0,0.0293314832594375,0.9715043368084324,0.1,ok,,,
vanderpol_mu2,linear_interp,Linear interpolation,16,0.08,0.01,0,5,,,0,1.0,0.0137380162302474,0.9864481591789026,0.01,ok,,,
vanderpol_mu2,smoothing_spline_cv,Tuned smoothing spline,16,0.08,0.01,0,5,3e-05,0.0001567438510793,4,1.0,0.0029743802213661,0.9970344404802148,0.03,ok,,,
vanderpol_mu2,baseline,Baseline,16,0.08,0.01,1,1,,,0,1.0,0.0325361014516884,0.9684891391148992,0.03,ok,,,
vanderpol_mu2,linear_interp,Linear interpolation,16,0.08,0.01,1,5,,,0,1.0,0.0169635286631962,0.9833194326196782,0.03,ok,,,
vanderpol_mu2,smoothing_spline_cv,Tuned smoothing spline,16,0.08,0.01,1,5,0.0001,0.0001978148194746,4,1.0,0.0018159212469428,0.9981873703457592,0.03,ok,,,
vanderpol_mu2,baseline,Baseline,16,0.08,0.01,2,1,,,0,1.0,0.0303558113822519,0.97053851587295,0.1,ok,,,
vanderpol_mu2,linear_interp,Linear interpolation,16,0.08,0.01,2,5,,,0,1.0,0.0143928500191418,0.9858113648781432,0.03,ok,,,
vanderpol_mu2,smoothing_spline_cv,Tuned smoothing spline,16,0.08,0.01,2,5,3e-05,0.0001813003143296,4,1.0,0.0039169823913415,0.9960983004969084,0.03,ok,,,
vanderpol_mu2,baseline,Baseline,16,0.08,0.01,3,1,,,0,1.0,0.030715681757929,0.9701996561209372,0.1,ok,,,
vanderpol_mu2,linear_interp,Linear interpolation,16,0.08,0.01,3,5,,,0,1.0,0.0149779980374268,0.985243031803262,0.03,ok,,,
vanderpol_mu2,smoothing_spline_cv,Tuned smoothing spline,16,0.08,0.01,3,5,0.0001,0.000184492332847,4,1.0,0.0049398762345658,0.9950844061904728,0.03,ok,,,
vanderpol_mu2,baseline,Baseline,16,0.08,0.01,4,1,,,0,1.0,0.0318749947472001,0.9691096354602438,0.1,ok,,,
vanderpol_mu2,linear_interp,Linear interpolation,16,0.08,0.01,4,5,,,0,1.0,0.0160628113588572,0.9841911236399103,0.03,ok,,,
vanderpol_mu2,smoothing_spline_cv,Tuned smoothing spline,16,0.08,0.01,4,5,0.0001,0.0001856917826977,4,1.0,0.0023296412883484,0.9976757733260746,0.03,ok,,,
vanderpol_mu2,baseline,Baseline,16,0.08,0.01,5,1,,,0,1.0,0.0255790204952804,0.9750589472053284,0.1,ok,,,
vanderpol_mu2,linear_interp,Linear interpolation,16,0.08,0.01,5,5,,,0,1.0,0.009866627530743,0.9902297716730492,0.03,ok,,,
vanderpol_mu2,smoothing_spline_cv,Tuned smoothing spline,16,0.08,0.01,5,5,0.0001,0.0001771874385253,4,1.0,0.0081622175531046,0.9919038648632212,0.03,ok,,,
vanderpol_mu2,baseline,Baseline,16,0.08,0.01,6,1,,,0,1.0,0.0276562529404472,0.9730880312737706,0.1,ok,,,
vanderpol_mu2,linear_interp,Linear interpolation,16,0.08,0.01,6,5,,,0,1.0,0.0120048879585595,0.9881375197873046,0.03,ok,,,
vanderpol_mu2,smoothing_spline_cv,Tuned smoothing spline,16,0.08,0.01,6,5,0.0001,0.0001709670312945,4,1.0,0.0059594100069698,0.9940758941686042,0.03,ok,,,
vanderpol_mu2,baseline,Baseline,16,0.08,0.01,7,1,,,0,1.0,0.0329510351160171,0.9681000996215504,0.1,ok,,,
vanderpol_mu2,linear_interp,Linear interpolation,16,0.08,0.01,7,5,,,0,1.0,0.0167200366873259,0.9835549255606262,0.03,ok,,,
vanderpol_mu2,smoothing_spline_cv,Tuned smoothing spline,16,0.08,0.01,7,5,3e-05,0.0001832737614461,4,1.0,0.0060819898283623,0.993954777155488,0.03,ok,,,
vanderpol_mu2,baseline,Baseline,16,0.08,0.01,8,1,,,0,1.0,0.0271319531548567,0.973584744324699,0.1,ok,,,
vanderpol_mu2,linear_interp,Linear interpolation,16,0.08,0.01,8,5,,,0,1.0,0.0114908462316187,0.9886396933057487,0.03,ok,,,
vanderpol_mu2,smoothing_spline_cv,Tuned smoothing spline,16,0.08,0.01,8,5,0.0001,0.0001580679339005,4,1.0,0.0055787732145215,0.9944521768327628,0.03,ok,,,
vanderpol_mu2,baseline,Baseline,16,0.08,0.01,9,1,,,0,1.0,0.0276749793387373,0.9730702995644158,0.1,ok,,,
vanderpol_mu2,linear_interp,Linear interpolation,16,0.08,0.01,9,5,,,0,1.0,0.0122344330978826,0.9879134391225558,0.03,ok,,,
vanderpol_mu2,smoothing_spline_cv,Tuned smoothing spline,16,0.08,0.01,9,5,0.0001,0.0001821072211472,4,1.0,0.0024292337703324,0.9975766531057804,0.03,ok,,,
vanderpol_mu2,baseline,Baseline,16,0.08,0.03,0,1,,,0,1.0,0.0287853142918286,0.9720200960375848,0.03,ok,,,
vanderpol_mu2,linear_interp,Linear interpolation,16,0.08,0.03,0,5,,,0,1.0,0.0143098829803419,0.9858920008367708,0.03,ok,,,
vanderpol_mu2,smoothing_spline_cv,Tuned smoothing spline,16,0.08,0.03,0,5,0.001,0.0015481555710182,4,1.0,0.0054925924699366,0.9945374113036036,0.03,ok,,,
vanderpol_mu2,baseline,Baseline,16,0.08,0.03,1,1,,,0,1.0,0.0402905781709457,0.9612698807271856,0.1,ok,,,
vanderpol_mu2,linear_interp,Linear interpolation,16,0.08,0.03,1,5,,,0,1.0,0.0218114584271376,0.9786541262115892,0.03,ok,,,
vanderpol_mu2,smoothing_spline_cv,Tuned smoothing spline,16,0.08,0.03,1,5,0.001,0.0015703230934647,4,1.0,0.037078096808424,0.9642475364945698,0.1,ok,,,
vanderpol_mu2,baseline,Baseline,16,0.08,0.03,2,1,,,0,1.0,0.052582979687238,0.9500438628573852,0.1,ok,,,
vanderpol_mu2,linear_interp,Linear interpolation,16,0.08,0.03,2,5,,,0,1.0,0.0349354664948227,0.9662438213532828,0.03,ok,,,
vanderpol_mu2,smoothing_spline_cv,Tuned smoothing spline,16,0.08,0.03,2,5,0.001,0.0016459877140995,4,1.0,0.0262258278950636,0.9744443891566668,0.1,ok,,,
vanderpol_mu2,baseline,Baseline,16,0.08,0.03,3,1,,,0,1.0,0.0451491374986701,0.9568012488564795,0.1,ok,,,
vanderpol_mu2,linear_interp,Linear interpolation,16,0.08,0.03,3,5,,,0,1.0,0.0259258436902924,0.974729320009099,0.1,ok,,,
vanderpol_mu2,smoothing_spline_cv,Tuned smoothing spline,16,0.08,0.03,3,5,0.001,0.0015772706006276,4,1.0,0.0183896202326852,0.9819424512315008,0.03,ok,,,
vanderpol_mu2,baseline,Baseline,16,0.08,0.03,4,1,,,0,1.0,0.0276069975799799,0.973134673425741,0.1,ok,,,
vanderpol_mu2,linear_interp,Linear interpolation,16,0.08,0.03,4,5,,,0,1.0,0.0100349631083332,0.9900647368904428,0.1,ok,,,
vanderpol_mu2,smoothing_spline_cv,Tuned smoothing spline,16,0.08,0.03,4,5,0.001,0.0015974768950977,4,1.0,0.0125576454485799,0.9875980932986616,0.1,ok,,,
vanderpol_mu2,baseline,Baseline,16,0.08,0.03,5,1,,,0,1.0,0.0342958347088662,0.9668413682449762,0.1,ok,,,
vanderpol_mu2,linear_interp,Linear interpolation,16,0.08,0.03,5,5,,,0,1.0,0.0165274549776525,0.9837412606056803,0.03,ok,,,
vanderpol_mu2,smoothing_spline_cv,Tuned smoothing spline,16,0.08,0.03,5,5,0.001,0.0015579681282437,4,1.0,0.0177235312312651,0.9825851219045484,0.1,ok,,,
vanderpol_mu2,baseline,Baseline,16,0.08,0.03,6,1,,,0,1.0,0.0432939301646877,0.9585026530750989,0.1,ok,,,
vanderpol_mu2,linear_interp,Linear interpolation,16,0.08,0.03,6,5,,,0,1.0,0.0245890311593547,0.9760010790555392,0.1,ok,,,
vanderpol_mu2,smoothing_spline_cv,Tuned smoothing spline,16,0.08,0.03,6,5,0.001,0.0013583545409931,4,1.0,0.0193818826302586,0.9809866322322224,0.1,ok,,,
vanderpol_mu2,baseline,Baseline,16,0.08,0.03,7,1,,,0,1.0,0.0304940370200773,0.9704083323875816,0.1,ok,,,
vanderpol_mu2,linear_interp,Linear interpolation,16,0.08,0.03,7,5,,,0,1.0,0.0136863006471101,0.9864984851443952,0.1,ok,,,
vanderpol_mu2,smoothing_spline_cv,Tuned smoothing spline,16,0.08,0.03,7,5,0.001,0.0016816282964246,4,1.0,0.0184575768643167,0.9818769310734132,0.1,ok,,,
vanderpol_mu2,baseline,Baseline,16,0.08,0.03,8,1,,,0,1.0,0.0179668758650066,0.9823502352669976,0.03,ok,,,
vanderpol_mu2,linear_interp,Linear interpolation,16,0.08,0.03,8,5,,,0,1.0,0.0016110652658901,0.9983915260905564,0.03,ok,,,
vanderpol_mu2,smoothing_spline_cv,Tuned smoothing spline,16,0.08,0.03,8,5,0.001,0.0015972152045633,4,1.0,0.0307895709257602,0.9701301101658336,0.1,ok,,,
vanderpol_mu2,baseline,Baseline,16,0.08,0.03,9,1,,,0,1.0,0.0493860665729005,0.9529381338803304,0.1,ok,,,
vanderpol_mu2,linear_interp,Linear interpolation,16,0.08,0.03,9,5,,,0,1.0,0.0295989803395441,0.9712519331266404,0.1,ok,,,
vanderpol_mu2,smoothing_spline_cv,Tuned smoothing spline,16,0.08,0.03,9,5,0.0003,0.0014730372543695,4,1.0,0.0187351455966882,0.9816094048804856,0.1,ok,,,
vanderpol_mu2,baseline,Baseline,16,0.08,0.05,0,1,,,0,1.0,0.0352194384640177,0.9659787701472514,0.03,ok,,,
vanderpol_mu2,linear_interp,Linear interpolation,16,0.08,0.05,0,5,,,0,1.0,0.0173160875698453,0.9829786555216972,0.1,ok,,,
vanderpol_mu2,smoothing_spline_cv,Tuned smoothing spline,16,0.08,0.05,0,5,0.001,0.0039277445307932,4,1.0,0.0141288328706938,0.9860680098891388,0.1,ok,,,
vanderpol_mu2,baseline,Baseline,16,0.08,0.05,1,1,,,0,1.0,0.058396561319639,0.9448254430769988,0.1,ok,,,
vanderpol_mu2,linear_interp,Linear interpolation,16,0.08,0.05,1,5,,,0,1.0,0.0342712890180867,0.9668643136651088,0.1,ok,,,
vanderpol_mu2,smoothing_spline_cv,Tuned smoothing spline,16,0.08,0.05,1,5,0.001,0.0034328488026729,4,1.0,0.0232375906171557,0.9772901319984342,0.1,ok,,,
vanderpol_mu2,baseline,Baseline,16,0.08,0.05,2,1,,,0,1.0,0.0246590409227433,0.975934393844281,0.1,ok,,,
vanderpol_mu2,linear_interp,Linear interpolation,16,0.08,0.05,2,5,,,0,1.0,0.0049440159708329,0.9950803070695866,0.1,ok,,,
vanderpol_mu2,smoothing_spline_cv,Tuned smoothing spline,16,0.08,0.05,2,5,0.001,0.0043772622459097,4,1.0,0.0107965227874356,0.989318797063466,0.1,ok,,,
vanderpol_mu2,baseline,Baseline,16,0.08,0.05,3,1,,,0,1.0,0.0673303766789441,0.9369170238661751,0.1,ok,,,
vanderpol_mu2,linear_interp,Linear interpolation,16,0.08,0.05,3,5,,,0,1.0,0.0402384526935492,0.9613180491555974,0.1,ok,,,
vanderpol_mu2,smoothing_spline_cv,Tuned smoothing spline,16,0.08,0.05,3,5,0.003,0.0044864064675583,4,1.0,0.0225179283490673,0.9779779623175662,0.3,ok,,,
vanderpol_mu2,baseline,Baseline,16,0.08,0.05,4,1,,,0,1.0,0.0573396713437684,0.9457698666778525,0.1,ok,,,
vanderpol_mu2,linear_interp,Linear interpolation,16,0.08,0.05,4,5,,,0,1.0,0.0383090524763201,0.9631043836274424,0.1,ok,,,
vanderpol_mu2,smoothing_spline_cv,Tuned smoothing spline,16,0.08,0.05,4,5,0.001,0.0041945999587466,4,1.0,0.0265635888527256,0.9741237765091468,0.1,ok,,,
vanderpol_mu2,baseline,Baseline,16,0.08,0.05,5,1,,,0,1.0,0.0784754406351137,0.9272348375509604,0.1,ok,,,
vanderpol_mu2,linear_interp,Linear interpolation,16,0.08,0.05,5,5,,,0,1.0,0.0571421384218067,0.945946589067849,0.1,ok,,,
vanderpol_mu2,smoothing_spline_cv,Tuned smoothing spline,16,0.08,0.05,5,5,0.001,0.0039374358697906,4,1.0,0.0448672320281525,0.9570593941001838,0.1,ok,,,
vanderpol_mu2,baseline,Baseline,16,0.08,0.05,6,1,,,0,1.0,0.0276020795806938,0.9731393307495476,0.1,ok,,,
vanderpol_mu2,linear_interp,Linear interpolation,16,0.08,0.05,6,5,,,0,1.0,0.0095962984165316,0.9904949152135536,0.1,ok,,,
vanderpol_mu2,smoothing_spline_cv,Tuned smoothing spline,16,0.08,0.05,6,5,0.003,0.0044618794627368,4,1.0,0.0270327488262469,0.97367878594218,0.1,ok,,,
vanderpol_mu2,baseline,Baseline,16,0.08,0.05,7,1,,,0,1.0,0.0519852877925291,0.9505836361061528,0.1,ok,,,
vanderpol_mu2,linear_interp,Linear interpolation,16,0.08,0.05,7,5,,,0,1.0,0.0338837766031767,0.9672267063571672,0.1,ok,,,
vanderpol_mu2,smoothing_spline_cv,Tuned smoothing spline,16,0.08,0.05,7,5,0.001,0.0045494324724062,4,1.0,0.0199608233671251,0.9804298136655584,0.1,ok,,,
vanderpol_mu2,baseline,Baseline,16,0.08,0.05,8,1,,,0,1.0,0.0588545440506118,0.944416780962694,0.1,ok,,,
vanderpol_mu2,linear_interp,Linear interpolation,16,0.08,0.05,8,5,,,0,1.0,0.0396962004841942,0.9618194233414458,0.03,ok,,,
vanderpol_mu2,smoothing_spline_cv,Tuned smoothing spline,16,0.08,0.05,8,5,0.001,0.0035710830123757,4,1.0,0.0290895095507683,0.9717327702976324,0.1,ok,,,
vanderpol_mu2,baseline,Baseline,16,0.08,0.05,9,1,,,0,1.0,0.0299016463314508,0.9709665030268066,0.03,ok,,,
vanderpol_mu2,linear_interp,Linear interpolation,16,0.08,0.05,9,5,,,0,1.0,0.0148384235689314,0.9853785359084568,0.1,ok,,,
vanderpol_mu2,smoothing_spline_cv,Tuned smoothing spline,16,0.08,0.05,9,5,0.003,0.004233552469439,4,1.0,0.0743094700256256,0.9308304803234648,0.1,ok,,,
vanderpol_mu2,baseline,Baseline,16,0.08,0.1,0,1,,,0,1.0,0.1438340069000473,0.874252727203086,0.3,ok,,,
vanderpol_mu2,linear_interp,Linear interpolation,16,0.08,0.1,0,5,,,0,1.0,0.1027735520997406,0.906804482294616,0.3,ok,,,
vanderpol_mu2,smoothing_spline_cv,Tuned smoothing spline,16,0.08,0.1,0,5,0.01,0.0140311857262895,4,1.0,0.0589602313851731,0.9443225254001748,0.1,ok,,,
vanderpol_mu2,baseline,Baseline,16,0.08,0.1,1,1,,,0,1.0,0.0871352733417618,0.9198487295201864,0.3,ok,,,
vanderpol_mu2,linear_interp,Linear interpolation,16,0.08,0.1,1,5,,,0,1.0,0.0520057302920024,0.9505651644334984,0.3,ok,,,
vanderpol_mu2,smoothing_spline_cv,Tuned smoothing spline,16,0.08,0.1,1,5,0.01,0.0163873281495946,4,1.0,0.0264640298184896,0.974218258945548,0.3,ok,,,
vanderpol_mu2,baseline,Baseline,16,0.08,0.1,2,1,,,0,1.0,0.0985986622237578,0.9102505167590712,0.1,ok,,,
vanderpol_mu2,linear_interp,Linear interpolation,16,0.08,0.1,2,5,,,0,1.0,0.0649738438717878,0.9389901975098556,0.3,ok,,,
vanderpol_mu2,smoothing_spline_cv,Tuned smoothing spline,16,0.08,0.1,2,5,0.01,0.0152683132209821,4,1.0,0.0965733493237029,0.911931701255312,0.3,ok,,,
vanderpol_mu2,baseline,Baseline,16,0.08,0.1,3,1,,,0,1.0,0.0871739677234831,0.9198159905299946,0.3,ok,,,
vanderpol_mu2,linear_interp,Linear interpolation,16,0.08,0.1,3,5,,,0,1.0,0.0508536327875887,0.9516073112363994,0.3,ok,,,
vanderpol_mu2,smoothing_spline_cv,Tuned smoothing spline,16,0.08,0.1,3,5,0.01,0.0140615576756633,4,1.0,0.0294733930254833,0.971370417899908,0.1,ok,,,
vanderpol_mu2,baseline,Baseline,16,0.08,0.1,4,1,,,0,1.0,0.1112118980564871,0.8999183699787618,0.3,ok,,,
vanderpol_mu2,linear_interp,Linear interpolation,16,0.08,0.1,4,5,,,0,1.0,0.07151541413007,0.9332576898222869,0.3,ok,,,
vanderpol_mu2,smoothing_spline_cv,Tuned smoothing spline,16,0.08,0.1,4,5,0.01,0.0157735080035592,4,1.0,0.0739261245679547,0.9311627467879174,0.3,ok,,,
vanderpol_mu2,baseline,Baseline,16,0.08,0.1,5,1,,,0,1.0,0.0677467007296696,0.9365517114842188,0.3,ok,,,
vanderpol_mu2,linear_interp,Linear interpolation,16,0.08,0.1,5,5,,,0,1.0,0.034096417148972,0.9670278161847068,0.3,ok,,,
vanderpol_mu2,smoothing_spline_cv,Tuned smoothing spline,16,0.08,0.1,5,5,0.01,0.0141914739496317,4,1.0,0.1114592304096813,0.8997181116858441,0.1,ok,,,
vanderpol_mu2,baseline,Baseline,16,0.08,0.1,6,1,,,0,1.0,0.1068375922932848,0.9034749153469522,0.1,ok,,,
vanderpol_mu2,linear_interp,Linear interpolation,16,0.08,0.1,6,5,,,0,1.0,0.0713160829089758,0.9334313336216056,0.1,ok,,,
vanderpol_mu2,smoothing_spline_cv,Tuned smoothing spline,16,0.08,0.1,6,5,0.01,0.0146314439405473,4,1.0,0.0485760506739368,0.9536742703185752,0.1,ok,,,
vanderpol_mu2,baseline,Baseline,16,0.08,0.1,7,1,,,0,1.0,0.1686511812587527,0.8556873223051049,0.3,ok,,,
vanderpol_mu2,linear_interp,Linear interpolation,16,0.08,0.1,7,5,,,0,1.0,0.1176968806371679,0.8946969588301328,0.3,ok,,,
vanderpol_mu2,smoothing_spline_cv,Tuned smoothing spline,16,0.08,0.1,7,5,0.01,0.0150555913535229,4,1.0,0.0765392188902294,0.9289025262181052,0.1,ok,,,
vanderpol_mu2,baseline,Baseline,16,0.08,0.1,8,1,,,0,1.0,0.1067940606920791,0.9035104501506804,0.1,ok,,,
vanderpol_mu2,linear_interp,Linear interpolation,16,0.08,0.1,8,5,,,0,1.0,0.069802698220534,0.9347518020503772,0.1,ok,,,
vanderpol_mu2,smoothing_spline_cv,Tuned smoothing spline,16,0.08,0.1,8,5,0.01,0.0147902275446657,4,1.0,0.0443914175572508,0.957495420959051,0.3,ok,,,
vanderpol_mu2,baseline,Baseline,16,0.08,0.1,9,1,,,0,1.0,0.1144702866778394,0.8972872690764437,0.1,ok,,,
vanderpol_mu2,linear_interp,Linear interpolation,16,0.08,0.1,9,5,,,0,1.0,0.0847036841713952,0.9219107619827986,0.3,ok,,,
vanderpol_mu2,smoothing_spline_cv,Tuned smoothing spline,16,0.08,0.1,9,5,0.01,0.0143861217635839,4,1.0,0.0419842714359544,0.95970738466321,0.3,ok,,,
vanderpol_mu2,baseline,Baseline,32,0.16,0.0,0,1,,,0,1.0,0.1067549602114993,0.9035423702179762,0.3,ok,,,
vanderpol_mu2,linear_interp,Linear interpolation,32,0.16,0.0,0,5,,,0,1.0,0.0485872468271501,0.9536640875862576,0.1,ok,,,
vanderpol_mu2,smoothing_spline_cv,Tuned smoothing spline,32,0.16,0.0,0,5,0.0,0.0006637704479348,4,1.0,0.0073691294675486,0.9926847773552048,0.03,ok,,,
vanderpol_mu2,baseline,Baseline,32,0.16,0.0,1,1,,,0,1.0,0.1067549602114993,0.9035423702179762,0.3,ok,,,
vanderpol_mu2,linear_interp,Linear interpolation,32,0.16,0.0,1,5,,,0,1.0,0.0485872468271501,0.9536640875862576,0.1,ok,,,
vanderpol_mu2,smoothing_spline_cv,Tuned smoothing spline,32,0.16,0.0,1,5,0.0,0.0006637704479348,4,1.0,0.0073691294675486,0.9926847773552048,0.03,ok,,,
vanderpol_mu2,baseline,Baseline,32,0.16,0.0,2,1,,,0,1.0,0.1067549602114993,0.9035423702179762,0.3,ok,,,
vanderpol_mu2,linear_interp,Linear interpolation,32,0.16,0.0,2,5,,,0,1.0,0.0485872468271501,0.9536640875862576,0.1,ok,,,
vanderpol_mu2,smoothing_spline_cv,Tuned smoothing spline,32,0.16,0.0,2,5,0.0,0.0006637704479348,4,1.0,0.0073691294675486,0.9926847773552048,0.03,ok,,,
vanderpol_mu2,baseline,Baseline,32,0.16,0.0,3,1,,,0,1.0,0.1067549602114993,0.9035423702179762,0.3,ok,,,
vanderpol_mu2,linear_interp,Linear interpolation,32,0.16,0.0,3,5,,,0,1.0,0.0485872468271501,0.9536640875862576,0.1,ok,,,
vanderpol_mu2,smoothing_spline_cv,Tuned smoothing spline,32,0.16,0.0,3,5,0.0,0.0006637704479348,4,1.0,0.0073691294675486,0.9926847773552048,0.03,ok,,,
vanderpol_mu2,baseline,Baseline,32,0.16,0.0,4,1,,,0,1.0,0.1067549602114993,0.9035423702179762,0.3,ok,,,
vanderpol_mu2,linear_interp,Linear interpolation,32,0.16,0.0,4,5,,,0,1.0,0.0485872468271501,0.9536640875862576,0.1,ok,,,
vanderpol_mu2,smoothing_spline_cv,Tuned smoothing spline,32,0.16,0.0,4,5,0.0,0.0006637704479348,4,1.0,0.0073691294675486,0.9926847773552048,0.03,ok,,,
vanderpol_mu2,baseline,Baseline,32,0.16,0.0,5,1,,,0,1.0,0.1067549602114993,0.9035423702179762,0.3,ok,,,
vanderpol_mu2,linear_interp,Linear interpolation,32,0.16,0.0,5,5,,,0,1.0,0.0485872468271501,0.9536640875862576,0.1,ok,,,
vanderpol_mu2,smoothing_spline_cv,Tuned smoothing spline,32,0.16,0.0,5,5,0.0,0.0006637704479348,4,1.0,0.0073691294675486,0.9926847773552048,0.03,ok,,,
vanderpol_mu2,baseline,Baseline,32,0.16,0.0,6,1,,,0,1.0,0.1067549602114993,0.9035423702179762,0.3,ok,,,
vanderpol_mu2,linear_interp,Linear interpolation,32,0.16,0.0,6,5,,,0,1.0,0.0485872468271501,0.9536640875862576,0.1,ok,,,
vanderpol_mu2,smoothing_spline_cv,Tuned smoothing spline,32,0.16,0.0,6,5,0.0,0.0006637704479348,4,1.0,0.0073691294675486,0.9926847773552048,0.03,ok,,,
vanderpol_mu2,baseline,Baseline,32,0.16,0.0,7,1,,,0,1.0,0.1067549602114993,0.9035423702179762,0.3,ok,,,
vanderpol_mu2,linear_interp,Linear interpolation,32,0.16,0.0,7,5,,,0,1.0,0.0485872468271501,0.9536640875862576,0.1,ok,,,
vanderpol_mu2,smoothing_spline_cv,Tuned smoothing spline,32,0.16,0.0,7,5,0.0,0.0006637704479348,4,1.0,0.0073691294675486,0.9926847773552048,0.03,ok,,,
vanderpol_mu2,baseline,Baseline,32,0.16,0.0,8,1,,,0,1.0,0.1067549602114993,0.9035423702179762,0.3,ok,,,
vanderpol_mu2,linear_interp,Linear interpolation,32,0.16,0.0,8,5,,,0,1.0,0.0485872468271501,0.9536640875862576,0.1,ok,,,
vanderpol_mu2,smoothing_spline_cv,Tuned smoothing spline,32,0.16,0.0,8,5,0.0,0.0006637704479348,4,1.0,0.0073691294675486,0.9926847773552048,0.03,ok,,,
vanderpol_mu2,baseline,Baseline,32,0.16,0.0,9,1,,,0,1.0,0.1067549602114993,0.9035423702179762,0.3,ok,,,
vanderpol_mu2,linear_interp,Linear interpolation,32,0.16,0.0,9,5,,,0,1.0,0.0485872468271501,0.9536640875862576,0.1,ok,,,
vanderpol_mu2,smoothing_spline_cv,Tuned smoothing spline,32,0.16,0.0,9,5,0.0,0.0006637704479348,4,1.0,0.0073691294675486,0.9926847773552048,0.03,ok,,,
vanderpol_mu2,baseline,Baseline,32,0.16,0.01,0,1,,,0,1.0,0.1085750836846859,0.9020588814572634,0.3,ok,,,
vanderpol_mu2,linear_interp,Linear interpolation,32,0.16,0.01,0,5,,,0,1.0,0.0506609903268908,0.9517817918497872,0.1,ok,,,
vanderpol_mu2,smoothing_spline_cv,Tuned smoothing spline,32,0.16,0.01,0,5,3e-05,0.0009305150620332,4,1.0,0.0095226042015011,0.9905672204249124,0.03,ok,,,
vanderpol_mu2,baseline,Baseline,32,0.16,0.01,1,1,,,0,1.0,0.1057268632112956,0.9043824775096452,0.3,ok,,,
vanderpol_mu2,linear_interp,Linear interpolation,32,0.16,0.01,1,5,,,0,1.0,0.0493580770635979,0.9529635515822056,0.03,ok,,,
vanderpol_mu2,smoothing_spline_cv,Tuned smoothing spline,32,0.16,0.01,1,5,0.0,0.000975529956141,4,1.0,0.008220015078799,0.9918470026820916,0.03,ok,,,
vanderpol_mu2,baseline,Baseline,32,0.16,0.01,2,1,,,0,1.0,0.1100574561370089,0.9008542706248666,0.3,ok,,,
vanderpol_mu2,linear_interp,Linear interpolation,32,0.16,0.01,2,5,,,0,1.0,0.0513677311225167,0.9511419938029934,0.1,ok,,,
vanderpol_mu2,smoothing_spline_cv,Tuned smoothing spline,32,0.16,0.01,2,5,0.0,0.000879485689624,4,1.0,0.0111492926397082,0.9889736434363694,0.03,ok,,,
vanderpol_mu2,baseline,Baseline,32,0.16,0.01,3,1,,,0,1.0,0.1057835400922204,0.9043361234302708,0.3,ok,,,
vanderpol_mu2,linear_interp,Linear interpolation,32,0.16,0.01,3,5,,,0,1.0,0.0473507764373741,0.9547899543279658,0.1,ok,,,
vanderpol_mu2,smoothing_spline_cv,Tuned smoothing spline,32,0.16,0.01,3,5,0.0,0.0009326763931319,4,1.0,0.0067394437960199,0.993305672249606,0.03,ok,,,
vanderpol_mu2,baseline,Baseline,32,0.16,0.01,4,1,,,0,1.0,0.1087825996541066,0.9018900551938294,0.3,ok,,,
vanderpol_mu2,linear_interp,Linear interpolation,32,0.16,0.01,4,5,,,0,1.0,0.0507808689267475,0.9516732075845517,0.1,ok,,,
vanderpol_mu2,smoothing_spline_cv,Tuned smoothing spline,32,0.16,0.01,4,5,3e-05,0.0009069139592586,4,1.0,0.0104441712736984,0.989663781957856,0.03,ok,,,
vanderpol_mu2,baseline,Baseline,32,0.16,0.01,5,1,,,0,1.0,0.1012380589449988,0.9080688701932564,0.3,ok,,,
vanderpol_mu2,linear_interp,Linear interpolation,32,0.16,0.01,5,5,,,0,1.0,0.0436999829992588,0.9581297463724402,0.1,ok,,,
vanderpol_mu2,smoothing_spline_cv,Tuned smoothing spline,32,0.16,0.01,5,5,0.0,0.0009980203533713,4,1.0,0.0030248763577926,0.9969842459254084,0.03,ok,,,
vanderpol_mu2,baseline,Baseline,32,0.16,0.01,6,1,,,0,1.0,0.1114989706778242,0.8996859433798405,0.3,ok,,,
vanderpol_mu2,linear_interp,Linear interpolation,32,0.16,0.01,6,5,,,0,1.0,0.0513579121335928,0.9511508768413902,0.1,ok,,,
vanderpol_mu2,smoothing_spline_cv,Tuned smoothing spline,32,0.16,0.01,6,5,0.0,0.0009406711694905,4,1.0,0.0121543231544075,0.9879916304496648,0.03,ok,,,
vanderpol_mu2,baseline,Baseline,32,0.16,0.01,7,1,,,0,1.0,0.1086667139035354,0.901984327173558,0.3,ok,,,
vanderpol_mu2,linear_interp,Linear interpolation,32,0.16,0.01,7,5,,,0,1.0,0.0491123876852124,0.953186724071026,0.1,ok,,,
vanderpol_mu2,smoothing_spline_cv,Tuned smoothing spline,32,0.16,0.01,7,5,0.0,0.0009475114151253,4,1.0,0.0086922450334656,0.9913826590059912,0.03,ok,,,
vanderpol_mu2,baseline,Baseline,32,0.16,0.01,8,1,,,0,1.0,0.1073508431951482,0.903056159793586,0.3,ok,,,
vanderpol_mu2,linear_interp,Linear interpolation,32,0.16,0.01,8,5,,,0,1.0,0.0491339756236895,0.9531671104307908,0.1,ok,,,
vanderpol_mu2,smoothing_spline_cv,Tuned smoothing spline,32,0.16,0.01,8,5,0.0001,0.0010704657722193,4,1.0,0.005598817138528,0.9944323550872308,0.03,ok,,,
vanderpol_mu2,baseline,Baseline,32,0.16,0.01,9,1,,,0,1.0,0.1061223766219246,0.9040590997299772,0.3,ok,,,
vanderpol_mu2,linear_interp,Linear interpolation,32,0.16,0.01,9,5,,,0,1.0,0.0483962514841337,0.9538378247579358,0.03,ok,,,
vanderpol_mu2,smoothing_spline_cv,Tuned smoothing spline,32,0.16,0.01,9,5,0.0,0.0009459697462409,4,1.0,0.0075175158526835,0.9925385755240976,0.01,ok,,,
vanderpol_mu2,baseline,Baseline,32,0.16,0.03,0,1,,,0,1.0,0.1265750692851218,0.8876461296401303,0.3,ok,,,
vanderpol_mu2,linear_interp,Linear interpolation,32,0.16,0.03,0,5,,,0,1.0,0.0604651251601996,0.9429824482431092,0.1,ok,,,
vanderpol_mu2,smoothing_spline_cv,Tuned smoothing spline,32,0.16,0.03,0,5,0.0003,0.0026286392466787,4,1.0,0.0271618487296054,0.973556408113094,0.1,ok,,,
vanderpol_mu2,baseline,Baseline,32,0.16,0.03,1,1,,,0,1.0,0.1240430613990548,0.8896456322192292,0.3,ok,,,
vanderpol_mu2,linear_interp,Linear interpolation,32,0.16,0.03,1,5,,,0,1.0,0.061977114754465,0.941639877269112,0.1,ok,,,
vanderpol_mu2,smoothing_spline_cv,Tuned smoothing spline,32,0.16,0.03,1,5,0.0003,0.0022308875819701,4,1.0,0.0208642434342353,0.9795621762948158,0.1,ok,,,
vanderpol_mu2,baseline,Baseline,32,0.16,0.03,2,1,,,0,1.0,0.1140224627584406,0.8976479679986806,0.3,ok,,,
vanderpol_mu2,linear_interp,Linear interpolation,32,0.16,0.03,2,5,,,0,1.0,0.0537220775406083,0.9490168435437968,0.1,ok,,,
vanderpol_mu2,smoothing_spline_cv,Tuned smoothing spline,32,0.16,0.03,2,5,0.0003,0.0022726102699673,4,1.0,0.0176966306125638,0.9826110944261336,0.03,ok,,,
vanderpol_mu2,baseline,Baseline,32,0.16,0.03,3,1,,,0,1.0,0.0910778152602957,0.9165249132679252,0.3,ok,,,
vanderpol_mu2,linear_interp,Linear interpolation,32,0.16,0.03,3,5,,,0,1.0,0.0310819475156593,0.9698550172558544,0.03,ok,,,
vanderpol_mu2,smoothing_spline_cv,Tuned smoothing spline,32,0.16,0.03,3,5,0.0003,0.0028935455402452,4,1.0,0.0114481846067904,0.9886813928968186,0.1,ok,,,
vanderpol_mu2,baseline,Baseline,32,0.16,0.03,4,1,,,0,1.0,0.1125986351715807,0.8987967164329513,0.3,ok,,,
vanderpol_mu2,linear_interp,Linear interpolation,32,0.16,0.03,4,5,,,0,1.0,0.0537583775941239,0.9489841516450273,0.1,ok,,,
vanderpol_mu2,smoothing_spline_cv,Tuned smoothing spline,32,0.16,0.03,4,5,0.0003,0.0029554517559142,4,1.0,0.0197601494652093,0.9806227479318818,0.1,ok,,,
vanderpol_mu2,baseline,Baseline,32,0.16,0.03,5,1,,,0,1.0,0.112533721920946,0.8988491587233504,0.3,ok,,,
vanderpol_mu2,linear_interp,Linear interpolation,32,0.16,0.03,5,5,,,0,1.0,0.046960340932117,0.9551460173837072,0.1,ok,,,
vanderpol_mu2,smoothing_spline_cv,Tuned smoothing spline,32,0.16,0.03,5,5,0.0003,0.0024155543361075,4,1.0,0.0112805148513812,0.9888453157301867,0.1,ok,,,
vanderpol_mu2,baseline,Baseline,32,0.16,0.03,6,1,,,0,1.0,0.1252740240581208,0.8886724287775344,0.3,ok,,,
vanderpol_mu2,linear_interp,Linear interpolation,32,0.16,0.03,6,5,,,0,1.0,0.0623144377047321,0.9413408728216378,0.1,ok,,,
vanderpol_mu2,smoothing_spline_cv,Tuned smoothing spline,32,0.16,0.03,6,5,3e-05,0.0025509944058576,4,1.0,0.0249164289062531,0.9756893067536804,0.1,ok,,,
vanderpol_mu2,baseline,Baseline,32,0.16,0.03,7,1,,,0,1.0,0.1094580879138921,0.9013409437397444,0.3,ok,,,
vanderpol_mu2,linear_interp,Linear interpolation,32,0.16,0.03,7,5,,,0,1.0,0.0526637129958219,0.9499709999065664,0.1,ok,,,
vanderpol_mu2,smoothing_spline_cv,Tuned smoothing spline,32,0.16,0.03,7,5,0.0003,0.0027469593641655,4,1.0,0.0205906552813488,0.9798247660070212,0.1,ok,,,
vanderpol_mu2,baseline,Baseline,32,0.16,0.03,8,1,,,0,1.0,0.1202630319848142,0.89264750460279,0.3,ok,,,
vanderpol_mu2,linear_interp,Linear interpolation,32,0.16,0.03,8,5,,,0,1.0,0.0589178615020729,0.94436031004473,0.1,ok,,,
vanderpol_mu2,smoothing_spline_cv,Tuned smoothing spline,32,0.16,0.03,8,5,0.0003,0.002417257595489,4,1.0,0.0216261420834075,0.9788316477108688,0.03,ok,,,
vanderpol_mu2,baseline,Baseline,32,0.16,0.03,9,1,,,0,1.0,0.1267765265400393,0.887487426695577,0.3,ok,,,
vanderpol_mu2,linear_interp,Linear interpolation,32,0.16,0.03,9,5,,,0,1.0,0.0607275452939918,0.9427491578177498,0.1,ok,,,
vanderpol_mu2,smoothing_spline_cv,Tuned smoothing spline,32,0.16,0.03,9,5,0.0003,0.0028211761859124,4,1.0,0.0183259208325848,0.9820038747343272,0.1,ok,,,
vanderpol_mu2,baseline,Baseline,32,0.16,0.05,0,1,,,0,1.0,0.073381313070437,0.9316353730245892,0.1,ok,,,
vanderpol_mu2,linear_interp,Linear interpolation,32,0.16,0.05,0,5,,,0,1.0,0.019452772804957,0.9809184168959256,0.1,ok,,,
vanderpol_mu2,smoothing_spline_cv,Tuned smoothing spline,32,0.16,0.05,0,5,0.001,0.0053484588701474,4,1.0,0.0307490887512089,0.9701682115591655,0.1,ok,,,
vanderpol_mu2,baseline,Baseline,32,0.16,0.05,1,1,,,0,1.0,0.0882011162646438,0.918947780013861,0.1,ok,,,
vanderpol_mu2,linear_interp,Linear interpolation,32,0.16,0.05,1,5,,,0,1.0,0.0363636392234307,0.9649122780391264,0.1,ok,,,
vanderpol_mu2,smoothing_spline_cv,Tuned smoothing spline,32,0.16,0.05,1,5,0.001,0.0050624319337589,4,1.0,0.0239077146819186,0.9766505180700336,0.1,ok,,,
vanderpol_mu2,baseline,Baseline,32,0.16,0.05,2,1,,,0,1.0,0.1425042890821869,0.8752702371063608,0.3,ok,,,
vanderpol_mu2,linear_interp,Linear interpolation,32,0.16,0.05,2,5,,,0,1.0,0.0743807941090892,0.9307686860032078,0.03,ok,,,
vanderpol_mu2,smoothing_spline_cv,Tuned smoothing spline,32,0.16,0.05,2,5,0.001,0.0078869641743716,4,1.0,0.0403472366088656,0.9612175289277626,0.1,ok,,,
vanderpol_mu2,baseline,Baseline,32,0.16,0.05,3,1,,,0,1.0,0.1113608387131089,0.899797766095431,0.3,ok,,,
vanderpol_mu2,linear_interp,Linear interpolation,32,0.16,0.05,3,5,,,0,1.0,0.0568960739655407,0.9461668224841984,0.3,ok,,,
vanderpol_mu2,smoothing_spline_cv,Tuned smoothing spline,32,0.16,0.05,3,5,0.001,0.0055683774254559,4,1.0,0.0445886230721634,0.957314657572062,0.3,ok,,,
vanderpol_mu2,baseline,Baseline,32,0.16,0.05,4,1,,,0,1.0,0.1061842220616805,0.9040085548645984,0.3,ok,,,
vanderpol_mu2,linear_interp,Linear interpolation,32,0.16,0.05,4,5,,,0,1.0,0.0452635977673846,0.9566964755454368,0.1,ok,,,
vanderpol_mu2,smoothing_spline_cv,Tuned smoothing spline,32,0.16,0.05,4,5,0.0003,0.0058783081714949,4,1.0,0.01324524330655,0.986927899840589,0.1,ok,,,
vanderpol_mu2,baseline,Baseline,32,0.16,0.05,5,1,,,0,1.0,0.138040477312666,0.8787033677056632,0.3,ok,,,
vanderpol_mu2,linear_interp,Linear interpolation,32,0.16,0.05,5,5,,,0,1.0,0.074056498417899,0.9310497180297448,0.3,ok,,,
vanderpol_mu2,smoothing_spline_cv,Tuned smoothing spline,32,0.16,0.05,5,5,0.0001,0.0058735649448712,4,1.0,0.0485485822410508,0.9536992533647906,0.3,ok,,,
vanderpol_mu2,baseline,Baseline,32,0.16,0.05,6,1,,,0,1.0,0.1571910193799584,0.8641615630026374,0.1,ok,,,
vanderpol_mu2,linear_interp,Linear interpolation,32,0.16,0.05,6,5,,,0,1.0,0.0912792792912758,0.9163557111149802,0.1,ok,,,
vanderpol_mu2,smoothing_spline_cv,Tuned smoothing spline,32,0.16,0.05,6,5,0.001,0.0060827145437609,4,1.0,0.0555035974395911,0.9474150561170704,0.1,ok,,,
vanderpol_mu2,baseline,Baseline,32,0.16,0.05,7,1,,,0,1.0,0.1017944017512023,0.9076103476388976,0.1,ok,,,
vanderpol_mu2,linear_interp,Linear interpolation,32,0.16,0.05,7,5,,,0,1.0,0.0435554593716759,0.9582624392594326,0.1,ok,,,
vanderpol_mu2,smoothing_spline_cv,Tuned smoothing spline,32,0.16,0.05,7,5,1e-05,0.0055345260040649,4,1.0,0.017091465098006,0.9831957442525986,0.1,ok,,,
vanderpol_mu2,baseline,Baseline,32,0.16,0.05,8,1,,,0,1.0,0.1818484699290821,0.8461321611390722,0.3,ok,,,
vanderpol_mu2,linear_interp,Linear interpolation,32,0.16,0.05,8,5,,,0,1.0,0.1205417511803331,0.8924254709355011,0.1,ok,,,
vanderpol_mu2,smoothing_spline_cv,Tuned smoothing spline,32,0.16,0.05,8,5,0.0003,0.0053092174764077,4,1.0,0.0971425047914128,0.9114586260516072,0.1,ok,,,
vanderpol_mu2,baseline,Baseline,32,0.16,0.05,9,1,,,0,1.0,0.1115529118164587,0.8996422836640651,0.3,ok,,,
vanderpol_mu2,linear_interp,Linear interpolation,32,0.16,0.05,9,5,,,0,1.0,0.050404228815154,0.952014446027117,0.1,ok,,,
vanderpol_mu2,smoothing_spline_cv,Tuned smoothing spline,32,0.16,0.05,9,5,0.001,0.0056007515473989,4,1.0,0.0255708972402103,0.9750666703696242,0.1,ok,,,
vanderpol_mu2,baseline,Baseline,32,0.16,0.1,0,1,,,0,1.0,0.1721464338881107,0.8531357269781676,0.3,ok,,,
vanderpol_mu2,linear_interp,Linear interpolation,32,0.16,0.1,0,5,,,0,1.0,0.0974440154030495,0.9112082128697362,0.3,ok,,,
vanderpol_mu2,smoothing_spline_cv,Tuned smoothing spline,32,0.16,0.1,0,5,0.003,0.0168905242864159,4,1.0,0.0649756766562507,0.9389885815418266,0.3,ok,,,
vanderpol_mu2,baseline,Baseline,32,0.16,0.1,1,1,,,0,1.0,0.2247816101245696,0.8164720891737527,0.1,ok,,,
vanderpol_mu2,linear_interp,Linear interpolation,32,0.16,0.1,1,5,,,0,1.0,0.1575866909065813,0.863866186312867,0.3,ok,,,
vanderpol_mu2,smoothing_spline_cv,Tuned smoothing spline,32,0.16,0.1,1,5,0.003,0.0190750412211177,4,0.8571428571428571,0.3328891222523003,0.643071387434288,0.3,ok,,,
vanderpol_mu2,baseline,Baseline,32,0.16,0.1,2,1,,,0,1.0,0.2644624217456497,0.7908499159820448,0.3,ok,,,
vanderpol_mu2,linear_interp,Linear interpolation,32,0.16,0.1,2,5,,,0,1.0,0.1880295069409386,0.8417299352899941,0.3,ok,,,
vanderpol_mu2,smoothing_spline_cv,Tuned smoothing spline,32,0.16,0.1,2,5,0.003,0.0198286112073298,4,1.0,0.1443032532780078,0.8738942209028664,0.3,ok,,,
vanderpol_mu2,baseline,Baseline,32,0.16,0.1,3,1,,,0,1.0,0.245765369328921,0.8027193760721476,0.3,ok,,,
vanderpol_mu2,linear_interp,Linear interpolation,32,0.16,0.1,3,5,,,0,0.8888888888888888,0.1753886504456654,0.7562510396470596,0.3,ok,,,
vanderpol_mu2,smoothing_spline_cv,Tuned smoothing spline,32,0.16,0.1,3,5,0.003,0.0202925087563451,4,0.8888888888888888,0.1413109417523671,0.7788314791095319,0.3,ok,,,
vanderpol_mu2,baseline,Baseline,32,0.16,0.1,4,1,,,0,1.0,0.1656703117340913,0.8578754987011425,0.3,ok,,,
vanderpol_mu2,linear_interp,Linear interpolation,32,0.16,0.1,4,5,,,0,1.0,0.0969459655989713,0.9116219315816204,0.3,ok,,,
vanderpol_mu2,smoothing_spline_cv,Tuned smoothing spline,32,0.16,0.1,4,5,0.003,0.0201581203303576,4,1.0,0.0843281969087235,0.9222300064232102,0.3,ok,,,
vanderpol_mu2,baseline,Baseline,32,0.16,0.1,5,1,,,0,1.0,0.1839689354028902,0.8446167547966215,0.1,ok,,,
vanderpol_mu2,linear_interp,Linear interpolation,32,0.16,0.1,5,5,,,0,1.0,0.1057086477177697,0.9043973763468732,0.1,ok,,,
vanderpol_mu2,smoothing_spline_cv,Tuned smoothing spline,32,0.16,0.1,5,5,0.003,0.0195034287887623,4,1.0,0.0437480159110707,0.9580856535828872,0.3,ok,,,
vanderpol_mu2,baseline,Baseline,32,0.16,0.1,6,1,,,0,1.0,0.1630948504071343,0.8597751074643276,0.3,ok,,,
vanderpol_mu2,linear_interp,Linear interpolation,32,0.16,0.1,6,5,,,0,1.0,0.0796528763848306,0.9262236241600684,0.1,ok,,,
vanderpol_mu2,smoothing_spline_cv,Tuned smoothing spline,32,0.16,0.1,6,5,0.003,0.0225862007076392,4,1.0,0.0430516738250893,0.9587252722895214,0.3,ok,,,
vanderpol_mu2,baseline,Baseline,32,0.16,0.1,7,1,,,0,1.0,0.1987905699416756,0.834174062654374,0.1,ok,,,
vanderpol_mu2,linear_interp,Linear interpolation,32,0.16,0.1,7,5,,,0,1.0,0.1324547505032902,0.8830374896264737,0.1,ok,,,
vanderpol_mu2,smoothing_spline_cv,Tuned smoothing spline,32,0.16,0.1,7,5,0.003,0.0181498225678045,4,1.0,0.1116755479465831,0.8995430382966836,0.1,ok,,,
vanderpol_mu2,baseline,Baseline,32,0.16,0.1,8,1,,,0,1.0,0.1996047542995781,0.8336078999485769,0.3,ok,,,
vanderpol_mu2,linear_interp,Linear interpolation,32,0.16,0.1,8,5,,,0,1.0,0.1228086716144483,0.8906236879718199,0.1,ok,,,
vanderpol_mu2,smoothing_spline_cv,Tuned smoothing spline,32,0.16,0.1,8,5,0.0003,0.0165936706311342,4,1.0,0.101619027982308,0.907754835926872,0.1,ok,,,
vanderpol_mu2,baseline,Baseline,32,0.16,0.1,9,1,,,0,1.0,0.2444706142760637,0.8035545303588565,0.1,ok,,,
vanderpol_mu2,linear_interp,Linear interpolation,32,0.16,0.1,9,5,,,0,0.8571428571428571,0.3497443880440207,0.6350408749503925,0.3,ok,,,
vanderpol_mu2,smoothing_spline_cv,Tuned smoothing spline,32,0.16,0.1,9,5,0.003,0.0182698326653515,4,1.0,0.1048279059401191,0.905118339809747,0.3,ok,,,
vanderpol_mu2,baseline,Baseline,64,0.32,0.0,0,1,,,0,0.8,0.7152533904965458,0.466403392310689,0.3,ok,,,
vanderpol_mu2,linear_interp,Linear interpolation,64,0.32,0.0,0,5,,,0,1.0,0.1271413327241937,0.887200185963454,0.3,ok,,,
vanderpol_mu2,smoothing_spline_cv,Tuned smoothing spline,64,0.32,0.0,0,5,0.0,0.0600949329534887,4,1.0,0.0466366972670772,0.9554413700677106,0.3,ok,,,
vanderpol_mu2,baseline,Baseline,64,0.32,0.0,1,1,,,0,0.8,0.7152533904965458,0.466403392310689,0.3,ok,,,
vanderpol_mu2,linear_interp,Linear interpolation,64,0.32,0.0,1,5,,,0,1.0,0.1271413327241937,0.887200185963454,0.3,ok,,,
vanderpol_mu2,smoothing_spline_cv,Tuned smoothing spline,64,0.32,0.0,1,5,0.0,0.0600949329534887,4,1.0,0.0466366972670772,0.9554413700677106,0.3,ok,,,
vanderpol_mu2,baseline,Baseline,64,0.32,0.0,2,1,,,0,0.8,0.7152533904965458,0.466403392310689,0.3,ok,,,
vanderpol_mu2,linear_interp,Linear interpolation,64,0.32,0.0,2,5,,,0,1.0,0.1271413327241937,0.887200185963454,0.3,ok,,,
vanderpol_mu2,smoothing_spline_cv,Tuned smoothing spline,64,0.32,0.0,2,5,0.0,0.0600949329534887,4,1.0,0.0466366972670772,0.9554413700677106,0.3,ok,,,
vanderpol_mu2,baseline,Baseline,64,0.32,0.0,3,1,,,0,0.8,0.7152533904965458,0.466403392310689,0.3,ok,,,
vanderpol_mu2,linear_interp,Linear interpolation,64,0.32,0.0,3,5,,,0,1.0,0.1271413327241937,0.887200185963454,0.3,ok,,,
vanderpol_mu2,smoothing_spline_cv,Tuned smoothing spline,64,0.32,0.0,3,5,0.0,0.0600949329534887,4,1.0,0.0466366972670772,0.9554413700677106,0.3,ok,,,
vanderpol_mu2,baseline,Baseline,64,0.32,0.0,4,1,,,0,0.8,0.7152533904965458,0.466403392310689,0.3,ok,,,
vanderpol_mu2,linear_interp,Linear interpolation,64,0.32,0.0,4,5,,,0,1.0,0.1271413327241937,0.887200185963454,0.3,ok,,,
vanderpol_mu2,smoothing_spline_cv,Tuned smoothing spline,64,0.32,0.0,4,5,0.0,0.0600949329534887,4,1.0,0.0466366972670772,0.9554413700677106,0.3,ok,,,
vanderpol_mu2,baseline,Baseline,64,0.32,0.0,5,1,,,0,0.8,0.7152533904965458,0.466403392310689,0.3,ok,,,
vanderpol_mu2,linear_interp,Linear interpolation,64,0.32,0.0,5,5,,,0,1.0,0.1271413327241937,0.887200185963454,0.3,ok,,,
vanderpol_mu2,smoothing_spline_cv,Tuned smoothing spline,64,0.32,0.0,5,5,0.0,0.0600949329534887,4,1.0,0.0466366972670772,0.9554413700677106,0.3,ok,,,
vanderpol_mu2,baseline,Baseline,64,0.32,0.0,6,1,,,0,0.8,0.7152533904965458,0.466403392310689,0.3,ok,,,
vanderpol_mu2,linear_interp,Linear interpolation,64,0.32,0.0,6,5,,,0,1.0,0.1271413327241937,0.887200185963454,0.3,ok,,,
vanderpol_mu2,smoothing_spline_cv,Tuned smoothing spline,64,0.32,0.0,6,5,0.0,0.0600949329534887,4,1.0,0.0466366972670772,0.9554413700677106,0.3,ok,,,
vanderpol_mu2,baseline,Baseline,64,0.32,0.0,7,1,,,0,0.8,0.7152533904965458,0.466403392310689,0.3,ok,,,
vanderpol_mu2,linear_interp,Linear interpolation,64,0.32,0.0,7,5,,,0,1.0,0.1271413327241937,0.887200185963454,0.3,ok,,,
vanderpol_mu2,smoothing_spline_cv,Tuned smoothing spline,64,0.32,0.0,7,5,0.0,0.0600949329534887,4,1.0,0.0466366972670772,0.9554413700677106,0.3,ok,,,
vanderpol_mu2,baseline,Baseline,64,0.32,0.0,8,1,,,0,0.8,0.7152533904965458,0.466403392310689,0.3,ok,,,
vanderpol_mu2,linear_interp,Linear interpolation,64,0.32,0.0,8,5,,,0,1.0,0.1271413327241937,0.887200185963454,0.3,ok,,,
vanderpol_mu2,smoothing_spline_cv,Tuned smoothing spline,64,0.32,0.0,8,5,0.0,0.0600949329534887,4,1.0,0.0466366972670772,0.9554413700677106,0.3,ok,,,
vanderpol_mu2,baseline,Baseline,64,0.32,0.0,9,1,,,0,0.8,0.7152533904965458,0.466403392310689,0.3,ok,,,
vanderpol_mu2,linear_interp,Linear interpolation,64,0.32,0.0,9,5,,,0,1.0,0.1271413327241937,0.887200185963454,0.3,ok,,,
vanderpol_mu2,smoothing_spline_cv,Tuned smoothing spline,64,0.32,0.0,9,5,0.0,0.0600949329534887,4,1.0,0.0466366972670772,0.9554413700677106,0.3,ok,,,
vanderpol_mu2,baseline,Baseline,64,0.32,0.01,0,1,,,0,0.8,0.6879058390122502,0.4739600880035785,0.3,ok,,,
vanderpol_mu2,linear_interp,Linear interpolation,64,0.32,0.01,0,5,,,0,1.0,0.1301638375237024,0.884827461999754,0.3,ok,,,
vanderpol_mu2,smoothing_spline_cv,Tuned smoothing spline,64,0.32,0.01,0,5,0.0,0.0596131090023271,4,1.0,0.0500302755704377,0.9523534923378676,0.3,ok,,,
vanderpol_mu2,baseline,Baseline,64,0.32,0.01,1,1,,,0,0.8,0.709463139157611,0.4679831823657946,0.3,ok,,,
vanderpol_mu2,linear_interp,Linear interpolation,64,0.32,0.01,1,5,,,0,1.0,0.1249685657597306,0.8889137265134738,0.3,ok,,,
vanderpol_mu2,smoothing_spline_cv,Tuned smoothing spline,64,0.32,0.01,1,5,0.0,0.062599681297335,4,1.0,0.0449216401616268,0.9570095608751308,0.3,ok,,,
vanderpol_mu2,baseline,Baseline,64,0.32,0.01,2,1,,,0,0.8,0.6964412015024545,0.4715754364439389,0.3,ok,,,
vanderpol_mu2,linear_interp,Linear interpolation,64,0.32,0.01,2,5,,,0,1.0,0.1225666803339107,0.8908156793880138,0.3,ok,,,
vanderpol_mu2,smoothing_spline_cv,Tuned smoothing spline,64,0.32,0.01,2,5,0.0,0.0596552014448978,4,1.0,0.0405890665152288,0.960994144738465,0.3,ok,,,
vanderpol_mu2,baseline,Baseline,64,0.32,0.01,3,1,,,0,0.8,0.7201324350004035,0.4650804692255061,0.3,ok,,,
vanderpol_mu2,linear_interp,Linear interpolation,64,0.32,0.01,3,5,,,0,1.0,0.1293781816768257,0.8854429952907947,0.3,ok,,,
vanderpol_mu2,smoothing_spline_cv,Tuned smoothing spline,64,0.32,0.01,3,5,0.0,0.0582869399959995,4,1.0,0.0518006868489594,0.9507504725024029,0.3,ok,,,
vanderpol_mu2,baseline,Baseline,64,0.32,0.01,4,1,,,0,0.8,0.6745560299370176,0.4777385681326465,0.3,ok,,,
vanderpol_mu2,linear_interp,Linear interpolation,64,0.32,0.01,4,5,,,0,1.0,0.1380532283040903,0.8786935225254665,0.3,ok,,,
vanderpol_mu2,smoothing_spline_cv,Tuned smoothing spline,64,0.32,0.01,4,5,1e-07,0.0588023298525865,4,1.0,0.0624268428732892,0.9412412785952786,0.3,ok,,,
vanderpol_mu2,baseline,Baseline,64,0.32,0.01,5,1,,,0,0.8,0.7893140044609392,0.4470987194005746,0.3,ok,,,
vanderpol_mu2,linear_interp,Linear interpolation,64,0.32,0.01,5,5,,,0,1.0,0.1245972220620653,0.8892072471656978,0.3,ok,,,
vanderpol_mu2,smoothing_spline_cv,Tuned smoothing spline,64,0.32,0.01,5,5,0.0,0.0644650647616827,4,1.0,0.0435761808910733,0.9582434117518234,0.3,ok,,,
vanderpol_mu2,baseline,Baseline,64,0.32,0.01,6,1,,,0,0.8,0.6852476855537188,0.4747076687051764,0.3,ok,,,
vanderpol_mu2,linear_interp,Linear interpolation,64,0.32,0.01,6,5,,,0,1.0,0.1259691512104228,0.888123798884716,0.3,ok,,,
vanderpol_mu2,smoothing_spline_cv,Tuned smoothing spline,64,0.32,0.01,6,5,0.0,0.0587859207270944,4,1.0,0.0459305573815201,0.956086417920032,0.3,ok,,,
vanderpol_mu2,baseline,Baseline,64,0.32,0.01,7,1,,,0,0.8,0.6510613606178597,0.4845368071000246,0.3,ok,,,
vanderpol_mu2,linear_interp,Linear interpolation,64,0.32,0.01,7,5,,,0,1.0,0.12842615284104,0.886190024471073,0.3,ok,,,
vanderpol_mu2,smoothing_spline_cv,Tuned smoothing spline,64,0.32,0.01,7,5,0.0,0.05949081008129,4,1.0,0.0489661828011069,0.953319579216224,0.3,ok,,,
vanderpol_mu2,baseline,Baseline,64,0.32,0.01,8,1,,,0,0.8,0.6928503915280635,0.4725757243543975,0.3,ok,,,
vanderpol_mu2,linear_interp,Linear interpolation,64,0.32,0.01,8,5,,,0,1.0,0.126472146999521,0.8877272311291555,0.3,ok,,,
vanderpol_mu2,smoothing_spline_cv,Tuned smoothing spline,64,0.32,0.01,8,5,0.0,0.0588483477305125,4,1.0,0.0461863390122988,0.9558526647787208,0.3,ok,,,
vanderpol_mu2,baseline,Baseline,64,0.32,0.01,9,1,,,0,0.8,0.7183035193258176,0.4655754882664052,0.3,ok,,,
vanderpol_mu2,linear_interp,Linear interpolation,64,0.32,0.01,9,5,,,0,1.0,0.1286276241340162,0.8860318307088125,0.3,ok,,,
vanderpol_mu2,smoothing_spline_cv,Tuned smoothing spline,64,0.32,0.01,9,5,0.0,0.0596980171717684,4,1.0,0.0494296599599711,0.9528985487585164,0.3,ok,,,
vanderpol_mu2,baseline,Baseline,64,0.32,0.03,0,1,,,0,0.8,0.5773411703583551,0.5071826026187147,0.3,ok,,,
vanderpol_mu2,linear_interp,Linear interpolation,64,0.32,0.03,0,5,,,0,1.0,0.1430280342734415,0.8748691808207868,0.3,ok,,,
vanderpol_mu2,smoothing_spline_cv,Tuned smoothing spline,64,0.32,0.03,0,5,0.0,0.061603366102113,4,1.0,0.0675239162403551,0.9367471630254772,0.3,ok,,,
vanderpol_mu2,baseline,Baseline,64,0.32,0.03,1,1,,,0,0.8,0.6172198676155219,0.494676089516229,0.3,ok,,,
vanderpol_mu2,linear_interp,Linear interpolation,64,0.32,0.03,1,5,,,0,1.0,0.1554394518834285,0.8654715730624795,0.3,ok,,,
vanderpol_mu2,smoothing_spline_cv,Tuned smoothing spline,64,0.32,0.03,1,5,0.0,0.0618885090160958,4,1.0,0.0788610087221844,0.926903458291084,0.3,ok,,,
vanderpol_mu2,baseline,Baseline,64,0.32,0.03,2,1,,,0,0.8,0.617702366459297,0.4945285465279863,0.1,ok,,,
vanderpol_mu2,linear_interp,Linear interpolation,64,0.32,0.03,2,5,,,0,1.0,0.1381762712140032,0.8785985310811114,0.3,ok,,,
vanderpol_mu2,smoothing_spline_cv,Tuned smoothing spline,64,0.32,0.03,2,5,0.0,0.0620685403734379,4,1.0,0.0643818864223322,0.9395124181991328,0.3,ok,,,
vanderpol_mu2,baseline,Baseline,64,0.32,0.03,3,1,,,0,0.8,0.5540537123093294,0.5147827218991017,0.3,ok,,,
vanderpol_mu2,linear_interp,Linear interpolation,64,0.32,0.03,3,5,,,0,1.0,0.1376175805038813,0.8790300160068494,0.1,ok,,,
vanderpol_mu2,smoothing_spline_cv,Tuned smoothing spline,64,0.32,0.03,3,5,0.0,0.0604556986700805,4,1.0,0.054979218540134,0.9478859700988104,0.3,ok,,,
vanderpol_mu2,baseline,Baseline,64,0.32,0.03,4,1,,,0,0.8,0.6897392638127061,0.4734458251238657,0.3,ok,,,
vanderpol_mu2,linear_interp,Linear interpolation,64,0.32,0.03,4,5,,,0,1.0,0.13603636839027,0.8802535093282008,0.3,ok,,,
vanderpol_mu2,smoothing_spline_cv,Tuned smoothing spline,64,0.32,0.03,4,5,0.0,0.06109572008177,4,1.0,0.0568358569060366,0.9462207337737124,0.3,ok,,,
vanderpol_mu2,baseline,Baseline,64,0.32,0.03,5,1,,,0,0.8,0.6506141141029967,0.4846680960526918,0.3,ok,,,
vanderpol_mu2,linear_interp,Linear interpolation,64,0.32,0.03,5,5,,,0,1.0,0.1370648468173441,0.8794573174951368,0.3,ok,,,
vanderpol_mu2,smoothing_spline_cv,Tuned smoothing spline,64,0.32,0.03,5,5,1e-07,0.0641320883655427,4,1.0,0.0565110990761071,0.9465115897736192,0.3,ok,,,
vanderpol_mu2,baseline,Baseline,64,0.32,0.03,6,1,,,0,0.8,0.8159493937654624,0.4405409108571907,0.3,ok,,,
vanderpol_mu2,linear_interp,Linear interpolation,64,0.32,0.03,6,5,,,0,1.0,0.107956506814063,0.902562504800398,0.3,ok,,,
vanderpol_mu2,smoothing_spline_cv,Tuned smoothing spline,64,0.32,0.03,6,5,0.0,0.0592882907217649,4,1.0,0.0240892547724733,0.9764773874345304,0.3,ok,,,
vanderpol_mu2,baseline,Baseline,64,0.32,0.03,7,1,,,0,0.8,0.5652505635419198,0.511100279171741,0.3,ok,,,
vanderpol_mu2,linear_interp,Linear interpolation,64,0.32,0.03,7,5,,,0,1.0,0.1508456146637575,0.8689262810391556,0.1,ok,,,
vanderpol_mu2,smoothing_spline_cv,Tuned smoothing spline,64,0.32,0.03,7,5,1e-07,0.0645891532403186,4,1.0,0.0734867756016847,0.9315438463967144,0.3,ok,,,
vanderpol_mu2,baseline,Baseline,64,0.32,0.03,8,1,,,0,0.8,0.6240509312359187,0.492595388859629,0.3,ok,,,
vanderpol_mu2,linear_interp,Linear interpolation,64,0.32,0.03,8,5,,,0,1.0,0.1339765537606911,0.8818524480807167,0.3,ok,,,
vanderpol_mu2,smoothing_spline_cv,Tuned smoothing spline,64,0.32,0.03,8,5,0.0,0.0606028366335388,4,1.0,0.0588461241737165,0.9444242909047452,0.3,ok,,,
vanderpol_mu2,baseline,Baseline,64,0.32,0.03,9,1,,,0,0.8,0.6540839991070887,0.483651374677379,0.1,ok,,,
vanderpol_mu2,linear_interp,Linear interpolation,64,0.32,0.03,9,5,,,0,1.0,0.1433281267377293,0.8746395515111755,0.3,ok,,,
vanderpol_mu2,smoothing_spline_cv,Tuned smoothing spline,64,0.32,0.03,9,5,0.0,0.0581720742614564,4,1.0,0.0584046855686245,0.9448181906552628,0.3,ok,,,
vanderpol_mu2,baseline,Baseline,64,0.32,0.05,0,1,,,0,0.8571428571428571,0.4711967298790964,0.5826160701249639,0.3,ok,,,
vanderpol_mu2,linear_interp,Linear interpolation,64,0.32,0.05,0,5,,,0,1.0,0.1715506915424685,0.8535695529174208,0.1,ok,,,
vanderpol_mu2,smoothing_spline_cv,Tuned smoothing spline,64,0.32,0.05,0,5,0.0,0.0600816109954721,4,1.0,0.0996004415683851,0.9094212426594492,0.3,ok,,,
vanderpol_mu2,baseline,Baseline,64,0.32,0.05,1,1,,,0,1.0,0.3091776374981465,0.7638382839406053,0.3,ok,,,
vanderpol_mu2,linear_interp,Linear interpolation,64,0.32,0.05,1,5,,,0,1.0,0.1503041858140203,0.8693352700375887,0.1,ok,,,
vanderpol_mu2,smoothing_spline_cv,Tuned smoothing spline,64,0.32,0.05,1,5,1e-07,0.0596962711017504,4,1.0,0.0754270897550666,0.9298631302171816,0.1,ok,,,
vanderpol_mu2,baseline,Baseline,64,0.32,0.05,2,1,,,0,1.0,0.2869239074208631,0.7770467191056462,0.3,ok,,,
vanderpol_mu2,linear_interp,Linear interpolation,64,0.32,0.05,2,5,,,0,1.0,0.1170385655152557,0.8952242392264501,0.1,ok,,,
vanderpol_mu2,smoothing_spline_cv,Tuned smoothing spline,64,0.32,0.05,2,5,1e-07,0.0765878219831977,4,1.0,0.0350067298495319,0.9661772925335266,0.3,ok,,,
vanderpol_mu2,baseline,Baseline,64,0.32,0.05,3,1,,,0,1.0,0.313925568847342,0.7610781186618225,0.3,ok,,,
vanderpol_mu2,linear_interp,Linear interpolation,64,0.32,0.05,3,5,,,0,1.0,0.1512515633262658,0.8686198845287465,0.3,ok,,,
vanderpol_mu2,smoothing_spline_cv,Tuned smoothing spline,64,0.32,0.05,3,5,0.0,0.0646785027928905,4,1.0,0.0779204318261747,0.9277122600838312,0.3,ok,,,
vanderpol_mu2,baseline,Baseline,64,0.32,0.05,4,1,,,0,1.0,0.3060395582976171,0.7656735920797603,0.3,ok,,,
vanderpol_mu2,linear_interp,Linear interpolation,64,0.32,0.05,4,5,,,0,1.0,0.1292864743550184,0.8855149005225984,0.3,ok,,,
vanderpol_mu2,smoothing_spline_cv,Tuned smoothing spline,64,0.32,0.05,4,5,0.0,0.0769419026421565,4,1.0,0.0517794655852177,0.9507696553512696,0.3,ok,,,
vanderpol_mu2,baseline,Baseline,64,0.32,0.05,5,1,,,0,0.8571428571428571,0.4593563003466221,0.5873431025303902,0.3,ok,,,
vanderpol_mu2,linear_interp,Linear interpolation,64,0.32,0.05,5,5,,,0,1.0,0.1520474099434824,0.8680198326638818,0.1,ok,,,
vanderpol_mu2,smoothing_spline_cv,Tuned smoothing spline,64,0.32,0.05,5,5,1e-07,0.0602282143222702,4,1.0,0.0778194555508188,0.927799173460782,0.1,ok,,,
vanderpol_mu2,baseline,Baseline,64,0.32,0.05,6,1,,,0,0.8,0.602984493399687,0.4990690822612522,0.1,ok,,,
vanderpol_mu2,linear_interp,Linear interpolation,64,0.32,0.05,6,5,,,0,1.0,0.1578208920786665,0.8636914455781441,0.3,ok,,,
vanderpol_mu2,smoothing_spline_cv,Tuned smoothing spline,64,0.32,0.05,6,5,0.0,0.060960620874271,4,1.0,0.0965453470460604,0.9119549890881028,0.3,ok,,,
vanderpol_mu2,baseline,Baseline,64,0.32,0.05,7,1,,,0,0.8,0.5966171435676889,0.501059382471853,0.3,ok,,,
vanderpol_mu2,linear_interp,Linear interpolation,64,0.32,0.05,7,5,,,0,1.0,0.1193870305341484,0.8933460659472002,0.3,ok,,,
vanderpol_mu2,smoothing_spline_cv,Tuned smoothing spline,64,0.32,0.05,7,5,0.0,0.0637536499752292,4,1.0,0.0445319813134892,0.9573665698033575,0.3,ok,,,
vanderpol_mu2,baseline,Baseline,64,0.32,0.05,8,1,,,0,1.0,0.3032008587006277,0.7673414219486182,0.3,ok,,,
vanderpol_mu2,linear_interp,Linear interpolation,64,0.32,0.05,8,5,,,0,1.0,0.143083911203721,0.874826414927801,0.3,ok,,,
vanderpol_mu2,smoothing_spline_cv,Tuned smoothing spline,64,0.32,0.05,8,5,3e-08,0.0531565022057048,4,0.6,9.509612840615048,0.0570905902148234,1.0,ok,,,
vanderpol_mu2,baseline,Baseline,64,0.32,0.05,9,1,,,0,1.0,0.3101810341721676,0.7632533015804536,0.3,ok,,,
vanderpol_mu2,linear_interp,Linear interpolation,64,0.32,0.05,9,5,,,0,1.0,0.1422183983924679,0.8754893122080482,0.1,ok,,,
vanderpol_mu2,smoothing_spline_cv,Tuned smoothing spline,64,0.32,0.05,9,5,0.0,0.0697832853315937,4,1.0,0.0642626946393612,0.9396176386121122,0.3,ok,,,
vanderpol_mu2,baseline,Baseline,64,0.32,0.1,0,1,,,0,1.0,0.4222783488419331,0.7030972529492794,0.3,ok,,,
vanderpol_mu2,linear_interp,Linear interpolation,64,0.32,0.1,0,5,,,0,1.0,0.2510480510603393,0.7993298092366949,0.3,ok,,,
vanderpol_mu2,smoothing_spline_cv,Tuned smoothing spline,64,0.32,0.1,0,5,3e-06,0.0868521661818007,4,1.0,0.1949976225934961,0.8368217485066674,0.3,ok,,,
vanderpol_mu2,baseline,Baseline,64,0.32,0.1,1,1,,,0,0.8571428571428571,0.4895539065930085,0.5754359431699672,0.3,ok,,,
vanderpol_mu2,linear_interp,Linear interpolation,64,0.32,0.1,1,5,,,0,1.0,0.1517780034199298,0.868222866759687,0.1,ok,,,
vanderpol_mu2,smoothing_spline_cv,Tuned smoothing spline,64,0.32,0.1,1,5,0.0,0.0735945643862986,4,1.0,0.0717991785067104,0.9330106050214136,0.3,ok,,,
vanderpol_mu2,baseline,Baseline,64,0.32,0.1,2,1,,,0,0.8571428571428571,0.4878055769186605,0.5761121415595538,0.3,ok,,,
vanderpol_mu2,linear_interp,Linear interpolation,64,0.32,0.1,2,5,,,0,1.0,0.155905404296669,0.8651226962715584,0.1,ok,,,
vanderpol_mu2,smoothing_spline_cv,Tuned smoothing spline,64,0.32,0.1,2,5,1e-06,0.0915160079458008,4,1.0,0.10534283582497,0.9046966855795942,0.3,ok,,,
vanderpol_mu2,baseline,Baseline,64,0.32,0.1,3,1,,,0,0.8,0.4894297080302384,0.5371183317257685,0.3,ok,,,
vanderpol_mu2,linear_interp,Linear interpolation,64,0.32,0.1,3,5,,,0,1.0,0.1912305619101233,0.8394680525963946,0.3,ok,,,
vanderpol_mu2,smoothing_spline_cv,Tuned smoothing spline,64,0.32,0.1,3,5,0.001,0.0931529450898848,4,1.0,0.1344310263463516,0.8814991628188168,0.3,ok,,,
vanderpol_mu2,baseline,Baseline,64,0.32,0.1,4,1,,,0,1.0,0.3300293932355639,0.7518630829408206,0.3,ok,,,
vanderpol_mu2,linear_interp,Linear interpolation,64,0.32,0.1,4,5,,,0,0.8571428571428571,0.7274977150589322,0.496175971563364,0.3,ok,,,
vanderpol_mu2,smoothing_spline_cv,Tuned smoothing spline,64,0.32,0.1,4,5,1e-07,0.0817159020292152,4,1.0,0.0642480022914498,0.939630610390514,0.3,ok,,,
vanderpol_mu2,baseline,Baseline,64,0.32,0.1,5,1,,,0,1.0,0.3712111759004692,0.7292822707219432,0.3,ok,,,
vanderpol_mu2,linear_interp,Linear interpolation,64,0.32,0.1,5,5,,,0,1.0,0.2076522342790708,0.8280529540004268,0.1,ok,,,
vanderpol_mu2,smoothing_spline_cv,Tuned smoothing spline,64,0.32,0.1,5,5,0.0,0.0826182056493354,4,1.0,0.159840528049295,0.8621874954498042,0.1,ok,,,
vanderpol_mu2,baseline,Baseline,64,0.32,0.1,6,1,,,0,1.0,0.3247616520355473,0.7548527680156362,0.3,ok,,,
vanderpol_mu2,linear_interp,Linear interpolation,64,0.32,0.1,6,5,,,0,1.0,0.1369578242254669,0.8795401013940274,0.1,ok,,,
vanderpol_mu2,smoothing_spline_cv,Tuned smoothing spline,64,0.32,0.1,6,5,1e-06,0.0862828510462701,4,1.0,0.0755240267744218,0.9297793216196906,0.1,ok,,,
vanderpol_mu2,baseline,Baseline,64,0.32,0.1,7,1,,,0,1.0,0.3439710553847917,0.7440636433302431,0.3,ok,,,
vanderpol_mu2,linear_interp,Linear interpolation,64,0.32,0.1,7,5,,,0,1.0,0.1737835897249832,0.8519458005323616,0.3,ok,,,
vanderpol_mu2,smoothing_spline_cv,Tuned smoothing spline,64,0.32,0.1,7,5,1e-06,0.0744692890302916,4,1.0,0.1160268934985898,0.896035754895779,0.3,ok,,,
vanderpol_mu2,baseline,Baseline,64,0.32,0.1,8,1,,,0,0.75,0.5296730528595471,0.4903008512818876,0.3,ok,,,
vanderpol_mu2,linear_interp,Linear interpolation,64,0.32,0.1,8,5,,,0,1.0,0.2114609687228338,0.8254496230730703,0.3,ok,,,
vanderpol_mu2,smoothing_spline_cv,Tuned smoothing spline,64,0.32,0.1,8,5,1e-05,0.077102471465558,4,0.7272727272727273,0.6413316420634435,0.4430991937488131,0.1,ok,,,
vanderpol_mu2,baseline,Baseline,64,0.32,0.1,9,1,,,0,1.0,0.3982925548705999,0.7151579235094631,0.3,ok,,,
vanderpol_mu2,linear_interp,Linear interpolation,64,0.32,0.1,9,5,,,0,1.0,0.2166082742258218,0.821957257060693,0.3,ok,,,
vanderpol_mu2,smoothing_spline_cv,Tuned smoothing spline,64,0.32,0.1,9,5,1e-05,0.0710437227337807,4,1.0,0.1600061522408378,0.8620643934243396,0.3,ok,,,
lorenz63,edmd_poly3,EDMD-polynomial,8,0.04,0.0,0,5,,,0,1.0,0.004140812605797,0.995876263016288,0.03,ok,,,0.0
lorenz63,edmd_poly3,EDMD-polynomial,8,0.04,0.0,1,5,,,0,1.0,0.004140812605797,0.995876263016288,0.03,ok,,,0.0
lorenz63,edmd_poly3,EDMD-polynomial,8,0.04,0.0,2,5,,,0,1.0,0.004140812605797,0.995876263016288,0.03,ok,,,0.0
lorenz63,edmd_poly3,EDMD-polynomial,8,0.04,0.0,3,5,,,0,1.0,0.004140812605797,0.995876263016288,0.03,ok,,,0.0
lorenz63,edmd_poly3,EDMD-polynomial,8,0.04,0.0,4,5,,,0,1.0,0.004140812605797,0.995876263016288,0.03,ok,,,0.0
lorenz63,edmd_poly3,EDMD-polynomial,8,0.04,0.0,5,5,,,0,1.0,0.004140812605797,0.995876263016288,0.03,ok,,,0.0
lorenz63,edmd_poly3,EDMD-polynomial,8,0.04,0.0,6,5,,,0,1.0,0.004140812605797,0.995876263016288,0.03,ok,,,0.0
lorenz63,edmd_poly3,EDMD-polynomial,8,0.04,0.0,7,5,,,0,1.0,0.004140812605797,0.995876263016288,0.03,ok,,,0.0
lorenz63,edmd_poly3,EDMD-polynomial,8,0.04,0.0,8,5,,,0,1.0,0.004140812605797,0.995876263016288,0.03,ok,,,0.0
lorenz63,edmd_poly3,EDMD-polynomial,8,0.04,0.0,9,5,,,0,1.0,0.004140812605797,0.995876263016288,0.03,ok,,,0.0
lorenz63,edmd_poly3,EDMD-polynomial,8,0.04,0.01,0,5,,,0,1.0,0.0056206358444177,0.9944107791307424,0.3,ok,,,0.0
lorenz63,edmd_poly3,EDMD-polynomial,8,0.04,0.01,1,5,,,0,1.0,0.0049497929910398,0.9950745867847708,0.3,ok,,,0.0
lorenz63,edmd_poly3,EDMD-polynomial,8,0.04,0.01,2,5,,,0,1.0,0.0030503708549052,0.9969589056107866,0.1,ok,,,0.0
lorenz63,edmd_poly3,EDMD-polynomial,8,0.04,0.01,3,5,,,0,0.9333333333333332,0.0162807919777744,0.9183813574956802,0.1,ok,,,0.0
lorenz63,edmd_poly3,EDMD-polynomial,8,0.04,0.01,4,5,,,0,0.875,0.0131730628341169,0.863623434235796,0.1,ok,,,0.0
lorenz63,edmd_poly3,EDMD-polynomial,8,0.04,0.01,5,5,,,0,0.9230769230769232,0.0854149539397644,0.8504368948726956,0.3,ok,,,0.0
lorenz63,edmd_poly3,EDMD-polynomial,8,0.04,0.01,6,5,,,0,1.0,0.0030375669464247,0.9969716319243432,0.1,ok,,,0.0
lorenz63,edmd_poly3,EDMD-polynomial,8,0.04,0.01,7,5,,,0,1.0,0.0089328419850543,0.9911462471897742,0.1,ok,,,0.0
lorenz63,edmd_poly3,EDMD-polynomial,8,0.04,0.01,8,5,,,0,1.0,0.0059226417785749,0.9941122293776954,0.3,ok,,,0.0
lorenz63,edmd_poly3,EDMD-polynomial,8,0.04,0.01,9,5,,,0,1.0,0.0105856124785015,0.989525268965051,0.3,ok,,,0.0
lorenz63,edmd_poly3,EDMD-polynomial,8,0.04,0.03,0,5,,,0,0.9333333333333332,0.0390508148812657,0.8982557156648657,0.1,ok,,,0.0
lorenz63,edmd_poly3,EDMD-polynomial,8,0.04,0.03,1,5,,,0,0.9333333333333332,0.0122198309560037,0.9220658445822336,0.3,ok,,,0.0
lorenz63,edmd_poly3,EDMD-polynomial,8,0.04,0.03,2,5,,,0,0.9230769230769232,0.0924900268759867,0.8449293818420418,0.3,ok,,,0.0
lorenz63,edmd_poly3,EDMD-polynomial,8,0.04,0.03,3,5,,,0,0.9333333333333332,0.0206620071303971,0.9144391843852508,0.3,ok,,,0.0
lorenz63,edmd_poly3,EDMD-polynomial,8,0.04,0.03,4,5,,,0,0.9333333333333332,0.0200676810273256,0.9149719677358654,0.3,ok,,,0.0
lorenz63,edmd_poly3,EDMD-polynomial,8,0.04,0.03,5,5,,,0,0.9333333333333332,0.0207292548161048,0.9143789393020612,0.3,ok,,,0.0
lorenz63,edmd_poly3,EDMD-polynomial,8,0.04,0.03,6,5,,,0,0.875,0.0144646398517464,0.8625239023884285,0.1,ok,,,0.0
lorenz63,edmd_poly3,EDMD-polynomial,8,0.04,0.03,7,5,,,0,0.9333333333333332,0.0198540563401121,0.9151636231979404,0.3,ok,,,0.0
lorenz63,edmd_poly3,EDMD-polynomial,8,0.04,0.03,8,5,,,0,0.9333333333333332,0.0188878513646764,0.9160314671366891,0.3,ok,,,0.0
lorenz63,edmd_poly3,EDMD-polynomial,8,0.04,0.03,9,5,,,0,1.0,0.0099860988803901,0.9901126373011864,0.3,ok,,,0.0
lorenz63,edmd_poly3,EDMD-polynomial,8,0.04,0.05,0,5,,,0,0.875,0.0296176959336218,0.8498299936527219,0.3,ok,,,0.0
lorenz63,edmd_poly3,EDMD-polynomial,8,0.04,0.05,1,5,,,0,0.8235294117647058,0.0573896877344057,0.7788324600831167,0.1,ok,,,0.0
lorenz63,edmd_poly3,EDMD-polynomial,8,0.04,0.05,2,5,,,0,0.9333333333333332,0.0327038512878367,0.9037763654792388,0.3,ok,,,0.0
lorenz63,edmd_poly3,EDMD-polynomial,8,0.04,0.05,3,5,,,0,0.9333333333333332,0.0317606312215463,0.9046025842528216,0.1,ok,,,0.0
lorenz63,edmd_poly3,EDMD-polynomial,8,0.04,0.05,4,5,,,0,0.5833333333333334,0.2831435493494251,0.4546126843166479,0.03,ok,,,0.0
lorenz63,edmd_poly3,EDMD-polynomial,8,0.04,0.05,5,5,,,0,0.8235294117647058,0.0423893437818772,0.7900401291295545,0.1,ok,,,0.0
lorenz63,edmd_poly3,EDMD-polynomial,8,0.04,0.05,6,5,,,0,0.9333333333333332,0.036101938884314,0.900812264031044,0.3,ok,,,0.0
lorenz63,edmd_poly3,EDMD-polynomial,8,0.04,0.05,7,5,,,0,0.8,0.0958389039727277,0.730034311703821,0.1,ok,,,0.0
lorenz63,edmd_poly3,EDMD-polynomial,8,0.04,0.05,8,5,,,0,0.875,0.0422812642349231,0.8395046807660749,0.1,ok,,,0.0
lorenz63,edmd_poly3,EDMD-polynomial,8,0.04,0.05,9,5,,,0,0.7777777777777778,0.054177998062328,0.7378049809495187,0.1,ok,,,0.0
lorenz63,edmd_poly3,EDMD-polynomial,8,0.04,0.1,0,5,,,0,0.8571428571428571,1.3397458351231062,0.3663401572409502,0.3,ok,,,0.0
lorenz63,edmd_poly3,EDMD-polynomial,8,0.04,0.1,1,5,,,0,0.875,0.0752260303005763,0.8137823818824367,0.3,ok,,,0.0
lorenz63,edmd_poly3,EDMD-polynomial,8,0.04,0.1,2,5,,,0,0.9333333333333332,0.0530839598475237,0.8862857748478772,0.3,ok,,,0.0
lorenz63,edmd_poly3,EDMD-polynomial,8,0.04,0.1,3,5,,,0,0.875,0.0799849076016772,0.8101965072300064,0.3,ok,,,0.0
lorenz63,edmd_poly3,EDMD-polynomial,8,0.04,0.1,4,5,,,0,0.75,0.129514644171378,0.6640020152640046,0.3,ok,,,0.0
lorenz63,edmd_poly3,EDMD-polynomial,8,0.04,0.1,5,5,,,0,0.8,0.437955187339578,0.5563455711579678,0.3,ok,,,0.0
lorenz63,edmd_poly3,EDMD-polynomial,8,0.04,0.1,6,5,,,0,0.7,0.0529498119268034,0.6647990170766667,0.1,ok,,,0.0
lorenz63,edmd_poly3,EDMD-polynomial,8,0.04,0.1,7,5,,,0,0.875,0.109890739112515,0.7883658896907842,0.3,ok,,,0.0
lorenz63,edmd_poly3,EDMD-polynomial,8,0.04,0.1,8,5,,,0,0.875,0.0737916375223448,0.8148694489919529,0.3,ok,,,0.0
lorenz63,edmd_poly3,EDMD-polynomial,8,0.04,0.1,9,5,,,0,0.875,0.0901622215514692,0.8026328400508502,0.3,ok,,,0.0
lorenz63,edmd_poly3,EDMD-polynomial,16,0.08,0.0,0,5,,,0,0.9333333333333332,0.0101474532154333,0.9239575176499328,0.1,ok,,,0.0
lorenz63,edmd_poly3,EDMD-polynomial,16,0.08,0.0,1,5,,,0,0.9333333333333332,0.0101474532154333,0.9239575176499328,0.1,ok,,,0.0
lorenz63,edmd_poly3,EDMD-polynomial,16,0.08,0.0,2,5,,,0,0.9333333333333332,0.0101474532154333,0.9239575176499328,0.1,ok,,,0.0
lorenz63,edmd_poly3,EDMD-polynomial,16,0.08,0.0,3,5,,,0,0.9333333333333332,0.0101474532154333,0.9239575176499328,0.1,ok,,,0.0
lorenz63,edmd_poly3,EDMD-polynomial,16,0.08,0.0,4,5,,,0,0.9333333333333332,0.0101474532154333,0.9239575176499328,0.1,ok,,,0.0
lorenz63,edmd_poly3,EDMD-polynomial,16,0.08,0.0,5,5,,,0,0.9333333333333332,0.0101474532154333,0.9239575176499328,0.1,ok,,,0.0
lorenz63,edmd_poly3,EDMD-polynomial,16,0.08,0.0,6,5,,,0,0.9333333333333332,0.0101474532154333,0.9239575176499328,0.1,ok,,,0.0
lorenz63,edmd_poly3,EDMD-polynomial,16,0.08,0.0,7,5,,,0,0.9333333333333332,0.0101474532154333,0.9239575176499328,0.1,ok,,,0.0
lorenz63,edmd_poly3,EDMD-polynomial,16,0.08,0.0,8,5,,,0,0.9333333333333332,0.0101474532154333,0.9239575176499328,0.1,ok,,,0.0
lorenz63,edmd_poly3,EDMD-polynomial,16,0.08,0.0,9,5,,,0,0.9333333333333332,0.0101474532154333,0.9239575176499328,0.1,ok,,,0.0
lorenz63,edmd_poly3,EDMD-polynomial,16,0.08,0.01,0,5,,,0,1.0,0.0058576906547804,0.9941764220632768,0.3,ok,,,0.0
lorenz63,edmd_poly3,EDMD-polynomial,16,0.08,0.01,1,5,,,0,0.9333333333333332,0.022533344342868,0.9127656701827565,0.3,ok,,,0.0
lorenz63,edmd_poly3,EDMD-polynomial,16,0.08,0.01,2,5,,,0,0.8571428571428571,0.0915137954389307,0.7852789957621874,0.1,ok,,,0.0
lorenz63,edmd_poly3,EDMD-polynomial,16,0.08,0.01,3,5,,,0,0.75,1.6158743249432337,0.2867110215687734,0.3,ok,,,0.0
lorenz63,edmd_poly3,EDMD-polynomial,16,0.08,0.01,4,5,,,0,0.9333333333333332,0.0442458252769761,0.8937869903245969,0.3,ok,,,0.0
lorenz63,edmd_poly3,EDMD-polynomial,16,0.08,0.01,5,5,,,0,1.0,0.0058230631438182,0.9942106486148592,0.1,ok,,,0.0
lorenz63,edmd_poly3,EDMD-polynomial,16,0.08,0.01,6,5,,,0,0.875,0.0144413222952711,0.8625437280297577,0.1,ok,,,0.0
lorenz63,edmd_poly3,EDMD-polynomial,16,0.08,0.01,7,5,,,0,1.0,0.0054589244635559,0.9945707136007884,0.1,ok,,,0.0
lorenz63,edmd_poly3,EDMD-polynomial,16,0.08,0.01,8,5,,,0,1.0,0.0037720451628056,0.9962421296937056,0.3,ok,,,0.0
lorenz63,edmd_poly3,EDMD-polynomial,16,0.08,0.01,9,5,,,0,0.9333333333333332,0.0151874023963021,0.9193704838439128,0.3,ok,,,0.0
lorenz63,edmd_poly3,EDMD-polynomial,16,0.08,0.03,0,5,,,0,0.875,0.0292405071558883,0.8501414333350493,0.3,ok,,,0.0
lorenz63,edmd_poly3,EDMD-polynomial,16,0.08,0.03,1,5,,,0,0.9333333333333332,0.0659386024635772,0.8755976480973959,0.1,ok,,,0.0
lorenz63,edmd_poly3,EDMD-polynomial,16,0.08,0.03,2,5,,,0,0.875,0.0208733445534351,0.8571092630327761,0.1,ok,,,0.0
lorenz63,edmd_poly3,EDMD-polynomial,16,0.08,0.03,3,5,,,0,0.9333333333333332,0.0132660822314792,0.921113762416568,0.3,ok,,,0.0
lorenz63,edmd_poly3,EDMD-polynomial,16,0.08,0.03,4,5,,,0,0.875,0.0073798765772574,0.8685899136410781,0.1,ok,,,0.0
lorenz63,edmd_poly3,EDMD-polynomial,16,0.08,0.03,5,5,,,0,0.875,0.0289768015646064,0.8503593070995599,0.3,ok,,,0.0
lorenz63,edmd_poly3,EDMD-polynomial,16,0.08,0.03,6,5,,,0,0.875,0.0762500585906286,0.8130080858214589,0.1,ok,,,0.0
lorenz63,edmd_poly3,EDMD-polynomial,16,0.08,0.03,7,5,,,0,0.7368421052631579,0.0385034330930518,0.7095230326476306,0.1,ok,,,0.0
lorenz63,edmd_poly3,EDMD-polynomial,16,0.08,0.03,8,5,,,0,0.9333333333333332,0.0330296160116768,0.9034913606221174,0.3,ok,,,0.0
lorenz63,edmd_poly3,EDMD-polynomial,16,0.08,0.03,9,5,,,0,0.875,0.0743817405610621,0.8144218828058812,0.3,ok,,,0.0
lorenz63,edmd_poly3,EDMD-polynomial,16,0.08,0.05,0,5,,,0,0.8,0.1297325816497814,0.7081321836639753,0.1,ok,,,0.0
lorenz63,edmd_poly3,EDMD-polynomial,16,0.08,0.05,1,5,,,0,0.875,0.0714336878379232,0.8166627668443837,0.3,ok,,,0.0
lorenz63,edmd_poly3,EDMD-polynomial,16,0.08,0.05,2,5,,,0,0.9333333333333332,0.0363950256133789,0.9005575193502596,0.3,ok,,,0.0
lorenz63,edmd_poly3,EDMD-polynomial,16,0.08,0.05,3,5,,,0,0.7777777777777778,0.0602437693615395,0.7335839174477224,0.1,ok,,,0.0
lorenz63,edmd_poly3,EDMD-polynomial,16,0.08,0.05,4,5,,,0,0.7058823529411765,1.297372531413086,0.3072563736569954,0.3,ok,,,0.0
lorenz63,edmd_poly3,EDMD-polynomial,16,0.08,0.05,5,5,,,0,0.9333333333333332,0.0217735761035815,0.9134443825534174,0.3,ok,,,0.0
lorenz63,edmd_poly3,EDMD-polynomial,16,0.08,0.05,6,5,,,0,0.875,0.1471508472947742,0.7627593198082329,0.1,ok,,,0.0
lorenz63,edmd_poly3,EDMD-polynomial,16,0.08,0.05,7,5,,,0,0.8235294117647058,0.074859525138078,0.766173990651396,0.1,ok,,,0.0
lorenz63,edmd_poly3,EDMD-polynomial,16,0.08,0.05,8,5,,,0,0.875,0.059405234468203,0.825935129949806,0.1,ok,,,0.0
lorenz63,edmd_poly3,EDMD-polynomial,16,0.08,0.05,9,5,,,0,0.9333333333333332,0.0330239588198203,0.903496308449246,0.3,ok,,,0.0
lorenz63,edmd_poly3,EDMD-polynomial,16,0.08,0.1,0,5,,,0,0.6666666666666666,0.8966623384719733,0.3514946509686905,0.3,ok,,,0.0
lorenz63,edmd_poly3,EDMD-polynomial,16,0.08,0.1,1,5,,,0,0.875,0.3056780715124751,0.6701498777462158,0.3,ok,,,0.0
lorenz63,edmd_poly3,EDMD-polynomial,16,0.08,0.1,2,5,,,0,0.7058823529411765,0.8837610611372851,0.3747196857944464,0.3,ok,,,0.0
lorenz63,edmd_poly3,EDMD-polynomial,16,0.08,0.1,3,5,,,0,0.875,0.1441490180369324,0.7647605217555284,0.3,ok,,,0.0
lorenz63,edmd_poly3,EDMD-polynomial,16,0.08,0.1,4,5,,,0,0.56,0.5136818586614446,0.3699588502006692,0.1,ok,,,0.0
lorenz63,edmd_poly3,EDMD-polynomial,16,0.08,0.1,5,5,,,0,0.7777777777777778,0.1175318854010461,0.6959781532306423,0.3,ok,,,0.0
lorenz63,edmd_poly3,EDMD-polynomial,16,0.08,0.1,6,5,,,0,0.8235294117647058,0.1321780775990255,0.727385053693266,0.1,ok,,,0.0
lorenz63,edmd_poly3,EDMD-polynomial,16,0.08,0.1,7,5,,,0,0.625,0.3498754917624555,0.4630056651995163,0.3,ok,,,0.0
lorenz63,edmd_poly3,EDMD-polynomial,16,0.08,0.1,8,5,,,0,0.7058823529411765,1.3088329995457295,0.305731230054344,0.3,ok,,,0.0
lorenz63,edmd_poly3,EDMD-polynomial,16,0.08,0.1,9,5,,,0,0.8235294117647058,0.1310321087102113,0.7281220448319804,0.3,ok,,,0.0
lorenz63,edmd_poly3,EDMD-polynomial,32,0.16,0.0,0,5,,,0,0.625,2.72372841969358,0.1678425302700862,1.0,ok,,,0.0
lorenz63,edmd_poly3,EDMD-polynomial,32,0.16,0.0,1,5,,,0,0.625,2.72372841969358,0.1678425302700862,1.0,ok,,,0.0
lorenz63,edmd_poly3,EDMD-polynomial,32,0.16,0.0,2,5,,,0,0.625,2.72372841969358,0.1678425302700862,1.0,ok,,,0.0
lorenz63,edmd_poly3,EDMD-polynomial,32,0.16,0.0,3,5,,,0,0.625,2.72372841969358,0.1678425302700862,1.0,ok,,,0.0
lorenz63,edmd_poly3,EDMD-polynomial,32,0.16,0.0,4,5,,,0,0.625,2.72372841969358,0.1678425302700862,1.0,ok,,,0.0
lorenz63,edmd_poly3,EDMD-polynomial,32,0.16,0.0,5,5,,,0,0.625,2.72372841969358,0.1678425302700862,1.0,ok,,,0.0
lorenz63,edmd_poly3,EDMD-polynomial,32,0.16,0.0,6,5,,,0,0.625,2.72372841969358,0.1678425302700862,1.0,ok,,,0.0
lorenz63,edmd_poly3,EDMD-polynomial,32,0.16,0.0,7,5,,,0,0.625,2.72372841969358,0.1678425302700862,1.0,ok,,,0.0
lorenz63,edmd_poly3,EDMD-polynomial,32,0.16,0.0,8,5,,,0,0.625,2.72372841969358,0.1678425302700862,1.0,ok,,,0.0
lorenz63,edmd_poly3,EDMD-polynomial,32,0.16,0.0,9,5,,,0,0.625,2.72372841969358,0.1678425302700862,1.0,ok,,,0.0
lorenz63,edmd_poly3,EDMD-polynomial,32,0.16,0.01,0,5,,,0,0.5714285714285714,1.3073295255281736,0.2476579808416247,1.0,ok,,,0.0
lorenz63,edmd_poly3,EDMD-polynomial,32,0.16,0.01,1,5,,,0,0.5454545454545454,1.0468727795734316,0.2664818990695739,0.3,ok,,,0.0
lorenz63,edmd_poly3,EDMD-polynomial,32,0.16,0.01,2,5,,,0,0.6086956521739131,1.4396443831996482,0.2495017947556746,0.3,ok,,,0.0
lorenz63,edmd_poly3,EDMD-polynomial,32,0.16,0.01,3,5,,,0,0.5185185185185185,1.2691174614027572,0.2285110962030025,0.3,ok,,,0.0
lorenz63,edmd_poly3,EDMD-polynomial,32,0.16,0.01,4,5,,,0,0.6363636363636364,0.9341595482396168,0.3290130004749739,0.3,ok,,,0.0
lorenz63,edmd_poly3,EDMD-polynomial,32,0.16,0.01,5,5,,,0,0.5,0.904399962547504,0.2625498896414349,0.3,ok,,,0.0
lorenz63,edmd_poly3,EDMD-polynomial,32,0.16,0.01,6,5,,,0,0.5185185185185185,1.049445351812203,0.2530043155627562,0.3,ok,,,0.0
lorenz63,edmd_poly3,EDMD-polynomial,32,0.16,0.01,7,5,,,0,0.6153846153846154,1.3135703599954551,0.2659891508057806,1.0,ok,,,0.0
lorenz63,edmd_poly3,EDMD-polynomial,32,0.16,0.01,8,5,,,0,0.5,1.707741738699014,0.1846557198768278,0.3,ok,,,0.0
lorenz63,edmd_poly3,EDMD-polynomial,32,0.16,0.01,9,5,,,0,0.5384615384615384,1.2522204609577676,0.2390802977753586,0.3,ok,,,0.0
lorenz63,edmd_poly3,EDMD-polynomial,32,0.16,0.03,0,5,,,0,0.5714285714285714,1.3231370460521488,0.2459728204152378,1.0,ok,,,0.0
lorenz63,edmd_poly3,EDMD-polynomial,32,0.16,0.03,1,5,,,0,0.6153846153846154,1.4645747642900926,0.249692005412493,1.0,ok,,,0.0
lorenz63,edmd_poly3,EDMD-polynomial,32,0.16,0.03,2,5,,,0,0.5384615384615384,0.5697369881083183,0.3430265977935804,0.1,ok,,,0.0
lorenz63,edmd_poly3,EDMD-polynomial,32,0.16,0.03,3,5,,,0,0.5714285714285714,0.4820510236404273,0.3855660583297234,0.3,ok,,,0.0
lorenz63,edmd_poly3,EDMD-polynomial,32,0.16,0.03,4,5,,,0,0.631578947368421,0.5221439256131459,0.4149272199171376,0.3,ok,,,0.0
lorenz63,edmd_poly3,EDMD-polynomial,32,0.16,0.03,5,5,,,0,0.5,1.3551724419523523,0.2122986797457251,0.3,ok,,,0.0
lorenz63,edmd_poly3,EDMD-polynomial,32,0.16,0.03,6,5,,,0,0.7368421052631579,0.3416108641978498,0.5492219278529146,0.3,ok,,,0.0
lorenz63,edmd_poly3,EDMD-polynomial,32,0.16,0.03,7,5,,,0,0.5333333333333333,1.5427234852601237,0.2097488525295831,1.0,ok,,,0.0
lorenz63,edmd_poly3,EDMD-polynomial,32,0.16,0.03,8,5,,,0,0.6,1.323358460187692,0.2582468483797929,0.3,ok,,,0.0
lorenz63,edmd_poly3,EDMD-polynomial,32,0.16,0.03,9,5,,,0,0.5714285714285714,1.301768216924141,0.248256347979369,1.0,ok,,,0.0
lorenz63,edmd_poly3,EDMD-polynomial,32,0.16,0.05,0,5,,,0,0.5333333333333333,1.2940907777324708,0.2324813553631437,1.0,ok,,,0.0
lorenz63,edmd_poly3,EDMD-polynomial,32,0.16,0.05,1,5,,,0,0.631578947368421,2.2642313321027485,0.1934847390125292,0.3,ok,,,0.0
lorenz63,edmd_poly3,EDMD-polynomial,32,0.16,0.05,2,5,,,0,0.7368421052631579,0.4463640130041689,0.5094444404301105,0.3,ok,,,0.0
lorenz63,edmd_poly3,EDMD-polynomial,32,0.16,0.05,3,5,,,0,0.5714285714285714,1.2851632760666951,0.2500602812119993,1.0,ok,,,0.0
lorenz63,edmd_poly3,EDMD-polynomial,32,0.16,0.05,4,5,,,0,0.5263157894736842,1.796678911380763,0.1881931412762125,0.3,ok,,,0.0
lorenz63,edmd_poly3,EDMD-polynomial,32,0.16,0.05,5,5,,,0,0.6666666666666666,1.3098021901595582,0.2886250041267015,1.0,ok,,,0.0
lorenz63,edmd_poly3,EDMD-polynomial,32,0.16,0.05,6,5,,,0,0.7368421052631579,0.6185072637478037,0.4552603017405875,0.3,ok,,,0.0
lorenz63,edmd_poly3,EDMD-polynomial,32,0.16,0.05,7,5,,,0,0.6,0.6145150714982062,0.3716286150510962,0.3,ok,,,0.0
lorenz63,edmd_poly3,EDMD-polynomial,32,0.16,0.05,8,5,,,0,0.6666666666666666,1.3369507864630146,0.2852720179339632,0.3,ok,,,0.0
lorenz63,edmd_poly3,EDMD-polynomial,32,0.16,0.05,9,5,,,0,0.8235294117647058,0.3103344679365962,0.6284879409922951,0.3,ok,,,0.0
lorenz63,edmd_poly3,EDMD-polynomial,32,0.16,0.1,0,5,,,0,0.5,1.2628440665967653,0.2209608728152363,1.0,ok,,,0.0
lorenz63,edmd_poly3,EDMD-polynomial,32,0.16,0.1,1,5,,,0,0.5217391304347826,0.8350450729293453,0.2843195178862351,0.1,ok,,,0.0
lorenz63,edmd_poly3,EDMD-polynomial,32,0.16,0.1,2,5,,,0,0.6666666666666666,2.084910389723376,0.2161056829681353,0.3,ok,,,0.0
lorenz63,edmd_poly3,EDMD-polynomial,32,0.16,0.1,3,5,,,0,0.6666666666666666,0.512732912667884,0.4407034851188111,0.1,ok,,,0.0
lorenz63,edmd_poly3,EDMD-polynomial,32,0.16,0.1,4,5,,,0,0.6153846153846154,1.2978601840700217,0.2678076845801089,1.0,ok,,,0.0
lorenz63,edmd_poly3,EDMD-polynomial,32,0.16,0.1,5,5,,,0,0.5714285714285714,1.3043384124039423,0.2479794496991624,1.0,ok,,,0.0
lorenz63,edmd_poly3,EDMD-polynomial,32,0.16,0.1,6,5,,,0,0.4827586206896552,0.788482608917056,0.269926371261709,0.1,ok,,,0.0
lorenz63,edmd_poly3,EDMD-polynomial,32,0.16,0.1,7,5,,,0,0.6666666666666666,1.1762927114286093,0.3063313419034698,0.3,ok,,,0.0
lorenz63,edmd_poly3,EDMD-polynomial,32,0.16,0.1,8,5,,,0,0.6086956521739131,0.6482754130390818,0.36929244188118,0.3,ok,,,0.0
lorenz63,edmd_poly3,EDMD-polynomial,32,0.16,0.1,9,5,,,0,0.7368421052631579,0.8723580434030447,0.3935369668527361,0.3,ok,,,0.0
lorenz63,edmd_poly3,EDMD-polynomial,64,0.32,0.0,0,5,,,0,0.6153846153846154,1.0720676276535268,0.2969906035747954,1.0,ok,,,0.0
lorenz63,edmd_poly3,EDMD-polynomial,64,0.32,0.0,1,5,,,0,0.6153846153846154,1.0720676276535268,0.2969906035747954,1.0,ok,,,0.0
lorenz63,edmd_poly3,EDMD-polynomial,64,0.32,0.0,2,5,,,0,0.6153846153846154,1.0720676276535268,0.2969906035747954,1.0,ok,,,0.0
lorenz63,edmd_poly3,EDMD-polynomial,64,0.32,0.0,3,5,,,0,0.6153846153846154,1.0720676276535268,0.2969906035747954,1.0,ok,,,0.0
lorenz63,edmd_poly3,EDMD-polynomial,64,0.32,0.0,4,5,,,0,0.6153846153846154,1.0720676276535268,0.2969906035747954,1.0,ok,,,0.0
lorenz63,edmd_poly3,EDMD-polynomial,64,0.32,0.0,5,5,,,0,0.6153846153846154,1.0720676276535268,0.2969906035747954,1.0,ok,,,0.0
lorenz63,edmd_poly3,EDMD-polynomial,64,0.32,0.0,6,5,,,0,0.6153846153846154,1.0720676276535268,0.2969906035747954,1.0,ok,,,0.0
lorenz63,edmd_poly3,EDMD-polynomial,64,0.32,0.0,7,5,,,0,0.6153846153846154,1.0720676276535268,0.2969906035747954,1.0,ok,,,0.0
lorenz63,edmd_poly3,EDMD-polynomial,64,0.32,0.0,8,5,,,0,0.6153846153846154,1.0720676276535268,0.2969906035747954,1.0,ok,,,0.0
lorenz63,edmd_poly3,EDMD-polynomial,64,0.32,0.0,9,5,,,0,0.6153846153846154,1.0720676276535268,0.2969906035747954,1.0,ok,,,0.0
lorenz63,edmd_poly3,EDMD-polynomial,64,0.32,0.01,0,5,,,0,0.5833333333333334,1.3743777119627694,0.2456784067649975,0.1,ok,,,0.0
lorenz63,edmd_poly3,EDMD-polynomial,64,0.32,0.01,1,5,,,0,0.5384615384615384,1.0743819206683587,0.2595768566513769,0.1,ok,,,0.0
lorenz63,edmd_poly3,EDMD-polynomial,64,0.32,0.01,2,5,,,0,0.5555555555555556,1.12980909651423,0.2608475832246233,0.3,ok,,,0.0
lorenz63,edmd_poly3,EDMD-polynomial,64,0.32,0.01,3,5,,,0,0.6153846153846154,1.0499498608930218,0.3001949594594156,1.0,ok,,,0.0
lorenz63,edmd_poly3,EDMD-polynomial,64,0.32,0.01,4,5,,,0,0.5333333333333333,1.061934109639805,0.2586568265396707,1.0,ok,,,0.0
lorenz63,edmd_poly3,EDMD-polynomial,64,0.32,0.01,5,5,,,0,0.4210526315789473,1.2448058953555512,0.1875675008026729,0.3,ok,,,0.0
lorenz63,edmd_poly3,EDMD-polynomial,64,0.32,0.01,6,5,,,0,0.6153846153846154,1.0452138902514605,0.3008901016748685,1.0,ok,,,0.0
lorenz63,edmd_poly3,EDMD-polynomial,64,0.32,0.01,7,5,,,0,0.5555555555555556,1.4505077781690183,0.2267103824378219,0.3,ok,,,0.0
lorenz63,edmd_poly3,EDMD-polynomial,64,0.32,0.01,8,5,,,0,0.6,1.1684547380242525,0.2766947308047937,0.3,ok,,,0.0
lorenz63,edmd_poly3,EDMD-polynomial,64,0.32,0.01,9,5,,,0,0.6,1.1434846098827465,0.279918034976151,0.3,ok,,,0.0
lorenz63,edmd_poly3,EDMD-polynomial,64,0.32,0.03,0,5,,,0,0.5,1.251219080596764,0.2221018844009876,0.3,ok,,,0.0
lorenz63,edmd_poly3,EDMD-polynomial,64,0.32,0.03,1,5,,,0,0.6153846153846154,1.062828246331211,0.2983208206883397,1.0,ok,,,0.0
lorenz63,edmd_poly3,EDMD-polynomial,64,0.32,0.03,2,5,,,0,0.48,1.1832594241458203,0.2198547706660171,0.1,ok,,,0.0
lorenz63,edmd_poly3,EDMD-polynomial,64,0.32,0.03,3,5,,,0,0.5185185185185185,1.2991520975403736,0.2255259750206296,0.1,ok,,,0.0
lorenz63,edmd_poly3,EDMD-polynomial,64,0.32,0.03,4,5,,,0,0.6153846153846154,1.46727327378729,0.2494189119310621,1.0,ok,,,0.0
lorenz63,edmd_poly3,EDMD-polynomial,64,0.32,0.03,5,5,,,0,0.6,1.041735200662309,0.2938676865664895,0.3,ok,,,0.0
lorenz63,edmd_poly3,EDMD-polynomial,64,0.32,0.03,6,5,,,0,0.631578947368421,1.2536816869856309,0.2802431909597568,0.3,ok,,,0.0
lorenz63,edmd_poly3,EDMD-polynomial,64,0.32,0.03,7,5,,,0,0.6666666666666666,1.072667264962564,0.321646738932169,0.3,ok,,,0.0
lorenz63,edmd_poly3,EDMD-polynomial,64,0.32,0.03,8,5,,,0,0.3809523809523809,1.897706857560176,0.1314668459159243,0.1,ok,,,0.0
lorenz63,edmd_poly3,EDMD-polynomial,64,0.32,0.03,9,5,,,0,0.5555555555555556,1.5019658565220344,0.2220476167200097,0.3,ok,,,0.0
lorenz63,edmd_poly3,EDMD-polynomial,64,0.32,0.05,0,5,,,0,0.6666666666666666,1.0666525285292598,0.3225828519616223,0.3,ok,,,0.0
lorenz63,edmd_poly3,EDMD-polynomial,64,0.32,0.05,1,5,,,0,0.3333333333333333,1.2530954958333205,0.1479446095160063,1.0,ok,,,0.0
lorenz63,edmd_poly3,EDMD-polynomial,64,0.32,0.05,2,5,,,0,0.375,0.9849319129768802,0.1889233567904089,0.3,ok,,,0.0
lorenz63,edmd_poly3,EDMD-polynomial,64,0.32,0.05,3,5,,,0,0.5384615384615384,1.0639632066639124,0.2608871789589122,0.1,ok,,,0.0
lorenz63,edmd_poly3,EDMD-polynomial,64,0.32,0.05,4,5,,,0,0.6666666666666666,1.0301664860063209,0.328380293567998,1.0,ok,,,0.0
lorenz63,edmd_poly3,EDMD-polynomial,64,0.32,0.05,5,5,,,0,0.7272727272727273,1.0106120682704682,0.3617170804601448,1.0,ok,,,0.0
lorenz63,edmd_poly3,EDMD-polynomial,64,0.32,0.05,6,5,,,0,0.5384615384615384,1.2649959719361332,0.2377317863401134,0.1,ok,,,0.0
lorenz63,edmd_poly3,EDMD-polynomial,64,0.32,0.05,7,5,,,0,0.4166666666666667,2.499628437476546,0.1190602585705097,0.3,ok,,,0.0
lorenz63,edmd_poly3,EDMD-polynomial,64,0.32,0.05,8,5,,,0,0.6153846153846154,1.0679592234170976,0.2975806333201065,1.0,ok,,,0.0
lorenz63,edmd_poly3,EDMD-polynomial,64,0.32,0.05,9,5,,,0,0.5714285714285714,1.051043565457466,0.2786038195639787,1.0,ok,,,0.0
lorenz63,edmd_poly3,EDMD-polynomial,64,0.32,0.1,0,5,,,0,0.5714285714285714,1.0091074975650598,0.2844191125268882,1.0,ok,,,0.0
lorenz63,edmd_poly3,EDMD-polynomial,64,0.32,0.1,1,5,,,0,0.5,1.1230213639437372,0.2355134095641869,0.3,ok,,,0.0
lorenz63,edmd_poly3,EDMD-polynomial,64,0.32,0.1,2,5,,,0,0.5714285714285714,1.0615233849727683,0.2771875282104159,1.0,ok,,,0.0
lorenz63,edmd_poly3,EDMD-polynomial,64,0.32,0.1,3,5,,,0,0.4615384615384615,1.6073429681562137,0.1770148642412161,0.1,ok,,,0.0
lorenz63,edmd_poly3,EDMD-polynomial,64,0.32,0.1,4,5,,,0,0.5,1.3275317301527696,0.2148198426352632,0.1,ok,,,0.0
lorenz63,edmd_poly3,EDMD-polynomial,64,0.32,0.1,5,5,,,0,0.3703703703703703,3.987278514195898,0.0742630212682408,0.1,ok,,,0.0
lorenz63,edmd_poly3,EDMD-polynomial,64,0.32,0.1,6,5,,,0,0.5555555555555556,1.2800300152113049,0.2436615096508143,0.3,ok,,,0.0
lorenz63,edmd_poly3,EDMD-polynomial,64,0.32,0.1,7,5,,,0,0.5714285714285714,1.05520472993932,0.2780397315674934,1.0,ok,,,0.0
lorenz63,edmd_poly3,EDMD-polynomial,64,0.32,0.1,8,5,,,0,0.6153846153846154,1.4480496084000931,0.251377510191387,1.0,ok,,,0.0
lorenz63,edmd_poly3,EDMD-polynomial,64,0.32,0.1,9,5,,,0,0.6153846153846154,1.0684182374868183,0.2975145955647362,1.0,ok,,,0.0
vanderpol_mu2,edmd_poly3,EDMD-polynomial,8,0.04,0.0,0,5,,,0,1.0,0.0002387748033307,0.9997612821964658,0.0003,ok,,,0.0
vanderpol_mu2,edmd_poly3,EDMD-polynomial,8,0.04,0.0,1,5,,,0,1.0,0.0002387748033307,0.9997612821964658,0.0003,ok,,,0.0
vanderpol_mu2,edmd_poly3,EDMD-polynomial,8,0.04,0.0,2,5,,,0,1.0,0.0002387748033307,0.9997612821964658,0.0003,ok,,,0.0
vanderpol_mu2,edmd_poly3,EDMD-polynomial,8,0.04,0.0,3,5,,,0,1.0,0.0002387748033307,0.9997612821964658,0.0003,ok,,,0.0
vanderpol_mu2,edmd_poly3,EDMD-polynomial,8,0.04,0.0,4,5,,,0,1.0,0.0002387748033307,0.9997612821964658,0.0003,ok,,,0.0
vanderpol_mu2,edmd_poly3,EDMD-polynomial,8,0.04,0.0,5,5,,,0,1.0,0.0002387748033307,0.9997612821964658,0.0003,ok,,,0.0
vanderpol_mu2,edmd_poly3,EDMD-polynomial,8,0.04,0.0,6,5,,,0,1.0,0.0002387748033307,0.9997612821964658,0.0003,ok,,,0.0
vanderpol_mu2,edmd_poly3,EDMD-polynomial,8,0.04,0.0,7,5,,,0,1.0,0.0002387748033307,0.9997612821964658,0.0003,ok,,,0.0
vanderpol_mu2,edmd_poly3,EDMD-polynomial,8,0.04,0.0,8,5,,,0,1.0,0.0002387748033307,0.9997612821964658,0.0003,ok,,,0.0
vanderpol_mu2,edmd_poly3,EDMD-polynomial,8,0.04,0.0,9,5,,,0,1.0,0.0002387748033307,0.9997612821964658,0.0003,ok,,,0.0
vanderpol_mu2,edmd_poly3,EDMD-polynomial,8,0.04,0.01,0,5,,,0,1.0,0.0014547655976973,0.9985473476709364,0.01,ok,,,0.0
vanderpol_mu2,edmd_poly3,EDMD-polynomial,8,0.04,0.01,1,5,,,0,1.0,0.002905843351502,0.9971025761084495,0.01,ok,,,0.0
vanderpol_mu2,edmd_poly3,EDMD-polynomial,8,0.04,0.01,2,5,,,0,1.0,0.0009103983936699,0.9990904296776904,0.01,ok,,,0.0
vanderpol_mu2,edmd_poly3,EDMD-polynomial,8,0.04,0.01,3,5,,,0,1.0,0.0028755863502121,0.9971326589366112,0.03,ok,,,0.0
vanderpol_mu2,edmd_poly3,EDMD-polynomial,8,0.04,0.01,4,5,,,0,1.0,0.0038230570647225,0.9961915030364996,0.01,ok,,,0.0
vanderpol_mu2,edmd_poly3,EDMD-polynomial,8,0.04,0.01,5,5,,,0,1.0,0.0033759863689567,0.9966353725673924,0.01,ok,,,0.0
vanderpol_mu2,edmd_poly3,EDMD-polynomial,8,0.04,0.01,6,5,,,0,1.0,0.0033853816378585,0.9966260405026706,0.01,ok,,,0.0
vanderpol_mu2,edmd_poly3,EDMD-polynomial,8,0.04,0.01,7,5,,,0,1.0,0.0012596928242966,0.9987418920053164,0.01,ok,,,0.0
vanderpol_mu2,edmd_poly3,EDMD-polynomial,8,0.04,0.01,8,5,,,0,1.0,0.0032115698641421,0.996798711298179,0.03,ok,,,0.0
vanderpol_mu2,edmd_poly3,EDMD-polynomial,8,0.04,0.01,9,5,,,0,1.0,0.0022581578806727,0.9977469299073126,0.01,ok,,,0.0
vanderpol_mu2,edmd_poly3,EDMD-polynomial,8,0.04,0.03,0,5,,,0,1.0,0.0097783615828173,0.9903163288550868,0.1,ok,,,0.0
vanderpol_mu2,edmd_poly3,EDMD-polynomial,8,0.04,0.03,1,5,,,0,1.0,0.0145654509563448,0.9856436556728644,0.03,ok,,,0.0
vanderpol_mu2,edmd_poly3,EDMD-polynomial,8,0.04,0.03,2,5,,,0,1.0,0.0020949787500133,0.9979094010104448,0.1,ok,,,0.0
vanderpol_mu2,edmd_poly3,EDMD-polynomial,8,0.04,0.03,3,5,,,0,1.0,0.0104497651351031,0.9896583031678908,0.03,ok,,,0.0
vanderpol_mu2,edmd_poly3,EDMD-polynomial,8,0.04,0.03,4,5,,,0,1.0,0.00721614961952,0.992835550122736,0.03,ok,,,0.0
vanderpol_mu2,edmd_poly3,EDMD-polynomial,8,0.04,0.03,5,5,,,0,1.0,0.0062774530276006,0.9937617075601628,0.03,ok,,,0.0
vanderpol_mu2,edmd_poly3,EDMD-polynomial,8,0.04,0.03,6,5,,,0,1.0,0.0099563128791439,0.9901418380654892,0.1,ok,,,0.0
vanderpol_mu2,edmd_poly3,EDMD-polynomial,8,0.04,0.03,7,5,,,0,1.0,0.0040569538459036,0.99595943852551,0.1,ok,,,0.0
vanderpol_mu2,edmd_poly3,EDMD-polynomial,8,0.04,0.03,8,5,,,0,1.0,0.0076150747843309,0.9924424763236488,0.1,ok,,,0.0
vanderpol_mu2,edmd_poly3,EDMD-polynomial,8,0.04,0.03,9,5,,,0,1.0,0.0099087532266385,0.9901884668342756,0.1,ok,,,0.0
vanderpol_mu2,edmd_poly3,EDMD-polynomial,8,0.04,0.05,0,5,,,0,1.0,0.0134402575979015,0.9867379872694636,0.3,ok,,,0.0
vanderpol_mu2,edmd_poly3,EDMD-polynomial,8,0.04,0.05,1,5,,,0,1.0,0.0134122995281234,0.986765209446966,0.3,ok,,,0.0
vanderpol_mu2,edmd_poly3,EDMD-polynomial,8,0.04,0.05,2,5,,,0,1.0,0.0177291006673133,0.9825797447909383,0.1,ok,,,0.0
vanderpol_mu2,edmd_poly3,EDMD-polynomial,8,0.04,0.05,3,5,,,0,1.0,0.0073653140786627,0.9926885371416634,0.03,ok,,,0.0
vanderpol_mu2,edmd_poly3,EDMD-polynomial,8,0.04,0.05,4,5,,,0,1.0,0.0102497612463179,0.9898542304690346,0.03,ok,,,0.0
vanderpol_mu2,edmd_poly3,EDMD-polynomial,8,0.04,0.05,5,5,,,0,1.0,0.0212450467125322,0.9791969157834138,0.1,ok,,,0.0
vanderpol_mu2,edmd_poly3,EDMD-polynomial,8,0.04,0.05,6,5,,,0,1.0,0.0064216229785809,0.9936193511427392,0.1,ok,,,0.0
vanderpol_mu2,edmd_poly3,EDMD-polynomial,8,0.04,0.05,7,5,,,0,1.0,0.0043095336151649,0.9957089587712544,0.1,ok,,,0.0
vanderpol_mu2,edmd_poly3,EDMD-polynomial,8,0.04,0.05,8,5,,,0,1.0,0.0057222417756682,0.9943103159719674,0.1,ok,,,0.0
vanderpol_mu2,edmd_poly3,EDMD-polynomial,8,0.04,0.05,9,5,,,0,1.0,0.0122012128484386,0.98794586225193,0.03,ok,,,0.0
vanderpol_mu2,edmd_poly3,EDMD-polynomial,8,0.04,0.1,0,5,,,0,1.0,0.0357587364518759,0.965475805133566,0.1,ok,,,0.0
vanderpol_mu2,edmd_poly3,EDMD-polynomial,8,0.04,0.1,1,5,,,0,1.0,0.0175769454925385,0.982726666941112,0.1,ok,,,0.0
vanderpol_mu2,edmd_poly3,EDMD-polynomial,8,0.04,0.1,2,5,,,0,1.0,0.0549019526732783,0.9479553976233064,0.3,ok,,,0.0
vanderpol_mu2,edmd_poly3,EDMD-polynomial,8,0.04,0.1,3,5,,,0,1.0,0.0268936628158074,0.9738106643466244,0.1,ok,,,0.0
vanderpol_mu2,edmd_poly3,EDMD-polynomial,8,0.04,0.1,4,5,,,0,1.0,0.0467556887973891,0.9553327588301846,0.3,ok,,,0.0
vanderpol_mu2,edmd_poly3,EDMD-polynomial,8,0.04,0.1,5,5,,,0,1.0,0.0428618899879441,0.9588997446359464,0.3,ok,,,0.0
vanderpol_mu2,edmd_poly3,EDMD-polynomial,8,0.04,0.1,6,5,,,0,1.0,0.0296791161793319,0.9711763444426672,0.3,ok,,,0.0
vanderpol_mu2,edmd_poly3,EDMD-polynomial,8,0.04,0.1,7,5,,,0,1.0,0.0110752247053354,0.9890460922840206,0.1,ok,,,0.0
vanderpol_mu2,edmd_poly3,EDMD-polynomial,8,0.04,0.1,8,5,,,0,1.0,0.0226054746738395,0.9778942366008264,0.1,ok,,,0.0
vanderpol_mu2,edmd_poly3,EDMD-polynomial,8,0.04,0.1,9,5,,,0,1.0,0.0108548183419336,0.9892617434818796,0.3,ok,,,0.0
vanderpol_mu2,edmd_poly3,EDMD-polynomial,16,0.08,0.0,0,5,,,0,1.0,0.0009545874844077,0.9990463228838316,0.001,ok,,,0.0
vanderpol_mu2,edmd_poly3,EDMD-polynomial,16,0.08,0.0,1,5,,,0,1.0,0.0009545874844077,0.9990463228838316,0.001,ok,,,0.0
vanderpol_mu2,edmd_poly3,EDMD-polynomial,16,0.08,0.0,2,5,,,0,1.0,0.0009545874844077,0.9990463228838316,0.001,ok,,,0.0
vanderpol_mu2,edmd_poly3,EDMD-polynomial,16,0.08,0.0,3,5,,,0,1.0,0.0009545874844077,0.9990463228838316,0.001,ok,,,0.0
vanderpol_mu2,edmd_poly3,EDMD-polynomial,16,0.08,0.0,4,5,,,0,1.0,0.0009545874844077,0.9990463228838316,0.001,ok,,,0.0
vanderpol_mu2,edmd_poly3,EDMD-polynomial,16,0.08,0.0,5,5,,,0,1.0,0.0009545874844077,0.9990463228838316,0.001,ok,,,0.0
vanderpol_mu2,edmd_poly3,EDMD-polynomial,16,0.08,0.0,6,5,,,0,1.0,0.0009545874844077,0.9990463228838316,0.001,ok,,,0.0
vanderpol_mu2,edmd_poly3,EDMD-polynomial,16,0.08,0.0,7,5,,,0,1.0,0.0009545874844077,0.9990463228838316,0.001,ok,,,0.0
vanderpol_mu2,edmd_poly3,EDMD-polynomial,16,0.08,0.0,8,5,,,0,1.0,0.0009545874844077,0.9990463228838316,0.001,ok,,,0.0
vanderpol_mu2,edmd_poly3,EDMD-polynomial,16,0.08,0.0,9,5,,,0,1.0,0.0009545874844077,0.9990463228838316,0.001,ok,,,0.0
vanderpol_mu2,edmd_poly3,EDMD-polynomial,16,0.08,0.01,0,5,,,0,1.0,0.0025165423382692,0.9974897747498512,0.01,ok,,,0.0
vanderpol_mu2,edmd_poly3,EDMD-polynomial,16,0.08,0.01,1,5,,,0,1.0,0.0057764738741671,0.9942567021358965,0.03,ok,,,0.0
vanderpol_mu2,edmd_poly3,EDMD-polynomial,16,0.08,0.01,2,5,,,0,1.0,0.0027956096481649,0.99721218399715,0.03,ok,,,0.0
vanderpol_mu2,edmd_poly3,EDMD-polynomial,16,0.08,0.01,3,5,,,0,1.0,0.0033922012983119,0.9966192668291394,0.01,ok,,,0.0
vanderpol_mu2,edmd_poly3,EDMD-polynomial,16,0.08,0.01,4,5,,,0,1.0,0.0037575034900691,0.9962565624894416,0.03,ok,,,0.0
vanderpol_mu2,edmd_poly3,EDMD-polynomial,16,0.08,0.01,5,5,,,0,1.0,0.0034295148055068,0.9965822065676716,0.01,ok,,,0.0
vanderpol_mu2,edmd_poly3,EDMD-polynomial,16,0.08,0.01,6,5,,,0,1.0,0.0021429660573389,0.9978616164260776,0.01,ok,,,0.0
vanderpol_mu2,edmd_poly3,EDMD-polynomial,16,0.08,0.01,7,5,,,0,1.0,0.0038625070303579,0.9961523545273304,0.03,ok,,,0.0
vanderpol_mu2,edmd_poly3,EDMD-polynomial,16,0.08,0.01,8,5,,,0,1.0,0.0013336833441944,0.9986680929979902,0.03,ok,,,0.0
vanderpol_mu2,edmd_poly3,EDMD-polynomial,16,0.08,0.01,9,5,,,0,1.0,0.0025626939455835,0.9974438566674588,0.03,ok,,,0.0
vanderpol_mu2,edmd_poly3,EDMD-polynomial,16,0.08,0.03,0,5,,,0,1.0,0.0160306710527427,0.9842222567591068,0.1,ok,,,0.0
vanderpol_mu2,edmd_poly3,EDMD-polynomial,16,0.08,0.03,1,5,,,0,1.0,0.0060931824254896,0.993943719595833,0.03,ok,,,0.0
vanderpol_mu2,edmd_poly3,EDMD-polynomial,16,0.08,0.03,2,5,,,0,1.0,0.0193629656973084,0.981004836992422,0.03,ok,,,0.0
vanderpol_mu2,edmd_poly3,EDMD-polynomial,16,0.08,0.03,3,5,,,0,1.0,0.0069518300828325,0.9930961642104956,0.1,ok,,,0.0
vanderpol_mu2,edmd_poly3,EDMD-polynomial,16,0.08,0.03,4,5,,,0,1.0,0.0135922564772194,0.9865900154718428,0.1,ok,,,0.0
vanderpol_mu2,edmd_poly3,EDMD-polynomial,16,0.08,0.03,5,5,,,0,1.0,0.006089807799664,0.9939470534812568,0.03,ok,,,0.0
vanderpol_mu2,edmd_poly3,EDMD-polynomial,16,0.08,0.03,6,5,,,0,1.0,0.0062835969296999,0.993755640110927,0.03,ok,,,0.0
vanderpol_mu2,edmd_poly3,EDMD-polynomial,16,0.08,0.03,7,5,,,0,1.0,0.0092581196234846,0.9908268068956052,0.1,ok,,,0.0
vanderpol_mu2,edmd_poly3,EDMD-polynomial,16,0.08,0.03,8,5,,,0,1.0,0.020370522002405,0.9800361520024812,0.1,ok,,,0.0
vanderpol_mu2,edmd_poly3,EDMD-polynomial,16,0.08,0.03,9,5,,,0,1.0,0.0119723467192256,0.988169294587901,0.1,ok,,,0.0
vanderpol_mu2,edmd_poly3,EDMD-polynomial,16,0.08,0.05,0,5,,,0,1.0,0.0285730051432354,0.9722207320235317,0.1,ok,,,0.0
vanderpol_mu2,edmd_poly3,EDMD-polynomial,16,0.08,0.05,1,5,,,0,1.0,0.0097159614774087,0.9903775300697512,0.1,ok,,,0.0
vanderpol_mu2,edmd_poly3,EDMD-polynomial,16,0.08,0.05,2,5,,,0,1.0,0.0258227810690487,0.9748272493596428,0.1,ok,,,0.0
vanderpol_mu2,edmd_poly3,EDMD-polynomial,16,0.08,0.05,3,5,,,0,1.0,0.0090730960705286,0.9910084848106042,0.1,ok,,,0.0
vanderpol_mu2,edmd_poly3,EDMD-polynomial,16,0.08,0.05,4,5,,,0,1.0,0.0165367004892659,0.983732313372152,0.1,ok,,,0.0
vanderpol_mu2,edmd_poly3,EDMD-polynomial,16,0.08,0.05,5,5,,,0,1.0,0.0300185441269954,0.97085630710422,0.1,ok,,,0.0
vanderpol_mu2,edmd_poly3,EDMD-polynomial,16,0.08,0.05,6,5,,,0,1.0,0.0337390092426773,0.9673621591707228,0.1,ok,,,0.0
vanderpol_mu2,edmd_poly3,EDMD-polynomial,16,0.08,0.05,7,5,,,0,1.0,0.0103027115851661,0.989802351842646,0.1,ok,,,0.0
vanderpol_mu2,edmd_poly3,EDMD-polynomial,16,0.08,0.05,8,5,,,0,1.0,0.025704122593459,0.974940022149402,0.1,ok,,,0.0
vanderpol_mu2,edmd_poly3,EDMD-polynomial,16,0.08,0.05,9,5,,,0,1.0,0.0320042939086564,0.9689882163305328,0.1,ok,,,0.0
vanderpol_mu2,edmd_poly3,EDMD-polynomial,16,0.08,0.1,0,5,,,0,1.0,0.0410971101383308,0.9605251904571416,0.3,ok,,,0.0
vanderpol_mu2,edmd_poly3,EDMD-polynomial,16,0.08,0.1,1,5,,,0,1.0,0.0428890787437891,0.9588747455333876,0.3,ok,,,0.0
vanderpol_mu2,edmd_poly3,EDMD-polynomial,16,0.08,0.1,2,5,,,0,1.0,0.0509755407600339,0.9514969294878453,0.3,ok,,,0.0
vanderpol_mu2,edmd_poly3,EDMD-polynomial,16,0.08,0.1,3,5,,,0,1.0,0.0278047874692188,0.9729474042072882,0.3,ok,,,0.0
vanderpol_mu2,edmd_poly3,EDMD-polynomial,16,0.08,0.1,4,5,,,0,1.0,0.0325969395159921,0.968432078124044,0.3,ok,,,0.0
vanderpol_mu2,edmd_poly3,EDMD-polynomial,16,0.08,0.1,5,5,,,0,1.0,0.0448031921564892,0.95711805582828,0.3,ok,,,0.0
vanderpol_mu2,edmd_poly3,EDMD-polynomial,16,0.08,0.1,6,5,,,0,1.0,0.0061863176646884,0.9938517175635556,0.1,ok,,,0.0
vanderpol_mu2,edmd_poly3,EDMD-polynomial,16,0.08,0.1,7,5,,,0,1.0,0.0373249571588752,0.964018066950684,0.3,ok,,,0.0
vanderpol_mu2,edmd_poly3,EDMD-polynomial,16,0.08,0.1,8,5,,,0,1.0,0.024132038326399,0.976436594674028,0.3,ok,,,0.0
vanderpol_mu2,edmd_poly3,EDMD-polynomial,16,0.08,0.1,9,5,,,0,1.0,0.0283577766209947,0.9724242114313818,0.3,ok,,,0.0
vanderpol_mu2,edmd_poly3,EDMD-polynomial,32,0.16,0.0,0,5,,,0,1.0,0.0039036201190318,0.9961115588779638,0.003,ok,,,0.0
vanderpol_mu2,edmd_poly3,EDMD-polynomial,32,0.16,0.0,1,5,,,0,1.0,0.0039036201190318,0.9961115588779638,0.003,ok,,,0.0
vanderpol_mu2,edmd_poly3,EDMD-polynomial,32,0.16,0.0,2,5,,,0,1.0,0.0039036201190318,0.9961115588779638,0.003,ok,,,0.0
vanderpol_mu2,edmd_poly3,EDMD-polynomial,32,0.16,0.0,3,5,,,0,1.0,0.0039036201190318,0.9961115588779638,0.003,ok,,,0.0
vanderpol_mu2,edmd_poly3,EDMD-polynomial,32,0.16,0.0,4,5,,,0,1.0,0.0039036201190318,0.9961115588779638,0.003,ok,,,0.0
vanderpol_mu2,edmd_poly3,EDMD-polynomial,32,0.16,0.0,5,5,,,0,1.0,0.0039036201190318,0.9961115588779638,0.003,ok,,,0.0
vanderpol_mu2,edmd_poly3,EDMD-polynomial,32,0.16,0.0,6,5,,,0,1.0,0.0039036201190318,0.9961115588779638,0.003,ok,,,0.0
vanderpol_mu2,edmd_poly3,EDMD-polynomial,32,0.16,0.0,7,5,,,0,1.0,0.0039036201190318,0.9961115588779638,0.003,ok,,,0.0
vanderpol_mu2,edmd_poly3,EDMD-polynomial,32,0.16,0.0,8,5,,,0,1.0,0.0039036201190318,0.9961115588779638,0.003,ok,,,0.0
vanderpol_mu2,edmd_poly3,EDMD-polynomial,32,0.16,0.0,9,5,,,0,1.0,0.0039036201190318,0.9961115588779638,0.003,ok,,,0.0
vanderpol_mu2,edmd_poly3,EDMD-polynomial,32,0.16,0.01,0,5,,,0,1.0,0.0054933567171063,0.9945366553837394,0.03,ok,,,0.0
vanderpol_mu2,edmd_poly3,EDMD-polynomial,32,0.16,0.01,1,5,,,0,1.0,0.0059184611105847,0.9941163609781548,0.03,ok,,,0.0
vanderpol_mu2,edmd_poly3,EDMD-polynomial,32,0.16,0.01,2,5,,,0,1.0,0.0060840259270925,0.9939527656037614,0.03,ok,,,0.0
vanderpol_mu2,edmd_poly3,EDMD-polynomial,32,0.16,0.01,3,5,,,0,1.0,0.0039615228577715,0.9960541088800944,0.03,ok,,,0.0
vanderpol_mu2,edmd_poly3,EDMD-polynomial,32,0.16,0.01,4,5,,,0,1.0,0.0070938140046342,0.9929561537306776,0.03,ok,,,0.0
vanderpol_mu2,edmd_poly3,EDMD-polynomial,32,0.16,0.01,5,5,,,0,1.0,0.0039817466504969,0.9960340447784224,0.03,ok,,,0.0
vanderpol_mu2,edmd_poly3,EDMD-polynomial,32,0.16,0.01,6,5,,,0,1.0,0.0057551435187323,0.9942777886289524,0.03,ok,,,0.0
vanderpol_mu2,edmd_poly3,EDMD-polynomial,32,0.16,0.01,7,5,,,0,1.0,0.0030231653186113,0.9969859466629056,0.01,ok,,,0.0
vanderpol_mu2,edmd_poly3,EDMD-polynomial,32,0.16,0.01,8,5,,,0,1.0,0.0035089722541105,0.9965032975776702,0.03,ok,,,0.0
vanderpol_mu2,edmd_poly3,EDMD-polynomial,32,0.16,0.01,9,5,,,0,1.0,0.0051942692574803,0.9948325717561868,0.01,ok,,,0.0
vanderpol_mu2,edmd_poly3,EDMD-polynomial,32,0.16,0.03,0,5,,,0,1.0,0.0175956184138696,0.9827086338664704,0.03,ok,,,0.0
vanderpol_mu2,edmd_poly3,EDMD-polynomial,32,0.16,0.03,1,5,,,0,1.0,0.013250956994222,0.9869223345877406,0.1,ok,,,0.0
vanderpol_mu2,edmd_poly3,EDMD-polynomial,32,0.16,0.03,2,5,,,0,1.0,0.0190961662983381,0.981261664080534,0.1,ok,,,0.0
vanderpol_mu2,edmd_poly3,EDMD-polynomial,32,0.16,0.03,3,5,,,0,1.0,0.0292554547618,0.9715760993770292,0.1,ok,,,0.0
vanderpol_mu2,edmd_poly3,EDMD-polynomial,32,0.16,0.03,4,5,,,0,1.0,0.0092342337082481,0.9908502571555478,0.03,ok,,,0.0
vanderpol_mu2,edmd_poly3,EDMD-polynomial,32,0.16,0.03,5,5,,,0,1.0,0.0158092666442003,0.9844367765058616,0.1,ok,,,0.0
vanderpol_mu2,edmd_poly3,EDMD-polynomial,32,0.16,0.03,6,5,,,0,1.0,0.0200977738946125,0.9802981886551112,0.1,ok,,,0.0
vanderpol_mu2,edmd_poly3,EDMD-polynomial,32,0.16,0.03,7,5,,,0,1.0,0.0129960919661892,0.9871706395816748,0.1,ok,,,0.0
vanderpol_mu2,edmd_poly3,EDMD-polynomial,32,0.16,0.03,8,5,,,0,1.0,0.0125122249678701,0.9876423961515456,0.1,ok,,,0.0
vanderpol_mu2,edmd_poly3,EDMD-polynomial,32,0.16,0.03,9,5,,,0,1.0,0.0189068969828969,0.981443940522061,0.1,ok,,,0.0
vanderpol_mu2,edmd_poly3,EDMD-polynomial,32,0.16,0.05,0,5,,,0,1.0,0.0438305345725603,0.958009913371131,0.1,ok,,,0.0
vanderpol_mu2,edmd_poly3,EDMD-polynomial,32,0.16,0.05,1,5,,,0,1.0,0.0446096340945165,0.957295402379488,0.1,ok,,,0.0
vanderpol_mu2,edmd_poly3,EDMD-polynomial,32,0.16,0.05,2,5,,,0,1.0,0.0213828704671845,0.9790647845333416,0.1,ok,,,0.0
vanderpol_mu2,edmd_poly3,EDMD-polynomial,32,0.16,0.05,3,5,,,0,1.0,0.0249076286225248,0.9756976844284,0.3,ok,,,0.0
vanderpol_mu2,edmd_poly3,EDMD-polynomial,32,0.16,0.05,4,5,,,0,1.0,0.0176287003241083,0.9826766871664552,0.1,ok,,,0.0
vanderpol_mu2,edmd_poly3,EDMD-polynomial,32,0.16,0.05,5,5,,,0,1.0,0.0291787304618826,0.971648529455338,0.3,ok,,,0.0
vanderpol_mu2,edmd_poly3,EDMD-polynomial,32,0.16,0.05,6,5,,,0,1.0,0.0304538424844472,0.9704461847499912,0.1,ok,,,0.0
vanderpol_mu2,edmd_poly3,EDMD-polynomial,32,0.16,0.05,7,5,,,0,1.0,0.0176227389191239,0.9826824438515966,0.1,ok,,,0.0
vanderpol_mu2,edmd_poly3,EDMD-polynomial,32,0.16,0.05,8,5,,,0,1.0,0.0672253249459764,0.9370092487737964,0.1,ok,,,0.0
vanderpol_mu2,edmd_poly3,EDMD-polynomial,32,0.16,0.05,9,5,,,0,1.0,0.0380533637909621,0.9633416112135204,0.1,ok,,,0.0
vanderpol_mu2,edmd_poly3,EDMD-polynomial,32,0.16,0.1,0,5,,,0,1.0,0.0521270712113417,0.950455536562398,0.3,ok,,,0.0
vanderpol_mu2,edmd_poly3,EDMD-polynomial,32,0.16,0.1,1,5,,,0,1.0,0.055713855482478,0.9472263670755596,0.1,ok,,,0.0
vanderpol_mu2,edmd_poly3,EDMD-polynomial,32,0.16,0.1,2,5,,,0,1.0,0.0824406292979756,0.9238381976187988,0.3,ok,,,0.0
vanderpol_mu2,edmd_poly3,EDMD-polynomial,32,0.16,0.1,3,5,,,0,1.0,0.0550477831481107,0.9478243696376898,0.3,ok,,,0.0
vanderpol_mu2,edmd_poly3,EDMD-polynomial,32,0.16,0.1,4,5,,,0,1.0,0.0330766098351025,0.9679824230650406,0.3,ok,,,0.0
vanderpol_mu2,edmd_poly3,EDMD-polynomial,32,0.16,0.1,5,5,,,0,1.0,0.0344769909468836,0.9666720562674612,0.1,ok,,,0.0
vanderpol_mu2,edmd_poly3,EDMD-polynomial,32,0.16,0.1,6,5,,,0,1.0,0.0209386363408372,0.9794907983736576,0.3,ok,,,0.0
vanderpol_mu2,edmd_poly3,EDMD-polynomial,32,0.16,0.1,7,5,,,0,1.0,0.0633216532671026,0.940449201732567,0.1,ok,,,0.0
vanderpol_mu2,edmd_poly3,EDMD-polynomial,32,0.16,0.1,8,5,,,0,1.0,0.0550581565611318,0.9478150505555172,0.3,ok,,,0.0
vanderpol_mu2,edmd_poly3,EDMD-polynomial,32,0.16,0.1,9,5,,,0,0.8571428571428571,0.3168562321032815,0.6509008624076065,0.3,ok,,,0.0
vanderpol_mu2,edmd_poly3,EDMD-polynomial,64,0.32,0.0,0,5,,,0,1.0,0.029670165286031,0.9711847868508564,0.03,ok,,,0.0
vanderpol_mu2,edmd_poly3,EDMD-polynomial,64,0.32,0.0,1,5,,,0,1.0,0.029670165286031,0.9711847868508564,0.03,ok,,,0.0
vanderpol_mu2,edmd_poly3,EDMD-polynomial,64,0.32,0.0,2,5,,,0,1.0,0.029670165286031,0.9711847868508564,0.03,ok,,,0.0
vanderpol_mu2,edmd_poly3,EDMD-polynomial,64,0.32,0.0,3,5,,,0,1.0,0.029670165286031,0.9711847868508564,0.03,ok,,,0.0
vanderpol_mu2,edmd_poly3,EDMD-polynomial,64,0.32,0.0,4,5,,,0,1.0,0.029670165286031,0.9711847868508564,0.03,ok,,,0.0
vanderpol_mu2,edmd_poly3,EDMD-polynomial,64,0.32,0.0,5,5,,,0,1.0,0.029670165286031,0.9711847868508564,0.03,ok,,,0.0
vanderpol_mu2,edmd_poly3,EDMD-polynomial,64,0.32,0.0,6,5,,,0,1.0,0.029670165286031,0.9711847868508564,0.03,ok,,,0.0
vanderpol_mu2,edmd_poly3,EDMD-polynomial,64,0.32,0.0,7,5,,,0,1.0,0.029670165286031,0.9711847868508564,0.03,ok,,,0.0
vanderpol_mu2,edmd_poly3,EDMD-polynomial,64,0.32,0.0,8,5,,,0,1.0,0.029670165286031,0.9711847868508564,0.03,ok,,,0.0
vanderpol_mu2,edmd_poly3,EDMD-polynomial,64,0.32,0.0,9,5,,,0,1.0,0.029670165286031,0.9711847868508564,0.03,ok,,,0.0
vanderpol_mu2,edmd_poly3,EDMD-polynomial,64,0.32,0.01,0,5,,,0,1.0,0.0257778182509799,0.974869978866444,0.03,ok,,,0.0
vanderpol_mu2,edmd_poly3,EDMD-polynomial,64,0.32,0.01,1,5,,,0,1.0,0.0372811656277036,0.9640587654889664,0.1,ok,,,0.0
vanderpol_mu2,edmd_poly3,EDMD-polynomial,64,0.32,0.01,2,5,,,0,1.0,0.0329472789803672,0.9681036199515528,0.1,ok,,,0.0
vanderpol_mu2,edmd_poly3,EDMD-polynomial,64,0.32,0.01,3,5,,,0,1.0,0.0238143652484954,0.9767395671941804,0.1,ok,,,0.0
vanderpol_mu2,edmd_poly3,EDMD-polynomial,64,0.32,0.01,4,5,,,0,1.0,0.0127215976567973,0.987438208401764,0.03,ok,,,0.0
vanderpol_mu2,edmd_poly3,EDMD-polynomial,64,0.32,0.01,5,5,,,0,1.0,0.0383843730652695,0.9630345235724606,0.1,ok,,,0.0
vanderpol_mu2,edmd_poly3,EDMD-polynomial,64,0.32,0.01,6,5,,,0,1.0,0.0345305585594713,0.9666220023432144,0.03,ok,,,0.0
vanderpol_mu2,edmd_poly3,EDMD-polynomial,64,0.32,0.01,7,5,,,0,1.0,0.0342724730137587,0.9668632068357264,0.03,ok,,,0.0
vanderpol_mu2,edmd_poly3,EDMD-polynomial,64,0.32,0.01,8,5,,,0,1.0,0.0276620059271767,0.9730825837993108,0.03,ok,,,0.0
vanderpol_mu2,edmd_poly3,EDMD-polynomial,64,0.32,0.01,9,5,,,0,1.0,0.0292358796971121,0.971594577808815,0.03,ok,,,0.0
vanderpol_mu2,edmd_poly3,EDMD-polynomial,64,0.32,0.03,0,5,,,0,1.0,0.0355519247931343,0.9656686217832714,0.1,ok,,,0.0
vanderpol_mu2,edmd_poly3,EDMD-polynomial,64,0.32,0.03,1,5,,,0,1.0,0.0085737779331095,0.991499106837102,0.03,ok,,,0.0
vanderpol_mu2,edmd_poly3,EDMD-polynomial,64,0.32,0.03,2,5,,,0,1.0,0.0534350271862707,0.9492754410027584,0.3,ok,,,0.0
vanderpol_mu2,edmd_poly3,EDMD-polynomial,64,0.32,0.03,3,5,,,0,1.0,0.0244144999220091,0.976167362016188,0.1,ok,,,0.0
vanderpol_mu2,edmd_poly3,EDMD-polynomial,64,0.32,0.03,4,5,,,0,1.0,0.0323973063126215,0.9686193424619308,0.1,ok,,,0.0
vanderpol_mu2,edmd_poly3,EDMD-polynomial,64,0.32,0.03,5,5,,,0,1.0,0.0157817018700529,0.98446349068801,0.3,ok,,,0.0
vanderpol_mu2,edmd_poly3,EDMD-polynomial,64,0.32,0.03,6,5,,,0,1.0,0.0722986119614468,0.9325760463037452,0.3,ok,,,0.0
vanderpol_mu2,edmd_poly3,EDMD-polynomial,64,0.32,0.03,7,5,,,0,1.0,0.0019862136468419,0.9980177235776398,0.1,ok,,,0.0
vanderpol_mu2,edmd_poly3,EDMD-polynomial,64,0.32,0.03,8,5,,,0,1.0,0.0308361703642937,0.9700862549735751,0.1,ok,,,0.0
vanderpol_mu2,edmd_poly3,EDMD-polynomial,64,0.32,0.03,9,5,,,0,1.0,0.0101236795132574,0.9899777822076842,0.1,ok,,,0.0
vanderpol_mu2,edmd_poly3,EDMD-polynomial,64,0.32,0.05,0,5,,,0,1.0,0.0218279232035845,0.9786383570972002,0.1,ok,,,0.0
vanderpol_mu2,edmd_poly3,EDMD-polynomial,64,0.32,0.05,1,5,,,0,1.0,0.0189895149536506,0.9813643666838768,0.3,ok,,,0.0
vanderpol_mu2,edmd_poly3,EDMD-polynomial,64,0.32,0.05,2,5,,,0,1.0,0.0598662852885036,0.9435152470462748,0.1,ok,,,0.0
vanderpol_mu2,edmd_poly3,EDMD-polynomial,64,0.32,0.05,3,5,,,0,1.0,0.0299971774241043,0.9708764469635504,0.1,ok,,,0.0
vanderpol_mu2,edmd_poly3,EDMD-polynomial,64,0.32,0.05,4,5,,,0,1.0,0.0406079788604411,0.9609766793207654,0.3,ok,,,0.0
vanderpol_mu2,edmd_poly3,EDMD-polynomial,64,0.32,0.05,5,5,,,0,1.0,0.0221947824175674,0.9782871300075754,0.1,ok,,,0.0
vanderpol_mu2,edmd_poly3,EDMD-polynomial,64,0.32,0.05,6,5,,,0,1.0,0.0455727550803989,0.9564135973714284,0.3,ok,,,0.0
vanderpol_mu2,edmd_poly3,EDMD-polynomial,64,0.32,0.05,7,5,,,0,1.0,0.0707119875652229,0.9339579752665136,0.1,ok,,,0.0
vanderpol_mu2,edmd_poly3,EDMD-polynomial,64,0.32,0.05,8,5,,,0,1.0,0.0188053544863076,0.9815417592737432,0.1,ok,,,0.0
vanderpol_mu2,edmd_poly3,EDMD-polynomial,64,0.32,0.05,9,5,,,0,1.0,0.0362593973426167,0.9650093428000746,0.1,ok,,,0.0
vanderpol_mu2,edmd_poly3,EDMD-polynomial,64,0.32,0.1,0,5,,,0,1.0,0.1473555705462135,0.8715693945896276,0.3,ok,,,0.0
vanderpol_mu2,edmd_poly3,EDMD-polynomial,64,0.32,0.1,1,5,,,0,1.0,0.0346735733731272,0.9664883937645298,0.3,ok,,,0.0
vanderpol_mu2,edmd_poly3,EDMD-polynomial,64,0.32,0.1,2,5,,,0,1.0,0.0841947470920209,0.9223435205549146,0.1,ok,,,0.0
vanderpol_mu2,edmd_poly3,EDMD-polynomial,64,0.32,0.1,3,5,,,0,1.0,0.0798231258706356,0.926077591822016,0.3,ok,,,0.0
vanderpol_mu2,edmd_poly3,EDMD-polynomial,64,0.32,0.1,4,5,,,0,1.0,0.1022768672798494,0.907213087459375,0.1,ok,,,0.0
vanderpol_mu2,edmd_poly3,EDMD-polynomial,64,0.32,0.1,5,5,,,0,1.0,0.0651819555953159,0.9388067407141848,0.1,ok,,,0.0
vanderpol_mu2,edmd_poly3,EDMD-polynomial,64,0.32,0.1,6,5,,,0,1.0,0.1290998180662484,0.8856612887535922,0.3,ok,,,0.0
vanderpol_mu2,edmd_poly3,EDMD-polynomial,64,0.32,0.1,7,5,,,0,1.0,0.0806494358594847,0.9253694739632738,0.3,ok,,,0.0
vanderpol_mu2,edmd_poly3,EDMD-polynomial,64,0.32,0.1,8,5,,,0,1.0,0.1114691920933361,0.8997100478481139,0.3,ok,,,0.0
vanderpol_mu2,edmd_poly3,EDMD-polynomial,64,0.32,0.1,9,5,,,0,1.0,0.0613251359798242,0.9422183326288522,0.3,ok,,,0.0
