system,method,sparse_factor,noise,seed,feature,equation,coef,true_coef
lorenz63,baseline,16,0.05,1,1,0,0.0,0.0
lorenz63,baseline,16,0.05,1,1,1,1.5113900685212467,0.0
lorenz63,baseline,16,0.05,1,1,2,25.03020693813204,0.0
lorenz63,baseline,16,0.05,1,x,0,-8.767502089134554,-10.0
lorenz63,baseline,16,0.05,1,x,1,16.841930698575823,28.0
lorenz63,baseline,16,0.05,1,x,2,0.30092129532965783,0.0
lorenz63,baseline,16,0.05,1,y,0,8.725590355379248,10.0
lorenz63,baseline,16,0.05,1,y,1,1.1473120722228158,-1.0
lorenz63,baseline,16,0.05,1,y,2,0.0,0.0
lorenz63,baseline,16,0.05,1,z,0,0.0,0.0
lorenz63,baseline,16,0.05,1,z,1,0.0,0.0
lorenz63,baseline,16,0.05,1,z,2,-3.674979992221865,-2.6666666666666665
lorenz63,baseline,16,0.05,1,x*x,0,0.0,0.0
lorenz63,baseline,16,0.05,1,x*x,1,0.0,0.0
lorenz63,baseline,16,0.05,1,x*x,2,0.408629755838719,0.0
lorenz63,baseline,16,0.05,1,x*y,0,0.0,0.0
lorenz63,baseline,16,0.05,1,x*y,1,0.0,0.0
lorenz63,baseline,16,0.05,1,x*y,2,0.5524033265765053,1.0
lorenz63,baseline,16,0.05,1,x*z,0,0.0,0.0
lorenz63,baseline,16,0.05,1,x*z,1,-0.6942880566348496,-1.0
lorenz63,baseline,16,0.05,1,x*z,2,0.0,0.0
lorenz63,baseline,16,0.05,1,y*y,0,0.0,0.0
lorenz63,baseline,16,0.05,1,y*y,1,0.0,0.0
lorenz63,baseline,16,0.05,1,y*y,2,0.0,0.0
lorenz63,baseline,16,0.05,1,y*z,0,0.0,0.0
lorenz63,baseline,16,0.05,1,y*z,1,0.0,0.0
lorenz63,baseline,16,0.05,1,y*z,2,0.0,0.0
lorenz63,baseline,16,0.05,1,z*z,0,0.0,0.0
lorenz63,baseline,16,0.05,1,z*z,1,0.0,0.0
lorenz63,baseline,16,0.05,1,z*z,2,0.0,0.0
lorenz63,baseline,16,0.05,1,x*x*x,0,0.0,0.0
lorenz63,baseline,16,0.05,1,x*x*x,1,0.0,0.0
lorenz63,baseline,16,0.05,1,x*x*x,2,0.0,0.0
lorenz63,baseline,16,0.05,1,x*x*y,0,0.0,0.0
lorenz63,baseline,16,0.05,1,x*x*y,1,0.0,0.0
lorenz63,baseline,16,0.05,1,x*x*y,2,0.0,0.0
lorenz63,baseline,16,0.05,1,x*x*z,0,0.0,0.0
lorenz63,baseline,16,0.05,1,x*x*z,1,0.0,0.0
lorenz63,baseline,16,0.05,1,x*x*z,2,0.0,0.0
lorenz63,baseline,16,0.05,1,x*y*y,0,0.0,0.0
lorenz63,baseline,16,0.05,1,x*y*y,1,0.0,0.0
lorenz63,baseline,16,0.05,1,x*y*y,2,0.0,0.0
lorenz63,baseline,16,0.05,1,x*y*z,0,0.0,0.0
lorenz63,baseline,16,0.05,1,x*y*z,1,0.0,0.0
lorenz63,baseline,16,0.05,1,x*y*z,2,0.0,0.0
lorenz63,baseline,16,0.05,1,x*z*z,0,0.0,0.0
lorenz63,baseline,16,0.05,1,x*z*z,1,0.0,0.0
lorenz63,baseline,16,0.05,1,x*z*z,2,0.0,0.0
lorenz63,baseline,16,0.05,1,y*y*y,0,0.0,0.0
lorenz63,baseline,16,0.05,1,y*y*y,1,0.0,0.0
lorenz63,baseline,16,0.05,1,y*y*y,2,0.0,0.0
lorenz63,baseline,16,0.05,1,y*y*z,0,0.0,0.0
lorenz63,baseline,16,0.05,1,y*y*z,1,0.0,0.0
lorenz63,baseline,16,0.05,1,y*y*z,2,0.0,0.0
lorenz63,baseline,16,0.05,1,y*z*z,0,0.0,0.0
lorenz63,baseline,16,0.05,1,y*z*z,1,0.0,0.0
lorenz63,baseline,16,0.05,1,y*z*z,2,0.0,0.0
lorenz63,baseline,16,0.05,1,z*z*z,0,0.0,0.0
lorenz63,baseline,16,0.05,1,z*z*z,1,0.0,0.0
lorenz63,baseline,16,0.05,1,z*z*z,2,0.0,0.0
lorenz63,edmd_poly3,16,0.05,1,1,0,0.0,0.0
lorenz63,edmd_poly3,16,0.05,1,1,1,0.6736531996304332,0.0
lorenz63,edmd_poly3,16,0.05,1,1,2,-1.844629195773122,0.0
lorenz63,edmd_poly3,16,0.05,1,x,0,-9.918027772530362,-10.0
lorenz63,edmd_poly3,16,0.05,1,x,1,26.933165430488177,28.0
lorenz63,edmd_poly3,16,0.05,1,x,2,0.0,0.0
lorenz63,edmd_poly3,16,0.05,1,y,0,9.867511024874435,10.0
lorenz63,edmd_poly3,16,0.05,1,y,1,-0.8111514160533574,-1.0
lorenz63,edmd_poly3,16,0.05,1,y,2,0.0,0.0
lorenz63,edmd_poly3,16,0.05,1,z,0,0.0,0.0
lorenz63,edmd_poly3,16,0.05,1,z,1,0.0,0.0
lorenz63,edmd_poly3,16,0.05,1,z,2,-2.5358854970920235,-2.6666666666666665
lorenz63,edmd_poly3,16,0.05,1,x*x,0,0.0,0.0
lorenz63,edmd_poly3,16,0.05,1,x*x,1,0.0,0.0
lorenz63,edmd_poly3,16,0.05,1,x*x,2,0.0,0.0
lorenz63,edmd_poly3,16,0.05,1,x*y,0,0.0,0.0
lorenz63,edmd_poly3,16,0.05,1,x*y,1,0.0,0.0
lorenz63,edmd_poly3,16,0.05,1,x*y,2,0.9760526147991659,1.0
lorenz63,edmd_poly3,16,0.05,1,x*z,0,0.0,0.0
lorenz63,edmd_poly3,16,0.05,1,x*z,1,-0.9774867505138668,-1.0
lorenz63,edmd_poly3,16,0.05,1,x*z,2,0.0,0.0
lorenz63,edmd_poly3,16,0.05,1,y*y,0,0.0,0.0
lorenz63,edmd_poly3,16,0.05,1,y*y,1,0.0,0.0
lorenz63,edmd_poly3,16,0.05,1,y*y,2,0.0,0.0
lorenz63,edmd_poly3,16,0.05,1,y*z,0,0.0,0.0
lorenz63,edmd_poly3,16,0.05,1,y*z,1,0.0,0.0
lorenz63,edmd_poly3,16,0.05,1,y*z,2,0.0,0.0
lorenz63,edmd_poly3,16,0.05,1,z*z,0,0.0,0.0
lorenz63,edmd_poly3,16,0.05,1,z*z,1,0.0,0.0
lorenz63,edmd_poly3,16,0.05,1,z*z,2,0.0,0.0
lorenz63,edmd_poly3,16,0.05,1,x*x*x,0,0.0,0.0
lorenz63,edmd_poly3,16,0.05,1,x*x*x,1,0.0,0.0
lorenz63,edmd_poly3,16,0.05,1,x*x*x,2,0.0,0.0
lorenz63,edmd_poly3,16,0.05,1,x*x*y,0,0.0,0.0
lorenz63,edmd_poly3,16,0.05,1,x*x*y,1,0.0,0.0
lorenz63,edmd_poly3,16,0.05,1,x*x*y,2,0.0,0.0
lorenz63,edmd_poly3,16,0.05,1,x*x*z,0,0.0,0.0
lorenz63,edmd_poly3,16,0.05,1,x*x*z,1,0.0,0.0
lorenz63,edmd_poly3,16,0.05,1,x*x*z,2,0.0,0.0
lorenz63,edmd_poly3,16,0.05,1,x*y*y,0,0.0,0.0
lorenz63,edmd_poly3,16,0.05,1,x*y*y,1,0.0,0.0
lorenz63,edmd_poly3,16,0.05,1,x*y*y,2,0.0,0.0
lorenz63,edmd_poly3,16,0.05,1,x*y*z,0,0.0,0.0
lorenz63,edmd_poly3,16,0.05,1,x*y*z,1,0.0,0.0
lorenz63,edmd_poly3,16,0.05,1,x*y*z,2,0.0,0.0
lorenz63,edmd_poly3,16,0.05,1,x*z*z,0,0.0,0.0
lorenz63,edmd_poly3,16,0.05,1,x*z*z,1,0.0,0.0
lorenz63,edmd_poly3,16,0.05,1,x*z*z,2,0.0,0.0
lorenz63,edmd_poly3,16,0.05,1,y*y*y,0,0.0,0.0
lorenz63,edmd_poly3,16,0.05,1,y*y*y,1,0.0,0.0
lorenz63,edmd_poly3,16,0.05,1,y*y*y,2,0.0,0.0
lorenz63,edmd_poly3,16,0.05,1,y*y*z,0,0.0,0.0
lorenz63,edmd_poly3,16,0.05,1,y*y*z,1,0.0,0.0
lorenz63,edmd_poly3,16,0.05,1,y*y*z,2,0.0,0.0
lorenz63,edmd_poly3,16,0.05,1,y*z*z,0,0.0,0.0
lorenz63,edmd_poly3,16,0.05,1,y*z*z,1,0.0,0.0
lorenz63,edmd_poly3,16,0.05,1,y*z*z,2,0.0,0.0
lorenz63,edmd_poly3,16,0.05,1,z*z*z,0,0.0,0.0
lorenz63,edmd_poly3,16,0.05,1,z*z*z,1,0.0,0.0
lorenz63,edmd_poly3,16,0.05,1,z*z*z,2,0.0,0.0
lorenz63,tv_diff,16,0.05,1,1,0,0.0,0.0
lorenz63,tv_diff,16,0.05,1,1,1,1.5119749322680331,0.0
lorenz63,tv_diff,16,0.05,1,1,2,25.014004332873395,0.0
lorenz63,tv_diff,16,0.05,1,x,0,-8.768039858176968,-10.0
lorenz63,tv_diff,16,0.05,1,x,1,16.83948861111526,28.0
lorenz63,tv_diff,16,0.05,1,x,2,0.30093262988545205,0.0
lorenz63,tv_diff,16,0.05,1,y,0,8.726003912891786,10.0
lorenz63,tv_diff,16,0.05,1,y,1,1.147957966536474,-1.0
lorenz63,tv_diff,16,0.05,1,y,2,0.0,0.0
lorenz63,tv_diff,16,0.05,1,z,0,0.0,0.0
lorenz63,tv_diff,16,0.05,1,z,1,0.0,0.0
lorenz63,tv_diff,16,0.05,1,z,2,-3.6741448264291563,-2.6666666666666665
lorenz63,tv_diff,16,0.05,1,x*x,0,0.0,0.0
lorenz63,tv_diff,16,0.05,1,x*x,1,0.0,0.0
lorenz63,tv_diff,16,0.05,1,x*x,2,0.40847684868754347,0.0
lorenz63,tv_diff,16,0.05,1,x*y,0,0.0,0.0
lorenz63,tv_diff,16,0.05,1,x*y,1,0.0,0.0
lorenz63,tv_diff,16,0.05,1,x*y,2,0.5525434972523365,1.0
lorenz63,tv_diff,16,0.05,1,x*z,0,0.0,0.0
lorenz63,tv_diff,16,0.05,1,x*z,1,-0.6942390739912676,-1.0
lorenz63,tv_diff,16,0.05,1,x*z,2,0.0,0.0
lorenz63,tv_diff,16,0.05,1,y*y,0,0.0,0.0
lorenz63,tv_diff,16,0.05,1,y*y,1,0.0,0.0
lorenz63,tv_diff,16,0.05,1,y*y,2,0.0,0.0
lorenz63,tv_diff,16,0.05,1,y*z,0,0.0,0.0
lorenz63,tv_diff,16,0.05,1,y*z,1,0.0,0.0
lorenz63,tv_diff,16,0.05,1,y*z,2,0.0,0.0
lorenz63,tv_diff,16,0.05,1,z*z,0,0.0,0.0
lorenz63,tv_diff,16,0.05,1,z*z,1,0.0,0.0
lorenz63,tv_diff,16,0.05,1,z*z,2,0.0,0.0
lorenz63,tv_diff,16,0.05,1,x*x*x,0,0.0,0.0
lorenz63,tv_diff,16,0.05,1,x*x*x,1,0.0,0.0
lorenz63,tv_diff,16,0.05,1,x*x*x,2,0.0,0.0
lorenz63,tv_diff,16,0.05,1,x*x*y,0,0.0,0.0
lorenz63,tv_diff,16,0.05,1,x*x*y,1,0.0,0.0
lorenz63,tv_diff,16,0.05,1,x*x*y,2,0.0,0.0
lorenz63,tv_diff,16,0.05,1,x*x*z,0,0.0,0.0
lorenz63,tv_diff,16,0.05,1,x*x*z,1,0.0,0.0
lorenz63,tv_diff,16,0.05,1,x*x*z,2,0.0,0.0
lorenz63,tv_diff,16,0.05,1,x*y*y,0,0.0,0.0
lorenz63,tv_diff,16,0.05,1,x*y*y,1,0.0,0.0
lorenz63,tv_diff,16,0.05,1,x*y*y,2,0.0,0.0
lorenz63,tv_diff,16,0.05,1,x*y*z,0,0.0,0.0
lorenz63,tv_diff,16,0.05,1,x*y*z,1,0.0,0.0
lorenz63,tv_diff,16,0.05,1,x*y*z,2,0.0,0.0
lorenz63,tv_diff,16,0.05,1,x*z*z,0,0.0,0.0
lorenz63,tv_diff,16,0.05,1,x*z*z,1,0.0,0.0
lorenz63,tv_diff,16,0.05,1,x*z*z,2,0.0,0.0
lorenz63,tv_diff,16,0.05,1,y*y*y,0,0.0,0.0
lorenz63,tv_diff,16,0.05,1,y*y*y,1,0.0,0.0
lorenz63,tv_diff,16,0.05,1,y*y*y,2,0.0,0.0
lorenz63,tv_diff,16,0.05,1,y*y*z,0,0.0,0.0
lorenz63,tv_diff,16,0.05,1,y*y*z,1,0.0,0.0
lorenz63,tv_diff,16,0.05,1,y*y*z,2,0.0,0.0
lorenz63,tv_diff,16,0.05,1,y*z*z,0,0.0,0.0
lorenz63,tv_diff,16,0.05,1,y*z*z,1,0.0,0.0
lorenz63,tv_diff,16,0.05,1,y*z*z,2,0.0,0.0
lorenz63,tv_diff,16,0.05,1,z*z*z,0,0.0,0.0
lorenz63,tv_diff,16,0.05,1,z*z*z,1,0.0,0.0
lorenz63,tv_diff,16,0.05,1,z*z*z,2,0.0,0.0
lorenz63,baseline,16,0.05,2,1,0,0.9992429760936865,0.0
lorenz63,baseline,16,0.05,2,1,1,0.0,0.0
lorenz63,baseline,16,0.05,2,1,2,7.997177324555333,0.0
lorenz63,baseline,16,0.05,2,x,0,-12.526351702409812,-10.0
lorenz63,baseline,16,0.05,2,x,1,26.880313821900767,28.0
lorenz63,baseline,16,0.05,2,x,2,0.0,0.0
lorenz63,baseline,16,0.05,2,y,0,11.459532394897018,10.0
lorenz63,baseline,16,0.05,2,y,1,-2.9900194721291093,-1.0
lorenz63,baseline,16,0.05,2,y,2,0.15319528066147728,0.0
lorenz63,baseline,16,0.05,2,z,0,0.0,0.0
lorenz63,baseline,16,0.05,2,z,1,0.0,0.0
lorenz63,baseline,16,0.05,2,z,2,-2.246181413605106,-2.6666666666666665
lorenz63,baseline,16,0.05,2,x*x,0,0.0,0.0
lorenz63,baseline,16,0.05,2,x*x,1,0.0,0.0
lorenz63,baseline,16,0.05,2,x*x,2,0.7592068522293103,0.0
lorenz63,baseline,16,0.05,2,x*y,0,0.0,0.0
lorenz63,baseline,16,0.05,2,x*y,1,0.0,0.0
lorenz63,baseline,16,0.05,2,x*y,2,-0.1769649181616289,1.0
lorenz63,baseline,16,0.05,2,x*z,0,0.11833240190016128,0.0
lorenz63,baseline,16,0.05,2,x*z,1,-1.1016326890559573,-1.0
lorenz63,baseline,16,0.05,2,x*z,2,0.0,0.0
lorenz63,baseline,16,0.05,2,y*y,0,0.0,0.0
lorenz63,baseline,16,0.05,2,y*y,1,0.0,0.0
lorenz63,baseline,16,0.05,2,y*y,2,0.3887654894903885,0.0
lorenz63,baseline,16,0.05,2,y*z,0,-0.0914348377629392,0.0
lorenz63,baseline,16,0.05,2,y*z,1,0.20824911999568196,0.0
lorenz63,baseline,16,0.05,2,y*z,2,0.0,0.0
lorenz63,baseline,16,0.05,2,z*z,0,0.0,0.0
lorenz63,baseline,16,0.05,2,z*z,1,0.0,0.0
lorenz63,baseline,16,0.05,2,z*z,2,-0.038701668591022885,0.0
lorenz63,baseline,16,0.05,2,x*x*x,0,0.0,0.0
lorenz63,baseline,16,0.05,2,x*x*x,1,0.049868958077035834,0.0
lorenz63,baseline,16,0.05,2,x*x*x,2,0.0,0.0
lorenz63,baseline,16,0.05,2,x*x*y,0,0.0,0.0
lorenz63,baseline,16,0.05,2,x*x*y,1,-0.043107006449302335,0.0
lorenz63,baseline,16,0.05,2,x*x*y,2,0.0,0.0
lorenz63,baseline,16,0.05,2,x*x*z,0,0.0,0.0
lorenz63,baseline,16,0.05,2,x*x*z,1,0.0,0.0
lorenz63,baseline,16,0.05,2,x*x*z,2,0.0,0.0
lorenz63,baseline,16,0.05,2,x*y*y,0,0.0,0.0
lorenz63,baseline,16,0.05,2,x*y*y,1,0.0,0.0
lorenz63,baseline,16,0.05,2,x*y*y,2,0.0,0.0
lorenz63,baseline,16,0.05,2,x*y*z,0,0.0,0.0
lorenz63,baseline,16,0.05,2,x*y*z,1,0.0,0.0
lorenz63,baseline,16,0.05,2,x*y*z,2,0.0,0.0
lorenz63,baseline,16,0.05,2,x*z*z,0,0.0,0.0
lorenz63,baseline,16,0.05,2,x*z*z,1,0.0,0.0
lorenz63,baseline,16,0.05,2,x*z*z,2,0.0,0.0
lorenz63,baseline,16,0.05,2,y*y*y,0,0.0,0.0
lorenz63,baseline,16,0.05,2,y*y*y,1,0.0,0.0
lorenz63,baseline,16,0.05,2,y*y*y,2,0.0,0.0
lorenz63,baseline,16,0.05,2,y*y*z,0,0.0,0.0
lorenz63,baseline,16,0.05,2,y*y*z,1,0.0,0.0
lorenz63,baseline,16,0.05,2,y*y*z,2,0.0,0.0
lorenz63,baseline,16,0.05,2,y*z*z,0,0.0,0.0
lorenz63,baseline,16,0.05,2,y*z*z,1,0.0,0.0
lorenz63,baseline,16,0.05,2,y*z*z,2,0.0,0.0
lorenz63,baseline,16,0.05,2,z*z*z,0,0.0,0.0
lorenz63,baseline,16,0.05,2,z*z*z,1,0.0,0.0
lorenz63,baseline,16,0.05,2,z*z*z,2,0.0,0.0
lorenz63,edmd_poly3,16,0.05,2,1,0,0.38131741632367344,0.0
lorenz63,edmd_poly3,16,0.05,2,1,1,0.0,0.0
lorenz63,edmd_poly3,16,0.05,2,1,2,0.0,0.0
lorenz63,edmd_poly3,16,0.05,2,x,0,-9.711114166790834,-10.0
lorenz63,edmd_poly3,16,0.05,2,x,1,26.986063632928833,28.0
lorenz63,edmd_poly3,16,0.05,2,x,2,0.0,0.0
lorenz63,edmd_poly3,16,0.05,2,y,0,9.812878343002124,10.0
lorenz63,edmd_poly3,16,0.05,2,y,1,-0.845613590638398,-1.0
lorenz63,edmd_poly3,16,0.05,2,y,2,0.0,0.0
lorenz63,edmd_poly3,16,0.05,2,z,0,0.0,0.0
lorenz63,edmd_poly3,16,0.05,2,z,1,0.0,0.0
lorenz63,edmd_poly3,16,0.05,2,z,2,-2.664779596943918,-2.6666666666666665
lorenz63,edmd_poly3,16,0.05,2,x*x,0,0.0,0.0
lorenz63,edmd_poly3,16,0.05,2,x*x,1,0.0,0.0
lorenz63,edmd_poly3,16,0.05,2,x*x,2,0.0,0.0
lorenz63,edmd_poly3,16,0.05,2,x*y,0,0.0,0.0
lorenz63,edmd_poly3,16,0.05,2,x*y,1,0.0,0.0
lorenz63,edmd_poly3,16,0.05,2,x*y,2,1.0059627037710261,1.0
lorenz63,edmd_poly3,16,0.05,2,x*z,0,0.0,0.0
lorenz63,edmd_poly3,16,0.05,2,x*z,1,-0.9686354701359213,-1.0
lorenz63,edmd_poly3,16,0.05,2,x*z,2,0.0,0.0
lorenz63,edmd_poly3,16,0.05,2,y*y,0,0.0,0.0
lorenz63,edmd_poly3,16,0.05,2,y*y,1,0.0,0.0
lorenz63,edmd_poly3,16,0.05,2,y*y,2,0.0,0.0
lorenz63,edmd_poly3,16,0.05,2,y*z,0,0.0,0.0
lorenz63,edmd_poly3,16,0.05,2,y*z,1,0.0,0.0
lorenz63,edmd_poly3,16,0.05,2,y*z,2,0.0,0.0
lorenz63,edmd_poly3,16,0.05,2,z*z,0,0.0,0.0
lorenz63,edmd_poly3,16,0.05,2,z*z,1,0.0,0.0
lorenz63,edmd_poly3,16,0.05,2,z*z,2,0.0,0.0
lorenz63,edmd_poly3,16,0.05,2,x*x*x,0,0.0,0.0
lorenz63,edmd_poly3,16,0.05,2,x*x*x,1,0.0,0.0
lorenz63,edmd_poly3,16,0.05,2,x*x*x,2,0.0,0.0
lorenz63,edmd_poly3,16,0.05,2,x*x*y,0,0.0,0.0
lorenz63,edmd_poly3,16,0.05,2,x*x*y,1,0.0,0.0
lorenz63,edmd_poly3,16,0.05,2,x*x*y,2,0.0,0.0
lorenz63,edmd_poly3,16,0.05,2,x*x*z,0,0.0,0.0
lorenz63,edmd_poly3,16,0.05,2,x*x*z,1,0.0,0.0
lorenz63,edmd_poly3,16,0.05,2,x*x*z,2,0.0,0.0
lorenz63,edmd_poly3,16,0.05,2,x*y*y,0,0.0,0.0
lorenz63,edmd_poly3,16,0.05,2,x*y*y,1,0.0,0.0
lorenz63,edmd_poly3,16,0.05,2,x*y*y,2,0.0,0.0
lorenz63,edmd_poly3,16,0.05,2,x*y*z,0,0.0,0.0
lorenz63,edmd_poly3,16,0.05,2,x*y*z,1,0.0,0.0
lorenz63,edmd_poly3,16,0.05,2,x*y*z,2,0.0,0.0
lorenz63,edmd_poly3,16,0.05,2,x*z*z,0,0.0,0.0
lorenz63,edmd_poly3,16,0.05,2,x*z*z,1,0.0,0.0
lorenz63,edmd_poly3,16,0.05,2,x*z*z,2,0.0,0.0
lorenz63,edmd_poly3,16,0.05,2,y*y*y,0,0.0,0.0
lorenz63,edmd_poly3,16,0.05,2,y*y*y,1,0.0,0.0
lorenz63,edmd_poly3,16,0.05,2,y*y*y,2,0.0,0.0
lorenz63,edmd_poly3,16,0.05,2,y*y*z,0,0.0,0.0
lorenz63,edmd_poly3,16,0.05,2,y*y*z,1,0.0,0.0
lorenz63,edmd_poly3,16,0.05,2,y*y*z,2,0.0,0.0
lorenz63,edmd_poly3,16,0.05,2,y*z*z,0,0.0,0.0
lorenz63,edmd_poly3,16,0.05,2,y*z*z,1,0.0,0.0
lorenz63,edmd_poly3,16,0.05,2,y*z*z,2,0.0,0.0
lorenz63,edmd_poly3,16,0.05,2,z*z*z,0,0.0,0.0
lorenz63,edmd_poly3,16,0.05,2,z*z*z,1,0.0,0.0
lorenz63,edmd_poly3,16,0.05,2,z*z*z,2,0.0,0.0
lorenz63,tv_diff,16,0.05,2,1,0,1.000592862061651,0.0
lorenz63,tv_diff,16,0.05,2,1,1,0.11672734366459028,0.0
lorenz63,tv_diff,16,0.05,2,1,2,7.970803294774713,0.0
lorenz63,tv_diff,16,0.05,2,x,0,-12.534036642321857,-10.0
lorenz63,tv_diff,16,0.05,2,x,1,26.857936397567105,28.0
lorenz63,tv_diff,16,0.05,2,x,2,0.0,0.0
lorenz63,tv_diff,16,0.05,2,y,0,11.464431821973191,10.0
lorenz63,tv_diff,16,0.05,2,y,1,-2.9700684304724314,-1.0
lorenz63,tv_diff,16,0.05,2,y,2,0.15321652684680512,0.0
lorenz63,tv_diff,16,0.05,2,z,0,0.0,0.0
lorenz63,tv_diff,16,0.05,2,z,1,0.0,0.0
lorenz63,tv_diff,16,0.05,2,z,2,-2.2431727113082185,-2.6666666666666665
lorenz63,tv_diff,16,0.05,2,x*x,0,0.0,0.0
lorenz63,tv_diff,16,0.05,2,x*x,1,0.0,0.0
lorenz63,tv_diff,16,0.05,2,x*x,2,0.7598649318461648,0.0
lorenz63,tv_diff,16,0.05,2,x*y,0,0.0,0.0
lorenz63,tv_diff,16,0.05,2,x*y,1,0.0,0.0
lorenz63,tv_diff,16,0.05,2,x*y,2,-0.17763045279153153,1.0
lorenz63,tv_diff,16,0.05,2,x*z,0,0.11854353312348147,0.0
lorenz63,tv_diff,16,0.05,2,x*z,1,-1.1014545437589747,-1.0
lorenz63,tv_diff,16,0.05,2,x*z,2,0.0,0.0
lorenz63,tv_diff,16,0.05,2,y*y,0,0.0,0.0
lorenz63,tv_diff,16,0.05,2,y*y,1,0.0,0.0
lorenz63,tv_diff,16,0.05,2,y*y,2,0.38897360900303,0.0
lorenz63,tv_diff,16,0.05,2,y*z,0,-0.09157290549620323,0.0
lorenz63,tv_diff,16,0.05,2,y*z,1,0.20713296363679887,0.0
lorenz63,tv_diff,16,0.05,2,y*z,2,0.0,0.0
lorenz63,tv_diff,16,0.05,2,z*z,0,0.0,0.0
lorenz63,tv_diff,16,0.05,2,z*z,1,0.0,0.0
lorenz63,tv_diff,16,0.05,2,z*z,2,-0.03879240505031095,0.0
lorenz63,tv_diff,16,0.05,2,x*x*x,0,0.0,0.0
lorenz63,tv_diff,16,0.05,2,x*x*x,1,0.05000255813787076,0.0
lorenz63,tv_diff,16,0.05,2,x*x*x,2,0.0,0.0
lorenz63,tv_diff,16,0.05,2,x*x*y,0,0.0,0.0
lorenz63,tv_diff,16,0.05,2,x*x*y,1,-0.0430947907922702,0.0
lorenz63,tv_diff,16,0.05,2,x*x*y,2,0.0,0.0
lorenz63,tv_diff,16,0.05,2,x*x*z,0,0.0,0.0
lorenz63,tv_diff,16,0.05,2,x*x*z,1,0.0,0.0
lorenz63,tv_diff,16,0.05,2,x*x*z,2,0.0,0.0
lorenz63,tv_diff,16,0.05,2,x*y*y,0,0.0,0.0
lorenz63,tv_diff,16,0.05,2,x*y*y,1,0.0,0.0
lorenz63,tv_diff,16,0.05,2,x*y*y,2,0.0,0.0
lorenz63,tv_diff,16,0.05,2,x*y*z,0,0.0,0.0
lorenz63,tv_diff,16,0.05,2,x*y*z,1,0.0,0.0
lorenz63,tv_diff,16,0.05,2,x*y*z,2,0.0,0.0
lorenz63,tv_diff,16,0.05,2,x*z*z,0,0.0,0.0
lorenz63,tv_diff,16,0.05,2,x*z*z,1,0.0,0.0
lorenz63,tv_diff,16,0.05,2,x*z*z,2,0.0,0.0
lorenz63,tv_diff,16,0.05,2,y*y*y,0,0.0,0.0
lorenz63,tv_diff,16,0.05,2,y*y*y,1,0.0,0.0
lorenz63,tv_diff,16,0.05,2,y*y*y,2,0.0,0.0
lorenz63,tv_diff,16,0.05,2,y*y*z,0,0.0,0.0
lorenz63,tv_diff,16,0.05,2,y*y*z,1,0.0,0.0
lorenz63,tv_diff,16,0.05,2,y*y*z,2,0.0,0.0
lorenz63,tv_diff,16,0.05,2,y*z*z,0,0.0,0.0
lorenz63,tv_diff,16,0.05,2,y*z*z,1,0.0,0.0
lorenz63,tv_diff,16,0.05,2,y*z*z,2,0.0,0.0
lorenz63,tv_diff,16,0.05,2,z*z*z,0,0.0,0.0
lorenz63,tv_diff,16,0.05,2,z*z*z,1,0.0,0.0
lorenz63,tv_diff,16,0.05,2,z*z*z,2,0.0,0.0
lorenz63,baseline,16,0.05,3,1,0,0.0,0.0
lorenz63,baseline,16,0.05,3,1,1,0.45147837662110574,0.0
lorenz63,baseline,16,0.05,3,1,2,26.043017575951442,0.0
lorenz63,baseline,16,0.05,3,x,0,-8.526967082761347,-10.0
lorenz63,baseline,16,0.05,3,x,1,16.493327888594116,28.0
lorenz63,baseline,16,0.05,3,x,2,0.0,0.0
lorenz63,baseline,16,0.05,3,y,0,8.512586775392034,10.0
lorenz63,baseline,16,0.05,3,y,1,1.2055336908541523,-1.0
lorenz63,baseline,16,0.05,3,y,2,0.0,0.0
lorenz63,baseline,16,0.05,3,z,0,0.0,0.0
lorenz63,baseline,16,0.05,3,z,1,0.0,0.0
lorenz63,baseline,16,0.05,3,z,2,-3.700284044341584,-2.6666666666666665
lorenz63,baseline,16,0.05,3,x*x,0,0.0,0.0
lorenz63,baseline,16,0.05,3,x*x,1,0.0,0.0
lorenz63,baseline,16,0.05,3,x*x,2,0.3725381358566439,0.0
lorenz63,baseline,16,0.05,3,x*y,0,0.0,0.0
lorenz63,baseline,16,0.05,3,x*y,1,0.0,0.0
lorenz63,baseline,16,0.05,3,x*y,2,0.6032694524480459,1.0
lorenz63,baseline,16,0.05,3,x*z,0,0.0,0.0
lorenz63,baseline,16,0.05,3,x*z,1,-0.6770483719419893,-1.0
lorenz63,baseline,16,0.05,3,x*z,2,0.0,0.0
lorenz63,baseline,16,0.05,3,y*y,0,0.0,0.0
lorenz63,baseline,16,0.05,3,y*y,1,0.0,0.0
lorenz63,baseline,16,0.05,3,y*y,2,0.0,0.0
lorenz63,baseline,16,0.05,3,y*z,0,0.0,0.0
lorenz63,baseline,16,0.05,3,y*z,1,0.0,0.0
lorenz63,baseline,16,0.05,3,y*z,2,0.0,0.0
lorenz63,baseline,16,0.05,3,z*z,0,0.0,0.0
lorenz63,baseline,16,0.05,3,z*z,1,0.0,0.0
lorenz63,baseline,16,0.05,3,z*z,2,0.0,0.0
lorenz63,baseline,16,0.05,3,x*x*x,0,0.0,0.0
lorenz63,baseline,16,0.05,3,x*x*x,1,0.0,0.0
lorenz63,baseline,16,0.05,3,x*x*x,2,0.0,0.0
lorenz63,baseline,16,0.05,3,x*x*y,0,0.0,0.0
lorenz63,baseline,16,0.05,3,x*x*y,1,0.0,0.0
lorenz63,baseline,16,0.05,3,x*x*y,2,0.0,0.0
lorenz63,baseline,16,0.05,3,x*x*z,0,0.0,0.0
lorenz63,baseline,16,0.05,3,x*x*z,1,0.0,0.0
lorenz63,baseline,16,0.05,3,x*x*z,2,0.0,0.0
lorenz63,baseline,16,0.05,3,x*y*y,0,0.0,0.0
lorenz63,baseline,16,0.05,3,x*y*y,1,0.0,0.0
lorenz63,baseline,16,0.05,3,x*y*y,2,0.0,0.0
lorenz63,baseline,16,0.05,3,x*y*z,0,0.0,0.0
lorenz63,baseline,16,0.05,3,x*y*z,1,0.0,0.0
lorenz63,baseline,16,0.05,3,x*y*z,2,0.0,0.0
lorenz63,baseline,16,0.05,3,x*z*z,0,0.0,0.0
lorenz63,baseline,16,0.05,3,x*z*z,1,0.0,0.0
lorenz63,baseline,16,0.05,3,x*z*z,2,0.0,0.0
lorenz63,baseline,16,0.05,3,y*y*y,0,0.0,0.0
lorenz63,baseline,16,0.05,3,y*y*y,1,0.0,0.0
lorenz63,baseline,16,0.05,3,y*y*y,2,0.0,0.0
lorenz63,baseline,16,0.05,3,y*y*z,0,0.0,0.0
lorenz63,baseline,16,0.05,3,y*y*z,1,0.0,0.0
lorenz63,baseline,16,0.05,3,y*y*z,2,0.0,0.0
lorenz63,baseline,16,0.05,3,y*z*z,0,0.0,0.0
lorenz63,baseline,16,0.05,3,y*z*z,1,0.0,0.0
lorenz63,baseline,16,0.05,3,y*z*z,2,0.0,0.0
lorenz63,baseline,16,0.05,3,z*z*z,0,0.0,0.0
lorenz63,baseline,16,0.05,3,z*z*z,1,0.0,0.0
lorenz63,baseline,16,0.05,3,z*z*z,2,0.0,0.0
lorenz63,edmd_poly3,16,0.05,3,1,0,-0.5499612705525845,0.0
lorenz63,edmd_poly3,16,0.05,3,1,1,-1.060468518032624,0.0
lorenz63,edmd_poly3,16,0.05,3,1,2,1.40417084433073,0.0
lorenz63,edmd_poly3,16,0.05,3,x,0,-9.739472832690566,-10.0
lorenz63,edmd_poly3,16,0.05,3,x,1,28.19616425439426,28.0
lorenz63,edmd_poly3,16,0.05,3,x,2,0.0,0.0
lorenz63,edmd_poly3,16,0.05,3,y,0,9.72747048321509,10.0
lorenz63,edmd_poly3,16,0.05,3,y,1,-1.0341779064596446,-1.0
lorenz63,edmd_poly3,16,0.05,3,y,2,-0.1603773550013867,0.0
lorenz63,edmd_poly3,16,0.05,3,z,0,0.0,0.0
lorenz63,edmd_poly3,16,0.05,3,z,1,0.0,0.0
lorenz63,edmd_poly3,16,0.05,3,z,2,-2.7072824096823886,-2.6666666666666665
lorenz63,edmd_poly3,16,0.05,3,x*x,0,0.0,0.0
lorenz63,edmd_poly3,16,0.05,3,x*x,1,0.0,0.0
lorenz63,edmd_poly3,16,0.05,3,x*x,2,0.0,0.0
lorenz63,edmd_poly3,16,0.05,3,x*y,0,0.0,0.0
lorenz63,edmd_poly3,16,0.05,3,x*y,1,0.0,0.0
lorenz63,edmd_poly3,16,0.05,3,x*y,2,1.0051197718098939,1.0
lorenz63,edmd_poly3,16,0.05,3,x*z,0,0.0,0.0
lorenz63,edmd_poly3,16,0.05,3,x*z,1,-1.000680655976348,-1.0
lorenz63,edmd_poly3,16,0.05,3,x*z,2,0.0,0.0
lorenz63,edmd_poly3,16,0.05,3,y*y,0,0.0,0.0
lorenz63,edmd_poly3,16,0.05,3,y*y,1,0.0,0.0
lorenz63,edmd_poly3,16,0.05,3,y*y,2,0.0,0.0
lorenz63,edmd_poly3,16,0.05,3,y*z,0,0.0,0.0
lorenz63,edmd_poly3,16,0.05,3,y*z,1,0.0,0.0
lorenz63,edmd_poly3,16,0.05,3,y*z,2,0.0,0.0
lorenz63,edmd_poly3,16,0.05,3,z*z,0,0.0,0.0
lorenz63,edmd_poly3,16,0.05,3,z*z,1,0.0,0.0
lorenz63,edmd_poly3,16,0.05,3,z*z,2,0.0,0.0
lorenz63,edmd_poly3,16,0.05,3,x*x*x,0,0.0,0.0
lorenz63,edmd_poly3,16,0.05,3,x*x*x,1,0.0,0.0
lorenz63,edmd_poly3,16,0.05,3,x*x*x,2,0.0,0.0
lorenz63,edmd_poly3,16,0.05,3,x*x*y,0,0.0,0.0
lorenz63,edmd_poly3,16,0.05,3,x*x*y,1,0.0,0.0
lorenz63,edmd_poly3,16,0.05,3,x*x*y,2,0.0,0.0
lorenz63,edmd_poly3,16,0.05,3,x*x*z,0,0.0,0.0
lorenz63,edmd_poly3,16,0.05,3,x*x*z,1,0.0,0.0
lorenz63,edmd_poly3,16,0.05,3,x*x*z,2,0.0,0.0
lorenz63,edmd_poly3,16,0.05,3,x*y*y,0,0.0,0.0
lorenz63,edmd_poly3,16,0.05,3,x*y*y,1,0.0,0.0
lorenz63,edmd_poly3,16,0.05,3,x*y*y,2,0.0,0.0
lorenz63,edmd_poly3,16,0.05,3,x*y*z,0,0.0,0.0
lorenz63,edmd_poly3,16,0.05,3,x*y*z,1,0.0,0.0
lorenz63,edmd_poly3,16,0.05,3,x*y*z,2,0.0,0.0
lorenz63,edmd_poly3,16,0.05,3,x*z*z,0,0.0,0.0
lorenz63,edmd_poly3,16,0.05,3,x*z*z,1,0.0,0.0
lorenz63,edmd_poly3,16,0.05,3,x*z*z,2,0.0,0.0
lorenz63,edmd_poly3,16,0.05,3,y*y*y,0,0.0,0.0
lorenz63,edmd_poly3,16,0.05,3,y*y*y,1,0.0,0.0
lorenz63,edmd_poly3,16,0.05,3,y*y*y,2,0.0,0.0
lorenz63,edmd_poly3,16,0.05,3,y*y*z,0,0.0,0.0
lorenz63,edmd_poly3,16,0.05,3,y*y*z,1,0.0,0.0
lorenz63,edmd_poly3,16,0.05,3,y*y*z,2,0.0,0.0
lorenz63,edmd_poly3,16,0.05,3,y*z*z,0,0.0,0.0
lorenz63,edmd_poly3,16,0.05,3,y*z*z,1,0.0,0.0
lorenz63,edmd_poly3,16,0.05,3,y*z*z,2,0.0,0.0
lorenz63,edmd_poly3,16,0.05,3,z*z*z,0,0.0,0.0
lorenz63,edmd_poly3,16,0.05,3,z*z*z,1,0.0,0.0
lorenz63,edmd_poly3,16,0.05,3,z*z*z,2,0.0,0.0
lorenz63,tv_diff,16,0.05,3,1,0,0.0,0.0
lorenz63,tv_diff,16,0.05,3,1,1,0.45228930426217606,0.0
lorenz63,tv_diff,16,0.05,3,1,2,26.03941401184419,0.0
lorenz63,tv_diff,16,0.05,3,x,0,-8.527361545265505,-10.0
lorenz63,tv_diff,16,0.05,3,x,1,16.491730868710192,28.0
lorenz63,tv_diff,16,0.05,3,x,2,0.0,0.0
lorenz63,tv_diff,16,0.05,3,y,0,8.51285239395687,10.0
lorenz63,tv_diff,16,0.05,3,y,1,1.2058668691233607,-1.0
lorenz63,tv_diff,16,0.05,3,y,2,0.0,0.0
lorenz63,tv_diff,16,0.05,3,z,0,0.0,0.0
lorenz63,tv_diff,16,0.05,3,z,1,0.0,0.0
lorenz63,tv_diff,16,0.05,3,z,2,-3.700214385519511,-2.6666666666666665
lorenz63,tv_diff,16,0.05,3,x*x,0,0.0,0.0
lorenz63,tv_diff,16,0.05,3,x*x,1,0.0,0.0
lorenz63,tv_diff,16,0.05,3,x*x,2,0.372627482364454,0.0
lorenz63,tv_diff,16,0.05,3,x*y,0,0.0,0.0
lorenz63,tv_diff,16,0.05,3,x*y,1,0.0,0.0
lorenz63,tv_diff,16,0.05,3,x*y,2,0.6032553297189155,1.0
lorenz63,tv_diff,16,0.05,3,x*z,0,0.0,0.0
lorenz63,tv_diff,16,0.05,3,x*z,1,-0.6770214792794692,-1.0
lorenz63,tv_diff,16,0.05,3,x*z,2,0.0,0.0
lorenz63,tv_diff,16,0.05,3,y*y,0,0.0,0.0
lorenz63,tv_diff,16,0.05,3,y*y,1,0.0,0.0
lorenz63,tv_diff,16,0.05,3,y*y,2,0.0,0.0
lorenz63,tv_diff,16,0.05,3,y*z,0,0.0,0.0
lorenz63,tv_diff,16,0.05,3,y*z,1,0.0,0.0
lorenz63,tv_diff,16,0.05,3,y*z,2,0.0,0.0
lorenz63,tv_diff,16,0.05,3,z*z,0,0.0,0.0
lorenz63,tv_diff,16,0.05,3,z*z,1,0.0,0.0
lorenz63,tv_diff,16,0.05,3,z*z,2,0.0,0.0
lorenz63,tv_diff,16,0.05,3,x*x*x,0,0.0,0.0
lorenz63,tv_diff,16,0.05,3,x*x*x,1,0.0,0.0
lorenz63,tv_diff,16,0.05,3,x*x*x,2,0.0,0.0
lorenz63,tv_diff,16,0.05,3,x*x*y,0,0.0,0.0
lorenz63,tv_diff,16,0.05,3,x*x*y,1,0.0,0.0
lorenz63,tv_diff,16,0.05,3,x*x*y,2,0.0,0.0
lorenz63,tv_diff,16,0.05,3,x*x*z,0,0.0,0.0
lorenz63,tv_diff,16,0.05,3,x*x*z,1,0.0,0.0
lorenz63,tv_diff,16,0.05,3,x*x*z,2,0.0,0.0
lorenz63,tv_diff,16,0.05,3,x*y*y,0,0.0,0.0
lorenz63,tv_diff,16,0.05,3,x*y*y,1,0.0,0.0
lorenz63,tv_diff,16,0.05,3,x*y*y,2,0.0,0.0
lorenz63,tv_diff,16,0.05,3,x*y*z,0,0.0,0.0
lorenz63,tv_diff,16,0.05,3,x*y*z,1,0.0,0.0
lorenz63,tv_diff,16,0.05,3,x*y*z,2,0.0,0.0
lorenz63,tv_diff,16,0.05,3,x*z*z,0,0.0,0.0
lorenz63,tv_diff,16,0.05,3,x*z*z,1,0.0,0.0
lorenz63,tv_diff,16,0.05,3,x*z*z,2,0.0,0.0
lorenz63,tv_diff,16,0.05,3,y*y*y,0,0.0,0.0
lorenz63,tv_diff,16,0.05,3,y*y*y,1,0.0,0.0
lorenz63,tv_diff,16,0.05,3,y*y*y,2,0.0,0.0
lorenz63,tv_diff,16,0.05,3,y*y*z,0,0.0,0.0
lorenz63,tv_diff,16,0.05,3,y*y*z,1,0.0,0.0
lorenz63,tv_diff,16,0.05,3,y*y*z,2,0.0,0.0
lorenz63,tv_diff,16,0.05,3,y*z*z,0,0.0,0.0
lorenz63,tv_diff,16,0.05,3,y*z*z,1,0.0,0.0
lorenz63,tv_diff,16,0.05,3,y*z*z,2,0.0,0.0
lorenz63,tv_diff,16,0.05,3,z*z*z,0,0.0,0.0
lorenz63,tv_diff,16,0.05,3,z*z*z,1,0.0,0.0
lorenz63,tv_diff,16,0.05,3,z*z*z,2,0.0,0.0
lorenz63,baseline,16,0.05,0,1,0,0.6421746831848044,0.0
lorenz63,baseline,16,0.05,0,1,1,1.072783493453933,0.0
lorenz63,baseline,16,0.05,0,1,2,-1.6820169653075963,0.0
lorenz63,baseline,16,0.05,0,x,0,-8.596722509805794,-10.0
lorenz63,baseline,16,0.05,0,x,1,16.817499386850052,28.0
lorenz63,baseline,16,0.05,0,x,2,0.0,0.0
lorenz63,baseline,16,0.05,0,y,0,8.571447793949346,10.0
lorenz63,baseline,16,0.05,0,y,1,1.0971281031762674,-1.0
lorenz63,baseline,16,0.05,0,y,2,0.0,0.0
lorenz63,baseline,16,0.05,0,z,0,0.0,0.0
lorenz63,baseline,16,0.05,0,z,1,0.0,0.0
lorenz63,baseline,16,0.05,0,z,2,-2.1547798985014976,-2.6666666666666665
lorenz63,baseline,16,0.05,0,x*x,0,0.0,0.0
lorenz63,baseline,16,0.05,0,x*x,1,0.0,0.0
lorenz63,baseline,16,0.05,0,x*x,2,0.0,0.0
lorenz63,baseline,16,0.05,0,x*y,0,0.0,0.0
lorenz63,baseline,16,0.05,0,x*y,1,0.0,0.0
lorenz63,baseline,16,0.05,0,x*y,2,0.8423840035107123,1.0
lorenz63,baseline,16,0.05,0,x*z,0,0.0,0.0
lorenz63,baseline,16,0.05,0,x*z,1,-0.6881158360803608,-1.0
lorenz63,baseline,16,0.05,0,x*z,2,0.0,0.0
lorenz63,baseline,16,0.05,0,y*y,0,0.0,0.0
lorenz63,baseline,16,0.05,0,y*y,1,0.0,0.0
lorenz63,baseline,16,0.05,0,y*y,2,0.0,0.0
lorenz63,baseline,16,0.05,0,y*z,0,0.0,0.0
lorenz63,baseline,16,0.05,0,y*z,1,0.0,0.0
lorenz63,baseline,16,0.05,0,y*z,2,0.0,0.0
lorenz63,baseline,16,0.05,0,z*z,0,0.0,0.0
lorenz63,baseline,16,0.05,0,z*z,1,0.0,0.0
lorenz63,baseline,16,0.05,0,z*z,2,0.0,0.0
lorenz63,baseline,16,0.05,0,x*x*x,0,0.0,0.0
lorenz63,baseline,16,0.05,0,x*x*x,1,0.0,0.0
lorenz63,baseline,16,0.05,0,x*x*x,2,0.0,0.0
lorenz63,baseline,16,0.05,0,x*x*y,0,0.0,0.0
lorenz63,baseline,16,0.05,0,x*x*y,1,0.0,0.0
lorenz63,baseline,16,0.05,0,x*x*y,2,0.0,0.0
lorenz63,baseline,16,0.05,0,x*x*z,0,0.0,0.0
lorenz63,baseline,16,0.05,0,x*x*z,1,0.0,0.0
lorenz63,baseline,16,0.05,0,x*x*z,2,0.0,0.0
lorenz63,baseline,16,0.05,0,x*y*y,0,0.0,0.0
lorenz63,baseline,16,0.05,0,x*y*y,1,0.0,0.0
lorenz63,baseline,16,0.05,0,x*y*y,2,0.0,0.0
lorenz63,baseline,16,0.05,0,x*y*z,0,0.0,0.0
lorenz63,baseline,16,0.05,0,x*y*z,1,0.0,0.0
lorenz63,baseline,16,0.05,0,x*y*z,2,0.0,0.0
lorenz63,baseline,16,0.05,0,x*z*z,0,0.0,0.0
lorenz63,baseline,16,0.05,0,x*z*z,1,0.0,0.0
lorenz63,baseline,16,0.05,0,x*z*z,2,0.0,0.0
lorenz63,baseline,16,0.05,0,y*y*y,0,0.0,0.0
lorenz63,baseline,16,0.05,0,y*y*y,1,0.0,0.0
lorenz63,baseline,16,0.05,0,y*y*y,2,0.0,0.0
lorenz63,baseline,16,0.05,0,y*y*z,0,0.0,0.0
lorenz63,baseline,16,0.05,0,y*y*z,1,0.0,0.0
lorenz63,baseline,16,0.05,0,y*y*z,2,0.0,0.0
lorenz63,baseline,16,0.05,0,y*z*z,0,0.0,0.0
lorenz63,baseline,16,0.05,0,y*z*z,1,0.0,0.0
lorenz63,baseline,16,0.05,0,y*z*z,2,0.0,0.0
lorenz63,baseline,16,0.05,0,z*z*z,0,0.0,0.0
lorenz63,baseline,16,0.05,0,z*z*z,1,0.0,0.0
lorenz63,baseline,16,0.05,0,z*z*z,2,0.0,0.0
lorenz63,edmd_poly3,16,0.05,0,1,0,0.5368155721418006,0.0
lorenz63,edmd_poly3,16,0.05,0,1,1,0.0,0.0
lorenz63,edmd_poly3,16,0.05,0,1,2,-2.4687920168086945,0.0
lorenz63,edmd_poly3,16,0.05,0,x,0,-9.724285765714525,-10.0
lorenz63,edmd_poly3,16,0.05,0,x,1,24.97262843285318,28.0
lorenz63,edmd_poly3,16,0.05,0,x,2,0.0,0.0
lorenz63,edmd_poly3,16,0.05,0,y,0,9.70737930582009,10.0
lorenz63,edmd_poly3,16,0.05,0,y,1,0.0,-1.0
lorenz63,edmd_poly3,16,0.05,0,y,2,0.0,0.0
lorenz63,edmd_poly3,16,0.05,0,z,0,0.0,0.0
lorenz63,edmd_poly3,16,0.05,0,z,1,0.0,0.0
lorenz63,edmd_poly3,16,0.05,0,z,2,-2.5350295534170377,-2.6666666666666665
lorenz63,edmd_poly3,16,0.05,0,x*x,0,0.0,0.0
lorenz63,edmd_poly3,16,0.05,0,x*x,1,0.0,0.0
lorenz63,edmd_poly3,16,0.05,0,x*x,2,0.0,0.0
lorenz63,edmd_poly3,16,0.05,0,x*y,0,0.0,0.0
lorenz63,edmd_poly3,16,0.05,0,x*y,1,0.0,0.0
lorenz63,edmd_poly3,16,0.05,0,x*y,2,1.0019464396081619,1.0
lorenz63,edmd_poly3,16,0.05,0,x*z,0,0.0,0.0
lorenz63,edmd_poly3,16,0.05,0,x*z,1,-0.9339043784379969,-1.0
lorenz63,edmd_poly3,16,0.05,0,x*z,2,0.0,0.0
lorenz63,edmd_poly3,16,0.05,0,y*y,0,0.0,0.0
lorenz63,edmd_poly3,16,0.05,0,y*y,1,0.0,0.0
lorenz63,edmd_poly3,16,0.05,0,y*y,2,0.0,0.0
lorenz63,edmd_poly3,16,0.05,0,y*z,0,0.0,0.0
lorenz63,edmd_poly3,16,0.05,0,y*z,1,0.0,0.0
lorenz63,edmd_poly3,16,0.05,0,y*z,2,0.0,0.0
lorenz63,edmd_poly3,16,0.05,0,z*z,0,0.0,0.0
lorenz63,edmd_poly3,16,0.05,0,z*z,1,0.0,0.0
lorenz63,edmd_poly3,16,0.05,0,z*z,2,0.0,0.0
lorenz63,edmd_poly3,16,0.05,0,x*x*x,0,0.0,0.0
lorenz63,edmd_poly3,16,0.05,0,x*x*x,1,0.0,0.0
lorenz63,edmd_poly3,16,0.05,0,x*x*x,2,0.0,0.0
lorenz63,edmd_poly3,16,0.05,0,x*x*y,0,0.0,0.0
lorenz63,edmd_poly3,16,0.05,0,x*x*y,1,0.0,0.0
lorenz63,edmd_poly3,16,0.05,0,x*x*y,2,0.0,0.0
lorenz63,edmd_poly3,16,0.05,0,x*x*z,0,0.0,0.0
lorenz63,edmd_poly3,16,0.05,0,x*x*z,1,0.0,0.0
lorenz63,edmd_poly3,16,0.05,0,x*x*z,2,0.0,0.0
lorenz63,edmd_poly3,16,0.05,0,x*y*y,0,0.0,0.0
lorenz63,edmd_poly3,16,0.05,0,x*y*y,1,0.0,0.0
lorenz63,edmd_poly3,16,0.05,0,x*y*y,2,0.0,0.0
lorenz63,edmd_poly3,16,0.05,0,x*y*z,0,0.0,0.0
lorenz63,edmd_poly3,16,0.05,0,x*y*z,1,0.0,0.0
lorenz63,edmd_poly3,16,0.05,0,x*y*z,2,0.0,0.0
lorenz63,edmd_poly3,16,0.05,0,x*z*z,0,0.0,0.0
lorenz63,edmd_poly3,16,0.05,0,x*z*z,1,0.0,0.0
lorenz63,edmd_poly3,16,0.05,0,x*z*z,2,0.0,0.0
lorenz63,edmd_poly3,16,0.05,0,y*y*y,0,0.0,0.0
lorenz63,edmd_poly3,16,0.05,0,y*y*y,1,0.0,0.0
lorenz63,edmd_poly3,16,0.05,0,y*y*y,2,0.0,0.0
lorenz63,edmd_poly3,16,0.05,0,y*y*z,0,0.0,0.0
lorenz63,edmd_poly3,16,0.05,0,y*y*z,1,0.0,0.0
lorenz63,edmd_poly3,16,0.05,0,y*y*z,2,0.0,0.0
lorenz63,edmd_poly3,16,0.05,0,y*z*z,0,0.0,0.0
lorenz63,edmd_poly3,16,0.05,0,y*z*z,1,0.0,0.0
lorenz63,edmd_poly3,16,0.05,0,y*z*z,2,0.0,0.0
lorenz63,edmd_poly3,16,0.05,0,z*z*z,0,0.0,0.0
lorenz63,edmd_poly3,16,0.05,0,z*z*z,1,0.0,0.0
lorenz63,edmd_poly3,16,0.05,0,z*z*z,2,0.0,0.0
lorenz63,tv_diff,16,0.05,0,1,0,0.642273328598414,0.0
lorenz63,tv_diff,16,0.05,0,1,1,1.0729691827835672,0.0
lorenz63,tv_diff,16,0.05,0,1,2,-1.6864572070321844,0.0
lorenz63,tv_diff,16,0.05,0,x,0,-8.5968947014925,-10.0
lorenz63,tv_diff,16,0.05,0,x,1,16.81711993479669,28.0
lorenz63,tv_diff,16,0.05,0,x,2,0.0,0.0
lorenz63,tv_diff,16,0.05,0,y,0,8.571539904847347,10.0
lorenz63,tv_diff,16,0.05,0,y,1,1.0971033424944132,-1.0
lorenz63,tv_diff,16,0.05,0,y,2,0.0,0.0
lorenz63,tv_diff,16,0.05,0,z,0,0.0,0.0
lorenz63,tv_diff,16,0.05,0,z,1,0.0,0.0
lorenz63,tv_diff,16,0.05,0,z,2,-2.154639209960199,-2.6666666666666665
lorenz63,tv_diff,16,0.05,0,x*x,0,0.0,0.0
lorenz63,tv_diff,16,0.05,0,x*x,1,0.0,0.0
lorenz63,tv_diff,16,0.05,0,x*x,2,0.0,0.0
lorenz63,tv_diff,16,0.05,0,x*y,0,0.0,0.0
lorenz63,tv_diff,16,0.05,0,x*y,1,0.0,0.0
lorenz63,tv_diff,16,0.05,0,x*y,2,0.8424386228845323,1.0
lorenz63,tv_diff,16,0.05,0,x*z,0,0.0,0.0
lorenz63,tv_diff,16,0.05,0,x*z,1,-0.6881137353363205,-1.0
lorenz63,tv_diff,16,0.05,0,x*z,2,0.0,0.0
lorenz63,tv_diff,16,0.05,0,y*y,0,0.0,0.0
lorenz63,tv_diff,16,0.05,0,y*y,1,0.0,0.0
lorenz63,tv_diff,16,0.05,0,y*y,2,0.0,0.0
lorenz63,tv_diff,16,0.05,0,y*z,0,0.0,0.0
lorenz63,tv_diff,16,0.05,0,y*z,1,0.0,0.0
lorenz63,tv_diff,16,0.05,0,y*z,2,0.0,0.0
lorenz63,tv_diff,16,0.05,0,z*z,0,0.0,0.0
lorenz63,tv_diff,16,0.05,0,z*z,1,0.0,0.0
lorenz63,tv_diff,16,0.05,0,z*z,2,0.0,0.0
lorenz63,tv_diff,16,0.05,0,x*x*x,0,0.0,0.0
lorenz63,tv_diff,16,0.05,0,x*x*x,1,0.0,0.0
lorenz63,tv_diff,16,0.05,0,x*x*x,2,0.0,0.0
lorenz63,tv_diff,16,0.05,0,x*x*y,0,0.0,0.0
lorenz63,tv_diff,16,0.05,0,x*x*y,1,0.0,0.0
lorenz63,tv_diff,16,0.05,0,x*x*y,2,0.0,0.0
lorenz63,tv_diff,16,0.05,0,x*x*z,0,0.0,0.0
lorenz63,tv_diff,16,0.05,0,x*x*z,1,0.0,0.0
lorenz63,tv_diff,16,0.05,0,x*x*z,2,0.0,0.0
lorenz63,tv_diff,16,0.05,0,x*y*y,0,0.0,0.0
lorenz63,tv_diff,16,0.05,0,x*y*y,1,0.0,0.0
lorenz63,tv_diff,16,0.05,0,x*y*y,2,0.0,0.0
lorenz63,tv_diff,16,0.05,0,x*y*z,0,0.0,0.0
lorenz63,tv_diff,16,0.05,0,x*y*z,1,0.0,0.0
lorenz63,tv_diff,16,0.05,0,x*y*z,2,0.0,0.0
lorenz63,tv_diff,16,0.05,0,x*z*z,0,0.0,0.0
lorenz63,tv_diff,16,0.05,0,x*z*z,1,0.0,0.0
lorenz63,tv_diff,16,0.05,0,x*z*z,2,0.0,0.0
lorenz63,tv_diff,16,0.05,0,y*y*y,0,0.0,0.0
lorenz63,tv_diff,16,0.05,0,y*y*y,1,0.0,0.0
lorenz63,tv_diff,16,0.05,0,y*y*y,2,0.0,0.0
lorenz63,tv_diff,16,0.05,0,y*y*z,0,0.0,0.0
lorenz63,tv_diff,16,0.05,0,y*y*z,1,0.0,0.0
lorenz63,tv_diff,16,0.05,0,y*y*z,2,0.0,0.0
lorenz63,tv_diff,16,0.05,0,y*z*z,0,0.0,0.0
lorenz63,tv_diff,16,0.05,0,y*z*z,1,0.0,0.0
lorenz63,tv_diff,16,0.05,0,y*z*z,2,0.0,0.0
lorenz63,tv_diff,16,0.05,0,z*z*z,0,0.0,0.0
lorenz63,tv_diff,16,0.05,0,z*z*z,1,0.0,0.0
lorenz63,tv_diff,16,0.05,0,z*z*z,2,0.0,0.0
lorenz63,baseline,16,0.05,4,1,0,-0.7101054516118919,0.0
lorenz63,baseline,16,0.05,4,1,1,1.1437306822986029,0.0
lorenz63,baseline,16,0.05,4,1,2,24.76218911796457,0.0
lorenz63,baseline,16,0.05,4,x,0,-8.34123921014101,-10.0
lorenz63,baseline,16,0.05,4,x,1,18.084639517146037,28.0
lorenz63,baseline,16,0.05,4,x,2,0.0,0.0
lorenz63,baseline,16,0.05,4,y,0,8.340377015956705,10.0
lorenz63,baseline,16,0.05,4,y,1,0.8194040639319138,-1.0
lorenz63,baseline,16,0.05,4,y,2,0.0,0.0
lorenz63,baseline,16,0.05,4,z,0,0.0,0.0
lorenz63,baseline,16,0.05,4,z,1,0.0,0.0
lorenz63,baseline,16,0.05,4,z,2,-3.868815922683448,-2.6666666666666665
lorenz63,baseline,16,0.05,4,x*x,0,0.0,0.0
lorenz63,baseline,16,0.05,4,x*x,1,0.0,0.0
lorenz63,baseline,16,0.05,4,x*x,2,0.6590571875642722,0.0
lorenz63,baseline,16,0.05,4,x*y,0,0.0,0.0
lorenz63,baseline,16,0.05,4,x*y,1,0.0,0.0
lorenz63,baseline,16,0.05,4,x*y,2,0.0,1.0
lorenz63,baseline,16,0.05,4,x*z,0,0.0,0.0
lorenz63,baseline,16,0.05,4,x*z,1,-0.7219528313094895,-1.0
lorenz63,baseline,16,0.05,4,x*z,2,0.0,0.0
lorenz63,baseline,16,0.05,4,y*y,0,0.0,0.0
lorenz63,baseline,16,0.05,4,y*y,1,0.0,0.0
lorenz63,baseline,16,0.05,4,y*y,2,0.30458716430758165,0.0
lorenz63,baseline,16,0.05,4,y*z,0,0.0,0.0
lorenz63,baseline,16,0.05,4,y*z,1,0.0,0.0
lorenz63,baseline,16,0.05,4,y*z,2,0.0,0.0
lorenz63,baseline,16,0.05,4,z*z,0,0.0,0.0
lorenz63,baseline,16,0.05,4,z*z,1,0.0,0.0
lorenz63,baseline,16,0.05,4,z*z,2,0.0,0.0
lorenz63,baseline,16,0.05,4,x*x*x,0,0.0,0.0
lorenz63,baseline,16,0.05,4,x*x*x,1,0.0,0.0
lorenz63,baseline,16,0.05,4,x*x*x,2,0.0,0.0
lorenz63,baseline,16,0.05,4,x*x*y,0,0.0,0.0
lorenz63,baseline,16,0.05,4,x*x*y,1,0.0,0.0
lorenz63,baseline,16,0.05,4,x*x*y,2,0.0,0.0
lorenz63,baseline,16,0.05,4,x*x*z,0,0.0,0.0
lorenz63,baseline,16,0.05,4,x*x*z,1,0.0,0.0
lorenz63,baseline,16,0.05,4,x*x*z,2,0.0,0.0
lorenz63,baseline,16,0.05,4,x*y*y,0,0.0,0.0
lorenz63,baseline,16,0.05,4,x*y*y,1,0.0,0.0
lorenz63,baseline,16,0.05,4,x*y*y,2,0.0,0.0
lorenz63,baseline,16,0.05,4,x*y*z,0,0.0,0.0
lorenz63,baseline,16,0.05,4,x*y*z,1,0.0,0.0
lorenz63,baseline,16,0.05,4,x*y*z,2,0.0,0.0
lorenz63,baseline,16,0.05,4,x*z*z,0,0.0,0.0
lorenz63,baseline,16,0.05,4,x*z*z,1,0.0,0.0
lorenz63,baseline,16,0.05,4,x*z*z,2,0.0,0.0
lorenz63,baseline,16,0.05,4,y*y*y,0,0.0,0.0
lorenz63,baseline,16,0.05,4,y*y*y,1,0.0,0.0
lorenz63,baseline,16,0.05,4,y*y*y,2,0.0,0.0
lorenz63,baseline,16,0.05,4,y*y*z,0,0.0,0.0
lorenz63,baseline,16,0.05,4,y*y*z,1,0.0,0.0
lorenz63,baseline,16,0.05,4,y*y*z,2,0.0,0.0
lorenz63,baseline,16,0.05,4,y*z*z,0,0.0,0.0
lorenz63,baseline,16,0.05,4,y*z*z,1,0.0,0.0
lorenz63,baseline,16,0.05,4,y*z*z,2,0.0,0.0
lorenz63,baseline,16,0.05,4,z*z*z,0,0.0,0.0
lorenz63,baseline,16,0.05,4,z*z*z,1,0.0,0.0
lorenz63,baseline,16,0.05,4,z*z*z,2,0.0,0.0
lorenz63,edmd_poly3,16,0.05,4,1,0,-0.8646722807021919,0.0
lorenz63,edmd_poly3,16,0.05,4,1,1,3.3132170638201566,0.0
lorenz63,edmd_poly3,16,0.05,4,1,2,-1.4087689277857505,0.0
lorenz63,edmd_poly3,16,0.05,4,x,0,-9.526768283660271,-10.0
lorenz63,edmd_poly3,16,0.05,4,x,1,-6.5368381193716365,28.0
lorenz63,edmd_poly3,16,0.05,4,x,2,0.0,0.0
lorenz63,edmd_poly3,16,0.05,4,y,0,9.508664717575483,10.0
lorenz63,edmd_poly3,16,0.05,4,y,1,20.560712315670152,-1.0
lorenz63,edmd_poly3,16,0.05,4,y,2,0.0,0.0
lorenz63,edmd_poly3,16,0.05,4,z,0,0.0,0.0
lorenz63,edmd_poly3,16,0.05,4,z,1,0.0,0.0
lorenz63,edmd_poly3,16,0.05,4,z,2,-2.566579127017995,-2.6666666666666665
lorenz63,edmd_poly3,16,0.05,4,x*x,0,0.0,0.0
lorenz63,edmd_poly3,16,0.05,4,x*x,1,0.0,0.0
lorenz63,edmd_poly3,16,0.05,4,x*x,2,0.0,0.0
lorenz63,edmd_poly3,16,0.05,4,x*y,0,0.0,0.0
lorenz63,edmd_poly3,16,0.05,4,x*y,1,0.0,0.0
lorenz63,edmd_poly3,16,0.05,4,x*y,2,0.9943572481377261,1.0
lorenz63,edmd_poly3,16,0.05,4,x*z,0,0.0,0.0
lorenz63,edmd_poly3,16,0.05,4,x*z,1,0.0,-1.0
lorenz63,edmd_poly3,16,0.05,4,x*z,2,0.0,0.0
lorenz63,edmd_poly3,16,0.05,4,y*y,0,0.0,0.0
lorenz63,edmd_poly3,16,0.05,4,y*y,1,0.0,0.0
lorenz63,edmd_poly3,16,0.05,4,y*y,2,0.0,0.0
lorenz63,edmd_poly3,16,0.05,4,y*z,0,0.0,0.0
lorenz63,edmd_poly3,16,0.05,4,y*z,1,-0.648726197215114,0.0
lorenz63,edmd_poly3,16,0.05,4,y*z,2,0.0,0.0
lorenz63,edmd_poly3,16,0.05,4,z*z,0,0.0,0.0
lorenz63,edmd_poly3,16,0.05,4,z*z,1,0.0,0.0
lorenz63,edmd_poly3,16,0.05,4,z*z,2,0.0,0.0
lorenz63,edmd_poly3,16,0.05,4,x*x*x,0,0.0,0.0
lorenz63,edmd_poly3,16,0.05,4,x*x*x,1,0.0,0.0
lorenz63,edmd_poly3,16,0.05,4,x*x*x,2,0.0,0.0
lorenz63,edmd_poly3,16,0.05,4,x*x*y,0,0.0,0.0
lorenz63,edmd_poly3,16,0.05,4,x*x*y,1,0.0,0.0
lorenz63,edmd_poly3,16,0.05,4,x*x*y,2,0.0,0.0
lorenz63,edmd_poly3,16,0.05,4,x*x*z,0,0.0,0.0
lorenz63,edmd_poly3,16,0.05,4,x*x*z,1,0.0,0.0
lorenz63,edmd_poly3,16,0.05,4,x*x*z,2,0.0,0.0
lorenz63,edmd_poly3,16,0.05,4,x*y*y,0,0.0,0.0
lorenz63,edmd_poly3,16,0.05,4,x*y*y,1,0.0,0.0
lorenz63,edmd_poly3,16,0.05,4,x*y*y,2,0.0,0.0
lorenz63,edmd_poly3,16,0.05,4,x*y*z,0,0.0,0.0
lorenz63,edmd_poly3,16,0.05,4,x*y*z,1,0.0,0.0
lorenz63,edmd_poly3,16,0.05,4,x*y*z,2,0.0,0.0
lorenz63,edmd_poly3,16,0.05,4,x*z*z,0,0.0,0.0
lorenz63,edmd_poly3,16,0.05,4,x*z*z,1,0.0,0.0
lorenz63,edmd_poly3,16,0.05,4,x*z*z,2,0.0,0.0
lorenz63,edmd_poly3,16,0.05,4,y*y*y,0,0.0,0.0
lorenz63,edmd_poly3,16,0.05,4,y*y*y,1,0.0,0.0
lorenz63,edmd_poly3,16,0.05,4,y*y*y,2,0.0,0.0
lorenz63,edmd_poly3,16,0.05,4,y*y*z,0,0.0,0.0
lorenz63,edmd_poly3,16,0.05,4,y*y*z,1,0.0,0.0
lorenz63,edmd_poly3,16,0.05,4,y*y*z,2,0.0,0.0
lorenz63,edmd_poly3,16,0.05,4,y*z*z,0,0.0,0.0
lorenz63,edmd_poly3,16,0.05,4,y*z*z,1,0.0,0.0
lorenz63,edmd_poly3,16,0.05,4,y*z*z,2,0.0,0.0
lorenz63,edmd_poly3,16,0.05,4,z*z*z,0,0.0,0.0
lorenz63,edmd_poly3,16,0.05,4,z*z*z,1,0.0,0.0
lorenz63,edmd_poly3,16,0.05,4,z*z*z,2,0.0,0.0
lorenz63,tv_diff,16,0.05,4,1,0,-0.7099669713190637,0.0
lorenz63,tv_diff,16,0.05,4,1,1,1.1445415806446908,0.0
lorenz63,tv_diff,16,0.05,4,1,2,24.74945999536426,0.0
lorenz63,tv_diff,16,0.05,4,x,0,-8.34161568221189,-10.0
lorenz63,tv_diff,16,0.05,4,x,1,18.08186855047153,28.0
lorenz63,tv_diff,16,0.05,4,x,2,0.0,0.0
lorenz63,tv_diff,16,0.05,4,y,0,8.34064485585991,10.0
lorenz63,tv_diff,16,0.05,4,y,1,0.820101372384252,-1.0
lorenz63,tv_diff,16,0.05,4,y,2,0.0,0.0
lorenz63,tv_diff,16,0.05,4,z,0,0.0,0.0
lorenz63,tv_diff,16,0.05,4,z,1,0.0,0.0
lorenz63,tv_diff,16,0.05,4,z,2,-3.868245237703709,-2.6666666666666665
lorenz63,tv_diff,16,0.05,4,x*x,0,0.0,0.0
lorenz63,tv_diff,16,0.05,4,x*x,1,0.0,0.0
lorenz63,tv_diff,16,0.05,4,x*x,2,0.659049130837723,0.0
lorenz63,tv_diff,16,0.05,4,x*y,0,0.0,0.0
lorenz63,tv_diff,16,0.05,4,x*y,1,0.0,0.0
lorenz63,tv_diff,16,0.05,4,x*y,2,0.0,1.0
lorenz63,tv_diff,16,0.05,4,x*z,0,0.0,0.0
lorenz63,tv_diff,16,0.05,4,x*z,1,-0.7218985569951643,-1.0
lorenz63,tv_diff,16,0.05,4,x*z,2,0.0,0.0
lorenz63,tv_diff,16,0.05,4,y*y,0,0.0,0.0
lorenz63,tv_diff,16,0.05,4,y*y,1,0.0,0.0
lorenz63,tv_diff,16,0.05,4,y*y,2,0.30463353316520453,0.0
lorenz63,tv_diff,16,0.05,4,y*z,0,0.0,0.0
lorenz63,tv_diff,16,0.05,4,y*z,1,0.0,0.0
lorenz63,tv_diff,16,0.05,4,y*z,2,0.0,0.0
lorenz63,tv_diff,16,0.05,4,z*z,0,0.0,0.0
lorenz63,tv_diff,16,0.05,4,z*z,1,0.0,0.0
lorenz63,tv_diff,16,0.05,4,z*z,2,0.0,0.0
lorenz63,tv_diff,16,0.05,4,x*x*x,0,0.0,0.0
lorenz63,tv_diff,16,0.05,4,x*x*x,1,0.0,0.0
lorenz63,tv_diff,16,0.05,4,x*x*x,2,0.0,0.0
lorenz63,tv_diff,16,0.05,4,x*x*y,0,0.0,0.0
lorenz63,tv_diff,16,0.05,4,x*x*y,1,0.0,0.0
lorenz63,tv_diff,16,0.05,4,x*x*y,2,0.0,0.0
lorenz63,tv_diff,16,0.05,4,x*x*z,0,0.0,0.0
lorenz63,tv_diff,16,0.05,4,x*x*z,1,0.0,0.0
lorenz63,tv_diff,16,0.05,4,x*x*z,2,0.0,0.0
lorenz63,tv_diff,16,0.05,4,x*y*y,0,0.0,0.0
lorenz63,tv_diff,16,0.05,4,x*y*y,1,0.0,0.0
lorenz63,tv_diff,16,0.05,4,x*y*y,2,0.0,0.0
lorenz63,tv_diff,16,0.05,4,x*y*z,0,0.0,0.0
lorenz63,tv_diff,16,0.05,4,x*y*z,1,0.0,0.0
lorenz63,tv_diff,16,0.05,4,x*y*z,2,0.0,0.0
lorenz63,tv_diff,16,0.05,4,x*z*z,0,0.0,0.0
lorenz63,tv_diff,16,0.05,4,x*z*z,1,0.0,0.0
lorenz63,tv_diff,16,0.05,4,x*z*z,2,0.0,0.0
lorenz63,tv_diff,16,0.05,4,y*y*y,0,0.0,0.0
lorenz63,tv_diff,16,0.05,4,y*y*y,1,0.0,0.0
lorenz63,tv_diff,16,0.05,4,y*y*y,2,0.0,0.0
lorenz63,tv_diff,16,0.05,4,y*y*z,0,0.0,0.0
lorenz63,tv_diff,16,0.05,4,y*y*z,1,0.0,0.0
lorenz63,tv_diff,16,0.05,4,y*y*z,2,0.0,0.0
lorenz63,tv_diff,16,0.05,4,y*z*z,0,0.0,0.0
lorenz63,tv_diff,16,0.05,4,y*z*z,1,0.0,0.0
lorenz63,tv_diff,16,0.05,4,y*z*z,2,0.0,0.0
lorenz63,tv_diff,16,0.05,4,z*z*z,0,0.0,0.0
lorenz63,tv_diff,16,0.05,4,z*z*z,1,0.0,0.0
lorenz63,tv_diff,16,0.05,4,z*z*z,2,0.0,0.0
lorenz63,baseline,16,0.1,0,1,0,-1.4674973605146198,0.0
lorenz63,baseline,16,0.1,0,1,1,2.671010172090953,0.0
lorenz63,baseline,16,0.1,0,1,2,23.40125749368509,0.0
lorenz63,baseline,16,0.1,0,x,0,-8.040000831643761,-10.0
lorenz63,baseline,16,0.1,0,x,1,11.445178430463535,28.0
lorenz63,baseline,16,0.1,0,x,2,0.0,0.0
lorenz63,baseline,16,0.1,0,y,0,8.315538829206911,10.0
lorenz63,baseline,16,0.1,0,y,1,4.860910948918537,-1.0
lorenz63,baseline,16,0.1,0,y,2,0.2429718978663244,0.0
lorenz63,baseline,16,0.1,0,z,0,0.0,0.0
lorenz63,baseline,16,0.1,0,z,1,0.0,0.0
lorenz63,baseline,16,0.1,0,z,2,-3.7823869281636813,-2.6666666666666665
lorenz63,baseline,16,0.1,0,x*x,0,0.0,0.0
lorenz63,baseline,16,0.1,0,x*x,1,0.0,0.0
lorenz63,baseline,16,0.1,0,x*x,2,0.6222222739970203,0.0
lorenz63,baseline,16,0.1,0,x*y,0,0.0,0.0
lorenz63,baseline,16,0.1,0,x*y,1,0.0,0.0
lorenz63,baseline,16,0.1,0,x*y,2,0.0,1.0
lorenz63,baseline,16,0.1,0,x*z,0,0.0,0.0
lorenz63,baseline,16,0.1,0,x*z,1,-0.5223789007386752,-1.0
lorenz63,baseline,16,0.1,0,x*z,2,0.0,0.0
lorenz63,baseline,16,0.1,0,y*y,0,0.0,0.0
lorenz63,baseline,16,0.1,0,y*y,1,0.0,0.0
lorenz63,baseline,16,0.1,0,y*y,2,0.2904794608050388,0.0
lorenz63,baseline,16,0.1,0,y*z,0,0.0,0.0
lorenz63,baseline,16,0.1,0,y*z,1,-0.1284435640520742,0.0
lorenz63,baseline,16,0.1,0,y*z,2,0.0,0.0
lorenz63,baseline,16,0.1,0,z*z,0,0.0,0.0
lorenz63,baseline,16,0.1,0,z*z,1,0.0,0.0
lorenz63,baseline,16,0.1,0,z*z,2,0.0,0.0
lorenz63,baseline,16,0.1,0,x*x*x,0,0.0,0.0
lorenz63,baseline,16,0.1,0,x*x*x,1,0.0,0.0
lorenz63,baseline,16,0.1,0,x*x*x,2,0.0,0.0
lorenz63,baseline,16,0.1,0,x*x*y,0,0.0,0.0
lorenz63,baseline,16,0.1,0,x*x*y,1,0.0,0.0
lorenz63,baseline,16,0.1,0,x*x*y,2,0.0,0.0
lorenz63,baseline,16,0.1,0,x*x*z,0,0.0,0.0
lorenz63,baseline,16,0.1,0,x*x*z,1,0.0,0.0
lorenz63,baseline,16,0.1,0,x*x*z,2,0.0,0.0
lorenz63,baseline,16,0.1,0,x*y*y,0,0.0,0.0
lorenz63,baseline,16,0.1,0,x*y*y,1,0.0,0.0
lorenz63,baseline,16,0.1,0,x*y*y,2,0.0,0.0
lorenz63,baseline,16,0.1,0,x*y*z,0,0.0,0.0
lorenz63,baseline,16,0.1,0,x*y*z,1,0.0,0.0
lorenz63,baseline,16,0.1,0,x*y*z,2,0.0,0.0
lorenz63,baseline,16,0.1,0,x*z*z,0,0.0,0.0
lorenz63,baseline,16,0.1,0,x*z*z,1,0.0,0.0
lorenz63,baseline,16,0.1,0,x*z*z,2,0.0,0.0
lorenz63,baseline,16,0.1,0,y*y*y,0,0.0,0.0
lorenz63,baseline,16,0.1,0,y*y*y,1,0.0,0.0
lorenz63,baseline,16,0.1,0,y*y*y,2,0.0,0.0
lorenz63,baseline,16,0.1,0,y*y*z,0,0.0,0.0
lorenz63,baseline,16,0.1,0,y*y*z,1,0.0,0.0
lorenz63,baseline,16,0.1,0,y*y*z,2,0.0,0.0
lorenz63,baseline,16,0.1,0,y*z*z,0,0.0,0.0
lorenz63,baseline,16,0.1,0,y*z*z,1,0.0,0.0
lorenz63,baseline,16,0.1,0,y*z*z,2,0.0,0.0
lorenz63,baseline,16,0.1,0,z*z*z,0,0.0,0.0
lorenz63,baseline,16,0.1,0,z*z*z,1,0.0,0.0
lorenz63,baseline,16,0.1,0,z*z*z,2,0.0,0.0
lorenz63,edmd_poly3,16,0.1,0,1,0,-2.519057892109641,0.0
lorenz63,edmd_poly3,16,0.1,0,1,1,0.0,0.0
lorenz63,edmd_poly3,16,0.1,0,1,2,-1.2470542254747419,0.0
lorenz63,edmd_poly3,16,0.1,0,x,0,16.275585335025056,-10.0
lorenz63,edmd_poly3,16,0.1,0,x,1,28.362673571616362,28.0
lorenz63,edmd_poly3,16,0.1,0,x,2,-0.5393942428168342,0.0
lorenz63,edmd_poly3,16,0.1,0,y,0,0.0,10.0
lorenz63,edmd_poly3,16,0.1,0,y,1,-1.1731100922579556,-1.0
lorenz63,edmd_poly3,16,0.1,0,y,2,0.4320921732182734,0.0
lorenz63,edmd_poly3,16,0.1,0,z,0,0.0,0.0
lorenz63,edmd_poly3,16,0.1,0,z,1,0.0,0.0
lorenz63,edmd_poly3,16,0.1,0,z,2,-2.49495457018579,-2.6666666666666665
lorenz63,edmd_poly3,16,0.1,0,x*x,0,0.0,0.0
lorenz63,edmd_poly3,16,0.1,0,x*x,1,0.0,0.0
lorenz63,edmd_poly3,16,0.1,0,x*x,2,0.0,0.0
lorenz63,edmd_poly3,16,0.1,0,x*y,0,0.0,0.0
lorenz63,edmd_poly3,16,0.1,0,x*y,1,0.0,0.0
lorenz63,edmd_poly3,16,0.1,0,x*y,2,0.9508390053769976,1.0
lorenz63,edmd_poly3,16,0.1,0,x*z,0,-0.5388402674592434,0.0
lorenz63,edmd_poly3,16,0.1,0,x*z,1,-1.0090299833365648,-1.0
lorenz63,edmd_poly3,16,0.1,0,x*z,2,0.0,0.0
lorenz63,edmd_poly3,16,0.1,0,y*y,0,0.0,0.0
lorenz63,edmd_poly3,16,0.1,0,y*y,1,0.0,0.0
lorenz63,edmd_poly3,16,0.1,0,y*y,2,0.0,0.0
lorenz63,edmd_poly3,16,0.1,0,y*z,0,0.0,0.0
lorenz63,edmd_poly3,16,0.1,0,y*z,1,0.0,0.0
lorenz63,edmd_poly3,16,0.1,0,y*z,2,0.0,0.0
lorenz63,edmd_poly3,16,0.1,0,z*z,0,0.0,0.0
lorenz63,edmd_poly3,16,0.1,0,z*z,1,0.0,0.0
lorenz63,edmd_poly3,16,0.1,0,z*z,2,0.0,0.0
lorenz63,edmd_poly3,16,0.1,0,x*x*x,0,0.0,0.0
lorenz63,edmd_poly3,16,0.1,0,x*x*x,1,0.0,0.0
lorenz63,edmd_poly3,16,0.1,0,x*x*x,2,0.0,0.0
lorenz63,edmd_poly3,16,0.1,0,x*x*y,0,0.0,0.0
lorenz63,edmd_poly3,16,0.1,0,x*x*y,1,0.0,0.0
lorenz63,edmd_poly3,16,0.1,0,x*x*y,2,0.0,0.0
lorenz63,edmd_poly3,16,0.1,0,x*x*z,0,0.0,0.0
lorenz63,edmd_poly3,16,0.1,0,x*x*z,1,0.0,0.0
lorenz63,edmd_poly3,16,0.1,0,x*x*z,2,0.0,0.0
lorenz63,edmd_poly3,16,0.1,0,x*y*y,0,0.0,0.0
lorenz63,edmd_poly3,16,0.1,0,x*y*y,1,0.0,0.0
lorenz63,edmd_poly3,16,0.1,0,x*y*y,2,0.0,0.0
lorenz63,edmd_poly3,16,0.1,0,x*y*z,0,0.0,0.0
lorenz63,edmd_poly3,16,0.1,0,x*y*z,1,0.0,0.0
lorenz63,edmd_poly3,16,0.1,0,x*y*z,2,0.0,0.0
lorenz63,edmd_poly3,16,0.1,0,x*z*z,0,0.0,0.0
lorenz63,edmd_poly3,16,0.1,0,x*z*z,1,0.0,0.0
lorenz63,edmd_poly3,16,0.1,0,x*z*z,2,0.0,0.0
lorenz63,edmd_poly3,16,0.1,0,y*y*y,0,0.0,0.0
lorenz63,edmd_poly3,16,0.1,0,y*y*y,1,0.0,0.0
lorenz63,edmd_poly3,16,0.1,0,y*y*y,2,0.0,0.0
lorenz63,edmd_poly3,16,0.1,0,y*y*z,0,0.0,0.0
lorenz63,edmd_poly3,16,0.1,0,y*y*z,1,0.0,0.0
lorenz63,edmd_poly3,16,0.1,0,y*y*z,2,0.0,0.0
lorenz63,edmd_poly3,16,0.1,0,y*z*z,0,0.0,0.0
lorenz63,edmd_poly3,16,0.1,0,y*z*z,1,0.0,0.0
lorenz63,edmd_poly3,16,0.1,0,y*z*z,2,0.0,0.0
lorenz63,edmd_poly3,16,0.1,0,z*z*z,0,0.0,0.0
lorenz63,edmd_poly3,16,0.1,0,z*z*z,1,0.0,0.0
lorenz63,edmd_poly3,16,0.1,0,z*z*z,2,0.0,0.0
lorenz63,tv_diff,16,0.1,0,1,0,-1.466971628609341,0.0
lorenz63,tv_diff,16,0.1,0,1,1,2.6702941859422284,0.0
lorenz63,tv_diff,16,0.1,0,1,2,23.400506883009513,0.0
lorenz63,tv_diff,16,0.1,0,x,0,-8.04116073916979,-10.0
lorenz63,tv_diff,16,0.1,0,x,1,11.449314392091768,28.0
lorenz63,tv_diff,16,0.1,0,x,2,0.0,0.0
lorenz63,tv_diff,16,0.1,0,y,0,8.316474465874178,10.0
lorenz63,tv_diff,16,0.1,0,y,1,4.857945839555007,-1.0
lorenz63,tv_diff,16,0.1,0,y,2,0.24299001239404877,0.0
lorenz63,tv_diff,16,0.1,0,z,0,0.0,0.0
lorenz63,tv_diff,16,0.1,0,z,1,0.0,0.0
lorenz63,tv_diff,16,0.1,0,z,2,-3.782410882330166,-2.6666666666666665
lorenz63,tv_diff,16,0.1,0,x*x,0,0.0,0.0
lorenz63,tv_diff,16,0.1,0,x*x,1,0.0,0.0
lorenz63,tv_diff,16,0.1,0,x*x,2,0.6222768637802522,0.0
lorenz63,tv_diff,16,0.1,0,x*y,0,0.0,0.0
lorenz63,tv_diff,16,0.1,0,x*y,1,0.0,0.0
lorenz63,tv_diff,16,0.1,0,x*y,2,0.0,1.0
lorenz63,tv_diff,16,0.1,0,x*z,0,0.0,0.0
lorenz63,tv_diff,16,0.1,0,x*z,1,-0.5225089466008778,-1.0
lorenz63,tv_diff,16,0.1,0,x*z,2,0.0,0.0
lorenz63,tv_diff,16,0.1,0,y*y,0,0.0,0.0
lorenz63,tv_diff,16,0.1,0,y*y,1,0.0,0.0
lorenz63,tv_diff,16,0.1,0,y*y,2,0.290504192432326,0.0
lorenz63,tv_diff,16,0.1,0,y*z,0,0.0,0.0
lorenz63,tv_diff,16,0.1,0,y*z,1,-0.1283433039527287,0.0
lorenz63,tv_diff,16,0.1,0,y*z,2,0.0,0.0
lorenz63,tv_diff,16,0.1,0,z*z,0,0.0,0.0
lorenz63,tv_diff,16,0.1,0,z*z,1,0.0,0.0
lorenz63,tv_diff,16,0.1,0,z*z,2,0.0,0.0
lorenz63,tv_diff,16,0.1,0,x*x*x,0,0.0,0.0
lorenz63,tv_diff,16,0.1,0,x*x*x,1,0.0,0.0
lorenz63,tv_diff,16,0.1,0,x*x*x,2,0.0,0.0
lorenz63,tv_diff,16,0.1,0,x*x*y,0,0.0,0.0
lorenz63,tv_diff,16,0.1,0,x*x*y,1,0.0,0.0
lorenz63,tv_diff,16,0.1,0,x*x*y,2,0.0,0.0
lorenz63,tv_diff,16,0.1,0,x*x*z,0,0.0,0.0
lorenz63,tv_diff,16,0.1,0,x*x*z,1,0.0,0.0
lorenz63,tv_diff,16,0.1,0,x*x*z,2,0.0,0.0
lorenz63,tv_diff,16,0.1,0,x*y*y,0,0.0,0.0
lorenz63,tv_diff,16,0.1,0,x*y*y,1,0.0,0.0
lorenz63,tv_diff,16,0.1,0,x*y*y,2,0.0,0.0
lorenz63,tv_diff,16,0.1,0,x*y*z,0,0.0,0.0
lorenz63,tv_diff,16,0.1,0,x*y*z,1,0.0,0.0
lorenz63,tv_diff,16,0.1,0,x*y*z,2,0.0,0.0
lorenz63,tv_diff,16,0.1,0,x*z*z,0,0.0,0.0
lorenz63,tv_diff,16,0.1,0,x*z*z,1,0.0,0.0
lorenz63,tv_diff,16,0.1,0,x*z*z,2,0.0,0.0
lorenz63,tv_diff,16,0.1,0,y*y*y,0,0.0,0.0
lorenz63,tv_diff,16,0.1,0,y*y*y,1,0.0,0.0
lorenz63,tv_diff,16,0.1,0,y*y*y,2,0.0,0.0
lorenz63,tv_diff,16,0.1,0,y*y*z,0,0.0,0.0
lorenz63,tv_diff,16,0.1,0,y*y*z,1,0.0,0.0
lorenz63,tv_diff,16,0.1,0,y*y*z,2,0.0,0.0
lorenz63,tv_diff,16,0.1,0,y*z*z,0,0.0,0.0
lorenz63,tv_diff,16,0.1,0,y*z*z,1,0.0,0.0
lorenz63,tv_diff,16,0.1,0,y*z*z,2,0.0,0.0
lorenz63,tv_diff,16,0.1,0,z*z*z,0,0.0,0.0
lorenz63,tv_diff,16,0.1,0,z*z*z,1,0.0,0.0
lorenz63,tv_diff,16,0.1,0,z*z*z,2,0.0,0.0
lorenz63,baseline,16,0.1,1,1,0,12.714163225194534,0.0
lorenz63,baseline,16,0.1,1,1,1,1.5627998909173202,0.0
lorenz63,baseline,16,0.1,1,1,2,19.098625262661663,0.0
lorenz63,baseline,16,0.1,1,x,0,-8.617693534978109,-10.0
lorenz63,baseline,16,0.1,1,x,1,13.270847975196482,28.0
lorenz63,baseline,16,0.1,1,x,2,0.14187421818654414,0.0
lorenz63,baseline,16,0.1,1,y,0,8.670058265432603,10.0
lorenz63,baseline,16,0.1,1,y,1,2.045035755018376,-1.0
lorenz63,baseline,16,0.1,1,y,2,0.0,0.0
lorenz63,baseline,16,0.1,1,z,0,-0.6904777877620794,0.0
lorenz63,baseline,16,0.1,1,z,1,0.0,0.0
lorenz63,baseline,16,0.1,1,z,2,-3.583803336133614,-2.6666666666666665
lorenz63,baseline,16,0.1,1,x*x,0,0.17293979170764484,0.0
lorenz63,baseline,16,0.1,1,x*x,1,0.0,0.0
lorenz63,baseline,16,0.1,1,x*x,2,0.5206035969779876,0.0
lorenz63,baseline,16,0.1,1,x*y,0,-0.10529155629237873,0.0
lorenz63,baseline,16,0.1,1,x*y,1,0.0,0.0
lorenz63,baseline,16,0.1,1,x*y,2,0.0,1.0
lorenz63,baseline,16,0.1,1,x*z,0,0.0,0.0
lorenz63,baseline,16,0.1,1,x*z,1,-0.5926697381847612,-1.0
lorenz63,baseline,16,0.1,1,x*z,2,0.0,0.0
lorenz63,baseline,16,0.1,1,y*y,0,0.0,0.0
lorenz63,baseline,16,0.1,1,y*y,1,0.0,0.0
lorenz63,baseline,16,0.1,1,y*y,2,0.36602854628939036,0.0
lorenz63,baseline,16,0.1,1,y*z,0,0.0,0.0
lorenz63,baseline,16,0.1,1,y*z,1,0.0,0.0
lorenz63,baseline,16,0.1,1,y*z,2,0.0,0.0
lorenz63,baseline,16,0.1,1,z*z,0,0.0,0.0
lorenz63,baseline,16,0.1,1,z*z,1,0.0,0.0
lorenz63,baseline,16,0.1,1,z*z,2,0.0,0.0
lorenz63,baseline,16,0.1,1,x*x*x,0,0.0,0.0
lorenz63,baseline,16,0.1,1,x*x*x,1,0.0,0.0
lorenz63,baseline,16,0.1,1,x*x*x,2,0.0,0.0
lorenz63,baseline,16,0.1,1,x*x*y,0,0.0,0.0
lorenz63,baseline,16,0.1,1,x*x*y,1,0.0,0.0
lorenz63,baseline,16,0.1,1,x*x*y,2,0.0,0.0
lorenz63,baseline,16,0.1,1,x*x*z,0,0.0,0.0
lorenz63,baseline,16,0.1,1,x*x*z,1,0.0,0.0
lorenz63,baseline,16,0.1,1,x*x*z,2,0.0,0.0
lorenz63,baseline,16,0.1,1,x*y*y,0,0.0,0.0
lorenz63,baseline,16,0.1,1,x*y*y,1,0.0,0.0
lorenz63,baseline,16,0.1,1,x*y*y,2,0.0,0.0
lorenz63,baseline,16,0.1,1,x*y*z,0,0.0,0.0
lorenz63,baseline,16,0.1,1,x*y*z,1,0.0,0.0
lorenz63,baseline,16,0.1,1,x*y*z,2,0.0,0.0
lorenz63,baseline,16,0.1,1,x*z*z,0,0.0,0.0
lorenz63,baseline,16,0.1,1,x*z*z,1,0.0,0.0
lorenz63,baseline,16,0.1,1,x*z*z,2,0.0,0.0
lorenz63,baseline,16,0.1,1,y*y*y,0,0.0,0.0
lorenz63,baseline,16,0.1,1,y*y*y,1,0.0,0.0
lorenz63,baseline,16,0.1,1,y*y*y,2,0.0,0.0
lorenz63,baseline,16,0.1,1,y*y*z,0,0.0,0.0
lorenz63,baseline,16,0.1,1,y*y*z,1,0.0,0.0
lorenz63,baseline,16,0.1,1,y*y*z,2,0.0,0.0
lorenz63,baseline,16,0.1,1,y*z*z,0,0.0,0.0
lorenz63,baseline,16,0.1,1,y*z*z,1,0.0,0.0
lorenz63,baseline,16,0.1,1,y*z*z,2,0.0,0.0
lorenz63,baseline,16,0.1,1,z*z*z,0,0.0,0.0
lorenz63,baseline,16,0.1,1,z*z*z,1,0.0,0.0
lorenz63,baseline,16,0.1,1,z*z*z,2,0.0,0.0
lorenz63,edmd_poly3,16,0.1,1,1,0,0.9953976889658935,0.0
lorenz63,edmd_poly3,16,0.1,1,1,1,0.0,0.0
lorenz63,edmd_poly3,16,0.1,1,1,2,7.454111946587236,0.0
lorenz63,edmd_poly3,16,0.1,1,x,0,-10.114085780438982,-10.0
lorenz63,edmd_poly3,16,0.1,1,x,1,22.191090381262963,28.0
lorenz63,edmd_poly3,16,0.1,1,x,2,0.0,0.0
lorenz63,edmd_poly3,16,0.1,1,y,0,10.196509006227052,10.0
lorenz63,edmd_poly3,16,0.1,1,y,1,0.539830347281161,-1.0
lorenz63,edmd_poly3,16,0.1,1,y,2,0.0,0.0
lorenz63,edmd_poly3,16,0.1,1,z,0,0.0,0.0
lorenz63,edmd_poly3,16,0.1,1,z,1,0.0,0.0
lorenz63,edmd_poly3,16,0.1,1,z,2,-3.047587174172806,-2.6666666666666665
lorenz63,edmd_poly3,16,0.1,1,x*x,0,0.0,0.0
lorenz63,edmd_poly3,16,0.1,1,x*x,1,0.0,0.0
lorenz63,edmd_poly3,16,0.1,1,x*x,2,0.0,0.0
lorenz63,edmd_poly3,16,0.1,1,x*y,0,0.0,0.0
lorenz63,edmd_poly3,16,0.1,1,x*y,1,0.0,0.0
lorenz63,edmd_poly3,16,0.1,1,x*y,2,1.0000086884341557,1.0
lorenz63,edmd_poly3,16,0.1,1,x*z,0,0.0,0.0
lorenz63,edmd_poly3,16,0.1,1,x*z,1,-0.8483777487151052,-1.0
lorenz63,edmd_poly3,16,0.1,1,x*z,2,0.0,0.0
lorenz63,edmd_poly3,16,0.1,1,y*y,0,0.0,0.0
lorenz63,edmd_poly3,16,0.1,1,y*y,1,0.0,0.0
lorenz63,edmd_poly3,16,0.1,1,y*y,2,0.0,0.0
lorenz63,edmd_poly3,16,0.1,1,y*z,0,0.0,0.0
lorenz63,edmd_poly3,16,0.1,1,y*z,1,0.0,0.0
lorenz63,edmd_poly3,16,0.1,1,y*z,2,0.0,0.0
lorenz63,edmd_poly3,16,0.1,1,z*z,0,0.0,0.0
lorenz63,edmd_poly3,16,0.1,1,z*z,1,0.0,0.0
lorenz63,edmd_poly3,16,0.1,1,z*z,2,0.0,0.0
lorenz63,edmd_poly3,16,0.1,1,x*x*x,0,0.0,0.0
lorenz63,edmd_poly3,16,0.1,1,x*x*x,1,0.0,0.0
lorenz63,edmd_poly3,16,0.1,1,x*x*x,2,0.0,0.0
lorenz63,edmd_poly3,16,0.1,1,x*x*y,0,0.0,0.0
lorenz63,edmd_poly3,16,0.1,1,x*x*y,1,0.0,0.0
lorenz63,edmd_poly3,16,0.1,1,x*x*y,2,0.0,0.0
lorenz63,edmd_poly3,16,0.1,1,x*x*z,0,0.0,0.0
lorenz63,edmd_poly3,16,0.1,1,x*x*z,1,0.0,0.0
lorenz63,edmd_poly3,16,0.1,1,x*x*z,2,0.0,0.0
lorenz63,edmd_poly3,16,0.1,1,x*y*y,0,0.0,0.0
lorenz63,edmd_poly3,16,0.1,1,x*y*y,1,0.0,0.0
lorenz63,edmd_poly3,16,0.1,1,x*y*y,2,0.0,0.0
lorenz63,edmd_poly3,16,0.1,1,x*y*z,0,0.0,0.0
lorenz63,edmd_poly3,16,0.1,1,x*y*z,1,0.0,0.0
lorenz63,edmd_poly3,16,0.1,1,x*y*z,2,0.0,0.0
lorenz63,edmd_poly3,16,0.1,1,x*z*z,0,0.0,0.0
lorenz63,edmd_poly3,16,0.1,1,x*z*z,1,0.0,0.0
lorenz63,edmd_poly3,16,0.1,1,x*z*z,2,0.0,0.0
lorenz63,edmd_poly3,16,0.1,1,y*y*y,0,0.0,0.0
lorenz63,edmd_poly3,16,0.1,1,y*y*y,1,0.0,0.0
lorenz63,edmd_poly3,16,0.1,1,y*y*y,2,0.0,0.0
lorenz63,edmd_poly3,16,0.1,1,y*y*z,0,0.0,0.0
lorenz63,edmd_poly3,16,0.1,1,y*y*z,1,0.0,0.0
lorenz63,edmd_poly3,16,0.1,1,y*y*z,2,0.0,0.0
lorenz63,edmd_poly3,16,0.1,1,y*z*z,0,0.0,0.0
lorenz63,edmd_poly3,16,0.1,1,y*z*z,1,0.0,0.0
lorenz63,edmd_poly3,16,0.1,1,y*z*z,2,0.0,0.0
lorenz63,edmd_poly3,16,0.1,1,z*z*z,0,0.0,0.0
lorenz63,edmd_poly3,16,0.1,1,z*z*z,1,0.0,0.0
lorenz63,edmd_poly3,16,0.1,1,z*z*z,2,0.0,0.0
lorenz63,tv_diff,16,0.1,1,1,0,12.711732123983825,0.0
lorenz63,tv_diff,16,0.1,1,1,1,1.5634993457317559,0.0
lorenz63,tv_diff,16,0.1,1,1,2,19.100918473094982,0.0
lorenz63,tv_diff,16,0.1,1,x,0,-8.619051468598231,-10.0
lorenz63,tv_diff,16,0.1,1,x,1,13.270822436525519,28.0
lorenz63,tv_diff,16,0.1,1,x,2,0.1417283033610637,0.0
lorenz63,tv_diff,16,0.1,1,y,0,8.67114593195178,10.0
lorenz63,tv_diff,16,0.1,1,y,1,2.0450564053734563,-1.0
lorenz63,tv_diff,16,0.1,1,y,2,0.0,0.0
lorenz63,tv_diff,16,0.1,1,z,0,-0.690342326082349,0.0
lorenz63,tv_diff,16,0.1,1,z,1,0.0,0.0
lorenz63,tv_diff,16,0.1,1,z,2,-3.583898652329303,-2.6666666666666665
lorenz63,tv_diff,16,0.1,1,x*x,0,0.17297650276310478,0.0
lorenz63,tv_diff,16,0.1,1,x*x,1,0.0,0.0
lorenz63,tv_diff,16,0.1,1,x*x,2,0.5207261871326072,0.0
lorenz63,tv_diff,16,0.1,1,x*y,0,-0.10532213228403654,0.0
lorenz63,tv_diff,16,0.1,1,x*y,1,0.0,0.0
lorenz63,tv_diff,16,0.1,1,x*y,2,0.0,1.0
lorenz63,tv_diff,16,0.1,1,x*z,0,0.0,0.0
lorenz63,tv_diff,16,0.1,1,x*z,1,-0.5926818450555835,-1.0
lorenz63,tv_diff,16,0.1,1,x*z,2,0.0,0.0
lorenz63,tv_diff,16,0.1,1,y*y,0,0.0,0.0
lorenz63,tv_diff,16,0.1,1,y*y,1,0.0,0.0
lorenz63,tv_diff,16,0.1,1,y*y,2,0.3659902491240499,0.0
lorenz63,tv_diff,16,0.1,1,y*z,0,0.0,0.0
lorenz63,tv_diff,16,0.1,1,y*z,1,0.0,0.0
lorenz63,tv_diff,16,0.1,1,y*z,2,0.0,0.0
lorenz63,tv_diff,16,0.1,1,z*z,0,0.0,0.0
lorenz63,tv_diff,16,0.1,1,z*z,1,0.0,0.0
lorenz63,tv_diff,16,0.1,1,z*z,2,0.0,0.0
lorenz63,tv_diff,16,0.1,1,x*x*x,0,0.0,0.0
lorenz63,tv_diff,16,0.1,1,x*x*x,1,0.0,0.0
lorenz63,tv_diff,16,0.1,1,x*x*x,2,0.0,0.0
lorenz63,tv_diff,16,0.1,1,x*x*y,0,0.0,0.0
lorenz63,tv_diff,16,0.1,1,x*x*y,1,0.0,0.0
lorenz63,tv_diff,16,0.1,1,x*x*y,2,0.0,0.0
lorenz63,tv_diff,16,0.1,1,x*x*z,0,0.0,0.0
lorenz63,tv_diff,16,0.1,1,x*x*z,1,0.0,0.0
lorenz63,tv_diff,16,0.1,1,x*x*z,2,0.0,0.0
lorenz63,tv_diff,16,0.1,1,x*y*y,0,0.0,0.0
lorenz63,tv_diff,16,0.1,1,x*y*y,1,0.0,0.0
lorenz63,tv_diff,16,0.1,1,x*y*y,2,0.0,0.0
lorenz63,tv_diff,16,0.1,1,x*y*z,0,0.0,0.0
lorenz63,tv_diff,16,0.1,1,x*y*z,1,0.0,0.0
lorenz63,tv_diff,16,0.1,1,x*y*z,2,0.0,0.0
lorenz63,tv_diff,16,0.1,1,x*z*z,0,0.0,0.0
lorenz63,tv_diff,16,0.1,1,x*z*z,1,0.0,0.0
lorenz63,tv_diff,16,0.1,1,x*z*z,2,0.0,0.0
lorenz63,tv_diff,16,0.1,1,y*y*y,0,0.0,0.0
lorenz63,tv_diff,16,0.1,1,y*y*y,1,0.0,0.0
lorenz63,tv_diff,16,0.1,1,y*y*y,2,0.0,0.0
lorenz63,tv_diff,16,0.1,1,y*y*z,0,0.0,0.0
lorenz63,tv_diff,16,0.1,1,y*y*z,1,0.0,0.0
lorenz63,tv_diff,16,0.1,1,y*y*z,2,0.0,0.0
lorenz63,tv_diff,16,0.1,1,y*z*z,0,0.0,0.0
lorenz63,tv_diff,16,0.1,1,y*z*z,1,0.0,0.0
lorenz63,tv_diff,16,0.1,1,y*z*z,2,0.0,0.0
lorenz63,tv_diff,16,0.1,1,z*z*z,0,0.0,0.0
lorenz63,tv_diff,16,0.1,1,z*z*z,1,0.0,0.0
lorenz63,tv_diff,16,0.1,1,z*z*z,2,0.0,0.0
lorenz63,baseline,16,0.1,2,1,0,-0.746708382493847,0.0
lorenz63,baseline,16,0.1,2,1,1,2.3186938876182563,0.0
lorenz63,baseline,16,0.1,2,1,2,-4.092515131168315,0.0
lorenz63,baseline,16,0.1,2,x,0,-7.756002909015671,-10.0
lorenz63,baseline,16,0.1,2,x,1,16.184891177046055,28.0
lorenz63,baseline,16,0.1,2,x,2,0.0,0.0
lorenz63,baseline,16,0.1,2,y,0,7.874264057329547,10.0
lorenz63,baseline,16,0.1,2,y,1,1.2067345690974374,-1.0
lorenz63,baseline,16,0.1,2,y,2,0.0,0.0
lorenz63,baseline,16,0.1,2,z,0,0.0,0.0
lorenz63,baseline,16,0.1,2,z,1,0.0,0.0
lorenz63,baseline,16,0.1,2,z,2,-2.031110856328837,-2.6666666666666665
lorenz63,baseline,16,0.1,2,x*x,0,0.0,0.0
lorenz63,baseline,16,0.1,2,x*x,1,0.0,0.0
lorenz63,baseline,16,0.1,2,x*x,2,0.0,0.0
lorenz63,baseline,16,0.1,2,x*y,0,0.0,0.0
lorenz63,baseline,16,0.1,2,x*y,1,0.0,0.0
lorenz63,baseline,16,0.1,2,x*y,2,0.8168128267344343,1.0
lorenz63,baseline,16,0.1,2,x*z,0,0.0,0.0
lorenz63,baseline,16,0.1,2,x*z,1,-0.6779927460877903,-1.0
lorenz63,baseline,16,0.1,2,x*z,2,0.0,0.0
lorenz63,baseline,16,0.1,2,y*y,0,0.0,0.0
lorenz63,baseline,16,0.1,2,y*y,1,0.0,0.0
lorenz63,baseline,16,0.1,2,y*y,2,0.0,0.0
lorenz63,baseline,16,0.1,2,y*z,0,0.0,0.0
lorenz63,baseline,16,0.1,2,y*z,1,0.0,0.0
lorenz63,baseline,16,0.1,2,y*z,2,0.0,0.0
lorenz63,baseline,16,0.1,2,z*z,0,0.0,0.0
lorenz63,baseline,16,0.1,2,z*z,1,0.0,0.0
lorenz63,baseline,16,0.1,2,z*z,2,0.0,0.0
lorenz63,baseline,16,0.1,2,x*x*x,0,0.0,0.0
lorenz63,baseline,16,0.1,2,x*x*x,1,0.0,0.0
lorenz63,baseline,16,0.1,2,x*x*x,2,0.0,0.0
lorenz63,baseline,16,0.1,2,x*x*y,0,0.0,0.0
lorenz63,baseline,16,0.1,2,x*x*y,1,0.0,0.0
lorenz63,baseline,16,0.1,2,x*x*y,2,0.0,0.0
lorenz63,baseline,16,0.1,2,x*x*z,0,0.0,0.0
lorenz63,baseline,16,0.1,2,x*x*z,1,0.0,0.0
lorenz63,baseline,16,0.1,2,x*x*z,2,0.0,0.0
lorenz63,baseline,16,0.1,2,x*y*y,0,0.0,0.0
lorenz63,baseline,16,0.1,2,x*y*y,1,0.0,0.0
lorenz63,baseline,16,0.1,2,x*y*y,2,0.0,0.0
lorenz63,baseline,16,0.1,2,x*y*z,0,0.0,0.0
lorenz63,baseline,16,0.1,2,x*y*z,1,0.0,0.0
lorenz63,baseline,16,0.1,2,x*y*z,2,0.0,0.0
lorenz63,baseline,16,0.1,2,x*z*z,0,0.0,0.0
lorenz63,baseline,16,0.1,2,x*z*z,1,0.0,0.0
lorenz63,baseline,16,0.1,2,x*z*z,2,0.0,0.0
lorenz63,baseline,16,0.1,2,y*y*y,0,0.0,0.0
lorenz63,baseline,16,0.1,2,y*y*y,1,0.0,0.0
lorenz63,baseline,16,0.1,2,y*y*y,2,0.0,0.0
lorenz63,baseline,16,0.1,2,y*y*z,0,0.0,0.0
lorenz63,baseline,16,0.1,2,y*y*z,1,0.0,0.0
lorenz63,baseline,16,0.1,2,y*y*z,2,0.0,0.0
lorenz63,baseline,16,0.1,2,y*z*z,0,0.0,0.0
lorenz63,baseline,16,0.1,2,y*z*z,1,0.0,0.0
lorenz63,baseline,16,0.1,2,y*z*z,2,0.0,0.0
lorenz63,baseline,16,0.1,2,z*z*z,0,0.0,0.0
lorenz63,baseline,16,0.1,2,z*z*z,1,0.0,0.0
lorenz63,baseline,16,0.1,2,z*z*z,2,0.0,0.0
lorenz63,edmd_poly3,16,0.1,2,1,0,-2.3580924980585967,0.0
lorenz63,edmd_poly3,16,0.1,2,1,1,1.8547436947097942,0.0
lorenz63,edmd_poly3,16,0.1,2,1,2,-4.044683846862176,0.0
lorenz63,edmd_poly3,16,0.1,2,x,0,15.344286264047783,-10.0
lorenz63,edmd_poly3,16,0.1,2,x,1,25.16809529258551,28.0
lorenz63,edmd_poly3,16,0.1,2,x,2,0.0,0.0
lorenz63,edmd_poly3,16,0.1,2,y,0,0.0,10.0
lorenz63,edmd_poly3,16,0.1,2,y,1,-0.35758962685057094,-1.0
lorenz63,edmd_poly3,16,0.1,2,y,2,0.0,0.0
lorenz63,edmd_poly3,16,0.1,2,z,0,0.0,0.0
lorenz63,edmd_poly3,16,0.1,2,z,1,0.0,0.0
lorenz63,edmd_poly3,16,0.1,2,z,2,-2.461587586135871,-2.6666666666666665
lorenz63,edmd_poly3,16,0.1,2,x*x,0,0.0,0.0
lorenz63,edmd_poly3,16,0.1,2,x*x,1,0.0,0.0
lorenz63,edmd_poly3,16,0.1,2,x*x,2,0.0,0.0
lorenz63,edmd_poly3,16,0.1,2,x*y,0,0.0,0.0
lorenz63,edmd_poly3,16,0.1,2,x*y,1,0.0,0.0
lorenz63,edmd_poly3,16,0.1,2,x*y,2,0.9774309855256968,1.0
lorenz63,edmd_poly3,16,0.1,2,x*z,0,-0.5122424322997055,0.0
lorenz63,edmd_poly3,16,0.1,2,x*z,1,-0.9377866581368045,-1.0
lorenz63,edmd_poly3,16,0.1,2,x*z,2,0.0,0.0
lorenz63,edmd_poly3,16,0.1,2,y*y,0,0.0,0.0
lorenz63,edmd_poly3,16,0.1,2,y*y,1,0.0,0.0
lorenz63,edmd_poly3,16,0.1,2,y*y,2,0.0,0.0
lorenz63,edmd_poly3,16,0.1,2,y*z,0,0.0,0.0
lorenz63,edmd_poly3,16,0.1,2,y*z,1,0.0,0.0
lorenz63,edmd_poly3,16,0.1,2,y*z,2,0.0,0.0
lorenz63,edmd_poly3,16,0.1,2,z*z,0,0.0,0.0
lorenz63,edmd_poly3,16,0.1,2,z*z,1,0.0,0.0
lorenz63,edmd_poly3,16,0.1,2,z*z,2,0.0,0.0
lorenz63,edmd_poly3,16,0.1,2,x*x*x,0,0.0,0.0
lorenz63,edmd_poly3,16,0.1,2,x*x*x,1,0.0,0.0
lorenz63,edmd_poly3,16,0.1,2,x*x*x,2,0.0,0.0
lorenz63,edmd_poly3,16,0.1,2,x*x*y,0,0.0,0.0
lorenz63,edmd_poly3,16,0.1,2,x*x*y,1,0.0,0.0
lorenz63,edmd_poly3,16,0.1,2,x*x*y,2,0.0,0.0
lorenz63,edmd_poly3,16,0.1,2,x*x*z,0,0.0,0.0
lorenz63,edmd_poly3,16,0.1,2,x*x*z,1,0.0,0.0
lorenz63,edmd_poly3,16,0.1,2,x*x*z,2,0.0,0.0
lorenz63,edmd_poly3,16,0.1,2,x*y*y,0,0.0,0.0
lorenz63,edmd_poly3,16,0.1,2,x*y*y,1,0.0,0.0
lorenz63,edmd_poly3,16,0.1,2,x*y*y,2,0.0,0.0
lorenz63,edmd_poly3,16,0.1,2,x*y*z,0,0.0,0.0
lorenz63,edmd_poly3,16,0.1,2,x*y*z,1,0.0,0.0
lorenz63,edmd_poly3,16,0.1,2,x*y*z,2,0.0,0.0
lorenz63,edmd_poly3,16,0.1,2,x*z*z,0,0.0,0.0
lorenz63,edmd_poly3,16,0.1,2,x*z*z,1,0.0,0.0
lorenz63,edmd_poly3,16,0.1,2,x*z*z,2,0.0,0.0
lorenz63,edmd_poly3,16,0.1,2,y*y*y,0,0.0,0.0
lorenz63,edmd_poly3,16,0.1,2,y*y*y,1,0.0,0.0
lorenz63,edmd_poly3,16,0.1,2,y*y*y,2,0.0,0.0
lorenz63,edmd_poly3,16,0.1,2,y*y*z,0,0.0,0.0
lorenz63,edmd_poly3,16,0.1,2,y*y*z,1,0.0,0.0
lorenz63,edmd_poly3,16,0.1,2,y*y*z,2,0.0,0.0
lorenz63,edmd_poly3,16,0.1,2,y*z*z,0,0.0,0.0
lorenz63,edmd_poly3,16,0.1,2,y*z*z,1,0.0,0.0
lorenz63,edmd_poly3,16,0.1,2,y*z*z,2,0.0,0.0
lorenz63,edmd_poly3,16,0.1,2,z*z*z,0,0.0,0.0
lorenz63,edmd_poly3,16,0.1,2,z*z*z,1,0.0,0.0
lorenz63,edmd_poly3,16,0.1,2,z*z*z,2,0.0,0.0
lorenz63,tv_diff,16,0.1,2,1,0,-0.7459400045196567,0.0
lorenz63,tv_diff,16,0.1,2,1,1,2.3184714651488876,0.0
lorenz63,tv_diff,16,0.1,2,1,2,-4.094290313222317,0.0
lorenz63,tv_diff,16,0.1,2,x,0,-7.758192316609681,-10.0
lorenz63,tv_diff,16,0.1,2,x,1,16.185572801772253,28.0
lorenz63,tv_diff,16,0.1,2,x,2,0.0,0.0
lorenz63,tv_diff,16,0.1,2,y,0,7.876108365536142,10.0
lorenz63,tv_diff,16,0.1,2,y,1,1.2065245323356237,-1.0
lorenz63,tv_diff,16,0.1,2,y,2,0.0,0.0
lorenz63,tv_diff,16,0.1,2,z,0,0.0,0.0
lorenz63,tv_diff,16,0.1,2,z,1,0.0,0.0
lorenz63,tv_diff,16,0.1,2,z,2,-2.031127464126854,-2.6666666666666665
lorenz63,tv_diff,16,0.1,2,x*x,0,0.0,0.0
lorenz63,tv_diff,16,0.1,2,x*x,1,0.0,0.0
lorenz63,tv_diff,16,0.1,2,x*x,2,0.0,0.0
lorenz63,tv_diff,16,0.1,2,x*y,0,0.0,0.0
lorenz63,tv_diff,16,0.1,2,x*y,1,0.0,0.0
lorenz63,tv_diff,16,0.1,2,x*y,2,0.8168642348818393,1.0
lorenz63,tv_diff,16,0.1,2,x*z,0,0.0,0.0
lorenz63,tv_diff,16,0.1,2,x*z,1,-0.6780143507192965,-1.0
lorenz63,tv_diff,16,0.1,2,x*z,2,0.0,0.0
lorenz63,tv_diff,16,0.1,2,y*y,0,0.0,0.0
lorenz63,tv_diff,16,0.1,2,y*y,1,0.0,0.0
lorenz63,tv_diff,16,0.1,2,y*y,2,0.0,0.0
lorenz63,tv_diff,16,0.1,2,y*z,0,0.0,0.0
lorenz63,tv_diff,16,0.1,2,y*z,1,0.0,0.0
lorenz63,tv_diff,16,0.1,2,y*z,2,0.0,0.0
lorenz63,tv_diff,16,0.1,2,z*z,0,0.0,0.0
lorenz63,tv_diff,16,0.1,2,z*z,1,0.0,0.0
lorenz63,tv_diff,16,0.1,2,z*z,2,0.0,0.0
lorenz63,tv_diff,16,0.1,2,x*x*x,0,0.0,0.0
lorenz63,tv_diff,16,0.1,2,x*x*x,1,0.0,0.0
lorenz63,tv_diff,16,0.1,2,x*x*x,2,0.0,0.0
lorenz63,tv_diff,16,0.1,2,x*x*y,0,0.0,0.0
lorenz63,tv_diff,16,0.1,2,x*x*y,1,0.0,0.0
lorenz63,tv_diff,16,0.1,2,x*x*y,2,0.0,0.0
lorenz63,tv_diff,16,0.1,2,x*x*z,0,0.0,0.0
lorenz63,tv_diff,16,0.1,2,x*x*z,1,0.0,0.0
lorenz63,tv_diff,16,0.1,2,x*x*z,2,0.0,0.0
lorenz63,tv_diff,16,0.1,2,x*y*y,0,0.0,0.0
lorenz63,tv_diff,16,0.1,2,x*y*y,1,0.0,0.0
lorenz63,tv_diff,16,0.1,2,x*y*y,2,0.0,0.0
lorenz63,tv_diff,16,0.1,2,x*y*z,0,0.0,0.0
lorenz63,tv_diff,16,0.1,2,x*y*z,1,0.0,0.0
lorenz63,tv_diff,16,0.1,2,x*y*z,2,0.0,0.0
lorenz63,tv_diff,16,0.1,2,x*z*z,0,0.0,0.0
lorenz63,tv_diff,16,0.1,2,x*z*z,1,0.0,0.0
lorenz63,tv_diff,16,0.1,2,x*z*z,2,0.0,0.0
lorenz63,tv_diff,16,0.1,2,y*y*y,0,0.0,0.0
lorenz63,tv_diff,16,0.1,2,y*y*y,1,0.0,0.0
lorenz63,tv_diff,16,0.1,2,y*y*y,2,0.0,0.0
lorenz63,tv_diff,16,0.1,2,y*y*z,0,0.0,0.0
lorenz63,tv_diff,16,0.1,2,y*y*z,1,0.0,0.0
lorenz63,tv_diff,16,0.1,2,y*y*z,2,0.0,0.0
lorenz63,tv_diff,16,0.1,2,y*z*z,0,0.0,0.0
lorenz63,tv_diff,16,0.1,2,y*z*z,1,0.0,0.0
lorenz63,tv_diff,16,0.1,2,y*z*z,2,0.0,0.0
lorenz63,tv_diff,16,0.1,2,z*z*z,0,0.0,0.0
lorenz63,tv_diff,16,0.1,2,z*z*z,1,0.0,0.0
lorenz63,tv_diff,16,0.1,2,z*z*z,2,0.0,0.0
lorenz63,baseline,16,0.1,3,1,0,-0.9345740173329599,0.0
lorenz63,baseline,16,0.1,3,1,1,0.7677960082287434,0.0
lorenz63,baseline,16,0.1,3,1,2,21.17355598533272,0.0
lorenz63,baseline,16,0.1,3,x,0,-7.996549074370666,-10.0
lorenz63,baseline,16,0.1,3,x,1,16.596820352157472,28.0
lorenz63,baseline,16,0.1,3,x,2,0.0,0.0
lorenz63,baseline,16,0.1,3,y,0,8.05409754186311,10.0
lorenz63,baseline,16,0.1,3,y,1,1.1498771557632494,-1.0
lorenz63,baseline,16,0.1,3,y,2,0.0,0.0
lorenz63,baseline,16,0.1,3,z,0,0.0,0.0
lorenz63,baseline,16,0.1,3,z,1,0.0,0.0
lorenz63,baseline,16,0.1,3,z,2,-3.4201506151604795,-2.6666666666666665
lorenz63,baseline,16,0.1,3,x*x,0,0.0,0.0
lorenz63,baseline,16,0.1,3,x*x,1,0.0,0.0
lorenz63,baseline,16,0.1,3,x*x,2,0.3677437302199298,0.0
lorenz63,baseline,16,0.1,3,x*y,0,0.0,0.0
lorenz63,baseline,16,0.1,3,x*y,1,0.0,0.0
lorenz63,baseline,16,0.1,3,x*y,2,0.570819965410136,1.0
lorenz63,baseline,16,0.1,3,x*z,0,0.0,0.0
lorenz63,baseline,16,0.1,3,x*z,1,-0.6863548144063187,-1.0
lorenz63,baseline,16,0.1,3,x*z,2,0.0,0.0
lorenz63,baseline,16,0.1,3,y*y,0,0.0,0.0
lorenz63,baseline,16,0.1,3,y*y,1,0.0,0.0
lorenz63,baseline,16,0.1,3,y*y,2,0.0,0.0
lorenz63,baseline,16,0.1,3,y*z,0,0.0,0.0
lorenz63,baseline,16,0.1,3,y*z,1,0.0,0.0
lorenz63,baseline,16,0.1,3,y*z,2,0.0,0.0
lorenz63,baseline,16,0.1,3,z*z,0,0.0,0.0
lorenz63,baseline,16,0.1,3,z*z,1,0.0,0.0
lorenz63,baseline,16,0.1,3,z*z,2,0.0,0.0
lorenz63,baseline,16,0.1,3,x*x*x,0,0.0,0.0
lorenz63,baseline,16,0.1,3,x*x*x,1,0.0,0.0
lorenz63,baseline,16,0.1,3,x*x*x,2,0.0,0.0
lorenz63,baseline,16,0.1,3,x*x*y,0,0.0,0.0
lorenz63,baseline,16,0.1,3,x*x*y,1,0.0,0.0
lorenz63,baseline,16,0.1,3,x*x*y,2,0.0,0.0
lorenz63,baseline,16,0.1,3,x*x*z,0,0.0,0.0
lorenz63,baseline,16,0.1,3,x*x*z,1,0.0,0.0
lorenz63,baseline,16,0.1,3,x*x*z,2,0.0,0.0
lorenz63,baseline,16,0.1,3,x*y*y,0,0.0,0.0
lorenz63,baseline,16,0.1,3,x*y*y,1,0.0,0.0
lorenz63,baseline,16,0.1,3,x*y*y,2,0.0,0.0
lorenz63,baseline,16,0.1,3,x*y*z,0,0.0,0.0
lorenz63,baseline,16,0.1,3,x*y*z,1,0.0,0.0
lorenz63,baseline,16,0.1,3,x*y*z,2,0.0,0.0
lorenz63,baseline,16,0.1,3,x*z*z,0,0.0,0.0
lorenz63,baseline,16,0.1,3,x*z*z,1,0.0,0.0
lorenz63,baseline,16,0.1,3,x*z*z,2,0.0,0.0
lorenz63,baseline,16,0.1,3,y*y*y,0,0.0,0.0
lorenz63,baseline,16,0.1,3,y*y*y,1,0.0,0.0
lorenz63,baseline,16,0.1,3,y*y*y,2,0.0,0.0
lorenz63,baseline,16,0.1,3,y*y*z,0,0.0,0.0
lorenz63,baseline,16,0.1,3,y*y*z,1,0.0,0.0
lorenz63,baseline,16,0.1,3,y*y*z,2,0.0,0.0
lorenz63,baseline,16,0.1,3,y*z*z,0,0.0,0.0
lorenz63,baseline,16,0.1,3,y*z*z,1,0.0,0.0
lorenz63,baseline,16,0.1,3,y*z*z,2,0.0,0.0
lorenz63,baseline,16,0.1,3,z*z*z,0,0.0,0.0
lorenz63,baseline,16,0.1,3,z*z*z,1,0.0,0.0
lorenz63,baseline,16,0.1,3,z*z*z,2,0.0,0.0
lorenz63,edmd_poly3,16,0.1,3,1,0,0.0,0.0
lorenz63,edmd_poly3,16,0.1,3,1,1,-1.2340340270453776,0.0
lorenz63,edmd_poly3,16,0.1,3,1,2,-2.229161401972294,0.0
lorenz63,edmd_poly3,16,0.1,3,x,0,-8.823301030541646,-10.0
lorenz63,edmd_poly3,16,0.1,3,x,1,31.290167361952264,28.0
lorenz63,edmd_poly3,16,0.1,3,x,2,0.0,0.0
lorenz63,edmd_poly3,16,0.1,3,y,0,8.82253635312217,10.0
lorenz63,edmd_poly3,16,0.1,3,y,1,-1.7147881714897892,-1.0
lorenz63,edmd_poly3,16,0.1,3,y,2,0.0,0.0
lorenz63,edmd_poly3,16,0.1,3,z,0,0.0,0.0
lorenz63,edmd_poly3,16,0.1,3,z,1,0.0,0.0
lorenz63,edmd_poly3,16,0.1,3,z,2,-2.4503763725862013,-2.6666666666666665
lorenz63,edmd_poly3,16,0.1,3,x*x,0,0.0,0.0
lorenz63,edmd_poly3,16,0.1,3,x*x,1,0.0,0.0
lorenz63,edmd_poly3,16,0.1,3,x*x,2,0.0,0.0
lorenz63,edmd_poly3,16,0.1,3,x*y,0,0.0,0.0
lorenz63,edmd_poly3,16,0.1,3,x*y,1,0.0,0.0
lorenz63,edmd_poly3,16,0.1,3,x*y,2,0.9540964251208183,1.0
lorenz63,edmd_poly3,16,0.1,3,x*z,0,0.0,0.0
lorenz63,edmd_poly3,16,0.1,3,x*z,1,-1.0923085369860608,-1.0
lorenz63,edmd_poly3,16,0.1,3,x*z,2,0.0,0.0
lorenz63,edmd_poly3,16,0.1,3,y*y,0,0.0,0.0
lorenz63,edmd_poly3,16,0.1,3,y*y,1,0.0,0.0
lorenz63,edmd_poly3,16,0.1,3,y*y,2,0.0,0.0
lorenz63,edmd_poly3,16,0.1,3,y*z,0,0.0,0.0
lorenz63,edmd_poly3,16,0.1,3,y*z,1,0.0,0.0
lorenz63,edmd_poly3,16,0.1,3,y*z,2,0.0,0.0
lorenz63,edmd_poly3,16,0.1,3,z*z,0,0.0,0.0
lorenz63,edmd_poly3,16,0.1,3,z*z,1,0.0,0.0
lorenz63,edmd_poly3,16,0.1,3,z*z,2,0.0,0.0
lorenz63,edmd_poly3,16,0.1,3,x*x*x,0,0.0,0.0
lorenz63,edmd_poly3,16,0.1,3,x*x*x,1,0.0,0.0
lorenz63,edmd_poly3,16,0.1,3,x*x*x,2,0.0,0.0
lorenz63,edmd_poly3,16,0.1,3,x*x*y,0,0.0,0.0
lorenz63,edmd_poly3,16,0.1,3,x*x*y,1,0.0,0.0
lorenz63,edmd_poly3,16,0.1,3,x*x*y,2,0.0,0.0
lorenz63,edmd_poly3,16,0.1,3,x*x*z,0,0.0,0.0
lorenz63,edmd_poly3,16,0.1,3,x*x*z,1,0.0,0.0
lorenz63,edmd_poly3,16,0.1,3,x*x*z,2,0.0,0.0
lorenz63,edmd_poly3,16,0.1,3,x*y*y,0,0.0,0.0
lorenz63,edmd_poly3,16,0.1,3,x*y*y,1,0.0,0.0
lorenz63,edmd_poly3,16,0.1,3,x*y*y,2,0.0,0.0
lorenz63,edmd_poly3,16,0.1,3,x*y*z,0,0.0,0.0
lorenz63,edmd_poly3,16,0.1,3,x*y*z,1,0.0,0.0
lorenz63,edmd_poly3,16,0.1,3,x*y*z,2,0.0,0.0
lorenz63,edmd_poly3,16,0.1,3,x*z*z,0,0.0,0.0
lorenz63,edmd_poly3,16,0.1,3,x*z*z,1,0.0,0.0
lorenz63,edmd_poly3,16,0.1,3,x*z*z,2,0.0,0.0
lorenz63,edmd_poly3,16,0.1,3,y*y*y,0,0.0,0.0
lorenz63,edmd_poly3,16,0.1,3,y*y*y,1,0.0,0.0
lorenz63,edmd_poly3,16,0.1,3,y*y*y,2,0.0,0.0
lorenz63,edmd_poly3,16,0.1,3,y*y*z,0,0.0,0.0
lorenz63,edmd_poly3,16,0.1,3,y*y*z,1,0.0,0.0
lorenz63,edmd_poly3,16,0.1,3,y*y*z,2,0.0,0.0
lorenz63,edmd_poly3,16,0.1,3,y*z*z,0,0.0,0.0
lorenz63,edmd_poly3,16,0.1,3,y*z*z,1,0.0,0.0
lorenz63,edmd_poly3,16,0.1,3,y*z*z,2,0.0,0.0
lorenz63,edmd_poly3,16,0.1,3,z*z*z,0,0.0,0.0
lorenz63,edmd_poly3,16,0.1,3,z*z*z,1,0.0,0.0
lorenz63,edmd_poly3,16,0.1,3,z*z*z,2,0.0,0.0
lorenz63,tv_diff,16,0.1,3,1,0,-0.9344955663622474,0.0
lorenz63,tv_diff,16,0.1,3,1,1,0.7675780513602456,0.0
lorenz63,tv_diff,16,0.1,3,1,2,21.171830487116996,0.0
lorenz63,tv_diff,16,0.1,3,x,0,-7.997517351535358,-10.0
lorenz63,tv_diff,16,0.1,3,x,1,16.597131409883886,28.0
lorenz63,tv_diff,16,0.1,3,x,2,0.0,0.0
lorenz63,tv_diff,16,0.1,3,y,0,8.054910599617001,10.0
lorenz63,tv_diff,16,0.1,3,y,1,1.149776064327124,-1.0
lorenz63,tv_diff,16,0.1,3,y,2,0.0,0.0
lorenz63,tv_diff,16,0.1,3,z,0,0.0,0.0
lorenz63,tv_diff,16,0.1,3,z,1,0.0,0.0
lorenz63,tv_diff,16,0.1,3,z,2,-3.420095307303025,-2.6666666666666665
lorenz63,tv_diff,16,0.1,3,x*x,0,0.0,0.0
lorenz63,tv_diff,16,0.1,3,x*x,1,0.0,0.0
lorenz63,tv_diff,16,0.1,3,x*x,2,0.36775958947852605,0.0
lorenz63,tv_diff,16,0.1,3,x*y,0,0.0,0.0
lorenz63,tv_diff,16,0.1,3,x*y,1,0.0,0.0
lorenz63,tv_diff,16,0.1,3,x*y,2,0.5708582656969086,1.0
lorenz63,tv_diff,16,0.1,3,x*z,0,0.0,0.0
lorenz63,tv_diff,16,0.1,3,x*z,1,-0.6863685314313445,-1.0
lorenz63,tv_diff,16,0.1,3,x*z,2,0.0,0.0
lorenz63,tv_diff,16,0.1,3,y*y,0,0.0,0.0
lorenz63,tv_diff,16,0.1,3,y*y,1,0.0,0.0
lorenz63,tv_diff,16,0.1,3,y*y,2,0.0,0.0
lorenz63,tv_diff,16,0.1,3,y*z,0,0.0,0.0
lorenz63,tv_diff,16,0.1,3,y*z,1,0.0,0.0
lorenz63,tv_diff,16,0.1,3,y*z,2,0.0,0.0
lorenz63,tv_diff,16,0.1,3,z*z,0,0.0,0.0
lorenz63,tv_diff,16,0.1,3,z*z,1,0.0,0.0
lorenz63,tv_diff,16,0.1,3,z*z,2,0.0,0.0
lorenz63,tv_diff,16,0.1,3,x*x*x,0,0.0,0.0
lorenz63,tv_diff,16,0.1,3,x*x*x,1,0.0,0.0
lorenz63,tv_diff,16,0.1,3,x*x*x,2,0.0,0.0
lorenz63,tv_diff,16,0.1,3,x*x*y,0,0.0,0.0
lorenz63,tv_diff,16,0.1,3,x*x*y,1,0.0,0.0
lorenz63,tv_diff,16,0.1,3,x*x*y,2,0.0,0.0
lorenz63,tv_diff,16,0.1,3,x*x*z,0,0.0,0.0
lorenz63,tv_diff,16,0.1,3,x*x*z,1,0.0,0.0
lorenz63,tv_diff,16,0.1,3,x*x*z,2,0.0,0.0
lorenz63,tv_diff,16,0.1,3,x*y*y,0,0.0,0.0
lorenz63,tv_diff,16,0.1,3,x*y*y,1,0.0,0.0
lorenz63,tv_diff,16,0.1,3,x*y*y,2,0.0,0.0
lorenz63,tv_diff,16,0.1,3,x*y*z,0,0.0,0.0
lorenz63,tv_diff,16,0.1,3,x*y*z,1,0.0,0.0
lorenz63,tv_diff,16,0.1,3,x*y*z,2,0.0,0.0
lorenz63,tv_diff,16,0.1,3,x*z*z,0,0.0,0.0
lorenz63,tv_diff,16,0.1,3,x*z*z,1,0.0,0.0
lorenz63,tv_diff,16,0.1,3,x*z*z,2,0.0,0.0
lorenz63,tv_diff,16,0.1,3,y*y*y,0,0.0,0.0
lorenz63,tv_diff,16,0.1,3,y*y*y,1,0.0,0.0
lorenz63,tv_diff,16,0.1,3,y*y*y,2,0.0,0.0
lorenz63,tv_diff,16,0.1,3,y*y*z,0,0.0,0.0
lorenz63,tv_diff,16,0.1,3,y*y*z,1,0.0,0.0
lorenz63,tv_diff,16,0.1,3,y*y*z,2,0.0,0.0
lorenz63,tv_diff,16,0.1,3,y*z*z,0,0.0,0.0
lorenz63,tv_diff,16,0.1,3,y*z*z,1,0.0,0.0
lorenz63,tv_diff,16,0.1,3,y*z*z,2,0.0,0.0
lorenz63,tv_diff,16,0.1,3,z*z*z,0,0.0,0.0
lorenz63,tv_diff,16,0.1,3,z*z*z,1,0.0,0.0
lorenz63,tv_diff,16,0.1,3,z*z*z,2,0.0,0.0
lorenz63,baseline,16,0.1,4,1,0,0.4034053796604485,0.0
lorenz63,baseline,16,0.1,4,1,1,1.5836957061935082,0.0
lorenz63,baseline,16,0.1,4,1,2,-41.76257495967423,0.0
lorenz63,baseline,16,0.1,4,x,0,-7.996885628919039,-10.0
lorenz63,baseline,16,0.1,4,x,1,17.085804248688973,28.0
lorenz63,baseline,16,0.1,4,x,2,-0.715378802746451,0.0
lorenz63,baseline,16,0.1,4,y,0,7.9739113050428285,10.0
lorenz63,baseline,16,0.1,4,y,1,1.2472340156368191,-1.0
lorenz63,baseline,16,0.1,4,y,2,0.6454296938340082,0.0
lorenz63,baseline,16,0.1,4,z,0,0.0,0.0
lorenz63,baseline,16,0.1,4,z,1,0.0,0.0
lorenz63,baseline,16,0.1,4,z,2,0.0,-2.6666666666666665
lorenz63,baseline,16,0.1,4,x*x,0,0.0,0.0
lorenz63,baseline,16,0.1,4,x*x,1,0.0,0.0
lorenz63,baseline,16,0.1,4,x*x,2,-0.3132661510443576,0.0
lorenz63,baseline,16,0.1,4,x*y,0,0.0,0.0
lorenz63,baseline,16,0.1,4,x*y,1,0.0,0.0
lorenz63,baseline,16,0.1,4,x*y,2,0.9961341446970051,1.0
lorenz63,baseline,16,0.1,4,x*z,0,0.0,0.0
lorenz63,baseline,16,0.1,4,x*z,1,-0.7020750370726634,-1.0
lorenz63,baseline,16,0.1,4,x*z,2,0.0,0.0
lorenz63,baseline,16,0.1,4,y*y,0,0.0,0.0
lorenz63,baseline,16,0.1,4,y*y,1,0.0,0.0
lorenz63,baseline,16,0.1,4,y*y,2,0.0,0.0
lorenz63,baseline,16,0.1,4,y*z,0,0.0,0.0
lorenz63,baseline,16,0.1,4,y*z,1,0.0,0.0
lorenz63,baseline,16,0.1,4,y*z,2,0.0,0.0
lorenz63,baseline,16,0.1,4,z*z,0,0.0,0.0
lorenz63,baseline,16,0.1,4,z*z,1,0.0,0.0
lorenz63,baseline,16,0.1,4,z*z,2,0.0,0.0
lorenz63,baseline,16,0.1,4,x*x*x,0,0.0,0.0
lorenz63,baseline,16,0.1,4,x*x*x,1,0.0,0.0
lorenz63,baseline,16,0.1,4,x*x*x,2,0.0,0.0
lorenz63,baseline,16,0.1,4,x*x*y,0,0.0,0.0
lorenz63,baseline,16,0.1,4,x*x*y,1,0.0,0.0
lorenz63,baseline,16,0.1,4,x*x*y,2,0.0,0.0
lorenz63,baseline,16,0.1,4,x*x*z,0,0.0,0.0
lorenz63,baseline,16,0.1,4,x*x*z,1,0.0,0.0
lorenz63,baseline,16,0.1,4,x*x*z,2,0.0,0.0
lorenz63,baseline,16,0.1,4,x*y*y,0,0.0,0.0
lorenz63,baseline,16,0.1,4,x*y*y,1,0.0,0.0
lorenz63,baseline,16,0.1,4,x*y*y,2,0.0,0.0
lorenz63,baseline,16,0.1,4,x*y*z,0,0.0,0.0
lorenz63,baseline,16,0.1,4,x*y*z,1,0.0,0.0
lorenz63,baseline,16,0.1,4,x*y*z,2,0.0,0.0
lorenz63,baseline,16,0.1,4,x*z*z,0,0.0,0.0
lorenz63,baseline,16,0.1,4,x*z*z,1,0.0,0.0
lorenz63,baseline,16,0.1,4,x*z*z,2,0.0,0.0
lorenz63,baseline,16,0.1,4,y*y*y,0,0.0,0.0
lorenz63,baseline,16,0.1,4,y*y*y,1,0.0,0.0
lorenz63,baseline,16,0.1,4,y*y*y,2,0.0,0.0
lorenz63,baseline,16,0.1,4,y*y*z,0,0.0,0.0
lorenz63,baseline,16,0.1,4,y*y*z,1,0.0,0.0
lorenz63,baseline,16,0.1,4,y*y*z,2,0.0,0.0
lorenz63,baseline,16,0.1,4,y*z*z,0,0.0,0.0
lorenz63,baseline,16,0.1,4,y*z*z,1,0.0,0.0
lorenz63,baseline,16,0.1,4,y*z*z,2,0.0,0.0
lorenz63,baseline,16,0.1,4,z*z*z,0,0.0,0.0
lorenz63,baseline,16,0.1,4,z*z*z,1,0.0,0.0
lorenz63,baseline,16,0.1,4,z*z*z,2,0.0,0.0
lorenz63,edmd_poly3,16,0.1,4,1,0,-0.5880608449377435,0.0
lorenz63,edmd_poly3,16,0.1,4,1,1,-1.735311670918119,0.0
lorenz63,edmd_poly3,16,0.1,4,1,2,5.638292906033447,0.0
lorenz63,edmd_poly3,16,0.1,4,x,0,-1.1802036702457066,-10.0
lorenz63,edmd_poly3,16,0.1,4,x,1,19.573826346881997,28.0
lorenz63,edmd_poly3,16,0.1,4,x,2,-0.3956657805903825,0.0
lorenz63,edmd_poly3,16,0.1,4,y,0,4.113509105148853,10.0
lorenz63,edmd_poly3,16,0.1,4,y,1,5.552206000571958,-1.0
lorenz63,edmd_poly3,16,0.1,4,y,2,0.39993579033396776,0.0
lorenz63,edmd_poly3,16,0.1,4,z,0,0.0,0.0
lorenz63,edmd_poly3,16,0.1,4,z,1,0.13399020654320956,0.0
lorenz63,edmd_poly3,16,0.1,4,z,2,-2.9831869933675965,-2.6666666666666665
lorenz63,edmd_poly3,16,0.1,4,x*x,0,0.0,0.0
lorenz63,edmd_poly3,16,0.1,4,x*x,1,0.0,0.0
lorenz63,edmd_poly3,16,0.1,4,x*x,2,0.19603846070217276,0.0
lorenz63,edmd_poly3,16,0.1,4,x*y,0,0.0,0.0
lorenz63,edmd_poly3,16,0.1,4,x*y,1,0.0,0.0
lorenz63,edmd_poly3,16,0.1,4,x*y,2,0.6535511350309465,1.0
lorenz63,edmd_poly3,16,0.1,4,x*z,0,-0.23464815210195591,0.0
lorenz63,edmd_poly3,16,0.1,4,x*z,1,-0.7597584068211238,-1.0
lorenz63,edmd_poly3,16,0.1,4,x*z,2,0.0,0.0
lorenz63,edmd_poly3,16,0.1,4,y*y,0,0.0,0.0
lorenz63,edmd_poly3,16,0.1,4,y*y,1,0.0,0.0
lorenz63,edmd_poly3,16,0.1,4,y*y,2,0.15677994945111498,0.0
lorenz63,edmd_poly3,16,0.1,4,y*z,0,0.15473287872532732,0.0
lorenz63,edmd_poly3,16,0.1,4,y*z,1,-0.20470626611553985,0.0
lorenz63,edmd_poly3,16,0.1,4,y*z,2,0.0,0.0
lorenz63,edmd_poly3,16,0.1,4,z*z,0,0.0,0.0
lorenz63,edmd_poly3,16,0.1,4,z*z,1,0.0,0.0
lorenz63,edmd_poly3,16,0.1,4,z*z,2,0.0,0.0
lorenz63,edmd_poly3,16,0.1,4,x*x*x,0,0.0,0.0
lorenz63,edmd_poly3,16,0.1,4,x*x*x,1,0.0,0.0
lorenz63,edmd_poly3,16,0.1,4,x*x*x,2,0.0,0.0
lorenz63,edmd_poly3,16,0.1,4,x*x*y,0,0.0,0.0
lorenz63,edmd_poly3,16,0.1,4,x*x*y,1,0.0,0.0
lorenz63,edmd_poly3,16,0.1,4,x*x*y,2,0.0,0.0
lorenz63,edmd_poly3,16,0.1,4,x*x*z,0,0.0,0.0
lorenz63,edmd_poly3,16,0.1,4,x*x*z,1,0.0,0.0
lorenz63,edmd_poly3,16,0.1,4,x*x*z,2,0.0,0.0
lorenz63,edmd_poly3,16,0.1,4,x*y*y,0,0.0,0.0
lorenz63,edmd_poly3,16,0.1,4,x*y*y,1,0.0,0.0
lorenz63,edmd_poly3,16,0.1,4,x*y*y,2,0.0,0.0
lorenz63,edmd_poly3,16,0.1,4,x*y*z,0,0.0,0.0
lorenz63,edmd_poly3,16,0.1,4,x*y*z,1,0.0,0.0
lorenz63,edmd_poly3,16,0.1,4,x*y*z,2,0.0,0.0
lorenz63,edmd_poly3,16,0.1,4,x*z*z,0,0.0,0.0
lorenz63,edmd_poly3,16,0.1,4,x*z*z,1,0.0,0.0
lorenz63,edmd_poly3,16,0.1,4,x*z*z,2,0.0,0.0
lorenz63,edmd_poly3,16,0.1,4,y*y*y,0,0.0,0.0
lorenz63,edmd_poly3,16,0.1,4,y*y*y,1,0.0,0.0
lorenz63,edmd_poly3,16,0.1,4,y*y*y,2,0.0,0.0
lorenz63,edmd_poly3,16,0.1,4,y*y*z,0,0.0,0.0
lorenz63,edmd_poly3,16,0.1,4,y*y*z,1,0.0,0.0
lorenz63,edmd_poly3,16,0.1,4,y*y*z,2,0.0,0.0
lorenz63,edmd_poly3,16,0.1,4,y*z*z,0,0.0,0.0
lorenz63,edmd_poly3,16,0.1,4,y*z*z,1,0.0,0.0
lorenz63,edmd_poly3,16,0.1,4,y*z*z,2,0.0,0.0
lorenz63,edmd_poly3,16,0.1,4,z*z*z,0,0.0,0.0
lorenz63,edmd_poly3,16,0.1,4,z*z*z,1,0.0,0.0
lorenz63,edmd_poly3,16,0.1,4,z*z*z,2,0.0,0.0
lorenz63,tv_diff,16,0.1,4,1,0,0.40403057318705954,0.0
lorenz63,tv_diff,16,0.1,4,1,1,1.583567285257637,0.0
lorenz63,tv_diff,16,0.1,4,1,2,-41.76468265482895,0.0
lorenz63,tv_diff,16,0.1,4,x,0,-7.998444886924016,-10.0
lorenz63,tv_diff,16,0.1,4,x,1,17.088021879489222,28.0
lorenz63,tv_diff,16,0.1,4,x,2,-0.7156056494780213,0.0
lorenz63,tv_diff,16,0.1,4,y,0,7.9751775961712275,10.0
lorenz63,tv_diff,16,0.1,4,y,1,1.2465321524248008,-1.0
lorenz63,tv_diff,16,0.1,4,y,2,0.6456468813947136,0.0
lorenz63,tv_diff,16,0.1,4,z,0,0.0,0.0
lorenz63,tv_diff,16,0.1,4,z,1,0.0,0.0
lorenz63,tv_diff,16,0.1,4,z,2,0.0,-2.6666666666666665
lorenz63,tv_diff,16,0.1,4,x*x,0,0.0,0.0
lorenz63,tv_diff,16,0.1,4,x*x,1,0.0,0.0
lorenz63,tv_diff,16,0.1,4,x*x,2,-0.3133338099872377,0.0
lorenz63,tv_diff,16,0.1,4,x*y,0,0.0,0.0
lorenz63,tv_diff,16,0.1,4,x*y,1,0.0,0.0
lorenz63,tv_diff,16,0.1,4,x*y,2,0.9962523620395848,1.0
lorenz63,tv_diff,16,0.1,4,x*z,0,0.0,0.0
lorenz63,tv_diff,16,0.1,4,x*z,1,-0.7021335458632549,-1.0
lorenz63,tv_diff,16,0.1,4,x*z,2,0.0,0.0
lorenz63,tv_diff,16,0.1,4,y*y,0,0.0,0.0
lorenz63,tv_diff,16,0.1,4,y*y,1,0.0,0.0
lorenz63,tv_diff,16,0.1,4,y*y,2,0.0,0.0
lorenz63,tv_diff,16,0.1,4,y*z,0,0.0,0.0
lorenz63,tv_diff,16,0.1,4,y*z,1,0.0,0.0
lorenz63,tv_diff,16,0.1,4,y*z,2,0.0,0.0
lorenz63,tv_diff,16,0.1,4,z*z,0,0.0,0.0
lorenz63,tv_diff,16,0.1,4,z*z,1,0.0,0.0
lorenz63,tv_diff,16,0.1,4,z*z,2,0.0,0.0
lorenz63,tv_diff,16,0.1,4,x*x*x,0,0.0,0.0
lorenz63,tv_diff,16,0.1,4,x*x*x,1,0.0,0.0
lorenz63,tv_diff,16,0.1,4,x*x*x,2,0.0,0.0
lorenz63,tv_diff,16,0.1,4,x*x*y,0,0.0,0.0
lorenz63,tv_diff,16,0.1,4,x*x*y,1,0.0,0.0
lorenz63,tv_diff,16,0.1,4,x*x*y,2,0.0,0.0
lorenz63,tv_diff,16,0.1,4,x*x*z,0,0.0,0.0
lorenz63,tv_diff,16,0.1,4,x*x*z,1,0.0,0.0
lorenz63,tv_diff,16,0.1,4,x*x*z,2,0.0,0.0
lorenz63,tv_diff,16,0.1,4,x*y*y,0,0.0,0.0
lorenz63,tv_diff,16,0.1,4,x*y*y,1,0.0,0.0
lorenz63,tv_diff,16,0.1,4,x*y*y,2,0.0,0.0
lorenz63,tv_diff,16,0.1,4,x*y*z,0,0.0,0.0
lorenz63,tv_diff,16,0.1,4,x*y*z,1,0.0,0.0
lorenz63,tv_diff,16,0.1,4,x*y*z,2,0.0,0.0
lorenz63,tv_diff,16,0.1,4,x*z*z,0,0.0,0.0
lorenz63,tv_diff,16,0.1,4,x*z*z,1,0.0,0.0
lorenz63,tv_diff,16,0.1,4,x*z*z,2,0.0,0.0
lorenz63,tv_diff,16,0.1,4,y*y*y,0,0.0,0.0
lorenz63,tv_diff,16,0.1,4,y*y*y,1,0.0,0.0
lorenz63,tv_diff,16,0.1,4,y*y*y,2,0.0,0.0
lorenz63,tv_diff,16,0.1,4,y*y*z,0,0.0,0.0
lorenz63,tv_diff,16,0.1,4,y*y*z,1,0.0,0.0
lorenz63,tv_diff,16,0.1,4,y*y*z,2,0.0,0.0
lorenz63,tv_diff,16,0.1,4,y*z*z,0,0.0,0.0
lorenz63,tv_diff,16,0.1,4,y*z*z,1,0.0,0.0
lorenz63,tv_diff,16,0.1,4,y*z*z,2,0.0,0.0
lorenz63,tv_diff,16,0.1,4,z*z*z,0,0.0,0.0
lorenz63,tv_diff,16,0.1,4,z*z*z,1,0.0,0.0
lorenz63,tv_diff,16,0.1,4,z*z*z,2,0.0,0.0
lorenz63,baseline,16,0.2,1,1,0,0.0,0.0
lorenz63,baseline,16,0.2,1,1,1,1.8643504478332256,0.0
lorenz63,baseline,16,0.2,1,1,2,9.280864458786594,0.0
lorenz63,baseline,16,0.2,1,x,0,-7.359434672635031,-10.0
lorenz63,baseline,16,0.2,1,x,1,12.48420105834934,28.0
lorenz63,baseline,16,0.2,1,x,2,0.7752103783816268,0.0
lorenz63,baseline,16,0.2,1,y,0,7.481865294669545,10.0
lorenz63,baseline,16,0.2,1,y,1,2.2800443667811114,-1.0
lorenz63,baseline,16,0.2,1,y,2,-0.5068848889856382,0.0
lorenz63,baseline,16,0.2,1,z,0,0.0,0.0
lorenz63,baseline,16,0.2,1,z,1,0.0,0.0
lorenz63,baseline,16,0.2,1,z,2,-3.0215792843411795,-2.6666666666666665
lorenz63,baseline,16,0.2,1,x*x,0,0.0,0.0
lorenz63,baseline,16,0.2,1,x*x,1,0.0,0.0
lorenz63,baseline,16,0.2,1,x*x,2,0.419906812152253,0.0
lorenz63,baseline,16,0.2,1,x*y,0,0.0,0.0
lorenz63,baseline,16,0.2,1,x*y,1,0.0,0.0
lorenz63,baseline,16,0.2,1,x*y,2,0.0,1.0
lorenz63,baseline,16,0.2,1,x*z,0,0.0,0.0
lorenz63,baseline,16,0.2,1,x*z,1,-0.5632095456580161,-1.0
lorenz63,baseline,16,0.2,1,x*z,2,0.0,0.0
lorenz63,baseline,16,0.2,1,y*y,0,0.0,0.0
lorenz63,baseline,16,0.2,1,y*y,1,0.0,0.0
lorenz63,baseline,16,0.2,1,y*y,2,0.40335524578069665,0.0
lorenz63,baseline,16,0.2,1,y*z,0,0.0,0.0
lorenz63,baseline,16,0.2,1,y*z,1,0.0,0.0
lorenz63,baseline,16,0.2,1,y*z,2,0.0,0.0
lorenz63,baseline,16,0.2,1,z*z,0,0.0,0.0
lorenz63,baseline,16,0.2,1,z*z,1,0.0,0.0
lorenz63,baseline,16,0.2,1,z*z,2,0.0,0.0
lorenz63,baseline,16,0.2,1,x*x*x,0,0.0,0.0
lorenz63,baseline,16,0.2,1,x*x*x,1,0.0,0.0
lorenz63,baseline,16,0.2,1,x*x*x,2,0.0,0.0
lorenz63,baseline,16,0.2,1,x*x*y,0,0.0,0.0
lorenz63,baseline,16,0.2,1,x*x*y,1,0.0,0.0
lorenz63,baseline,16,0.2,1,x*x*y,2,0.0,0.0
lorenz63,baseline,16,0.2,1,x*x*z,0,0.0,0.0
lorenz63,baseline,16,0.2,1,x*x*z,1,0.0,0.0
lorenz63,baseline,16,0.2,1,x*x*z,2,0.0,0.0
lorenz63,baseline,16,0.2,1,x*y*y,0,0.0,0.0
lorenz63,baseline,16,0.2,1,x*y*y,1,0.0,0.0
lorenz63,baseline,16,0.2,1,x*y*y,2,0.0,0.0
lorenz63,baseline,16,0.2,1,x*y*z,0,0.0,0.0
lorenz63,baseline,16,0.2,1,x*y*z,1,0.0,0.0
lorenz63,baseline,16,0.2,1,x*y*z,2,0.0,0.0
lorenz63,baseline,16,0.2,1,x*z*z,0,0.0,0.0
lorenz63,baseline,16,0.2,1,x*z*z,1,0.0,0.0
lorenz63,baseline,16,0.2,1,x*z*z,2,0.0,0.0
lorenz63,baseline,16,0.2,1,y*y*y,0,0.0,0.0
lorenz63,baseline,16,0.2,1,y*y*y,1,0.0,0.0
lorenz63,baseline,16,0.2,1,y*y*y,2,0.0,0.0
lorenz63,baseline,16,0.2,1,y*y*z,0,0.0,0.0
lorenz63,baseline,16,0.2,1,y*y*z,1,0.0,0.0
lorenz63,baseline,16,0.2,1,y*y*z,2,0.0,0.0
lorenz63,baseline,16,0.2,1,y*z*z,0,0.0,0.0
lorenz63,baseline,16,0.2,1,y*z*z,1,0.0,0.0
lorenz63,baseline,16,0.2,1,y*z*z,2,0.0,0.0
lorenz63,baseline,16,0.2,1,z*z*z,0,0.0,0.0
lorenz63,baseline,16,0.2,1,z*z*z,1,0.0,0.0
lorenz63,baseline,16,0.2,1,z*z*z,2,0.0,0.0
lorenz63,edmd_poly3,16,0.2,1,1,0,5.184711378531184,0.0
lorenz63,edmd_poly3,16,0.2,1,1,1,-9.723160268741745,0.0
lorenz63,edmd_poly3,16,0.2,1,1,2,5.763518047737658,0.0
lorenz63,edmd_poly3,16,0.2,1,x,0,8.227925863267794,-10.0
lorenz63,edmd_poly3,16,0.2,1,x,1,18.3276584993883,28.0
lorenz63,edmd_poly3,16,0.2,1,x,2,-6.2719674345264504,0.0
lorenz63,edmd_poly3,16,0.2,1,y,0,-2.485749062249765,10.0
lorenz63,edmd_poly3,16,0.2,1,y,1,2.3420410387598882,-1.0
lorenz63,edmd_poly3,16,0.2,1,y,2,3.8455731727671227,0.0
lorenz63,edmd_poly3,16,0.2,1,z,0,-0.10081700990809712,0.0
lorenz63,edmd_poly3,16,0.2,1,z,1,0.6736989002749167,0.0
lorenz63,edmd_poly3,16,0.2,1,z,2,-3.1327236290093152,-2.6666666666666665
lorenz63,edmd_poly3,16,0.2,1,x*x,0,-0.37389497395311844,0.0
lorenz63,edmd_poly3,16,0.2,1,x*x,1,-0.223340129642817,0.0
lorenz63,edmd_poly3,16,0.2,1,x*x,2,0.36243116407007137,0.0
lorenz63,edmd_poly3,16,0.2,1,x*y,0,0.994643039965022,0.0
lorenz63,edmd_poly3,16,0.2,1,x*y,1,0.38159948867648014,0.0
lorenz63,edmd_poly3,16,0.2,1,x*y,2,0.0,1.0
lorenz63,edmd_poly3,16,0.2,1,x*z,0,-0.562754749270236,0.0
lorenz63,edmd_poly3,16,0.2,1,x*z,1,-0.7668931464764016,-1.0
lorenz63,edmd_poly3,16,0.2,1,x*z,2,0.19657564766859345,0.0
lorenz63,edmd_poly3,16,0.2,1,y*y,0,-0.5424169675017692,0.0
lorenz63,edmd_poly3,16,0.2,1,y*y,1,-0.18806812518827437,0.0
lorenz63,edmd_poly3,16,0.2,1,y*y,2,0.5353794207917635,0.0
lorenz63,edmd_poly3,16,0.2,1,y*z,0,0.4174715955913989,0.0
lorenz63,edmd_poly3,16,0.2,1,y*z,1,0.0,0.0
lorenz63,edmd_poly3,16,0.2,1,y*z,2,-0.11939985147699925,0.0
lorenz63,edmd_poly3,16,0.2,1,z*z,0,0.0,0.0
lorenz63,edmd_poly3,16,0.2,1,z*z,1,0.0,0.0
lorenz63,edmd_poly3,16,0.2,1,z*z,2,0.0,0.0
lorenz63,edmd_poly3,16,0.2,1,x*x*x,0,0.0,0.0
lorenz63,edmd_poly3,16,0.2,1,x*x*x,1,0.0,0.0
lorenz63,edmd_poly3,16,0.2,1,x*x*x,2,0.0,0.0
lorenz63,edmd_poly3,16,0.2,1,x*x*y,0,0.0,0.0
lorenz63,edmd_poly3,16,0.2,1,x*x*y,1,0.0,0.0
lorenz63,edmd_poly3,16,0.2,1,x*x*y,2,0.0,0.0
lorenz63,edmd_poly3,16,0.2,1,x*x*z,0,0.0,0.0
lorenz63,edmd_poly3,16,0.2,1,x*x*z,1,0.0,0.0
lorenz63,edmd_poly3,16,0.2,1,x*x*z,2,0.0,0.0
lorenz63,edmd_poly3,16,0.2,1,x*y*y,0,0.0,0.0
lorenz63,edmd_poly3,16,0.2,1,x*y*y,1,0.0,0.0
lorenz63,edmd_poly3,16,0.2,1,x*y*y,2,0.0,0.0
lorenz63,edmd_poly3,16,0.2,1,x*y*z,0,0.0,0.0
lorenz63,edmd_poly3,16,0.2,1,x*y*z,1,0.0,0.0
lorenz63,edmd_poly3,16,0.2,1,x*y*z,2,0.0,0.0
lorenz63,edmd_poly3,16,0.2,1,x*z*z,0,0.0,0.0
lorenz63,edmd_poly3,16,0.2,1,x*z*z,1,0.0,0.0
lorenz63,edmd_poly3,16,0.2,1,x*z*z,2,0.0,0.0
lorenz63,edmd_poly3,16,0.2,1,y*y*y,0,0.0,0.0
lorenz63,edmd_poly3,16,0.2,1,y*y*y,1,0.0,0.0
lorenz63,edmd_poly3,16,0.2,1,y*y*y,2,0.0,0.0
lorenz63,edmd_poly3,16,0.2,1,y*y*z,0,0.0,0.0
lorenz63,edmd_poly3,16,0.2,1,y*y*z,1,0.0,0.0
lorenz63,edmd_poly3,16,0.2,1,y*y*z,2,0.0,0.0
lorenz63,edmd_poly3,16,0.2,1,y*z*z,0,0.0,0.0
lorenz63,edmd_poly3,16,0.2,1,y*z*z,1,0.0,0.0
lorenz63,edmd_poly3,16,0.2,1,y*z*z,2,0.0,0.0
lorenz63,edmd_poly3,16,0.2,1,z*z*z,0,0.0,0.0
lorenz63,edmd_poly3,16,0.2,1,z*z*z,1,0.0,0.0
lorenz63,edmd_poly3,16,0.2,1,z*z*z,2,0.0,0.0
lorenz63,tv_diff,16,0.2,1,1,0,0.0,0.0
lorenz63,tv_diff,16,0.2,1,1,1,1.8649555353754097,0.0
lorenz63,tv_diff,16,0.2,1,1,2,9.294008366340698,0.0
lorenz63,tv_diff,16,0.2,1,x,0,-7.362785526163847,-10.0
lorenz63,tv_diff,16,0.2,1,x,1,12.482821067294184,28.0
lorenz63,tv_diff,16,0.2,1,x,2,0.7750010405402681,0.0
lorenz63,tv_diff,16,0.2,1,y,0,7.484710940336594,10.0
lorenz63,tv_diff,16,0.2,1,y,1,2.2807311219221704,-1.0
lorenz63,tv_diff,16,0.2,1,y,2,-0.5067399831239149,0.0
lorenz63,tv_diff,16,0.2,1,z,0,0.0,0.0
lorenz63,tv_diff,16,0.2,1,z,1,0.0,0.0
lorenz63,tv_diff,16,0.2,1,z,2,-3.0222330357031284,-2.6666666666666665
lorenz63,tv_diff,16,0.2,1,x*x,0,0.0,0.0
lorenz63,tv_diff,16,0.2,1,x*x,1,0.0,0.0
lorenz63,tv_diff,16,0.2,1,x*x,2,0.4200815274237067,0.0
lorenz63,tv_diff,16,0.2,1,x*y,0,0.0,0.0
lorenz63,tv_diff,16,0.2,1,x*y,1,0.0,0.0
lorenz63,tv_diff,16,0.2,1,x*y,2,0.0,1.0
lorenz63,tv_diff,16,0.2,1,x*z,0,0.0,0.0
lorenz63,tv_diff,16,0.2,1,x*z,1,-0.5631993364303881,-1.0
lorenz63,tv_diff,16,0.2,1,x*z,2,0.0,0.0
lorenz63,tv_diff,16,0.2,1,y*y,0,0.0,0.0
lorenz63,tv_diff,16,0.2,1,y*y,1,0.0,0.0
lorenz63,tv_diff,16,0.2,1,y*y,2,0.4033271037252812,0.0
lorenz63,tv_diff,16,0.2,1,y*z,0,0.0,0.0
lorenz63,tv_diff,16,0.2,1,y*z,1,0.0,0.0
lorenz63,tv_diff,16,0.2,1,y*z,2,0.0,0.0
lorenz63,tv_diff,16,0.2,1,z*z,0,0.0,0.0
lorenz63,tv_diff,16,0.2,1,z*z,1,0.0,0.0
lorenz63,tv_diff,16,0.2,1,z*z,2,0.0,0.0
lorenz63,tv_diff,16,0.2,1,x*x*x,0,0.0,0.0
lorenz63,tv_diff,16,0.2,1,x*x*x,1,0.0,0.0
lorenz63,tv_diff,16,0.2,1,x*x*x,2,0.0,0.0
lorenz63,tv_diff,16,0.2,1,x*x*y,0,0.0,0.0
lorenz63,tv_diff,16,0.2,1,x*x*y,1,0.0,0.0
lorenz63,tv_diff,16,0.2,1,x*x*y,2,0.0,0.0
lorenz63,tv_diff,16,0.2,1,x*x*z,0,0.0,0.0
lorenz63,tv_diff,16,0.2,1,x*x*z,1,0.0,0.0
lorenz63,tv_diff,16,0.2,1,x*x*z,2,0.0,0.0
lorenz63,tv_diff,16,0.2,1,x*y*y,0,0.0,0.0
lorenz63,tv_diff,16,0.2,1,x*y*y,1,0.0,0.0
lorenz63,tv_diff,16,0.2,1,x*y*y,2,0.0,0.0
lorenz63,tv_diff,16,0.2,1,x*y*z,0,0.0,0.0
lorenz63,tv_diff,16,0.2,1,x*y*z,1,0.0,0.0
lorenz63,tv_diff,16,0.2,1,x*y*z,2,0.0,0.0
lorenz63,tv_diff,16,0.2,1,x*z*z,0,0.0,0.0
lorenz63,tv_diff,16,0.2,1,x*z*z,1,0.0,0.0
lorenz63,tv_diff,16,0.2,1,x*z*z,2,0.0,0.0
lorenz63,tv_diff,16,0.2,1,y*y*y,0,0.0,0.0
lorenz63,tv_diff,16,0.2,1,y*y*y,1,0.0,0.0
lorenz63,tv_diff,16,0.2,1,y*y*y,2,0.0,0.0
lorenz63,tv_diff,16,0.2,1,y*y*z,0,0.0,0.0
lorenz63,tv_diff,16,0.2,1,y*y*z,1,0.0,0.0
lorenz63,tv_diff,16,0.2,1,y*y*z,2,0.0,0.0
lorenz63,tv_diff,16,0.2,1,y*z*z,0,0.0,0.0
lorenz63,tv_diff,16,0.2,1,y*z*z,1,0.0,0.0
lorenz63,tv_diff,16,0.2,1,y*z*z,2,0.0,0.0
lorenz63,tv_diff,16,0.2,1,z*z*z,0,0.0,0.0
lorenz63,tv_diff,16,0.2,1,z*z*z,1,0.0,0.0
lorenz63,tv_diff,16,0.2,1,z*z*z,2,0.0,0.0
lorenz63,baseline,16,0.2,2,1,0,0.0,0.0
lorenz63,baseline,16,0.2,2,1,1,12.202654311544501,0.0
lorenz63,baseline,16,0.2,2,1,2,4.178529030325345,0.0
lorenz63,baseline,16,0.2,2,x,0,-6.873734436503683,-10.0
lorenz63,baseline,16,0.2,2,x,1,14.776661996093944,28.0
lorenz63,baseline,16,0.2,2,x,2,0.0,0.0
lorenz63,baseline,16,0.2,2,y,0,7.0077780722584615,10.0
lorenz63,baseline,16,0.2,2,y,1,1.8290443260172615,-1.0
lorenz63,baseline,16,0.2,2,y,2,0.0,0.0
lorenz63,baseline,16,0.2,2,z,0,0.0,0.0
lorenz63,baseline,16,0.2,2,z,1,-0.42375323037633733,0.0
lorenz63,baseline,16,0.2,2,z,2,-2.274206097289646,-2.6666666666666665
lorenz63,baseline,16,0.2,2,x*x,0,0.0,0.0
lorenz63,baseline,16,0.2,2,x*x,1,0.0,0.0
lorenz63,baseline,16,0.2,2,x*x,2,0.0,0.0
lorenz63,baseline,16,0.2,2,x*y,0,0.0,0.0
lorenz63,baseline,16,0.2,2,x*y,1,0.0,0.0
lorenz63,baseline,16,0.2,2,x*y,2,0.77906409667706,1.0
lorenz63,baseline,16,0.2,2,x*z,0,0.0,0.0
lorenz63,baseline,16,0.2,2,x*z,1,-0.6424816002006686,-1.0
lorenz63,baseline,16,0.2,2,x*z,2,0.0,0.0
lorenz63,baseline,16,0.2,2,y*y,0,0.0,0.0
lorenz63,baseline,16,0.2,2,y*y,1,0.0,0.0
lorenz63,baseline,16,0.2,2,y*y,2,0.0,0.0
lorenz63,baseline,16,0.2,2,y*z,0,0.0,0.0
lorenz63,baseline,16,0.2,2,y*z,1,0.0,0.0
lorenz63,baseline,16,0.2,2,y*z,2,0.0,0.0
lorenz63,baseline,16,0.2,2,z*z,0,0.0,0.0
lorenz63,baseline,16,0.2,2,z*z,1,0.0,0.0
lorenz63,baseline,16,0.2,2,z*z,2,0.0,0.0
lorenz63,baseline,16,0.2,2,x*x*x,0,0.0,0.0
lorenz63,baseline,16,0.2,2,x*x*x,1,0.0,0.0
lorenz63,baseline,16,0.2,2,x*x*x,2,0.0,0.0
lorenz63,baseline,16,0.2,2,x*x*y,0,0.0,0.0
lorenz63,baseline,16,0.2,2,x*x*y,1,0.0,0.0
lorenz63,baseline,16,0.2,2,x*x*y,2,0.0,0.0
lorenz63,baseline,16,0.2,2,x*x*z,0,0.0,0.0
lorenz63,baseline,16,0.2,2,x*x*z,1,0.0,0.0
lorenz63,baseline,16,0.2,2,x*x*z,2,0.0,0.0
lorenz63,baseline,16,0.2,2,x*y*y,0,0.0,0.0
lorenz63,baseline,16,0.2,2,x*y*y,1,0.0,0.0
lorenz63,baseline,16,0.2,2,x*y*y,2,0.0,0.0
lorenz63,baseline,16,0.2,2,x*y*z,0,0.0,0.0
lorenz63,baseline,16,0.2,2,x*y*z,1,0.0,0.0
lorenz63,baseline,16,0.2,2,x*y*z,2,0.0,0.0
lorenz63,baseline,16,0.2,2,x*z*z,0,0.0,0.0
lorenz63,baseline,16,0.2,2,x*z*z,1,0.0,0.0
lorenz63,baseline,16,0.2,2,x*z*z,2,0.0,0.0
lorenz63,baseline,16,0.2,2,y*y*y,0,0.0,0.0
lorenz63,baseline,16,0.2,2,y*y*y,1,0.0,0.0
lorenz63,baseline,16,0.2,2,y*y*y,2,0.0,0.0
lorenz63,baseline,16,0.2,2,y*y*z,0,0.0,0.0
lorenz63,baseline,16,0.2,2,y*y*z,1,0.0,0.0
lorenz63,baseline,16,0.2,2,y*y*z,2,0.0,0.0
lorenz63,baseline,16,0.2,2,y*z*z,0,0.0,0.0
lorenz63,baseline,16,0.2,2,y*z*z,1,0.0,0.0
lorenz63,baseline,16,0.2,2,y*z*z,2,0.0,0.0
lorenz63,baseline,16,0.2,2,z*z*z,0,0.0,0.0
lorenz63,baseline,16,0.2,2,z*z*z,1,0.0,0.0
lorenz63,baseline,16,0.2,2,z*z*z,2,0.0,0.0
lorenz63,edmd_poly3,16,0.2,2,1,0,10.430438117390077,0.0
lorenz63,edmd_poly3,16,0.2,2,1,1,12.803951659130954,0.0
lorenz63,edmd_poly3,16,0.2,2,1,2,-10.844515549402178,0.0
lorenz63,edmd_poly3,16,0.2,2,x,0,-3.524579593703325,-10.0
lorenz63,edmd_poly3,16,0.2,2,x,1,17.876992050092397,28.0
lorenz63,edmd_poly3,16,0.2,2,x,2,-8.105255629250593,0.0
lorenz63,edmd_poly3,16,0.2,2,y,0,7.497988034996308,10.0
lorenz63,edmd_poly3,16,0.2,2,y,1,4.760608275932086,-1.0
lorenz63,edmd_poly3,16,0.2,2,y,2,5.341333654980505,0.0
lorenz63,edmd_poly3,16,0.2,2,z,0,-0.6631057612010824,0.0
lorenz63,edmd_poly3,16,0.2,2,z,1,-0.6167634032953798,0.0
lorenz63,edmd_poly3,16,0.2,2,z,2,-1.796851849060125,-2.6666666666666665
lorenz63,edmd_poly3,16,0.2,2,x*x,0,0.22240243150916877,0.0
lorenz63,edmd_poly3,16,0.2,2,x*x,1,0.2152282356816119,0.0
lorenz63,edmd_poly3,16,0.2,2,x*x,2,-0.2631760596896172,0.0
lorenz63,edmd_poly3,16,0.2,2,x*y,0,-0.2993357718022043,0.0
lorenz63,edmd_poly3,16,0.2,2,x*y,1,-0.5109772457624492,0.0
lorenz63,edmd_poly3,16,0.2,2,x*y,2,1.134871931542132,1.0
lorenz63,edmd_poly3,16,0.2,2,x*z,0,-0.12921308906558912,0.0
lorenz63,edmd_poly3,16,0.2,2,x*z,1,-0.7119409956738539,-1.0
lorenz63,edmd_poly3,16,0.2,2,x*z,2,0.23677259421812455,0.0
lorenz63,edmd_poly3,16,0.2,2,y*y,0,0.11146917041111103,0.0
lorenz63,edmd_poly3,16,0.2,2,y*y,1,0.26522613852441207,0.0
lorenz63,edmd_poly3,16,0.2,2,y*y,2,0.0,0.0
lorenz63,edmd_poly3,16,0.2,2,y*z,0,0.0,0.0
lorenz63,edmd_poly3,16,0.2,2,y*z,1,-0.15449524087315403,0.0
lorenz63,edmd_poly3,16,0.2,2,y*z,2,-0.17012075691944337,0.0
lorenz63,edmd_poly3,16,0.2,2,z*z,0,0.0,0.0
lorenz63,edmd_poly3,16,0.2,2,z*z,1,0.0,0.0
lorenz63,edmd_poly3,16,0.2,2,z*z,2,0.0,0.0
lorenz63,edmd_poly3,16,0.2,2,x*x*x,0,0.0,0.0
lorenz63,edmd_poly3,16,0.2,2,x*x*x,1,0.0,0.0
lorenz63,edmd_poly3,16,0.2,2,x*x*x,2,0.0,0.0
lorenz63,edmd_poly3,16,0.2,2,x*x*y,0,0.0,0.0
lorenz63,edmd_poly3,16,0.2,2,x*x*y,1,0.0,0.0
lorenz63,edmd_poly3,16,0.2,2,x*x*y,2,0.0,0.0
lorenz63,edmd_poly3,16,0.2,2,x*x*z,0,0.0,0.0
lorenz63,edmd_poly3,16,0.2,2,x*x*z,1,0.0,0.0
lorenz63,edmd_poly3,16,0.2,2,x*x*z,2,0.0,0.0
lorenz63,edmd_poly3,16,0.2,2,x*y*y,0,0.0,0.0
lorenz63,edmd_poly3,16,0.2,2,x*y*y,1,0.0,0.0
lorenz63,edmd_poly3,16,0.2,2,x*y*y,2,0.0,0.0
lorenz63,edmd_poly3,16,0.2,2,x*y*z,0,0.0,0.0
lorenz63,edmd_poly3,16,0.2,2,x*y*z,1,0.0,0.0
lorenz63,edmd_poly3,16,0.2,2,x*y*z,2,0.0,0.0
lorenz63,edmd_poly3,16,0.2,2,x*z*z,0,0.0,0.0
lorenz63,edmd_poly3,16,0.2,2,x*z*z,1,0.0,0.0
lorenz63,edmd_poly3,16,0.2,2,x*z*z,2,0.0,0.0
lorenz63,edmd_poly3,16,0.2,2,y*y*y,0,0.0,0.0
lorenz63,edmd_poly3,16,0.2,2,y*y*y,1,0.0,0.0
lorenz63,edmd_poly3,16,0.2,2,y*y*y,2,0.0,0.0
lorenz63,edmd_poly3,16,0.2,2,y*y*z,0,0.0,0.0
lorenz63,edmd_poly3,16,0.2,2,y*y*z,1,0.0,0.0
lorenz63,edmd_poly3,16,0.2,2,y*y*z,2,0.0,0.0
lorenz63,edmd_poly3,16,0.2,2,y*z*z,0,0.0,0.0
lorenz63,edmd_poly3,16,0.2,2,y*z*z,1,0.0,0.0
lorenz63,edmd_poly3,16,0.2,2,y*z*z,2,0.0,0.0
lorenz63,edmd_poly3,16,0.2,2,z*z*z,0,0.0,0.0
lorenz63,edmd_poly3,16,0.2,2,z*z*z,1,0.0,0.0
lorenz63,edmd_poly3,16,0.2,2,z*z*z,2,0.0,0.0
lorenz63,tv_diff,16,0.2,2,1,0,0.0,0.0
lorenz63,tv_diff,16,0.2,2,1,1,12.200355583484068,0.0
lorenz63,tv_diff,16,0.2,2,1,2,4.179393318738148,0.0
lorenz63,tv_diff,16,0.2,2,x,0,-6.8765258524728585,-10.0
lorenz63,tv_diff,16,0.2,2,x,1,14.776892687131328,28.0
lorenz63,tv_diff,16,0.2,2,x,2,0.0,0.0
lorenz63,tv_diff,16,0.2,2,y,0,7.010218274625294,10.0
lorenz63,tv_diff,16,0.2,2,y,1,1.8293335294728905,-1.0
lorenz63,tv_diff,16,0.2,2,y,2,0.0,0.0
lorenz63,tv_diff,16,0.2,2,z,0,0.0,0.0
lorenz63,tv_diff,16,0.2,2,z,1,-0.42365731705975607,0.0
lorenz63,tv_diff,16,0.2,2,z,2,-2.2744485568997197,-2.6666666666666665
lorenz63,tv_diff,16,0.2,2,x*x,0,0.0,0.0
lorenz63,tv_diff,16,0.2,2,x*x,1,0.0,0.0
lorenz63,tv_diff,16,0.2,2,x*x,2,0.0,0.0
lorenz63,tv_diff,16,0.2,2,x*y,0,0.0,0.0
lorenz63,tv_diff,16,0.2,2,x*y,1,0.0,0.0
lorenz63,tv_diff,16,0.2,2,x*y,2,0.7791633209120942,1.0
lorenz63,tv_diff,16,0.2,2,x*z,0,0.0,0.0
lorenz63,tv_diff,16,0.2,2,x*z,1,-0.6425058413963713,-1.0
lorenz63,tv_diff,16,0.2,2,x*z,2,0.0,0.0
lorenz63,tv_diff,16,0.2,2,y*y,0,0.0,0.0
lorenz63,tv_diff,16,0.2,2,y*y,1,0.0,0.0
lorenz63,tv_diff,16,0.2,2,y*y,2,0.0,0.0
lorenz63,tv_diff,16,0.2,2,y*z,0,0.0,0.0
lorenz63,tv_diff,16,0.2,2,y*z,1,0.0,0.0
lorenz63,tv_diff,16,0.2,2,y*z,2,0.0,0.0
lorenz63,tv_diff,16,0.2,2,z*z,0,0.0,0.0
lorenz63,tv_diff,16,0.2,2,z*z,1,0.0,0.0
lorenz63,tv_diff,16,0.2,2,z*z,2,0.0,0.0
lorenz63,tv_diff,16,0.2,2,x*x*x,0,0.0,0.0
lorenz63,tv_diff,16,0.2,2,x*x*x,1,0.0,0.0
lorenz63,tv_diff,16,0.2,2,x*x*x,2,0.0,0.0
lorenz63,tv_diff,16,0.2,2,x*x*y,0,0.0,0.0
lorenz63,tv_diff,16,0.2,2,x*x*y,1,0.0,0.0
lorenz63,tv_diff,16,0.2,2,x*x*y,2,0.0,0.0
lorenz63,tv_diff,16,0.2,2,x*x*z,0,0.0,0.0
lorenz63,tv_diff,16,0.2,2,x*x*z,1,0.0,0.0
lorenz63,tv_diff,16,0.2,2,x*x*z,2,0.0,0.0
lorenz63,tv_diff,16,0.2,2,x*y*y,0,0.0,0.0
lorenz63,tv_diff,16,0.2,2,x*y*y,1,0.0,0.0
lorenz63,tv_diff,16,0.2,2,x*y*y,2,0.0,0.0
lorenz63,tv_diff,16,0.2,2,x*y*z,0,0.0,0.0
lorenz63,tv_diff,16,0.2,2,x*y*z,1,0.0,0.0
lorenz63,tv_diff,16,0.2,2,x*y*z,2,0.0,0.0
lorenz63,tv_diff,16,0.2,2,x*z*z,0,0.0,0.0
lorenz63,tv_diff,16,0.2,2,x*z*z,1,0.0,0.0
lorenz63,tv_diff,16,0.2,2,x*z*z,2,0.0,0.0
lorenz63,tv_diff,16,0.2,2,y*y*y,0,0.0,0.0
lorenz63,tv_diff,16,0.2,2,y*y*y,1,0.0,0.0
lorenz63,tv_diff,16,0.2,2,y*y*y,2,0.0,0.0
lorenz63,tv_diff,16,0.2,2,y*y*z,0,0.0,0.0
lorenz63,tv_diff,16,0.2,2,y*y*z,1,0.0,0.0
lorenz63,tv_diff,16,0.2,2,y*y*z,2,0.0,0.0
lorenz63,tv_diff,16,0.2,2,y*z*z,0,0.0,0.0
lorenz63,tv_diff,16,0.2,2,y*z*z,1,0.0,0.0
lorenz63,tv_diff,16,0.2,2,y*z*z,2,0.0,0.0
lorenz63,tv_diff,16,0.2,2,z*z*z,0,0.0,0.0
lorenz63,tv_diff,16,0.2,2,z*z*z,1,0.0,0.0
lorenz63,tv_diff,16,0.2,2,z*z*z,2,0.0,0.0
lorenz63,baseline,16,0.2,0,1,0,0.0,0.0
lorenz63,baseline,16,0.2,0,1,1,5.6813911750267385,0.0
lorenz63,baseline,16,0.2,0,1,2,0.0,0.0
lorenz63,baseline,16,0.2,0,x,0,-7.091755230033013,-10.0
lorenz63,baseline,16,0.2,0,x,1,-9.809887465155926,28.0
lorenz63,baseline,16,0.2,0,x,2,0.0,0.0
lorenz63,baseline,16,0.2,0,y,0,6.938889495989018,10.0
lorenz63,baseline,16,0.2,0,y,1,6.869665205869636,-1.0
lorenz63,baseline,16,0.2,0,y,2,0.0,0.0
lorenz63,baseline,16,0.2,0,z,0,0.0,0.0
lorenz63,baseline,16,0.2,0,z,1,0.0,0.0
lorenz63,baseline,16,0.2,0,z,2,0.0,-2.6666666666666665
lorenz63,baseline,16,0.2,0,x*x,0,0.0,0.0
lorenz63,baseline,16,0.2,0,x*x,1,0.0,0.0
lorenz63,baseline,16,0.2,0,x*x,2,0.0,0.0
lorenz63,baseline,16,0.2,0,x*y,0,0.0,0.0
lorenz63,baseline,16,0.2,0,x*y,1,0.0,0.0
lorenz63,baseline,16,0.2,0,x*y,2,0.0,1.0
lorenz63,baseline,16,0.2,0,x*z,0,0.0,0.0
lorenz63,baseline,16,0.2,0,x*z,1,0.0,-1.0
lorenz63,baseline,16,0.2,0,x*z,2,0.0,0.0
lorenz63,baseline,16,0.2,0,y*y,0,0.0,0.0
lorenz63,baseline,16,0.2,0,y*y,1,0.0,0.0
lorenz63,baseline,16,0.2,0,y*y,2,0.0,0.0
lorenz63,baseline,16,0.2,0,y*z,0,0.0,0.0
lorenz63,baseline,16,0.2,0,y*z,1,0.0,0.0
lorenz63,baseline,16,0.2,0,y*z,2,0.0,0.0
lorenz63,baseline,16,0.2,0,z*z,0,0.0,0.0
lorenz63,baseline,16,0.2,0,z*z,1,0.0,0.0
lorenz63,baseline,16,0.2,0,z*z,2,0.0,0.0
lorenz63,baseline,16,0.2,0,x*x*x,0,0.0,0.0
lorenz63,baseline,16,0.2,0,x*x*x,1,0.0,0.0
lorenz63,baseline,16,0.2,0,x*x*x,2,0.0,0.0
lorenz63,baseline,16,0.2,0,x*x*y,0,0.0,0.0
lorenz63,baseline,16,0.2,0,x*x*y,1,0.0,0.0
lorenz63,baseline,16,0.2,0,x*x*y,2,0.0,0.0
lorenz63,baseline,16,0.2,0,x*x*z,0,0.0,0.0
lorenz63,baseline,16,0.2,0,x*x*z,1,0.0,0.0
lorenz63,baseline,16,0.2,0,x*x*z,2,0.0,0.0
lorenz63,baseline,16,0.2,0,x*y*y,0,0.0,0.0
lorenz63,baseline,16,0.2,0,x*y*y,1,0.0,0.0
lorenz63,baseline,16,0.2,0,x*y*y,2,0.0,0.0
lorenz63,baseline,16,0.2,0,x*y*z,0,0.0,0.0
lorenz63,baseline,16,0.2,0,x*y*z,1,0.0,0.0
lorenz63,baseline,16,0.2,0,x*y*z,2,0.0,0.0
lorenz63,baseline,16,0.2,0,x*z*z,0,0.0,0.0
lorenz63,baseline,16,0.2,0,x*z*z,1,0.0,0.0
lorenz63,baseline,16,0.2,0,x*z*z,2,0.0,0.0
lorenz63,baseline,16,0.2,0,y*y*y,0,0.0,0.0
lorenz63,baseline,16,0.2,0,y*y*y,1,0.0,0.0
lorenz63,baseline,16,0.2,0,y*y*y,2,0.0,0.0
lorenz63,baseline,16,0.2,0,y*y*z,0,0.0,0.0
lorenz63,baseline,16,0.2,0,y*y*z,1,0.0,0.0
lorenz63,baseline,16,0.2,0,y*y*z,2,0.0,0.0
lorenz63,baseline,16,0.2,0,y*z*z,0,0.0,0.0
lorenz63,baseline,16,0.2,0,y*z*z,1,0.0,0.0
lorenz63,baseline,16,0.2,0,y*z*z,2,0.0,0.0
lorenz63,baseline,16,0.2,0,z*z*z,0,0.0,0.0
lorenz63,baseline,16,0.2,0,z*z*z,1,0.0,0.0
lorenz63,baseline,16,0.2,0,z*z*z,2,0.0,0.0
lorenz63,edmd_poly3,16,0.2,0,1,0,0.7055143748278961,0.0
lorenz63,edmd_poly3,16,0.2,0,1,1,-1.6271776689312072,0.0
lorenz63,edmd_poly3,16,0.2,0,1,2,-5.579167734229018,0.0
lorenz63,edmd_poly3,16,0.2,0,x,0,13.046235700945344,-10.0
lorenz63,edmd_poly3,16,0.2,0,x,1,23.637916942677045,28.0
lorenz63,edmd_poly3,16,0.2,0,x,2,1.058863011241859,0.0
lorenz63,edmd_poly3,16,0.2,0,y,0,-1.6204632659841345,10.0
lorenz63,edmd_poly3,16,0.2,0,y,1,1.5613735203397558,-1.0
lorenz63,edmd_poly3,16,0.2,0,y,2,-1.275813561213251,0.0
lorenz63,edmd_poly3,16,0.2,0,z,0,0.0,0.0
lorenz63,edmd_poly3,16,0.2,0,z,1,0.0,0.0
lorenz63,edmd_poly3,16,0.2,0,z,2,-1.4975535526905641,-2.6666666666666665
lorenz63,edmd_poly3,16,0.2,0,x*x,0,0.0,0.0
lorenz63,edmd_poly3,16,0.2,0,x*x,1,0.0,0.0
lorenz63,edmd_poly3,16,0.2,0,x*x,2,0.570063702939007,0.0
lorenz63,edmd_poly3,16,0.2,0,x*y,0,-0.07364580746289827,0.0
lorenz63,edmd_poly3,16,0.2,0,x*y,1,0.0,0.0
lorenz63,edmd_poly3,16,0.2,0,x*y,2,0.4320989188925444,1.0
lorenz63,edmd_poly3,16,0.2,0,x*z,0,-0.9151683653154186,0.0
lorenz63,edmd_poly3,16,0.2,0,x*z,1,-0.88236771409715,-1.0
lorenz63,edmd_poly3,16,0.2,0,x*z,2,0.0,0.0
lorenz63,edmd_poly3,16,0.2,0,y*y,0,0.034049875158167486,0.0
lorenz63,edmd_poly3,16,0.2,0,y*y,1,0.0,0.0
lorenz63,edmd_poly3,16,0.2,0,y*y,2,0.14735128654352864,0.0
lorenz63,edmd_poly3,16,0.2,0,y*z,0,0.40336853600610445,0.0
lorenz63,edmd_poly3,16,0.2,0,y*z,1,-0.0653426843607298,0.0
lorenz63,edmd_poly3,16,0.2,0,y*z,2,0.0,0.0
lorenz63,edmd_poly3,16,0.2,0,z*z,0,0.0,0.0
lorenz63,edmd_poly3,16,0.2,0,z*z,1,0.0,0.0
lorenz63,edmd_poly3,16,0.2,0,z*z,2,-0.05288703894961152,0.0
lorenz63,edmd_poly3,16,0.2,0,x*x*x,0,0.1252185442671105,0.0
lorenz63,edmd_poly3,16,0.2,0,x*x*x,1,0.0,0.0
lorenz63,edmd_poly3,16,0.2,0,x*x*x,2,0.0,0.0
lorenz63,edmd_poly3,16,0.2,0,x*x*y,0,-0.1359794336046669,0.0
lorenz63,edmd_poly3,16,0.2,0,x*x*y,1,0.0,0.0
lorenz63,edmd_poly3,16,0.2,0,x*x*y,2,0.0,0.0
lorenz63,edmd_poly3,16,0.2,0,x*x*z,0,0.0,0.0
lorenz63,edmd_poly3,16,0.2,0,x*x*z,1,0.0,0.0
lorenz63,edmd_poly3,16,0.2,0,x*x*z,2,0.0,0.0
lorenz63,edmd_poly3,16,0.2,0,x*y*y,0,0.03921900361996092,0.0
lorenz63,edmd_poly3,16,0.2,0,x*y*y,1,0.0,0.0
lorenz63,edmd_poly3,16,0.2,0,x*y*y,2,0.0,0.0
lorenz63,edmd_poly3,16,0.2,0,x*y*z,0,0.0,0.0
lorenz63,edmd_poly3,16,0.2,0,x*y*z,1,0.0,0.0
lorenz63,edmd_poly3,16,0.2,0,x*y*z,2,0.0,0.0
lorenz63,edmd_poly3,16,0.2,0,x*z*z,0,0.0,0.0
lorenz63,edmd_poly3,16,0.2,0,x*z*z,1,0.0,0.0
lorenz63,edmd_poly3,16,0.2,0,x*z*z,2,0.0,0.0
lorenz63,edmd_poly3,16,0.2,0,y*y*y,0,0.0,0.0
lorenz63,edmd_poly3,16,0.2,0,y*y*y,1,0.0,0.0
lorenz63,edmd_poly3,16,0.2,0,y*y*y,2,0.0,0.0
lorenz63,edmd_poly3,16,0.2,0,y*y*z,0,0.0,0.0
lorenz63,edmd_poly3,16,0.2,0,y*y*z,1,0.0,0.0
lorenz63,edmd_poly3,16,0.2,0,y*y*z,2,0.0,0.0
lorenz63,edmd_poly3,16,0.2,0,y*z*z,0,0.0,0.0
lorenz63,edmd_poly3,16,0.2,0,y*z*z,1,0.0,0.0
lorenz63,edmd_poly3,16,0.2,0,y*z*z,2,0.0,0.0
lorenz63,edmd_poly3,16,0.2,0,z*z*z,0,0.0,0.0
lorenz63,edmd_poly3,16,0.2,0,z*z*z,1,0.0,0.0
lorenz63,edmd_poly3,16,0.2,0,z*z*z,2,0.0,0.0
lorenz63,tv_diff,16,0.2,0,1,0,0.0,0.0
lorenz63,tv_diff,16,0.2,0,1,1,5.681637423524532,0.0
lorenz63,tv_diff,16,0.2,0,1,2,0.0,0.0
lorenz63,tv_diff,16,0.2,0,x,0,-7.094322566619984,-10.0
lorenz63,tv_diff,16,0.2,0,x,1,-9.812605912616867,28.0
lorenz63,tv_diff,16,0.2,0,x,2,0.0,0.0
lorenz63,tv_diff,16,0.2,0,y,0,6.940999027133469,10.0
lorenz63,tv_diff,16,0.2,0,y,1,6.872102642961387,-1.0
lorenz63,tv_diff,16,0.2,0,y,2,0.0,0.0
lorenz63,tv_diff,16,0.2,0,z,0,0.0,0.0
lorenz63,tv_diff,16,0.2,0,z,1,0.0,0.0
lorenz63,tv_diff,16,0.2,0,z,2,0.0,-2.6666666666666665
lorenz63,tv_diff,16,0.2,0,x*x,0,0.0,0.0
lorenz63,tv_diff,16,0.2,0,x*x,1,0.0,0.0
lorenz63,tv_diff,16,0.2,0,x*x,2,0.0,0.0
lorenz63,tv_diff,16,0.2,0,x*y,0,0.0,0.0
lorenz63,tv_diff,16,0.2,0,x*y,1,0.0,0.0
lorenz63,tv_diff,16,0.2,0,x*y,2,0.0,1.0
lorenz63,tv_diff,16,0.2,0,x*z,0,0.0,0.0
lorenz63,tv_diff,16,0.2,0,x*z,1,0.0,-1.0
lorenz63,tv_diff,16,0.2,0,x*z,2,0.0,0.0
lorenz63,tv_diff,16,0.2,0,y*y,0,0.0,0.0
lorenz63,tv_diff,16,0.2,0,y*y,1,0.0,0.0
lorenz63,tv_diff,16,0.2,0,y*y,2,0.0,0.0
lorenz63,tv_diff,16,0.2,0,y*z,0,0.0,0.0
lorenz63,tv_diff,16,0.2,0,y*z,1,0.0,0.0
lorenz63,tv_diff,16,0.2,0,y*z,2,0.0,0.0
lorenz63,tv_diff,16,0.2,0,z*z,0,0.0,0.0
lorenz63,tv_diff,16,0.2,0,z*z,1,0.0,0.0
lorenz63,tv_diff,16,0.2,0,z*z,2,0.0,0.0
lorenz63,tv_diff,16,0.2,0,x*x*x,0,0.0,0.0
lorenz63,tv_diff,16,0.2,0,x*x*x,1,0.0,0.0
lorenz63,tv_diff,16,0.2,0,x*x*x,2,0.0,0.0
lorenz63,tv_diff,16,0.2,0,x*x*y,0,0.0,0.0
lorenz63,tv_diff,16,0.2,0,x*x*y,1,0.0,0.0
lorenz63,tv_diff,16,0.2,0,x*x*y,2,0.0,0.0
lorenz63,tv_diff,16,0.2,0,x*x*z,0,0.0,0.0
lorenz63,tv_diff,16,0.2,0,x*x*z,1,0.0,0.0
lorenz63,tv_diff,16,0.2,0,x*x*z,2,0.0,0.0
lorenz63,tv_diff,16,0.2,0,x*y*y,0,0.0,0.0
lorenz63,tv_diff,16,0.2,0,x*y*y,1,0.0,0.0
lorenz63,tv_diff,16,0.2,0,x*y*y,2,0.0,0.0
lorenz63,tv_diff,16,0.2,0,x*y*z,0,0.0,0.0
lorenz63,tv_diff,16,0.2,0,x*y*z,1,0.0,0.0
lorenz63,tv_diff,16,0.2,0,x*y*z,2,0.0,0.0
lorenz63,tv_diff,16,0.2,0,x*z*z,0,0.0,0.0
lorenz63,tv_diff,16,0.2,0,x*z*z,1,0.0,0.0
lorenz63,tv_diff,16,0.2,0,x*z*z,2,0.0,0.0
lorenz63,tv_diff,16,0.2,0,y*y*y,0,0.0,0.0
lorenz63,tv_diff,16,0.2,0,y*y*y,1,0.0,0.0
lorenz63,tv_diff,16,0.2,0,y*y*y,2,0.0,0.0
lorenz63,tv_diff,16,0.2,0,y*y*z,0,0.0,0.0
lorenz63,tv_diff,16,0.2,0,y*y*z,1,0.0,0.0
lorenz63,tv_diff,16,0.2,0,y*y*z,2,0.0,0.0
lorenz63,tv_diff,16,0.2,0,y*z*z,0,0.0,0.0
lorenz63,tv_diff,16,0.2,0,y*z*z,1,0.0,0.0
lorenz63,tv_diff,16,0.2,0,y*z*z,2,0.0,0.0
lorenz63,tv_diff,16,0.2,0,z*z*z,0,0.0,0.0
lorenz63,tv_diff,16,0.2,0,z*z*z,1,0.0,0.0
lorenz63,tv_diff,16,0.2,0,z*z*z,2,0.0,0.0
lorenz63,baseline,16,0.2,3,1,0,0.0,0.0
lorenz63,baseline,16,0.2,3,1,1,6.665658789270307,0.0
lorenz63,baseline,16,0.2,3,1,2,-3.219481592304118,0.0
lorenz63,baseline,16,0.2,3,x,0,-6.9115208121173035,-10.0
lorenz63,baseline,16,0.2,3,x,1,-9.517735031593793,28.0
lorenz63,baseline,16,0.2,3,x,2,-1.0986187673383898,0.0
lorenz63,baseline,16,0.2,3,y,0,7.097692975802471,10.0
lorenz63,baseline,16,0.2,3,y,1,6.720090903279932,-1.0
lorenz63,baseline,16,0.2,3,y,2,1.9501020850248643,0.0
lorenz63,baseline,16,0.2,3,z,0,0.0,0.0
lorenz63,baseline,16,0.2,3,z,1,0.0,0.0
lorenz63,baseline,16,0.2,3,z,2,0.0,-2.6666666666666665
lorenz63,baseline,16,0.2,3,x*x,0,0.0,0.0
lorenz63,baseline,16,0.2,3,x*x,1,0.0,0.0
lorenz63,baseline,16,0.2,3,x*x,2,0.0,0.0
lorenz63,baseline,16,0.2,3,x*y,0,0.0,0.0
lorenz63,baseline,16,0.2,3,x*y,1,0.0,0.0
lorenz63,baseline,16,0.2,3,x*y,2,0.0,1.0
lorenz63,baseline,16,0.2,3,x*z,0,0.0,0.0
lorenz63,baseline,16,0.2,3,x*z,1,0.0,-1.0
lorenz63,baseline,16,0.2,3,x*z,2,0.0,0.0
lorenz63,baseline,16,0.2,3,y*y,0,0.0,0.0
lorenz63,baseline,16,0.2,3,y*y,1,0.0,0.0
lorenz63,baseline,16,0.2,3,y*y,2,0.0,0.0
lorenz63,baseline,16,0.2,3,y*z,0,0.0,0.0
lorenz63,baseline,16,0.2,3,y*z,1,0.0,0.0
lorenz63,baseline,16,0.2,3,y*z,2,0.0,0.0
lorenz63,baseline,16,0.2,3,z*z,0,0.0,0.0
lorenz63,baseline,16,0.2,3,z*z,1,0.0,0.0
lorenz63,baseline,16,0.2,3,z*z,2,0.0,0.0
lorenz63,baseline,16,0.2,3,x*x*x,0,0.0,0.0
lorenz63,baseline,16,0.2,3,x*x*x,1,0.0,0.0
lorenz63,baseline,16,0.2,3,x*x*x,2,0.0,0.0
lorenz63,baseline,16,0.2,3,x*x*y,0,0.0,0.0
lorenz63,baseline,16,0.2,3,x*x*y,1,0.0,0.0
lorenz63,baseline,16,0.2,3,x*x*y,2,0.0,0.0
lorenz63,baseline,16,0.2,3,x*x*z,0,0.0,0.0
lorenz63,baseline,16,0.2,3,x*x*z,1,0.0,0.0
lorenz63,baseline,16,0.2,3,x*x*z,2,0.0,0.0
lorenz63,baseline,16,0.2,3,x*y*y,0,0.0,0.0
lorenz63,baseline,16,0.2,3,x*y*y,1,0.0,0.0
lorenz63,baseline,16,0.2,3,x*y*y,2,0.0,0.0
lorenz63,baseline,16,0.2,3,x*y*z,0,0.0,0.0
lorenz63,baseline,16,0.2,3,x*y*z,1,0.0,0.0
lorenz63,baseline,16,0.2,3,x*y*z,2,0.0,0.0
lorenz63,baseline,16,0.2,3,x*z*z,0,0.0,0.0
lorenz63,baseline,16,0.2,3,x*z*z,1,0.0,0.0
lorenz63,baseline,16,0.2,3,x*z*z,2,0.0,0.0
lorenz63,baseline,16,0.2,3,y*y*y,0,0.0,0.0
lorenz63,baseline,16,0.2,3,y*y*y,1,0.0,0.0
lorenz63,baseline,16,0.2,3,y*y*y,2,0.0,0.0
lorenz63,baseline,16,0.2,3,y*y*z,0,0.0,0.0
lorenz63,baseline,16,0.2,3,y*y*z,1,0.0,0.0
lorenz63,baseline,16,0.2,3,y*y*z,2,0.0,0.0
lorenz63,baseline,16,0.2,3,y*z*z,0,0.0,0.0
lorenz63,baseline,16,0.2,3,y*z*z,1,0.0,0.0
lorenz63,baseline,16,0.2,3,y*z*z,2,0.0,0.0
lorenz63,baseline,16,0.2,3,z*z*z,0,0.0,0.0
lorenz63,baseline,16,0.2,3,z*z*z,1,0.0,0.0
lorenz63,baseline,16,0.2,3,z*z*z,2,0.0,0.0
lorenz63,edmd_poly3,16,0.2,3,1,0,0.0,0.0
lorenz63,edmd_poly3,16,0.2,3,1,1,1.8420967418758625,0.0
lorenz63,edmd_poly3,16,0.2,3,1,2,-0.6832498900945543,0.0
lorenz63,edmd_poly3,16,0.2,3,x,0,-9.416664846848537,-10.0
lorenz63,edmd_poly3,16,0.2,3,x,1,18.95228797465686,28.0
lorenz63,edmd_poly3,16,0.2,3,x,2,0.40302718486362693,0.0
lorenz63,edmd_poly3,16,0.2,3,y,0,9.512381571558192,10.0
lorenz63,edmd_poly3,16,0.2,3,y,1,1.6510036639141423,-1.0
lorenz63,edmd_poly3,16,0.2,3,y,2,-0.40869458169845635,0.0
lorenz63,edmd_poly3,16,0.2,3,z,0,0.0,0.0
lorenz63,edmd_poly3,16,0.2,3,z,1,0.0,0.0
lorenz63,edmd_poly3,16,0.2,3,z,2,-2.5837892915787464,-2.6666666666666665
lorenz63,edmd_poly3,16,0.2,3,x*x,0,0.0,0.0
lorenz63,edmd_poly3,16,0.2,3,x*x,1,0.0,0.0
lorenz63,edmd_poly3,16,0.2,3,x*x,2,0.0,0.0
lorenz63,edmd_poly3,16,0.2,3,x*y,0,0.0,0.0
lorenz63,edmd_poly3,16,0.2,3,x*y,1,0.0,0.0
lorenz63,edmd_poly3,16,0.2,3,x*y,2,0.9494867212955649,1.0
lorenz63,edmd_poly3,16,0.2,3,x*z,0,0.0,0.0
lorenz63,edmd_poly3,16,0.2,3,x*z,1,-0.8064033731649892,-1.0
lorenz63,edmd_poly3,16,0.2,3,x*z,2,0.0,0.0
lorenz63,edmd_poly3,16,0.2,3,y*y,0,0.0,0.0
lorenz63,edmd_poly3,16,0.2,3,y*y,1,0.0,0.0
lorenz63,edmd_poly3,16,0.2,3,y*y,2,0.0,0.0
lorenz63,edmd_poly3,16,0.2,3,y*z,0,0.0,0.0
lorenz63,edmd_poly3,16,0.2,3,y*z,1,0.0,0.0
lorenz63,edmd_poly3,16,0.2,3,y*z,2,0.0,0.0
lorenz63,edmd_poly3,16,0.2,3,z*z,0,0.0,0.0
lorenz63,edmd_poly3,16,0.2,3,z*z,1,0.0,0.0
lorenz63,edmd_poly3,16,0.2,3,z*z,2,0.0,0.0
lorenz63,edmd_poly3,16,0.2,3,x*x*x,0,0.0,0.0
lorenz63,edmd_poly3,16,0.2,3,x*x*x,1,0.0,0.0
lorenz63,edmd_poly3,16,0.2,3,x*x*x,2,0.0,0.0
lorenz63,edmd_poly3,16,0.2,3,x*x*y,0,0.0,0.0
lorenz63,edmd_poly3,16,0.2,3,x*x*y,1,0.0,0.0
lorenz63,edmd_poly3,16,0.2,3,x*x*y,2,0.0,0.0
lorenz63,edmd_poly3,16,0.2,3,x*x*z,0,0.0,0.0
lorenz63,edmd_poly3,16,0.2,3,x*x*z,1,0.0,0.0
lorenz63,edmd_poly3,16,0.2,3,x*x*z,2,0.0,0.0
lorenz63,edmd_poly3,16,0.2,3,x*y*y,0,0.0,0.0
lorenz63,edmd_poly3,16,0.2,3,x*y*y,1,0.0,0.0
lorenz63,edmd_poly3,16,0.2,3,x*y*y,2,0.0,0.0
lorenz63,edmd_poly3,16,0.2,3,x*y*z,0,0.0,0.0
lorenz63,edmd_poly3,16,0.2,3,x*y*z,1,0.0,0.0
lorenz63,edmd_poly3,16,0.2,3,x*y*z,2,0.0,0.0
lorenz63,edmd_poly3,16,0.2,3,x*z*z,0,0.0,0.0
lorenz63,edmd_poly3,16,0.2,3,x*z*z,1,0.0,0.0
lorenz63,edmd_poly3,16,0.2,3,x*z*z,2,0.0,0.0
lorenz63,edmd_poly3,16,0.2,3,y*y*y,0,0.0,0.0
lorenz63,edmd_poly3,16,0.2,3,y*y*y,1,0.0,0.0
lorenz63,edmd_poly3,16,0.2,3,y*y*y,2,0.0,0.0
lorenz63,edmd_poly3,16,0.2,3,y*y*z,0,0.0,0.0
lorenz63,edmd_poly3,16,0.2,3,y*y*z,1,0.0,0.0
lorenz63,edmd_poly3,16,0.2,3,y*y*z,2,0.0,0.0
lorenz63,edmd_poly3,16,0.2,3,y*z*z,0,0.0,0.0
lorenz63,edmd_poly3,16,0.2,3,y*z*z,1,0.0,0.0
lorenz63,edmd_poly3,16,0.2,3,y*z*z,2,0.0,0.0
lorenz63,edmd_poly3,16,0.2,3,z*z*z,0,0.0,0.0
lorenz63,edmd_poly3,16,0.2,3,z*z*z,1,0.0,0.0
lorenz63,edmd_poly3,16,0.2,3,z*z*z,2,0.0,0.0
lorenz63,tv_diff,16,0.2,3,1,0,0.0,0.0
lorenz63,tv_diff,16,0.2,3,1,1,6.666033359523141,0.0
lorenz63,tv_diff,16,0.2,3,1,2,-3.218906812039102,0.0
lorenz63,tv_diff,16,0.2,3,x,0,-6.914325229014376,-10.0
lorenz63,tv_diff,16,0.2,3,x,1,-9.520644813301946,28.0
lorenz63,tv_diff,16,0.2,3,x,2,-1.0988996337817265,0.0
lorenz63,tv_diff,16,0.2,3,y,0,7.100052775709661,10.0
lorenz63,tv_diff,16,0.2,3,y,1,6.7228021131629685,-1.0
lorenz63,tv_diff,16,0.2,3,y,2,1.9501939033575326,0.0
lorenz63,tv_diff,16,0.2,3,z,0,0.0,0.0
lorenz63,tv_diff,16,0.2,3,z,1,0.0,0.0
lorenz63,tv_diff,16,0.2,3,z,2,0.0,-2.6666666666666665
lorenz63,tv_diff,16,0.2,3,x*x,0,0.0,0.0
lorenz63,tv_diff,16,0.2,3,x*x,1,0.0,0.0
lorenz63,tv_diff,16,0.2,3,x*x,2,0.0,0.0
lorenz63,tv_diff,16,0.2,3,x*y,0,0.0,0.0
lorenz63,tv_diff,16,0.2,3,x*y,1,0.0,0.0
lorenz63,tv_diff,16,0.2,3,x*y,2,0.0,1.0
lorenz63,tv_diff,16,0.2,3,x*z,0,0.0,0.0
lorenz63,tv_diff,16,0.2,3,x*z,1,0.0,-1.0
lorenz63,tv_diff,16,0.2,3,x*z,2,0.0,0.0
lorenz63,tv_diff,16,0.2,3,y*y,0,0.0,0.0
lorenz63,tv_diff,16,0.2,3,y*y,1,0.0,0.0
lorenz63,tv_diff,16,0.2,3,y*y,2,0.0,0.0
lorenz63,tv_diff,16,0.2,3,y*z,0,0.0,0.0
lorenz63,tv_diff,16,0.2,3,y*z,1,0.0,0.0
lorenz63,tv_diff,16,0.2,3,y*z,2,0.0,0.0
lorenz63,tv_diff,16,0.2,3,z*z,0,0.0,0.0
lorenz63,tv_diff,16,0.2,3,z*z,1,0.0,0.0
lorenz63,tv_diff,16,0.2,3,z*z,2,0.0,0.0
lorenz63,tv_diff,16,0.2,3,x*x*x,0,0.0,0.0
lorenz63,tv_diff,16,0.2,3,x*x*x,1,0.0,0.0
lorenz63,tv_diff,16,0.2,3,x*x*x,2,0.0,0.0
lorenz63,tv_diff,16,0.2,3,x*x*y,0,0.0,0.0
lorenz63,tv_diff,16,0.2,3,x*x*y,1,0.0,0.0
lorenz63,tv_diff,16,0.2,3,x*x*y,2,0.0,0.0
lorenz63,tv_diff,16,0.2,3,x*x*z,0,0.0,0.0
lorenz63,tv_diff,16,0.2,3,x*x*z,1,0.0,0.0
lorenz63,tv_diff,16,0.2,3,x*x*z,2,0.0,0.0
lorenz63,tv_diff,16,0.2,3,x*y*y,0,0.0,0.0
lorenz63,tv_diff,16,0.2,3,x*y*y,1,0.0,0.0
lorenz63,tv_diff,16,0.2,3,x*y*y,2,0.0,0.0
lorenz63,tv_diff,16,0.2,3,x*y*z,0,0.0,0.0
lorenz63,tv_diff,16,0.2,3,x*y*z,1,0.0,0.0
lorenz63,tv_diff,16,0.2,3,x*y*z,2,0.0,0.0
lorenz63,tv_diff,16,0.2,3,x*z*z,0,0.0,0.0
lorenz63,tv_diff,16,0.2,3,x*z*z,1,0.0,0.0
lorenz63,tv_diff,16,0.2,3,x*z*z,2,0.0,0.0
lorenz63,tv_diff,16,0.2,3,y*y*y,0,0.0,0.0
lorenz63,tv_diff,16,0.2,3,y*y*y,1,0.0,0.0
lorenz63,tv_diff,16,0.2,3,y*y*y,2,0.0,0.0
lorenz63,tv_diff,16,0.2,3,y*y*z,0,0.0,0.0
lorenz63,tv_diff,16,0.2,3,y*y*z,1,0.0,0.0
lorenz63,tv_diff,16,0.2,3,y*y*z,2,0.0,0.0
lorenz63,tv_diff,16,0.2,3,y*z*z,0,0.0,0.0
lorenz63,tv_diff,16,0.2,3,y*z*z,1,0.0,0.0
lorenz63,tv_diff,16,0.2,3,y*z*z,2,0.0,0.0
lorenz63,tv_diff,16,0.2,3,z*z*z,0,0.0,0.0
lorenz63,tv_diff,16,0.2,3,z*z*z,1,0.0,0.0
lorenz63,tv_diff,16,0.2,3,z*z*z,2,0.0,0.0
lorenz63,baseline,16,0.5,1,1,0,-2.1285995558938784,0.0
lorenz63,baseline,16,0.5,1,1,1,6.296408253075975,0.0
lorenz63,baseline,16,0.5,1,1,2,0.0,0.0
lorenz63,baseline,16,0.5,1,x,0,-3.342449398792115,-10.0
lorenz63,baseline,16,0.5,1,x,1,-5.760844059985826,28.0
lorenz63,baseline,16,0.5,1,x,2,0.0,0.0
lorenz63,baseline,16,0.5,1,y,0,4.0722347269538135,10.0
lorenz63,baseline,16,0.5,1,y,1,3.39321188699585,-1.0
lorenz63,baseline,16,0.5,1,y,2,0.0,0.0
lorenz63,baseline,16,0.5,1,z,0,0.0,0.0
lorenz63,baseline,16,0.5,1,z,1,0.0,0.0
lorenz63,baseline,16,0.5,1,z,2,0.0,-2.6666666666666665
lorenz63,baseline,16,0.5,1,x*x,0,0.0,0.0
lorenz63,baseline,16,0.5,1,x*x,1,0.0,0.0
lorenz63,baseline,16,0.5,1,x*x,2,0.0,0.0
lorenz63,baseline,16,0.5,1,x*y,0,0.0,0.0
lorenz63,baseline,16,0.5,1,x*y,1,0.0,0.0
lorenz63,baseline,16,0.5,1,x*y,2,0.0,1.0
lorenz63,baseline,16,0.5,1,x*z,0,0.0,0.0
lorenz63,baseline,16,0.5,1,x*z,1,0.0,-1.0
lorenz63,baseline,16,0.5,1,x*z,2,0.0,0.0
lorenz63,baseline,16,0.5,1,y*y,0,0.0,0.0
lorenz63,baseline,16,0.5,1,y*y,1,0.0,0.0
lorenz63,baseline,16,0.5,1,y*y,2,0.0,0.0
lorenz63,baseline,16,0.5,1,y*z,0,0.0,0.0
lorenz63,baseline,16,0.5,1,y*z,1,0.0,0.0
lorenz63,baseline,16,0.5,1,y*z,2,0.0,0.0
lorenz63,baseline,16,0.5,1,z*z,0,0.0,0.0
lorenz63,baseline,16,0.5,1,z*z,1,0.0,0.0
lorenz63,baseline,16,0.5,1,z*z,2,0.0,0.0
lorenz63,baseline,16,0.5,1,x*x*x,0,0.0,0.0
lorenz63,baseline,16,0.5,1,x*x*x,1,0.0,0.0
lorenz63,baseline,16,0.5,1,x*x*x,2,0.0,0.0
lorenz63,baseline,16,0.5,1,x*x*y,0,0.0,0.0
lorenz63,baseline,16,0.5,1,x*x*y,1,0.0,0.0
lorenz63,baseline,16,0.5,1,x*x*y,2,0.0,0.0
lorenz63,baseline,16,0.5,1,x*x*z,0,0.0,0.0
lorenz63,baseline,16,0.5,1,x*x*z,1,0.0,0.0
lorenz63,baseline,16,0.5,1,x*x*z,2,0.0,0.0
lorenz63,baseline,16,0.5,1,x*y*y,0,0.0,0.0
lorenz63,baseline,16,0.5,1,x*y*y,1,0.0,0.0
lorenz63,baseline,16,0.5,1,x*y*y,2,0.0,0.0
lorenz63,baseline,16,0.5,1,x*y*z,0,0.0,0.0
lorenz63,baseline,16,0.5,1,x*y*z,1,0.0,0.0
lorenz63,baseline,16,0.5,1,x*y*z,2,0.0,0.0
lorenz63,baseline,16,0.5,1,x*z*z,0,0.0,0.0
lorenz63,baseline,16,0.5,1,x*z*z,1,0.0,0.0
lorenz63,baseline,16,0.5,1,x*z*z,2,0.0,0.0
lorenz63,baseline,16,0.5,1,y*y*y,0,0.0,0.0
lorenz63,baseline,16,0.5,1,y*y*y,1,0.0,0.0
lorenz63,baseline,16,0.5,1,y*y*y,2,0.0,0.0
lorenz63,baseline,16,0.5,1,y*y*z,0,0.0,0.0
lorenz63,baseline,16,0.5,1,y*y*z,1,0.0,0.0
lorenz63,baseline,16,0.5,1,y*y*z,2,0.0,0.0
lorenz63,baseline,16,0.5,1,y*z*z,0,0.0,0.0
lorenz63,baseline,16,0.5,1,y*z*z,1,0.0,0.0
lorenz63,baseline,16,0.5,1,y*z*z,2,0.0,0.0
lorenz63,baseline,16,0.5,1,z*z*z,0,0.0,0.0
lorenz63,baseline,16,0.5,1,z*z*z,1,0.0,0.0
lorenz63,baseline,16,0.5,1,z*z*z,2,0.0,0.0
lorenz63,edmd_poly3,16,0.5,1,1,0,-2.494253155452663,0.0
lorenz63,edmd_poly3,16,0.5,1,1,1,3.6695701897315,0.0
lorenz63,edmd_poly3,16,0.5,1,1,2,-15.964554432749768,0.0
lorenz63,edmd_poly3,16,0.5,1,x,0,5.101329439122535,-10.0
lorenz63,edmd_poly3,16,0.5,1,x,1,11.878945079926236,28.0
lorenz63,edmd_poly3,16,0.5,1,x,2,1.087025406322812,0.0
lorenz63,edmd_poly3,16,0.5,1,y,0,4.721641892276551,10.0
lorenz63,edmd_poly3,16,0.5,1,y,1,10.71808073899636,-1.0
lorenz63,edmd_poly3,16,0.5,1,y,2,-1.7090123007744737,0.0
lorenz63,edmd_poly3,16,0.5,1,z,0,0.0,0.0
lorenz63,edmd_poly3,16,0.5,1,z,1,0.0,0.0
lorenz63,edmd_poly3,16,0.5,1,z,2,-1.2916142853596464,-2.6666666666666665
lorenz63,edmd_poly3,16,0.5,1,x*x,0,0.0,0.0
lorenz63,edmd_poly3,16,0.5,1,x*x,1,0.0,0.0
lorenz63,edmd_poly3,16,0.5,1,x*x,2,0.0,0.0
lorenz63,edmd_poly3,16,0.5,1,x*y,0,0.0,0.0
lorenz63,edmd_poly3,16,0.5,1,x*y,1,0.0,0.0
lorenz63,edmd_poly3,16,0.5,1,x*y,2,0.706876641255266,1.0
lorenz63,edmd_poly3,16,0.5,1,x*z,0,-0.33430069834514375,0.0
lorenz63,edmd_poly3,16,0.5,1,x*z,1,-0.5521648865761729,-1.0
lorenz63,edmd_poly3,16,0.5,1,x*z,2,0.0,0.0
lorenz63,edmd_poly3,16,0.5,1,y*y,0,0.0,0.0
lorenz63,edmd_poly3,16,0.5,1,y*y,1,0.0,0.0
lorenz63,edmd_poly3,16,0.5,1,y*y,2,0.0,0.0
lorenz63,edmd_poly3,16,0.5,1,y*z,0,0.0,0.0
lorenz63,edmd_poly3,16,0.5,1,y*z,1,-0.40544763937263295,0.0
lorenz63,edmd_poly3,16,0.5,1,y*z,2,0.0,0.0
lorenz63,edmd_poly3,16,0.5,1,z*z,0,0.0,0.0
lorenz63,edmd_poly3,16,0.5,1,z*z,1,0.0,0.0
lorenz63,edmd_poly3,16,0.5,1,z*z,2,0.0,0.0
lorenz63,edmd_poly3,16,0.5,1,x*x*x,0,0.0,0.0
lorenz63,edmd_poly3,16,0.5,1,x*x*x,1,0.0,0.0
lorenz63,edmd_poly3,16,0.5,1,x*x*x,2,0.0,0.0
lorenz63,edmd_poly3,16,0.5,1,x*x*y,0,0.0,0.0
lorenz63,edmd_poly3,16,0.5,1,x*x*y,1,0.0,0.0
lorenz63,edmd_poly3,16,0.5,1,x*x*y,2,0.0,0.0
lorenz63,edmd_poly3,16,0.5,1,x*x*z,0,0.0,0.0
lorenz63,edmd_poly3,16,0.5,1,x*x*z,1,0.0,0.0
lorenz63,edmd_poly3,16,0.5,1,x*x*z,2,0.0,0.0
lorenz63,edmd_poly3,16,0.5,1,x*y*y,0,0.0,0.0
lorenz63,edmd_poly3,16,0.5,1,x*y*y,1,0.0,0.0
lorenz63,edmd_poly3,16,0.5,1,x*y*y,2,0.0,0.0
lorenz63,edmd_poly3,16,0.5,1,x*y*z,0,0.0,0.0
lorenz63,edmd_poly3,16,0.5,1,x*y*z,1,0.0,0.0
lorenz63,edmd_poly3,16,0.5,1,x*y*z,2,0.0,0.0
lorenz63,edmd_poly3,16,0.5,1,x*z*z,0,0.0,0.0
lorenz63,edmd_poly3,16,0.5,1,x*z*z,1,0.0,0.0
lorenz63,edmd_poly3,16,0.5,1,x*z*z,2,0.0,0.0
lorenz63,edmd_poly3,16,0.5,1,y*y*y,0,0.0,0.0
lorenz63,edmd_poly3,16,0.5,1,y*y*y,1,0.0,0.0
lorenz63,edmd_poly3,16,0.5,1,y*y*y,2,0.0,0.0
lorenz63,edmd_poly3,16,0.5,1,y*y*z,0,0.0,0.0
lorenz63,edmd_poly3,16,0.5,1,y*y*z,1,0.0,0.0
lorenz63,edmd_poly3,16,0.5,1,y*y*z,2,0.0,0.0
lorenz63,edmd_poly3,16,0.5,1,y*z*z,0,0.0,0.0
lorenz63,edmd_poly3,16,0.5,1,y*z*z,1,0.0,0.0
lorenz63,edmd_poly3,16,0.5,1,y*z*z,2,0.0,0.0
lorenz63,edmd_poly3,16,0.5,1,z*z*z,0,0.0,0.0
lorenz63,edmd_poly3,16,0.5,1,z*z*z,1,0.0,0.0
lorenz63,edmd_poly3,16,0.5,1,z*z*z,2,0.0,0.0
lorenz63,tv_diff,16,0.5,1,1,0,-1.1945743895330054,0.0
lorenz63,tv_diff,16,0.5,1,1,1,6.729821478422585,0.0
lorenz63,tv_diff,16,0.5,1,1,2,0.0,0.0
lorenz63,tv_diff,16,0.5,1,x,0,-4.648665089937154,-10.0
lorenz63,tv_diff,16,0.5,1,x,1,-7.203943826996876,28.0
lorenz63,tv_diff,16,0.5,1,x,2,0.0,0.0
lorenz63,tv_diff,16,0.5,1,y,0,5.120347660042386,10.0
lorenz63,tv_diff,16,0.5,1,y,1,4.667882455479861,-1.0
lorenz63,tv_diff,16,0.5,1,y,2,0.0,0.0
lorenz63,tv_diff,16,0.5,1,z,0,0.0,0.0
lorenz63,tv_diff,16,0.5,1,z,1,0.0,0.0
lorenz63,tv_diff,16,0.5,1,z,2,0.0,-2.6666666666666665
lorenz63,tv_diff,16,0.5,1,x*x,0,0.0,0.0
lorenz63,tv_diff,16,0.5,1,x*x,1,0.0,0.0
lorenz63,tv_diff,16,0.5,1,x*x,2,0.0,0.0
lorenz63,tv_diff,16,0.5,1,x*y,0,0.0,0.0
lorenz63,tv_diff,16,0.5,1,x*y,1,0.0,0.0
lorenz63,tv_diff,16,0.5,1,x*y,2,0.0,1.0
lorenz63,tv_diff,16,0.5,1,x*z,0,0.0,0.0
lorenz63,tv_diff,16,0.5,1,x*z,1,0.0,-1.0
lorenz63,tv_diff,16,0.5,1,x*z,2,0.0,0.0
lorenz63,tv_diff,16,0.5,1,y*y,0,0.0,0.0
lorenz63,tv_diff,16,0.5,1,y*y,1,0.0,0.0
lorenz63,tv_diff,16,0.5,1,y*y,2,0.0,0.0
lorenz63,tv_diff,16,0.5,1,y*z,0,0.0,0.0
lorenz63,tv_diff,16,0.5,1,y*z,1,0.0,0.0
lorenz63,tv_diff,16,0.5,1,y*z,2,0.0,0.0
lorenz63,tv_diff,16,0.5,1,z*z,0,0.0,0.0
lorenz63,tv_diff,16,0.5,1,z*z,1,0.0,0.0
lorenz63,tv_diff,16,0.5,1,z*z,2,0.0,0.0
lorenz63,tv_diff,16,0.5,1,x*x*x,0,0.0,0.0
lorenz63,tv_diff,16,0.5,1,x*x*x,1,0.0,0.0
lorenz63,tv_diff,16,0.5,1,x*x*x,2,0.0,0.0
lorenz63,tv_diff,16,0.5,1,x*x*y,0,0.0,0.0
lorenz63,tv_diff,16,0.5,1,x*x*y,1,0.0,0.0
lorenz63,tv_diff,16,0.5,1,x*x*y,2,0.0,0.0
lorenz63,tv_diff,16,0.5,1,x*x*z,0,0.0,0.0
lorenz63,tv_diff,16,0.5,1,x*x*z,1,0.0,0.0
lorenz63,tv_diff,16,0.5,1,x*x*z,2,0.0,0.0
lorenz63,tv_diff,16,0.5,1,x*y*y,0,0.0,0.0
lorenz63,tv_diff,16,0.5,1,x*y*y,1,0.0,0.0
lorenz63,tv_diff,16,0.5,1,x*y*y,2,0.0,0.0
lorenz63,tv_diff,16,0.5,1,x*y*z,0,0.0,0.0
lorenz63,tv_diff,16,0.5,1,x*y*z,1,0.0,0.0
lorenz63,tv_diff,16,0.5,1,x*y*z,2,0.0,0.0
lorenz63,tv_diff,16,0.5,1,x*z*z,0,0.0,0.0
lorenz63,tv_diff,16,0.5,1,x*z*z,1,0.0,0.0
lorenz63,tv_diff,16,0.5,1,x*z*z,2,0.0,0.0
lorenz63,tv_diff,16,0.5,1,y*y*y,0,0.0,0.0
lorenz63,tv_diff,16,0.5,1,y*y*y,1,0.0,0.0
lorenz63,tv_diff,16,0.5,1,y*y*y,2,0.0,0.0
lorenz63,tv_diff,16,0.5,1,y*y*z,0,0.0,0.0
lorenz63,tv_diff,16,0.5,1,y*y*z,1,0.0,0.0
lorenz63,tv_diff,16,0.5,1,y*y*z,2,0.0,0.0
lorenz63,tv_diff,16,0.5,1,y*z*z,0,0.0,0.0
lorenz63,tv_diff,16,0.5,1,y*z*z,1,0.0,0.0
lorenz63,tv_diff,16,0.5,1,y*z*z,2,0.0,0.0
lorenz63,tv_diff,16,0.5,1,z*z*z,0,0.0,0.0
lorenz63,tv_diff,16,0.5,1,z*z*z,1,0.0,0.0
lorenz63,tv_diff,16,0.5,1,z*z*z,2,0.0,0.0
lorenz63,baseline,16,0.2,4,1,0,-3.8277731324728843,0.0
lorenz63,baseline,16,0.2,4,1,1,1.1571973249655083,0.0
lorenz63,baseline,16,0.2,4,1,2,3.541415745084004,0.0
lorenz63,baseline,16,0.2,4,x,0,-6.732645666819564,-10.0
lorenz63,baseline,16,0.2,4,x,1,12.496854821391581,28.0
lorenz63,baseline,16,0.2,4,x,2,0.0,0.0
lorenz63,baseline,16,0.2,4,y,0,7.059879926732631,10.0
lorenz63,baseline,16,0.2,4,y,1,1.731524605939669,-1.0
lorenz63,baseline,16,0.2,4,y,2,0.0,0.0
lorenz63,baseline,16,0.2,4,z,0,0.0,0.0
lorenz63,baseline,16,0.2,4,z,1,0.0,0.0
lorenz63,baseline,16,0.2,4,z,2,-2.780603470647173,-2.6666666666666665
lorenz63,baseline,16,0.2,4,x*x,0,0.0,0.0
lorenz63,baseline,16,0.2,4,x*x,1,0.0,0.0
lorenz63,baseline,16,0.2,4,x*x,2,0.43990253344311375,0.0
lorenz63,baseline,16,0.2,4,x*y,0,0.0,0.0
lorenz63,baseline,16,0.2,4,x*y,1,0.0,0.0
lorenz63,baseline,16,0.2,4,x*y,2,0.0,1.0
lorenz63,baseline,16,0.2,4,x*z,0,0.0,0.0
lorenz63,baseline,16,0.2,4,x*z,1,-0.5617864023577712,-1.0
lorenz63,baseline,16,0.2,4,x*z,2,0.0,0.0
lorenz63,baseline,16,0.2,4,y*y,0,0.0,0.0
lorenz63,baseline,16,0.2,4,y*y,1,0.0,0.0
lorenz63,baseline,16,0.2,4,y*y,2,0.3730597796237871,0.0
lorenz63,baseline,16,0.2,4,y*z,0,0.0,0.0
lorenz63,baseline,16,0.2,4,y*z,1,0.0,0.0
lorenz63,baseline,16,0.2,4,y*z,2,0.0,0.0
lorenz63,baseline,16,0.2,4,z*z,0,0.0,0.0
lorenz63,baseline,16,0.2,4,z*z,1,0.0,0.0
lorenz63,baseline,16,0.2,4,z*z,2,0.0,0.0
lorenz63,baseline,16,0.2,4,x*x*x,0,0.0,0.0
lorenz63,baseline,16,0.2,4,x*x*x,1,0.0,0.0
lorenz63,baseline,16,0.2,4,x*x*x,2,0.0,0.0
lorenz63,baseline,16,0.2,4,x*x*y,0,0.0,0.0
lorenz63,baseline,16,0.2,4,x*x*y,1,0.0,0.0
lorenz63,baseline,16,0.2,4,x*x*y,2,0.0,0.0
lorenz63,baseline,16,0.2,4,x*x*z,0,0.0,0.0
lorenz63,baseline,16,0.2,4,x*x*z,1,0.0,0.0
lorenz63,baseline,16,0.2,4,x*x*z,2,0.0,0.0
lorenz63,baseline,16,0.2,4,x*y*y,0,0.0,0.0
lorenz63,baseline,16,0.2,4,x*y*y,1,0.0,0.0
lorenz63,baseline,16,0.2,4,x*y*y,2,0.0,0.0
lorenz63,baseline,16,0.2,4,x*y*z,0,0.0,0.0
lorenz63,baseline,16,0.2,4,x*y*z,1,0.0,0.0
lorenz63,baseline,16,0.2,4,x*y*z,2,0.0,0.0
lorenz63,baseline,16,0.2,4,x*z*z,0,0.0,0.0
lorenz63,baseline,16,0.2,4,x*z*z,1,0.0,0.0
lorenz63,baseline,16,0.2,4,x*z*z,2,0.0,0.0
lorenz63,baseline,16,0.2,4,y*y*y,0,0.0,0.0
lorenz63,baseline,16,0.2,4,y*y*y,1,0.0,0.0
lorenz63,baseline,16,0.2,4,y*y*y,2,0.0,0.0
lorenz63,baseline,16,0.2,4,y*y*z,0,0.0,0.0
lorenz63,baseline,16,0.2,4,y*y*z,1,0.0,0.0
lorenz63,baseline,16,0.2,4,y*y*z,2,0.0,0.0
lorenz63,baseline,16,0.2,4,y*z*z,0,0.0,0.0
lorenz63,baseline,16,0.2,4,y*z*z,1,0.0,0.0
lorenz63,baseline,16,0.2,4,y*z*z,2,0.0,0.0
lorenz63,baseline,16,0.2,4,z*z*z,0,0.0,0.0
lorenz63,baseline,16,0.2,4,z*z*z,1,0.0,0.0
lorenz63,baseline,16,0.2,4,z*z*z,2,0.0,0.0
lorenz63,edmd_poly3,16,0.2,4,1,0,-4.332523292716258,0.0
lorenz63,edmd_poly3,16,0.2,4,1,1,0.0,0.0
lorenz63,edmd_poly3,16,0.2,4,1,2,-2.199815046032265,0.0
lorenz63,edmd_poly3,16,0.2,4,x,0,-8.584411945977656,-10.0
lorenz63,edmd_poly3,16,0.2,4,x,1,28.78487720393321,28.0
lorenz63,edmd_poly3,16,0.2,4,x,2,0.0,0.0
lorenz63,edmd_poly3,16,0.2,4,y,0,8.823412964425579,10.0
lorenz63,edmd_poly3,16,0.2,4,y,1,-1.7977664599691026,-1.0
lorenz63,edmd_poly3,16,0.2,4,y,2,0.0,0.0
lorenz63,edmd_poly3,16,0.2,4,z,0,0.0,0.0
lorenz63,edmd_poly3,16,0.2,4,z,1,0.0,0.0
lorenz63,edmd_poly3,16,0.2,4,z,2,-2.5096665337509734,-2.6666666666666665
lorenz63,edmd_poly3,16,0.2,4,x*x,0,0.0,0.0
lorenz63,edmd_poly3,16,0.2,4,x*x,1,0.0,0.0
lorenz63,edmd_poly3,16,0.2,4,x*x,2,0.0,0.0
lorenz63,edmd_poly3,16,0.2,4,x*y,0,0.0,0.0
lorenz63,edmd_poly3,16,0.2,4,x*y,1,0.0,0.0
lorenz63,edmd_poly3,16,0.2,4,x*y,2,0.9679313259553566,1.0
lorenz63,edmd_poly3,16,0.2,4,x*z,0,0.0,0.0
lorenz63,edmd_poly3,16,0.2,4,x*z,1,-0.9911465012617418,-1.0
lorenz63,edmd_poly3,16,0.2,4,x*z,2,0.0,0.0
lorenz63,edmd_poly3,16,0.2,4,y*y,0,0.0,0.0
lorenz63,edmd_poly3,16,0.2,4,y*y,1,0.0,0.0
lorenz63,edmd_poly3,16,0.2,4,y*y,2,0.0,0.0
lorenz63,edmd_poly3,16,0.2,4,y*z,0,0.0,0.0
lorenz63,edmd_poly3,16,0.2,4,y*z,1,0.0,0.0
lorenz63,edmd_poly3,16,0.2,4,y*z,2,0.0,0.0
lorenz63,edmd_poly3,16,0.2,4,z*z,0,0.0,0.0
lorenz63,edmd_poly3,16,0.2,4,z*z,1,0.0,0.0
lorenz63,edmd_poly3,16,0.2,4,z*z,2,0.0,0.0
lorenz63,edmd_poly3,16,0.2,4,x*x*x,0,0.0,0.0
lorenz63,edmd_poly3,16,0.2,4,x*x*x,1,0.0,0.0
lorenz63,edmd_poly3,16,0.2,4,x*x*x,2,0.0,0.0
lorenz63,edmd_poly3,16,0.2,4,x*x*y,0,0.0,0.0
lorenz63,edmd_poly3,16,0.2,4,x*x*y,1,0.0,0.0
lorenz63,edmd_poly3,16,0.2,4,x*x*y,2,0.0,0.0
lorenz63,edmd_poly3,16,0.2,4,x*x*z,0,0.0,0.0
lorenz63,edmd_poly3,16,0.2,4,x*x*z,1,0.0,0.0
lorenz63,edmd_poly3,16,0.2,4,x*x*z,2,0.0,0.0
lorenz63,edmd_poly3,16,0.2,4,x*y*y,0,0.0,0.0
lorenz63,edmd_poly3,16,0.2,4,x*y*y,1,0.0,0.0
lorenz63,edmd_poly3,16,0.2,4,x*y*y,2,0.0,0.0
lorenz63,edmd_poly3,16,0.2,4,x*y*z,0,0.0,0.0
lorenz63,edmd_poly3,16,0.2,4,x*y*z,1,0.0,0.0
lorenz63,edmd_poly3,16,0.2,4,x*y*z,2,0.0,0.0
lorenz63,edmd_poly3,16,0.2,4,x*z*z,0,0.0,0.0
lorenz63,edmd_poly3,16,0.2,4,x*z*z,1,0.0,0.0
lorenz63,edmd_poly3,16,0.2,4,x*z*z,2,0.0,0.0
lorenz63,edmd_poly3,16,0.2,4,y*y*y,0,0.0,0.0
lorenz63,edmd_poly3,16,0.2,4,y*y*y,1,0.0,0.0
lorenz63,edmd_poly3,16,0.2,4,y*y*y,2,0.0,0.0
lorenz63,edmd_poly3,16,0.2,4,y*y*z,0,0.0,0.0
lorenz63,edmd_poly3,16,0.2,4,y*y*z,1,0.0,0.0
lorenz63,edmd_poly3,16,0.2,4,y*y*z,2,0.0,0.0
lorenz63,edmd_poly3,16,0.2,4,y*z*z,0,0.0,0.0
lorenz63,edmd_poly3,16,0.2,4,y*z*z,1,0.0,0.0
lorenz63,edmd_poly3,16,0.2,4,y*z*z,2,0.0,0.0
lorenz63,edmd_poly3,16,0.2,4,z*z*z,0,0.0,0.0
lorenz63,edmd_poly3,16,0.2,4,z*z*z,1,0.0,0.0
lorenz63,edmd_poly3,16,0.2,4,z*z*z,2,0.0,0.0
lorenz63,tv_diff,16,0.2,4,1,0,-3.8280401469880307,0.0
lorenz63,tv_diff,16,0.2,4,1,1,1.1570906358116122,0.0
lorenz63,tv_diff,16,0.2,4,1,2,3.5491374229585784,0.0
lorenz63,tv_diff,16,0.2,4,x,0,-6.735164465196683,-10.0
lorenz63,tv_diff,16,0.2,4,x,1,12.498163767953292,28.0
lorenz63,tv_diff,16,0.2,4,x,2,0.0,0.0
lorenz63,tv_diff,16,0.2,4,y,0,7.062029602708146,10.0
lorenz63,tv_diff,16,0.2,4,y,1,1.731610805552667,-1.0
lorenz63,tv_diff,16,0.2,4,y,2,0.0,0.0
lorenz63,tv_diff,16,0.2,4,z,0,0.0,0.0
lorenz63,tv_diff,16,0.2,4,z,1,0.0,0.0
lorenz63,tv_diff,16,0.2,4,z,2,-2.780946785423575,-2.6666666666666665
lorenz63,tv_diff,16,0.2,4,x*x,0,0.0,0.0
lorenz63,tv_diff,16,0.2,4,x*x,1,0.0,0.0
lorenz63,tv_diff,16,0.2,4,x*x,2,0.44000740589322246,0.0
lorenz63,tv_diff,16,0.2,4,x*y,0,0.0,0.0
lorenz63,tv_diff,16,0.2,4,x*y,1,0.0,0.0
lorenz63,tv_diff,16,0.2,4,x*y,2,0.0,1.0
lorenz63,tv_diff,16,0.2,4,x*z,0,0.0,0.0
lorenz63,tv_diff,16,0.2,4,x*z,1,-0.5618424105938671,-1.0
lorenz63,tv_diff,16,0.2,4,x*z,2,0.0,0.0
lorenz63,tv_diff,16,0.2,4,y*y,0,0.0,0.0
lorenz63,tv_diff,16,0.2,4,y*y,1,0.0,0.0
lorenz63,tv_diff,16,0.2,4,y*y,2,0.3730545830041462,0.0
lorenz63,tv_diff,16,0.2,4,y*z,0,0.0,0.0
lorenz63,tv_diff,16,0.2,4,y*z,1,0.0,0.0
lorenz63,tv_diff,16,0.2,4,y*z,2,0.0,0.0
lorenz63,tv_diff,16,0.2,4,z*z,0,0.0,0.0
lorenz63,tv_diff,16,0.2,4,z*z,1,0.0,0.0
lorenz63,tv_diff,16,0.2,4,z*z,2,0.0,0.0
lorenz63,tv_diff,16,0.2,4,x*x*x,0,0.0,0.0
lorenz63,tv_diff,16,0.2,4,x*x*x,1,0.0,0.0
lorenz63,tv_diff,16,0.2,4,x*x*x,2,0.0,0.0
lorenz63,tv_diff,16,0.2,4,x*x*y,0,0.0,0.0
lorenz63,tv_diff,16,0.2,4,x*x*y,1,0.0,0.0
lorenz63,tv_diff,16,0.2,4,x*x*y,2,0.0,0.0
lorenz63,tv_diff,16,0.2,4,x*x*z,0,0.0,0.0
lorenz63,tv_diff,16,0.2,4,x*x*z,1,0.0,0.0
lorenz63,tv_diff,16,0.2,4,x*x*z,2,0.0,0.0
lorenz63,tv_diff,16,0.2,4,x*y*y,0,0.0,0.0
lorenz63,tv_diff,16,0.2,4,x*y*y,1,0.0,0.0
lorenz63,tv_diff,16,0.2,4,x*y*y,2,0.0,0.0
lorenz63,tv_diff,16,0.2,4,x*y*z,0,0.0,0.0
lorenz63,tv_diff,16,0.2,4,x*y*z,1,0.0,0.0
lorenz63,tv_diff,16,0.2,4,x*y*z,2,0.0,0.0
lorenz63,tv_diff,16,0.2,4,x*z*z,0,0.0,0.0
lorenz63,tv_diff,16,0.2,4,x*z*z,1,0.0,0.0
lorenz63,tv_diff,16,0.2,4,x*z*z,2,0.0,0.0
lorenz63,tv_diff,16,0.2,4,y*y*y,0,0.0,0.0
lorenz63,tv_diff,16,0.2,4,y*y*y,1,0.0,0.0
lorenz63,tv_diff,16,0.2,4,y*y*y,2,0.0,0.0
lorenz63,tv_diff,16,0.2,4,y*y*z,0,0.0,0.0
lorenz63,tv_diff,16,0.2,4,y*y*z,1,0.0,0.0
lorenz63,tv_diff,16,0.2,4,y*y*z,2,0.0,0.0
lorenz63,tv_diff,16,0.2,4,y*z*z,0,0.0,0.0
lorenz63,tv_diff,16,0.2,4,y*z*z,1,0.0,0.0
lorenz63,tv_diff,16,0.2,4,y*z*z,2,0.0,0.0
lorenz63,tv_diff,16,0.2,4,z*z*z,0,0.0,0.0
lorenz63,tv_diff,16,0.2,4,z*z*z,1,0.0,0.0
lorenz63,tv_diff,16,0.2,4,z*z*z,2,0.0,0.0
lorenz63,baseline,16,0.5,2,1,0,12.838787891297706,0.0
lorenz63,baseline,16,0.5,2,1,1,0.0,0.0
lorenz63,baseline,16,0.5,2,1,2,0.0,0.0
lorenz63,baseline,16,0.5,2,x,0,-2.614087336800292,-10.0
lorenz63,baseline,16,0.5,2,x,1,11.006193755938279,28.0
lorenz63,baseline,16,0.5,2,x,2,0.0,0.0
lorenz63,baseline,16,0.5,2,y,0,3.0412913941548547,10.0
lorenz63,baseline,16,0.5,2,y,1,1.6758404938602955,-1.0
lorenz63,baseline,16,0.5,2,y,2,0.6149667150143086,0.0
lorenz63,baseline,16,0.5,2,z,0,-0.5602992058360529,0.0
lorenz63,baseline,16,0.5,2,z,1,0.0,0.0
lorenz63,baseline,16,0.5,2,z,2,0.0,-2.6666666666666665
lorenz63,baseline,16,0.5,2,x*x,0,0.0,0.0
lorenz63,baseline,16,0.5,2,x*x,1,0.0,0.0
lorenz63,baseline,16,0.5,2,x*x,2,0.0,0.0
lorenz63,baseline,16,0.5,2,x*y,0,0.0,0.0
lorenz63,baseline,16,0.5,2,x*y,1,0.0,0.0
lorenz63,baseline,16,0.5,2,x*y,2,0.0,1.0
lorenz63,baseline,16,0.5,2,x*z,0,0.0,0.0
lorenz63,baseline,16,0.5,2,x*z,1,-0.5042298104887869,-1.0
lorenz63,baseline,16,0.5,2,x*z,2,0.0,0.0
lorenz63,baseline,16,0.5,2,y*y,0,0.0,0.0
lorenz63,baseline,16,0.5,2,y*y,1,0.0,0.0
lorenz63,baseline,16,0.5,2,y*y,2,0.0,0.0
lorenz63,baseline,16,0.5,2,y*z,0,0.0,0.0
lorenz63,baseline,16,0.5,2,y*z,1,0.0,0.0
lorenz63,baseline,16,0.5,2,y*z,2,0.0,0.0
lorenz63,baseline,16,0.5,2,z*z,0,0.0,0.0
lorenz63,baseline,16,0.5,2,z*z,1,0.0,0.0
lorenz63,baseline,16,0.5,2,z*z,2,0.0,0.0
lorenz63,baseline,16,0.5,2,x*x*x,0,0.0,0.0
lorenz63,baseline,16,0.5,2,x*x*x,1,0.0,0.0
lorenz63,baseline,16,0.5,2,x*x*x,2,0.0,0.0
lorenz63,baseline,16,0.5,2,x*x*y,0,0.0,0.0
lorenz63,baseline,16,0.5,2,x*x*y,1,0.0,0.0
lorenz63,baseline,16,0.5,2,x*x*y,2,0.0,0.0
lorenz63,baseline,16,0.5,2,x*x*z,0,0.0,0.0
lorenz63,baseline,16,0.5,2,x*x*z,1,0.0,0.0
lorenz63,baseline,16,0.5,2,x*x*z,2,0.0,0.0
lorenz63,baseline,16,0.5,2,x*y*y,0,0.0,0.0
lorenz63,baseline,16,0.5,2,x*y*y,1,0.0,0.0
lorenz63,baseline,16,0.5,2,x*y*y,2,0.0,0.0
lorenz63,baseline,16,0.5,2,x*y*z,0,0.0,0.0
lorenz63,baseline,16,0.5,2,x*y*z,1,0.0,0.0
lorenz63,baseline,16,0.5,2,x*y*z,2,0.0,0.0
lorenz63,baseline,16,0.5,2,x*z*z,0,0.0,0.0
lorenz63,baseline,16,0.5,2,x*z*z,1,0.0,0.0
lorenz63,baseline,16,0.5,2,x*z*z,2,0.0,0.0
lorenz63,baseline,16,0.5,2,y*y*y,0,0.0,0.0
lorenz63,baseline,16,0.5,2,y*y*y,1,0.0,0.0
lorenz63,baseline,16,0.5,2,y*y*y,2,0.0,0.0
lorenz63,baseline,16,0.5,2,y*y*z,0,0.0,0.0
lorenz63,baseline,16,0.5,2,y*y*z,1,0.0,0.0
lorenz63,baseline,16,0.5,2,y*y*z,2,0.0,0.0
lorenz63,baseline,16,0.5,2,y*z*z,0,0.0,0.0
lorenz63,baseline,16,0.5,2,y*z*z,1,0.0,0.0
lorenz63,baseline,16,0.5,2,y*z*z,2,0.0,0.0
lorenz63,baseline,16,0.5,2,z*z*z,0,0.0,0.0
lorenz63,baseline,16,0.5,2,z*z*z,1,0.0,0.0
lorenz63,baseline,16,0.5,2,z*z*z,2,0.0,0.0
lorenz63,edmd_poly3,16,0.5,2,1,0,0.0,0.0
lorenz63,edmd_poly3,16,0.5,2,1,1,5.882539623795892,0.0
lorenz63,edmd_poly3,16,0.5,2,1,2,0.0,0.0
lorenz63,edmd_poly3,16,0.5,2,x,0,-5.998816157525816,-10.0
lorenz63,edmd_poly3,16,0.5,2,x,1,-8.447882187437582,28.0
lorenz63,edmd_poly3,16,0.5,2,x,2,0.0,0.0
lorenz63,edmd_poly3,16,0.5,2,y,0,6.0040093381853294,10.0
lorenz63,edmd_poly3,16,0.5,2,y,1,5.278949394862818,-1.0
lorenz63,edmd_poly3,16,0.5,2,y,2,0.0,0.0
lorenz63,edmd_poly3,16,0.5,2,z,0,0.0,0.0
lorenz63,edmd_poly3,16,0.5,2,z,1,0.0,0.0
lorenz63,edmd_poly3,16,0.5,2,z,2,0.0,-2.6666666666666665
lorenz63,edmd_poly3,16,0.5,2,x*x,0,0.0,0.0
lorenz63,edmd_poly3,16,0.5,2,x*x,1,0.0,0.0
lorenz63,edmd_poly3,16,0.5,2,x*x,2,0.0,0.0
lorenz63,edmd_poly3,16,0.5,2,x*y,0,0.0,0.0
lorenz63,edmd_poly3,16,0.5,2,x*y,1,0.0,0.0
lorenz63,edmd_poly3,16,0.5,2,x*y,2,0.0,1.0
lorenz63,edmd_poly3,16,0.5,2,x*z,0,0.0,0.0
lorenz63,edmd_poly3,16,0.5,2,x*z,1,0.0,-1.0
lorenz63,edmd_poly3,16,0.5,2,x*z,2,0.0,0.0
lorenz63,edmd_poly3,16,0.5,2,y*y,0,0.0,0.0
lorenz63,edmd_poly3,16,0.5,2,y*y,1,0.0,0.0
lorenz63,edmd_poly3,16,0.5,2,y*y,2,0.0,0.0
lorenz63,edmd_poly3,16,0.5,2,y*z,0,0.0,0.0
lorenz63,edmd_poly3,16,0.5,2,y*z,1,0.0,0.0
lorenz63,edmd_poly3,16,0.5,2,y*z,2,0.0,0.0
lorenz63,edmd_poly3,16,0.5,2,z*z,0,0.0,0.0
lorenz63,edmd_poly3,16,0.5,2,z*z,1,0.0,0.0
lorenz63,edmd_poly3,16,0.5,2,z*z,2,0.0,0.0
lorenz63,edmd_poly3,16,0.5,2,x*x*x,0,0.0,0.0
lorenz63,edmd_poly3,16,0.5,2,x*x*x,1,0.0,0.0
lorenz63,edmd_poly3,16,0.5,2,x*x*x,2,0.0,0.0
lorenz63,edmd_poly3,16,0.5,2,x*x*y,0,0.0,0.0
lorenz63,edmd_poly3,16,0.5,2,x*x*y,1,0.0,0.0
lorenz63,edmd_poly3,16,0.5,2,x*x*y,2,0.0,0.0
lorenz63,edmd_poly3,16,0.5,2,x*x*z,0,0.0,0.0
lorenz63,edmd_poly3,16,0.5,2,x*x*z,1,0.0,0.0
lorenz63,edmd_poly3,16,0.5,2,x*x*z,2,0.0,0.0
lorenz63,edmd_poly3,16,0.5,2,x*y*y,0,0.0,0.0
lorenz63,edmd_poly3,16,0.5,2,x*y*y,1,0.0,0.0
lorenz63,edmd_poly3,16,0.5,2,x*y*y,2,0.0,0.0
lorenz63,edmd_poly3,16,0.5,2,x*y*z,0,0.0,0.0
lorenz63,edmd_poly3,16,0.5,2,x*y*z,1,0.0,0.0
lorenz63,edmd_poly3,16,0.5,2,x*y*z,2,0.0,0.0
lorenz63,edmd_poly3,16,0.5,2,x*z*z,0,0.0,0.0
lorenz63,edmd_poly3,16,0.5,2,x*z*z,1,0.0,0.0
lorenz63,edmd_poly3,16,0.5,2,x*z*z,2,0.0,0.0
lorenz63,edmd_poly3,16,0.5,2,y*y*y,0,0.0,0.0
lorenz63,edmd_poly3,16,0.5,2,y*y*y,1,0.0,0.0
lorenz63,edmd_poly3,16,0.5,2,y*y*y,2,0.0,0.0
lorenz63,edmd_poly3,16,0.5,2,y*y*z,0,0.0,0.0
lorenz63,edmd_poly3,16,0.5,2,y*y*z,1,0.0,0.0
lorenz63,edmd_poly3,16,0.5,2,y*y*z,2,0.0,0.0
lorenz63,edmd_poly3,16,0.5,2,y*z*z,0,0.0,0.0
lorenz63,edmd_poly3,16,0.5,2,y*z*z,1,0.0,0.0
lorenz63,edmd_poly3,16,0.5,2,y*z*z,2,0.0,0.0
lorenz63,edmd_poly3,16,0.5,2,z*z*z,0,0.0,0.0
lorenz63,edmd_poly3,16,0.5,2,z*z*z,1,0.0,0.0
lorenz63,edmd_poly3,16,0.5,2,z*z*z,2,0.0,0.0
lorenz63,tv_diff,16,0.5,2,1,0,12.838787891297702,0.0
lorenz63,tv_diff,16,0.5,2,1,1,0.0,0.0
lorenz63,tv_diff,16,0.5,2,1,2,0.0,0.0
lorenz63,tv_diff,16,0.5,2,x,0,-2.614087336800291,-10.0
lorenz63,tv_diff,16,0.5,2,x,1,11.006193755938279,28.0
lorenz63,tv_diff,16,0.5,2,x,2,0.0,0.0
lorenz63,tv_diff,16,0.5,2,y,0,3.041291394154852,10.0
lorenz63,tv_diff,16,0.5,2,y,1,1.6758404938602978,-1.0
lorenz63,tv_diff,16,0.5,2,y,2,0.6149667150143099,0.0
lorenz63,tv_diff,16,0.5,2,z,0,-0.5602992058360534,0.0
lorenz63,tv_diff,16,0.5,2,z,1,0.0,0.0
lorenz63,tv_diff,16,0.5,2,z,2,0.0,-2.6666666666666665
lorenz63,tv_diff,16,0.5,2,x*x,0,0.0,0.0
lorenz63,tv_diff,16,0.5,2,x*x,1,0.0,0.0
lorenz63,tv_diff,16,0.5,2,x*x,2,0.0,0.0
lorenz63,tv_diff,16,0.5,2,x*y,0,0.0,0.0
lorenz63,tv_diff,16,0.5,2,x*y,1,0.0,0.0
lorenz63,tv_diff,16,0.5,2,x*y,2,0.0,1.0
lorenz63,tv_diff,16,0.5,2,x*z,0,0.0,0.0
lorenz63,tv_diff,16,0.5,2,x*z,1,-0.5042298104887869,-1.0
lorenz63,tv_diff,16,0.5,2,x*z,2,0.0,0.0
lorenz63,tv_diff,16,0.5,2,y*y,0,0.0,0.0
lorenz63,tv_diff,16,0.5,2,y*y,1,0.0,0.0
lorenz63,tv_diff,16,0.5,2,y*y,2,0.0,0.0
lorenz63,tv_diff,16,0.5,2,y*z,0,0.0,0.0
lorenz63,tv_diff,16,0.5,2,y*z,1,0.0,0.0
lorenz63,tv_diff,16,0.5,2,y*z,2,0.0,0.0
lorenz63,tv_diff,16,0.5,2,z*z,0,0.0,0.0
lorenz63,tv_diff,16,0.5,2,z*z,1,0.0,0.0
lorenz63,tv_diff,16,0.5,2,z*z,2,0.0,0.0
lorenz63,tv_diff,16,0.5,2,x*x*x,0,0.0,0.0
lorenz63,tv_diff,16,0.5,2,x*x*x,1,0.0,0.0
lorenz63,tv_diff,16,0.5,2,x*x*x,2,0.0,0.0
lorenz63,tv_diff,16,0.5,2,x*x*y,0,0.0,0.0
lorenz63,tv_diff,16,0.5,2,x*x*y,1,0.0,0.0
lorenz63,tv_diff,16,0.5,2,x*x*y,2,0.0,0.0
lorenz63,tv_diff,16,0.5,2,x*x*z,0,0.0,0.0
lorenz63,tv_diff,16,0.5,2,x*x*z,1,0.0,0.0
lorenz63,tv_diff,16,0.5,2,x*x*z,2,0.0,0.0
lorenz63,tv_diff,16,0.5,2,x*y*y,0,0.0,0.0
lorenz63,tv_diff,16,0.5,2,x*y*y,1,0.0,0.0
lorenz63,tv_diff,16,0.5,2,x*y*y,2,0.0,0.0
lorenz63,tv_diff,16,0.5,2,x*y*z,0,0.0,0.0
lorenz63,tv_diff,16,0.5,2,x*y*z,1,0.0,0.0
lorenz63,tv_diff,16,0.5,2,x*y*z,2,0.0,0.0
lorenz63,tv_diff,16,0.5,2,x*z*z,0,0.0,0.0
lorenz63,tv_diff,16,0.5,2,x*z*z,1,0.0,0.0
lorenz63,tv_diff,16,0.5,2,x*z*z,2,0.0,0.0
lorenz63,tv_diff,16,0.5,2,y*y*y,0,0.0,0.0
lorenz63,tv_diff,16,0.5,2,y*y*y,1,0.0,0.0
lorenz63,tv_diff,16,0.5,2,y*y*y,2,0.0,0.0
lorenz63,tv_diff,16,0.5,2,y*y*z,0,0.0,0.0
lorenz63,tv_diff,16,0.5,2,y*y*z,1,0.0,0.0
lorenz63,tv_diff,16,0.5,2,y*y*z,2,0.0,0.0
lorenz63,tv_diff,16,0.5,2,y*z*z,0,0.0,0.0
lorenz63,tv_diff,16,0.5,2,y*z*z,1,0.0,0.0
lorenz63,tv_diff,16,0.5,2,y*z*z,2,0.0,0.0
lorenz63,tv_diff,16,0.5,2,z*z*z,0,0.0,0.0
lorenz63,tv_diff,16,0.5,2,z*z*z,1,0.0,0.0
lorenz63,tv_diff,16,0.5,2,z*z*z,2,0.0,0.0
lorenz63,baseline,16,0.5,0,1,0,-3.607570609659515,0.0
lorenz63,baseline,16,0.5,0,1,1,2.9384489997293266,0.0
lorenz63,baseline,16,0.5,0,1,2,-22.829359956360072,0.0
lorenz63,baseline,16,0.5,0,x,0,-2.200615861185412,-10.0
lorenz63,baseline,16,0.5,0,x,1,9.038158915222796,28.0
lorenz63,baseline,16,0.5,0,x,2,-1.4960880144610937,0.0
lorenz63,baseline,16,0.5,0,y,0,6.546557223905639,10.0
lorenz63,baseline,16,0.5,0,y,1,1.280286066273104,-1.0
lorenz63,baseline,16,0.5,0,y,2,0.8969343842496756,0.0
lorenz63,baseline,16,0.5,0,z,0,0.12315397276585847,0.0
lorenz63,baseline,16,0.5,0,z,1,0.0,0.0
lorenz63,baseline,16,0.5,0,z,2,-0.7614304056324424,-2.6666666666666665
lorenz63,baseline,16,0.5,0,x*x,0,0.0,0.0
lorenz63,baseline,16,0.5,0,x*x,1,0.0,0.0
lorenz63,baseline,16,0.5,0,x*x,2,0.0,0.0
lorenz63,baseline,16,0.5,0,x*y,0,0.0,0.0
lorenz63,baseline,16,0.5,0,x*y,1,0.0,0.0
lorenz63,baseline,16,0.5,0,x*y,2,0.45554303297912657,1.0
lorenz63,baseline,16,0.5,0,x*z,0,0.0,0.0
lorenz63,baseline,16,0.5,0,x*z,1,-0.411627546227081,-1.0
lorenz63,baseline,16,0.5,0,x*z,2,0.0,0.0
lorenz63,baseline,16,0.5,0,y*y,0,0.0,0.0
lorenz63,baseline,16,0.5,0,y*y,1,0.0,0.0
lorenz63,baseline,16,0.5,0,y*y,2,0.1557318967521161,0.0
lorenz63,baseline,16,0.5,0,y*z,0,-0.1401401284256667,0.0
lorenz63,baseline,16,0.5,0,y*z,1,0.0,0.0
lorenz63,baseline,16,0.5,0,y*z,2,0.0,0.0
lorenz63,baseline,16,0.5,0,z*z,0,0.0,0.0
lorenz63,baseline,16,0.5,0,z*z,1,0.0,0.0
lorenz63,baseline,16,0.5,0,z*z,2,0.0,0.0
lorenz63,baseline,16,0.5,0,x*x*x,0,0.0,0.0
lorenz63,baseline,16,0.5,0,x*x*x,1,0.0,0.0
lorenz63,baseline,16,0.5,0,x*x*x,2,0.0,0.0
lorenz63,baseline,16,0.5,0,x*x*y,0,0.0,0.0
lorenz63,baseline,16,0.5,0,x*x*y,1,0.0,0.0
lorenz63,baseline,16,0.5,0,x*x*y,2,0.0,0.0
lorenz63,baseline,16,0.5,0,x*x*z,0,0.0,0.0
lorenz63,baseline,16,0.5,0,x*x*z,1,0.0,0.0
lorenz63,baseline,16,0.5,0,x*x*z,2,0.0,0.0
lorenz63,baseline,16,0.5,0,x*y*y,0,0.0,0.0
lorenz63,baseline,16,0.5,0,x*y*y,1,0.0,0.0
lorenz63,baseline,16,0.5,0,x*y*y,2,0.0,0.0
lorenz63,baseline,16,0.5,0,x*y*z,0,0.0,0.0
lorenz63,baseline,16,0.5,0,x*y*z,1,0.0,0.0
lorenz63,baseline,16,0.5,0,x*y*z,2,0.0,0.0
lorenz63,baseline,16,0.5,0,x*z*z,0,0.0,0.0
lorenz63,baseline,16,0.5,0,x*z*z,1,0.0,0.0
lorenz63,baseline,16,0.5,0,x*z*z,2,0.0,0.0
lorenz63,baseline,16,0.5,0,y*y*y,0,0.0,0.0
lorenz63,baseline,16,0.5,0,y*y*y,1,0.0,0.0
lorenz63,baseline,16,0.5,0,y*y*y,2,0.0,0.0
lorenz63,baseline,16,0.5,0,y*y*z,0,0.0,0.0
lorenz63,baseline,16,0.5,0,y*y*z,1,0.0,0.0
lorenz63,baseline,16,0.5,0,y*y*z,2,0.0,0.0
lorenz63,baseline,16,0.5,0,y*z*z,0,0.0,0.0
lorenz63,baseline,16,0.5,0,y*z*z,1,0.0,0.0
lorenz63,baseline,16,0.5,0,y*z*z,2,0.0,0.0
lorenz63,baseline,16,0.5,0,z*z*z,0,0.0,0.0
lorenz63,baseline,16,0.5,0,z*z*z,1,0.0,0.0
lorenz63,baseline,16,0.5,0,z*z*z,2,0.0,0.0
lorenz63,edmd_poly3,16,0.5,0,1,0,0.6105578844109885,0.0
lorenz63,edmd_poly3,16,0.5,0,1,1,1.731868189550252,0.0
lorenz63,edmd_poly3,16,0.5,0,1,2,-22.312677856207706,0.0
lorenz63,edmd_poly3,16,0.5,0,x,0,-4.014351196190567,-10.0
lorenz63,edmd_poly3,16,0.5,0,x,1,19.861174749450008,28.0
lorenz63,edmd_poly3,16,0.5,0,x,2,-0.7780125878721202,0.0
lorenz63,edmd_poly3,16,0.5,0,y,0,4.624920700522891,10.0
lorenz63,edmd_poly3,16,0.5,0,y,1,0.0,-1.0
lorenz63,edmd_poly3,16,0.5,0,y,2,0.0,0.0
lorenz63,edmd_poly3,16,0.5,0,z,0,0.0,0.0
lorenz63,edmd_poly3,16,0.5,0,z,1,0.0,0.0
lorenz63,edmd_poly3,16,0.5,0,z,2,-0.8151685782508156,-2.6666666666666665
lorenz63,edmd_poly3,16,0.5,0,x*x,0,0.0,0.0
lorenz63,edmd_poly3,16,0.5,0,x*x,1,0.0,0.0
lorenz63,edmd_poly3,16,0.5,0,x*x,2,-0.34346159653693686,0.0
lorenz63,edmd_poly3,16,0.5,0,x*y,0,0.0,0.0
lorenz63,edmd_poly3,16,0.5,0,x*y,1,0.0,0.0
lorenz63,edmd_poly3,16,0.5,0,x*y,2,1.1520301818139718,1.0
lorenz63,edmd_poly3,16,0.5,0,x*z,0,0.0,0.0
lorenz63,edmd_poly3,16,0.5,0,x*z,1,-0.7300396471337675,-1.0
lorenz63,edmd_poly3,16,0.5,0,x*z,2,0.0,0.0
lorenz63,edmd_poly3,16,0.5,0,y*y,0,0.0,0.0
lorenz63,edmd_poly3,16,0.5,0,y*y,1,0.0,0.0
lorenz63,edmd_poly3,16,0.5,0,y*y,2,0.0,0.0
lorenz63,edmd_poly3,16,0.5,0,y*z,0,0.0,0.0
lorenz63,edmd_poly3,16,0.5,0,y*z,1,0.0,0.0
lorenz63,edmd_poly3,16,0.5,0,y*z,2,0.0,0.0
lorenz63,edmd_poly3,16,0.5,0,z*z,0,0.0,0.0
lorenz63,edmd_poly3,16,0.5,0,z*z,1,0.0,0.0
lorenz63,edmd_poly3,16,0.5,0,z*z,2,0.0,0.0
lorenz63,edmd_poly3,16,0.5,0,x*x*x,0,0.0,0.0
lorenz63,edmd_poly3,16,0.5,0,x*x*x,1,0.0,0.0
lorenz63,edmd_poly3,16,0.5,0,x*x*x,2,0.0,0.0
lorenz63,edmd_poly3,16,0.5,0,x*x*y,0,0.0,0.0
lorenz63,edmd_poly3,16,0.5,0,x*x*y,1,0.0,0.0
lorenz63,edmd_poly3,16,0.5,0,x*x*y,2,0.0,0.0
lorenz63,edmd_poly3,16,0.5,0,x*x*z,0,0.0,0.0
lorenz63,edmd_poly3,16,0.5,0,x*x*z,1,0.0,0.0
lorenz63,edmd_poly3,16,0.5,0,x*x*z,2,0.0,0.0
lorenz63,edmd_poly3,16,0.5,0,x*y*y,0,0.0,0.0
lorenz63,edmd_poly3,16,0.5,0,x*y*y,1,0.0,0.0
lorenz63,edmd_poly3,16,0.5,0,x*y*y,2,0.0,0.0
lorenz63,edmd_poly3,16,0.5,0,x*y*z,0,0.0,0.0
lorenz63,edmd_poly3,16,0.5,0,x*y*z,1,0.0,0.0
lorenz63,edmd_poly3,16,0.5,0,x*y*z,2,0.0,0.0
lorenz63,edmd_poly3,16,0.5,0,x*z*z,0,0.0,0.0
lorenz63,edmd_poly3,16,0.5,0,x*z*z,1,0.0,0.0
lorenz63,edmd_poly3,16,0.5,0,x*z*z,2,0.0,0.0
lorenz63,edmd_poly3,16,0.5,0,y*y*y,0,0.0,0.0
lorenz63,edmd_poly3,16,0.5,0,y*y*y,1,0.0,0.0
lorenz63,edmd_poly3,16,0.5,0,y*y*y,2,0.0,0.0
lorenz63,edmd_poly3,16,0.5,0,y*y*z,0,0.0,0.0
lorenz63,edmd_poly3,16,0.5,0,y*y*z,1,0.0,0.0
lorenz63,edmd_poly3,16,0.5,0,y*y*z,2,0.0,0.0
lorenz63,edmd_poly3,16,0.5,0,y*z*z,0,0.0,0.0
lorenz63,edmd_poly3,16,0.5,0,y*z*z,1,0.0,0.0
lorenz63,edmd_poly3,16,0.5,0,y*z*z,2,0.0,0.0
lorenz63,edmd_poly3,16,0.5,0,z*z*z,0,0.0,0.0
lorenz63,edmd_poly3,16,0.5,0,z*z*z,1,0.0,0.0
lorenz63,edmd_poly3,16,0.5,0,z*z*z,2,0.0,0.0
lorenz63,tv_diff,16,0.5,0,1,0,0.0,0.0
lorenz63,tv_diff,16,0.5,0,1,1,3.5890218949438215,0.0
lorenz63,tv_diff,16,0.5,0,1,2,-1.3985867857057512,0.0
lorenz63,tv_diff,16,0.5,0,x,0,-4.245095937559488,-10.0
lorenz63,tv_diff,16,0.5,0,x,1,-5.370139910661003,28.0
lorenz63,tv_diff,16,0.5,0,x,2,-2.081461809256717,0.0
lorenz63,tv_diff,16,0.5,0,y,0,4.868981469078117,10.0
lorenz63,tv_diff,16,0.5,0,y,1,4.031679511921122,-1.0
lorenz63,tv_diff,16,0.5,0,y,2,2.784883294186981,0.0
lorenz63,tv_diff,16,0.5,0,z,0,0.0,0.0
lorenz63,tv_diff,16,0.5,0,z,1,0.0,0.0
lorenz63,tv_diff,16,0.5,0,z,2,0.0,-2.6666666666666665
lorenz63,tv_diff,16,0.5,0,x*x,0,0.0,0.0
lorenz63,tv_diff,16,0.5,0,x*x,1,0.0,0.0
lorenz63,tv_diff,16,0.5,0,x*x,2,0.0,0.0
lorenz63,tv_diff,16,0.5,0,x*y,0,0.0,0.0
lorenz63,tv_diff,16,0.5,0,x*y,1,0.0,0.0
lorenz63,tv_diff,16,0.5,0,x*y,2,0.0,1.0
lorenz63,tv_diff,16,0.5,0,x*z,0,0.0,0.0
lorenz63,tv_diff,16,0.5,0,x*z,1,0.0,-1.0
lorenz63,tv_diff,16,0.5,0,x*z,2,0.0,0.0
lorenz63,tv_diff,16,0.5,0,y*y,0,0.0,0.0
lorenz63,tv_diff,16,0.5,0,y*y,1,0.0,0.0
lorenz63,tv_diff,16,0.5,0,y*y,2,0.0,0.0
lorenz63,tv_diff,16,0.5,0,y*z,0,0.0,0.0
lorenz63,tv_diff,16,0.5,0,y*z,1,0.0,0.0
lorenz63,tv_diff,16,0.5,0,y*z,2,0.0,0.0
lorenz63,tv_diff,16,0.5,0,z*z,0,0.0,0.0
lorenz63,tv_diff,16,0.5,0,z*z,1,0.0,0.0
lorenz63,tv_diff,16,0.5,0,z*z,2,0.0,0.0
lorenz63,tv_diff,16,0.5,0,x*x*x,0,0.0,0.0
lorenz63,tv_diff,16,0.5,0,x*x*x,1,0.0,0.0
lorenz63,tv_diff,16,0.5,0,x*x*x,2,0.0,0.0
lorenz63,tv_diff,16,0.5,0,x*x*y,0,0.0,0.0
lorenz63,tv_diff,16,0.5,0,x*x*y,1,0.0,0.0
lorenz63,tv_diff,16,0.5,0,x*x*y,2,0.0,0.0
lorenz63,tv_diff,16,0.5,0,x*x*z,0,0.0,0.0
lorenz63,tv_diff,16,0.5,0,x*x*z,1,0.0,0.0
lorenz63,tv_diff,16,0.5,0,x*x*z,2,0.0,0.0
lorenz63,tv_diff,16,0.5,0,x*y*y,0,0.0,0.0
lorenz63,tv_diff,16,0.5,0,x*y*y,1,0.0,0.0
lorenz63,tv_diff,16,0.5,0,x*y*y,2,0.0,0.0
lorenz63,tv_diff,16,0.5,0,x*y*z,0,0.0,0.0
lorenz63,tv_diff,16,0.5,0,x*y*z,1,0.0,0.0
lorenz63,tv_diff,16,0.5,0,x*y*z,2,0.0,0.0
lorenz63,tv_diff,16,0.5,0,x*z*z,0,0.0,0.0
lorenz63,tv_diff,16,0.5,0,x*z*z,1,0.0,0.0
lorenz63,tv_diff,16,0.5,0,x*z*z,2,0.0,0.0
lorenz63,tv_diff,16,0.5,0,y*y*y,0,0.0,0.0
lorenz63,tv_diff,16,0.5,0,y*y*y,1,0.0,0.0
lorenz63,tv_diff,16,0.5,0,y*y*y,2,0.0,0.0
lorenz63,tv_diff,16,0.5,0,y*y*z,0,0.0,0.0
lorenz63,tv_diff,16,0.5,0,y*y*z,1,0.0,0.0
lorenz63,tv_diff,16,0.5,0,y*y*z,2,0.0,0.0
lorenz63,tv_diff,16,0.5,0,y*z*z,0,0.0,0.0
lorenz63,tv_diff,16,0.5,0,y*z*z,1,0.0,0.0
lorenz63,tv_diff,16,0.5,0,y*z*z,2,0.0,0.0
lorenz63,tv_diff,16,0.5,0,z*z*z,0,0.0,0.0
lorenz63,tv_diff,16,0.5,0,z*z*z,1,0.0,0.0
lorenz63,tv_diff,16,0.5,0,z*z*z,2,0.0,0.0
lorenz63,baseline,64,0.05,0,1,0,-2.2822743361801003,0.0
lorenz63,baseline,64,0.05,0,1,1,0.0,0.0
lorenz63,baseline,64,0.05,0,1,2,0.0,0.0
lorenz63,baseline,64,0.05,0,x,0,-1.3539531586809466,-10.0
lorenz63,baseline,64,0.05,0,x,1,0.0,28.0
lorenz63,baseline,64,0.05,0,x,2,0.0,0.0
lorenz63,baseline,64,0.05,0,y,0,1.998694840173529,10.0
lorenz63,baseline,64,0.05,0,y,1,0.0,-1.0
lorenz63,baseline,64,0.05,0,y,2,0.0,0.0
lorenz63,baseline,64,0.05,0,z,0,0.0,0.0
lorenz63,baseline,64,0.05,0,z,1,0.0,0.0
lorenz63,baseline,64,0.05,0,z,2,0.0,-2.6666666666666665
lorenz63,baseline,64,0.05,0,x*x,0,0.0,0.0
lorenz63,baseline,64,0.05,0,x*x,1,0.0,0.0
lorenz63,baseline,64,0.05,0,x*x,2,0.0,0.0
lorenz63,baseline,64,0.05,0,x*y,0,0.0,0.0
lorenz63,baseline,64,0.05,0,x*y,1,0.0,0.0
lorenz63,baseline,64,0.05,0,x*y,2,0.0,1.0
lorenz63,baseline,64,0.05,0,x*z,0,0.0,0.0
lorenz63,baseline,64,0.05,0,x*z,1,0.0,-1.0
lorenz63,baseline,64,0.05,0,x*z,2,0.0,0.0
lorenz63,baseline,64,0.05,0,y*y,0,0.0,0.0
lorenz63,baseline,64,0.05,0,y*y,1,0.0,0.0
lorenz63,baseline,64,0.05,0,y*y,2,0.0,0.0
lorenz63,baseline,64,0.05,0,y*z,0,0.0,0.0
lorenz63,baseline,64,0.05,0,y*z,1,0.0,0.0
lorenz63,baseline,64,0.05,0,y*z,2,0.0,0.0
lorenz63,baseline,64,0.05,0,z*z,0,0.0,0.0
lorenz63,baseline,64,0.05,0,z*z,1,0.0,0.0
lorenz63,baseline,64,0.05,0,z*z,2,0.0,0.0
lorenz63,baseline,64,0.05,0,x*x*x,0,0.0,0.0
lorenz63,baseline,64,0.05,0,x*x*x,1,0.0,0.0
lorenz63,baseline,64,0.05,0,x*x*x,2,0.0,0.0
lorenz63,baseline,64,0.05,0,x*x*y,0,0.0,0.0
lorenz63,baseline,64,0.05,0,x*x*y,1,0.0,0.0
lorenz63,baseline,64,0.05,0,x*x*y,2,0.0,0.0
lorenz63,baseline,64,0.05,0,x*x*z,0,0.0,0.0
lorenz63,baseline,64,0.05,0,x*x*z,1,0.0,0.0
lorenz63,baseline,64,0.05,0,x*x*z,2,0.0,0.0
lorenz63,baseline,64,0.05,0,x*y*y,0,0.0,0.0
lorenz63,baseline,64,0.05,0,x*y*y,1,0.0,0.0
lorenz63,baseline,64,0.05,0,x*y*y,2,0.0,0.0
lorenz63,baseline,64,0.05,0,x*y*z,0,0.0,0.0
lorenz63,baseline,64,0.05,0,x*y*z,1,0.0,0.0
lorenz63,baseline,64,0.05,0,x*y*z,2,0.0,0.0
lorenz63,baseline,64,0.05,0,x*z*z,0,0.0,0.0
lorenz63,baseline,64,0.05,0,x*z*z,1,0.0,0.0
lorenz63,baseline,64,0.05,0,x*z*z,2,0.0,0.0
lorenz63,baseline,64,0.05,0,y*y*y,0,0.0,0.0
lorenz63,baseline,64,0.05,0,y*y*y,1,0.0,0.0
lorenz63,baseline,64,0.05,0,y*y*y,2,0.0,0.0
lorenz63,baseline,64,0.05,0,y*y*z,0,0.0,0.0
lorenz63,baseline,64,0.05,0,y*y*z,1,0.0,0.0
lorenz63,baseline,64,0.05,0,y*y*z,2,0.0,0.0
lorenz63,baseline,64,0.05,0,y*z*z,0,0.0,0.0
lorenz63,baseline,64,0.05,0,y*z*z,1,0.0,0.0
lorenz63,baseline,64,0.05,0,y*z*z,2,0.0,0.0
lorenz63,baseline,64,0.05,0,z*z*z,0,0.0,0.0
lorenz63,baseline,64,0.05,0,z*z*z,1,0.0,0.0
lorenz63,baseline,64,0.05,0,z*z*z,2,0.0,0.0
lorenz63,edmd_poly3,64,0.05,0,1,0,-2.240384226352269,0.0
lorenz63,edmd_poly3,64,0.05,0,1,1,2.0575177232420434,0.0
lorenz63,edmd_poly3,64,0.05,0,1,2,-4.499076187108337,0.0
lorenz63,edmd_poly3,64,0.05,0,x,0,-2.7194803147193483,-10.0
lorenz63,edmd_poly3,64,0.05,0,x,1,-3.4541345797594496,28.0
lorenz63,edmd_poly3,64,0.05,0,x,2,-0.8757844443655249,0.0
lorenz63,edmd_poly3,64,0.05,0,y,0,3.9872007525172726,10.0
lorenz63,edmd_poly3,64,0.05,0,y,1,2.3027479693123722,-1.0
lorenz63,edmd_poly3,64,0.05,0,y,2,0.0,0.0
lorenz63,edmd_poly3,64,0.05,0,z,0,0.0,0.0
lorenz63,edmd_poly3,64,0.05,0,z,1,0.0,0.0
lorenz63,edmd_poly3,64,0.05,0,z,2,-1.7947979767211262,-2.6666666666666665
lorenz63,edmd_poly3,64,0.05,0,x*x,0,0.0,0.0
lorenz63,edmd_poly3,64,0.05,0,x*x,1,0.0,0.0
lorenz63,edmd_poly3,64,0.05,0,x*x,2,0.4494419006764319,0.0
lorenz63,edmd_poly3,64,0.05,0,x*y,0,0.0,0.0
lorenz63,edmd_poly3,64,0.05,0,x*y,1,0.0,0.0
lorenz63,edmd_poly3,64,0.05,0,x*y,2,0.6759002541158163,1.0
lorenz63,edmd_poly3,64,0.05,0,x*z,0,0.0,0.0
lorenz63,edmd_poly3,64,0.05,0,x*z,1,0.0,-1.0
lorenz63,edmd_poly3,64,0.05,0,x*z,2,0.0,0.0
lorenz63,edmd_poly3,64,0.05,0,y*y,0,0.0,0.0
lorenz63,edmd_poly3,64,0.05,0,y*y,1,0.0,0.0
lorenz63,edmd_poly3,64,0.05,0,y*y,2,0.0,0.0
lorenz63,edmd_poly3,64,0.05,0,y*z,0,0.0,0.0
lorenz63,edmd_poly3,64,0.05,0,y*z,1,0.0,0.0
lorenz63,edmd_poly3,64,0.05,0,y*z,2,0.0,0.0
lorenz63,edmd_poly3,64,0.05,0,z*z,0,0.0,0.0
lorenz63,edmd_poly3,64,0.05,0,z*z,1,0.0,0.0
lorenz63,edmd_poly3,64,0.05,0,z*z,2,0.0,0.0
lorenz63,edmd_poly3,64,0.05,0,x*x*x,0,0.0,0.0
lorenz63,edmd_poly3,64,0.05,0,x*x*x,1,0.0,0.0
lorenz63,edmd_poly3,64,0.05,0,x*x*x,2,0.0,0.0
lorenz63,edmd_poly3,64,0.05,0,x*x*y,0,0.0,0.0
lorenz63,edmd_poly3,64,0.05,0,x*x*y,1,0.0,0.0
lorenz63,edmd_poly3,64,0.05,0,x*x*y,2,0.0,0.0
lorenz63,edmd_poly3,64,0.05,0,x*x*z,0,0.0,0.0
lorenz63,edmd_poly3,64,0.05,0,x*x*z,1,0.0,0.0
lorenz63,edmd_poly3,64,0.05,0,x*x*z,2,0.0,0.0
lorenz63,edmd_poly3,64,0.05,0,x*y*y,0,0.0,0.0
lorenz63,edmd_poly3,64,0.05,0,x*y*y,1,0.0,0.0
lorenz63,edmd_poly3,64,0.05,0,x*y*y,2,0.0,0.0
lorenz63,edmd_poly3,64,0.05,0,x*y*z,0,0.0,0.0
lorenz63,edmd_poly3,64,0.05,0,x*y*z,1,0.0,0.0
lorenz63,edmd_poly3,64,0.05,0,x*y*z,2,0.0,0.0
lorenz63,edmd_poly3,64,0.05,0,x*z*z,0,0.0,0.0
lorenz63,edmd_poly3,64,0.05,0,x*z*z,1,0.0,0.0
lorenz63,edmd_poly3,64,0.05,0,x*z*z,2,0.0,0.0
lorenz63,edmd_poly3,64,0.05,0,y*y*y,0,0.0,0.0
lorenz63,edmd_poly3,64,0.05,0,y*y*y,1,0.0,0.0
lorenz63,edmd_poly3,64,0.05,0,y*y*y,2,0.0,0.0
lorenz63,edmd_poly3,64,0.05,0,y*y*z,0,0.0,0.0
lorenz63,edmd_poly3,64,0.05,0,y*y*z,1,0.0,0.0
lorenz63,edmd_poly3,64,0.05,0,y*y*z,2,0.0,0.0
lorenz63,edmd_poly3,64,0.05,0,y*z*z,0,0.0,0.0
lorenz63,edmd_poly3,64,0.05,0,y*z*z,1,0.0,0.0
lorenz63,edmd_poly3,64,0.05,0,y*z*z,2,0.0,0.0
lorenz63,edmd_poly3,64,0.05,0,z*z*z,0,0.0,0.0
lorenz63,edmd_poly3,64,0.05,0,z*z*z,1,0.0,0.0
lorenz63,edmd_poly3,64,0.05,0,z*z*z,2,0.0,0.0
lorenz63,tv_diff,64,0.05,0,1,0,-0.05643369117536629,0.0
lorenz63,tv_diff,64,0.05,0,1,1,-0.16314794086278767,0.0
lorenz63,tv_diff,64,0.05,0,1,2,0.08636213591168493,0.0
lorenz63,tv_diff,64,0.05,0,x,0,-0.014870322199740153,-10.0
lorenz63,tv_diff,64,0.05,0,x,1,-0.03632723175608329,28.0
lorenz63,tv_diff,64,0.05,0,x,2,0.0192297711226792,0.0
lorenz63,tv_diff,64,0.05,0,y,0,0.002996966002186246,10.0
lorenz63,tv_diff,64,0.05,0,y,1,0.022636082734051207,-1.0
lorenz63,tv_diff,64,0.05,0,y,2,-0.011982378648982123,0.0
lorenz63,tv_diff,64,0.05,0,z,0,-0.0025805173480008287,0.0
lorenz63,tv_diff,64,0.05,0,z,1,-0.007573150591005441,0.0
lorenz63,tv_diff,64,0.05,0,z,2,0.004008836732977793,-2.6666666666666665
lorenz63,tv_diff,64,0.05,0,x*x,0,0.0,0.0
lorenz63,tv_diff,64,0.05,0,x*x,1,-0.00850688154077133,0.0
lorenz63,tv_diff,64,0.05,0,x*x,2,0.004503105617263286,0.0
lorenz63,tv_diff,64,0.05,0,x*y,0,0.0,0.0
lorenz63,tv_diff,64,0.05,0,x*y,1,0.0015973960854574784,0.0
lorenz63,tv_diff,64,0.05,0,x*y,2,-0.000845579352079503,1.0
lorenz63,tv_diff,64,0.05,0,x*z,0,0.0,0.0
lorenz63,tv_diff,64,0.05,0,x*z,1,-0.0016974802222173425,-1.0
lorenz63,tv_diff,64,0.05,0,x*z,2,0.0008985587145926556,0.0
lorenz63,tv_diff,64,0.05,0,y*y,0,0.0,0.0
lorenz63,tv_diff,64,0.05,0,y*y,1,0.0,0.0
lorenz63,tv_diff,64,0.05,0,y*y,2,0.0,0.0
lorenz63,tv_diff,64,0.05,0,y*z,0,0.0,0.0
lorenz63,tv_diff,64,0.05,0,y*z,1,0.0,0.0
lorenz63,tv_diff,64,0.05,0,y*z,2,0.0,0.0
lorenz63,tv_diff,64,0.05,0,z*z,0,0.0,0.0
lorenz63,tv_diff,64,0.05,0,z*z,1,0.0,0.0
lorenz63,tv_diff,64,0.05,0,z*z,2,0.0,0.0
lorenz63,tv_diff,64,0.05,0,x*x*x,0,0.0,0.0
lorenz63,tv_diff,64,0.05,0,x*x*x,1,0.0,0.0
lorenz63,tv_diff,64,0.05,0,x*x*x,2,0.0,0.0
lorenz63,tv_diff,64,0.05,0,x*x*y,0,0.0,0.0
lorenz63,tv_diff,64,0.05,0,x*x*y,1,0.0,0.0
lorenz63,tv_diff,64,0.05,0,x*x*y,2,0.0,0.0
lorenz63,tv_diff,64,0.05,0,x*x*z,0,0.0,0.0
lorenz63,tv_diff,64,0.05,0,x*x*z,1,0.0,0.0
lorenz63,tv_diff,64,0.05,0,x*x*z,2,0.0,0.0
lorenz63,tv_diff,64,0.05,0,x*y*y,0,0.0,0.0
lorenz63,tv_diff,64,0.05,0,x*y*y,1,0.0,0.0
lorenz63,tv_diff,64,0.05,0,x*y*y,2,0.0,0.0
lorenz63,tv_diff,64,0.05,0,x*y*z,0,0.0,0.0
lorenz63,tv_diff,64,0.05,0,x*y*z,1,0.0,0.0
lorenz63,tv_diff,64,0.05,0,x*y*z,2,0.0,0.0
lorenz63,tv_diff,64,0.05,0,x*z*z,0,0.0,0.0
lorenz63,tv_diff,64,0.05,0,x*z*z,1,0.0,0.0
lorenz63,tv_diff,64,0.05,0,x*z*z,2,0.0,0.0
lorenz63,tv_diff,64,0.05,0,y*y*y,0,0.0,0.0
lorenz63,tv_diff,64,0.05,0,y*y*y,1,0.0,0.0
lorenz63,tv_diff,64,0.05,0,y*y*y,2,0.0,0.0
lorenz63,tv_diff,64,0.05,0,y*y*z,0,0.0,0.0
lorenz63,tv_diff,64,0.05,0,y*y*z,1,0.0,0.0
lorenz63,tv_diff,64,0.05,0,y*y*z,2,0.0,0.0
lorenz63,tv_diff,64,0.05,0,y*z*z,0,0.0,0.0
lorenz63,tv_diff,64,0.05,0,y*z*z,1,0.0,0.0
lorenz63,tv_diff,64,0.05,0,y*z*z,2,0.0,0.0
lorenz63,tv_diff,64,0.05,0,z*z*z,0,0.0,0.0
lorenz63,tv_diff,64,0.05,0,z*z*z,1,0.0,0.0
lorenz63,tv_diff,64,0.05,0,z*z*z,2,0.0,0.0
lorenz63,baseline,64,0.05,1,1,0,-2.2778104473875076,0.0
lorenz63,baseline,64,0.05,1,1,1,0.0,0.0
lorenz63,baseline,64,0.05,1,1,2,0.43395952407539123,0.0
lorenz63,baseline,64,0.05,1,x,0,-1.431642132785698,-10.0
lorenz63,baseline,64,0.05,1,x,1,-1.950198666791594,28.0
lorenz63,baseline,64,0.05,1,x,2,0.0,0.0
lorenz63,baseline,64,0.05,1,y,0,2.0479097673535347,10.0
lorenz63,baseline,64,0.05,1,y,1,1.4080357533471461,-1.0
lorenz63,baseline,64,0.05,1,y,2,0.0,0.0
lorenz63,baseline,64,0.05,1,z,0,0.0,0.0
lorenz63,baseline,64,0.05,1,z,1,0.0,0.0
lorenz63,baseline,64,0.05,1,z,2,0.0,-2.6666666666666665
lorenz63,baseline,64,0.05,1,x*x,0,0.0,0.0
lorenz63,baseline,64,0.05,1,x*x,1,0.0,0.0
lorenz63,baseline,64,0.05,1,x*x,2,0.0,0.0
lorenz63,baseline,64,0.05,1,x*y,0,0.0,0.0
lorenz63,baseline,64,0.05,1,x*y,1,0.0,0.0
lorenz63,baseline,64,0.05,1,x*y,2,0.0,1.0
lorenz63,baseline,64,0.05,1,x*z,0,0.0,0.0
lorenz63,baseline,64,0.05,1,x*z,1,0.0,-1.0
lorenz63,baseline,64,0.05,1,x*z,2,0.0,0.0
lorenz63,baseline,64,0.05,1,y*y,0,0.0,0.0
lorenz63,baseline,64,0.05,1,y*y,1,0.0,0.0
lorenz63,baseline,64,0.05,1,y*y,2,0.0,0.0
lorenz63,baseline,64,0.05,1,y*z,0,0.0,0.0
lorenz63,baseline,64,0.05,1,y*z,1,0.0,0.0
lorenz63,baseline,64,0.05,1,y*z,2,0.0,0.0
lorenz63,baseline,64,0.05,1,z*z,0,0.0,0.0
lorenz63,baseline,64,0.05,1,z*z,1,0.0,0.0
lorenz63,baseline,64,0.05,1,z*z,2,0.0,0.0
lorenz63,baseline,64,0.05,1,x*x*x,0,0.0,0.0
lorenz63,baseline,64,0.05,1,x*x*x,1,0.0,0.0
lorenz63,baseline,64,0.05,1,x*x*x,2,0.0,0.0
lorenz63,baseline,64,0.05,1,x*x*y,0,0.0,0.0
lorenz63,baseline,64,0.05,1,x*x*y,1,0.0,0.0
lorenz63,baseline,64,0.05,1,x*x*y,2,0.0,0.0
lorenz63,baseline,64,0.05,1,x*x*z,0,0.0,0.0
lorenz63,baseline,64,0.05,1,x*x*z,1,0.0,0.0
lorenz63,baseline,64,0.05,1,x*x*z,2,0.0,0.0
lorenz63,baseline,64,0.05,1,x*y*y,0,0.0,0.0
lorenz63,baseline,64,0.05,1,x*y*y,1,0.0,0.0
lorenz63,baseline,64,0.05,1,x*y*y,2,0.0,0.0
lorenz63,baseline,64,0.05,1,x*y*z,0,0.0,0.0
lorenz63,baseline,64,0.05,1,x*y*z,1,0.0,0.0
lorenz63,baseline,64,0.05,1,x*y*z,2,0.0,0.0
lorenz63,baseline,64,0.05,1,x*z*z,0,0.0,0.0
lorenz63,baseline,64,0.05,1,x*z*z,1,0.0,0.0
lorenz63,baseline,64,0.05,1,x*z*z,2,0.0,0.0
lorenz63,baseline,64,0.05,1,y*y*y,0,0.0,0.0
lorenz63,baseline,64,0.05,1,y*y*y,1,0.0,0.0
lorenz63,baseline,64,0.05,1,y*y*y,2,0.0,0.0
lorenz63,baseline,64,0.05,1,y*y*z,0,0.0,0.0
lorenz63,baseline,64,0.05,1,y*y*z,1,0.0,0.0
lorenz63,baseline,64,0.05,1,y*y*z,2,0.0,0.0
lorenz63,baseline,64,0.05,1,y*z*z,0,0.0,0.0
lorenz63,baseline,64,0.05,1,y*z*z,1,0.0,0.0
lorenz63,baseline,64,0.05,1,y*z*z,2,0.0,0.0
lorenz63,baseline,64,0.05,1,z*z*z,0,0.0,0.0
lorenz63,baseline,64,0.05,1,z*z*z,1,0.0,0.0
lorenz63,baseline,64,0.05,1,z*z*z,2,0.0,0.0
lorenz63,edmd_poly3,64,0.05,1,1,0,14.61734042959696,0.0
lorenz63,edmd_poly3,64,0.05,1,1,1,18.823168909313548,0.0
lorenz63,edmd_poly3,64,0.05,1,1,2,0.0,0.0
lorenz63,edmd_poly3,64,0.05,1,x,0,1.848872772963932,-10.0
lorenz63,edmd_poly3,64,0.05,1,x,1,-0.9376914195207924,28.0
lorenz63,edmd_poly3,64,0.05,1,x,2,0.48638266368679933,0.0
lorenz63,edmd_poly3,64,0.05,1,y,0,6.141254150410097,10.0
lorenz63,edmd_poly3,64,0.05,1,y,1,2.0673048308716413,-1.0
lorenz63,edmd_poly3,64,0.05,1,y,2,0.0,0.0
lorenz63,edmd_poly3,64,0.05,1,z,0,-0.8307687272338998,0.0
lorenz63,edmd_poly3,64,0.05,1,z,1,-0.8635233006976307,0.0
lorenz63,edmd_poly3,64,0.05,1,z,2,0.0,-2.6666666666666665
lorenz63,edmd_poly3,64,0.05,1,x*x,0,0.5418668703582402,0.0
lorenz63,edmd_poly3,64,0.05,1,x*x,1,0.0,0.0
lorenz63,edmd_poly3,64,0.05,1,x*x,2,0.0,0.0
lorenz63,edmd_poly3,64,0.05,1,x*y,0,-2.128313364331325,0.0
lorenz63,edmd_poly3,64,0.05,1,x*y,1,0.0,0.0
lorenz63,edmd_poly3,64,0.05,1,x*y,2,0.0,1.0
lorenz63,edmd_poly3,64,0.05,1,x*z,0,0.0,0.0
lorenz63,edmd_poly3,64,0.05,1,x*z,1,0.0,-1.0
lorenz63,edmd_poly3,64,0.05,1,x*z,2,0.0,0.0
lorenz63,edmd_poly3,64,0.05,1,y*y,0,1.674526142643855,0.0
lorenz63,edmd_poly3,64,0.05,1,y*y,1,0.0,0.0
lorenz63,edmd_poly3,64,0.05,1,y*y,2,0.0,0.0
lorenz63,edmd_poly3,64,0.05,1,y*z,0,-0.36603381015916747,0.0
lorenz63,edmd_poly3,64,0.05,1,y*z,1,0.0,0.0
lorenz63,edmd_poly3,64,0.05,1,y*z,2,0.0,0.0
lorenz63,edmd_poly3,64,0.05,1,z*z,0,0.0,0.0
lorenz63,edmd_poly3,64,0.05,1,z*z,1,0.0,0.0
lorenz63,edmd_poly3,64,0.05,1,z*z,2,0.0,0.0
lorenz63,edmd_poly3,64,0.05,1,x*x*x,0,0.0,0.0
lorenz63,edmd_poly3,64,0.05,1,x*x*x,1,0.0,0.0
lorenz63,edmd_poly3,64,0.05,1,x*x*x,2,0.0,0.0
lorenz63,edmd_poly3,64,0.05,1,x*x*y,0,0.0,0.0
lorenz63,edmd_poly3,64,0.05,1,x*x*y,1,0.0,0.0
lorenz63,edmd_poly3,64,0.05,1,x*x*y,2,0.0,0.0
lorenz63,edmd_poly3,64,0.05,1,x*x*z,0,0.0,0.0
lorenz63,edmd_poly3,64,0.05,1,x*x*z,1,0.0,0.0
lorenz63,edmd_poly3,64,0.05,1,x*x*z,2,0.0,0.0
lorenz63,edmd_poly3,64,0.05,1,x*y*y,0,0.0,0.0
lorenz63,edmd_poly3,64,0.05,1,x*y*y,1,0.0,0.0
lorenz63,edmd_poly3,64,0.05,1,x*y*y,2,0.0,0.0
lorenz63,edmd_poly3,64,0.05,1,x*y*z,0,0.0,0.0
lorenz63,edmd_poly3,64,0.05,1,x*y*z,1,0.0,0.0
lorenz63,edmd_poly3,64,0.05,1,x*y*z,2,0.0,0.0
lorenz63,edmd_poly3,64,0.05,1,x*z*z,0,0.0,0.0
lorenz63,edmd_poly3,64,0.05,1,x*z*z,1,0.0,0.0
lorenz63,edmd_poly3,64,0.05,1,x*z*z,2,0.0,0.0
lorenz63,edmd_poly3,64,0.05,1,y*y*y,0,0.0,0.0
lorenz63,edmd_poly3,64,0.05,1,y*y*y,1,0.0,0.0
lorenz63,edmd_poly3,64,0.05,1,y*y*y,2,0.0,0.0
lorenz63,edmd_poly3,64,0.05,1,y*y*z,0,0.0,0.0
lorenz63,edmd_poly3,64,0.05,1,y*y*z,1,0.0,0.0
lorenz63,edmd_poly3,64,0.05,1,y*y*z,2,0.0,0.0
lorenz63,edmd_poly3,64,0.05,1,y*z*z,0,0.0,0.0
lorenz63,edmd_poly3,64,0.05,1,y*z*z,1,0.0,0.0
lorenz63,edmd_poly3,64,0.05,1,y*z*z,2,0.0,0.0
lorenz63,edmd_poly3,64,0.05,1,z*z*z,0,0.0,0.0
lorenz63,edmd_poly3,64,0.05,1,z*z*z,1,0.0,0.0
lorenz63,edmd_poly3,64,0.05,1,z*z*z,2,0.0,0.0
lorenz63,tv_diff,64,0.05,1,1,0,-0.05759273859668334,0.0
lorenz63,tv_diff,64,0.05,1,1,1,-0.16280525023131648,0.0
lorenz63,tv_diff,64,0.05,1,1,2,0.08010962667478048,0.0
lorenz63,tv_diff,64,0.05,1,x,0,-0.014938215059754971,-10.0
lorenz63,tv_diff,64,0.05,1,x,1,-0.03556766973968847,28.0
lorenz63,tv_diff,64,0.05,1,x,2,0.01750135512254742,0.0
lorenz63,tv_diff,64,0.05,1,y,0,0.0032309370433141957,10.0
lorenz63,tv_diff,64,0.05,1,y,1,0.022928002852125862,-1.0
lorenz63,tv_diff,64,0.05,1,y,2,-0.011281907224479176,0.0
lorenz63,tv_diff,64,0.05,1,z,0,-0.0026126608247208647,0.0
lorenz63,tv_diff,64,0.05,1,z,1,-0.007485944805401113,0.0
lorenz63,tv_diff,64,0.05,1,z,2,0.003683518766725174,-2.6666666666666665
lorenz63,tv_diff,64,0.05,1,x*x,0,0.0,0.0
lorenz63,tv_diff,64,0.05,1,x*x,1,-0.008162393741562255,0.0
lorenz63,tv_diff,64,0.05,1,x*x,2,0.004016371184522594,0.0
lorenz63,tv_diff,64,0.05,1,x*y,0,0.0,0.0
lorenz63,tv_diff,64,0.05,1,x*y,1,0.0016578833268742887,0.0
lorenz63,tv_diff,64,0.05,1,x*y,2,-0.0008157747513938994,1.0
lorenz63,tv_diff,64,0.05,1,x*z,0,0.0,0.0
lorenz63,tv_diff,64,0.05,1,x*z,1,-0.0016461890185978626,-1.0
lorenz63,tv_diff,64,0.05,1,x*z,2,0.0008100205090708397,0.0
lorenz63,tv_diff,64,0.05,1,y*y,0,0.0,0.0
lorenz63,tv_diff,64,0.05,1,y*y,1,0.0,0.0
lorenz63,tv_diff,64,0.05,1,y*y,2,0.0,0.0
lorenz63,tv_diff,64,0.05,1,y*z,0,0.0,0.0
lorenz63,tv_diff,64,0.05,1,y*z,1,0.0,0.0
lorenz63,tv_diff,64,0.05,1,y*z,2,0.0,0.0
lorenz63,tv_diff,64,0.05,1,z*z,0,0.0,0.0
lorenz63,tv_diff,64,0.05,1,z*z,1,0.0,0.0
lorenz63,tv_diff,64,0.05,1,z*z,2,0.0,0.0
lorenz63,tv_diff,64,0.05,1,x*x*x,0,0.0,0.0
lorenz63,tv_diff,64,0.05,1,x*x*x,1,0.0,0.0
lorenz63,tv_diff,64,0.05,1,x*x*x,2,0.0,0.0
lorenz63,tv_diff,64,0.05,1,x*x*y,0,0.0,0.0
lorenz63,tv_diff,64,0.05,1,x*x*y,1,0.0,0.0
lorenz63,tv_diff,64,0.05,1,x*x*y,2,0.0,0.0
lorenz63,tv_diff,64,0.05,1,x*x*z,0,0.0,0.0
lorenz63,tv_diff,64,0.05,1,x*x*z,1,0.0,0.0
lorenz63,tv_diff,64,0.05,1,x*x*z,2,0.0,0.0
lorenz63,tv_diff,64,0.05,1,x*y*y,0,0.0,0.0
lorenz63,tv_diff,64,0.05,1,x*y*y,1,0.0,0.0
lorenz63,tv_diff,64,0.05,1,x*y*y,2,0.0,0.0
lorenz63,tv_diff,64,0.05,1,x*y*z,0,0.0,0.0
lorenz63,tv_diff,64,0.05,1,x*y*z,1,0.0,0.0
lorenz63,tv_diff,64,0.05,1,x*y*z,2,0.0,0.0
lorenz63,tv_diff,64,0.05,1,x*z*z,0,0.0,0.0
lorenz63,tv_diff,64,0.05,1,x*z*z,1,0.0,0.0
lorenz63,tv_diff,64,0.05,1,x*z*z,2,0.0,0.0
lorenz63,tv_diff,64,0.05,1,y*y*y,0,0.0,0.0
lorenz63,tv_diff,64,0.05,1,y*y*y,1,0.0,0.0
lorenz63,tv_diff,64,0.05,1,y*y*y,2,0.0,0.0
lorenz63,tv_diff,64,0.05,1,y*y*z,0,0.0,0.0
lorenz63,tv_diff,64,0.05,1,y*y*z,1,0.0,0.0
lorenz63,tv_diff,64,0.05,1,y*y*z,2,0.0,0.0
lorenz63,tv_diff,64,0.05,1,y*z*z,0,0.0,0.0
lorenz63,tv_diff,64,0.05,1,y*z*z,1,0.0,0.0
lorenz63,tv_diff,64,0.05,1,y*z*z,2,0.0,0.0
lorenz63,tv_diff,64,0.05,1,z*z*z,0,0.0,0.0
lorenz63,tv_diff,64,0.05,1,z*z*z,1,0.0,0.0
lorenz63,tv_diff,64,0.05,1,z*z*z,2,0.0,0.0
lorenz63,baseline,64,0.05,2,1,0,-2.1907355348558255,0.0
lorenz63,baseline,64,0.05,2,1,1,0.0,0.0
lorenz63,baseline,64,0.05,2,1,2,0.0,0.0
lorenz63,baseline,64,0.05,2,x,0,-1.4122317843435692,-10.0
lorenz63,baseline,64,0.05,2,x,1,-1.9491209997809413,28.0
lorenz63,baseline,64,0.05,2,x,2,0.0,0.0
lorenz63,baseline,64,0.05,2,y,0,2.064465793106796,10.0
lorenz63,baseline,64,0.05,2,y,1,1.3888279522638176,-1.0
lorenz63,baseline,64,0.05,2,y,2,0.0,0.0
lorenz63,baseline,64,0.05,2,z,0,0.0,0.0
lorenz63,baseline,64,0.05,2,z,1,0.0,0.0
lorenz63,baseline,64,0.05,2,z,2,0.0,-2.6666666666666665
lorenz63,baseline,64,0.05,2,x*x,0,0.0,0.0
lorenz63,baseline,64,0.05,2,x*x,1,0.0,0.0
lorenz63,baseline,64,0.05,2,x*x,2,0.0,0.0
lorenz63,baseline,64,0.05,2,x*y,0,0.0,0.0
lorenz63,baseline,64,0.05,2,x*y,1,0.0,0.0
lorenz63,baseline,64,0.05,2,x*y,2,0.0,1.0
lorenz63,baseline,64,0.05,2,x*z,0,0.0,0.0
lorenz63,baseline,64,0.05,2,x*z,1,0.0,-1.0
lorenz63,baseline,64,0.05,2,x*z,2,0.0,0.0
lorenz63,baseline,64,0.05,2,y*y,0,0.0,0.0
lorenz63,baseline,64,0.05,2,y*y,1,0.0,0.0
lorenz63,baseline,64,0.05,2,y*y,2,0.0,0.0
lorenz63,baseline,64,0.05,2,y*z,0,0.0,0.0
lorenz63,baseline,64,0.05,2,y*z,1,0.0,0.0
lorenz63,baseline,64,0.05,2,y*z,2,0.0,0.0
lorenz63,baseline,64,0.05,2,z*z,0,0.0,0.0
lorenz63,baseline,64,0.05,2,z*z,1,0.0,0.0
lorenz63,baseline,64,0.05,2,z*z,2,0.0,0.0
lorenz63,baseline,64,0.05,2,x*x*x,0,0.0,0.0
lorenz63,baseline,64,0.05,2,x*x*x,1,0.0,0.0
lorenz63,baseline,64,0.05,2,x*x*x,2,0.0,0.0
lorenz63,baseline,64,0.05,2,x*x*y,0,0.0,0.0
lorenz63,baseline,64,0.05,2,x*x*y,1,0.0,0.0
lorenz63,baseline,64,0.05,2,x*x*y,2,0.0,0.0
lorenz63,baseline,64,0.05,2,x*x*z,0,0.0,0.0
lorenz63,baseline,64,0.05,2,x*x*z,1,0.0,0.0
lorenz63,baseline,64,0.05,2,x*x*z,2,0.0,0.0
lorenz63,baseline,64,0.05,2,x*y*y,0,0.0,0.0
lorenz63,baseline,64,0.05,2,x*y*y,1,0.0,0.0
lorenz63,baseline,64,0.05,2,x*y*y,2,0.0,0.0
lorenz63,baseline,64,0.05,2,x*y*z,0,0.0,0.0
lorenz63,baseline,64,0.05,2,x*y*z,1,0.0,0.0
lorenz63,baseline,64,0.05,2,x*y*z,2,0.0,0.0
lorenz63,baseline,64,0.05,2,x*z*z,0,0.0,0.0
lorenz63,baseline,64,0.05,2,x*z*z,1,0.0,0.0
lorenz63,baseline,64,0.05,2,x*z*z,2,0.0,0.0
lorenz63,baseline,64,0.05,2,y*y*y,0,0.0,0.0
lorenz63,baseline,64,0.05,2,y*y*y,1,0.0,0.0
lorenz63,baseline,64,0.05,2,y*y*y,2,0.0,0.0
lorenz63,baseline,64,0.05,2,y*y*z,0,0.0,0.0
lorenz63,baseline,64,0.05,2,y*y*z,1,0.0,0.0
lorenz63,baseline,64,0.05,2,y*y*z,2,0.0,0.0
lorenz63,baseline,64,0.05,2,y*z*z,0,0.0,0.0
lorenz63,baseline,64,0.05,2,y*z*z,1,0.0,0.0
lorenz63,baseline,64,0.05,2,y*z*z,2,0.0,0.0
lorenz63,baseline,64,0.05,2,z*z*z,0,0.0,0.0
lorenz63,baseline,64,0.05,2,z*z*z,1,0.0,0.0
lorenz63,baseline,64,0.05,2,z*z*z,2,0.0,0.0
lorenz63,edmd_poly3,64,0.05,2,1,0,2.5897361625032698,0.0
lorenz63,edmd_poly3,64,0.05,2,1,1,-1.5760231880735205,0.0
lorenz63,edmd_poly3,64,0.05,2,1,2,6.263941314570061,0.0
lorenz63,edmd_poly3,64,0.05,2,x,0,-1.2701795313535016,-10.0
lorenz63,edmd_poly3,64,0.05,2,x,1,0.0,28.0
lorenz63,edmd_poly3,64,0.05,2,x,2,1.1796445867858179,0.0
lorenz63,edmd_poly3,64,0.05,2,y,0,2.771056731466007,10.0
lorenz63,edmd_poly3,64,0.05,2,y,1,0.0,-1.0
lorenz63,edmd_poly3,64,0.05,2,y,2,-0.7297169196048927,0.0
lorenz63,edmd_poly3,64,0.05,2,z,0,-0.3114816979331312,0.0
lorenz63,edmd_poly3,64,0.05,2,z,1,0.0,0.0
lorenz63,edmd_poly3,64,0.05,2,z,2,-0.3863970233095152,-2.6666666666666665
lorenz63,edmd_poly3,64,0.05,2,x*x,0,0.0,0.0
lorenz63,edmd_poly3,64,0.05,2,x*x,1,0.0,0.0
lorenz63,edmd_poly3,64,0.05,2,x*x,2,0.0,0.0
lorenz63,edmd_poly3,64,0.05,2,x*y,0,0.0,0.0
lorenz63,edmd_poly3,64,0.05,2,x*y,1,0.0,0.0
lorenz63,edmd_poly3,64,0.05,2,x*y,2,0.0,1.0
lorenz63,edmd_poly3,64,0.05,2,x*z,0,0.0,0.0
lorenz63,edmd_poly3,64,0.05,2,x*z,1,0.0,-1.0
lorenz63,edmd_poly3,64,0.05,2,x*z,2,0.0,0.0
lorenz63,edmd_poly3,64,0.05,2,y*y,0,0.0,0.0
lorenz63,edmd_poly3,64,0.05,2,y*y,1,0.0,0.0
lorenz63,edmd_poly3,64,0.05,2,y*y,2,0.0,0.0
lorenz63,edmd_poly3,64,0.05,2,y*z,0,0.0,0.0
lorenz63,edmd_poly3,64,0.05,2,y*z,1,0.0,0.0
lorenz63,edmd_poly3,64,0.05,2,y*z,2,0.0,0.0
lorenz63,edmd_poly3,64,0.05,2,z*z,0,0.0,0.0
lorenz63,edmd_poly3,64,0.05,2,z*z,1,0.0,0.0
lorenz63,edmd_poly3,64,0.05,2,z*z,2,0.0,0.0
lorenz63,edmd_poly3,64,0.05,2,x*x*x,0,0.0,0.0
lorenz63,edmd_poly3,64,0.05,2,x*x*x,1,0.0,0.0
lorenz63,edmd_poly3,64,0.05,2,x*x*x,2,0.0,0.0
lorenz63,edmd_poly3,64,0.05,2,x*x*y,0,0.0,0.0
lorenz63,edmd_poly3,64,0.05,2,x*x*y,1,0.0,0.0
lorenz63,edmd_poly3,64,0.05,2,x*x*y,2,0.0,0.0
lorenz63,edmd_poly3,64,0.05,2,x*x*z,0,0.0,0.0
lorenz63,edmd_poly3,64,0.05,2,x*x*z,1,0.0,0.0
lorenz63,edmd_poly3,64,0.05,2,x*x*z,2,0.0,0.0
lorenz63,edmd_poly3,64,0.05,2,x*y*y,0,0.0,0.0
lorenz63,edmd_poly3,64,0.05,2,x*y*y,1,0.0,0.0
lorenz63,edmd_poly3,64,0.05,2,x*y*y,2,0.0,0.0
lorenz63,edmd_poly3,64,0.05,2,x*y*z,0,0.0,0.0
lorenz63,edmd_poly3,64,0.05,2,x*y*z,1,0.0,0.0
lorenz63,edmd_poly3,64,0.05,2,x*y*z,2,0.0,0.0
lorenz63,edmd_poly3,64,0.05,2,x*z*z,0,0.0,0.0
lorenz63,edmd_poly3,64,0.05,2,x*z*z,1,0.0,0.0
lorenz63,edmd_poly3,64,0.05,2,x*z*z,2,0.0,0.0
lorenz63,edmd_poly3,64,0.05,2,y*y*y,0,0.0,0.0
lorenz63,edmd_poly3,64,0.05,2,y*y*y,1,0.0,0.0
lorenz63,edmd_poly3,64,0.05,2,y*y*y,2,0.0,0.0
lorenz63,edmd_poly3,64,0.05,2,y*y*z,0,0.0,0.0
lorenz63,edmd_poly3,64,0.05,2,y*y*z,1,0.0,0.0
lorenz63,edmd_poly3,64,0.05,2,y*y*z,2,0.0,0.0
lorenz63,edmd_poly3,64,0.05,2,y*z*z,0,0.0,0.0
lorenz63,edmd_poly3,64,0.05,2,y*z*z,1,0.0,0.0
lorenz63,edmd_poly3,64,0.05,2,y*z*z,2,0.0,0.0
lorenz63,edmd_poly3,64,0.05,2,z*z*z,0,0.0,0.0
lorenz63,edmd_poly3,64,0.05,2,z*z*z,1,0.0,0.0
lorenz63,edmd_poly3,64,0.05,2,z*z*z,2,0.0,0.0
lorenz63,tv_diff,64,0.05,2,1,0,-0.060866653455127324,0.0
lorenz63,tv_diff,64,0.05,2,1,1,-0.18102288833392616,0.0
lorenz63,tv_diff,64,0.05,2,1,2,0.09677161536133394,0.0
lorenz63,tv_diff,64,0.05,2,x,0,-0.015114350323418083,-10.0
lorenz63,tv_diff,64,0.05,2,x,1,-0.0449514327230302,28.0
lorenz63,tv_diff,64,0.05,2,x,2,0.024030235987965238,0.0
lorenz63,tv_diff,64,0.05,2,y,0,0.003602396868716849,10.0
lorenz63,tv_diff,64,0.05,2,y,1,0.010713851010540352,-1.0
lorenz63,tv_diff,64,0.05,2,y,2,-0.00572743421380444,0.0
lorenz63,tv_diff,64,0.05,2,z,0,-0.0027677891935253196,0.0
lorenz63,tv_diff,64,0.05,2,z,1,-0.008231653539388982,0.0
lorenz63,tv_diff,64,0.05,2,z,2,0.004400495259837939,-2.6666666666666665
lorenz63,tv_diff,64,0.05,2,x*x,0,0.0,0.0
lorenz63,tv_diff,64,0.05,2,x*x,1,0.0,0.0
lorenz63,tv_diff,64,0.05,2,x*x,2,0.0,0.0
lorenz63,tv_diff,64,0.05,2,x*y,0,0.0,0.0
lorenz63,tv_diff,64,0.05,2,x*y,1,0.0,0.0
lorenz63,tv_diff,64,0.05,2,x*y,2,0.0,1.0
lorenz63,tv_diff,64,0.05,2,x*z,0,0.0,0.0
lorenz63,tv_diff,64,0.05,2,x*z,1,0.0,-1.0
lorenz63,tv_diff,64,0.05,2,x*z,2,0.0,0.0
lorenz63,tv_diff,64,0.05,2,y*y,0,0.0,0.0
lorenz63,tv_diff,64,0.05,2,y*y,1,0.0,0.0
lorenz63,tv_diff,64,0.05,2,y*y,2,0.0,0.0
lorenz63,tv_diff,64,0.05,2,y*z,0,0.0,0.0
lorenz63,tv_diff,64,0.05,2,y*z,1,0.0,0.0
lorenz63,tv_diff,64,0.05,2,y*z,2,0.0,0.0
lorenz63,tv_diff,64,0.05,2,z*z,0,0.0,0.0
lorenz63,tv_diff,64,0.05,2,z*z,1,0.0,0.0
lorenz63,tv_diff,64,0.05,2,z*z,2,0.0,0.0
lorenz63,tv_diff,64,0.05,2,x*x*x,0,0.0,0.0
lorenz63,tv_diff,64,0.05,2,x*x*x,1,0.0,0.0
lorenz63,tv_diff,64,0.05,2,x*x*x,2,0.0,0.0
lorenz63,tv_diff,64,0.05,2,x*x*y,0,0.0,0.0
lorenz63,tv_diff,64,0.05,2,x*x*y,1,0.0,0.0
lorenz63,tv_diff,64,0.05,2,x*x*y,2,0.0,0.0
lorenz63,tv_diff,64,0.05,2,x*x*z,0,0.0,0.0
lorenz63,tv_diff,64,0.05,2,x*x*z,1,0.0,0.0
lorenz63,tv_diff,64,0.05,2,x*x*z,2,0.0,0.0
lorenz63,tv_diff,64,0.05,2,x*y*y,0,0.0,0.0
lorenz63,tv_diff,64,0.05,2,x*y*y,1,0.0,0.0
lorenz63,tv_diff,64,0.05,2,x*y*y,2,0.0,0.0
lorenz63,tv_diff,64,0.05,2,x*y*z,0,0.0,0.0
lorenz63,tv_diff,64,0.05,2,x*y*z,1,0.0,0.0
lorenz63,tv_diff,64,0.05,2,x*y*z,2,0.0,0.0
lorenz63,tv_diff,64,0.05,2,x*z*z,0,0.0,0.0
lorenz63,tv_diff,64,0.05,2,x*z*z,1,0.0,0.0
lorenz63,tv_diff,64,0.05,2,x*z*z,2,0.0,0.0
lorenz63,tv_diff,64,0.05,2,y*y*y,0,0.0,0.0
lorenz63,tv_diff,64,0.05,2,y*y*y,1,0.0,0.0
lorenz63,tv_diff,64,0.05,2,y*y*y,2,0.0,0.0
lorenz63,tv_diff,64,0.05,2,y*y*z,0,0.0,0.0
lorenz63,tv_diff,64,0.05,2,y*y*z,1,0.0,0.0
lorenz63,tv_diff,64,0.05,2,y*y*z,2,0.0,0.0
lorenz63,tv_diff,64,0.05,2,y*z*z,0,0.0,0.0
lorenz63,tv_diff,64,0.05,2,y*z*z,1,0.0,0.0
lorenz63,tv_diff,64,0.05,2,y*z*z,2,0.0,0.0
lorenz63,tv_diff,64,0.05,2,z*z*z,0,0.0,0.0
lorenz63,tv_diff,64,0.05,2,z*z*z,1,0.0,0.0
lorenz63,tv_diff,64,0.05,2,z*z*z,2,0.0,0.0
lorenz63,baseline,16,0.5,4,1,0,-2.6194205907459507,0.0
lorenz63,baseline,16,0.5,4,1,1,-0.5994673485978201,0.0
lorenz63,baseline,16,0.5,4,1,2,-18.508169556452046,0.0
lorenz63,baseline,16,0.5,4,x,0,6.746354953027698,-10.0
lorenz63,baseline,16,0.5,4,x,1,10.124579609711576,28.0
lorenz63,baseline,16,0.5,4,x,2,0.0,0.0
lorenz63,baseline,16,0.5,4,y,0,-1.1634492634866354,10.0
lorenz63,baseline,16,0.5,4,y,1,1.1705966905002276,-1.0
lorenz63,baseline,16,0.5,4,y,2,-0.4168918937540806,0.0
lorenz63,baseline,16,0.5,4,z,0,0.0,0.0
lorenz63,baseline,16,0.5,4,z,1,0.0,0.0
lorenz63,baseline,16,0.5,4,z,2,-0.8389379301311912,-2.6666666666666665
lorenz63,baseline,16,0.5,4,x*x,0,0.0,0.0
lorenz63,baseline,16,0.5,4,x*x,1,0.0,0.0
lorenz63,baseline,16,0.5,4,x*x,2,0.0,0.0
lorenz63,baseline,16,0.5,4,x*y,0,0.0,0.0
lorenz63,baseline,16,0.5,4,x*y,1,0.0,0.0
lorenz63,baseline,16,0.5,4,x*y,2,0.43028157687751395,1.0
lorenz63,baseline,16,0.5,4,x*z,0,-0.3132553422715683,0.0
lorenz63,baseline,16,0.5,4,x*z,1,-0.45429579691653355,-1.0
lorenz63,baseline,16,0.5,4,x*z,2,0.0,0.0
lorenz63,baseline,16,0.5,4,y*y,0,0.0,0.0
lorenz63,baseline,16,0.5,4,y*y,1,0.0,0.0
lorenz63,baseline,16,0.5,4,y*y,2,0.12557453504308397,0.0
lorenz63,baseline,16,0.5,4,y*z,0,0.14715412290860405,0.0
lorenz63,baseline,16,0.5,4,y*z,1,0.0,0.0
lorenz63,baseline,16,0.5,4,y*z,2,0.0,0.0
lorenz63,baseline,16,0.5,4,z*z,0,0.0,0.0
lorenz63,baseline,16,0.5,4,z*z,1,0.0,0.0
lorenz63,baseline,16,0.5,4,z*z,2,0.0,0.0
lorenz63,baseline,16,0.5,4,x*x*x,0,0.0,0.0
lorenz63,baseline,16,0.5,4,x*x*x,1,0.0,0.0
lorenz63,baseline,16,0.5,4,x*x*x,2,0.0,0.0
lorenz63,baseline,16,0.5,4,x*x*y,0,0.0,0.0
lorenz63,baseline,16,0.5,4,x*x*y,1,0.0,0.0
lorenz63,baseline,16,0.5,4,x*x*y,2,0.0,0.0
lorenz63,baseline,16,0.5,4,x*x*z,0,0.0,0.0
lorenz63,baseline,16,0.5,4,x*x*z,1,0.0,0.0
lorenz63,baseline,16,0.5,4,x*x*z,2,0.0,0.0
lorenz63,baseline,16,0.5,4,x*y*y,0,0.0,0.0
lorenz63,baseline,16,0.5,4,x*y*y,1,0.0,0.0
lorenz63,baseline,16,0.5,4,x*y*y,2,0.0,0.0
lorenz63,baseline,16,0.5,4,x*y*z,0,0.0,0.0
lorenz63,baseline,16,0.5,4,x*y*z,1,0.0,0.0
lorenz63,baseline,16,0.5,4,x*y*z,2,0.0,0.0
lorenz63,baseline,16,0.5,4,x*z*z,0,0.0,0.0
lorenz63,baseline,16,0.5,4,x*z*z,1,0.0,0.0
lorenz63,baseline,16,0.5,4,x*z*z,2,0.0,0.0
lorenz63,baseline,16,0.5,4,y*y*y,0,0.0,0.0
lorenz63,baseline,16,0.5,4,y*y*y,1,0.0,0.0
lorenz63,baseline,16,0.5,4,y*y*y,2,0.0,0.0
lorenz63,baseline,16,0.5,4,y*y*z,0,0.0,0.0
lorenz63,baseline,16,0.5,4,y*y*z,1,0.0,0.0
lorenz63,baseline,16,0.5,4,y*y*z,2,0.0,0.0
lorenz63,baseline,16,0.5,4,y*z*z,0,0.0,0.0
lorenz63,baseline,16,0.5,4,y*z*z,1,0.0,0.0
lorenz63,baseline,16,0.5,4,y*z*z,2,0.0,0.0
lorenz63,baseline,16,0.5,4,z*z*z,0,0.0,0.0
lorenz63,baseline,16,0.5,4,z*z*z,1,0.0,0.0
lorenz63,baseline,16,0.5,4,z*z*z,2,0.0,0.0
lorenz63,edmd_poly3,16,0.5,4,1,0,26.05649400109181,0.0
lorenz63,edmd_poly3,16,0.5,4,1,1,-2.9375915941011734,0.0
lorenz63,edmd_poly3,16,0.5,4,1,2,-9.455014044056664,0.0
lorenz63,edmd_poly3,16,0.5,4,x,0,-4.831187694608656,-10.0
lorenz63,edmd_poly3,16,0.5,4,x,1,17.116500443790187,28.0
lorenz63,edmd_poly3,16,0.5,4,x,2,-1.570261507404918,0.0
lorenz63,edmd_poly3,16,0.5,4,y,0,5.311822933715022,10.0
lorenz63,edmd_poly3,16,0.5,4,y,1,1.1257588719183729,-1.0
lorenz63,edmd_poly3,16,0.5,4,y,2,0.7544458571427083,0.0
lorenz63,edmd_poly3,16,0.5,4,z,0,-0.9713311715366898,0.0
lorenz63,edmd_poly3,16,0.5,4,z,1,0.0,0.0
lorenz63,edmd_poly3,16,0.5,4,z,2,-1.7235520067870571,-2.6666666666666665
lorenz63,edmd_poly3,16,0.5,4,x*x,0,0.0,0.0
lorenz63,edmd_poly3,16,0.5,4,x*x,1,0.0,0.0
lorenz63,edmd_poly3,16,0.5,4,x*x,2,0.0,0.0
lorenz63,edmd_poly3,16,0.5,4,x*y,0,0.0,0.0
lorenz63,edmd_poly3,16,0.5,4,x*y,1,0.0,0.0
lorenz63,edmd_poly3,16,0.5,4,x*y,2,0.8917451291962888,1.0
lorenz63,edmd_poly3,16,0.5,4,x*z,0,0.0,0.0
lorenz63,edmd_poly3,16,0.5,4,x*z,1,-0.704128069165649,-1.0
lorenz63,edmd_poly3,16,0.5,4,x*z,2,0.0,0.0
lorenz63,edmd_poly3,16,0.5,4,y*y,0,0.0,0.0
lorenz63,edmd_poly3,16,0.5,4,y*y,1,0.0,0.0
lorenz63,edmd_poly3,16,0.5,4,y*y,2,0.0,0.0
lorenz63,edmd_poly3,16,0.5,4,y*z,0,0.0,0.0
lorenz63,edmd_poly3,16,0.5,4,y*z,1,0.0,0.0
lorenz63,edmd_poly3,16,0.5,4,y*z,2,0.0,0.0
lorenz63,edmd_poly3,16,0.5,4,z*z,0,0.0,0.0
lorenz63,edmd_poly3,16,0.5,4,z*z,1,0.0,0.0
lorenz63,edmd_poly3,16,0.5,4,z*z,2,0.0,0.0
lorenz63,edmd_poly3,16,0.5,4,x*x*x,0,0.0,0.0
lorenz63,edmd_poly3,16,0.5,4,x*x*x,1,0.0,0.0
lorenz63,edmd_poly3,16,0.5,4,x*x*x,2,0.0,0.0
lorenz63,edmd_poly3,16,0.5,4,x*x*y,0,0.0,0.0
lorenz63,edmd_poly3,16,0.5,4,x*x*y,1,0.0,0.0
lorenz63,edmd_poly3,16,0.5,4,x*x*y,2,0.0,0.0
lorenz63,edmd_poly3,16,0.5,4,x*x*z,0,0.0,0.0
lorenz63,edmd_poly3,16,0.5,4,x*x*z,1,0.0,0.0
lorenz63,edmd_poly3,16,0.5,4,x*x*z,2,0.0,0.0
lorenz63,edmd_poly3,16,0.5,4,x*y*y,0,0.0,0.0
lorenz63,edmd_poly3,16,0.5,4,x*y*y,1,0.0,0.0
lorenz63,edmd_poly3,16,0.5,4,x*y*y,2,0.0,0.0
lorenz63,edmd_poly3,16,0.5,4,x*y*z,0,0.0,0.0
lorenz63,edmd_poly3,16,0.5,4,x*y*z,1,0.0,0.0
lorenz63,edmd_poly3,16,0.5,4,x*y*z,2,0.0,0.0
lorenz63,edmd_poly3,16,0.5,4,x*z*z,0,0.0,0.0
lorenz63,edmd_poly3,16,0.5,4,x*z*z,1,0.0,0.0
lorenz63,edmd_poly3,16,0.5,4,x*z*z,2,0.0,0.0
lorenz63,edmd_poly3,16,0.5,4,y*y*y,0,0.0,0.0
lorenz63,edmd_poly3,16,0.5,4,y*y*y,1,0.0,0.0
lorenz63,edmd_poly3,16,0.5,4,y*y*y,2,0.0,0.0
lorenz63,edmd_poly3,16,0.5,4,y*y*z,0,0.0,0.0
lorenz63,edmd_poly3,16,0.5,4,y*y*z,1,0.0,0.0
lorenz63,edmd_poly3,16,0.5,4,y*y*z,2,0.0,0.0
lorenz63,edmd_poly3,16,0.5,4,y*z*z,0,0.0,0.0
lorenz63,edmd_poly3,16,0.5,4,y*z*z,1,0.0,0.0
lorenz63,edmd_poly3,16,0.5,4,y*z*z,2,0.0,0.0
lorenz63,edmd_poly3,16,0.5,4,z*z*z,0,0.0,0.0
lorenz63,edmd_poly3,16,0.5,4,z*z*z,1,0.0,0.0
lorenz63,edmd_poly3,16,0.5,4,z*z*z,2,0.0,0.0
lorenz63,tv_diff,16,0.5,4,1,0,15.857878976189989,0.0
lorenz63,tv_diff,16,0.5,4,1,1,0.0,0.0
lorenz63,tv_diff,16,0.5,4,1,2,-9.010935631442683,0.0
lorenz63,tv_diff,16,0.5,4,x,0,-3.5526705314026055,-10.0
lorenz63,tv_diff,16,0.5,4,x,1,11.987958759708098,28.0
lorenz63,tv_diff,16,0.5,4,x,2,-1.358843773914676,0.0
lorenz63,tv_diff,16,0.5,4,y,0,3.9902039831847413,10.0
lorenz63,tv_diff,16,0.5,4,y,1,1.040193530065142,-1.0
lorenz63,tv_diff,16,0.5,4,y,2,0.663623512620954,0.0
lorenz63,tv_diff,16,0.5,4,z,0,-0.5844036780576719,0.0
lorenz63,tv_diff,16,0.5,4,z,1,0.0,0.0
lorenz63,tv_diff,16,0.5,4,z,2,-1.8486989589172105,-2.6666666666666665
lorenz63,tv_diff,16,0.5,4,x*x,0,0.0,0.0
lorenz63,tv_diff,16,0.5,4,x*x,1,0.0,0.0
lorenz63,tv_diff,16,0.5,4,x*x,2,0.39657378581668845,0.0
lorenz63,tv_diff,16,0.5,4,x*y,0,0.0,0.0
lorenz63,tv_diff,16,0.5,4,x*y,1,0.0,0.0
lorenz63,tv_diff,16,0.5,4,x*y,2,0.0,1.0
lorenz63,tv_diff,16,0.5,4,x*z,0,0.0,0.0
lorenz63,tv_diff,16,0.5,4,x*z,1,-0.517387697003108,-1.0
lorenz63,tv_diff,16,0.5,4,x*z,2,0.0,0.0
lorenz63,tv_diff,16,0.5,4,y*y,0,0.0,0.0
lorenz63,tv_diff,16,0.5,4,y*y,1,0.0,0.0
lorenz63,tv_diff,16,0.5,4,y*y,2,0.3282511475323863,0.0
lorenz63,tv_diff,16,0.5,4,y*z,0,0.0,0.0
lorenz63,tv_diff,16,0.5,4,y*z,1,0.0,0.0
lorenz63,tv_diff,16,0.5,4,y*z,2,0.0,0.0
lorenz63,tv_diff,16,0.5,4,z*z,0,0.0,0.0
lorenz63,tv_diff,16,0.5,4,z*z,1,0.0,0.0
lorenz63,tv_diff,16,0.5,4,z*z,2,0.0,0.0
lorenz63,tv_diff,16,0.5,4,x*x*x,0,0.0,0.0
lorenz63,tv_diff,16,0.5,4,x*x*x,1,0.0,0.0
lorenz63,tv_diff,16,0.5,4,x*x*x,2,0.0,0.0
lorenz63,tv_diff,16,0.5,4,x*x*y,0,0.0,0.0
lorenz63,tv_diff,16,0.5,4,x*x*y,1,0.0,0.0
lorenz63,tv_diff,16,0.5,4,x*x*y,2,0.0,0.0
lorenz63,tv_diff,16,0.5,4,x*x*z,0,0.0,0.0
lorenz63,tv_diff,16,0.5,4,x*x*z,1,0.0,0.0
lorenz63,tv_diff,16,0.5,4,x*x*z,2,0.0,0.0
lorenz63,tv_diff,16,0.5,4,x*y*y,0,0.0,0.0
lorenz63,tv_diff,16,0.5,4,x*y*y,1,0.0,0.0
lorenz63,tv_diff,16,0.5,4,x*y*y,2,0.0,0.0
lorenz63,tv_diff,16,0.5,4,x*y*z,0,0.0,0.0
lorenz63,tv_diff,16,0.5,4,x*y*z,1,0.0,0.0
lorenz63,tv_diff,16,0.5,4,x*y*z,2,0.0,0.0
lorenz63,tv_diff,16,0.5,4,x*z*z,0,0.0,0.0
lorenz63,tv_diff,16,0.5,4,x*z*z,1,0.0,0.0
lorenz63,tv_diff,16,0.5,4,x*z*z,2,0.0,0.0
lorenz63,tv_diff,16,0.5,4,y*y*y,0,0.0,0.0
lorenz63,tv_diff,16,0.5,4,y*y*y,1,0.0,0.0
lorenz63,tv_diff,16,0.5,4,y*y*y,2,0.0,0.0
lorenz63,tv_diff,16,0.5,4,y*y*z,0,0.0,0.0
lorenz63,tv_diff,16,0.5,4,y*y*z,1,0.0,0.0
lorenz63,tv_diff,16,0.5,4,y*y*z,2,0.0,0.0
lorenz63,tv_diff,16,0.5,4,y*z*z,0,0.0,0.0
lorenz63,tv_diff,16,0.5,4,y*z*z,1,0.0,0.0
lorenz63,tv_diff,16,0.5,4,y*z*z,2,0.0,0.0
lorenz63,tv_diff,16,0.5,4,z*z*z,0,0.0,0.0
lorenz63,tv_diff,16,0.5,4,z*z*z,1,0.0,0.0
lorenz63,tv_diff,16,0.5,4,z*z*z,2,0.0,0.0
lorenz63,baseline,64,0.05,3,1,0,-2.0261920080343274,0.0
lorenz63,baseline,64,0.05,3,1,1,0.0,0.0
lorenz63,baseline,64,0.05,3,1,2,0.0,0.0
lorenz63,baseline,64,0.05,3,x,0,-1.426428248847463,-10.0
lorenz63,baseline,64,0.05,3,x,1,-1.9102790850164857,28.0
lorenz63,baseline,64,0.05,3,x,2,0.0,0.0
lorenz63,baseline,64,0.05,3,y,0,2.1052193181981274,10.0
lorenz63,baseline,64,0.05,3,y,1,1.3887084645643022,-1.0
lorenz63,baseline,64,0.05,3,y,2,0.0,0.0
lorenz63,baseline,64,0.05,3,z,0,0.0,0.0
lorenz63,baseline,64,0.05,3,z,1,0.0,0.0
lorenz63,baseline,64,0.05,3,z,2,0.0,-2.6666666666666665
lorenz63,baseline,64,0.05,3,x*x,0,0.0,0.0
lorenz63,baseline,64,0.05,3,x*x,1,0.0,0.0
lorenz63,baseline,64,0.05,3,x*x,2,0.0,0.0
lorenz63,baseline,64,0.05,3,x*y,0,0.0,0.0
lorenz63,baseline,64,0.05,3,x*y,1,0.0,0.0
lorenz63,baseline,64,0.05,3,x*y,2,0.0,1.0
lorenz63,baseline,64,0.05,3,x*z,0,0.0,0.0
lorenz63,baseline,64,0.05,3,x*z,1,0.0,-1.0
lorenz63,baseline,64,0.05,3,x*z,2,0.0,0.0
lorenz63,baseline,64,0.05,3,y*y,0,0.0,0.0
lorenz63,baseline,64,0.05,3,y*y,1,0.0,0.0
lorenz63,baseline,64,0.05,3,y*y,2,0.0,0.0
lorenz63,baseline,64,0.05,3,y*z,0,0.0,0.0
lorenz63,baseline,64,0.05,3,y*z,1,0.0,0.0
lorenz63,baseline,64,0.05,3,y*z,2,0.0,0.0
lorenz63,baseline,64,0.05,3,z*z,0,0.0,0.0
lorenz63,baseline,64,0.05,3,z*z,1,0.0,0.0
lorenz63,baseline,64,0.05,3,z*z,2,0.0,0.0
lorenz63,baseline,64,0.05,3,x*x*x,0,0.0,0.0
lorenz63,baseline,64,0.05,3,x*x*x,1,0.0,0.0
lorenz63,baseline,64,0.05,3,x*x*x,2,0.0,0.0
lorenz63,baseline,64,0.05,3,x*x*y,0,0.0,0.0
lorenz63,baseline,64,0.05,3,x*x*y,1,0.0,0.0
lorenz63,baseline,64,0.05,3,x*x*y,2,0.0,0.0
lorenz63,baseline,64,0.05,3,x*x*z,0,0.0,0.0
lorenz63,baseline,64,0.05,3,x*x*z,1,0.0,0.0
lorenz63,baseline,64,0.05,3,x*x*z,2,0.0,0.0
lorenz63,baseline,64,0.05,3,x*y*y,0,0.0,0.0
lorenz63,baseline,64,0.05,3,x*y*y,1,0.0,0.0
lorenz63,baseline,64,0.05,3,x*y*y,2,0.0,0.0
lorenz63,baseline,64,0.05,3,x*y*z,0,0.0,0.0
lorenz63,baseline,64,0.05,3,x*y*z,1,0.0,0.0
lorenz63,baseline,64,0.05,3,x*y*z,2,0.0,0.0
lorenz63,baseline,64,0.05,3,x*z*z,0,0.0,0.0
lorenz63,baseline,64,0.05,3,x*z*z,1,0.0,0.0
lorenz63,baseline,64,0.05,3,x*z*z,2,0.0,0.0
lorenz63,baseline,64,0.05,3,y*y*y,0,0.0,0.0
lorenz63,baseline,64,0.05,3,y*y*y,1,0.0,0.0
lorenz63,baseline,64,0.05,3,y*y*y,2,0.0,0.0
lorenz63,baseline,64,0.05,3,y*y*z,0,0.0,0.0
lorenz63,baseline,64,0.05,3,y*y*z,1,0.0,0.0
lorenz63,baseline,64,0.05,3,y*y*z,2,0.0,0.0
lorenz63,baseline,64,0.05,3,y*z*z,0,0.0,0.0
lorenz63,baseline,64,0.05,3,y*z*z,1,0.0,0.0
lorenz63,baseline,64,0.05,3,y*z*z,2,0.0,0.0
lorenz63,baseline,64,0.05,3,z*z*z,0,0.0,0.0
lorenz63,baseline,64,0.05,3,z*z*z,1,0.0,0.0
lorenz63,baseline,64,0.05,3,z*z*z,2,0.0,0.0
lorenz63,edmd_poly3,64,0.05,3,1,0,-3.1626979690688026,0.0
lorenz63,edmd_poly3,64,0.05,3,1,1,0.0,0.0
lorenz63,edmd_poly3,64,0.05,3,1,2,-3.772503681767683,0.0
lorenz63,edmd_poly3,64,0.05,3,x,0,-1.8168908019070378,-10.0
lorenz63,edmd_poly3,64,0.05,3,x,1,-2.6978634702012214,28.0
lorenz63,edmd_poly3,64,0.05,3,x,2,1.176992395554032,0.0
lorenz63,edmd_poly3,64,0.05,3,y,0,3.1786437502464646,10.0
lorenz63,edmd_poly3,64,0.05,3,y,1,1.4791955822545997,-1.0
lorenz63,edmd_poly3,64,0.05,3,y,2,0.0,0.0
lorenz63,edmd_poly3,64,0.05,3,z,0,0.0,0.0
lorenz63,edmd_poly3,64,0.05,3,z,1,0.0,0.0
lorenz63,edmd_poly3,64,0.05,3,z,2,0.0,-2.6666666666666665
lorenz63,edmd_poly3,64,0.05,3,x*x,0,0.0,0.0
lorenz63,edmd_poly3,64,0.05,3,x*x,1,0.0,0.0
lorenz63,edmd_poly3,64,0.05,3,x*x,2,0.0,0.0
lorenz63,edmd_poly3,64,0.05,3,x*y,0,0.0,0.0
lorenz63,edmd_poly3,64,0.05,3,x*y,1,0.0,0.0
lorenz63,edmd_poly3,64,0.05,3,x*y,2,0.0,1.0
lorenz63,edmd_poly3,64,0.05,3,x*z,0,0.0,0.0
lorenz63,edmd_poly3,64,0.05,3,x*z,1,0.0,-1.0
lorenz63,edmd_poly3,64,0.05,3,x*z,2,0.0,0.0
lorenz63,edmd_poly3,64,0.05,3,y*y,0,0.0,0.0
lorenz63,edmd_poly3,64,0.05,3,y*y,1,0.0,0.0
lorenz63,edmd_poly3,64,0.05,3,y*y,2,0.0,0.0
lorenz63,edmd_poly3,64,0.05,3,y*z,0,0.0,0.0
lorenz63,edmd_poly3,64,0.05,3,y*z,1,0.0,0.0
lorenz63,edmd_poly3,64,0.05,3,y*z,2,0.0,0.0
lorenz63,edmd_poly3,64,0.05,3,z*z,0,0.0,0.0
lorenz63,edmd_poly3,64,0.05,3,z*z,1,0.0,0.0
lorenz63,edmd_poly3,64,0.05,3,z*z,2,0.0,0.0
lorenz63,edmd_poly3,64,0.05,3,x*x*x,0,0.0,0.0
lorenz63,edmd_poly3,64,0.05,3,x*x*x,1,0.0,0.0
lorenz63,edmd_poly3,64,0.05,3,x*x*x,2,0.0,0.0
lorenz63,edmd_poly3,64,0.05,3,x*x*y,0,0.0,0.0
lorenz63,edmd_poly3,64,0.05,3,x*x*y,1,0.0,0.0
lorenz63,edmd_poly3,64,0.05,3,x*x*y,2,0.0,0.0
lorenz63,edmd_poly3,64,0.05,3,x*x*z,0,0.0,0.0
lorenz63,edmd_poly3,64,0.05,3,x*x*z,1,0.0,0.0
lorenz63,edmd_poly3,64,0.05,3,x*x*z,2,0.0,0.0
lorenz63,edmd_poly3,64,0.05,3,x*y*y,0,0.0,0.0
lorenz63,edmd_poly3,64,0.05,3,x*y*y,1,0.0,0.0
lorenz63,edmd_poly3,64,0.05,3,x*y*y,2,0.0,0.0
lorenz63,edmd_poly3,64,0.05,3,x*y*z,0,0.0,0.0
lorenz63,edmd_poly3,64,0.05,3,x*y*z,1,0.0,0.0
lorenz63,edmd_poly3,64,0.05,3,x*y*z,2,0.0,0.0
lorenz63,edmd_poly3,64,0.05,3,x*z*z,0,0.0,0.0
lorenz63,edmd_poly3,64,0.05,3,x*z*z,1,0.0,0.0
lorenz63,edmd_poly3,64,0.05,3,x*z*z,2,0.0,0.0
lorenz63,edmd_poly3,64,0.05,3,y*y*y,0,0.0,0.0
lorenz63,edmd_poly3,64,0.05,3,y*y*y,1,0.0,0.0
lorenz63,edmd_poly3,64,0.05,3,y*y*y,2,0.0,0.0
lorenz63,edmd_poly3,64,0.05,3,y*y*z,0,0.0,0.0
lorenz63,edmd_poly3,64,0.05,3,y*y*z,1,0.0,0.0
lorenz63,edmd_poly3,64,0.05,3,y*y*z,2,0.0,0.0
lorenz63,edmd_poly3,64,0.05,3,y*z*z,0,0.0,0.0
lorenz63,edmd_poly3,64,0.05,3,y*z*z,1,0.0,0.0
lorenz63,edmd_poly3,64,0.05,3,y*z*z,2,0.0,0.0
lorenz63,edmd_poly3,64,0.05,3,z*z*z,0,0.0,0.0
lorenz63,edmd_poly3,64,0.05,3,z*z*z,1,0.0,0.0
lorenz63,edmd_poly3,64,0.05,3,z*z*z,2,0.0,0.0
lorenz63,tv_diff,64,0.05,3,1,0,-0.04024461901097847,0.0
lorenz63,tv_diff,64,0.05,3,1,1,-0.1323199417842024,0.0
lorenz63,tv_diff,64,0.05,3,1,2,0.07082182292219606,0.0
lorenz63,tv_diff,64,0.05,3,x,0,-0.012274128241035907,-10.0
lorenz63,tv_diff,64,0.05,3,x,1,-0.03596169391308694,28.0
lorenz63,tv_diff,64,0.05,3,x,2,0.019247836464440407,0.0
lorenz63,tv_diff,64,0.05,3,y,0,0.001964867289780166,10.0
lorenz63,tv_diff,64,0.05,3,y,1,0.01934344290083013,-1.0
lorenz63,tv_diff,64,0.05,3,y,2,-0.010353222233489544,0.0
lorenz63,tv_diff,64,0.05,3,z,0,-0.0018353526564541323,0.0
lorenz63,tv_diff,64,0.05,3,z,1,-0.006128685053248405,0.0
lorenz63,tv_diff,64,0.05,3,z,2,0.003280265995594935,-2.6666666666666665
lorenz63,tv_diff,64,0.05,3,x*x,0,0.0,0.0
lorenz63,tv_diff,64,0.05,3,x*x,1,-0.010252525968155214,0.0
lorenz63,tv_diff,64,0.05,3,x*x,2,0.00548747568955847,0.0
lorenz63,tv_diff,64,0.05,3,x*y,0,0.0,0.0
lorenz63,tv_diff,64,0.05,3,x*y,1,0.0015707556829387184,0.0
lorenz63,tv_diff,64,0.05,3,x*y,2,-0.0008407180226033793,1.0
lorenz63,tv_diff,64,0.05,3,x*z,0,0.0,0.0
lorenz63,tv_diff,64,0.05,3,x*z,1,-0.001664848742230477,-1.0
lorenz63,tv_diff,64,0.05,3,x*z,2,0.0008910796738894061,0.0
lorenz63,tv_diff,64,0.05,3,y*y,0,0.0,0.0
lorenz63,tv_diff,64,0.05,3,y*y,1,0.0,0.0
lorenz63,tv_diff,64,0.05,3,y*y,2,0.0,0.0
lorenz63,tv_diff,64,0.05,3,y*z,0,0.0,0.0
lorenz63,tv_diff,64,0.05,3,y*z,1,0.0,0.0
lorenz63,tv_diff,64,0.05,3,y*z,2,0.0,0.0
lorenz63,tv_diff,64,0.05,3,z*z,0,0.0,0.0
lorenz63,tv_diff,64,0.05,3,z*z,1,0.0,0.0
lorenz63,tv_diff,64,0.05,3,z*z,2,0.0,0.0
lorenz63,tv_diff,64,0.05,3,x*x*x,0,0.0,0.0
lorenz63,tv_diff,64,0.05,3,x*x*x,1,0.0,0.0
lorenz63,tv_diff,64,0.05,3,x*x*x,2,0.0,0.0
lorenz63,tv_diff,64,0.05,3,x*x*y,0,0.0,0.0
lorenz63,tv_diff,64,0.05,3,x*x*y,1,0.0,0.0
lorenz63,tv_diff,64,0.05,3,x*x*y,2,0.0,0.0
lorenz63,tv_diff,64,0.05,3,x*x*z,0,0.0,0.0
lorenz63,tv_diff,64,0.05,3,x*x*z,1,0.0,0.0
lorenz63,tv_diff,64,0.05,3,x*x*z,2,0.0,0.0
lorenz63,tv_diff,64,0.05,3,x*y*y,0,0.0,0.0
lorenz63,tv_diff,64,0.05,3,x*y*y,1,0.0,0.0
lorenz63,tv_diff,64,0.05,3,x*y*y,2,0.0,0.0
lorenz63,tv_diff,64,0.05,3,x*y*z,0,0.0,0.0
lorenz63,tv_diff,64,0.05,3,x*y*z,1,0.0,0.0
lorenz63,tv_diff,64,0.05,3,x*y*z,2,0.0,0.0
lorenz63,tv_diff,64,0.05,3,x*z*z,0,0.0,0.0
lorenz63,tv_diff,64,0.05,3,x*z*z,1,0.0,0.0
lorenz63,tv_diff,64,0.05,3,x*z*z,2,0.0,0.0
lorenz63,tv_diff,64,0.05,3,y*y*y,0,0.0,0.0
lorenz63,tv_diff,64,0.05,3,y*y*y,1,0.0,0.0
lorenz63,tv_diff,64,0.05,3,y*y*y,2,0.0,0.0
lorenz63,tv_diff,64,0.05,3,y*y*z,0,0.0,0.0
lorenz63,tv_diff,64,0.05,3,y*y*z,1,0.0,0.0
lorenz63,tv_diff,64,0.05,3,y*y*z,2,0.0,0.0
lorenz63,tv_diff,64,0.05,3,y*z*z,0,0.0,0.0
lorenz63,tv_diff,64,0.05,3,y*z*z,1,0.0,0.0
lorenz63,tv_diff,64,0.05,3,y*z*z,2,0.0,0.0
lorenz63,tv_diff,64,0.05,3,z*z*z,0,0.0,0.0
lorenz63,tv_diff,64,0.05,3,z*z*z,1,0.0,0.0
lorenz63,tv_diff,64,0.05,3,z*z*z,2,0.0,0.0
lorenz63,baseline,16,0.5,3,1,0,-2.6567579813660536,0.0
lorenz63,baseline,16,0.5,3,1,1,25.085619212944607,0.0
lorenz63,baseline,16,0.5,3,1,2,0.0,0.0
lorenz63,baseline,16,0.5,3,x,0,-2.9965731491795373,-10.0
lorenz63,baseline,16,0.5,3,x,1,-4.593574663417659,28.0
lorenz63,baseline,16,0.5,3,x,2,-0.36510224346431025,0.0
lorenz63,baseline,16,0.5,3,y,0,3.7579374149825755,10.0
lorenz63,baseline,16,0.5,3,y,1,2.9605416176947803,-1.0
lorenz63,baseline,16,0.5,3,y,2,0.0,0.0
lorenz63,baseline,16,0.5,3,z,0,0.0,0.0
lorenz63,baseline,16,0.5,3,z,1,-0.9439642610624039,0.0
lorenz63,baseline,16,0.5,3,z,2,-1.4642270826313164,-2.6666666666666665
lorenz63,baseline,16,0.5,3,x*x,0,0.0,0.0
lorenz63,baseline,16,0.5,3,x*x,1,0.0,0.0
lorenz63,baseline,16,0.5,3,x*x,2,0.0,0.0
lorenz63,baseline,16,0.5,3,x*y,0,0.0,0.0
lorenz63,baseline,16,0.5,3,x*y,1,0.0,0.0
lorenz63,baseline,16,0.5,3,x*y,2,0.5555163753115007,1.0
lorenz63,baseline,16,0.5,3,x*z,0,0.0,0.0
lorenz63,baseline,16,0.5,3,x*z,1,0.0,-1.0
lorenz63,baseline,16,0.5,3,x*z,2,0.0,0.0
lorenz63,baseline,16,0.5,3,y*y,0,0.0,0.0
lorenz63,baseline,16,0.5,3,y*y,1,0.0,0.0
lorenz63,baseline,16,0.5,3,y*y,2,0.0,0.0
lorenz63,baseline,16,0.5,3,y*z,0,0.0,0.0
lorenz63,baseline,16,0.5,3,y*z,1,0.0,0.0
lorenz63,baseline,16,0.5,3,y*z,2,0.0,0.0
lorenz63,baseline,16,0.5,3,z*z,0,0.0,0.0
lorenz63,baseline,16,0.5,3,z*z,1,0.0,0.0
lorenz63,baseline,16,0.5,3,z*z,2,0.0,0.0
lorenz63,baseline,16,0.5,3,x*x*x,0,0.0,0.0
lorenz63,baseline,16,0.5,3,x*x*x,1,0.0,0.0
lorenz63,baseline,16,0.5,3,x*x*x,2,0.0,0.0
lorenz63,baseline,16,0.5,3,x*x*y,0,0.0,0.0
lorenz63,baseline,16,0.5,3,x*x*y,1,0.0,0.0
lorenz63,baseline,16,0.5,3,x*x*y,2,0.0,0.0
lorenz63,baseline,16,0.5,3,x*x*z,0,0.0,0.0
lorenz63,baseline,16,0.5,3,x*x*z,1,0.0,0.0
lorenz63,baseline,16,0.5,3,x*x*z,2,0.0,0.0
lorenz63,baseline,16,0.5,3,x*y*y,0,0.0,0.0
lorenz63,baseline,16,0.5,3,x*y*y,1,0.0,0.0
lorenz63,baseline,16,0.5,3,x*y*y,2,0.0,0.0
lorenz63,baseline,16,0.5,3,x*y*z,0,0.0,0.0
lorenz63,baseline,16,0.5,3,x*y*z,1,0.0,0.0
lorenz63,baseline,16,0.5,3,x*y*z,2,0.0,0.0
lorenz63,baseline,16,0.5,3,x*z*z,0,0.0,0.0
lorenz63,baseline,16,0.5,3,x*z*z,1,0.0,0.0
lorenz63,baseline,16,0.5,3,x*z*z,2,0.0,0.0
lorenz63,baseline,16,0.5,3,y*y*y,0,0.0,0.0
lorenz63,baseline,16,0.5,3,y*y*y,1,0.0,0.0
lorenz63,baseline,16,0.5,3,y*y*y,2,0.0,0.0
lorenz63,baseline,16,0.5,3,y*y*z,0,0.0,0.0
lorenz63,baseline,16,0.5,3,y*y*z,1,0.0,0.0
lorenz63,baseline,16,0.5,3,y*y*z,2,0.0,0.0
lorenz63,baseline,16,0.5,3,y*z*z,0,0.0,0.0
lorenz63,baseline,16,0.5,3,y*z*z,1,0.0,0.0
lorenz63,baseline,16,0.5,3,y*z*z,2,0.0,0.0
lorenz63,baseline,16,0.5,3,z*z*z,0,0.0,0.0
lorenz63,baseline,16,0.5,3,z*z*z,1,0.0,0.0
lorenz63,baseline,16,0.5,3,z*z*z,2,0.0,0.0
lorenz63,edmd_poly3,16,0.5,3,1,0,-4.185020160238027,0.0
lorenz63,edmd_poly3,16,0.5,3,1,1,29.768914157043202,0.0
lorenz63,edmd_poly3,16,0.5,3,1,2,0.0,0.0
lorenz63,edmd_poly3,16,0.5,3,x,0,-6.1003911717322055,-10.0
lorenz63,edmd_poly3,16,0.5,3,x,1,-7.683628999164017,28.0
lorenz63,edmd_poly3,16,0.5,3,x,2,0.0,0.0
lorenz63,edmd_poly3,16,0.5,3,y,0,7.171547866011907,10.0
lorenz63,edmd_poly3,16,0.5,3,y,1,5.761085042329838,-1.0
lorenz63,edmd_poly3,16,0.5,3,y,2,0.0,0.0
lorenz63,edmd_poly3,16,0.5,3,z,0,0.0,0.0
lorenz63,edmd_poly3,16,0.5,3,z,1,-1.1609182871017105,0.0
lorenz63,edmd_poly3,16,0.5,3,z,2,0.0,-2.6666666666666665
lorenz63,edmd_poly3,16,0.5,3,x*x,0,0.0,0.0
lorenz63,edmd_poly3,16,0.5,3,x*x,1,0.0,0.0
lorenz63,edmd_poly3,16,0.5,3,x*x,2,0.0,0.0
lorenz63,edmd_poly3,16,0.5,3,x*y,0,0.0,0.0
lorenz63,edmd_poly3,16,0.5,3,x*y,1,0.0,0.0
lorenz63,edmd_poly3,16,0.5,3,x*y,2,0.0,1.0
lorenz63,edmd_poly3,16,0.5,3,x*z,0,0.0,0.0
lorenz63,edmd_poly3,16,0.5,3,x*z,1,0.0,-1.0
lorenz63,edmd_poly3,16,0.5,3,x*z,2,0.0,0.0
lorenz63,edmd_poly3,16,0.5,3,y*y,0,0.0,0.0
lorenz63,edmd_poly3,16,0.5,3,y*y,1,0.0,0.0
lorenz63,edmd_poly3,16,0.5,3,y*y,2,0.0,0.0
lorenz63,edmd_poly3,16,0.5,3,y*z,0,0.0,0.0
lorenz63,edmd_poly3,16,0.5,3,y*z,1,0.0,0.0
lorenz63,edmd_poly3,16,0.5,3,y*z,2,0.0,0.0
lorenz63,edmd_poly3,16,0.5,3,z*z,0,0.0,0.0
lorenz63,edmd_poly3,16,0.5,3,z*z,1,0.0,0.0
lorenz63,edmd_poly3,16,0.5,3,z*z,2,0.0,0.0
lorenz63,edmd_poly3,16,0.5,3,x*x*x,0,0.0,0.0
lorenz63,edmd_poly3,16,0.5,3,x*x*x,1,0.0,0.0
lorenz63,edmd_poly3,16,0.5,3,x*x*x,2,0.0,0.0
lorenz63,edmd_poly3,16,0.5,3,x*x*y,0,0.0,0.0
lorenz63,edmd_poly3,16,0.5,3,x*x*y,1,0.0,0.0
lorenz63,edmd_poly3,16,0.5,3,x*x*y,2,0.0,0.0
lorenz63,edmd_poly3,16,0.5,3,x*x*z,0,0.0,0.0
lorenz63,edmd_poly3,16,0.5,3,x*x*z,1,0.0,0.0
lorenz63,edmd_poly3,16,0.5,3,x*x*z,2,0.0,0.0
lorenz63,edmd_poly3,16,0.5,3,x*y*y,0,0.0,0.0
lorenz63,edmd_poly3,16,0.5,3,x*y*y,1,0.0,0.0
lorenz63,edmd_poly3,16,0.5,3,x*y*y,2,0.0,0.0
lorenz63,edmd_poly3,16,0.5,3,x*y*z,0,0.0,0.0
lorenz63,edmd_poly3,16,0.5,3,x*y*z,1,0.0,0.0
lorenz63,edmd_poly3,16,0.5,3,x*y*z,2,0.0,0.0
lorenz63,edmd_poly3,16,0.5,3,x*z*z,0,0.0,0.0
lorenz63,edmd_poly3,16,0.5,3,x*z*z,1,0.0,0.0
lorenz63,edmd_poly3,16,0.5,3,x*z*z,2,0.0,0.0
lorenz63,edmd_poly3,16,0.5,3,y*y*y,0,0.0,0.0
lorenz63,edmd_poly3,16,0.5,3,y*y*y,1,0.0,0.0
lorenz63,edmd_poly3,16,0.5,3,y*y*y,2,0.0,0.0
lorenz63,edmd_poly3,16,0.5,3,y*y*z,0,0.0,0.0
lorenz63,edmd_poly3,16,0.5,3,y*y*z,1,0.0,0.0
lorenz63,edmd_poly3,16,0.5,3,y*y*z,2,0.0,0.0
lorenz63,edmd_poly3,16,0.5,3,y*z*z,0,0.0,0.0
lorenz63,edmd_poly3,16,0.5,3,y*z*z,1,0.0,0.0
lorenz63,edmd_poly3,16,0.5,3,y*z*z,2,0.0,0.0
lorenz63,edmd_poly3,16,0.5,3,z*z*z,0,0.0,0.0
lorenz63,edmd_poly3,16,0.5,3,z*z*z,1,0.0,0.0
lorenz63,edmd_poly3,16,0.5,3,z*z*z,2,0.0,0.0
lorenz63,tv_diff,16,0.5,3,1,0,4.677276755422033,0.0
lorenz63,tv_diff,16,0.5,3,1,1,0.0,0.0
lorenz63,tv_diff,16,0.5,3,1,2,-8.68323975822269,0.0
lorenz63,tv_diff,16,0.5,3,x,0,3.9611973526835333,-10.0
lorenz63,tv_diff,16,0.5,3,x,1,9.639456243664489,28.0
lorenz63,tv_diff,16,0.5,3,x,2,-0.5324645784711057,0.0
lorenz63,tv_diff,16,0.5,3,y,0,3.640351625482991,10.0
lorenz63,tv_diff,16,0.5,3,y,1,1.5011260730506388,-1.0
lorenz63,tv_diff,16,0.5,3,y,2,0.3451758737801759,0.0
lorenz63,tv_diff,16,0.5,3,z,0,-0.3886533456393978,0.0
lorenz63,tv_diff,16,0.5,3,z,1,0.0,0.0
lorenz63,tv_diff,16,0.5,3,z,2,-1.6646980972548253,-2.6666666666666665
lorenz63,tv_diff,16,0.5,3,x*x,0,0.0,0.0
lorenz63,tv_diff,16,0.5,3,x*x,1,0.0,0.0
lorenz63,tv_diff,16,0.5,3,x*x,2,0.22601926581152784,0.0
lorenz63,tv_diff,16,0.5,3,x*y,0,0.0,0.0
lorenz63,tv_diff,16,0.5,3,x*y,1,0.0,0.0
lorenz63,tv_diff,16,0.5,3,x*y,2,0.46173394239986526,1.0
lorenz63,tv_diff,16,0.5,3,x*z,0,-0.24516450986546298,0.0
lorenz63,tv_diff,16,0.5,3,x*z,1,-0.4629669801843015,-1.0
lorenz63,tv_diff,16,0.5,3,x*z,2,0.0,0.0
lorenz63,tv_diff,16,0.5,3,y*y,0,0.0,0.0
lorenz63,tv_diff,16,0.5,3,y*y,1,0.0,0.0
lorenz63,tv_diff,16,0.5,3,y*y,2,0.0,0.0
lorenz63,tv_diff,16,0.5,3,y*z,0,0.0,0.0
lorenz63,tv_diff,16,0.5,3,y*z,1,0.0,0.0
lorenz63,tv_diff,16,0.5,3,y*z,2,0.0,0.0
lorenz63,tv_diff,16,0.5,3,z*z,0,0.0,0.0
lorenz63,tv_diff,16,0.5,3,z*z,1,0.0,0.0
lorenz63,tv_diff,16,0.5,3,z*z,2,0.0,0.0
lorenz63,tv_diff,16,0.5,3,x*x*x,0,0.0,0.0
lorenz63,tv_diff,16,0.5,3,x*x*x,1,0.0,0.0
lorenz63,tv_diff,16,0.5,3,x*x*x,2,0.0,0.0
lorenz63,tv_diff,16,0.5,3,x*x*y,0,0.0,0.0
lorenz63,tv_diff,16,0.5,3,x*x*y,1,0.0,0.0
lorenz63,tv_diff,16,0.5,3,x*x*y,2,0.0,0.0
lorenz63,tv_diff,16,0.5,3,x*x*z,0,0.0,0.0
lorenz63,tv_diff,16,0.5,3,x*x*z,1,0.0,0.0
lorenz63,tv_diff,16,0.5,3,x*x*z,2,0.0,0.0
lorenz63,tv_diff,16,0.5,3,x*y*y,0,0.0,0.0
lorenz63,tv_diff,16,0.5,3,x*y*y,1,0.0,0.0
lorenz63,tv_diff,16,0.5,3,x*y*y,2,0.0,0.0
lorenz63,tv_diff,16,0.5,3,x*y*z,0,0.0,0.0
lorenz63,tv_diff,16,0.5,3,x*y*z,1,0.0,0.0
lorenz63,tv_diff,16,0.5,3,x*y*z,2,0.0,0.0
lorenz63,tv_diff,16,0.5,3,x*z*z,0,0.0,0.0
lorenz63,tv_diff,16,0.5,3,x*z*z,1,0.0,0.0
lorenz63,tv_diff,16,0.5,3,x*z*z,2,0.0,0.0
lorenz63,tv_diff,16,0.5,3,y*y*y,0,0.0,0.0
lorenz63,tv_diff,16,0.5,3,y*y*y,1,0.0,0.0
lorenz63,tv_diff,16,0.5,3,y*y*y,2,0.0,0.0
lorenz63,tv_diff,16,0.5,3,y*y*z,0,0.0,0.0
lorenz63,tv_diff,16,0.5,3,y*y*z,1,0.0,0.0
lorenz63,tv_diff,16,0.5,3,y*y*z,2,0.0,0.0
lorenz63,tv_diff,16,0.5,3,y*z*z,0,0.0,0.0
lorenz63,tv_diff,16,0.5,3,y*z*z,1,0.0,0.0
lorenz63,tv_diff,16,0.5,3,y*z*z,2,0.0,0.0
lorenz63,tv_diff,16,0.5,3,z*z*z,0,0.0,0.0
lorenz63,tv_diff,16,0.5,3,z*z*z,1,0.0,0.0
lorenz63,tv_diff,16,0.5,3,z*z*z,2,0.0,0.0
lorenz63,baseline,64,0.05,4,1,0,-1.836898212686158,0.0
lorenz63,baseline,64,0.05,4,1,1,0.0,0.0
lorenz63,baseline,64,0.05,4,1,2,0.0,0.0
lorenz63,baseline,64,0.05,4,x,0,-1.3527847104772424,-10.0
lorenz63,baseline,64,0.05,4,x,1,-1.9047879098611815,28.0
lorenz63,baseline,64,0.05,4,x,2,0.0,0.0
lorenz63,baseline,64,0.05,4,y,0,1.9316513548066667,10.0
lorenz63,baseline,64,0.05,4,y,1,1.3252243651670748,-1.0
lorenz63,baseline,64,0.05,4,y,2,0.0,0.0
lorenz63,baseline,64,0.05,4,z,0,0.0,0.0
lorenz63,baseline,64,0.05,4,z,1,0.0,0.0
lorenz63,baseline,64,0.05,4,z,2,0.0,-2.6666666666666665
lorenz63,baseline,64,0.05,4,x*x,0,0.0,0.0
lorenz63,baseline,64,0.05,4,x*x,1,0.0,0.0
lorenz63,baseline,64,0.05,4,x*x,2,0.0,0.0
lorenz63,baseline,64,0.05,4,x*y,0,0.0,0.0
lorenz63,baseline,64,0.05,4,x*y,1,0.0,0.0
lorenz63,baseline,64,0.05,4,x*y,2,0.0,1.0
lorenz63,baseline,64,0.05,4,x*z,0,0.0,0.0
lorenz63,baseline,64,0.05,4,x*z,1,0.0,-1.0
lorenz63,baseline,64,0.05,4,x*z,2,0.0,0.0
lorenz63,baseline,64,0.05,4,y*y,0,0.0,0.0
lorenz63,baseline,64,0.05,4,y*y,1,0.0,0.0
lorenz63,baseline,64,0.05,4,y*y,2,0.0,0.0
lorenz63,baseline,64,0.05,4,y*z,0,0.0,0.0
lorenz63,baseline,64,0.05,4,y*z,1,0.0,0.0
lorenz63,baseline,64,0.05,4,y*z,2,0.0,0.0
lorenz63,baseline,64,0.05,4,z*z,0,0.0,0.0
lorenz63,baseline,64,0.05,4,z*z,1,0.0,0.0
lorenz63,baseline,64,0.05,4,z*z,2,0.0,0.0
lorenz63,baseline,64,0.05,4,x*x*x,0,0.0,0.0
lorenz63,baseline,64,0.05,4,x*x*x,1,0.0,0.0
lorenz63,baseline,64,0.05,4,x*x*x,2,0.0,0.0
lorenz63,baseline,64,0.05,4,x*x*y,0,0.0,0.0
lorenz63,baseline,64,0.05,4,x*x*y,1,0.0,0.0
lorenz63,baseline,64,0.05,4,x*x*y,2,0.0,0.0
lorenz63,baseline,64,0.05,4,x*x*z,0,0.0,0.0
lorenz63,baseline,64,0.05,4,x*x*z,1,0.0,0.0
lorenz63,baseline,64,0.05,4,x*x*z,2,0.0,0.0
lorenz63,baseline,64,0.05,4,x*y*y,0,0.0,0.0
lorenz63,baseline,64,0.05,4,x*y*y,1,0.0,0.0
lorenz63,baseline,64,0.05,4,x*y*y,2,0.0,0.0
lorenz63,baseline,64,0.05,4,x*y*z,0,0.0,0.0
lorenz63,baseline,64,0.05,4,x*y*z,1,0.0,0.0
lorenz63,baseline,64,0.05,4,x*y*z,2,0.0,0.0
lorenz63,baseline,64,0.05,4,x*z*z,0,0.0,0.0
lorenz63,baseline,64,0.05,4,x*z*z,1,0.0,0.0
lorenz63,baseline,64,0.05,4,x*z*z,2,0.0,0.0
lorenz63,baseline,64,0.05,4,y*y*y,0,0.0,0.0
lorenz63,baseline,64,0.05,4,y*y*y,1,0.0,0.0
lorenz63,baseline,64,0.05,4,y*y*y,2,0.0,0.0
lorenz63,baseline,64,0.05,4,y*y*z,0,0.0,0.0
lorenz63,baseline,64,0.05,4,y*y*z,1,0.0,0.0
lorenz63,baseline,64,0.05,4,y*y*z,2,0.0,0.0
lorenz63,baseline,64,0.05,4,y*z*z,0,0.0,0.0
lorenz63,baseline,64,0.05,4,y*z*z,1,0.0,0.0
lorenz63,baseline,64,0.05,4,y*z*z,2,0.0,0.0
lorenz63,baseline,64,0.05,4,z*z*z,0,0.0,0.0
lorenz63,baseline,64,0.05,4,z*z*z,1,0.0,0.0
lorenz63,baseline,64,0.05,4,z*z*z,2,0.0,0.0
lorenz63,edmd_poly3,64,0.05,4,1,0,-4.442081727923496,0.0
lorenz63,edmd_poly3,64,0.05,4,1,1,0.0,0.0
lorenz63,edmd_poly3,64,0.05,4,1,2,0.0,0.0
lorenz63,edmd_poly3,64,0.05,4,x,0,-1.9477888529296106,-10.0
lorenz63,edmd_poly3,64,0.05,4,x,1,-2.2434937269769364,28.0
lorenz63,edmd_poly3,64,0.05,4,x,2,0.0,0.0
lorenz63,edmd_poly3,64,0.05,4,y,0,3.986625071367239,10.0
lorenz63,edmd_poly3,64,0.05,4,y,1,1.5409347801863538,-1.0
lorenz63,edmd_poly3,64,0.05,4,y,2,0.0,0.0
lorenz63,edmd_poly3,64,0.05,4,z,0,0.0,0.0
lorenz63,edmd_poly3,64,0.05,4,z,1,0.0,0.0
lorenz63,edmd_poly3,64,0.05,4,z,2,0.0,-2.6666666666666665
lorenz63,edmd_poly3,64,0.05,4,x*x,0,0.0,0.0
lorenz63,edmd_poly3,64,0.05,4,x*x,1,0.0,0.0
lorenz63,edmd_poly3,64,0.05,4,x*x,2,0.0,0.0
lorenz63,edmd_poly3,64,0.05,4,x*y,0,0.0,0.0
lorenz63,edmd_poly3,64,0.05,4,x*y,1,0.0,0.0
lorenz63,edmd_poly3,64,0.05,4,x*y,2,0.0,1.0
lorenz63,edmd_poly3,64,0.05,4,x*z,0,0.0,0.0
lorenz63,edmd_poly3,64,0.05,4,x*z,1,0.0,-1.0
lorenz63,edmd_poly3,64,0.05,4,x*z,2,0.0,0.0
lorenz63,edmd_poly3,64,0.05,4,y*y,0,0.0,0.0
lorenz63,edmd_poly3,64,0.05,4,y*y,1,0.0,0.0
lorenz63,edmd_poly3,64,0.05,4,y*y,2,0.0,0.0
lorenz63,edmd_poly3,64,0.05,4,y*z,0,0.0,0.0
lorenz63,edmd_poly3,64,0.05,4,y*z,1,0.0,0.0
lorenz63,edmd_poly3,64,0.05,4,y*z,2,0.0,0.0
lorenz63,edmd_poly3,64,0.05,4,z*z,0,0.0,0.0
lorenz63,edmd_poly3,64,0.05,4,z*z,1,0.0,0.0
lorenz63,edmd_poly3,64,0.05,4,z*z,2,0.0,0.0
lorenz63,edmd_poly3,64,0.05,4,x*x*x,0,0.0,0.0
lorenz63,edmd_poly3,64,0.05,4,x*x*x,1,0.0,0.0
lorenz63,edmd_poly3,64,0.05,4,x*x*x,2,0.0,0.0
lorenz63,edmd_poly3,64,0.05,4,x*x*y,0,0.0,0.0
lorenz63,edmd_poly3,64,0.05,4,x*x*y,1,0.0,0.0
lorenz63,edmd_poly3,64,0.05,4,x*x*y,2,0.0,0.0
lorenz63,edmd_poly3,64,0.05,4,x*x*z,0,0.0,0.0
lorenz63,edmd_poly3,64,0.05,4,x*x*z,1,0.0,0.0
lorenz63,edmd_poly3,64,0.05,4,x*x*z,2,0.0,0.0
lorenz63,edmd_poly3,64,0.05,4,x*y*y,0,0.0,0.0
lorenz63,edmd_poly3,64,0.05,4,x*y*y,1,0.0,0.0
lorenz63,edmd_poly3,64,0.05,4,x*y*y,2,0.0,0.0
lorenz63,edmd_poly3,64,0.05,4,x*y*z,0,0.0,0.0
lorenz63,edmd_poly3,64,0.05,4,x*y*z,1,0.0,0.0
lorenz63,edmd_poly3,64,0.05,4,x*y*z,2,0.0,0.0
lorenz63,edmd_poly3,64,0.05,4,x*z*z,0,0.0,0.0
lorenz63,edmd_poly3,64,0.05,4,x*z*z,1,0.0,0.0
lorenz63,edmd_poly3,64,0.05,4,x*z*z,2,0.0,0.0
lorenz63,edmd_poly3,64,0.05,4,y*y*y,0,0.0,0.0
lorenz63,edmd_poly3,64,0.05,4,y*y*y,1,0.0,0.0
lorenz63,edmd_poly3,64,0.05,4,y*y*y,2,0.0,0.0
lorenz63,edmd_poly3,64,0.05,4,y*y*z,0,0.0,0.0
lorenz63,edmd_poly3,64,0.05,4,y*y*z,1,0.0,0.0
lorenz63,edmd_poly3,64,0.05,4,y*y*z,2,0.0,0.0
lorenz63,edmd_poly3,64,0.05,4,y*z*z,0,0.0,0.0
lorenz63,edmd_poly3,64,0.05,4,y*z*z,1,0.0,0.0
lorenz63,edmd_poly3,64,0.05,4,y*z*z,2,0.0,0.0
lorenz63,edmd_poly3,64,0.05,4,z*z*z,0,0.0,0.0
lorenz63,edmd_poly3,64,0.05,4,z*z*z,1,0.0,0.0
lorenz63,edmd_poly3,64,0.05,4,z*z*z,2,0.0,0.0
lorenz63,tv_diff,64,0.05,4,1,0,-0.04726219801487129,0.0
lorenz63,tv_diff,64,0.05,4,1,1,-0.1372041650788237,0.0
lorenz63,tv_diff,64,0.05,4,1,2,0.061205405546070325,0.0
lorenz63,tv_diff,64,0.05,4,x,0,-0.01320717919388327,-10.0
lorenz63,tv_diff,64,0.05,4,x,1,-0.033315424565114056,28.0
lorenz63,tv_diff,64,0.05,4,x,2,0.014861676987005357,0.0
lorenz63,tv_diff,64,0.05,4,y,0,0.0028092022210621597,10.0
lorenz63,tv_diff,64,0.05,4,y,1,0.021090237280466117,-1.0
lorenz63,tv_diff,64,0.05,4,y,2,-0.009408143787526174,0.0
lorenz63,tv_diff,64,0.05,4,z,0,-0.0021212205365860287,0.0
lorenz63,tv_diff,64,0.05,4,z,1,-0.006232574551800376,0.0
lorenz63,tv_diff,64,0.05,4,z,2,0.002780289169785067,-2.6666666666666665
lorenz63,tv_diff,64,0.05,4,x*x,0,0.0,0.0
lorenz63,tv_diff,64,0.05,4,x*x,1,-0.008530206288140678,0.0
lorenz63,tv_diff,64,0.05,4,x*x,2,0.003805239326868943,0.0
lorenz63,tv_diff,64,0.05,4,x*y,0,0.0,0.0
lorenz63,tv_diff,64,0.05,4,x*y,1,0.0017494755845618346,0.0
lorenz63,tv_diff,64,0.05,4,x*y,2,-0.0007804234363624279,1.0
lorenz63,tv_diff,64,0.05,4,x*z,0,0.0,0.0
lorenz63,tv_diff,64,0.05,4,x*z,1,-0.0015156823670028294,-1.0
lorenz63,tv_diff,64,0.05,4,x*z,2,0.0006761307795842137,0.0
lorenz63,tv_diff,64,0.05,4,y*y,0,0.0,0.0
lorenz63,tv_diff,64,0.05,4,y*y,1,0.0,0.0
lorenz63,tv_diff,64,0.05,4,y*y,2,0.0,0.0
lorenz63,tv_diff,64,0.05,4,y*z,0,0.0,0.0
lorenz63,tv_diff,64,0.05,4,y*z,1,0.0,0.0
lorenz63,tv_diff,64,0.05,4,y*z,2,0.0,0.0
lorenz63,tv_diff,64,0.05,4,z*z,0,0.0,0.0
lorenz63,tv_diff,64,0.05,4,z*z,1,0.0,0.0
lorenz63,tv_diff,64,0.05,4,z*z,2,0.0,0.0
lorenz63,tv_diff,64,0.05,4,x*x*x,0,0.0,0.0
lorenz63,tv_diff,64,0.05,4,x*x*x,1,0.0,0.0
lorenz63,tv_diff,64,0.05,4,x*x*x,2,0.0,0.0
lorenz63,tv_diff,64,0.05,4,x*x*y,0,0.0,0.0
lorenz63,tv_diff,64,0.05,4,x*x*y,1,0.0,0.0
lorenz63,tv_diff,64,0.05,4,x*x*y,2,0.0,0.0
lorenz63,tv_diff,64,0.05,4,x*x*z,0,0.0,0.0
lorenz63,tv_diff,64,0.05,4,x*x*z,1,0.0,0.0
lorenz63,tv_diff,64,0.05,4,x*x*z,2,0.0,0.0
lorenz63,tv_diff,64,0.05,4,x*y*y,0,0.0,0.0
lorenz63,tv_diff,64,0.05,4,x*y*y,1,0.0,0.0
lorenz63,tv_diff,64,0.05,4,x*y*y,2,0.0,0.0
lorenz63,tv_diff,64,0.05,4,x*y*z,0,0.0,0.0
lorenz63,tv_diff,64,0.05,4,x*y*z,1,0.0,0.0
lorenz63,tv_diff,64,0.05,4,x*y*z,2,0.0,0.0
lorenz63,tv_diff,64,0.05,4,x*z*z,0,0.0,0.0
lorenz63,tv_diff,64,0.05,4,x*z*z,1,0.0,0.0
lorenz63,tv_diff,64,0.05,4,x*z*z,2,0.0,0.0
lorenz63,tv_diff,64,0.05,4,y*y*y,0,0.0,0.0
lorenz63,tv_diff,64,0.05,4,y*y*y,1,0.0,0.0
lorenz63,tv_diff,64,0.05,4,y*y*y,2,0.0,0.0
lorenz63,tv_diff,64,0.05,4,y*y*z,0,0.0,0.0
lorenz63,tv_diff,64,0.05,4,y*y*z,1,0.0,0.0
lorenz63,tv_diff,64,0.05,4,y*y*z,2,0.0,0.0
lorenz63,tv_diff,64,0.05,4,y*z*z,0,0.0,0.0
lorenz63,tv_diff,64,0.05,4,y*z*z,1,0.0,0.0
lorenz63,tv_diff,64,0.05,4,y*z*z,2,0.0,0.0
lorenz63,tv_diff,64,0.05,4,z*z*z,0,0.0,0.0
lorenz63,tv_diff,64,0.05,4,z*z*z,1,0.0,0.0
lorenz63,tv_diff,64,0.05,4,z*z*z,2,0.0,0.0
lorenz63,baseline,64,0.1,0,1,0,0.0,0.0
lorenz63,baseline,64,0.1,0,1,1,0.39710940413639595,0.0
lorenz63,baseline,64,0.1,0,1,2,-1.3910459677480171,0.0
lorenz63,baseline,64,0.1,0,x,0,-1.359343178408559,-10.0
lorenz63,baseline,64,0.1,0,x,1,-1.8614020971880794,28.0
lorenz63,baseline,64,0.1,0,x,2,-0.3216142503041062,0.0
lorenz63,baseline,64,0.1,0,y,0,1.9616806399665114,10.0
lorenz63,baseline,64,0.1,0,y,1,1.2183722182699261,-1.0
lorenz63,baseline,64,0.1,0,y,2,0.0,0.0
lorenz63,baseline,64,0.1,0,z,0,0.0,0.0
lorenz63,baseline,64,0.1,0,z,1,0.0,0.0
lorenz63,baseline,64,0.1,0,z,2,-0.6568725904052404,-2.6666666666666665
lorenz63,baseline,64,0.1,0,x*x,0,0.0,0.0
lorenz63,baseline,64,0.1,0,x*x,1,0.0,0.0
lorenz63,baseline,64,0.1,0,x*x,2,0.38217765780341434,0.0
lorenz63,baseline,64,0.1,0,x*y,0,0.0,0.0
lorenz63,baseline,64,0.1,0,x*y,1,0.0,0.0
lorenz63,baseline,64,0.1,0,x*y,2,-0.6550449783612649,1.0
lorenz63,baseline,64,0.1,0,x*z,0,0.0,0.0
lorenz63,baseline,64,0.1,0,x*z,1,0.0,-1.0
lorenz63,baseline,64,0.1,0,x*z,2,0.0,0.0
lorenz63,baseline,64,0.1,0,y*y,0,0.0,0.0
lorenz63,baseline,64,0.1,0,y*y,1,0.0,0.0
lorenz63,baseline,64,0.1,0,y*y,2,0.41756449712016297,0.0
lorenz63,baseline,64,0.1,0,y*z,0,0.0,0.0
lorenz63,baseline,64,0.1,0,y*z,1,0.0,0.0
lorenz63,baseline,64,0.1,0,y*z,2,0.0,0.0
lorenz63,baseline,64,0.1,0,z*z,0,0.0,0.0
lorenz63,baseline,64,0.1,0,z*z,1,0.0,0.0
lorenz63,baseline,64,0.1,0,z*z,2,0.0,0.0
lorenz63,baseline,64,0.1,0,x*x*x,0,0.0,0.0
lorenz63,baseline,64,0.1,0,x*x*x,1,0.0,0.0
lorenz63,baseline,64,0.1,0,x*x*x,2,0.0,0.0
lorenz63,baseline,64,0.1,0,x*x*y,0,0.0,0.0
lorenz63,baseline,64,0.1,0,x*x*y,1,0.0,0.0
lorenz63,baseline,64,0.1,0,x*x*y,2,0.0,0.0
lorenz63,baseline,64,0.1,0,x*x*z,0,0.0,0.0
lorenz63,baseline,64,0.1,0,x*x*z,1,0.0,0.0
lorenz63,baseline,64,0.1,0,x*x*z,2,0.0,0.0
lorenz63,baseline,64,0.1,0,x*y*y,0,0.0,0.0
lorenz63,baseline,64,0.1,0,x*y*y,1,0.0,0.0
lorenz63,baseline,64,0.1,0,x*y*y,2,0.0,0.0
lorenz63,baseline,64,0.1,0,x*y*z,0,0.0,0.0
lorenz63,baseline,64,0.1,0,x*y*z,1,0.0,0.0
lorenz63,baseline,64,0.1,0,x*y*z,2,0.0,0.0
lorenz63,baseline,64,0.1,0,x*z*z,0,0.0,0.0
lorenz63,baseline,64,0.1,0,x*z*z,1,0.0,0.0
lorenz63,baseline,64,0.1,0,x*z*z,2,0.0,0.0
lorenz63,baseline,64,0.1,0,y*y*y,0,0.0,0.0
lorenz63,baseline,64,0.1,0,y*y*y,1,0.0,0.0
lorenz63,baseline,64,0.1,0,y*y*y,2,0.0,0.0
lorenz63,baseline,64,0.1,0,y*y*z,0,0.0,0.0
lorenz63,baseline,64,0.1,0,y*y*z,1,0.0,0.0
lorenz63,baseline,64,0.1,0,y*y*z,2,0.0,0.0
lorenz63,baseline,64,0.1,0,y*z*z,0,0.0,0.0
lorenz63,baseline,64,0.1,0,y*z*z,1,0.0,0.0
lorenz63,baseline,64,0.1,0,y*z*z,2,0.0,0.0
lorenz63,baseline,64,0.1,0,z*z*z,0,0.0,0.0
lorenz63,baseline,64,0.1,0,z*z*z,1,0.0,0.0
lorenz63,baseline,64,0.1,0,z*z*z,2,0.0,0.0
lorenz63,edmd_poly3,64,0.1,0,1,0,-6.408699801703605,0.0
lorenz63,edmd_poly3,64,0.1,0,1,1,-1.857668013475964,0.0
lorenz63,edmd_poly3,64,0.1,0,1,2,-1.458536978182714,0.0
lorenz63,edmd_poly3,64,0.1,0,x,0,-2.2568872675875835,-10.0
lorenz63,edmd_poly3,64,0.1,0,x,1,-1.6054297147457277,28.0
lorenz63,edmd_poly3,64,0.1,0,x,2,0.0,0.0
lorenz63,edmd_poly3,64,0.1,0,y,0,6.709521593190965,10.0
lorenz63,edmd_poly3,64,0.1,0,y,1,1.8255438088992104,-1.0
lorenz63,edmd_poly3,64,0.1,0,y,2,0.0,0.0
lorenz63,edmd_poly3,64,0.1,0,z,0,0.0,0.0
lorenz63,edmd_poly3,64,0.1,0,z,1,0.0,0.0
lorenz63,edmd_poly3,64,0.1,0,z,2,0.0,-2.6666666666666665
lorenz63,edmd_poly3,64,0.1,0,x*x,0,0.0,0.0
lorenz63,edmd_poly3,64,0.1,0,x*x,1,0.0,0.0
lorenz63,edmd_poly3,64,0.1,0,x*x,2,0.0,0.0
lorenz63,edmd_poly3,64,0.1,0,x*y,0,0.0,0.0
lorenz63,edmd_poly3,64,0.1,0,x*y,1,0.0,0.0
lorenz63,edmd_poly3,64,0.1,0,x*y,2,0.0,1.0
lorenz63,edmd_poly3,64,0.1,0,x*z,0,0.0,0.0
lorenz63,edmd_poly3,64,0.1,0,x*z,1,0.0,-1.0
lorenz63,edmd_poly3,64,0.1,0,x*z,2,0.0,0.0
lorenz63,edmd_poly3,64,0.1,0,y*y,0,0.0,0.0
lorenz63,edmd_poly3,64,0.1,0,y*y,1,0.0,0.0
lorenz63,edmd_poly3,64,0.1,0,y*y,2,0.0,0.0
lorenz63,edmd_poly3,64,0.1,0,y*z,0,0.0,0.0
lorenz63,edmd_poly3,64,0.1,0,y*z,1,0.0,0.0
lorenz63,edmd_poly3,64,0.1,0,y*z,2,0.0,0.0
lorenz63,edmd_poly3,64,0.1,0,z*z,0,0.0,0.0
lorenz63,edmd_poly3,64,0.1,0,z*z,1,0.0,0.0
lorenz63,edmd_poly3,64,0.1,0,z*z,2,0.0,0.0
lorenz63,edmd_poly3,64,0.1,0,x*x*x,0,0.0,0.0
lorenz63,edmd_poly3,64,0.1,0,x*x*x,1,0.0,0.0
lorenz63,edmd_poly3,64,0.1,0,x*x*x,2,0.0,0.0
lorenz63,edmd_poly3,64,0.1,0,x*x*y,0,0.0,0.0
lorenz63,edmd_poly3,64,0.1,0,x*x*y,1,0.0,0.0
lorenz63,edmd_poly3,64,0.1,0,x*x*y,2,0.0,0.0
lorenz63,edmd_poly3,64,0.1,0,x*x*z,0,0.0,0.0
lorenz63,edmd_poly3,64,0.1,0,x*x*z,1,0.0,0.0
lorenz63,edmd_poly3,64,0.1,0,x*x*z,2,0.0,0.0
lorenz63,edmd_poly3,64,0.1,0,x*y*y,0,0.0,0.0
lorenz63,edmd_poly3,64,0.1,0,x*y*y,1,0.0,0.0
lorenz63,edmd_poly3,64,0.1,0,x*y*y,2,0.0,0.0
lorenz63,edmd_poly3,64,0.1,0,x*y*z,0,0.0,0.0
lorenz63,edmd_poly3,64,0.1,0,x*y*z,1,0.0,0.0
lorenz63,edmd_poly3,64,0.1,0,x*y*z,2,0.0,0.0
lorenz63,edmd_poly3,64,0.1,0,x*z*z,0,0.0,0.0
lorenz63,edmd_poly3,64,0.1,0,x*z*z,1,0.0,0.0
lorenz63,edmd_poly3,64,0.1,0,x*z*z,2,0.0,0.0
lorenz63,edmd_poly3,64,0.1,0,y*y*y,0,0.0,0.0
lorenz63,edmd_poly3,64,0.1,0,y*y*y,1,0.0,0.0
lorenz63,edmd_poly3,64,0.1,0,y*y*y,2,0.0,0.0
lorenz63,edmd_poly3,64,0.1,0,y*y*z,0,0.0,0.0
lorenz63,edmd_poly3,64,0.1,0,y*y*z,1,0.0,0.0
lorenz63,edmd_poly3,64,0.1,0,y*y*z,2,0.0,0.0
lorenz63,edmd_poly3,64,0.1,0,y*z*z,0,0.0,0.0
lorenz63,edmd_poly3,64,0.1,0,y*z*z,1,0.0,0.0
lorenz63,edmd_poly3,64,0.1,0,y*z*z,2,0.0,0.0
lorenz63,edmd_poly3,64,0.1,0,z*z*z,0,0.0,0.0
lorenz63,edmd_poly3,64,0.1,0,z*z*z,1,0.0,0.0
lorenz63,edmd_poly3,64,0.1,0,z*z*z,2,0.0,0.0
lorenz63,tv_diff,64,0.1,0,1,0,-0.02892614185546164,0.0
lorenz63,tv_diff,64,0.1,0,1,1,-0.11233336496466806,0.0
lorenz63,tv_diff,64,0.1,0,1,2,0.04444825882784849,0.0
lorenz63,tv_diff,64,0.1,0,x,0,-0.010324350258617745,-10.0
lorenz63,tv_diff,64,0.1,0,x,1,-0.03638838541401671,28.0
lorenz63,tv_diff,64,0.1,0,x,2,0.014895468739819208,0.0
lorenz63,tv_diff,64,0.1,0,y,0,0.0012462594032809752,10.0
lorenz63,tv_diff,64,0.1,0,y,1,0.020242105419800798,-1.0
lorenz63,tv_diff,64,0.1,0,y,2,-0.005942707966868577,0.0
lorenz63,tv_diff,64,0.1,0,z,0,-0.001289750387966302,0.0
lorenz63,tv_diff,64,0.1,0,z,1,-0.0050809437304823795,0.0
lorenz63,tv_diff,64,0.1,0,z,2,0.0020007410603878387,-2.6666666666666665
lorenz63,tv_diff,64,0.1,0,x*x,0,0.0,0.0
lorenz63,tv_diff,64,0.1,0,x*x,1,-0.011634282148639813,0.0
lorenz63,tv_diff,64,0.1,0,x*x,2,0.005106765204965077,0.0
lorenz63,tv_diff,64,0.1,0,x*y,0,0.0,0.0
lorenz63,tv_diff,64,0.1,0,x*y,1,0.004584041862674555,0.0
lorenz63,tv_diff,64,0.1,0,x*y,2,-0.0006054640254406566,1.0
lorenz63,tv_diff,64,0.1,0,x*z,0,0.0,0.0
lorenz63,tv_diff,64,0.1,0,x*z,1,-0.0016530277554500567,-1.0
lorenz63,tv_diff,64,0.1,0,x*z,2,0.0006696389097354297,0.0
lorenz63,tv_diff,64,0.1,0,y*y,0,0.0,0.0
lorenz63,tv_diff,64,0.1,0,y*y,1,0.0,0.0
lorenz63,tv_diff,64,0.1,0,y*y,2,0.0,0.0
lorenz63,tv_diff,64,0.1,0,y*z,0,0.0,0.0
lorenz63,tv_diff,64,0.1,0,y*z,1,0.0,0.0
lorenz63,tv_diff,64,0.1,0,y*z,2,0.0,0.0
lorenz63,tv_diff,64,0.1,0,z*z,0,0.0,0.0
lorenz63,tv_diff,64,0.1,0,z*z,1,0.0,0.0
lorenz63,tv_diff,64,0.1,0,z*z,2,0.0,0.0
lorenz63,tv_diff,64,0.1,0,x*x*x,0,0.0,0.0
lorenz63,tv_diff,64,0.1,0,x*x*x,1,-0.003844870906512672,0.0
lorenz63,tv_diff,64,0.1,0,x*x*x,2,0.0,0.0
lorenz63,tv_diff,64,0.1,0,x*x*y,0,0.0,0.0
lorenz63,tv_diff,64,0.1,0,x*x*y,1,0.00044767491093600773,0.0
lorenz63,tv_diff,64,0.1,0,x*x*y,2,0.0,0.0
lorenz63,tv_diff,64,0.1,0,x*x*z,0,0.0,0.0
lorenz63,tv_diff,64,0.1,0,x*x*z,1,-0.0005271004525777777,0.0
lorenz63,tv_diff,64,0.1,0,x*x*z,2,0.0,0.0
lorenz63,tv_diff,64,0.1,0,x*y*y,0,0.0,0.0
lorenz63,tv_diff,64,0.1,0,x*y*y,1,0.0,0.0
lorenz63,tv_diff,64,0.1,0,x*y*y,2,0.0,0.0
lorenz63,tv_diff,64,0.1,0,x*y*z,0,0.0,0.0
lorenz63,tv_diff,64,0.1,0,x*y*z,1,0.0,0.0
lorenz63,tv_diff,64,0.1,0,x*y*z,2,0.0,0.0
lorenz63,tv_diff,64,0.1,0,x*z*z,0,0.0,0.0
lorenz63,tv_diff,64,0.1,0,x*z*z,1,0.0,0.0
lorenz63,tv_diff,64,0.1,0,x*z*z,2,0.0,0.0
lorenz63,tv_diff,64,0.1,0,y*y*y,0,0.0,0.0
lorenz63,tv_diff,64,0.1,0,y*y*y,1,0.0,0.0
lorenz63,tv_diff,64,0.1,0,y*y*y,2,0.0,0.0
lorenz63,tv_diff,64,0.1,0,y*y*z,0,0.0,0.0
lorenz63,tv_diff,64,0.1,0,y*y*z,1,0.0,0.0
lorenz63,tv_diff,64,0.1,0,y*y*z,2,0.0,0.0
lorenz63,tv_diff,64,0.1,0,y*z*z,0,0.0,0.0
lorenz63,tv_diff,64,0.1,0,y*z*z,1,0.0,0.0
lorenz63,tv_diff,64,0.1,0,y*z*z,2,0.0,0.0
lorenz63,tv_diff,64,0.1,0,z*z*z,0,0.0,0.0
lorenz63,tv_diff,64,0.1,0,z*z*z,1,0.0,0.0
lorenz63,tv_diff,64,0.1,0,z*z*z,2,0.0,0.0
lorenz63,baseline,64,0.1,1,1,0,-2.659113139938252,0.0
lorenz63,baseline,64,0.1,1,1,1,0.0,0.0
lorenz63,baseline,64,0.1,1,1,2,0.0,0.0
lorenz63,baseline,64,0.1,1,x,0,-1.3780546135917298,-10.0
lorenz63,baseline,64,0.1,1,x,1,-1.9456434804554033,28.0
lorenz63,baseline,64,0.1,1,x,2,0.0,0.0
lorenz63,baseline,64,0.1,1,y,0,2.136186725937523,10.0
lorenz63,baseline,64,0.1,1,y,1,1.3179489009822103,-1.0
lorenz63,baseline,64,0.1,1,y,2,0.0,0.0
lorenz63,baseline,64,0.1,1,z,0,0.0,0.0
lorenz63,baseline,64,0.1,1,z,1,0.0,0.0
lorenz63,baseline,64,0.1,1,z,2,0.0,-2.6666666666666665
lorenz63,baseline,64,0.1,1,x*x,0,0.0,0.0
lorenz63,baseline,64,0.1,1,x*x,1,0.0,0.0
lorenz63,baseline,64,0.1,1,x*x,2,0.0,0.0
lorenz63,baseline,64,0.1,1,x*y,0,0.0,0.0
lorenz63,baseline,64,0.1,1,x*y,1,0.0,0.0
lorenz63,baseline,64,0.1,1,x*y,2,0.0,1.0
lorenz63,baseline,64,0.1,1,x*z,0,0.0,0.0
lorenz63,baseline,64,0.1,1,x*z,1,0.0,-1.0
lorenz63,baseline,64,0.1,1,x*z,2,0.0,0.0
lorenz63,baseline,64,0.1,1,y*y,0,0.0,0.0
lorenz63,baseline,64,0.1,1,y*y,1,0.0,0.0
lorenz63,baseline,64,0.1,1,y*y,2,0.0,0.0
lorenz63,baseline,64,0.1,1,y*z,0,0.0,0.0
lorenz63,baseline,64,0.1,1,y*z,1,0.0,0.0
lorenz63,baseline,64,0.1,1,y*z,2,0.0,0.0
lorenz63,baseline,64,0.1,1,z*z,0,0.0,0.0
lorenz63,baseline,64,0.1,1,z*z,1,0.0,0.0
lorenz63,baseline,64,0.1,1,z*z,2,0.0,0.0
lorenz63,baseline,64,0.1,1,x*x*x,0,0.0,0.0
lorenz63,baseline,64,0.1,1,x*x*x,1,0.0,0.0
lorenz63,baseline,64,0.1,1,x*x*x,2,0.0,0.0
lorenz63,baseline,64,0.1,1,x*x*y,0,0.0,0.0
lorenz63,baseline,64,0.1,1,x*x*y,1,0.0,0.0
lorenz63,baseline,64,0.1,1,x*x*y,2,0.0,0.0
lorenz63,baseline,64,0.1,1,x*x*z,0,0.0,0.0
lorenz63,baseline,64,0.1,1,x*x*z,1,0.0,0.0
lorenz63,baseline,64,0.1,1,x*x*z,2,0.0,0.0
lorenz63,baseline,64,0.1,1,x*y*y,0,0.0,0.0
lorenz63,baseline,64,0.1,1,x*y*y,1,0.0,0.0
lorenz63,baseline,64,0.1,1,x*y*y,2,0.0,0.0
lorenz63,baseline,64,0.1,1,x*y*z,0,0.0,0.0
lorenz63,baseline,64,0.1,1,x*y*z,1,0.0,0.0
lorenz63,baseline,64,0.1,1,x*y*z,2,0.0,0.0
lorenz63,baseline,64,0.1,1,x*z*z,0,0.0,0.0
lorenz63,baseline,64,0.1,1,x*z*z,1,0.0,0.0
lorenz63,baseline,64,0.1,1,x*z*z,2,0.0,0.0
lorenz63,baseline,64,0.1,1,y*y*y,0,0.0,0.0
lorenz63,baseline,64,0.1,1,y*y*y,1,0.0,0.0
lorenz63,baseline,64,0.1,1,y*y*y,2,0.0,0.0
lorenz63,baseline,64,0.1,1,y*y*z,0,0.0,0.0
lorenz63,baseline,64,0.1,1,y*y*z,1,0.0,0.0
lorenz63,baseline,64,0.1,1,y*y*z,2,0.0,0.0
lorenz63,baseline,64,0.1,1,y*z*z,0,0.0,0.0
lorenz63,baseline,64,0.1,1,y*z*z,1,0.0,0.0
lorenz63,baseline,64,0.1,1,y*z*z,2,0.0,0.0
lorenz63,baseline,64,0.1,1,z*z*z,0,0.0,0.0
lorenz63,baseline,64,0.1,1,z*z*z,1,0.0,0.0
lorenz63,baseline,64,0.1,1,z*z*z,2,0.0,0.0
lorenz63,edmd_poly3,64,0.1,1,1,0,-6.937189927393006,0.0
lorenz63,edmd_poly3,64,0.1,1,1,1,0.4826483305478383,0.0
lorenz63,edmd_poly3,64,0.1,1,1,2,4.619277451614137,0.0
lorenz63,edmd_poly3,64,0.1,1,x,0,0.0,-10.0
lorenz63,edmd_poly3,64,0.1,1,x,1,-2.4956708724209777,28.0
lorenz63,edmd_poly3,64,0.1,1,x,2,1.332882884812032,0.0
lorenz63,edmd_poly3,64,0.1,1,y,0,3.2766504709708952,10.0
lorenz63,edmd_poly3,64,0.1,1,y,1,1.2830407295011015,-1.0
lorenz63,edmd_poly3,64,0.1,1,y,2,0.0,0.0
lorenz63,edmd_poly3,64,0.1,1,z,0,0.0,0.0
lorenz63,edmd_poly3,64,0.1,1,z,1,0.0,0.0
lorenz63,edmd_poly3,64,0.1,1,z,2,-0.3285049751061116,-2.6666666666666665
lorenz63,edmd_poly3,64,0.1,1,x*x,0,0.0,0.0
lorenz63,edmd_poly3,64,0.1,1,x*x,1,0.0,0.0
lorenz63,edmd_poly3,64,0.1,1,x*x,2,0.0,0.0
lorenz63,edmd_poly3,64,0.1,1,x*y,0,0.0,0.0
lorenz63,edmd_poly3,64,0.1,1,x*y,1,0.0,0.0
lorenz63,edmd_poly3,64,0.1,1,x*y,2,0.0,1.0
lorenz63,edmd_poly3,64,0.1,1,x*z,0,0.0,0.0
lorenz63,edmd_poly3,64,0.1,1,x*z,1,0.0,-1.0
lorenz63,edmd_poly3,64,0.1,1,x*z,2,0.0,0.0
lorenz63,edmd_poly3,64,0.1,1,y*y,0,0.0,0.0
lorenz63,edmd_poly3,64,0.1,1,y*y,1,0.0,0.0
lorenz63,edmd_poly3,64,0.1,1,y*y,2,0.0,0.0
lorenz63,edmd_poly3,64,0.1,1,y*z,0,0.0,0.0
lorenz63,edmd_poly3,64,0.1,1,y*z,1,0.0,0.0
lorenz63,edmd_poly3,64,0.1,1,y*z,2,0.0,0.0
lorenz63,edmd_poly3,64,0.1,1,z*z,0,0.0,0.0
lorenz63,edmd_poly3,64,0.1,1,z*z,1,0.0,0.0
lorenz63,edmd_poly3,64,0.1,1,z*z,2,0.0,0.0
lorenz63,edmd_poly3,64,0.1,1,x*x*x,0,0.0,0.0
lorenz63,edmd_poly3,64,0.1,1,x*x*x,1,0.0,0.0
lorenz63,edmd_poly3,64,0.1,1,x*x*x,2,0.0,0.0
lorenz63,edmd_poly3,64,0.1,1,x*x*y,0,0.0,0.0
lorenz63,edmd_poly3,64,0.1,1,x*x*y,1,0.0,0.0
lorenz63,edmd_poly3,64,0.1,1,x*x*y,2,0.0,0.0
lorenz63,edmd_poly3,64,0.1,1,x*x*z,0,0.0,0.0
lorenz63,edmd_poly3,64,0.1,1,x*x*z,1,0.0,0.0
lorenz63,edmd_poly3,64,0.1,1,x*x*z,2,0.0,0.0
lorenz63,edmd_poly3,64,0.1,1,x*y*y,0,0.0,0.0
lorenz63,edmd_poly3,64,0.1,1,x*y*y,1,0.0,0.0
lorenz63,edmd_poly3,64,0.1,1,x*y*y,2,0.0,0.0
lorenz63,edmd_poly3,64,0.1,1,x*y*z,0,0.0,0.0
lorenz63,edmd_poly3,64,0.1,1,x*y*z,1,0.0,0.0
lorenz63,edmd_poly3,64,0.1,1,x*y*z,2,0.0,0.0
lorenz63,edmd_poly3,64,0.1,1,x*z*z,0,0.0,0.0
lorenz63,edmd_poly3,64,0.1,1,x*z*z,1,0.0,0.0
lorenz63,edmd_poly3,64,0.1,1,x*z*z,2,0.0,0.0
lorenz63,edmd_poly3,64,0.1,1,y*y*y,0,0.0,0.0
lorenz63,edmd_poly3,64,0.1,1,y*y*y,1,0.0,0.0
lorenz63,edmd_poly3,64,0.1,1,y*y*y,2,0.0,0.0
lorenz63,edmd_poly3,64,0.1,1,y*y*z,0,0.0,0.0
lorenz63,edmd_poly3,64,0.1,1,y*y*z,1,0.0,0.0
lorenz63,edmd_poly3,64,0.1,1,y*y*z,2,0.0,0.0
lorenz63,edmd_poly3,64,0.1,1,y*z*z,0,0.0,0.0
lorenz63,edmd_poly3,64,0.1,1,y*z*z,1,0.0,0.0
lorenz63,edmd_poly3,64,0.1,1,y*z*z,2,0.0,0.0
lorenz63,edmd_poly3,64,0.1,1,z*z*z,0,0.0,0.0
lorenz63,edmd_poly3,64,0.1,1,z*z*z,1,0.0,0.0
lorenz63,edmd_poly3,64,0.1,1,z*z*z,2,0.0,0.0
lorenz63,tv_diff,64,0.1,1,1,0,-0.06115538567194296,0.0
lorenz63,tv_diff,64,0.1,1,1,1,-0.17062905636475836,0.0
lorenz63,tv_diff,64,0.1,1,1,2,0.03791608953679016,0.0
lorenz63,tv_diff,64,0.1,1,x,0,-0.01392164986037583,-10.0
lorenz63,tv_diff,64,0.1,1,x,1,-0.033286114708076714,28.0
lorenz63,tv_diff,64,0.1,1,x,2,0.008974605621127268,0.0
lorenz63,tv_diff,64,0.1,1,y,0,0.005167041464321754,10.0
lorenz63,tv_diff,64,0.1,1,y,1,0.023806863187490212,-1.0
lorenz63,tv_diff,64,0.1,1,y,2,-0.0026234830799131787,0.0
lorenz63,tv_diff,64,0.1,1,z,0,-0.0027136899770154816,0.0
lorenz63,tv_diff,64,0.1,1,z,1,-0.007599171944377366,0.0
lorenz63,tv_diff,64,0.1,1,z,2,0.001680763655265375,-2.6666666666666665
lorenz63,tv_diff,64,0.1,1,x*x,0,-0.0027628161677352462,0.0
lorenz63,tv_diff,64,0.1,1,x*x,1,-0.0067694299743516,0.0
lorenz63,tv_diff,64,0.1,1,x*x,2,0.0,0.0
lorenz63,tv_diff,64,0.1,1,x*y,0,0.000910840069540911,0.0
lorenz63,tv_diff,64,0.1,1,x*y,1,0.0019349489008554945,0.0
lorenz63,tv_diff,64,0.1,1,x*y,2,0.0,1.0
lorenz63,tv_diff,64,0.1,1,x*z,0,0.0,0.0
lorenz63,tv_diff,64,0.1,1,x*z,1,-0.00148813166597494,-1.0
lorenz63,tv_diff,64,0.1,1,x*z,2,0.0,0.0
lorenz63,tv_diff,64,0.1,1,y*y,0,0.0,0.0
lorenz63,tv_diff,64,0.1,1,y*y,1,0.0,0.0
lorenz63,tv_diff,64,0.1,1,y*y,2,0.0,0.0
lorenz63,tv_diff,64,0.1,1,y*z,0,0.0,0.0
lorenz63,tv_diff,64,0.1,1,y*z,1,0.0,0.0
lorenz63,tv_diff,64,0.1,1,y*z,2,0.0,0.0
lorenz63,tv_diff,64,0.1,1,z*z,0,0.0,0.0
lorenz63,tv_diff,64,0.1,1,z*z,1,0.0,0.0
lorenz63,tv_diff,64,0.1,1,z*z,2,0.0,0.0
lorenz63,tv_diff,64,0.1,1,x*x*x,0,0.0,0.0
lorenz63,tv_diff,64,0.1,1,x*x*x,1,0.0,0.0
lorenz63,tv_diff,64,0.1,1,x*x*x,2,0.0,0.0
lorenz63,tv_diff,64,0.1,1,x*x*y,0,0.0,0.0
lorenz63,tv_diff,64,0.1,1,x*x*y,1,0.0,0.0
lorenz63,tv_diff,64,0.1,1,x*x*y,2,0.0,0.0
lorenz63,tv_diff,64,0.1,1,x*x*z,0,0.0,0.0
lorenz63,tv_diff,64,0.1,1,x*x*z,1,0.0,0.0
lorenz63,tv_diff,64,0.1,1,x*x*z,2,0.0,0.0
lorenz63,tv_diff,64,0.1,1,x*y*y,0,0.0,0.0
lorenz63,tv_diff,64,0.1,1,x*y*y,1,0.0,0.0
lorenz63,tv_diff,64,0.1,1,x*y*y,2,0.0,0.0
lorenz63,tv_diff,64,0.1,1,x*y*z,0,0.0,0.0
lorenz63,tv_diff,64,0.1,1,x*y*z,1,0.0,0.0
lorenz63,tv_diff,64,0.1,1,x*y*z,2,0.0,0.0
lorenz63,tv_diff,64,0.1,1,x*z*z,0,0.0,0.0
lorenz63,tv_diff,64,0.1,1,x*z*z,1,0.0,0.0
lorenz63,tv_diff,64,0.1,1,x*z*z,2,0.0,0.0
lorenz63,tv_diff,64,0.1,1,y*y*y,0,0.0,0.0
lorenz63,tv_diff,64,0.1,1,y*y*y,1,0.0,0.0
lorenz63,tv_diff,64,0.1,1,y*y*y,2,0.0,0.0
lorenz63,tv_diff,64,0.1,1,y*y*z,0,0.0,0.0
lorenz63,tv_diff,64,0.1,1,y*y*z,1,0.0,0.0
lorenz63,tv_diff,64,0.1,1,y*y*z,2,0.0,0.0
lorenz63,tv_diff,64,0.1,1,y*z*z,0,0.0,0.0
lorenz63,tv_diff,64,0.1,1,y*z*z,1,0.0,0.0
lorenz63,tv_diff,64,0.1,1,y*z*z,2,0.0,0.0
lorenz63,tv_diff,64,0.1,1,z*z*z,0,0.0,0.0
lorenz63,tv_diff,64,0.1,1,z*z*z,1,0.0,0.0
lorenz63,tv_diff,64,0.1,1,z*z*z,2,0.0,0.0
lorenz63,baseline,64,0.1,2,1,0,-1.9012867139484475,0.0
lorenz63,baseline,64,0.1,2,1,1,0.0,0.0
lorenz63,baseline,64,0.1,2,1,2,0.0,0.0
lorenz63,baseline,64,0.1,2,x,0,-1.3375368121532798,-10.0
lorenz63,baseline,64,0.1,2,x,1,-1.8683581952608508,28.0
lorenz63,baseline,64,0.1,2,x,2,0.0,0.0
lorenz63,baseline,64,0.1,2,y,0,1.921517804059444,10.0
lorenz63,baseline,64,0.1,2,y,1,1.2765009394104108,-1.0
lorenz63,baseline,64,0.1,2,y,2,0.0,0.0
lorenz63,baseline,64,0.1,2,z,0,0.0,0.0
lorenz63,baseline,64,0.1,2,z,1,0.0,0.0
lorenz63,baseline,64,0.1,2,z,2,0.0,-2.6666666666666665
lorenz63,baseline,64,0.1,2,x*x,0,0.0,0.0
lorenz63,baseline,64,0.1,2,x*x,1,0.0,0.0
lorenz63,baseline,64,0.1,2,x*x,2,0.0,0.0
lorenz63,baseline,64,0.1,2,x*y,0,0.0,0.0
lorenz63,baseline,64,0.1,2,x*y,1,0.0,0.0
lorenz63,baseline,64,0.1,2,x*y,2,0.0,1.0
lorenz63,baseline,64,0.1,2,x*z,0,0.0,0.0
lorenz63,baseline,64,0.1,2,x*z,1,0.0,-1.0
lorenz63,baseline,64,0.1,2,x*z,2,0.0,0.0
lorenz63,baseline,64,0.1,2,y*y,0,0.0,0.0
lorenz63,baseline,64,0.1,2,y*y,1,0.0,0.0
lorenz63,baseline,64,0.1,2,y*y,2,0.0,0.0
lorenz63,baseline,64,0.1,2,y*z,0,0.0,0.0
lorenz63,baseline,64,0.1,2,y*z,1,0.0,0.0
lorenz63,baseline,64,0.1,2,y*z,2,0.0,0.0
lorenz63,baseline,64,0.1,2,z*z,0,0.0,0.0
lorenz63,baseline,64,0.1,2,z*z,1,0.0,0.0
lorenz63,baseline,64,0.1,2,z*z,2,0.0,0.0
lorenz63,baseline,64,0.1,2,x*x*x,0,0.0,0.0
lorenz63,baseline,64,0.1,2,x*x*x,1,0.0,0.0
lorenz63,baseline,64,0.1,2,x*x*x,2,0.0,0.0
lorenz63,baseline,64,0.1,2,x*x*y,0,0.0,0.0
lorenz63,baseline,64,0.1,2,x*x*y,1,0.0,0.0
lorenz63,baseline,64,0.1,2,x*x*y,2,0.0,0.0
lorenz63,baseline,64,0.1,2,x*x*z,0,0.0,0.0
lorenz63,baseline,64,0.1,2,x*x*z,1,0.0,0.0
lorenz63,baseline,64,0.1,2,x*x*z,2,0.0,0.0
lorenz63,baseline,64,0.1,2,x*y*y,0,0.0,0.0
lorenz63,baseline,64,0.1,2,x*y*y,1,0.0,0.0
lorenz63,baseline,64,0.1,2,x*y*y,2,0.0,0.0
lorenz63,baseline,64,0.1,2,x*y*z,0,0.0,0.0
lorenz63,baseline,64,0.1,2,x*y*z,1,0.0,0.0
lorenz63,baseline,64,0.1,2,x*y*z,2,0.0,0.0
lorenz63,baseline,64,0.1,2,x*z*z,0,0.0,0.0
lorenz63,baseline,64,0.1,2,x*z*z,1,0.0,0.0
lorenz63,baseline,64,0.1,2,x*z*z,2,0.0,0.0
lorenz63,baseline,64,0.1,2,y*y*y,0,0.0,0.0
lorenz63,baseline,64,0.1,2,y*y*y,1,0.0,0.0
lorenz63,baseline,64,0.1,2,y*y*y,2,0.0,0.0
lorenz63,baseline,64,0.1,2,y*y*z,0,0.0,0.0
lorenz63,baseline,64,0.1,2,y*y*z,1,0.0,0.0
lorenz63,baseline,64,0.1,2,y*y*z,2,0.0,0.0
lorenz63,baseline,64,0.1,2,y*z*z,0,0.0,0.0
lorenz63,baseline,64,0.1,2,y*z*z,1,0.0,0.0
lorenz63,baseline,64,0.1,2,y*z*z,2,0.0,0.0
lorenz63,baseline,64,0.1,2,z*z*z,0,0.0,0.0
lorenz63,baseline,64,0.1,2,z*z*z,1,0.0,0.0
lorenz63,baseline,64,0.1,2,z*z*z,2,0.0,0.0
lorenz63,edmd_poly3,64,0.1,2,1,0,-3.3455060384453934,0.0
lorenz63,edmd_poly3,64,0.1,2,1,1,2.1419435149563513,0.0
lorenz63,edmd_poly3,64,0.1,2,1,2,0.0,0.0
lorenz63,edmd_poly3,64,0.1,2,x,0,-2.186269439565249,-10.0
lorenz63,edmd_poly3,64,0.1,2,x,1,-3.3944522584317545,28.0
lorenz63,edmd_poly3,64,0.1,2,x,2,0.0,0.0
lorenz63,edmd_poly3,64,0.1,2,y,0,3.5354907168520975,10.0
lorenz63,edmd_poly3,64,0.1,2,y,1,1.5971452534925858,-1.0
lorenz63,edmd_poly3,64,0.1,2,y,2,0.0,0.0
lorenz63,edmd_poly3,64,0.1,2,z,0,0.0,0.0
lorenz63,edmd_poly3,64,0.1,2,z,1,0.0,0.0
lorenz63,edmd_poly3,64,0.1,2,z,2,0.0,-2.6666666666666665
lorenz63,edmd_poly3,64,0.1,2,x*x,0,0.0,0.0
lorenz63,edmd_poly3,64,0.1,2,x*x,1,0.0,0.0
lorenz63,edmd_poly3,64,0.1,2,x*x,2,0.0,0.0
lorenz63,edmd_poly3,64,0.1,2,x*y,0,0.0,0.0
lorenz63,edmd_poly3,64,0.1,2,x*y,1,0.0,0.0
lorenz63,edmd_poly3,64,0.1,2,x*y,2,0.0,1.0
lorenz63,edmd_poly3,64,0.1,2,x*z,0,0.0,0.0
lorenz63,edmd_poly3,64,0.1,2,x*z,1,0.0,-1.0
lorenz63,edmd_poly3,64,0.1,2,x*z,2,0.0,0.0
lorenz63,edmd_poly3,64,0.1,2,y*y,0,0.0,0.0
lorenz63,edmd_poly3,64,0.1,2,y*y,1,0.0,0.0
lorenz63,edmd_poly3,64,0.1,2,y*y,2,0.0,0.0
lorenz63,edmd_poly3,64,0.1,2,y*z,0,0.0,0.0
lorenz63,edmd_poly3,64,0.1,2,y*z,1,0.0,0.0
lorenz63,edmd_poly3,64,0.1,2,y*z,2,0.0,0.0
lorenz63,edmd_poly3,64,0.1,2,z*z,0,0.0,0.0
lorenz63,edmd_poly3,64,0.1,2,z*z,1,0.0,0.0
lorenz63,edmd_poly3,64,0.1,2,z*z,2,0.0,0.0
lorenz63,edmd_poly3,64,0.1,2,x*x*x,0,0.0,0.0
lorenz63,edmd_poly3,64,0.1,2,x*x*x,1,0.0,0.0
lorenz63,edmd_poly3,64,0.1,2,x*x*x,2,0.0,0.0
lorenz63,edmd_poly3,64,0.1,2,x*x*y,0,0.0,0.0
lorenz63,edmd_poly3,64,0.1,2,x*x*y,1,0.0,0.0
lorenz63,edmd_poly3,64,0.1,2,x*x*y,2,0.0,0.0
lorenz63,edmd_poly3,64,0.1,2,x*x*z,0,0.0,0.0
lorenz63,edmd_poly3,64,0.1,2,x*x*z,1,0.0,0.0
lorenz63,edmd_poly3,64,0.1,2,x*x*z,2,0.0,0.0
lorenz63,edmd_poly3,64,0.1,2,x*y*y,0,0.0,0.0
lorenz63,edmd_poly3,64,0.1,2,x*y*y,1,0.0,0.0
lorenz63,edmd_poly3,64,0.1,2,x*y*y,2,0.0,0.0
lorenz63,edmd_poly3,64,0.1,2,x*y*z,0,0.0,0.0
lorenz63,edmd_poly3,64,0.1,2,x*y*z,1,0.0,0.0
lorenz63,edmd_poly3,64,0.1,2,x*y*z,2,0.0,0.0
lorenz63,edmd_poly3,64,0.1,2,x*z*z,0,0.0,0.0
lorenz63,edmd_poly3,64,0.1,2,x*z*z,1,0.0,0.0
lorenz63,edmd_poly3,64,0.1,2,x*z*z,2,0.0,0.0
lorenz63,edmd_poly3,64,0.1,2,y*y*y,0,0.0,0.0
lorenz63,edmd_poly3,64,0.1,2,y*y*y,1,0.0,0.0
lorenz63,edmd_poly3,64,0.1,2,y*y*y,2,0.0,0.0
lorenz63,edmd_poly3,64,0.1,2,y*y*z,0,0.0,0.0
lorenz63,edmd_poly3,64,0.1,2,y*y*z,1,0.0,0.0
lorenz63,edmd_poly3,64,0.1,2,y*y*z,2,0.0,0.0
lorenz63,edmd_poly3,64,0.1,2,y*z*z,0,0.0,0.0
lorenz63,edmd_poly3,64,0.1,2,y*z*z,1,0.0,0.0
lorenz63,edmd_poly3,64,0.1,2,y*z*z,2,0.0,0.0
lorenz63,edmd_poly3,64,0.1,2,z*z*z,0,0.0,0.0
lorenz63,edmd_poly3,64,0.1,2,z*z*z,1,0.0,0.0
lorenz63,edmd_poly3,64,0.1,2,z*z*z,2,0.0,0.0
lorenz63,tv_diff,64,0.1,2,1,0,-0.029228714416726514,0.0
lorenz63,tv_diff,64,0.1,2,1,1,-0.11362334478717978,0.0
lorenz63,tv_diff,64,0.1,2,1,2,0.0564936951730412,0.0
lorenz63,tv_diff,64,0.1,2,x,0,-0.010613515437095898,-10.0
lorenz63,tv_diff,64,0.1,2,x,1,-0.03698756394339761,28.0
lorenz63,tv_diff,64,0.1,2,x,2,0.01907881424120598,0.0
lorenz63,tv_diff,64,0.1,2,y,0,0.0011962300364043701,10.0
lorenz63,tv_diff,64,0.1,2,y,1,0.02027773040767974,-1.0
lorenz63,tv_diff,64,0.1,2,y,2,-0.007562903340762726,0.0
lorenz63,tv_diff,64,0.1,2,z,0,-0.001334423421869382,0.0
lorenz63,tv_diff,64,0.1,2,z,1,-0.005285452052254802,0.0
lorenz63,tv_diff,64,0.1,2,z,2,0.0026121309845448925,-2.6666666666666665
lorenz63,tv_diff,64,0.1,2,x*x,0,0.0,0.0
lorenz63,tv_diff,64,0.1,2,x*x,1,-0.011863232986406699,0.0
lorenz63,tv_diff,64,0.1,2,x*x,2,0.006631247636376945,0.0
lorenz63,tv_diff,64,0.1,2,x*y,0,0.0,0.0
lorenz63,tv_diff,64,0.1,2,x*y,1,0.004632892797752704,0.0
lorenz63,tv_diff,64,0.1,2,x*y,2,-0.0007267642826783972,1.0
lorenz63,tv_diff,64,0.1,2,x*z,0,0.0,0.0
lorenz63,tv_diff,64,0.1,2,x*z,1,-0.0017310423189280189,-1.0
lorenz63,tv_diff,64,0.1,2,x*z,2,0.0008805325995909505,0.0
lorenz63,tv_diff,64,0.1,2,y*y,0,0.0,0.0
lorenz63,tv_diff,64,0.1,2,y*y,1,0.0,0.0
lorenz63,tv_diff,64,0.1,2,y*y,2,0.0,0.0
lorenz63,tv_diff,64,0.1,2,y*z,0,0.0,0.0
lorenz63,tv_diff,64,0.1,2,y*z,1,0.0,0.0
lorenz63,tv_diff,64,0.1,2,y*z,2,0.0,0.0
lorenz63,tv_diff,64,0.1,2,z*z,0,0.0,0.0
lorenz63,tv_diff,64,0.1,2,z*z,1,0.0,0.0
lorenz63,tv_diff,64,0.1,2,z*z,2,0.0,0.0
lorenz63,tv_diff,64,0.1,2,x*x*x,0,0.0,0.0
lorenz63,tv_diff,64,0.1,2,x*x*x,1,-0.003963642242333558,0.0
lorenz63,tv_diff,64,0.1,2,x*x*x,2,0.0,0.0
lorenz63,tv_diff,64,0.1,2,x*x*y,0,0.0,0.0
lorenz63,tv_diff,64,0.1,2,x*x*y,1,0.00042227789684660055,0.0
lorenz63,tv_diff,64,0.1,2,x*x*y,2,0.0,0.0
lorenz63,tv_diff,64,0.1,2,x*x*z,0,0.0,0.0
lorenz63,tv_diff,64,0.1,2,x*x*z,1,-0.000553112430621027,0.0
lorenz63,tv_diff,64,0.1,2,x*x*z,2,0.0,0.0
lorenz63,tv_diff,64,0.1,2,x*y*y,0,0.0,0.0
lorenz63,tv_diff,64,0.1,2,x*y*y,1,0.0,0.0
lorenz63,tv_diff,64,0.1,2,x*y*y,2,0.0,0.0
lorenz63,tv_diff,64,0.1,2,x*y*z,0,0.0,0.0
lorenz63,tv_diff,64,0.1,2,x*y*z,1,0.0,0.0
lorenz63,tv_diff,64,0.1,2,x*y*z,2,0.0,0.0
lorenz63,tv_diff,64,0.1,2,x*z*z,0,0.0,0.0
lorenz63,tv_diff,64,0.1,2,x*z*z,1,0.0,0.0
lorenz63,tv_diff,64,0.1,2,x*z*z,2,0.0,0.0
lorenz63,tv_diff,64,0.1,2,y*y*y,0,0.0,0.0
lorenz63,tv_diff,64,0.1,2,y*y*y,1,0.0,0.0
lorenz63,tv_diff,64,0.1,2,y*y*y,2,0.0,0.0
lorenz63,tv_diff,64,0.1,2,y*y*z,0,0.0,0.0
lorenz63,tv_diff,64,0.1,2,y*y*z,1,0.0,0.0
lorenz63,tv_diff,64,0.1,2,y*y*z,2,0.0,0.0
lorenz63,tv_diff,64,0.1,2,y*z*z,0,0.0,0.0
lorenz63,tv_diff,64,0.1,2,y*z*z,1,0.0,0.0
lorenz63,tv_diff,64,0.1,2,y*z*z,2,0.0,0.0
lorenz63,tv_diff,64,0.1,2,z*z*z,0,0.0,0.0
lorenz63,tv_diff,64,0.1,2,z*z*z,1,0.0,0.0
lorenz63,tv_diff,64,0.1,2,z*z*z,2,0.0,0.0
lorenz63,baseline,64,0.1,3,1,0,-1.9787860582493793,0.0
lorenz63,baseline,64,0.1,3,1,1,0.0,0.0
lorenz63,baseline,64,0.1,3,1,2,0.5101460302098744,0.0
lorenz63,baseline,64,0.1,3,x,0,-1.37258792035395,-10.0
lorenz63,baseline,64,0.1,3,x,1,-1.8182076372519034,28.0
lorenz63,baseline,64,0.1,3,x,2,0.0,0.0
lorenz63,baseline,64,0.1,3,y,0,2.0349212071982405,10.0
lorenz63,baseline,64,0.1,3,y,1,1.270816887207839,-1.0
lorenz63,baseline,64,0.1,3,y,2,0.0,0.0
lorenz63,baseline,64,0.1,3,z,0,0.0,0.0
lorenz63,baseline,64,0.1,3,z,1,0.0,0.0
lorenz63,baseline,64,0.1,3,z,2,0.0,-2.6666666666666665
lorenz63,baseline,64,0.1,3,x*x,0,0.0,0.0
lorenz63,baseline,64,0.1,3,x*x,1,0.0,0.0
lorenz63,baseline,64,0.1,3,x*x,2,0.0,0.0
lorenz63,baseline,64,0.1,3,x*y,0,0.0,0.0
lorenz63,baseline,64,0.1,3,x*y,1,0.0,0.0
lorenz63,baseline,64,0.1,3,x*y,2,0.0,1.0
lorenz63,baseline,64,0.1,3,x*z,0,0.0,0.0
lorenz63,baseline,64,0.1,3,x*z,1,0.0,-1.0
lorenz63,baseline,64,0.1,3,x*z,2,0.0,0.0
lorenz63,baseline,64,0.1,3,y*y,0,0.0,0.0
lorenz63,baseline,64,0.1,3,y*y,1,0.0,0.0
lorenz63,baseline,64,0.1,3,y*y,2,0.0,0.0
lorenz63,baseline,64,0.1,3,y*z,0,0.0,0.0
lorenz63,baseline,64,0.1,3,y*z,1,0.0,0.0
lorenz63,baseline,64,0.1,3,y*z,2,0.0,0.0
lorenz63,baseline,64,0.1,3,z*z,0,0.0,0.0
lorenz63,baseline,64,0.1,3,z*z,1,0.0,0.0
lorenz63,baseline,64,0.1,3,z*z,2,0.0,0.0
lorenz63,baseline,64,0.1,3,x*x*x,0,0.0,0.0
lorenz63,baseline,64,0.1,3,x*x*x,1,0.0,0.0
lorenz63,baseline,64,0.1,3,x*x*x,2,0.0,0.0
lorenz63,baseline,64,0.1,3,x*x*y,0,0.0,0.0
lorenz63,baseline,64,0.1,3,x*x*y,1,0.0,0.0
lorenz63,baseline,64,0.1,3,x*x*y,2,0.0,0.0
lorenz63,baseline,64,0.1,3,x*x*z,0,0.0,0.0
lorenz63,baseline,64,0.1,3,x*x*z,1,0.0,0.0
lorenz63,baseline,64,0.1,3,x*x*z,2,0.0,0.0
lorenz63,baseline,64,0.1,3,x*y*y,0,0.0,0.0
lorenz63,baseline,64,0.1,3,x*y*y,1,0.0,0.0
lorenz63,baseline,64,0.1,3,x*y*y,2,0.0,0.0
lorenz63,baseline,64,0.1,3,x*y*z,0,0.0,0.0
lorenz63,baseline,64,0.1,3,x*y*z,1,0.0,0.0
lorenz63,baseline,64,0.1,3,x*y*z,2,0.0,0.0
lorenz63,baseline,64,0.1,3,x*z*z,0,0.0,0.0
lorenz63,baseline,64,0.1,3,x*z*z,1,0.0,0.0
lorenz63,baseline,64,0.1,3,x*z*z,2,0.0,0.0
lorenz63,baseline,64,0.1,3,y*y*y,0,0.0,0.0
lorenz63,baseline,64,0.1,3,y*y*y,1,0.0,0.0
lorenz63,baseline,64,0.1,3,y*y*y,2,0.0,0.0
lorenz63,baseline,64,0.1,3,y*y*z,0,0.0,0.0
lorenz63,baseline,64,0.1,3,y*y*z,1,0.0,0.0
lorenz63,baseline,64,0.1,3,y*y*z,2,0.0,0.0
lorenz63,baseline,64,0.1,3,y*z*z,0,0.0,0.0
lorenz63,baseline,64,0.1,3,y*z*z,1,0.0,0.0
lorenz63,baseline,64,0.1,3,y*z*z,2,0.0,0.0
lorenz63,baseline,64,0.1,3,z*z*z,0,0.0,0.0
lorenz63,baseline,64,0.1,3,z*z*z,1,0.0,0.0
lorenz63,baseline,64,0.1,3,z*z*z,2,0.0,0.0
lorenz63,edmd_poly3,64,0.1,3,1,0,-6.918464450085474,0.0
lorenz63,edmd_poly3,64,0.1,3,1,1,18.02750233281521,0.0
lorenz63,edmd_poly3,64,0.1,3,1,2,-2.559044148049848,0.0
lorenz63,edmd_poly3,64,0.1,3,x,0,0.0,-10.0
lorenz63,edmd_poly3,64,0.1,3,x,1,-0.6774451084930685,28.0
lorenz63,edmd_poly3,64,0.1,3,x,2,-0.40611382617295044,0.0
lorenz63,edmd_poly3,64,0.1,3,y,0,1.441441115108454,10.0
lorenz63,edmd_poly3,64,0.1,3,y,1,0.4281984507075539,-1.0
lorenz63,edmd_poly3,64,0.1,3,y,2,1.4983695634243988,0.0
lorenz63,edmd_poly3,64,0.1,3,z,0,0.0,0.0
lorenz63,edmd_poly3,64,0.1,3,z,1,-0.7830735510944853,0.0
lorenz63,edmd_poly3,64,0.1,3,z,2,0.0,-2.6666666666666665
lorenz63,edmd_poly3,64,0.1,3,x*x,0,0.0,0.0
lorenz63,edmd_poly3,64,0.1,3,x*x,1,0.0,0.0
lorenz63,edmd_poly3,64,0.1,3,x*x,2,0.0,0.0
lorenz63,edmd_poly3,64,0.1,3,x*y,0,0.0,0.0
lorenz63,edmd_poly3,64,0.1,3,x*y,1,0.0,0.0
lorenz63,edmd_poly3,64,0.1,3,x*y,2,0.0,1.0
lorenz63,edmd_poly3,64,0.1,3,x*z,0,0.0,0.0
lorenz63,edmd_poly3,64,0.1,3,x*z,1,0.0,-1.0
lorenz63,edmd_poly3,64,0.1,3,x*z,2,0.0,0.0
lorenz63,edmd_poly3,64,0.1,3,y*y,0,0.0,0.0
lorenz63,edmd_poly3,64,0.1,3,y*y,1,0.0,0.0
lorenz63,edmd_poly3,64,0.1,3,y*y,2,0.0,0.0
lorenz63,edmd_poly3,64,0.1,3,y*z,0,0.0,0.0
lorenz63,edmd_poly3,64,0.1,3,y*z,1,0.0,0.0
lorenz63,edmd_poly3,64,0.1,3,y*z,2,0.0,0.0
lorenz63,edmd_poly3,64,0.1,3,z*z,0,0.0,0.0
lorenz63,edmd_poly3,64,0.1,3,z*z,1,0.0,0.0
lorenz63,edmd_poly3,64,0.1,3,z*z,2,0.0,0.0
lorenz63,edmd_poly3,64,0.1,3,x*x*x,0,0.0,0.0
lorenz63,edmd_poly3,64,0.1,3,x*x*x,1,0.0,0.0
lorenz63,edmd_poly3,64,0.1,3,x*x*x,2,0.0,0.0
lorenz63,edmd_poly3,64,0.1,3,x*x*y,0,0.0,0.0
lorenz63,edmd_poly3,64,0.1,3,x*x*y,1,0.0,0.0
lorenz63,edmd_poly3,64,0.1,3,x*x*y,2,0.0,0.0
lorenz63,edmd_poly3,64,0.1,3,x*x*z,0,0.0,0.0
lorenz63,edmd_poly3,64,0.1,3,x*x*z,1,0.0,0.0
lorenz63,edmd_poly3,64,0.1,3,x*x*z,2,0.0,0.0
lorenz63,edmd_poly3,64,0.1,3,x*y*y,0,0.0,0.0
lorenz63,edmd_poly3,64,0.1,3,x*y*y,1,0.0,0.0
lorenz63,edmd_poly3,64,0.1,3,x*y*y,2,0.0,0.0
lorenz63,edmd_poly3,64,0.1,3,x*y*z,0,0.0,0.0
lorenz63,edmd_poly3,64,0.1,3,x*y*z,1,0.0,0.0
lorenz63,edmd_poly3,64,0.1,3,x*y*z,2,0.0,0.0
lorenz63,edmd_poly3,64,0.1,3,x*z*z,0,0.0,0.0
lorenz63,edmd_poly3,64,0.1,3,x*z*z,1,0.0,0.0
lorenz63,edmd_poly3,64,0.1,3,x*z*z,2,0.0,0.0
lorenz63,edmd_poly3,64,0.1,3,y*y*y,0,0.0,0.0
lorenz63,edmd_poly3,64,0.1,3,y*y*y,1,0.0,0.0
lorenz63,edmd_poly3,64,0.1,3,y*y*y,2,0.0,0.0
lorenz63,edmd_poly3,64,0.1,3,y*y*z,0,0.0,0.0
lorenz63,edmd_poly3,64,0.1,3,y*y*z,1,0.0,0.0
lorenz63,edmd_poly3,64,0.1,3,y*y*z,2,0.0,0.0
lorenz63,edmd_poly3,64,0.1,3,y*z*z,0,0.0,0.0
lorenz63,edmd_poly3,64,0.1,3,y*z*z,1,0.0,0.0
lorenz63,edmd_poly3,64,0.1,3,y*z*z,2,0.0,0.0
lorenz63,edmd_poly3,64,0.1,3,z*z*z,0,0.0,0.0
lorenz63,edmd_poly3,64,0.1,3,z*z*z,1,0.0,0.0
lorenz63,edmd_poly3,64,0.1,3,z*z*z,2,0.0,0.0
lorenz63,tv_diff,64,0.1,3,1,0,-0.030012951250973165,0.0
lorenz63,tv_diff,64,0.1,3,1,1,-0.11440037870283454,0.0
lorenz63,tv_diff,64,0.1,3,1,2,0.0670110493114862,0.0
lorenz63,tv_diff,64,0.1,3,x,0,-0.010587322086516634,-10.0
lorenz63,tv_diff,64,0.1,3,x,1,-0.03637879386610536,28.0
lorenz63,tv_diff,64,0.1,3,x,2,0.022027113130678237,0.0
lorenz63,tv_diff,64,0.1,3,y,0,0.0011032684727332721,10.0
lorenz63,tv_diff,64,0.1,3,y,1,0.019684400461752995,-1.0
lorenz63,tv_diff,64,0.1,3,y,2,-0.008736034423259008,0.0
lorenz63,tv_diff,64,0.1,3,z,0,-0.001354115923686196,0.0
lorenz63,tv_diff,64,0.1,3,z,1,-0.005272242330647292,0.0
lorenz63,tv_diff,64,0.1,3,z,2,0.003068268993121267,-2.6666666666666665
lorenz63,tv_diff,64,0.1,3,x*x,0,0.0,0.0
lorenz63,tv_diff,64,0.1,3,x*x,1,-0.011446597730905889,0.0
lorenz63,tv_diff,64,0.1,3,x*x,2,0.007443889039911798,0.0
lorenz63,tv_diff,64,0.1,3,x*y,0,0.0,0.0
lorenz63,tv_diff,64,0.1,3,x*y,1,0.004156769785189073,0.0
lorenz63,tv_diff,64,0.1,3,x*y,2,-0.0007472767342119398,1.0
lorenz63,tv_diff,64,0.1,3,x*z,0,0.0,0.0
lorenz63,tv_diff,64,0.1,3,x*z,1,-0.0016871718864825097,-1.0
lorenz63,tv_diff,64,0.1,3,x*z,2,0.0010065073156603566,0.0
lorenz63,tv_diff,64,0.1,3,y*y,0,0.0,0.0
lorenz63,tv_diff,64,0.1,3,y*y,1,0.0,0.0
lorenz63,tv_diff,64,0.1,3,y*y,2,0.0,0.0
lorenz63,tv_diff,64,0.1,3,y*z,0,0.0,0.0
lorenz63,tv_diff,64,0.1,3,y*z,1,0.0,0.0
lorenz63,tv_diff,64,0.1,3,y*z,2,0.0,0.0
lorenz63,tv_diff,64,0.1,3,z*z,0,0.0,0.0
lorenz63,tv_diff,64,0.1,3,z*z,1,0.0,0.0
lorenz63,tv_diff,64,0.1,3,z*z,2,0.0,0.0
lorenz63,tv_diff,64,0.1,3,x*x*x,0,0.0,0.0
lorenz63,tv_diff,64,0.1,3,x*x*x,1,-0.0018280790059082338,0.0
lorenz63,tv_diff,64,0.1,3,x*x*x,2,0.0,0.0
lorenz63,tv_diff,64,0.1,3,x*x*y,0,0.0,0.0
lorenz63,tv_diff,64,0.1,3,x*x*y,1,0.0,0.0
lorenz63,tv_diff,64,0.1,3,x*x*y,2,0.0,0.0
lorenz63,tv_diff,64,0.1,3,x*x*z,0,0.0,0.0
lorenz63,tv_diff,64,0.1,3,x*x*z,1,-0.0005876631276763968,0.0
lorenz63,tv_diff,64,0.1,3,x*x*z,2,0.0,0.0
lorenz63,tv_diff,64,0.1,3,x*y*y,0,0.0,0.0
lorenz63,tv_diff,64,0.1,3,x*y*y,1,0.0,0.0
lorenz63,tv_diff,64,0.1,3,x*y*y,2,0.0,0.0
lorenz63,tv_diff,64,0.1,3,x*y*z,0,0.0,0.0
lorenz63,tv_diff,64,0.1,3,x*y*z,1,0.0,0.0
lorenz63,tv_diff,64,0.1,3,x*y*z,2,0.0,0.0
lorenz63,tv_diff,64,0.1,3,x*z*z,0,0.0,0.0
lorenz63,tv_diff,64,0.1,3,x*z*z,1,0.0,0.0
lorenz63,tv_diff,64,0.1,3,x*z*z,2,0.0,0.0
lorenz63,tv_diff,64,0.1,3,y*y*y,0,0.0,0.0
lorenz63,tv_diff,64,0.1,3,y*y*y,1,0.0,0.0
lorenz63,tv_diff,64,0.1,3,y*y*y,2,0.0,0.0
lorenz63,tv_diff,64,0.1,3,y*y*z,0,0.0,0.0
lorenz63,tv_diff,64,0.1,3,y*y*z,1,0.0,0.0
lorenz63,tv_diff,64,0.1,3,y*y*z,2,0.0,0.0
lorenz63,tv_diff,64,0.1,3,y*z*z,0,0.0,0.0
lorenz63,tv_diff,64,0.1,3,y*z*z,1,0.0,0.0
lorenz63,tv_diff,64,0.1,3,y*z*z,2,0.0,0.0
lorenz63,tv_diff,64,0.1,3,z*z*z,0,0.0,0.0
lorenz63,tv_diff,64,0.1,3,z*z*z,1,0.0,0.0
lorenz63,tv_diff,64,0.1,3,z*z*z,2,0.0,0.0
lorenz63,baseline,64,0.1,4,1,0,-1.738056901965333,0.0
lorenz63,baseline,64,0.1,4,1,1,0.0,0.0
lorenz63,baseline,64,0.1,4,1,2,0.0,0.0
lorenz63,baseline,64,0.1,4,x,0,-1.51225407714536,-10.0
lorenz63,baseline,64,0.1,4,x,1,-2.071335247658872,28.0
lorenz63,baseline,64,0.1,4,x,2,0.0,0.0
lorenz63,baseline,64,0.1,4,y,0,2.176824143134733,10.0
lorenz63,baseline,64,0.1,4,y,1,1.5049545989461968,-1.0
lorenz63,baseline,64,0.1,4,y,2,0.0,0.0
lorenz63,baseline,64,0.1,4,z,0,0.0,0.0
lorenz63,baseline,64,0.1,4,z,1,0.0,0.0
lorenz63,baseline,64,0.1,4,z,2,0.0,-2.6666666666666665
lorenz63,baseline,64,0.1,4,x*x,0,0.0,0.0
lorenz63,baseline,64,0.1,4,x*x,1,0.0,0.0
lorenz63,baseline,64,0.1,4,x*x,2,0.0,0.0
lorenz63,baseline,64,0.1,4,x*y,0,0.0,0.0
lorenz63,baseline,64,0.1,4,x*y,1,0.0,0.0
lorenz63,baseline,64,0.1,4,x*y,2,0.0,1.0
lorenz63,baseline,64,0.1,4,x*z,0,0.0,0.0
lorenz63,baseline,64,0.1,4,x*z,1,0.0,-1.0
lorenz63,baseline,64,0.1,4,x*z,2,0.0,0.0
lorenz63,baseline,64,0.1,4,y*y,0,0.0,0.0
lorenz63,baseline,64,0.1,4,y*y,1,0.0,0.0
lorenz63,baseline,64,0.1,4,y*y,2,0.0,0.0
lorenz63,baseline,64,0.1,4,y*z,0,0.0,0.0
lorenz63,baseline,64,0.1,4,y*z,1,0.0,0.0
lorenz63,baseline,64,0.1,4,y*z,2,0.0,0.0
lorenz63,baseline,64,0.1,4,z*z,0,0.0,0.0
lorenz63,baseline,64,0.1,4,z*z,1,0.0,0.0
lorenz63,baseline,64,0.1,4,z*z,2,0.0,0.0
lorenz63,baseline,64,0.1,4,x*x*x,0,0.0,0.0
lorenz63,baseline,64,0.1,4,x*x*x,1,0.0,0.0
lorenz63,baseline,64,0.1,4,x*x*x,2,0.0,0.0
lorenz63,baseline,64,0.1,4,x*x*y,0,0.0,0.0
lorenz63,baseline,64,0.1,4,x*x*y,1,0.0,0.0
lorenz63,baseline,64,0.1,4,x*x*y,2,0.0,0.0
lorenz63,baseline,64,0.1,4,x*x*z,0,0.0,0.0
lorenz63,baseline,64,0.1,4,x*x*z,1,0.0,0.0
lorenz63,baseline,64,0.1,4,x*x*z,2,0.0,0.0
lorenz63,baseline,64,0.1,4,x*y*y,0,0.0,0.0
lorenz63,baseline,64,0.1,4,x*y*y,1,0.0,0.0
lorenz63,baseline,64,0.1,4,x*y*y,2,0.0,0.0
lorenz63,baseline,64,0.1,4,x*y*z,0,0.0,0.0
lorenz63,baseline,64,0.1,4,x*y*z,1,0.0,0.0
lorenz63,baseline,64,0.1,4,x*y*z,2,0.0,0.0
lorenz63,baseline,64,0.1,4,x*z*z,0,0.0,0.0
lorenz63,baseline,64,0.1,4,x*z*z,1,0.0,0.0
lorenz63,baseline,64,0.1,4,x*z*z,2,0.0,0.0
lorenz63,baseline,64,0.1,4,y*y*y,0,0.0,0.0
lorenz63,baseline,64,0.1,4,y*y*y,1,0.0,0.0
lorenz63,baseline,64,0.1,4,y*y*y,2,0.0,0.0
lorenz63,baseline,64,0.1,4,y*y*z,0,0.0,0.0
lorenz63,baseline,64,0.1,4,y*y*z,1,0.0,0.0
lorenz63,baseline,64,0.1,4,y*y*z,2,0.0,0.0
lorenz63,baseline,64,0.1,4,y*z*z,0,0.0,0.0
lorenz63,baseline,64,0.1,4,y*z*z,1,0.0,0.0
lorenz63,baseline,64,0.1,4,y*z*z,2,0.0,0.0
lorenz63,baseline,64,0.1,4,z*z*z,0,0.0,0.0
lorenz63,baseline,64,0.1,4,z*z*z,1,0.0,0.0
lorenz63,baseline,64,0.1,4,z*z*z,2,0.0,0.0
lorenz63,edmd_poly3,64,0.1,4,1,0,-23.85426967372773,0.0
lorenz63,edmd_poly3,64,0.1,4,1,1,4.436879057028923,0.0
lorenz63,edmd_poly3,64,0.1,4,1,2,-9.559414911505781,0.0
lorenz63,edmd_poly3,64,0.1,4,x,0,0.3733116347801409,-10.0
lorenz63,edmd_poly3,64,0.1,4,x,1,-2.2722599600532076,28.0
lorenz63,edmd_poly3,64,0.1,4,x,2,-0.48763106301510273,0.0
lorenz63,edmd_poly3,64,0.1,4,y,0,8.317160675462468,10.0
lorenz63,edmd_poly3,64,0.1,4,y,1,1.869652951991208,-1.0
lorenz63,edmd_poly3,64,0.1,4,y,2,5.261749986528406,0.0
lorenz63,edmd_poly3,64,0.1,4,z,0,0.1845632664753346,0.0
lorenz63,edmd_poly3,64,0.1,4,z,1,-0.21244694382400528,0.0
lorenz63,edmd_poly3,64,0.1,4,z,2,-0.3555312560582897,-2.6666666666666665
lorenz63,edmd_poly3,64,0.1,4,x*x,0,0.0,0.0
lorenz63,edmd_poly3,64,0.1,4,x*x,1,0.0,0.0
lorenz63,edmd_poly3,64,0.1,4,x*x,2,0.0,0.0
lorenz63,edmd_poly3,64,0.1,4,x*y,0,-0.39654475433947356,0.0
lorenz63,edmd_poly3,64,0.1,4,x*y,1,0.0,0.0
lorenz63,edmd_poly3,64,0.1,4,x*y,2,0.5048366432953695,1.0
lorenz63,edmd_poly3,64,0.1,4,x*z,0,0.0,0.0
lorenz63,edmd_poly3,64,0.1,4,x*z,1,0.0,-1.0
lorenz63,edmd_poly3,64,0.1,4,x*z,2,0.0,0.0
lorenz63,edmd_poly3,64,0.1,4,y*y,0,0.719438515356888,0.0
lorenz63,edmd_poly3,64,0.1,4,y*y,1,0.0,0.0
lorenz63,edmd_poly3,64,0.1,4,y*y,2,0.0,0.0
lorenz63,edmd_poly3,64,0.1,4,y*z,0,-0.27072979219271986,0.0
lorenz63,edmd_poly3,64,0.1,4,y*z,1,0.0,0.0
lorenz63,edmd_poly3,64,0.1,4,y*z,2,-0.19961232116290534,0.0
lorenz63,edmd_poly3,64,0.1,4,z*z,0,0.0,0.0
lorenz63,edmd_poly3,64,0.1,4,z*z,1,0.0,0.0
lorenz63,edmd_poly3,64,0.1,4,z*z,2,0.0,0.0
lorenz63,edmd_poly3,64,0.1,4,x*x*x,0,0.0,0.0
lorenz63,edmd_poly3,64,0.1,4,x*x*x,1,0.0,0.0
lorenz63,edmd_poly3,64,0.1,4,x*x*x,2,0.0,0.0
lorenz63,edmd_poly3,64,0.1,4,x*x*y,0,0.0,0.0
lorenz63,edmd_poly3,64,0.1,4,x*x*y,1,0.0,0.0
lorenz63,edmd_poly3,64,0.1,4,x*x*y,2,0.0,0.0
lorenz63,edmd_poly3,64,0.1,4,x*x*z,0,0.0,0.0
lorenz63,edmd_poly3,64,0.1,4,x*x*z,1,0.0,0.0
lorenz63,edmd_poly3,64,0.1,4,x*x*z,2,0.0,0.0
lorenz63,edmd_poly3,64,0.1,4,x*y*y,0,0.0,0.0
lorenz63,edmd_poly3,64,0.1,4,x*y*y,1,0.0,0.0
lorenz63,edmd_poly3,64,0.1,4,x*y*y,2,0.0,0.0
lorenz63,edmd_poly3,64,0.1,4,x*y*z,0,0.0,0.0
lorenz63,edmd_poly3,64,0.1,4,x*y*z,1,0.0,0.0
lorenz63,edmd_poly3,64,0.1,4,x*y*z,2,0.0,0.0
lorenz63,edmd_poly3,64,0.1,4,x*z*z,0,0.0,0.0
lorenz63,edmd_poly3,64,0.1,4,x*z*z,1,0.0,0.0
lorenz63,edmd_poly3,64,0.1,4,x*z*z,2,0.0,0.0
lorenz63,edmd_poly3,64,0.1,4,y*y*y,0,0.0,0.0
lorenz63,edmd_poly3,64,0.1,4,y*y*y,1,0.0,0.0
lorenz63,edmd_poly3,64,0.1,4,y*y*y,2,0.0,0.0
lorenz63,edmd_poly3,64,0.1,4,y*y*z,0,0.0,0.0
lorenz63,edmd_poly3,64,0.1,4,y*y*z,1,0.0,0.0
lorenz63,edmd_poly3,64,0.1,4,y*y*z,2,0.0,0.0
lorenz63,edmd_poly3,64,0.1,4,y*z*z,0,0.0,0.0
lorenz63,edmd_poly3,64,0.1,4,y*z*z,1,0.0,0.0
lorenz63,edmd_poly3,64,0.1,4,y*z*z,2,0.0,0.0
lorenz63,edmd_poly3,64,0.1,4,z*z*z,0,0.0,0.0
lorenz63,edmd_poly3,64,0.1,4,z*z*z,1,0.0,0.0
lorenz63,edmd_poly3,64,0.1,4,z*z*z,2,0.0,0.0
lorenz63,tv_diff,64,0.1,4,1,0,-0.05334079046893537,0.0
lorenz63,tv_diff,64,0.1,4,1,1,-0.1427605343588242,0.0
lorenz63,tv_diff,64,0.1,4,1,2,0.08224414604066639,0.0
lorenz63,tv_diff,64,0.1,4,x,0,-0.014215505729362693,-10.0
lorenz63,tv_diff,64,0.1,4,x,1,-0.03289333560446414,28.0
lorenz63,tv_diff,64,0.1,4,x,2,0.018949805748804432,0.0
lorenz63,tv_diff,64,0.1,4,y,0,0.0029724407218390553,10.0
lorenz63,tv_diff,64,0.1,4,y,1,0.022000039169202325,-1.0
lorenz63,tv_diff,64,0.1,4,y,2,-0.012674192006017007,0.0
lorenz63,tv_diff,64,0.1,4,z,0,-0.002429998304615632,0.0
lorenz63,tv_diff,64,0.1,4,z,1,-0.006605757408735073,0.0
lorenz63,tv_diff,64,0.1,4,z,2,0.0038055679351399543,-2.6666666666666665
lorenz63,tv_diff,64,0.1,4,x*x,0,0.0,0.0
lorenz63,tv_diff,64,0.1,4,x*x,1,-0.007940967810196178,0.0
lorenz63,tv_diff,64,0.1,4,x*x,2,0.004574780695881206,0.0
lorenz63,tv_diff,64,0.1,4,x*y,0,0.0,0.0
lorenz63,tv_diff,64,0.1,4,x*y,1,0.0015619857812422732,0.0
lorenz63,tv_diff,64,0.1,4,x*y,2,-0.0008998579049764344,1.0
lorenz63,tv_diff,64,0.1,4,x*z,0,0.0,0.0
lorenz63,tv_diff,64,0.1,4,x*z,1,-0.0015283911661680108,-1.0
lorenz63,tv_diff,64,0.1,4,x*z,2,0.0008805040043259279,0.0
lorenz63,tv_diff,64,0.1,4,y*y,0,0.0,0.0
lorenz63,tv_diff,64,0.1,4,y*y,1,0.0,0.0
lorenz63,tv_diff,64,0.1,4,y*y,2,0.0,0.0
lorenz63,tv_diff,64,0.1,4,y*z,0,0.0,0.0
lorenz63,tv_diff,64,0.1,4,y*z,1,0.0,0.0
lorenz63,tv_diff,64,0.1,4,y*z,2,0.0,0.0
lorenz63,tv_diff,64,0.1,4,z*z,0,0.0,0.0
lorenz63,tv_diff,64,0.1,4,z*z,1,0.0,0.0
lorenz63,tv_diff,64,0.1,4,z*z,2,0.0,0.0
lorenz63,tv_diff,64,0.1,4,x*x*x,0,0.0,0.0
lorenz63,tv_diff,64,0.1,4,x*x*x,1,0.0,0.0
lorenz63,tv_diff,64,0.1,4,x*x*x,2,0.0,0.0
lorenz63,tv_diff,64,0.1,4,x*x*y,0,0.0,0.0
lorenz63,tv_diff,64,0.1,4,x*x*y,1,0.0,0.0
lorenz63,tv_diff,64,0.1,4,x*x*y,2,0.0,0.0
lorenz63,tv_diff,64,0.1,4,x*x*z,0,0.0,0.0
lorenz63,tv_diff,64,0.1,4,x*x*z,1,0.0,0.0
lorenz63,tv_diff,64,0.1,4,x*x*z,2,0.0,0.0
lorenz63,tv_diff,64,0.1,4,x*y*y,0,0.0,0.0
lorenz63,tv_diff,64,0.1,4,x*y*y,1,0.0,0.0
lorenz63,tv_diff,64,0.1,4,x*y*y,2,0.0,0.0
lorenz63,tv_diff,64,0.1,4,x*y*z,0,0.0,0.0
lorenz63,tv_diff,64,0.1,4,x*y*z,1,0.0,0.0
lorenz63,tv_diff,64,0.1,4,x*y*z,2,0.0,0.0
lorenz63,tv_diff,64,0.1,4,x*z*z,0,0.0,0.0
lorenz63,tv_diff,64,0.1,4,x*z*z,1,0.0,0.0
lorenz63,tv_diff,64,0.1,4,x*z*z,2,0.0,0.0
lorenz63,tv_diff,64,0.1,4,y*y*y,0,0.0,0.0
lorenz63,tv_diff,64,0.1,4,y*y*y,1,0.0,0.0
lorenz63,tv_diff,64,0.1,4,y*y*y,2,0.0,0.0
lorenz63,tv_diff,64,0.1,4,y*y*z,0,0.0,0.0
lorenz63,tv_diff,64,0.1,4,y*y*z,1,0.0,0.0
lorenz63,tv_diff,64,0.1,4,y*y*z,2,0.0,0.0
lorenz63,tv_diff,64,0.1,4,y*z*z,0,0.0,0.0
lorenz63,tv_diff,64,0.1,4,y*z*z,1,0.0,0.0
lorenz63,tv_diff,64,0.1,4,y*z*z,2,0.0,0.0
lorenz63,tv_diff,64,0.1,4,z*z*z,0,0.0,0.0
lorenz63,tv_diff,64,0.1,4,z*z*z,1,0.0,0.0
lorenz63,tv_diff,64,0.1,4,z*z*z,2,0.0,0.0
lorenz63,baseline,64,0.2,0,1,0,0.0,0.0
lorenz63,baseline,64,0.2,0,1,1,0.0,0.0
lorenz63,baseline,64,0.2,0,1,2,-0.31877887282556755,0.0
lorenz63,baseline,64,0.2,0,x,0,-1.2850633915801963,-10.0
lorenz63,baseline,64,0.2,0,x,1,-1.7524336911814433,28.0
lorenz63,baseline,64,0.2,0,x,2,0.0,0.0
lorenz63,baseline,64,0.2,0,y,0,1.8404798347335478,10.0
lorenz63,baseline,64,0.2,0,y,1,1.1647009144320613,-1.0
lorenz63,baseline,64,0.2,0,y,2,0.3051018187626693,0.0
lorenz63,baseline,64,0.2,0,z,0,0.0,0.0
lorenz63,baseline,64,0.2,0,z,1,0.0,0.0
lorenz63,baseline,64,0.2,0,z,2,0.0,-2.6666666666666665
lorenz63,baseline,64,0.2,0,x*x,0,0.0,0.0
lorenz63,baseline,64,0.2,0,x*x,1,0.0,0.0
lorenz63,baseline,64,0.2,0,x*x,2,0.0,0.0
lorenz63,baseline,64,0.2,0,x*y,0,0.0,0.0
lorenz63,baseline,64,0.2,0,x*y,1,0.0,0.0
lorenz63,baseline,64,0.2,0,x*y,2,0.0,1.0
lorenz63,baseline,64,0.2,0,x*z,0,0.0,0.0
lorenz63,baseline,64,0.2,0,x*z,1,0.0,-1.0
lorenz63,baseline,64,0.2,0,x*z,2,0.0,0.0
lorenz63,baseline,64,0.2,0,y*y,0,0.0,0.0
lorenz63,baseline,64,0.2,0,y*y,1,0.0,0.0
lorenz63,baseline,64,0.2,0,y*y,2,0.0,0.0
lorenz63,baseline,64,0.2,0,y*z,0,0.0,0.0
lorenz63,baseline,64,0.2,0,y*z,1,0.0,0.0
lorenz63,baseline,64,0.2,0,y*z,2,0.0,0.0
lorenz63,baseline,64,0.2,0,z*z,0,0.0,0.0
lorenz63,baseline,64,0.2,0,z*z,1,0.0,0.0
lorenz63,baseline,64,0.2,0,z*z,2,0.0,0.0
lorenz63,baseline,64,0.2,0,x*x*x,0,0.0,0.0
lorenz63,baseline,64,0.2,0,x*x*x,1,0.0,0.0
lorenz63,baseline,64,0.2,0,x*x*x,2,0.0,0.0
lorenz63,baseline,64,0.2,0,x*x*y,0,0.0,0.0
lorenz63,baseline,64,0.2,0,x*x*y,1,0.0,0.0
lorenz63,baseline,64,0.2,0,x*x*y,2,0.0,0.0
lorenz63,baseline,64,0.2,0,x*x*z,0,0.0,0.0
lorenz63,baseline,64,0.2,0,x*x*z,1,0.0,0.0
lorenz63,baseline,64,0.2,0,x*x*z,2,0.0,0.0
lorenz63,baseline,64,0.2,0,x*y*y,0,0.0,0.0
lorenz63,baseline,64,0.2,0,x*y*y,1,0.0,0.0
lorenz63,baseline,64,0.2,0,x*y*y,2,0.0,0.0
lorenz63,baseline,64,0.2,0,x*y*z,0,0.0,0.0
lorenz63,baseline,64,0.2,0,x*y*z,1,0.0,0.0
lorenz63,baseline,64,0.2,0,x*y*z,2,0.0,0.0
lorenz63,baseline,64,0.2,0,x*z*z,0,0.0,0.0
lorenz63,baseline,64,0.2,0,x*z*z,1,0.0,0.0
lorenz63,baseline,64,0.2,0,x*z*z,2,0.0,0.0
lorenz63,baseline,64,0.2,0,y*y*y,0,0.0,0.0
lorenz63,baseline,64,0.2,0,y*y*y,1,0.0,0.0
lorenz63,baseline,64,0.2,0,y*y*y,2,0.0,0.0
lorenz63,baseline,64,0.2,0,y*y*z,0,0.0,0.0
lorenz63,baseline,64,0.2,0,y*y*z,1,0.0,0.0
lorenz63,baseline,64,0.2,0,y*y*z,2,0.0,0.0
lorenz63,baseline,64,0.2,0,y*z*z,0,0.0,0.0
lorenz63,baseline,64,0.2,0,y*z*z,1,0.0,0.0
lorenz63,baseline,64,0.2,0,y*z*z,2,0.0,0.0
lorenz63,baseline,64,0.2,0,z*z*z,0,0.0,0.0
lorenz63,baseline,64,0.2,0,z*z*z,1,0.0,0.0
lorenz63,baseline,64,0.2,0,z*z*z,2,0.0,0.0
lorenz63,edmd_poly3,64,0.2,0,1,0,20.10958263719788,0.0
lorenz63,edmd_poly3,64,0.2,0,1,1,-1.372263862443295,0.0
lorenz63,edmd_poly3,64,0.2,0,1,2,-3.638141079886079,0.0
lorenz63,edmd_poly3,64,0.2,0,x,0,0.0,-10.0
lorenz63,edmd_poly3,64,0.2,0,x,1,-1.4859892107535753,28.0
lorenz63,edmd_poly3,64,0.2,0,x,2,0.0,0.0
lorenz63,edmd_poly3,64,0.2,0,y,0,5.46064740479869,10.0
lorenz63,edmd_poly3,64,0.2,0,y,1,1.65014070292243,-1.0
lorenz63,edmd_poly3,64,0.2,0,y,2,1.6202096085621303,0.0
lorenz63,edmd_poly3,64,0.2,0,z,0,-1.1266285791570643,0.0
lorenz63,edmd_poly3,64,0.2,0,z,1,0.0,0.0
lorenz63,edmd_poly3,64,0.2,0,z,2,0.0,-2.6666666666666665
lorenz63,edmd_poly3,64,0.2,0,x*x,0,0.0,0.0
lorenz63,edmd_poly3,64,0.2,0,x*x,1,0.0,0.0
lorenz63,edmd_poly3,64,0.2,0,x*x,2,0.0,0.0
lorenz63,edmd_poly3,64,0.2,0,x*y,0,0.0,0.0
lorenz63,edmd_poly3,64,0.2,0,x*y,1,0.0,0.0
lorenz63,edmd_poly3,64,0.2,0,x*y,2,0.0,1.0
lorenz63,edmd_poly3,64,0.2,0,x*z,0,0.0,0.0
lorenz63,edmd_poly3,64,0.2,0,x*z,1,0.0,-1.0
lorenz63,edmd_poly3,64,0.2,0,x*z,2,0.0,0.0
lorenz63,edmd_poly3,64,0.2,0,y*y,0,0.0,0.0
lorenz63,edmd_poly3,64,0.2,0,y*y,1,0.0,0.0
lorenz63,edmd_poly3,64,0.2,0,y*y,2,0.0,0.0
lorenz63,edmd_poly3,64,0.2,0,y*z,0,0.0,0.0
lorenz63,edmd_poly3,64,0.2,0,y*z,1,0.0,0.0
lorenz63,edmd_poly3,64,0.2,0,y*z,2,0.0,0.0
lorenz63,edmd_poly3,64,0.2,0,z*z,0,0.0,0.0
lorenz63,edmd_poly3,64,0.2,0,z*z,1,0.0,0.0
lorenz63,edmd_poly3,64,0.2,0,z*z,2,0.0,0.0
lorenz63,edmd_poly3,64,0.2,0,x*x*x,0,0.0,0.0
lorenz63,edmd_poly3,64,0.2,0,x*x*x,1,0.0,0.0
lorenz63,edmd_poly3,64,0.2,0,x*x*x,2,0.0,0.0
lorenz63,edmd_poly3,64,0.2,0,x*x*y,0,0.0,0.0
lorenz63,edmd_poly3,64,0.2,0,x*x*y,1,0.0,0.0
lorenz63,edmd_poly3,64,0.2,0,x*x*y,2,0.0,0.0
lorenz63,edmd_poly3,64,0.2,0,x*x*z,0,0.0,0.0
lorenz63,edmd_poly3,64,0.2,0,x*x*z,1,0.0,0.0
lorenz63,edmd_poly3,64,0.2,0,x*x*z,2,0.0,0.0
lorenz63,edmd_poly3,64,0.2,0,x*y*y,0,0.0,0.0
lorenz63,edmd_poly3,64,0.2,0,x*y*y,1,0.0,0.0
lorenz63,edmd_poly3,64,0.2,0,x*y*y,2,0.0,0.0
lorenz63,edmd_poly3,64,0.2,0,x*y*z,0,0.0,0.0
lorenz63,edmd_poly3,64,0.2,0,x*y*z,1,0.0,0.0
lorenz63,edmd_poly3,64,0.2,0,x*y*z,2,0.0,0.0
lorenz63,edmd_poly3,64,0.2,0,x*z*z,0,0.0,0.0
lorenz63,edmd_poly3,64,0.2,0,x*z*z,1,0.0,0.0
lorenz63,edmd_poly3,64,0.2,0,x*z*z,2,0.0,0.0
lorenz63,edmd_poly3,64,0.2,0,y*y*y,0,0.0,0.0
lorenz63,edmd_poly3,64,0.2,0,y*y*y,1,0.0,0.0
lorenz63,edmd_poly3,64,0.2,0,y*y*y,2,0.0,0.0
lorenz63,edmd_poly3,64,0.2,0,y*y*z,0,0.0,0.0
lorenz63,edmd_poly3,64,0.2,0,y*y*z,1,0.0,0.0
lorenz63,edmd_poly3,64,0.2,0,y*y*z,2,0.0,0.0
lorenz63,edmd_poly3,64,0.2,0,y*z*z,0,0.0,0.0
lorenz63,edmd_poly3,64,0.2,0,y*z*z,1,0.0,0.0
lorenz63,edmd_poly3,64,0.2,0,y*z*z,2,0.0,0.0
lorenz63,edmd_poly3,64,0.2,0,z*z*z,0,0.0,0.0
lorenz63,edmd_poly3,64,0.2,0,z*z*z,1,0.0,0.0
lorenz63,edmd_poly3,64,0.2,0,z*z*z,2,0.0,0.0
lorenz63,tv_diff,64,0.2,0,1,0,0.009658210100363508,0.0
lorenz63,tv_diff,64,0.2,0,1,1,-0.05714221287961718,0.0
lorenz63,tv_diff,64,0.2,0,1,2,0.03249270849823435,0.0
lorenz63,tv_diff,64,0.2,0,x,0,0.004374568011751694,-10.0
lorenz63,tv_diff,64,0.2,0,x,1,-0.0254815948629654,28.0
lorenz63,tv_diff,64,0.2,0,x,2,0.014485878514637987,0.0
lorenz63,tv_diff,64,0.2,0,y,0,0.000378101217011528,10.0
lorenz63,tv_diff,64,0.2,0,y,1,-0.008851042023818378,-1.0
lorenz63,tv_diff,64,0.2,0,y,2,0.005093934528490948,0.0
lorenz63,tv_diff,64,0.2,0,z,0,0.0,0.0
lorenz63,tv_diff,64,0.2,0,z,1,-0.0025519718396225873,0.0
lorenz63,tv_diff,64,0.2,0,z,2,0.0014507341313309578,-2.6666666666666665
lorenz63,tv_diff,64,0.2,0,x*x,0,0.0011548768343329287,0.0
lorenz63,tv_diff,64,0.2,0,x*x,1,-0.011476565888665108,0.0
lorenz63,tv_diff,64,0.2,0,x*x,2,0.006488108367869689,0.0
lorenz63,tv_diff,64,0.2,0,x*y,0,0.0,0.0
lorenz63,tv_diff,64,0.2,0,x*y,1,-0.0014847453949637297,0.0
lorenz63,tv_diff,64,0.2,0,x*y,2,0.0014764017473580249,1.0
lorenz63,tv_diff,64,0.2,0,x*z,0,0.0,0.0
lorenz63,tv_diff,64,0.2,0,x*z,1,-0.00115000590683486,-1.0
lorenz63,tv_diff,64,0.2,0,x*z,2,0.0006499376843505443,0.0
lorenz63,tv_diff,64,0.2,0,y*y,0,0.0,0.0
lorenz63,tv_diff,64,0.2,0,y*y,1,0.0,0.0
lorenz63,tv_diff,64,0.2,0,y*y,2,0.0,0.0
lorenz63,tv_diff,64,0.2,0,y*z,0,0.0,0.0
lorenz63,tv_diff,64,0.2,0,y*z,1,-0.00013399386407105603,0.0
lorenz63,tv_diff,64,0.2,0,y*z,2,0.0,0.0
lorenz63,tv_diff,64,0.2,0,z*z,0,0.0,0.0
lorenz63,tv_diff,64,0.2,0,z*z,1,0.0,0.0
lorenz63,tv_diff,64,0.2,0,z*z,2,0.0,0.0
lorenz63,tv_diff,64,0.2,0,x*x*x,0,-0.0001653537409536984,0.0
lorenz63,tv_diff,64,0.2,0,x*x*x,1,-0.005161989179907034,0.0
lorenz63,tv_diff,64,0.2,0,x*x*x,2,0.0029163035423315302,0.0
lorenz63,tv_diff,64,0.2,0,x*x*y,0,0.0,0.0
lorenz63,tv_diff,64,0.2,0,x*x*y,1,-0.0005027196127512523,0.0
lorenz63,tv_diff,64,0.2,0,x*x*y,2,0.0003204363904528376,0.0
lorenz63,tv_diff,64,0.2,0,x*x*z,0,0.0,0.0
lorenz63,tv_diff,64,0.2,0,x*x*z,1,-0.0005172134492848479,0.0
lorenz63,tv_diff,64,0.2,0,x*x*z,2,0.00029219270298295986,0.0
lorenz63,tv_diff,64,0.2,0,x*y*y,0,0.0,0.0
lorenz63,tv_diff,64,0.2,0,x*y*y,1,0.0,0.0
lorenz63,tv_diff,64,0.2,0,x*y*y,2,0.0,0.0
lorenz63,tv_diff,64,0.2,0,x*y*z,0,0.0,0.0
lorenz63,tv_diff,64,0.2,0,x*y*z,1,0.0,0.0
lorenz63,tv_diff,64,0.2,0,x*y*z,2,0.0,0.0
lorenz63,tv_diff,64,0.2,0,x*z*z,0,0.0,0.0
lorenz63,tv_diff,64,0.2,0,x*z*z,1,0.0,0.0
lorenz63,tv_diff,64,0.2,0,x*z*z,2,0.0,0.0
lorenz63,tv_diff,64,0.2,0,y*y*y,0,0.0,0.0
lorenz63,tv_diff,64,0.2,0,y*y*y,1,0.0,0.0
lorenz63,tv_diff,64,0.2,0,y*y*y,2,0.0,0.0
lorenz63,tv_diff,64,0.2,0,y*y*z,0,0.0,0.0
lorenz63,tv_diff,64,0.2,0,y*y*z,1,0.0,0.0
lorenz63,tv_diff,64,0.2,0,y*y*z,2,0.0,0.0
lorenz63,tv_diff,64,0.2,0,y*z*z,0,0.0,0.0
lorenz63,tv_diff,64,0.2,0,y*z*z,1,0.0,0.0
lorenz63,tv_diff,64,0.2,0,y*z*z,2,0.0,0.0
lorenz63,tv_diff,64,0.2,0,z*z*z,0,0.0,0.0
lorenz63,tv_diff,64,0.2,0,z*z*z,1,0.0,0.0
lorenz63,tv_diff,64,0.2,0,z*z*z,2,0.0,0.0
lorenz63,baseline,64,0.2,1,1,0,-7.983128993221374,0.0
lorenz63,baseline,64,0.2,1,1,1,-8.087714073599628,0.0
lorenz63,baseline,64,0.2,1,1,2,-6.230308987851695,0.0
lorenz63,baseline,64,0.2,1,x,0,-1.219808582551403,-10.0
lorenz63,baseline,64,0.2,1,x,1,-1.8003975315202883,28.0
lorenz63,baseline,64,0.2,1,x,2,-0.5135189943717778,0.0
lorenz63,baseline,64,0.2,1,y,0,1.8868415893008228,10.0
lorenz63,baseline,64,0.2,1,y,1,1.1901364910505101,-1.0
lorenz63,baseline,64,0.2,1,y,2,-0.2858399949442646,0.0
lorenz63,baseline,64,0.2,1,z,0,0.233236783646642,0.0
lorenz63,baseline,64,0.2,1,z,1,0.3535810335156299,0.0
lorenz63,baseline,64,0.2,1,z,2,-0.3224195889712938,-2.6666666666666665
lorenz63,baseline,64,0.2,1,x*x,0,0.0,0.0
lorenz63,baseline,64,0.2,1,x*x,1,0.0,0.0
lorenz63,baseline,64,0.2,1,x*x,2,0.2696290803695953,0.0
lorenz63,baseline,64,0.2,1,x*y,0,0.0,0.0
lorenz63,baseline,64,0.2,1,x*y,1,0.0,0.0
lorenz63,baseline,64,0.2,1,x*y,2,-0.4537154965577778,1.0
lorenz63,baseline,64,0.2,1,x*z,0,0.0,0.0
lorenz63,baseline,64,0.2,1,x*z,1,0.0,-1.0
lorenz63,baseline,64,0.2,1,x*z,2,0.0,0.0
lorenz63,baseline,64,0.2,1,y*y,0,0.0,0.0
lorenz63,baseline,64,0.2,1,y*y,1,0.0,0.0
lorenz63,baseline,64,0.2,1,y*y,2,0.35127946597121606,0.0
lorenz63,baseline,64,0.2,1,y*z,0,0.0,0.0
lorenz63,baseline,64,0.2,1,y*z,1,0.0,0.0
lorenz63,baseline,64,0.2,1,y*z,2,0.0,0.0
lorenz63,baseline,64,0.2,1,z*z,0,0.0,0.0
lorenz63,baseline,64,0.2,1,z*z,1,0.0,0.0
lorenz63,baseline,64,0.2,1,z*z,2,0.0,0.0
lorenz63,baseline,64,0.2,1,x*x*x,0,0.0,0.0
lorenz63,baseline,64,0.2,1,x*x*x,1,0.0,0.0
lorenz63,baseline,64,0.2,1,x*x*x,2,0.0,0.0
lorenz63,baseline,64,0.2,1,x*x*y,0,0.0,0.0
lorenz63,baseline,64,0.2,1,x*x*y,1,0.0,0.0
lorenz63,baseline,64,0.2,1,x*x*y,2,0.0,0.0
lorenz63,baseline,64,0.2,1,x*x*z,0,0.0,0.0
lorenz63,baseline,64,0.2,1,x*x*z,1,0.0,0.0
lorenz63,baseline,64,0.2,1,x*x*z,2,0.0,0.0
lorenz63,baseline,64,0.2,1,x*y*y,0,0.0,0.0
lorenz63,baseline,64,0.2,1,x*y*y,1,0.0,0.0
lorenz63,baseline,64,0.2,1,x*y*y,2,0.0,0.0
lorenz63,baseline,64,0.2,1,x*y*z,0,0.0,0.0
lorenz63,baseline,64,0.2,1,x*y*z,1,0.0,0.0
lorenz63,baseline,64,0.2,1,x*y*z,2,0.0,0.0
lorenz63,baseline,64,0.2,1,x*z*z,0,0.0,0.0
lorenz63,baseline,64,0.2,1,x*z*z,1,0.0,0.0
lorenz63,baseline,64,0.2,1,x*z*z,2,0.0,0.0
lorenz63,baseline,64,0.2,1,y*y*y,0,0.0,0.0
lorenz63,baseline,64,0.2,1,y*y*y,1,0.0,0.0
lorenz63,baseline,64,0.2,1,y*y*y,2,0.0,0.0
lorenz63,baseline,64,0.2,1,y*y*z,0,0.0,0.0
lorenz63,baseline,64,0.2,1,y*y*z,1,0.0,0.0
lorenz63,baseline,64,0.2,1,y*y*z,2,0.0,0.0
lorenz63,baseline,64,0.2,1,y*z*z,0,0.0,0.0
lorenz63,baseline,64,0.2,1,y*z*z,1,0.0,0.0
lorenz63,baseline,64,0.2,1,y*z*z,2,0.0,0.0
lorenz63,baseline,64,0.2,1,z*z*z,0,0.0,0.0
lorenz63,baseline,64,0.2,1,z*z*z,1,0.0,0.0
lorenz63,baseline,64,0.2,1,z*z*z,2,0.0,0.0
lorenz63,edmd_poly3,64,0.2,1,1,0,-3.0971900402018173,0.0
lorenz63,edmd_poly3,64,0.2,1,1,1,14.043376817644011,0.0
lorenz63,edmd_poly3,64,0.2,1,1,2,-1.9076481168443307,0.0
lorenz63,edmd_poly3,64,0.2,1,x,0,0.0,-10.0
lorenz63,edmd_poly3,64,0.2,1,x,1,8.848341379471076,28.0
lorenz63,edmd_poly3,64,0.2,1,x,2,0.0,0.0
lorenz63,edmd_poly3,64,0.2,1,y,0,0.9515121985988141,10.0
lorenz63,edmd_poly3,64,0.2,1,y,1,0.5162054249407142,-1.0
lorenz63,edmd_poly3,64,0.2,1,y,2,-0.6458492719682108,0.0
lorenz63,edmd_poly3,64,0.2,1,z,0,0.0,0.0
lorenz63,edmd_poly3,64,0.2,1,z,1,-0.46557615306217254,0.0
lorenz63,edmd_poly3,64,0.2,1,z,2,-0.32778069571817914,-2.6666666666666665
lorenz63,edmd_poly3,64,0.2,1,x*x,0,0.0,0.0
lorenz63,edmd_poly3,64,0.2,1,x*x,1,0.0,0.0
lorenz63,edmd_poly3,64,0.2,1,x*x,2,0.0,0.0
lorenz63,edmd_poly3,64,0.2,1,x*y,0,0.0,0.0
lorenz63,edmd_poly3,64,0.2,1,x*y,1,0.0,0.0
lorenz63,edmd_poly3,64,0.2,1,x*y,2,0.48465847126527783,1.0
lorenz63,edmd_poly3,64,0.2,1,x*z,0,0.0,0.0
lorenz63,edmd_poly3,64,0.2,1,x*z,1,-0.3857778856818581,-1.0
lorenz63,edmd_poly3,64,0.2,1,x*z,2,0.0,0.0
lorenz63,edmd_poly3,64,0.2,1,y*y,0,0.0,0.0
lorenz63,edmd_poly3,64,0.2,1,y*y,1,0.0,0.0
lorenz63,edmd_poly3,64,0.2,1,y*y,2,0.0,0.0
lorenz63,edmd_poly3,64,0.2,1,y*z,0,0.0,0.0
lorenz63,edmd_poly3,64,0.2,1,y*z,1,0.0,0.0
lorenz63,edmd_poly3,64,0.2,1,y*z,2,0.0,0.0
lorenz63,edmd_poly3,64,0.2,1,z*z,0,0.0,0.0
lorenz63,edmd_poly3,64,0.2,1,z*z,1,0.0,0.0
lorenz63,edmd_poly3,64,0.2,1,z*z,2,0.0,0.0
lorenz63,edmd_poly3,64,0.2,1,x*x*x,0,0.0,0.0
lorenz63,edmd_poly3,64,0.2,1,x*x*x,1,0.0,0.0
lorenz63,edmd_poly3,64,0.2,1,x*x*x,2,0.0,0.0
lorenz63,edmd_poly3,64,0.2,1,x*x*y,0,0.0,0.0
lorenz63,edmd_poly3,64,0.2,1,x*x*y,1,0.0,0.0
lorenz63,edmd_poly3,64,0.2,1,x*x*y,2,0.0,0.0
lorenz63,edmd_poly3,64,0.2,1,x*x*z,0,0.0,0.0
lorenz63,edmd_poly3,64,0.2,1,x*x*z,1,0.0,0.0
lorenz63,edmd_poly3,64,0.2,1,x*x*z,2,0.0,0.0
lorenz63,edmd_poly3,64,0.2,1,x*y*y,0,0.0,0.0
lorenz63,edmd_poly3,64,0.2,1,x*y*y,1,0.0,0.0
lorenz63,edmd_poly3,64,0.2,1,x*y*y,2,0.0,0.0
lorenz63,edmd_poly3,64,0.2,1,x*y*z,0,0.0,0.0
lorenz63,edmd_poly3,64,0.2,1,x*y*z,1,0.0,0.0
lorenz63,edmd_poly3,64,0.2,1,x*y*z,2,0.0,0.0
lorenz63,edmd_poly3,64,0.2,1,x*z*z,0,0.0,0.0
lorenz63,edmd_poly3,64,0.2,1,x*z*z,1,0.0,0.0
lorenz63,edmd_poly3,64,0.2,1,x*z*z,2,0.0,0.0
lorenz63,edmd_poly3,64,0.2,1,y*y*y,0,0.0,0.0
lorenz63,edmd_poly3,64,0.2,1,y*y*y,1,0.0,0.0
lorenz63,edmd_poly3,64,0.2,1,y*y*y,2,0.0,0.0
lorenz63,edmd_poly3,64,0.2,1,y*y*z,0,0.0,0.0
lorenz63,edmd_poly3,64,0.2,1,y*y*z,1,0.0,0.0
lorenz63,edmd_poly3,64,0.2,1,y*y*z,2,0.0,0.0
lorenz63,edmd_poly3,64,0.2,1,y*z*z,0,0.0,0.0
lorenz63,edmd_poly3,64,0.2,1,y*z*z,1,0.0,0.0
lorenz63,edmd_poly3,64,0.2,1,y*z*z,2,0.0,0.0
lorenz63,edmd_poly3,64,0.2,1,z*z*z,0,0.0,0.0
lorenz63,edmd_poly3,64,0.2,1,z*z*z,1,0.0,0.0
lorenz63,edmd_poly3,64,0.2,1,z*z*z,2,0.0,0.0
lorenz63,tv_diff,64,0.2,1,1,0,-0.00688964451974534,0.0
lorenz63,tv_diff,64,0.2,1,1,1,-0.06843716475749662,0.0
lorenz63,tv_diff,64,0.2,1,1,2,0.042902048337536206,0.0
lorenz63,tv_diff,64,0.2,1,x,0,-0.0010825685541695324,-10.0
lorenz63,tv_diff,64,0.2,1,x,1,-0.03118428577541838,28.0
lorenz63,tv_diff,64,0.2,1,x,2,0.01954887841487852,0.0
lorenz63,tv_diff,64,0.2,1,y,0,0.0,10.0
lorenz63,tv_diff,64,0.2,1,y,1,0.0006409385717287079,-1.0
lorenz63,tv_diff,64,0.2,1,y,2,-0.0004017927942515979,0.0
lorenz63,tv_diff,64,0.2,1,z,0,0.0,0.0
lorenz63,tv_diff,64,0.2,1,z,1,-0.0032278574257913703,0.0
lorenz63,tv_diff,64,0.2,1,z,2,0.0020234867871156185,-2.6666666666666665
lorenz63,tv_diff,64,0.2,1,x*x,0,0.0002521731703788136,0.0
lorenz63,tv_diff,64,0.2,1,x*x,1,-0.014219628019254724,0.0
lorenz63,tv_diff,64,0.2,1,x*x,2,0.008914032332101912,0.0
lorenz63,tv_diff,64,0.2,1,x*y,0,0.0,0.0
lorenz63,tv_diff,64,0.2,1,x*y,1,-0.00018516769340439418,0.0
lorenz63,tv_diff,64,0.2,1,x*y,2,0.00011607820327034542,1.0
lorenz63,tv_diff,64,0.2,1,x*z,0,0.0,0.0
lorenz63,tv_diff,64,0.2,1,x*z,1,-0.0014676538170044198,-1.0
lorenz63,tv_diff,64,0.2,1,x*z,2,0.0009200462184181131,0.0
lorenz63,tv_diff,64,0.2,1,y*y,0,0.0,0.0
lorenz63,tv_diff,64,0.2,1,y*y,1,0.0,0.0
lorenz63,tv_diff,64,0.2,1,y*y,2,0.0,0.0
lorenz63,tv_diff,64,0.2,1,y*z,0,0.0,0.0
lorenz63,tv_diff,64,0.2,1,y*z,1,0.0,0.0
lorenz63,tv_diff,64,0.2,1,y*z,2,0.0,0.0
lorenz63,tv_diff,64,0.2,1,z*z,0,0.0,0.0
lorenz63,tv_diff,64,0.2,1,z*z,1,0.0,0.0
lorenz63,tv_diff,64,0.2,1,z*z,2,0.0,0.0
lorenz63,tv_diff,64,0.2,1,x*x*x,0,0.0,0.0
lorenz63,tv_diff,64,0.2,1,x*x*x,1,-0.006489094797901098,0.0
lorenz63,tv_diff,64,0.2,1,x*x*x,2,0.004067898632080413,0.0
lorenz63,tv_diff,64,0.2,1,x*x*y,0,0.0,0.0
lorenz63,tv_diff,64,0.2,1,x*x*y,1,-0.00031023692521146216,0.0
lorenz63,tv_diff,64,0.2,1,x*x*y,2,0.00019448207483556705,0.0
lorenz63,tv_diff,64,0.2,1,x*x*z,0,0.0,0.0
lorenz63,tv_diff,64,0.2,1,x*x*z,1,-0.0006676078528156009,0.0
lorenz63,tv_diff,64,0.2,1,x*x*z,2,0.0004185115411527435,0.0
lorenz63,tv_diff,64,0.2,1,x*y*y,0,0.0,0.0
lorenz63,tv_diff,64,0.2,1,x*y*y,1,0.0,0.0
lorenz63,tv_diff,64,0.2,1,x*y*y,2,0.0,0.0
lorenz63,tv_diff,64,0.2,1,x*y*z,0,0.0,0.0
lorenz63,tv_diff,64,0.2,1,x*y*z,1,0.0,0.0
lorenz63,tv_diff,64,0.2,1,x*y*z,2,0.0,0.0
lorenz63,tv_diff,64,0.2,1,x*z*z,0,0.0,0.0
lorenz63,tv_diff,64,0.2,1,x*z*z,1,0.0,0.0
lorenz63,tv_diff,64,0.2,1,x*z*z,2,0.0,0.0
lorenz63,tv_diff,64,0.2,1,y*y*y,0,0.0,0.0
lorenz63,tv_diff,64,0.2,1,y*y*y,1,0.0,0.0
lorenz63,tv_diff,64,0.2,1,y*y*y,2,0.0,0.0
lorenz63,tv_diff,64,0.2,1,y*y*z,0,0.0,0.0
lorenz63,tv_diff,64,0.2,1,y*y*z,1,0.0,0.0
lorenz63,tv_diff,64,0.2,1,y*y*z,2,0.0,0.0
lorenz63,tv_diff,64,0.2,1,y*z*z,0,0.0,0.0
lorenz63,tv_diff,64,0.2,1,y*z*z,1,0.0,0.0
lorenz63,tv_diff,64,0.2,1,y*z*z,2,0.0,0.0
lorenz63,tv_diff,64,0.2,1,z*z*z,0,0.0,0.0
lorenz63,tv_diff,64,0.2,1,z*z*z,1,0.0,0.0
lorenz63,tv_diff,64,0.2,1,z*z*z,2,0.0,0.0
lorenz63,baseline,64,0.2,3,1,0,-2.0837908262120117,0.0
lorenz63,baseline,64,0.2,3,1,1,0.0,0.0
lorenz63,baseline,64,0.2,3,1,2,0.0,0.0
lorenz63,baseline,64,0.2,3,x,0,-1.1279645795333688,-10.0
lorenz63,baseline,64,0.2,3,x,1,-1.611750101205135,28.0
lorenz63,baseline,64,0.2,3,x,2,0.0,0.0
lorenz63,baseline,64,0.2,3,y,0,1.7271251725911425,10.0
lorenz63,baseline,64,0.2,3,y,1,1.1285210862509083,-1.0
lorenz63,baseline,64,0.2,3,y,2,0.0,0.0
lorenz63,baseline,64,0.2,3,z,0,0.0,0.0
lorenz63,baseline,64,0.2,3,z,1,0.0,0.0
lorenz63,baseline,64,0.2,3,z,2,0.0,-2.6666666666666665
lorenz63,baseline,64,0.2,3,x*x,0,0.0,0.0
lorenz63,baseline,64,0.2,3,x*x,1,0.0,0.0
lorenz63,baseline,64,0.2,3,x*x,2,0.0,0.0
lorenz63,baseline,64,0.2,3,x*y,0,0.0,0.0
lorenz63,baseline,64,0.2,3,x*y,1,0.0,0.0
lorenz63,baseline,64,0.2,3,x*y,2,0.0,1.0
lorenz63,baseline,64,0.2,3,x*z,0,0.0,0.0
lorenz63,baseline,64,0.2,3,x*z,1,0.0,-1.0
lorenz63,baseline,64,0.2,3,x*z,2,0.0,0.0
lorenz63,baseline,64,0.2,3,y*y,0,0.0,0.0
lorenz63,baseline,64,0.2,3,y*y,1,0.0,0.0
lorenz63,baseline,64,0.2,3,y*y,2,0.0,0.0
lorenz63,baseline,64,0.2,3,y*z,0,0.0,0.0
lorenz63,baseline,64,0.2,3,y*z,1,0.0,0.0
lorenz63,baseline,64,0.2,3,y*z,2,0.0,0.0
lorenz63,baseline,64,0.2,3,z*z,0,0.0,0.0
lorenz63,baseline,64,0.2,3,z*z,1,0.0,0.0
lorenz63,baseline,64,0.2,3,z*z,2,0.0,0.0
lorenz63,baseline,64,0.2,3,x*x*x,0,0.0,0.0
lorenz63,baseline,64,0.2,3,x*x*x,1,0.0,0.0
lorenz63,baseline,64,0.2,3,x*x*x,2,0.0,0.0
lorenz63,baseline,64,0.2,3,x*x*y,0,0.0,0.0
lorenz63,baseline,64,0.2,3,x*x*y,1,0.0,0.0
lorenz63,baseline,64,0.2,3,x*x*y,2,0.0,0.0
lorenz63,baseline,64,0.2,3,x*x*z,0,0.0,0.0
lorenz63,baseline,64,0.2,3,x*x*z,1,0.0,0.0
lorenz63,baseline,64,0.2,3,x*x*z,2,0.0,0.0
lorenz63,baseline,64,0.2,3,x*y*y,0,0.0,0.0
lorenz63,baseline,64,0.2,3,x*y*y,1,0.0,0.0
lorenz63,baseline,64,0.2,3,x*y*y,2,0.0,0.0
lorenz63,baseline,64,0.2,3,x*y*z,0,0.0,0.0
lorenz63,baseline,64,0.2,3,x*y*z,1,0.0,0.0
lorenz63,baseline,64,0.2,3,x*y*z,2,0.0,0.0
lorenz63,baseline,64,0.2,3,x*z*z,0,0.0,0.0
lorenz63,baseline,64,0.2,3,x*z*z,1,0.0,0.0
lorenz63,baseline,64,0.2,3,x*z*z,2,0.0,0.0
lorenz63,baseline,64,0.2,3,y*y*y,0,0.0,0.0
lorenz63,baseline,64,0.2,3,y*y*y,1,0.0,0.0
lorenz63,baseline,64,0.2,3,y*y*y,2,0.0,0.0
lorenz63,baseline,64,0.2,3,y*y*z,0,0.0,0.0
lorenz63,baseline,64,0.2,3,y*y*z,1,0.0,0.0
lorenz63,baseline,64,0.2,3,y*y*z,2,0.0,0.0
lorenz63,baseline,64,0.2,3,y*z*z,0,0.0,0.0
lorenz63,baseline,64,0.2,3,y*z*z,1,0.0,0.0
lorenz63,baseline,64,0.2,3,y*z*z,2,0.0,0.0
lorenz63,baseline,64,0.2,3,z*z*z,0,0.0,0.0
lorenz63,baseline,64,0.2,3,z*z*z,1,0.0,0.0
lorenz63,baseline,64,0.2,3,z*z*z,2,0.0,0.0
lorenz63,edmd_poly3,64,0.2,3,1,0,-4.007903807123598,0.0
lorenz63,edmd_poly3,64,0.2,3,1,1,0.0,0.0
lorenz63,edmd_poly3,64,0.2,3,1,2,-3.379586037220999,0.0
lorenz63,edmd_poly3,64,0.2,3,x,0,0.0,-10.0
lorenz63,edmd_poly3,64,0.2,3,x,1,-2.312506193596968,28.0
lorenz63,edmd_poly3,64,0.2,3,x,2,0.0,0.0
lorenz63,edmd_poly3,64,0.2,3,y,0,2.4036182579560297,10.0
lorenz63,edmd_poly3,64,0.2,3,y,1,2.0087536223576565,-1.0
lorenz63,edmd_poly3,64,0.2,3,y,2,1.2685591858544751,0.0
lorenz63,edmd_poly3,64,0.2,3,z,0,0.0,0.0
lorenz63,edmd_poly3,64,0.2,3,z,1,0.0,0.0
lorenz63,edmd_poly3,64,0.2,3,z,2,0.0,-2.6666666666666665
lorenz63,edmd_poly3,64,0.2,3,x*x,0,0.0,0.0
lorenz63,edmd_poly3,64,0.2,3,x*x,1,0.0,0.0
lorenz63,edmd_poly3,64,0.2,3,x*x,2,0.0,0.0
lorenz63,edmd_poly3,64,0.2,3,x*y,0,0.0,0.0
lorenz63,edmd_poly3,64,0.2,3,x*y,1,0.0,0.0
lorenz63,edmd_poly3,64,0.2,3,x*y,2,0.0,1.0
lorenz63,edmd_poly3,64,0.2,3,x*z,0,0.0,0.0
lorenz63,edmd_poly3,64,0.2,3,x*z,1,0.0,-1.0
lorenz63,edmd_poly3,64,0.2,3,x*z,2,0.0,0.0
lorenz63,edmd_poly3,64,0.2,3,y*y,0,0.0,0.0
lorenz63,edmd_poly3,64,0.2,3,y*y,1,0.0,0.0
lorenz63,edmd_poly3,64,0.2,3,y*y,2,0.0,0.0
lorenz63,edmd_poly3,64,0.2,3,y*z,0,0.0,0.0
lorenz63,edmd_poly3,64,0.2,3,y*z,1,0.0,0.0
lorenz63,edmd_poly3,64,0.2,3,y*z,2,0.0,0.0
lorenz63,edmd_poly3,64,0.2,3,z*z,0,0.0,0.0
lorenz63,edmd_poly3,64,0.2,3,z*z,1,0.0,0.0
lorenz63,edmd_poly3,64,0.2,3,z*z,2,0.0,0.0
lorenz63,edmd_poly3,64,0.2,3,x*x*x,0,0.0,0.0
lorenz63,edmd_poly3,64,0.2,3,x*x*x,1,0.0,0.0
lorenz63,edmd_poly3,64,0.2,3,x*x*x,2,0.0,0.0
lorenz63,edmd_poly3,64,0.2,3,x*x*y,0,0.0,0.0
lorenz63,edmd_poly3,64,0.2,3,x*x*y,1,0.0,0.0
lorenz63,edmd_poly3,64,0.2,3,x*x*y,2,0.0,0.0
lorenz63,edmd_poly3,64,0.2,3,x*x*z,0,0.0,0.0
lorenz63,edmd_poly3,64,0.2,3,x*x*z,1,0.0,0.0
lorenz63,edmd_poly3,64,0.2,3,x*x*z,2,0.0,0.0
lorenz63,edmd_poly3,64,0.2,3,x*y*y,0,0.0,0.0
lorenz63,edmd_poly3,64,0.2,3,x*y*y,1,0.0,0.0
lorenz63,edmd_poly3,64,0.2,3,x*y*y,2,0.0,0.0
lorenz63,edmd_poly3,64,0.2,3,x*y*z,0,0.0,0.0
lorenz63,edmd_poly3,64,0.2,3,x*y*z,1,0.0,0.0
lorenz63,edmd_poly3,64,0.2,3,x*y*z,2,0.0,0.0
lorenz63,edmd_poly3,64,0.2,3,x*z*z,0,0.0,0.0
lorenz63,edmd_poly3,64,0.2,3,x*z*z,1,0.0,0.0
lorenz63,edmd_poly3,64,0.2,3,x*z*z,2,0.0,0.0
lorenz63,edmd_poly3,64,0.2,3,y*y*y,0,0.0,0.0
lorenz63,edmd_poly3,64,0.2,3,y*y*y,1,0.0,0.0
lorenz63,edmd_poly3,64,0.2,3,y*y*y,2,0.0,0.0
lorenz63,edmd_poly3,64,0.2,3,y*y*z,0,0.0,0.0
lorenz63,edmd_poly3,64,0.2,3,y*y*z,1,0.0,0.0
lorenz63,edmd_poly3,64,0.2,3,y*y*z,2,0.0,0.0
lorenz63,edmd_poly3,64,0.2,3,y*z*z,0,0.0,0.0
lorenz63,edmd_poly3,64,0.2,3,y*z*z,1,0.0,0.0
lorenz63,edmd_poly3,64,0.2,3,y*z*z,2,0.0,0.0
lorenz63,edmd_poly3,64,0.2,3,z*z*z,0,0.0,0.0
lorenz63,edmd_poly3,64,0.2,3,z*z*z,1,0.0,0.0
lorenz63,edmd_poly3,64,0.2,3,z*z*z,2,0.0,0.0
lorenz63,tv_diff,64,0.2,3,1,0,-0.04016391583708122,0.0
lorenz63,tv_diff,64,0.2,3,1,1,-0.13147038681386358,0.0
lorenz63,tv_diff,64,0.2,3,1,2,0.04736472732411779,0.0
lorenz63,tv_diff,64,0.2,3,x,0,-0.011866317550829533,-10.0
lorenz63,tv_diff,64,0.2,3,x,1,-0.03454788372908035,28.0
lorenz63,tv_diff,64,0.2,3,x,2,0.012446537369638496,0.0
lorenz63,tv_diff,64,0.2,3,y,0,0.002257412402825859,10.0
lorenz63,tv_diff,64,0.2,3,y,1,0.01948502287015518,-1.0
lorenz63,tv_diff,64,0.2,3,y,2,-0.007019853023765088,0.0
lorenz63,tv_diff,64,0.2,3,z,0,-0.001798193413585395,0.0
lorenz63,tv_diff,64,0.2,3,z,1,-0.005947385784971631,0.0
lorenz63,tv_diff,64,0.2,3,z,2,0.00214265949673204,-2.6666666666666665
lorenz63,tv_diff,64,0.2,3,x*x,0,0.0,0.0
lorenz63,tv_diff,64,0.2,3,x*x,1,-0.009556798379988284,0.0
lorenz63,tv_diff,64,0.2,3,x*x,2,0.003443019265551133,0.0
lorenz63,tv_diff,64,0.2,3,x*y,0,0.0,0.0
lorenz63,tv_diff,64,0.2,3,x*y,1,0.001777257128225366,0.0
lorenz63,tv_diff,64,0.2,3,x*y,2,-0.0006402908054347999,1.0
lorenz63,tv_diff,64,0.2,3,x*z,0,0.0,0.0
lorenz63,tv_diff,64,0.2,3,x*z,1,-0.0015616188646831507,-1.0
lorenz63,tv_diff,64,0.2,3,x*z,2,0.0005626031578374747,0.0
lorenz63,tv_diff,64,0.2,3,y*y,0,0.0,0.0
lorenz63,tv_diff,64,0.2,3,y*y,1,0.0,0.0
lorenz63,tv_diff,64,0.2,3,y*y,2,0.0,0.0
lorenz63,tv_diff,64,0.2,3,y*z,0,0.0,0.0
lorenz63,tv_diff,64,0.2,3,y*z,1,0.0,0.0
lorenz63,tv_diff,64,0.2,3,y*z,2,0.0,0.0
lorenz63,tv_diff,64,0.2,3,z*z,0,0.0,0.0
lorenz63,tv_diff,64,0.2,3,z*z,1,0.0,0.0
lorenz63,tv_diff,64,0.2,3,z*z,2,0.0,0.0
lorenz63,tv_diff,64,0.2,3,x*x*x,0,0.0,0.0
lorenz63,tv_diff,64,0.2,3,x*x*x,1,0.0,0.0
lorenz63,tv_diff,64,0.2,3,x*x*x,2,0.0,0.0
lorenz63,tv_diff,64,0.2,3,x*x*y,0,0.0,0.0
lorenz63,tv_diff,64,0.2,3,x*x*y,1,0.0,0.0
lorenz63,tv_diff,64,0.2,3,x*x*y,2,0.0,0.0
lorenz63,tv_diff,64,0.2,3,x*x*z,0,0.0,0.0
lorenz63,tv_diff,64,0.2,3,x*x*z,1,0.0,0.0
lorenz63,tv_diff,64,0.2,3,x*x*z,2,0.0,0.0
lorenz63,tv_diff,64,0.2,3,x*y*y,0,0.0,0.0
lorenz63,tv_diff,64,0.2,3,x*y*y,1,0.0,0.0
lorenz63,tv_diff,64,0.2,3,x*y*y,2,0.0,0.0
lorenz63,tv_diff,64,0.2,3,x*y*z,0,0.0,0.0
lorenz63,tv_diff,64,0.2,3,x*y*z,1,0.0,0.0
lorenz63,tv_diff,64,0.2,3,x*y*z,2,0.0,0.0
lorenz63,tv_diff,64,0.2,3,x*z*z,0,0.0,0.0
lorenz63,tv_diff,64,0.2,3,x*z*z,1,0.0,0.0
lorenz63,tv_diff,64,0.2,3,x*z*z,2,0.0,0.0
lorenz63,tv_diff,64,0.2,3,y*y*y,0,0.0,0.0
lorenz63,tv_diff,64,0.2,3,y*y*y,1,0.0,0.0
lorenz63,tv_diff,64,0.2,3,y*y*y,2,0.0,0.0
lorenz63,tv_diff,64,0.2,3,y*y*z,0,0.0,0.0
lorenz63,tv_diff,64,0.2,3,y*y*z,1,0.0,0.0
lorenz63,tv_diff,64,0.2,3,y*y*z,2,0.0,0.0
lorenz63,tv_diff,64,0.2,3,y*z*z,0,0.0,0.0
lorenz63,tv_diff,64,0.2,3,y*z*z,1,0.0,0.0
lorenz63,tv_diff,64,0.2,3,y*z*z,2,0.0,0.0
lorenz63,tv_diff,64,0.2,3,z*z*z,0,0.0,0.0
lorenz63,tv_diff,64,0.2,3,z*z*z,1,0.0,0.0
lorenz63,tv_diff,64,0.2,3,z*z*z,2,0.0,0.0
lorenz63,baseline,64,0.2,2,1,0,-1.7014234690391663,0.0
lorenz63,baseline,64,0.2,2,1,1,0.815640665663263,0.0
lorenz63,baseline,64,0.2,2,1,2,0.0,0.0
lorenz63,baseline,64,0.2,2,x,0,-1.240549155867615,-10.0
lorenz63,baseline,64,0.2,2,x,1,-1.9200709794436706,28.0
lorenz63,baseline,64,0.2,2,x,2,0.0,0.0
lorenz63,baseline,64,0.2,2,y,0,1.8430153499140896,10.0
lorenz63,baseline,64,0.2,2,y,1,1.2888136592503223,-1.0
lorenz63,baseline,64,0.2,2,y,2,0.0,0.0
lorenz63,baseline,64,0.2,2,z,0,0.0,0.0
lorenz63,baseline,64,0.2,2,z,1,0.0,0.0
lorenz63,baseline,64,0.2,2,z,2,-0.6641702314322135,-2.6666666666666665
lorenz63,baseline,64,0.2,2,x*x,0,0.0,0.0
lorenz63,baseline,64,0.2,2,x*x,1,0.0,0.0
lorenz63,baseline,64,0.2,2,x*x,2,0.36617219743862656,0.0
lorenz63,baseline,64,0.2,2,x*y,0,0.0,0.0
lorenz63,baseline,64,0.2,2,x*y,1,0.0,0.0
lorenz63,baseline,64,0.2,2,x*y,2,-0.6615213410996917,1.0
lorenz63,baseline,64,0.2,2,x*z,0,0.0,0.0
lorenz63,baseline,64,0.2,2,x*z,1,0.0,-1.0
lorenz63,baseline,64,0.2,2,x*z,2,0.0,0.0
lorenz63,baseline,64,0.2,2,y*y,0,0.0,0.0
lorenz63,baseline,64,0.2,2,y*y,1,0.0,0.0
lorenz63,baseline,64,0.2,2,y*y,2,0.3976785678655737,0.0
lorenz63,baseline,64,0.2,2,y*z,0,0.0,0.0
lorenz63,baseline,64,0.2,2,y*z,1,0.0,0.0
lorenz63,baseline,64,0.2,2,y*z,2,0.0,0.0
lorenz63,baseline,64,0.2,2,z*z,0,0.0,0.0
lorenz63,baseline,64,0.2,2,z*z,1,0.0,0.0
lorenz63,baseline,64,0.2,2,z*z,2,0.0,0.0
lorenz63,baseline,64,0.2,2,x*x*x,0,0.0,0.0
lorenz63,baseline,64,0.2,2,x*x*x,1,0.0,0.0
lorenz63,baseline,64,0.2,2,x*x*x,2,0.0,0.0
lorenz63,baseline,64,0.2,2,x*x*y,0,0.0,0.0
lorenz63,baseline,64,0.2,2,x*x*y,1,0.0,0.0
lorenz63,baseline,64,0.2,2,x*x*y,2,0.0,0.0
lorenz63,baseline,64,0.2,2,x*x*z,0,0.0,0.0
lorenz63,baseline,64,0.2,2,x*x*z,1,0.0,0.0
lorenz63,baseline,64,0.2,2,x*x*z,2,0.0,0.0
lorenz63,baseline,64,0.2,2,x*y*y,0,0.0,0.0
lorenz63,baseline,64,0.2,2,x*y*y,1,0.0,0.0
lorenz63,baseline,64,0.2,2,x*y*y,2,0.0,0.0
lorenz63,baseline,64,0.2,2,x*y*z,0,0.0,0.0
lorenz63,baseline,64,0.2,2,x*y*z,1,0.0,0.0
lorenz63,baseline,64,0.2,2,x*y*z,2,0.0,0.0
lorenz63,baseline,64,0.2,2,x*z*z,0,0.0,0.0
lorenz63,baseline,64,0.2,2,x*z*z,1,0.0,0.0
lorenz63,baseline,64,0.2,2,x*z*z,2,0.0,0.0
lorenz63,baseline,64,0.2,2,y*y*y,0,0.0,0.0
lorenz63,baseline,64,0.2,2,y*y*y,1,0.0,0.0
lorenz63,baseline,64,0.2,2,y*y*y,2,0.0,0.0
lorenz63,baseline,64,0.2,2,y*y*z,0,0.0,0.0
lorenz63,baseline,64,0.2,2,y*y*z,1,0.0,0.0
lorenz63,baseline,64,0.2,2,y*y*z,2,0.0,0.0
lorenz63,baseline,64,0.2,2,y*z*z,0,0.0,0.0
lorenz63,baseline,64,0.2,2,y*z*z,1,0.0,0.0
lorenz63,baseline,64,0.2,2,y*z*z,2,0.0,0.0
lorenz63,baseline,64,0.2,2,z*z*z,0,0.0,0.0
lorenz63,baseline,64,0.2,2,z*z*z,1,0.0,0.0
lorenz63,baseline,64,0.2,2,z*z*z,2,0.0,0.0
lorenz63,edmd_poly3,64,0.2,2,1,0,19.19141981865251,0.0
lorenz63,edmd_poly3,64,0.2,2,1,1,32.01433328119345,0.0
lorenz63,edmd_poly3,64,0.2,2,1,2,-6.377171687660941,0.0
lorenz63,edmd_poly3,64,0.2,2,x,0,-1.1200540834862185,-10.0
lorenz63,edmd_poly3,64,0.2,2,x,1,-2.127430596370798,28.0
lorenz63,edmd_poly3,64,0.2,2,x,2,6.458587190019882,0.0
lorenz63,edmd_poly3,64,0.2,2,y,0,1.9244329875466846,10.0
lorenz63,edmd_poly3,64,0.2,2,y,1,1.816581248050884,-1.0
lorenz63,edmd_poly3,64,0.2,2,y,2,1.1776518379397685,0.0
lorenz63,edmd_poly3,64,0.2,2,z,0,-0.8510354495477628,0.0
lorenz63,edmd_poly3,64,0.2,2,z,1,-1.3095601997563817,0.0
lorenz63,edmd_poly3,64,0.2,2,z,2,-1.8223254857187245,-2.6666666666666665
lorenz63,edmd_poly3,64,0.2,2,x*x,0,0.0,0.0
lorenz63,edmd_poly3,64,0.2,2,x*x,1,0.0,0.0
lorenz63,edmd_poly3,64,0.2,2,x*x,2,1.0948022362455747,0.0
lorenz63,edmd_poly3,64,0.2,2,x*y,0,0.0,0.0
lorenz63,edmd_poly3,64,0.2,2,x*y,1,0.0,0.0
lorenz63,edmd_poly3,64,0.2,2,x*y,2,0.0,1.0
lorenz63,edmd_poly3,64,0.2,2,x*z,0,0.0,0.0
lorenz63,edmd_poly3,64,0.2,2,x*z,1,0.0,-1.0
lorenz63,edmd_poly3,64,0.2,2,x*z,2,-0.32589097278647017,0.0
lorenz63,edmd_poly3,64,0.2,2,y*y,0,0.0,0.0
lorenz63,edmd_poly3,64,0.2,2,y*y,1,0.0,0.0
lorenz63,edmd_poly3,64,0.2,2,y*y,2,0.0,0.0
lorenz63,edmd_poly3,64,0.2,2,y*z,0,0.0,0.0
lorenz63,edmd_poly3,64,0.2,2,y*z,1,0.0,0.0
lorenz63,edmd_poly3,64,0.2,2,y*z,2,0.0,0.0
lorenz63,edmd_poly3,64,0.2,2,z*z,0,0.0,0.0
lorenz63,edmd_poly3,64,0.2,2,z*z,1,0.0,0.0
lorenz63,edmd_poly3,64,0.2,2,z*z,2,0.0,0.0
lorenz63,edmd_poly3,64,0.2,2,x*x*x,0,0.0,0.0
lorenz63,edmd_poly3,64,0.2,2,x*x*x,1,0.0,0.0
lorenz63,edmd_poly3,64,0.2,2,x*x*x,2,0.0,0.0
lorenz63,edmd_poly3,64,0.2,2,x*x*y,0,0.0,0.0
lorenz63,edmd_poly3,64,0.2,2,x*x*y,1,0.0,0.0
lorenz63,edmd_poly3,64,0.2,2,x*x*y,2,0.0,0.0
lorenz63,edmd_poly3,64,0.2,2,x*x*z,0,0.0,0.0
lorenz63,edmd_poly3,64,0.2,2,x*x*z,1,0.0,0.0
lorenz63,edmd_poly3,64,0.2,2,x*x*z,2,0.0,0.0
lorenz63,edmd_poly3,64,0.2,2,x*y*y,0,0.0,0.0
lorenz63,edmd_poly3,64,0.2,2,x*y*y,1,0.0,0.0
lorenz63,edmd_poly3,64,0.2,2,x*y*y,2,0.0,0.0
lorenz63,edmd_poly3,64,0.2,2,x*y*z,0,0.0,0.0
lorenz63,edmd_poly3,64,0.2,2,x*y*z,1,0.0,0.0
lorenz63,edmd_poly3,64,0.2,2,x*y*z,2,0.0,0.0
lorenz63,edmd_poly3,64,0.2,2,x*z*z,0,0.0,0.0
lorenz63,edmd_poly3,64,0.2,2,x*z*z,1,0.0,0.0
lorenz63,edmd_poly3,64,0.2,2,x*z*z,2,0.0,0.0
lorenz63,edmd_poly3,64,0.2,2,y*y*y,0,0.0,0.0
lorenz63,edmd_poly3,64,0.2,2,y*y*y,1,0.0,0.0
lorenz63,edmd_poly3,64,0.2,2,y*y*y,2,0.0,0.0
lorenz63,edmd_poly3,64,0.2,2,y*y*z,0,0.0,0.0
lorenz63,edmd_poly3,64,0.2,2,y*y*z,1,0.0,0.0
lorenz63,edmd_poly3,64,0.2,2,y*y*z,2,0.0,0.0
lorenz63,edmd_poly3,64,0.2,2,y*z*z,0,0.0,0.0
lorenz63,edmd_poly3,64,0.2,2,y*z*z,1,0.0,0.0
lorenz63,edmd_poly3,64,0.2,2,y*z*z,2,0.0,0.0
lorenz63,edmd_poly3,64,0.2,2,z*z*z,0,0.0,0.0
lorenz63,edmd_poly3,64,0.2,2,z*z*z,1,0.0,0.0
lorenz63,edmd_poly3,64,0.2,2,z*z*z,2,0.0,0.0
lorenz63,tv_diff,64,0.2,2,1,0,-0.07329359804033903,0.0
lorenz63,tv_diff,64,0.2,2,1,1,-0.15084268321020597,0.0
lorenz63,tv_diff,64,0.2,2,1,2,0.023684429335722464,0.0
lorenz63,tv_diff,64,0.2,2,x,0,-0.01278489244514693,-10.0
lorenz63,tv_diff,64,0.2,2,x,1,-0.0218063672938081,28.0
lorenz63,tv_diff,64,0.2,2,x,2,0.004280868464351009,0.0
lorenz63,tv_diff,64,0.2,2,y,0,0.006415398968350594,10.0
lorenz63,tv_diff,64,0.2,2,y,1,0.021184953992667233,-1.0
lorenz63,tv_diff,64,0.2,2,y,2,-0.0018082683876284495,0.0
lorenz63,tv_diff,64,0.2,2,z,0,-0.0032398731605979276,0.0
lorenz63,tv_diff,64,0.2,2,z,1,-0.006682056724717252,0.0
lorenz63,tv_diff,64,0.2,2,z,2,0.0010464762355807539,-2.6666666666666665
lorenz63,tv_diff,64,0.2,2,x*x,0,-0.0019186435825995253,0.0
lorenz63,tv_diff,64,0.2,2,x*x,1,-0.003341750020596718,0.0
lorenz63,tv_diff,64,0.2,2,x*x,2,0.0,0.0
lorenz63,tv_diff,64,0.2,2,x*y,0,0.0008790091044643732,0.0
lorenz63,tv_diff,64,0.2,2,x*y,1,0.0013894466427136873,0.0
lorenz63,tv_diff,64,0.2,2,x*y,2,0.0,1.0
lorenz63,tv_diff,64,0.2,2,x*z,0,0.0,0.0
lorenz63,tv_diff,64,0.2,2,x*z,1,-0.0009686188225502219,-1.0
lorenz63,tv_diff,64,0.2,2,x*z,2,0.0,0.0
lorenz63,tv_diff,64,0.2,2,y*y,0,0.0,0.0
lorenz63,tv_diff,64,0.2,2,y*y,1,0.0,0.0
lorenz63,tv_diff,64,0.2,2,y*y,2,0.0,0.0
lorenz63,tv_diff,64,0.2,2,y*z,0,0.0,0.0
lorenz63,tv_diff,64,0.2,2,y*z,1,0.0,0.0
lorenz63,tv_diff,64,0.2,2,y*z,2,0.0,0.0
lorenz63,tv_diff,64,0.2,2,z*z,0,0.0,0.0
lorenz63,tv_diff,64,0.2,2,z*z,1,0.0,0.0
lorenz63,tv_diff,64,0.2,2,z*z,2,0.0,0.0
lorenz63,tv_diff,64,0.2,2,x*x*x,0,0.0,0.0
lorenz63,tv_diff,64,0.2,2,x*x*x,1,0.0,0.0
lorenz63,tv_diff,64,0.2,2,x*x*x,2,0.0,0.0
lorenz63,tv_diff,64,0.2,2,x*x*y,0,0.0,0.0
lorenz63,tv_diff,64,0.2,2,x*x*y,1,0.0,0.0
lorenz63,tv_diff,64,0.2,2,x*x*y,2,0.0,0.0
lorenz63,tv_diff,64,0.2,2,x*x*z,0,0.0,0.0
lorenz63,tv_diff,64,0.2,2,x*x*z,1,0.0,0.0
lorenz63,tv_diff,64,0.2,2,x*x*z,2,0.0,0.0
lorenz63,tv_diff,64,0.2,2,x*y*y,0,0.0,0.0
lorenz63,tv_diff,64,0.2,2,x*y*y,1,0.0,0.0
lorenz63,tv_diff,64,0.2,2,x*y*y,2,0.0,0.0
lorenz63,tv_diff,64,0.2,2,x*y*z,0,0.0,0.0
lorenz63,tv_diff,64,0.2,2,x*y*z,1,0.0,0.0
lorenz63,tv_diff,64,0.2,2,x*y*z,2,0.0,0.0
lorenz63,tv_diff,64,0.2,2,x*z*z,0,0.0,0.0
lorenz63,tv_diff,64,0.2,2,x*z*z,1,0.0,0.0
lorenz63,tv_diff,64,0.2,2,x*z*z,2,0.0,0.0
lorenz63,tv_diff,64,0.2,2,y*y*y,0,0.0,0.0
lorenz63,tv_diff,64,0.2,2,y*y*y,1,0.0,0.0
lorenz63,tv_diff,64,0.2,2,y*y*y,2,0.0,0.0
lorenz63,tv_diff,64,0.2,2,y*y*z,0,0.0,0.0
lorenz63,tv_diff,64,0.2,2,y*y*z,1,0.0,0.0
lorenz63,tv_diff,64,0.2,2,y*y*z,2,0.0,0.0
lorenz63,tv_diff,64,0.2,2,y*z*z,0,0.0,0.0
lorenz63,tv_diff,64,0.2,2,y*z*z,1,0.0,0.0
lorenz63,tv_diff,64,0.2,2,y*z*z,2,0.0,0.0
lorenz63,tv_diff,64,0.2,2,z*z*z,0,0.0,0.0
lorenz63,tv_diff,64,0.2,2,z*z*z,1,0.0,0.0
lorenz63,tv_diff,64,0.2,2,z*z*z,2,0.0,0.0
lorenz63,baseline,64,0.2,4,1,0,-1.710879807715219,0.0
lorenz63,baseline,64,0.2,4,1,1,0.0,0.0
lorenz63,baseline,64,0.2,4,1,2,0.0,0.0
lorenz63,baseline,64,0.2,4,x,0,-1.1461283705149141,-10.0
lorenz63,baseline,64,0.2,4,x,1,0.0,28.0
lorenz63,baseline,64,0.2,4,x,2,0.0,0.0
lorenz63,baseline,64,0.2,4,y,0,1.8961947123398437,10.0
lorenz63,baseline,64,0.2,4,y,1,0.0,-1.0
lorenz63,baseline,64,0.2,4,y,2,0.0,0.0
lorenz63,baseline,64,0.2,4,z,0,0.0,0.0
lorenz63,baseline,64,0.2,4,z,1,0.0,0.0
lorenz63,baseline,64,0.2,4,z,2,0.0,-2.6666666666666665
lorenz63,baseline,64,0.2,4,x*x,0,0.0,0.0
lorenz63,baseline,64,0.2,4,x*x,1,0.0,0.0
lorenz63,baseline,64,0.2,4,x*x,2,0.0,0.0
lorenz63,baseline,64,0.2,4,x*y,0,0.0,0.0
lorenz63,baseline,64,0.2,4,x*y,1,0.0,0.0
lorenz63,baseline,64,0.2,4,x*y,2,0.0,1.0
lorenz63,baseline,64,0.2,4,x*z,0,0.0,0.0
lorenz63,baseline,64,0.2,4,x*z,1,0.0,-1.0
lorenz63,baseline,64,0.2,4,x*z,2,0.0,0.0
lorenz63,baseline,64,0.2,4,y*y,0,0.0,0.0
lorenz63,baseline,64,0.2,4,y*y,1,0.0,0.0
lorenz63,baseline,64,0.2,4,y*y,2,0.0,0.0
lorenz63,baseline,64,0.2,4,y*z,0,0.0,0.0
lorenz63,baseline,64,0.2,4,y*z,1,0.0,0.0
lorenz63,baseline,64,0.2,4,y*z,2,0.0,0.0
lorenz63,baseline,64,0.2,4,z*z,0,0.0,0.0
lorenz63,baseline,64,0.2,4,z*z,1,0.0,0.0
lorenz63,baseline,64,0.2,4,z*z,2,0.0,0.0
lorenz63,baseline,64,0.2,4,x*x*x,0,0.0,0.0
lorenz63,baseline,64,0.2,4,x*x*x,1,0.0,0.0
lorenz63,baseline,64,0.2,4,x*x*x,2,0.0,0.0
lorenz63,baseline,64,0.2,4,x*x*y,0,0.0,0.0
lorenz63,baseline,64,0.2,4,x*x*y,1,0.0,0.0
lorenz63,baseline,64,0.2,4,x*x*y,2,0.0,0.0
lorenz63,baseline,64,0.2,4,x*x*z,0,0.0,0.0
lorenz63,baseline,64,0.2,4,x*x*z,1,0.0,0.0
lorenz63,baseline,64,0.2,4,x*x*z,2,0.0,0.0
lorenz63,baseline,64,0.2,4,x*y*y,0,0.0,0.0
lorenz63,baseline,64,0.2,4,x*y*y,1,0.0,0.0
lorenz63,baseline,64,0.2,4,x*y*y,2,0.0,0.0
lorenz63,baseline,64,0.2,4,x*y*z,0,0.0,0.0
lorenz63,baseline,64,0.2,4,x*y*z,1,0.0,0.0
lorenz63,baseline,64,0.2,4,x*y*z,2,0.0,0.0
lorenz63,baseline,64,0.2,4,x*z*z,0,0.0,0.0
lorenz63,baseline,64,0.2,4,x*z*z,1,0.0,0.0
lorenz63,baseline,64,0.2,4,x*z*z,2,0.0,0.0
lorenz63,baseline,64,0.2,4,y*y*y,0,0.0,0.0
lorenz63,baseline,64,0.2,4,y*y*y,1,0.0,0.0
lorenz63,baseline,64,0.2,4,y*y*y,2,0.0,0.0
lorenz63,baseline,64,0.2,4,y*y*z,0,0.0,0.0
lorenz63,baseline,64,0.2,4,y*y*z,1,0.0,0.0
lorenz63,baseline,64,0.2,4,y*y*z,2,0.0,0.0
lorenz63,baseline,64,0.2,4,y*z*z,0,0.0,0.0
lorenz63,baseline,64,0.2,4,y*z*z,1,0.0,0.0
lorenz63,baseline,64,0.2,4,y*z*z,2,0.0,0.0
lorenz63,baseline,64,0.2,4,z*z*z,0,0.0,0.0
lorenz63,baseline,64,0.2,4,z*z*z,1,0.0,0.0
lorenz63,baseline,64,0.2,4,z*z*z,2,0.0,0.0
lorenz63,edmd_poly3,64,0.2,4,1,0,-2.670263356852789,0.0
lorenz63,edmd_poly3,64,0.2,4,1,1,0.0,0.0
lorenz63,edmd_poly3,64,0.2,4,1,2,0.0,0.0
lorenz63,edmd_poly3,64,0.2,4,x,0,-1.8108824775307018,-10.0
lorenz63,edmd_poly3,64,0.2,4,x,1,-1.9755449022239624,28.0
lorenz63,edmd_poly3,64,0.2,4,x,2,0.0,0.0
lorenz63,edmd_poly3,64,0.2,4,y,0,3.572175150368322,10.0
lorenz63,edmd_poly3,64,0.2,4,y,1,1.4596535970232365,-1.0
lorenz63,edmd_poly3,64,0.2,4,y,2,0.0,0.0
lorenz63,edmd_poly3,64,0.2,4,z,0,0.0,0.0
lorenz63,edmd_poly3,64,0.2,4,z,1,0.0,0.0
lorenz63,edmd_poly3,64,0.2,4,z,2,0.0,-2.6666666666666665
lorenz63,edmd_poly3,64,0.2,4,x*x,0,0.0,0.0
lorenz63,edmd_poly3,64,0.2,4,x*x,1,0.0,0.0
lorenz63,edmd_poly3,64,0.2,4,x*x,2,0.0,0.0
lorenz63,edmd_poly3,64,0.2,4,x*y,0,0.0,0.0
lorenz63,edmd_poly3,64,0.2,4,x*y,1,0.0,0.0
lorenz63,edmd_poly3,64,0.2,4,x*y,2,0.0,1.0
lorenz63,edmd_poly3,64,0.2,4,x*z,0,0.0,0.0
lorenz63,edmd_poly3,64,0.2,4,x*z,1,0.0,-1.0
lorenz63,edmd_poly3,64,0.2,4,x*z,2,0.0,0.0
lorenz63,edmd_poly3,64,0.2,4,y*y,0,0.0,0.0
lorenz63,edmd_poly3,64,0.2,4,y*y,1,0.0,0.0
lorenz63,edmd_poly3,64,0.2,4,y*y,2,0.0,0.0
lorenz63,edmd_poly3,64,0.2,4,y*z,0,0.0,0.0
lorenz63,edmd_poly3,64,0.2,4,y*z,1,0.0,0.0
lorenz63,edmd_poly3,64,0.2,4,y*z,2,0.0,0.0
lorenz63,edmd_poly3,64,0.2,4,z*z,0,0.0,0.0
lorenz63,edmd_poly3,64,0.2,4,z*z,1,0.0,0.0
lorenz63,edmd_poly3,64,0.2,4,z*z,2,0.0,0.0
lorenz63,edmd_poly3,64,0.2,4,x*x*x,0,0.0,0.0
lorenz63,edmd_poly3,64,0.2,4,x*x*x,1,0.0,0.0
lorenz63,edmd_poly3,64,0.2,4,x*x*x,2,0.0,0.0
lorenz63,edmd_poly3,64,0.2,4,x*x*y,0,0.0,0.0
lorenz63,edmd_poly3,64,0.2,4,x*x*y,1,0.0,0.0
lorenz63,edmd_poly3,64,0.2,4,x*x*y,2,0.0,0.0
lorenz63,edmd_poly3,64,0.2,4,x*x*z,0,0.0,0.0
lorenz63,edmd_poly3,64,0.2,4,x*x*z,1,0.0,0.0
lorenz63,edmd_poly3,64,0.2,4,x*x*z,2,0.0,0.0
lorenz63,edmd_poly3,64,0.2,4,x*y*y,0,0.0,0.0
lorenz63,edmd_poly3,64,0.2,4,x*y*y,1,0.0,0.0
lorenz63,edmd_poly3,64,0.2,4,x*y*y,2,0.0,0.0
lorenz63,edmd_poly3,64,0.2,4,x*y*z,0,0.0,0.0
lorenz63,edmd_poly3,64,0.2,4,x*y*z,1,0.0,0.0
lorenz63,edmd_poly3,64,0.2,4,x*y*z,2,0.0,0.0
lorenz63,edmd_poly3,64,0.2,4,x*z*z,0,0.0,0.0
lorenz63,edmd_poly3,64,0.2,4,x*z*z,1,0.0,0.0
lorenz63,edmd_poly3,64,0.2,4,x*z*z,2,0.0,0.0
lorenz63,edmd_poly3,64,0.2,4,y*y*y,0,0.0,0.0
lorenz63,edmd_poly3,64,0.2,4,y*y*y,1,0.0,0.0
lorenz63,edmd_poly3,64,0.2,4,y*y*y,2,0.0,0.0
lorenz63,edmd_poly3,64,0.2,4,y*y*z,0,0.0,0.0
lorenz63,edmd_poly3,64,0.2,4,y*y*z,1,0.0,0.0
lorenz63,edmd_poly3,64,0.2,4,y*y*z,2,0.0,0.0
lorenz63,edmd_poly3,64,0.2,4,y*z*z,0,0.0,0.0
lorenz63,edmd_poly3,64,0.2,4,y*z*z,1,0.0,0.0
lorenz63,edmd_poly3,64,0.2,4,y*z*z,2,0.0,0.0
lorenz63,edmd_poly3,64,0.2,4,z*z*z,0,0.0,0.0
lorenz63,edmd_poly3,64,0.2,4,z*z*z,1,0.0,0.0
lorenz63,edmd_poly3,64,0.2,4,z*z*z,2,0.0,0.0
lorenz63,tv_diff,64,0.2,4,1,0,-935.4576014824338,0.0
lorenz63,tv_diff,64,0.2,4,1,1,25.179530241215954,0.0
lorenz63,tv_diff,64,0.2,4,1,2,0.0,0.0
lorenz63,tv_diff,64,0.2,4,x,0,-1.3814844892376728,-10.0
lorenz63,tv_diff,64,0.2,4,x,1,0.0,28.0
lorenz63,tv_diff,64,0.2,4,x,2,0.0,0.0
lorenz63,tv_diff,64,0.2,4,y,0,1.7642539669858763,10.0
lorenz63,tv_diff,64,0.2,4,y,1,0.0,-1.0
lorenz63,tv_diff,64,0.2,4,y,2,0.0,0.0
lorenz63,tv_diff,64,0.2,4,z,0,79.33122334423064,0.0
lorenz63,tv_diff,64,0.2,4,z,1,-1.1398607323496346,0.0
lorenz63,tv_diff,64,0.2,4,z,2,0.0,-2.6666666666666665
lorenz63,tv_diff,64,0.2,4,x*x,0,0.0,0.0
lorenz63,tv_diff,64,0.2,4,x*x,1,0.0,0.0
lorenz63,tv_diff,64,0.2,4,x*x,2,0.0,0.0
lorenz63,tv_diff,64,0.2,4,x*y,0,0.0,0.0
lorenz63,tv_diff,64,0.2,4,x*y,1,0.0,0.0
lorenz63,tv_diff,64,0.2,4,x*y,2,0.0,1.0
lorenz63,tv_diff,64,0.2,4,x*z,0,0.0,0.0
lorenz63,tv_diff,64,0.2,4,x*z,1,0.0,-1.0
lorenz63,tv_diff,64,0.2,4,x*z,2,0.0,0.0
lorenz63,tv_diff,64,0.2,4,y*y,0,0.0,0.0
lorenz63,tv_diff,64,0.2,4,y*y,1,0.0,0.0
lorenz63,tv_diff,64,0.2,4,y*y,2,0.0,0.0
lorenz63,tv_diff,64,0.2,4,y*z,0,0.0,0.0
lorenz63,tv_diff,64,0.2,4,y*z,1,0.0,0.0
lorenz63,tv_diff,64,0.2,4,y*z,2,0.0,0.0
lorenz63,tv_diff,64,0.2,4,z*z,0,-1.6772136098595523,0.0
lorenz63,tv_diff,64,0.2,4,z*z,1,0.0,0.0
lorenz63,tv_diff,64,0.2,4,z*z,2,0.0,0.0
lorenz63,tv_diff,64,0.2,4,x*x*x,0,0.0,0.0
lorenz63,tv_diff,64,0.2,4,x*x*x,1,0.0,0.0
lorenz63,tv_diff,64,0.2,4,x*x*x,2,0.0,0.0
lorenz63,tv_diff,64,0.2,4,x*x*y,0,0.0,0.0
lorenz63,tv_diff,64,0.2,4,x*x*y,1,0.0,0.0
lorenz63,tv_diff,64,0.2,4,x*x*y,2,0.0,0.0
lorenz63,tv_diff,64,0.2,4,x*x*z,0,0.0,0.0
lorenz63,tv_diff,64,0.2,4,x*x*z,1,0.0,0.0
lorenz63,tv_diff,64,0.2,4,x*x*z,2,0.0,0.0
lorenz63,tv_diff,64,0.2,4,x*y*y,0,0.0,0.0
lorenz63,tv_diff,64,0.2,4,x*y*y,1,0.0,0.0
lorenz63,tv_diff,64,0.2,4,x*y*y,2,0.0,0.0
lorenz63,tv_diff,64,0.2,4,x*y*z,0,0.0,0.0
lorenz63,tv_diff,64,0.2,4,x*y*z,1,0.0,0.0
lorenz63,tv_diff,64,0.2,4,x*y*z,2,0.0,0.0
lorenz63,tv_diff,64,0.2,4,x*z*z,0,0.0,0.0
lorenz63,tv_diff,64,0.2,4,x*z*z,1,0.0,0.0
lorenz63,tv_diff,64,0.2,4,x*z*z,2,0.0,0.0
lorenz63,tv_diff,64,0.2,4,y*y*y,0,0.0,0.0
lorenz63,tv_diff,64,0.2,4,y*y*y,1,0.0,0.0
lorenz63,tv_diff,64,0.2,4,y*y*y,2,0.0,0.0
lorenz63,tv_diff,64,0.2,4,y*y*z,0,0.0,0.0
lorenz63,tv_diff,64,0.2,4,y*y*z,1,0.0,0.0
lorenz63,tv_diff,64,0.2,4,y*y*z,2,0.0,0.0
lorenz63,tv_diff,64,0.2,4,y*z*z,0,0.0,0.0
lorenz63,tv_diff,64,0.2,4,y*z*z,1,0.0,0.0
lorenz63,tv_diff,64,0.2,4,y*z*z,2,0.0,0.0
lorenz63,tv_diff,64,0.2,4,z*z*z,0,0.0,0.0
lorenz63,tv_diff,64,0.2,4,z*z*z,1,0.0,0.0
lorenz63,tv_diff,64,0.2,4,z*z*z,2,0.0,0.0
lorenz63,baseline,64,0.5,0,1,0,-2.72595878924095,0.0
lorenz63,baseline,64,0.5,0,1,1,0.9096164933449813,0.0
lorenz63,baseline,64,0.5,0,1,2,6.016693480217601,0.0
lorenz63,baseline,64,0.5,0,x,0,-0.526408304563843,-10.0
lorenz63,baseline,64,0.5,0,x,1,-0.7999126405299306,28.0
lorenz63,baseline,64,0.5,0,x,2,-2.2208736978679444,0.0
lorenz63,baseline,64,0.5,0,y,0,1.0998166543386616,10.0
lorenz63,baseline,64,0.5,0,y,1,0.5669909944237992,-1.0
lorenz63,baseline,64,0.5,0,y,2,2.0405277706224045,0.0
lorenz63,baseline,64,0.5,0,z,0,0.10614662486183925,0.0
lorenz63,baseline,64,0.5,0,z,1,0.0,0.0
lorenz63,baseline,64,0.5,0,z,2,-0.36653651552684186,-2.6666666666666665
lorenz63,baseline,64,0.5,0,x*x,0,0.0,0.0
lorenz63,baseline,64,0.5,0,x*x,1,0.0,0.0
lorenz63,baseline,64,0.5,0,x*x,2,0.21814493057952658,0.0
lorenz63,baseline,64,0.5,0,x*y,0,0.0,0.0
lorenz63,baseline,64,0.5,0,x*y,1,0.0,0.0
lorenz63,baseline,64,0.5,0,x*y,2,-0.1564769274211276,1.0
lorenz63,baseline,64,0.5,0,x*z,0,0.0,0.0
lorenz63,baseline,64,0.5,0,x*z,1,0.0,-1.0
lorenz63,baseline,64,0.5,0,x*z,2,0.0,0.0
lorenz63,baseline,64,0.5,0,y*y,0,0.0,0.0
lorenz63,baseline,64,0.5,0,y*y,1,0.0,0.0
lorenz63,baseline,64,0.5,0,y*y,2,0.0,0.0
lorenz63,baseline,64,0.5,0,y*z,0,0.0,0.0
lorenz63,baseline,64,0.5,0,y*z,1,0.0,0.0
lorenz63,baseline,64,0.5,0,y*z,2,0.0,0.0
lorenz63,baseline,64,0.5,0,z*z,0,0.0,0.0
lorenz63,baseline,64,0.5,0,z*z,1,0.0,0.0
lorenz63,baseline,64,0.5,0,z*z,2,0.0,0.0
lorenz63,baseline,64,0.5,0,x*x*x,0,0.0,0.0
lorenz63,baseline,64,0.5,0,x*x*x,1,0.0,0.0
lorenz63,baseline,64,0.5,0,x*x*x,2,0.0,0.0
lorenz63,baseline,64,0.5,0,x*x*y,0,0.0,0.0
lorenz63,baseline,64,0.5,0,x*x*y,1,0.0,0.0
lorenz63,baseline,64,0.5,0,x*x*y,2,0.0,0.0
lorenz63,baseline,64,0.5,0,x*x*z,0,0.0,0.0
lorenz63,baseline,64,0.5,0,x*x*z,1,0.0,0.0
lorenz63,baseline,64,0.5,0,x*x*z,2,0.0,0.0
lorenz63,baseline,64,0.5,0,x*y*y,0,0.0,0.0
lorenz63,baseline,64,0.5,0,x*y*y,1,0.0,0.0
lorenz63,baseline,64,0.5,0,x*y*y,2,0.0,0.0
lorenz63,baseline,64,0.5,0,x*y*z,0,0.0,0.0
lorenz63,baseline,64,0.5,0,x*y*z,1,0.0,0.0
lorenz63,baseline,64,0.5,0,x*y*z,2,0.0,0.0
lorenz63,baseline,64,0.5,0,x*z*z,0,0.0,0.0
lorenz63,baseline,64,0.5,0,x*z*z,1,0.0,0.0
lorenz63,baseline,64,0.5,0,x*z*z,2,0.0,0.0
lorenz63,baseline,64,0.5,0,y*y*y,0,0.0,0.0
lorenz63,baseline,64,0.5,0,y*y*y,1,0.0,0.0
lorenz63,baseline,64,0.5,0,y*y*y,2,0.0,0.0
lorenz63,baseline,64,0.5,0,y*y*z,0,0.0,0.0
lorenz63,baseline,64,0.5,0,y*y*z,1,0.0,0.0
lorenz63,baseline,64,0.5,0,y*y*z,2,0.0,0.0
lorenz63,baseline,64,0.5,0,y*z*z,0,0.0,0.0
lorenz63,baseline,64,0.5,0,y*z*z,1,0.0,0.0
lorenz63,baseline,64,0.5,0,y*z*z,2,0.0,0.0
lorenz63,baseline,64,0.5,0,z*z*z,0,0.0,0.0
lorenz63,baseline,64,0.5,0,z*z*z,1,0.0,0.0
lorenz63,baseline,64,0.5,0,z*z*z,2,0.0,0.0
lorenz63,edmd_poly3,64,0.5,0,1,0,-6.175062182509355,0.0
lorenz63,edmd_poly3,64,0.5,0,1,1,2.231434550916604,0.0
lorenz63,edmd_poly3,64,0.5,0,1,2,-20.327352542745018,0.0
lorenz63,edmd_poly3,64,0.5,0,x,0,-1.0048070513790754,-10.0
lorenz63,edmd_poly3,64,0.5,0,x,1,-7.2633417008091445,28.0
lorenz63,edmd_poly3,64,0.5,0,x,2,-1.8127678002889673,0.0
lorenz63,edmd_poly3,64,0.5,0,y,0,6.426009760888588,10.0
lorenz63,edmd_poly3,64,0.5,0,y,1,12.435373237189989,-1.0
lorenz63,edmd_poly3,64,0.5,0,y,2,4.22504637247909,0.0
lorenz63,edmd_poly3,64,0.5,0,z,0,2.811825939564951,0.0
lorenz63,edmd_poly3,64,0.5,0,z,1,5.335023524516088,0.0
lorenz63,edmd_poly3,64,0.5,0,z,2,0.7823191887553501,-2.6666666666666665
lorenz63,edmd_poly3,64,0.5,0,x*x,0,0.0,0.0
lorenz63,edmd_poly3,64,0.5,0,x*x,1,-0.1059093355524503,0.0
lorenz63,edmd_poly3,64,0.5,0,x*x,2,0.0,0.0
lorenz63,edmd_poly3,64,0.5,0,x*y,0,0.04071600756880069,0.0
lorenz63,edmd_poly3,64,0.5,0,x*y,1,0.1291771192329397,0.0
lorenz63,edmd_poly3,64,0.5,0,x*y,2,0.0,1.0
lorenz63,edmd_poly3,64,0.5,0,x*z,0,0.0,0.0
lorenz63,edmd_poly3,64,0.5,0,x*z,1,0.24783087356656489,-1.0
lorenz63,edmd_poly3,64,0.5,0,x*z,2,0.056000704610924,0.0
lorenz63,edmd_poly3,64,0.5,0,y*y,0,0.0,0.0
lorenz63,edmd_poly3,64,0.5,0,y*y,1,0.0,0.0
lorenz63,edmd_poly3,64,0.5,0,y*y,2,0.0,0.0
lorenz63,edmd_poly3,64,0.5,0,y*z,0,-0.20668935745490014,0.0
lorenz63,edmd_poly3,64,0.5,0,y*z,1,-0.5136335986964045,0.0
lorenz63,edmd_poly3,64,0.5,0,y*z,2,-0.03465966181323908,0.0
lorenz63,edmd_poly3,64,0.5,0,z*z,0,-0.10405839235183145,0.0
lorenz63,edmd_poly3,64,0.5,0,z*z,1,-0.22026952248969586,0.0
lorenz63,edmd_poly3,64,0.5,0,z*z,2,0.0,0.0
lorenz63,edmd_poly3,64,0.5,0,x*x*x,0,0.0,0.0
lorenz63,edmd_poly3,64,0.5,0,x*x*x,1,0.0,0.0
lorenz63,edmd_poly3,64,0.5,0,x*x*x,2,0.0,0.0
lorenz63,edmd_poly3,64,0.5,0,x*x*y,0,0.0,0.0
lorenz63,edmd_poly3,64,0.5,0,x*x*y,1,0.0,0.0
lorenz63,edmd_poly3,64,0.5,0,x*x*y,2,0.0,0.0
lorenz63,edmd_poly3,64,0.5,0,x*x*z,0,0.0,0.0
lorenz63,edmd_poly3,64,0.5,0,x*x*z,1,0.0,0.0
lorenz63,edmd_poly3,64,0.5,0,x*x*z,2,0.0,0.0
lorenz63,edmd_poly3,64,0.5,0,x*y*y,0,0.0,0.0
lorenz63,edmd_poly3,64,0.5,0,x*y*y,1,0.0,0.0
lorenz63,edmd_poly3,64,0.5,0,x*y*y,2,0.0,0.0
lorenz63,edmd_poly3,64,0.5,0,x*y*z,0,0.0,0.0
lorenz63,edmd_poly3,64,0.5,0,x*y*z,1,0.0,0.0
lorenz63,edmd_poly3,64,0.5,0,x*y*z,2,0.0,0.0
lorenz63,edmd_poly3,64,0.5,0,x*z*z,0,0.0,0.0
lorenz63,edmd_poly3,64,0.5,0,x*z*z,1,0.0,0.0
lorenz63,edmd_poly3,64,0.5,0,x*z*z,2,0.0,0.0
lorenz63,edmd_poly3,64,0.5,0,y*y*y,0,0.0,0.0
lorenz63,edmd_poly3,64,0.5,0,y*y*y,1,0.0,0.0
lorenz63,edmd_poly3,64,0.5,0,y*y*y,2,0.0,0.0
lorenz63,edmd_poly3,64,0.5,0,y*y*z,0,0.0,0.0
lorenz63,edmd_poly3,64,0.5,0,y*y*z,1,0.0,0.0
lorenz63,edmd_poly3,64,0.5,0,y*y*z,2,0.0,0.0
lorenz63,edmd_poly3,64,0.5,0,y*z*z,0,0.0,0.0
lorenz63,edmd_poly3,64,0.5,0,y*z*z,1,0.0,0.0
lorenz63,edmd_poly3,64,0.5,0,y*z*z,2,0.0,0.0
lorenz63,edmd_poly3,64,0.5,0,z*z*z,0,0.0,0.0
lorenz63,edmd_poly3,64,0.5,0,z*z*z,1,0.0,0.0
lorenz63,edmd_poly3,64,0.5,0,z*z*z,2,0.0,0.0
lorenz63,tv_diff,64,0.5,0,1,0,-0.021443165548053453,0.0
lorenz63,tv_diff,64,0.5,0,1,1,-0.04085194218531008,0.0
lorenz63,tv_diff,64,0.5,0,1,2,0.10479682610450554,0.0
lorenz63,tv_diff,64,0.5,0,x,0,0.0,-10.0
lorenz63,tv_diff,64,0.5,0,x,1,-0.013173613966373551,28.0
lorenz63,tv_diff,64,0.5,0,x,2,0.033789246039811045,0.0
lorenz63,tv_diff,64,0.5,0,y,0,0.0,10.0
lorenz63,tv_diff,64,0.5,0,y,1,-0.0017507148164745687,-1.0
lorenz63,tv_diff,64,0.5,0,y,2,0.004193953902316887,0.0
lorenz63,tv_diff,64,0.5,0,z,0,0.0,0.0
lorenz63,tv_diff,64,0.5,0,z,1,-0.0020151831507651038,0.0
lorenz63,tv_diff,64,0.5,0,z,2,0.005172050356423817,-2.6666666666666665
lorenz63,tv_diff,64,0.5,0,x*x,0,0.0,0.0
lorenz63,tv_diff,64,0.5,0,x*x,1,-0.004354561490459733,0.0
lorenz63,tv_diff,64,0.5,0,x*x,2,0.010867000373674435,0.0
lorenz63,tv_diff,64,0.5,0,x*y,0,0.0,0.0
lorenz63,tv_diff,64,0.5,0,x*y,1,0.0,0.0
lorenz63,tv_diff,64,0.5,0,x*y,2,0.0006740781263134339,1.0
lorenz63,tv_diff,64,0.5,0,x*z,0,0.0,0.0
lorenz63,tv_diff,64,0.5,0,x*z,1,-0.0005939038466031655,-1.0
lorenz63,tv_diff,64,0.5,0,x*z,2,0.0016835226854989495,0.0
lorenz63,tv_diff,64,0.5,0,y*y,0,0.0,0.0
lorenz63,tv_diff,64,0.5,0,y*y,1,0.0,0.0
lorenz63,tv_diff,64,0.5,0,y*y,2,0.0,0.0
lorenz63,tv_diff,64,0.5,0,y*z,0,0.0,0.0
lorenz63,tv_diff,64,0.5,0,y*z,1,0.0,0.0
lorenz63,tv_diff,64,0.5,0,y*z,2,0.0,0.0
lorenz63,tv_diff,64,0.5,0,z*z,0,0.0,0.0
lorenz63,tv_diff,64,0.5,0,z*z,1,0.0,0.0
lorenz63,tv_diff,64,0.5,0,z*z,2,0.0,0.0
lorenz63,tv_diff,64,0.5,0,x*x*x,0,0.0,0.0
lorenz63,tv_diff,64,0.5,0,x*x*x,1,-0.0014706166148143749,0.0
lorenz63,tv_diff,64,0.5,0,x*x*x,2,0.0034733485621568994,0.0
lorenz63,tv_diff,64,0.5,0,x*x*y,0,0.0,0.0
lorenz63,tv_diff,64,0.5,0,x*x*y,1,0.0,0.0
lorenz63,tv_diff,64,0.5,0,x*x*y,2,0.0,0.0
lorenz63,tv_diff,64,0.5,0,x*x*z,0,0.0,0.0
lorenz63,tv_diff,64,0.5,0,x*x*z,1,0.0,0.0
lorenz63,tv_diff,64,0.5,0,x*x*z,2,0.0,0.0
lorenz63,tv_diff,64,0.5,0,x*y*y,0,0.0,0.0
lorenz63,tv_diff,64,0.5,0,x*y*y,1,0.0,0.0
lorenz63,tv_diff,64,0.5,0,x*y*y,2,0.0,0.0
lorenz63,tv_diff,64,0.5,0,x*y*z,0,0.0,0.0
lorenz63,tv_diff,64,0.5,0,x*y*z,1,0.0,0.0
lorenz63,tv_diff,64,0.5,0,x*y*z,2,0.0,0.0
lorenz63,tv_diff,64,0.5,0,x*z*z,0,0.0,0.0
lorenz63,tv_diff,64,0.5,0,x*z*z,1,0.0,0.0
lorenz63,tv_diff,64,0.5,0,x*z*z,2,0.0,0.0
lorenz63,tv_diff,64,0.5,0,y*y*y,0,0.0,0.0
lorenz63,tv_diff,64,0.5,0,y*y*y,1,0.0,0.0
lorenz63,tv_diff,64,0.5,0,y*y*y,2,0.0,0.0
lorenz63,tv_diff,64,0.5,0,y*y*z,0,0.0,0.0
lorenz63,tv_diff,64,0.5,0,y*y*z,1,0.0,0.0
lorenz63,tv_diff,64,0.5,0,y*y*z,2,0.0,0.0
lorenz63,tv_diff,64,0.5,0,y*z*z,0,0.0,0.0
lorenz63,tv_diff,64,0.5,0,y*z*z,1,0.0,0.0
lorenz63,tv_diff,64,0.5,0,y*z*z,2,0.0,0.0
lorenz63,tv_diff,64,0.5,0,z*z*z,0,0.0,0.0
lorenz63,tv_diff,64,0.5,0,z*z*z,1,0.0,0.0
lorenz63,tv_diff,64,0.5,0,z*z*z,2,0.0,0.0
lorenz63,baseline,64,0.5,1,1,0,-3.4610048294099918,0.0
lorenz63,baseline,64,0.5,1,1,1,1.2536916107196083,0.0
lorenz63,baseline,64,0.5,1,1,2,-1.5893026800737944,0.0
lorenz63,baseline,64,0.5,1,x,0,0.0,-10.0
lorenz63,baseline,64,0.5,1,x,1,-0.8084438053128237,28.0
lorenz63,baseline,64,0.5,1,x,2,0.6793162280498826,0.0
lorenz63,baseline,64,0.5,1,y,0,1.0775083971782136,10.0
lorenz63,baseline,64,0.5,1,y,1,0.3307495063979046,-1.0
lorenz63,baseline,64,0.5,1,y,2,0.0,0.0
lorenz63,baseline,64,0.5,1,z,0,0.0,0.0
lorenz63,baseline,64,0.5,1,z,1,0.0,0.0
lorenz63,baseline,64,0.5,1,z,2,0.0,-2.6666666666666665
lorenz63,baseline,64,0.5,1,x*x,0,0.0,0.0
lorenz63,baseline,64,0.5,1,x*x,1,0.0,0.0
lorenz63,baseline,64,0.5,1,x*x,2,0.0,0.0
lorenz63,baseline,64,0.5,1,x*y,0,0.0,0.0
lorenz63,baseline,64,0.5,1,x*y,1,0.0,0.0
lorenz63,baseline,64,0.5,1,x*y,2,0.0,1.0
lorenz63,baseline,64,0.5,1,x*z,0,0.0,0.0
lorenz63,baseline,64,0.5,1,x*z,1,0.0,-1.0
lorenz63,baseline,64,0.5,1,x*z,2,0.0,0.0
lorenz63,baseline,64,0.5,1,y*y,0,0.0,0.0
lorenz63,baseline,64,0.5,1,y*y,1,0.0,0.0
lorenz63,baseline,64,0.5,1,y*y,2,0.0,0.0
lorenz63,baseline,64,0.5,1,y*z,0,0.0,0.0
lorenz63,baseline,64,0.5,1,y*z,1,0.0,0.0
lorenz63,baseline,64,0.5,1,y*z,2,0.0,0.0
lorenz63,baseline,64,0.5,1,z*z,0,0.0,0.0
lorenz63,baseline,64,0.5,1,z*z,1,0.0,0.0
lorenz63,baseline,64,0.5,1,z*z,2,0.0,0.0
lorenz63,baseline,64,0.5,1,x*x*x,0,0.0,0.0
lorenz63,baseline,64,0.5,1,x*x*x,1,0.0,0.0
lorenz63,baseline,64,0.5,1,x*x*x,2,0.0,0.0
lorenz63,baseline,64,0.5,1,x*x*y,0,0.0,0.0
lorenz63,baseline,64,0.5,1,x*x*y,1,0.0,0.0
lorenz63,baseline,64,0.5,1,x*x*y,2,0.0,0.0
lorenz63,baseline,64,0.5,1,x*x*z,0,0.0,0.0
lorenz63,baseline,64,0.5,1,x*x*z,1,0.0,0.0
lorenz63,baseline,64,0.5,1,x*x*z,2,0.0,0.0
lorenz63,baseline,64,0.5,1,x*y*y,0,0.0,0.0
lorenz63,baseline,64,0.5,1,x*y*y,1,0.0,0.0
lorenz63,baseline,64,0.5,1,x*y*y,2,0.0,0.0
lorenz63,baseline,64,0.5,1,x*y*z,0,0.0,0.0
lorenz63,baseline,64,0.5,1,x*y*z,1,0.0,0.0
lorenz63,baseline,64,0.5,1,x*y*z,2,0.0,0.0
lorenz63,baseline,64,0.5,1,x*z*z,0,0.0,0.0
lorenz63,baseline,64,0.5,1,x*z*z,1,0.0,0.0
lorenz63,baseline,64,0.5,1,x*z*z,2,0.0,0.0
lorenz63,baseline,64,0.5,1,y*y*y,0,0.0,0.0
lorenz63,baseline,64,0.5,1,y*y*y,1,0.0,0.0
lorenz63,baseline,64,0.5,1,y*y*y,2,0.0,0.0
lorenz63,baseline,64,0.5,1,y*y*z,0,0.0,0.0
lorenz63,baseline,64,0.5,1,y*y*z,1,0.0,0.0
lorenz63,baseline,64,0.5,1,y*y*z,2,0.0,0.0
lorenz63,baseline,64,0.5,1,y*z*z,0,0.0,0.0
lorenz63,baseline,64,0.5,1,y*z*z,1,0.0,0.0
lorenz63,baseline,64,0.5,1,y*z*z,2,0.0,0.0
lorenz63,baseline,64,0.5,1,z*z*z,0,0.0,0.0
lorenz63,baseline,64,0.5,1,z*z*z,1,0.0,0.0
lorenz63,baseline,64,0.5,1,z*z*z,2,0.0,0.0
lorenz63,edmd_poly3,64,0.5,1,1,0,25.908498769119436,0.0
lorenz63,edmd_poly3,64,0.5,1,1,1,29.177015412594585,0.0
lorenz63,edmd_poly3,64,0.5,1,1,2,-21.37461052916471,0.0
lorenz63,edmd_poly3,64,0.5,1,x,0,6.9149886032228585,-10.0
lorenz63,edmd_poly3,64,0.5,1,x,1,-1.2583554831931225,28.0
lorenz63,edmd_poly3,64,0.5,1,x,2,-0.9296185233523426,0.0
lorenz63,edmd_poly3,64,0.5,1,y,0,0.9353517024576401,10.0
lorenz63,edmd_poly3,64,0.5,1,y,1,-0.4554817055496071,-1.0
lorenz63,edmd_poly3,64,0.5,1,y,2,-1.698871556483428,0.0
lorenz63,edmd_poly3,64,0.5,1,z,0,-0.9263044314728894,0.0
lorenz63,edmd_poly3,64,0.5,1,z,1,-1.4613156434076335,0.0
lorenz63,edmd_poly3,64,0.5,1,z,2,-0.8325940941806209,-2.6666666666666665
lorenz63,edmd_poly3,64,0.5,1,x*x,0,0.0,0.0
lorenz63,edmd_poly3,64,0.5,1,x*x,1,0.11807113276705938,0.0
lorenz63,edmd_poly3,64,0.5,1,x*x,2,0.4066641288013831,0.0
lorenz63,edmd_poly3,64,0.5,1,x*y,0,-0.2054375653514711,0.0
lorenz63,edmd_poly3,64,0.5,1,x*y,1,0.0,0.0
lorenz63,edmd_poly3,64,0.5,1,x*y,2,0.0,1.0
lorenz63,edmd_poly3,64,0.5,1,x*z,0,-0.2322302011820315,0.0
lorenz63,edmd_poly3,64,0.5,1,x*z,1,0.0,-1.0
lorenz63,edmd_poly3,64,0.5,1,x*z,2,0.0,0.0
lorenz63,edmd_poly3,64,0.5,1,y*y,0,-0.11004617548550669,0.0
lorenz63,edmd_poly3,64,0.5,1,y*y,1,0.0,0.0
lorenz63,edmd_poly3,64,0.5,1,y*y,2,0.21040455914981698,0.0
lorenz63,edmd_poly3,64,0.5,1,y*z,0,0.0,0.0
lorenz63,edmd_poly3,64,0.5,1,y*z,1,0.0,0.0
lorenz63,edmd_poly3,64,0.5,1,y*z,2,0.10657031238253574,0.0
lorenz63,edmd_poly3,64,0.5,1,z*z,0,0.0,0.0
lorenz63,edmd_poly3,64,0.5,1,z*z,1,0.0,0.0
lorenz63,edmd_poly3,64,0.5,1,z*z,2,0.0,0.0
lorenz63,edmd_poly3,64,0.5,1,x*x*x,0,0.0,0.0
lorenz63,edmd_poly3,64,0.5,1,x*x*x,1,0.0,0.0
lorenz63,edmd_poly3,64,0.5,1,x*x*x,2,0.0,0.0
lorenz63,edmd_poly3,64,0.5,1,x*x*y,0,0.0,0.0
lorenz63,edmd_poly3,64,0.5,1,x*x*y,1,0.0,0.0
lorenz63,edmd_poly3,64,0.5,1,x*x*y,2,0.0,0.0
lorenz63,edmd_poly3,64,0.5,1,x*x*z,0,0.0,0.0
lorenz63,edmd_poly3,64,0.5,1,x*x*z,1,0.0,0.0
lorenz63,edmd_poly3,64,0.5,1,x*x*z,2,0.0,0.0
lorenz63,edmd_poly3,64,0.5,1,x*y*y,0,0.0,0.0
lorenz63,edmd_poly3,64,0.5,1,x*y*y,1,0.0,0.0
lorenz63,edmd_poly3,64,0.5,1,x*y*y,2,0.0,0.0
lorenz63,edmd_poly3,64,0.5,1,x*y*z,0,0.0,0.0
lorenz63,edmd_poly3,64,0.5,1,x*y*z,1,0.0,0.0
lorenz63,edmd_poly3,64,0.5,1,x*y*z,2,0.0,0.0
lorenz63,edmd_poly3,64,0.5,1,x*z*z,0,0.0,0.0
lorenz63,edmd_poly3,64,0.5,1,x*z*z,1,0.0,0.0
lorenz63,edmd_poly3,64,0.5,1,x*z*z,2,0.0,0.0
lorenz63,edmd_poly3,64,0.5,1,y*y*y,0,0.0,0.0
lorenz63,edmd_poly3,64,0.5,1,y*y*y,1,0.0,0.0
lorenz63,edmd_poly3,64,0.5,1,y*y*y,2,0.0,0.0
lorenz63,edmd_poly3,64,0.5,1,y*y*z,0,0.0,0.0
lorenz63,edmd_poly3,64,0.5,1,y*y*z,1,0.0,0.0
lorenz63,edmd_poly3,64,0.5,1,y*y*z,2,0.0,0.0
lorenz63,edmd_poly3,64,0.5,1,y*z*z,0,0.0,0.0
lorenz63,edmd_poly3,64,0.5,1,y*z*z,1,0.0,0.0
lorenz63,edmd_poly3,64,0.5,1,y*z*z,2,0.0,0.0
lorenz63,edmd_poly3,64,0.5,1,z*z*z,0,0.0,0.0
lorenz63,edmd_poly3,64,0.5,1,z*z*z,1,0.0,0.0
lorenz63,edmd_poly3,64,0.5,1,z*z*z,2,0.0,0.0
lorenz63,tv_diff,64,0.5,1,1,0,-0.12257734663667884,0.0
lorenz63,tv_diff,64,0.5,1,1,1,-0.14563290854219454,0.0
lorenz63,tv_diff,64,0.5,1,1,2,-0.04675573958928474,0.0
lorenz63,tv_diff,64,0.5,1,x,0,-0.004809073994046633,-10.0
lorenz63,tv_diff,64,0.5,1,x,1,-0.005713613482066593,28.0
lorenz63,tv_diff,64,0.5,1,x,2,-0.0018343673738135547,0.0
lorenz63,tv_diff,64,0.5,1,y,0,0.005727431094536234,10.0
lorenz63,tv_diff,64,0.5,1,y,1,0.006804704157546143,-1.0
lorenz63,tv_diff,64,0.5,1,y,2,0.002184664207068405,0.0
lorenz63,tv_diff,64,0.5,1,z,0,-0.005231865121473147,0.0
lorenz63,tv_diff,64,0.5,1,z,1,-0.006215926346709771,0.0
lorenz63,tv_diff,64,0.5,1,z,2,-0.001995635720169195,-2.6666666666666665
lorenz63,tv_diff,64,0.5,1,x*x,0,0.0,0.0
lorenz63,tv_diff,64,0.5,1,x*x,1,0.0,0.0
lorenz63,tv_diff,64,0.5,1,x*x,2,0.0,0.0
lorenz63,tv_diff,64,0.5,1,x*y,0,0.0,0.0
lorenz63,tv_diff,64,0.5,1,x*y,1,0.0,0.0
lorenz63,tv_diff,64,0.5,1,x*y,2,0.0,1.0
lorenz63,tv_diff,64,0.5,1,x*z,0,0.0,0.0
lorenz63,tv_diff,64,0.5,1,x*z,1,0.0,-1.0
lorenz63,tv_diff,64,0.5,1,x*z,2,0.0,0.0
lorenz63,tv_diff,64,0.5,1,y*y,0,0.0,0.0
lorenz63,tv_diff,64,0.5,1,y*y,1,0.0,0.0
lorenz63,tv_diff,64,0.5,1,y*y,2,0.0,0.0
lorenz63,tv_diff,64,0.5,1,y*z,0,0.0,0.0
lorenz63,tv_diff,64,0.5,1,y*z,1,0.0,0.0
lorenz63,tv_diff,64,0.5,1,y*z,2,0.0,0.0
lorenz63,tv_diff,64,0.5,1,z*z,0,0.0,0.0
lorenz63,tv_diff,64,0.5,1,z*z,1,0.0,0.0
lorenz63,tv_diff,64,0.5,1,z*z,2,0.0,0.0
lorenz63,tv_diff,64,0.5,1,x*x*x,0,0.0,0.0
lorenz63,tv_diff,64,0.5,1,x*x*x,1,0.0,0.0
lorenz63,tv_diff,64,0.5,1,x*x*x,2,0.0,0.0
lorenz63,tv_diff,64,0.5,1,x*x*y,0,0.0,0.0
lorenz63,tv_diff,64,0.5,1,x*x*y,1,0.0,0.0
lorenz63,tv_diff,64,0.5,1,x*x*y,2,0.0,0.0
lorenz63,tv_diff,64,0.5,1,x*x*z,0,0.0,0.0
lorenz63,tv_diff,64,0.5,1,x*x*z,1,0.0,0.0
lorenz63,tv_diff,64,0.5,1,x*x*z,2,0.0,0.0
lorenz63,tv_diff,64,0.5,1,x*y*y,0,0.0,0.0
lorenz63,tv_diff,64,0.5,1,x*y*y,1,0.0,0.0
lorenz63,tv_diff,64,0.5,1,x*y*y,2,0.0,0.0
lorenz63,tv_diff,64,0.5,1,x*y*z,0,0.0,0.0
lorenz63,tv_diff,64,0.5,1,x*y*z,1,0.0,0.0
lorenz63,tv_diff,64,0.5,1,x*y*z,2,0.0,0.0
lorenz63,tv_diff,64,0.5,1,x*z*z,0,0.0,0.0
lorenz63,tv_diff,64,0.5,1,x*z*z,1,0.0,0.0
lorenz63,tv_diff,64,0.5,1,x*z*z,2,0.0,0.0
lorenz63,tv_diff,64,0.5,1,y*y*y,0,0.0,0.0
lorenz63,tv_diff,64,0.5,1,y*y*y,1,0.0,0.0
lorenz63,tv_diff,64,0.5,1,y*y*y,2,0.0,0.0
lorenz63,tv_diff,64,0.5,1,y*y*z,0,0.0,0.0
lorenz63,tv_diff,64,0.5,1,y*y*z,1,0.0,0.0
lorenz63,tv_diff,64,0.5,1,y*y*z,2,0.0,0.0
lorenz63,tv_diff,64,0.5,1,y*z*z,0,0.0,0.0
lorenz63,tv_diff,64,0.5,1,y*z*z,1,0.0,0.0
lorenz63,tv_diff,64,0.5,1,y*z*z,2,0.0,0.0
lorenz63,tv_diff,64,0.5,1,z*z*z,0,0.0,0.0
lorenz63,tv_diff,64,0.5,1,z*z*z,1,0.0,0.0
lorenz63,tv_diff,64,0.5,1,z*z*z,2,0.0,0.0
lorenz63,baseline,64,0.5,2,1,0,-2.544653469520295,0.0
lorenz63,baseline,64,0.5,2,1,1,-0.7643935968507091,0.0
lorenz63,baseline,64,0.5,2,1,2,0.0,0.0
lorenz63,baseline,64,0.5,2,x,0,-0.41005608568754376,-10.0
lorenz63,baseline,64,0.5,2,x,1,-0.7860750336802454,28.0
lorenz63,baseline,64,0.5,2,x,2,0.0,0.0
lorenz63,baseline,64,0.5,2,y,0,1.0772794526268217,10.0
lorenz63,baseline,64,0.5,2,y,1,0.4241310690324416,-1.0
lorenz63,baseline,64,0.5,2,y,2,0.0,0.0
lorenz63,baseline,64,0.5,2,z,0,0.0,0.0
lorenz63,baseline,64,0.5,2,z,1,0.0,0.0
lorenz63,baseline,64,0.5,2,z,2,0.0,-2.6666666666666665
lorenz63,baseline,64,0.5,2,x*x,0,0.0,0.0
lorenz63,baseline,64,0.5,2,x*x,1,0.0,0.0
lorenz63,baseline,64,0.5,2,x*x,2,0.0,0.0
lorenz63,baseline,64,0.5,2,x*y,0,0.0,0.0
lorenz63,baseline,64,0.5,2,x*y,1,0.0,0.0
lorenz63,baseline,64,0.5,2,x*y,2,0.0,1.0
lorenz63,baseline,64,0.5,2,x*z,0,0.0,0.0
lorenz63,baseline,64,0.5,2,x*z,1,0.0,-1.0
lorenz63,baseline,64,0.5,2,x*z,2,0.0,0.0
lorenz63,baseline,64,0.5,2,y*y,0,0.0,0.0
lorenz63,baseline,64,0.5,2,y*y,1,0.0,0.0
lorenz63,baseline,64,0.5,2,y*y,2,0.0,0.0
lorenz63,baseline,64,0.5,2,y*z,0,0.0,0.0
lorenz63,baseline,64,0.5,2,y*z,1,0.0,0.0
lorenz63,baseline,64,0.5,2,y*z,2,0.0,0.0
lorenz63,baseline,64,0.5,2,z*z,0,0.0,0.0
lorenz63,baseline,64,0.5,2,z*z,1,0.0,0.0
lorenz63,baseline,64,0.5,2,z*z,2,0.0,0.0
lorenz63,baseline,64,0.5,2,x*x*x,0,0.0,0.0
lorenz63,baseline,64,0.5,2,x*x*x,1,0.0,0.0
lorenz63,baseline,64,0.5,2,x*x*x,2,0.0,0.0
lorenz63,baseline,64,0.5,2,x*x*y,0,0.0,0.0
lorenz63,baseline,64,0.5,2,x*x*y,1,0.0,0.0
lorenz63,baseline,64,0.5,2,x*x*y,2,0.0,0.0
lorenz63,baseline,64,0.5,2,x*x*z,0,0.0,0.0
lorenz63,baseline,64,0.5,2,x*x*z,1,0.0,0.0
lorenz63,baseline,64,0.5,2,x*x*z,2,0.0,0.0
lorenz63,baseline,64,0.5,2,x*y*y,0,0.0,0.0
lorenz63,baseline,64,0.5,2,x*y*y,1,0.0,0.0
lorenz63,baseline,64,0.5,2,x*y*y,2,0.0,0.0
lorenz63,baseline,64,0.5,2,x*y*z,0,0.0,0.0
lorenz63,baseline,64,0.5,2,x*y*z,1,0.0,0.0
lorenz63,baseline,64,0.5,2,x*y*z,2,0.0,0.0
lorenz63,baseline,64,0.5,2,x*z*z,0,0.0,0.0
lorenz63,baseline,64,0.5,2,x*z*z,1,0.0,0.0
lorenz63,baseline,64,0.5,2,x*z*z,2,0.0,0.0
lorenz63,baseline,64,0.5,2,y*y*y,0,0.0,0.0
lorenz63,baseline,64,0.5,2,y*y*y,1,0.0,0.0
lorenz63,baseline,64,0.5,2,y*y*y,2,0.0,0.0
lorenz63,baseline,64,0.5,2,y*y*z,0,0.0,0.0
lorenz63,baseline,64,0.5,2,y*y*z,1,0.0,0.0
lorenz63,baseline,64,0.5,2,y*y*z,2,0.0,0.0
lorenz63,baseline,64,0.5,2,y*z*z,0,0.0,0.0
lorenz63,baseline,64,0.5,2,y*z*z,1,0.0,0.0
lorenz63,baseline,64,0.5,2,y*z*z,2,0.0,0.0
lorenz63,baseline,64,0.5,2,z*z*z,0,0.0,0.0
lorenz63,baseline,64,0.5,2,z*z*z,1,0.0,0.0
lorenz63,baseline,64,0.5,2,z*z*z,2,0.0,0.0
lorenz63,edmd_poly3,64,0.5,2,1,0,35.51466295970134,0.0
lorenz63,edmd_poly3,64,0.5,2,1,1,-1.0122451526356266,0.0
lorenz63,edmd_poly3,64,0.5,2,1,2,-2.8335197442634996,0.0
lorenz63,edmd_poly3,64,0.5,2,x,0,0.6955838682628432,-10.0
lorenz63,edmd_poly3,64,0.5,2,x,1,0.41601842623142277,28.0
lorenz63,edmd_poly3,64,0.5,2,x,2,1.1749792579733753,0.0
lorenz63,edmd_poly3,64,0.5,2,y,0,0.4817642407555233,10.0
lorenz63,edmd_poly3,64,0.5,2,y,1,4.710166176013488,-1.0
lorenz63,edmd_poly3,64,0.5,2,y,2,-6.689019907261833,0.0
lorenz63,edmd_poly3,64,0.5,2,z,0,-1.9070293304425525,0.0
lorenz63,edmd_poly3,64,0.5,2,z,1,0.0,0.0
lorenz63,edmd_poly3,64,0.5,2,z,2,-0.3734395922493869,-2.6666666666666665
lorenz63,edmd_poly3,64,0.5,2,x*x,0,0.0,0.0
lorenz63,edmd_poly3,64,0.5,2,x*x,1,0.0,0.0
lorenz63,edmd_poly3,64,0.5,2,x*x,2,0.0,0.0
lorenz63,edmd_poly3,64,0.5,2,x*y,0,-0.16776862107109838,0.0
lorenz63,edmd_poly3,64,0.5,2,x*y,1,-0.1723156048424055,0.0
lorenz63,edmd_poly3,64,0.5,2,x*y,2,0.2117489317158344,1.0
lorenz63,edmd_poly3,64,0.5,2,x*z,0,0.0,0.0
lorenz63,edmd_poly3,64,0.5,2,x*z,1,0.0,-1.0
lorenz63,edmd_poly3,64,0.5,2,x*z,2,0.0,0.0
lorenz63,edmd_poly3,64,0.5,2,y*y,0,0.1379388049531086,0.0
lorenz63,edmd_poly3,64,0.5,2,y*y,1,0.0,0.0
lorenz63,edmd_poly3,64,0.5,2,y*y,2,0.11286845350255784,0.0
lorenz63,edmd_poly3,64,0.5,2,y*z,0,0.0,0.0
lorenz63,edmd_poly3,64,0.5,2,y*z,1,-0.17374072380729214,0.0
lorenz63,edmd_poly3,64,0.5,2,y*z,2,0.2057766105201128,0.0
lorenz63,edmd_poly3,64,0.5,2,z*z,0,0.0,0.0
lorenz63,edmd_poly3,64,0.5,2,z*z,1,0.0,0.0
lorenz63,edmd_poly3,64,0.5,2,z*z,2,0.0,0.0
lorenz63,edmd_poly3,64,0.5,2,x*x*x,0,0.0,0.0
lorenz63,edmd_poly3,64,0.5,2,x*x*x,1,0.0,0.0
lorenz63,edmd_poly3,64,0.5,2,x*x*x,2,0.0,0.0
lorenz63,edmd_poly3,64,0.5,2,x*x*y,0,0.0,0.0
lorenz63,edmd_poly3,64,0.5,2,x*x*y,1,0.0,0.0
lorenz63,edmd_poly3,64,0.5,2,x*x*y,2,0.0,0.0
lorenz63,edmd_poly3,64,0.5,2,x*x*z,0,0.0,0.0
lorenz63,edmd_poly3,64,0.5,2,x*x*z,1,0.0,0.0
lorenz63,edmd_poly3,64,0.5,2,x*x*z,2,0.0,0.0
lorenz63,edmd_poly3,64,0.5,2,x*y*y,0,0.0,0.0
lorenz63,edmd_poly3,64,0.5,2,x*y*y,1,0.0,0.0
lorenz63,edmd_poly3,64,0.5,2,x*y*y,2,0.0,0.0
lorenz63,edmd_poly3,64,0.5,2,x*y*z,0,0.0,0.0
lorenz63,edmd_poly3,64,0.5,2,x*y*z,1,0.0,0.0
lorenz63,edmd_poly3,64,0.5,2,x*y*z,2,0.0,0.0
lorenz63,edmd_poly3,64,0.5,2,x*z*z,0,0.0,0.0
lorenz63,edmd_poly3,64,0.5,2,x*z*z,1,0.0,0.0
lorenz63,edmd_poly3,64,0.5,2,x*z*z,2,0.0,0.0
lorenz63,edmd_poly3,64,0.5,2,y*y*y,0,0.0,0.0
lorenz63,edmd_poly3,64,0.5,2,y*y*y,1,0.0,0.0
lorenz63,edmd_poly3,64,0.5,2,y*y*y,2,0.0,0.0
lorenz63,edmd_poly3,64,0.5,2,y*y*z,0,0.0,0.0
lorenz63,edmd_poly3,64,0.5,2,y*y*z,1,0.0,0.0
lorenz63,edmd_poly3,64,0.5,2,y*y*z,2,0.0,0.0
lorenz63,edmd_poly3,64,0.5,2,y*z*z,0,0.0,0.0
lorenz63,edmd_poly3,64,0.5,2,y*z*z,1,0.0,0.0
lorenz63,edmd_poly3,64,0.5,2,y*z*z,2,0.0,0.0
lorenz63,edmd_poly3,64,0.5,2,z*z*z,0,0.0,0.0
lorenz63,edmd_poly3,64,0.5,2,z*z*z,1,0.0,0.0
lorenz63,edmd_poly3,64,0.5,2,z*z*z,2,0.0,0.0
lorenz63,tv_diff,64,0.5,2,1,0,0.09686569121417693,0.0
lorenz63,tv_diff,64,0.5,2,1,1,-0.20256684490829308,0.0
lorenz63,tv_diff,64,0.5,2,1,2,0.15306553643737517,0.0
lorenz63,tv_diff,64,0.5,2,x,0,0.029636128706843547,-10.0
lorenz63,tv_diff,64,0.5,2,x,1,-0.05496422793188464,28.0
lorenz63,tv_diff,64,0.5,2,x,2,0.04153260101597208,0.0
lorenz63,tv_diff,64,0.5,2,y,0,0.006948105606407952,10.0
lorenz63,tv_diff,64,0.5,2,y,1,-0.035533155364675585,-1.0
lorenz63,tv_diff,64,0.5,2,y,2,0.026849905908367052,0.0
lorenz63,tv_diff,64,0.5,2,z,0,0.0,0.0
lorenz63,tv_diff,64,0.5,2,z,1,-0.008778830347278475,0.0
lorenz63,tv_diff,64,0.5,2,z,2,0.006633545170932194,-2.6666666666666665
lorenz63,tv_diff,64,0.5,2,x*x,0,0.0,0.0
lorenz63,tv_diff,64,0.5,2,x*x,1,-0.015508535147841411,0.0
lorenz63,tv_diff,64,0.5,2,x*x,2,0.011718708489368202,0.0
lorenz63,tv_diff,64,0.5,2,x*y,0,0.0,0.0
lorenz63,tv_diff,64,0.5,2,x*y,1,-0.0036359380346943668,0.0
lorenz63,tv_diff,64,0.5,2,x*y,2,0.0027474224681969506,1.0
lorenz63,tv_diff,64,0.5,2,x*z,0,0.0,0.0
lorenz63,tv_diff,64,0.5,2,x*z,1,0.0,-1.0
lorenz63,tv_diff,64,0.5,2,x*z,2,0.0,0.0
lorenz63,tv_diff,64,0.5,2,y*y,0,0.0,0.0
lorenz63,tv_diff,64,0.5,2,y*y,1,0.0,0.0
lorenz63,tv_diff,64,0.5,2,y*y,2,0.0,0.0
lorenz63,tv_diff,64,0.5,2,y*z,0,0.0,0.0
lorenz63,tv_diff,64,0.5,2,y*z,1,0.0,0.0
lorenz63,tv_diff,64,0.5,2,y*z,2,0.0,0.0
lorenz63,tv_diff,64,0.5,2,z*z,0,0.0,0.0
lorenz63,tv_diff,64,0.5,2,z*z,1,0.0,0.0
lorenz63,tv_diff,64,0.5,2,z*z,2,0.0,0.0
lorenz63,tv_diff,64,0.5,2,x*x*x,0,0.0,0.0
lorenz63,tv_diff,64,0.5,2,x*x*x,1,0.0,0.0
lorenz63,tv_diff,64,0.5,2,x*x*x,2,0.0,0.0
lorenz63,tv_diff,64,0.5,2,x*x*y,0,0.0,0.0
lorenz63,tv_diff,64,0.5,2,x*x*y,1,0.0,0.0
lorenz63,tv_diff,64,0.5,2,x*x*y,2,0.0,0.0
lorenz63,tv_diff,64,0.5,2,x*x*z,0,0.0,0.0
lorenz63,tv_diff,64,0.5,2,x*x*z,1,0.0,0.0
lorenz63,tv_diff,64,0.5,2,x*x*z,2,0.0,0.0
lorenz63,tv_diff,64,0.5,2,x*y*y,0,0.0,0.0
lorenz63,tv_diff,64,0.5,2,x*y*y,1,0.0,0.0
lorenz63,tv_diff,64,0.5,2,x*y*y,2,0.0,0.0
lorenz63,tv_diff,64,0.5,2,x*y*z,0,0.0,0.0
lorenz63,tv_diff,64,0.5,2,x*y*z,1,0.0,0.0
lorenz63,tv_diff,64,0.5,2,x*y*z,2,0.0,0.0
lorenz63,tv_diff,64,0.5,2,x*z*z,0,0.0,0.0
lorenz63,tv_diff,64,0.5,2,x*z*z,1,0.0,0.0
lorenz63,tv_diff,64,0.5,2,x*z*z,2,0.0,0.0
lorenz63,tv_diff,64,0.5,2,y*y*y,0,0.0,0.0
lorenz63,tv_diff,64,0.5,2,y*y*y,1,0.0,0.0
lorenz63,tv_diff,64,0.5,2,y*y*y,2,0.0,0.0
lorenz63,tv_diff,64,0.5,2,y*y*z,0,0.0,0.0
lorenz63,tv_diff,64,0.5,2,y*y*z,1,0.0,0.0
lorenz63,tv_diff,64,0.5,2,y*y*z,2,0.0,0.0
lorenz63,tv_diff,64,0.5,2,y*z*z,0,0.0,0.0
lorenz63,tv_diff,64,0.5,2,y*z*z,1,0.0,0.0
lorenz63,tv_diff,64,0.5,2,y*z*z,2,0.0,0.0
lorenz63,tv_diff,64,0.5,2,z*z*z,0,0.0,0.0
lorenz63,tv_diff,64,0.5,2,z*z*z,1,0.0,0.0
lorenz63,tv_diff,64,0.5,2,z*z*z,2,0.0,0.0
lorenz63,baseline,64,0.5,3,1,0,-3.9331518906280625,0.0
lorenz63,baseline,64,0.5,3,1,1,-1.269073054462312,0.0
lorenz63,baseline,64,0.5,3,1,2,0.37239847370619544,0.0
lorenz63,baseline,64,0.5,3,x,0,-0.5595320362417041,-10.0
lorenz63,baseline,64,0.5,3,x,1,-0.8342869211460234,28.0
lorenz63,baseline,64,0.5,3,x,2,-0.3922523847469236,0.0
lorenz63,baseline,64,0.5,3,y,0,1.3258548621189086,10.0
lorenz63,baseline,64,0.5,3,y,1,0.4751939482463937,-1.0
lorenz63,baseline,64,0.5,3,y,2,0.41476272382639284,0.0
lorenz63,baseline,64,0.5,3,z,0,0.0,0.0
lorenz63,baseline,64,0.5,3,z,1,0.0,0.0
lorenz63,baseline,64,0.5,3,z,2,0.0,-2.6666666666666665
lorenz63,baseline,64,0.5,3,x*x,0,0.0,0.0
lorenz63,baseline,64,0.5,3,x*x,1,0.0,0.0
lorenz63,baseline,64,0.5,3,x*x,2,0.0,0.0
lorenz63,baseline,64,0.5,3,x*y,0,0.0,0.0
lorenz63,baseline,64,0.5,3,x*y,1,0.0,0.0
lorenz63,baseline,64,0.5,3,x*y,2,0.0,1.0
lorenz63,baseline,64,0.5,3,x*z,0,0.0,0.0
lorenz63,baseline,64,0.5,3,x*z,1,0.0,-1.0
lorenz63,baseline,64,0.5,3,x*z,2,0.0,0.0
lorenz63,baseline,64,0.5,3,y*y,0,0.0,0.0
lorenz63,baseline,64,0.5,3,y*y,1,0.0,0.0
lorenz63,baseline,64,0.5,3,y*y,2,0.0,0.0
lorenz63,baseline,64,0.5,3,y*z,0,0.0,0.0
lorenz63,baseline,64,0.5,3,y*z,1,0.0,0.0
lorenz63,baseline,64,0.5,3,y*z,2,0.0,0.0
lorenz63,baseline,64,0.5,3,z*z,0,0.0,0.0
lorenz63,baseline,64,0.5,3,z*z,1,0.0,0.0
lorenz63,baseline,64,0.5,3,z*z,2,0.0,0.0
lorenz63,baseline,64,0.5,3,x*x*x,0,0.0,0.0
lorenz63,baseline,64,0.5,3,x*x*x,1,0.0,0.0
lorenz63,baseline,64,0.5,3,x*x*x,2,0.0,0.0
lorenz63,baseline,64,0.5,3,x*x*y,0,0.0,0.0
lorenz63,baseline,64,0.5,3,x*x*y,1,0.0,0.0
lorenz63,baseline,64,0.5,3,x*x*y,2,0.0,0.0
lorenz63,baseline,64,0.5,3,x*x*z,0,0.0,0.0
lorenz63,baseline,64,0.5,3,x*x*z,1,0.0,0.0
lorenz63,baseline,64,0.5,3,x*x*z,2,0.0,0.0
lorenz63,baseline,64,0.5,3,x*y*y,0,0.0,0.0
lorenz63,baseline,64,0.5,3,x*y*y,1,0.0,0.0
lorenz63,baseline,64,0.5,3,x*y*y,2,0.0,0.0
lorenz63,baseline,64,0.5,3,x*y*z,0,0.0,0.0
lorenz63,baseline,64,0.5,3,x*y*z,1,0.0,0.0
lorenz63,baseline,64,0.5,3,x*y*z,2,0.0,0.0
lorenz63,baseline,64,0.5,3,x*z*z,0,0.0,0.0
lorenz63,baseline,64,0.5,3,x*z*z,1,0.0,0.0
lorenz63,baseline,64,0.5,3,x*z*z,2,0.0,0.0
lorenz63,baseline,64,0.5,3,y*y*y,0,0.0,0.0
lorenz63,baseline,64,0.5,3,y*y*y,1,0.0,0.0
lorenz63,baseline,64,0.5,3,y*y*y,2,0.0,0.0
lorenz63,baseline,64,0.5,3,y*y*z,0,0.0,0.0
lorenz63,baseline,64,0.5,3,y*y*z,1,0.0,0.0
lorenz63,baseline,64,0.5,3,y*y*z,2,0.0,0.0
lorenz63,baseline,64,0.5,3,y*z*z,0,0.0,0.0
lorenz63,baseline,64,0.5,3,y*z*z,1,0.0,0.0
lorenz63,baseline,64,0.5,3,y*z*z,2,0.0,0.0
lorenz63,baseline,64,0.5,3,z*z*z,0,0.0,0.0
lorenz63,baseline,64,0.5,3,z*z*z,1,0.0,0.0
lorenz63,baseline,64,0.5,3,z*z*z,2,0.0,0.0
lorenz63,edmd_poly3,64,0.5,3,1,0,6.899857816647387,0.0
lorenz63,edmd_poly3,64,0.5,3,1,1,-16.513996550458582,0.0
lorenz63,edmd_poly3,64,0.5,3,1,2,2.9957275987674206,0.0
lorenz63,edmd_poly3,64,0.5,3,x,0,0.0,-10.0
lorenz63,edmd_poly3,64,0.5,3,x,1,-2.245845114086003,28.0
lorenz63,edmd_poly3,64,0.5,3,x,2,0.48748987793842785,0.0
lorenz63,edmd_poly3,64,0.5,3,y,0,2.5356499204980896,10.0
lorenz63,edmd_poly3,64,0.5,3,y,1,0.5937007904467352,-1.0
lorenz63,edmd_poly3,64,0.5,3,y,2,-1.2834731096986207,0.0
lorenz63,edmd_poly3,64,0.5,3,z,0,-0.6825303441142172,0.0
lorenz63,edmd_poly3,64,0.5,3,z,1,0.8196186290041629,0.0
lorenz63,edmd_poly3,64,0.5,3,z,2,-0.4160368476009225,-2.6666666666666665
lorenz63,edmd_poly3,64,0.5,3,x*x,0,0.0,0.0
lorenz63,edmd_poly3,64,0.5,3,x*x,1,0.0,0.0
lorenz63,edmd_poly3,64,0.5,3,x*x,2,0.0,0.0
lorenz63,edmd_poly3,64,0.5,3,x*y,0,0.0,0.0
lorenz63,edmd_poly3,64,0.5,3,x*y,1,0.0,0.0
lorenz63,edmd_poly3,64,0.5,3,x*y,2,0.3255961842857242,1.0
lorenz63,edmd_poly3,64,0.5,3,x*z,0,0.0,0.0
lorenz63,edmd_poly3,64,0.5,3,x*z,1,0.0,-1.0
lorenz63,edmd_poly3,64,0.5,3,x*z,2,0.0,0.0
lorenz63,edmd_poly3,64,0.5,3,y*y,0,0.0,0.0
lorenz63,edmd_poly3,64,0.5,3,y*y,1,0.0,0.0
lorenz63,edmd_poly3,64,0.5,3,y*y,2,0.0,0.0
lorenz63,edmd_poly3,64,0.5,3,y*z,0,0.0,0.0
lorenz63,edmd_poly3,64,0.5,3,y*z,1,0.0,0.0
lorenz63,edmd_poly3,64,0.5,3,y*z,2,0.0,0.0
lorenz63,edmd_poly3,64,0.5,3,z*z,0,0.0,0.0
lorenz63,edmd_poly3,64,0.5,3,z*z,1,0.0,0.0
lorenz63,edmd_poly3,64,0.5,3,z*z,2,0.0,0.0
lorenz63,edmd_poly3,64,0.5,3,x*x*x,0,0.0,0.0
lorenz63,edmd_poly3,64,0.5,3,x*x*x,1,0.0,0.0
lorenz63,edmd_poly3,64,0.5,3,x*x*x,2,0.0,0.0
lorenz63,edmd_poly3,64,0.5,3,x*x*y,0,0.0,0.0
lorenz63,edmd_poly3,64,0.5,3,x*x*y,1,0.0,0.0
lorenz63,edmd_poly3,64,0.5,3,x*x*y,2,0.0,0.0
lorenz63,edmd_poly3,64,0.5,3,x*x*z,0,0.0,0.0
lorenz63,edmd_poly3,64,0.5,3,x*x*z,1,0.0,0.0
lorenz63,edmd_poly3,64,0.5,3,x*x*z,2,0.0,0.0
lorenz63,edmd_poly3,64,0.5,3,x*y*y,0,0.0,0.0
lorenz63,edmd_poly3,64,0.5,3,x*y*y,1,0.0,0.0
lorenz63,edmd_poly3,64,0.5,3,x*y*y,2,0.0,0.0
lorenz63,edmd_poly3,64,0.5,3,x*y*z,0,0.0,0.0
lorenz63,edmd_poly3,64,0.5,3,x*y*z,1,0.0,0.0
lorenz63,edmd_poly3,64,0.5,3,x*y*z,2,0.0,0.0
lorenz63,edmd_poly3,64,0.5,3,x*z*z,0,0.0,0.0
lorenz63,edmd_poly3,64,0.5,3,x*z*z,1,0.0,0.0
lorenz63,edmd_poly3,64,0.5,3,x*z*z,2,0.0,0.0
lorenz63,edmd_poly3,64,0.5,3,y*y*y,0,0.0,0.0
lorenz63,edmd_poly3,64,0.5,3,y*y*y,1,0.0,0.0
lorenz63,edmd_poly3,64,0.5,3,y*y*y,2,0.0,0.0
lorenz63,edmd_poly3,64,0.5,3,y*y*z,0,0.0,0.0
lorenz63,edmd_poly3,64,0.5,3,y*y*z,1,0.0,0.0
lorenz63,edmd_poly3,64,0.5,3,y*y*z,2,0.0,0.0
lorenz63,edmd_poly3,64,0.5,3,y*z*z,0,0.0,0.0
lorenz63,edmd_poly3,64,0.5,3,y*z*z,1,0.0,0.0
lorenz63,edmd_poly3,64,0.5,3,y*z*z,2,0.0,0.0
lorenz63,edmd_poly3,64,0.5,3,z*z*z,0,0.0,0.0
lorenz63,edmd_poly3,64,0.5,3,z*z*z,1,0.0,0.0
lorenz63,edmd_poly3,64,0.5,3,z*z*z,2,0.0,0.0
lorenz63,tv_diff,64,0.5,3,1,0,2290.0446481106837,0.0
lorenz63,tv_diff,64,0.5,3,1,1,1560.1568608855887,0.0
lorenz63,tv_diff,64,0.5,3,1,2,4.613753264734357,0.0
lorenz63,tv_diff,64,0.5,3,x,0,-352.48383019314616,-10.0
lorenz63,tv_diff,64,0.5,3,x,1,-500.22673833356845,28.0
lorenz63,tv_diff,64,0.5,3,x,2,0.0,0.0
lorenz63,tv_diff,64,0.5,3,y,0,-931.6529940380677,10.0
lorenz63,tv_diff,64,0.5,3,y,1,-249.58673627475494,-1.0
lorenz63,tv_diff,64,0.5,3,y,2,0.21795908439189848,0.0
lorenz63,tv_diff,64,0.5,3,z,0,-141.49454669669598,0.0
lorenz63,tv_diff,64,0.5,3,z,1,-144.36269943267635,0.0
lorenz63,tv_diff,64,0.5,3,z,2,-0.23759402245228575,-2.6666666666666665
lorenz63,tv_diff,64,0.5,3,x*x,0,-3.5136975386479667,0.0
lorenz63,tv_diff,64,0.5,3,x*x,1,11.28624601828178,0.0
lorenz63,tv_diff,64,0.5,3,x*x,2,0.0,0.0
lorenz63,tv_diff,64,0.5,3,x*y,0,-6.4688747822876715,0.0
lorenz63,tv_diff,64,0.5,3,x*y,1,-70.07769044605882,0.0
lorenz63,tv_diff,64,0.5,3,x*y,2,0.0,1.0
lorenz63,tv_diff,64,0.5,3,x*z,0,30.234886756428775,0.0
lorenz63,tv_diff,64,0.5,3,x*z,1,47.25275840149669,-1.0
lorenz63,tv_diff,64,0.5,3,x*z,2,0.0,0.0
lorenz63,tv_diff,64,0.5,3,y*y,0,-8.71315905475314,0.0
lorenz63,tv_diff,64,0.5,3,y*y,1,47.70642455072473,0.0
lorenz63,tv_diff,64,0.5,3,y*y,2,0.0,0.0
lorenz63,tv_diff,64,0.5,3,y*z,0,91.01163243082031,0.0
lorenz63,tv_diff,64,0.5,3,y*z,1,23.239804442819096,0.0
lorenz63,tv_diff,64,0.5,3,y*z,2,0.0,0.0
lorenz63,tv_diff,64,0.5,3,z*z,0,-1.633806397252287,0.0
lorenz63,tv_diff,64,0.5,3,z*z,1,3.3282700938678325,0.0
lorenz63,tv_diff,64,0.5,3,z*z,2,0.0,0.0
lorenz63,tv_diff,64,0.5,3,x*x*x,0,0.0,0.0
lorenz63,tv_diff,64,0.5,3,x*x*x,1,0.20291403746738595,0.0
lorenz63,tv_diff,64,0.5,3,x*x*x,2,0.0,0.0
lorenz63,tv_diff,64,0.5,3,x*x*y,0,0.0,0.0
lorenz63,tv_diff,64,0.5,3,x*x*y,1,-0.9177136975353957,0.0
lorenz63,tv_diff,64,0.5,3,x*x*y,2,0.0,0.0
lorenz63,tv_diff,64,0.5,3,x*x*z,0,0.14745454787848736,0.0
lorenz63,tv_diff,64,0.5,3,x*x*z,1,-0.4821566277043568,0.0
lorenz63,tv_diff,64,0.5,3,x*x*z,2,0.0,0.0
lorenz63,tv_diff,64,0.5,3,x*y*y,0,0.0,0.0
lorenz63,tv_diff,64,0.5,3,x*y*y,1,0.9625822544751773,0.0
lorenz63,tv_diff,64,0.5,3,x*y*y,2,0.0,0.0
lorenz63,tv_diff,64,0.5,3,x*y*z,0,0.32474370942819103,0.0
lorenz63,tv_diff,64,0.5,3,x*y*z,1,3.121751527690677,0.0
lorenz63,tv_diff,64,0.5,3,x*y*z,2,0.0,0.0
lorenz63,tv_diff,64,0.5,3,x*z*z,0,-0.6564831603208242,0.0
lorenz63,tv_diff,64,0.5,3,x*z*z,1,-1.1147515284307639,0.0
lorenz63,tv_diff,64,0.5,3,x*z*z,2,0.0,0.0
lorenz63,tv_diff,64,0.5,3,y*y*y,0,0.0,0.0
lorenz63,tv_diff,64,0.5,3,y*y*y,1,-0.29795712880639197,0.0
lorenz63,tv_diff,64,0.5,3,y*y*y,2,0.0,0.0
lorenz63,tv_diff,64,0.5,3,y*y*z,0,0.34631415853663533,0.0
lorenz63,tv_diff,64,0.5,3,y*y*z,1,-2.118276993955193,0.0
lorenz63,tv_diff,64,0.5,3,y*y*z,2,0.0,0.0
lorenz63,tv_diff,64,0.5,3,y*z*z,0,-2.1856737201942344,0.0
lorenz63,tv_diff,64,0.5,3,y*z*z,1,-0.5386071225230787,0.0
lorenz63,tv_diff,64,0.5,3,y*z*z,2,0.0,0.0
lorenz63,tv_diff,64,0.5,3,z*z*z,0,0.14958229768337208,0.0
lorenz63,tv_diff,64,0.5,3,z*z*z,1,0.0,0.0
lorenz63,tv_diff,64,0.5,3,z*z*z,2,0.0,0.0
lorenz63,baseline,64,0.5,4,1,0,-1.464469589127462,0.0
lorenz63,baseline,64,0.5,4,1,1,-0.5940937178368854,0.0
lorenz63,baseline,64,0.5,4,1,2,0.0,0.0
lorenz63,baseline,64,0.5,4,x,0,-0.5695938112899778,-10.0
lorenz63,baseline,64,0.5,4,x,1,-1.372470264382864,28.0
lorenz63,baseline,64,0.5,4,x,2,0.318826852900328,0.0
lorenz63,baseline,64,0.5,4,y,0,0.8318745083857457,10.0
lorenz63,baseline,64,0.5,4,y,1,0.5673744939609053,-1.0
lorenz63,baseline,64,0.5,4,y,2,0.0,0.0
lorenz63,baseline,64,0.5,4,z,0,0.0,0.0
lorenz63,baseline,64,0.5,4,z,1,0.0,0.0
lorenz63,baseline,64,0.5,4,z,2,0.0,-2.6666666666666665
lorenz63,baseline,64,0.5,4,x*x,0,0.0,0.0
lorenz63,baseline,64,0.5,4,x*x,1,0.0,0.0
lorenz63,baseline,64,0.5,4,x*x,2,0.0,0.0
lorenz63,baseline,64,0.5,4,x*y,0,0.0,0.0
lorenz63,baseline,64,0.5,4,x*y,1,0.0,0.0
lorenz63,baseline,64,0.5,4,x*y,2,0.0,1.0
lorenz63,baseline,64,0.5,4,x*z,0,0.0,0.0
lorenz63,baseline,64,0.5,4,x*z,1,0.0,-1.0
lorenz63,baseline,64,0.5,4,x*z,2,0.0,0.0
lorenz63,baseline,64,0.5,4,y*y,0,0.0,0.0
lorenz63,baseline,64,0.5,4,y*y,1,0.0,0.0
lorenz63,baseline,64,0.5,4,y*y,2,0.0,0.0
lorenz63,baseline,64,0.5,4,y*z,0,0.0,0.0
lorenz63,baseline,64,0.5,4,y*z,1,0.0,0.0
lorenz63,baseline,64,0.5,4,y*z,2,0.0,0.0
lorenz63,baseline,64,0.5,4,z*z,0,0.0,0.0
lorenz63,baseline,64,0.5,4,z*z,1,0.0,0.0
lorenz63,baseline,64,0.5,4,z*z,2,0.0,0.0
lorenz63,baseline,64,0.5,4,x*x*x,0,0.0,0.0
lorenz63,baseline,64,0.5,4,x*x*x,1,0.0,0.0
lorenz63,baseline,64,0.5,4,x*x*x,2,0.0,0.0
lorenz63,baseline,64,0.5,4,x*x*y,0,0.0,0.0
lorenz63,baseline,64,0.5,4,x*x*y,1,0.0,0.0
lorenz63,baseline,64,0.5,4,x*x*y,2,0.0,0.0
lorenz63,baseline,64,0.5,4,x*x*z,0,0.0,0.0
lorenz63,baseline,64,0.5,4,x*x*z,1,0.0,0.0
lorenz63,baseline,64,0.5,4,x*x*z,2,0.0,0.0
lorenz63,baseline,64,0.5,4,x*y*y,0,0.0,0.0
lorenz63,baseline,64,0.5,4,x*y*y,1,0.0,0.0
lorenz63,baseline,64,0.5,4,x*y*y,2,0.0,0.0
lorenz63,baseline,64,0.5,4,x*y*z,0,0.0,0.0
lorenz63,baseline,64,0.5,4,x*y*z,1,0.0,0.0
lorenz63,baseline,64,0.5,4,x*y*z,2,0.0,0.0
lorenz63,baseline,64,0.5,4,x*z*z,0,0.0,0.0
lorenz63,baseline,64,0.5,4,x*z*z,1,0.0,0.0
lorenz63,baseline,64,0.5,4,x*z*z,2,0.0,0.0
lorenz63,baseline,64,0.5,4,y*y*y,0,0.0,0.0
lorenz63,baseline,64,0.5,4,y*y*y,1,0.0,0.0
lorenz63,baseline,64,0.5,4,y*y*y,2,0.0,0.0
lorenz63,baseline,64,0.5,4,y*y*z,0,0.0,0.0
lorenz63,baseline,64,0.5,4,y*y*z,1,0.0,0.0
lorenz63,baseline,64,0.5,4,y*y*z,2,0.0,0.0
lorenz63,baseline,64,0.5,4,y*z*z,0,0.0,0.0
lorenz63,baseline,64,0.5,4,y*z*z,1,0.0,0.0
lorenz63,baseline,64,0.5,4,y*z*z,2,0.0,0.0
lorenz63,baseline,64,0.5,4,z*z*z,0,0.0,0.0
lorenz63,baseline,64,0.5,4,z*z*z,1,0.0,0.0
lorenz63,baseline,64,0.5,4,z*z*z,2,0.0,0.0
lorenz63,edmd_poly3,64,0.5,4,1,0,0.0,0.0
lorenz63,edmd_poly3,64,0.5,4,1,1,1.672995837740961,0.0
lorenz63,edmd_poly3,64,0.5,4,1,2,0.0,0.0
lorenz63,edmd_poly3,64,0.5,4,x,0,-1.2899843434795824,-10.0
lorenz63,edmd_poly3,64,0.5,4,x,1,-1.453422641946338,28.0
lorenz63,edmd_poly3,64,0.5,4,x,2,0.0,0.0
lorenz63,edmd_poly3,64,0.5,4,y,0,1.5222609765389432,10.0
lorenz63,edmd_poly3,64,0.5,4,y,1,0.0,-1.0
lorenz63,edmd_poly3,64,0.5,4,y,2,0.0,0.0
lorenz63,edmd_poly3,64,0.5,4,z,0,0.0,0.0
lorenz63,edmd_poly3,64,0.5,4,z,1,0.0,0.0
lorenz63,edmd_poly3,64,0.5,4,z,2,0.0,-2.6666666666666665
lorenz63,edmd_poly3,64,0.5,4,x*x,0,0.0,0.0
lorenz63,edmd_poly3,64,0.5,4,x*x,1,0.0,0.0
lorenz63,edmd_poly3,64,0.5,4,x*x,2,0.0,0.0
lorenz63,edmd_poly3,64,0.5,4,x*y,0,0.0,0.0
lorenz63,edmd_poly3,64,0.5,4,x*y,1,0.0,0.0
lorenz63,edmd_poly3,64,0.5,4,x*y,2,0.0,1.0
lorenz63,edmd_poly3,64,0.5,4,x*z,0,0.0,0.0
lorenz63,edmd_poly3,64,0.5,4,x*z,1,0.0,-1.0
lorenz63,edmd_poly3,64,0.5,4,x*z,2,0.0,0.0
lorenz63,edmd_poly3,64,0.5,4,y*y,0,0.0,0.0
lorenz63,edmd_poly3,64,0.5,4,y*y,1,0.0,0.0
lorenz63,edmd_poly3,64,0.5,4,y*y,2,0.0,0.0
lorenz63,edmd_poly3,64,0.5,4,y*z,0,0.0,0.0
lorenz63,edmd_poly3,64,0.5,4,y*z,1,0.0,0.0
lorenz63,edmd_poly3,64,0.5,4,y*z,2,0.0,0.0
lorenz63,edmd_poly3,64,0.5,4,z*z,0,0.0,0.0
lorenz63,edmd_poly3,64,0.5,4,z*z,1,0.0,0.0
lorenz63,edmd_poly3,64,0.5,4,z*z,2,0.0,0.0
lorenz63,edmd_poly3,64,0.5,4,x*x*x,0,0.0,0.0
lorenz63,edmd_poly3,64,0.5,4,x*x*x,1,0.0,0.0
lorenz63,edmd_poly3,64,0.5,4,x*x*x,2,0.0,0.0
lorenz63,edmd_poly3,64,0.5,4,x*x*y,0,0.0,0.0
lorenz63,edmd_poly3,64,0.5,4,x*x*y,1,0.0,0.0
lorenz63,edmd_poly3,64,0.5,4,x*x*y,2,0.0,0.0
lorenz63,edmd_poly3,64,0.5,4,x*x*z,0,0.0,0.0
lorenz63,edmd_poly3,64,0.5,4,x*x*z,1,0.0,0.0
lorenz63,edmd_poly3,64,0.5,4,x*x*z,2,0.0,0.0
lorenz63,edmd_poly3,64,0.5,4,x*y*y,0,0.0,0.0
lorenz63,edmd_poly3,64,0.5,4,x*y*y,1,0.0,0.0
lorenz63,edmd_poly3,64,0.5,4,x*y*y,2,0.0,0.0
lorenz63,edmd_poly3,64,0.5,4,x*y*z,0,0.0,0.0
lorenz63,edmd_poly3,64,0.5,4,x*y*z,1,0.0,0.0
lorenz63,edmd_poly3,64,0.5,4,x*y*z,2,0.0,0.0
lorenz63,edmd_poly3,64,0.5,4,x*z*z,0,0.0,0.0
lorenz63,edmd_poly3,64,0.5,4,x*z*z,1,0.0,0.0
lorenz63,edmd_poly3,64,0.5,4,x*z*z,2,0.0,0.0
lorenz63,edmd_poly3,64,0.5,4,y*y*y,0,0.0,0.0
lorenz63,edmd_poly3,64,0.5,4,y*y*y,1,0.0,0.0
lorenz63,edmd_poly3,64,0.5,4,y*y*y,2,0.0,0.0
lorenz63,edmd_poly3,64,0.5,4,y*y*z,0,0.0,0.0
lorenz63,edmd_poly3,64,0.5,4,y*y*z,1,0.0,0.0
lorenz63,edmd_poly3,64,0.5,4,y*y*z,2,0.0,0.0
lorenz63,edmd_poly3,64,0.5,4,y*z*z,0,0.0,0.0
lorenz63,edmd_poly3,64,0.5,4,y*z*z,1,0.0,0.0
lorenz63,edmd_poly3,64,0.5,4,y*z*z,2,0.0,0.0
lorenz63,edmd_poly3,64,0.5,4,z*z*z,0,0.0,0.0
lorenz63,edmd_poly3,64,0.5,4,z*z*z,1,0.0,0.0
lorenz63,edmd_poly3,64,0.5,4,z*z*z,2,0.0,0.0
lorenz63,tv_diff,64,0.5,4,1,0,-248.62524620403698,0.0
lorenz63,tv_diff,64,0.5,4,1,1,-1408.9820887000747,0.0
lorenz63,tv_diff,64,0.5,4,1,2,0.0,0.0
lorenz63,tv_diff,64,0.5,4,x,0,-0.6102254743727502,-10.0
lorenz63,tv_diff,64,0.5,4,x,1,-28.835447774839714,28.0
lorenz63,tv_diff,64,0.5,4,x,2,0.0,0.0
lorenz63,tv_diff,64,0.5,4,y,0,0.7455527199121905,10.0
lorenz63,tv_diff,64,0.5,4,y,1,13.71427268763181,-1.0
lorenz63,tv_diff,64,0.5,4,y,2,0.0,0.0
lorenz63,tv_diff,64,0.5,4,z,0,23.243673861070455,0.0
lorenz63,tv_diff,64,0.5,4,z,1,128.52057271376387,0.0
lorenz63,tv_diff,64,0.5,4,z,2,0.0,-2.6666666666666665
lorenz63,tv_diff,64,0.5,4,x*x,0,0.0,0.0
lorenz63,tv_diff,64,0.5,4,x*x,1,-0.35563088833156076,0.0
lorenz63,tv_diff,64,0.5,4,x*x,2,0.0,0.0
lorenz63,tv_diff,64,0.5,4,x*y,0,0.0,0.0
lorenz63,tv_diff,64,0.5,4,x*y,1,0.5182649056006733,0.0
lorenz63,tv_diff,64,0.5,4,x*y,2,0.0,1.0
lorenz63,tv_diff,64,0.5,4,x*z,0,0.0,0.0
lorenz63,tv_diff,64,0.5,4,x*z,1,1.2782559647200948,-1.0
lorenz63,tv_diff,64,0.5,4,x*z,2,0.0,0.0
lorenz63,tv_diff,64,0.5,4,y*y,0,0.0,0.0
lorenz63,tv_diff,64,0.5,4,y*y,1,0.0,0.0
lorenz63,tv_diff,64,0.5,4,y*y,2,0.0,0.0
lorenz63,tv_diff,64,0.5,4,y*z,0,0.0,0.0
lorenz63,tv_diff,64,0.5,4,y*z,1,-0.7040278926287158,0.0
lorenz63,tv_diff,64,0.5,4,y*z,2,0.0,0.0
lorenz63,tv_diff,64,0.5,4,z*z,0,-0.5406217374885479,0.0
lorenz63,tv_diff,64,0.5,4,z*z,1,-2.9108074454385915,0.0
lorenz63,tv_diff,64,0.5,4,z*z,2,0.0,0.0
lorenz63,tv_diff,64,0.5,4,x*x*x,0,0.0,0.0
lorenz63,tv_diff,64,0.5,4,x*x*x,1,0.0,0.0
lorenz63,tv_diff,64,0.5,4,x*x*x,2,0.0,0.0
lorenz63,tv_diff,64,0.5,4,x*x*y,0,0.0,0.0
lorenz63,tv_diff,64,0.5,4,x*x*y,1,0.0,0.0
lorenz63,tv_diff,64,0.5,4,x*x*y,2,0.0,0.0
lorenz63,tv_diff,64,0.5,4,x*x*z,0,0.0,0.0
lorenz63,tv_diff,64,0.5,4,x*x*z,1,0.0,0.0
lorenz63,tv_diff,64,0.5,4,x*x*z,2,0.0,0.0
lorenz63,tv_diff,64,0.5,4,x*y*y,0,0.0,0.0
lorenz63,tv_diff,64,0.5,4,x*y*y,1,0.0,0.0
lorenz63,tv_diff,64,0.5,4,x*y*y,2,0.0,0.0
lorenz63,tv_diff,64,0.5,4,x*y*z,0,0.0,0.0
lorenz63,tv_diff,64,0.5,4,x*y*z,1,0.0,0.0
lorenz63,tv_diff,64,0.5,4,x*y*z,2,0.0,0.0
lorenz63,tv_diff,64,0.5,4,x*z*z,0,0.0,0.0
lorenz63,tv_diff,64,0.5,4,x*z*z,1,0.0,0.0
lorenz63,tv_diff,64,0.5,4,x*z*z,2,0.0,0.0
lorenz63,tv_diff,64,0.5,4,y*y*y,0,0.0,0.0
lorenz63,tv_diff,64,0.5,4,y*y*y,1,0.0,0.0
lorenz63,tv_diff,64,0.5,4,y*y*y,2,0.0,0.0
lorenz63,tv_diff,64,0.5,4,y*y*z,0,0.0,0.0
lorenz63,tv_diff,64,0.5,4,y*y*z,1,0.0,0.0
lorenz63,tv_diff,64,0.5,4,y*y*z,2,0.0,0.0
lorenz63,tv_diff,64,0.5,4,y*z*z,0,0.0,0.0
lorenz63,tv_diff,64,0.5,4,y*z*z,1,0.0,0.0
lorenz63,tv_diff,64,0.5,4,y*z*z,2,0.0,0.0
lorenz63,tv_diff,64,0.5,4,z*z*z,0,0.0,0.0
lorenz63,tv_diff,64,0.5,4,z*z*z,1,0.0,0.0
lorenz63,tv_diff,64,0.5,4,z*z*z,2,0.0,0.0
vanderpol_mu2,baseline,16,0.05,0,1,0,0.0,0.0
vanderpol_mu2,baseline,16,0.05,0,1,1,0.0,0.0
vanderpol_mu2,baseline,16,0.05,0,x,0,0.0,0.0
vanderpol_mu2,baseline,16,0.05,0,x,1,-0.9668960303895193,-1.0
vanderpol_mu2,baseline,16,0.05,0,y,0,0.9849633767647504,1.0
vanderpol_mu2,baseline,16,0.05,0,y,1,1.958087361337196,2.0
vanderpol_mu2,baseline,16,0.05,0,x*x,0,0.0,0.0
vanderpol_mu2,baseline,16,0.05,0,x*x,1,0.0,0.0
vanderpol_mu2,baseline,16,0.05,0,x*y,0,0.0,0.0
vanderpol_mu2,baseline,16,0.05,0,x*y,1,0.0,0.0
vanderpol_mu2,baseline,16,0.05,0,y*y,0,0.0,0.0
vanderpol_mu2,baseline,16,0.05,0,y*y,1,0.0,0.0
vanderpol_mu2,baseline,16,0.05,0,x*x*x,0,0.0,0.0
vanderpol_mu2,baseline,16,0.05,0,x*x*x,1,0.0,0.0
vanderpol_mu2,baseline,16,0.05,0,x*x*y,0,0.0,0.0
vanderpol_mu2,baseline,16,0.05,0,x*x*y,1,-1.9034316494122556,-2.0
vanderpol_mu2,baseline,16,0.05,0,x*y*y,0,0.0,0.0
vanderpol_mu2,baseline,16,0.05,0,x*y*y,1,0.0,0.0
vanderpol_mu2,baseline,16,0.05,0,y*y*y,0,0.0,0.0
vanderpol_mu2,baseline,16,0.05,0,y*y*y,1,0.0,0.0
vanderpol_mu2,edmd_poly3,16,0.05,0,1,0,0.0,0.0
vanderpol_mu2,edmd_poly3,16,0.05,0,1,1,0.0,0.0
vanderpol_mu2,edmd_poly3,16,0.05,0,x,0,0.0,0.0
vanderpol_mu2,edmd_poly3,16,0.05,0,x,1,-0.9820801818713698,-1.0
vanderpol_mu2,edmd_poly3,16,0.05,0,y,0,0.9909315431675402,1.0
vanderpol_mu2,edmd_poly3,16,0.05,0,y,1,2.082620586380413,2.0
vanderpol_mu2,edmd_poly3,16,0.05,0,x*x,0,0.0,0.0
vanderpol_mu2,edmd_poly3,16,0.05,0,x*x,1,0.0,0.0
vanderpol_mu2,edmd_poly3,16,0.05,0,x*y,0,0.0,0.0
vanderpol_mu2,edmd_poly3,16,0.05,0,x*y,1,0.0,0.0
vanderpol_mu2,edmd_poly3,16,0.05,0,y*y,0,0.0,0.0
vanderpol_mu2,edmd_poly3,16,0.05,0,y*y,1,0.0,0.0
vanderpol_mu2,edmd_poly3,16,0.05,0,x*x*x,0,0.0,0.0
vanderpol_mu2,edmd_poly3,16,0.05,0,x*x*x,1,0.0,0.0
vanderpol_mu2,edmd_poly3,16,0.05,0,x*x*y,0,0.0,0.0
vanderpol_mu2,edmd_poly3,16,0.05,0,x*x*y,1,-2.0305720157043154,-2.0
vanderpol_mu2,edmd_poly3,16,0.05,0,x*y*y,0,0.0,0.0
vanderpol_mu2,edmd_poly3,16,0.05,0,x*y*y,1,0.0,0.0
vanderpol_mu2,edmd_poly3,16,0.05,0,y*y*y,0,0.0,0.0
vanderpol_mu2,edmd_poly3,16,0.05,0,y*y*y,1,0.0,0.0
vanderpol_mu2,tv_diff,16,0.05,0,1,0,0.0,0.0
vanderpol_mu2,tv_diff,16,0.05,0,1,1,0.0,0.0
vanderpol_mu2,tv_diff,16,0.05,0,x,0,0.0,0.0
vanderpol_mu2,tv_diff,16,0.05,0,x,1,-0.969863457629748,-1.0
vanderpol_mu2,tv_diff,16,0.05,0,y,0,0.9855820865185426,1.0
vanderpol_mu2,tv_diff,16,0.05,0,y,1,1.9718033134377944,2.0
vanderpol_mu2,tv_diff,16,0.05,0,x*x,0,0.0,0.0
vanderpol_mu2,tv_diff,16,0.05,0,x*x,1,0.0,0.0
vanderpol_mu2,tv_diff,16,0.05,0,x*y,0,0.0,0.0
vanderpol_mu2,tv_diff,16,0.05,0,x*y,1,0.0,0.0
vanderpol_mu2,tv_diff,16,0.05,0,y*y,0,0.0,0.0
vanderpol_mu2,tv_diff,16,0.05,0,y*y,1,0.0,0.0
vanderpol_mu2,tv_diff,16,0.05,0,x*x*x,0,0.0,0.0
vanderpol_mu2,tv_diff,16,0.05,0,x*x*x,1,0.0,0.0
vanderpol_mu2,tv_diff,16,0.05,0,x*x*y,0,0.0,0.0
vanderpol_mu2,tv_diff,16,0.05,0,x*x*y,1,-1.9253505926949053,-2.0
vanderpol_mu2,tv_diff,16,0.05,0,x*y*y,0,0.0,0.0
vanderpol_mu2,tv_diff,16,0.05,0,x*y*y,1,0.0,0.0
vanderpol_mu2,tv_diff,16,0.05,0,y*y*y,0,0.0,0.0
vanderpol_mu2,tv_diff,16,0.05,0,y*y*y,1,0.0,0.0
vanderpol_mu2,baseline,16,0.05,1,1,0,0.0,0.0
vanderpol_mu2,baseline,16,0.05,1,1,1,0.0,0.0
vanderpol_mu2,baseline,16,0.05,1,x,0,0.0,0.0
vanderpol_mu2,baseline,16,0.05,1,x,1,-0.9976675141912174,-1.0
vanderpol_mu2,baseline,16,0.05,1,y,0,0.9981078285165413,1.0
vanderpol_mu2,baseline,16,0.05,1,y,1,1.8853548799825302,2.0
vanderpol_mu2,baseline,16,0.05,1,x*x,0,0.0,0.0
vanderpol_mu2,baseline,16,0.05,1,x*x,1,0.0,0.0
vanderpol_mu2,baseline,16,0.05,1,x*y,0,0.0,0.0
vanderpol_mu2,baseline,16,0.05,1,x*y,1,0.0,0.0
vanderpol_mu2,baseline,16,0.05,1,y*y,0,0.0,0.0
vanderpol_mu2,baseline,16,0.05,1,y*y,1,0.0,0.0
vanderpol_mu2,baseline,16,0.05,1,x*x*x,0,0.0,0.0
vanderpol_mu2,baseline,16,0.05,1,x*x*x,1,0.0,0.0
vanderpol_mu2,baseline,16,0.05,1,x*x*y,0,0.0,0.0
vanderpol_mu2,baseline,16,0.05,1,x*x*y,1,-1.8552621010488526,-2.0
vanderpol_mu2,baseline,16,0.05,1,x*y*y,0,0.0,0.0
vanderpol_mu2,baseline,16,0.05,1,x*y*y,1,0.0,0.0
vanderpol_mu2,baseline,16,0.05,1,y*y*y,0,0.0,0.0
vanderpol_mu2,baseline,16,0.05,1,y*y*y,1,0.0,0.0
vanderpol_mu2,edmd_poly3,16,0.05,1,1,0,0.0,0.0
vanderpol_mu2,edmd_poly3,16,0.05,1,1,1,0.0,0.0
vanderpol_mu2,edmd_poly3,16,0.05,1,x,0,0.0,0.0
vanderpol_mu2,edmd_poly3,16,0.05,1,x,1,-1.0130917793269845,-1.0
vanderpol_mu2,edmd_poly3,16,0.05,1,y,0,1.0047171499642438,1.0
vanderpol_mu2,edmd_poly3,16,0.05,1,y,1,1.997055420506316,2.0
vanderpol_mu2,edmd_poly3,16,0.05,1,x*x,0,0.0,0.0
vanderpol_mu2,edmd_poly3,16,0.05,1,x*x,1,0.0,0.0
vanderpol_mu2,edmd_poly3,16,0.05,1,x*y,0,0.0,0.0
vanderpol_mu2,edmd_poly3,16,0.05,1,x*y,1,0.0,0.0
vanderpol_mu2,edmd_poly3,16,0.05,1,y*y,0,0.0,0.0
vanderpol_mu2,edmd_poly3,16,0.05,1,y*y,1,0.0,0.0
vanderpol_mu2,edmd_poly3,16,0.05,1,x*x*x,0,0.0,0.0
vanderpol_mu2,edmd_poly3,16,0.05,1,x*x*x,1,0.0,0.0
vanderpol_mu2,edmd_poly3,16,0.05,1,x*x*y,0,0.0,0.0
vanderpol_mu2,edmd_poly3,16,0.05,1,x*x*y,1,-1.9727661545833375,-2.0
vanderpol_mu2,edmd_poly3,16,0.05,1,x*y*y,0,0.0,0.0
vanderpol_mu2,edmd_poly3,16,0.05,1,x*y*y,1,0.0,0.0
vanderpol_mu2,edmd_poly3,16,0.05,1,y*y*y,0,0.0,0.0
vanderpol_mu2,edmd_poly3,16,0.05,1,y*y*y,1,0.0,0.0
vanderpol_mu2,tv_diff,16,0.05,1,1,0,0.0,0.0
vanderpol_mu2,tv_diff,16,0.05,1,1,1,0.0,0.0
vanderpol_mu2,tv_diff,16,0.05,1,x,0,0.0,0.0
vanderpol_mu2,tv_diff,16,0.05,1,x,1,-1.0064930517601829,-1.0
vanderpol_mu2,tv_diff,16,0.05,1,y,0,0.9894019914381568,1.0
vanderpol_mu2,tv_diff,16,0.05,1,y,1,1.8903489829934388,2.0
vanderpol_mu2,tv_diff,16,0.05,1,x*x,0,0.0,0.0
vanderpol_mu2,tv_diff,16,0.05,1,x*x,1,0.0,0.0
vanderpol_mu2,tv_diff,16,0.05,1,x*y,0,0.0,0.0
vanderpol_mu2,tv_diff,16,0.05,1,x*y,1,0.0,0.0
vanderpol_mu2,tv_diff,16,0.05,1,y*y,0,0.0,0.0
vanderpol_mu2,tv_diff,16,0.05,1,y*y,1,0.0,0.0
vanderpol_mu2,tv_diff,16,0.05,1,x*x*x,0,0.0,0.0
vanderpol_mu2,tv_diff,16,0.05,1,x*x*x,1,0.0,0.0
vanderpol_mu2,tv_diff,16,0.05,1,x*x*y,0,0.0,0.0
vanderpol_mu2,tv_diff,16,0.05,1,x*x*y,1,-1.905804418513524,-2.0
vanderpol_mu2,tv_diff,16,0.05,1,x*y*y,0,0.0,0.0
vanderpol_mu2,tv_diff,16,0.05,1,x*y*y,1,0.0,0.0
vanderpol_mu2,tv_diff,16,0.05,1,y*y*y,0,0.0,0.0
vanderpol_mu2,tv_diff,16,0.05,1,y*y*y,1,0.0,0.0
vanderpol_mu2,baseline,16,0.05,2,1,0,0.0,0.0
vanderpol_mu2,baseline,16,0.05,2,1,1,0.0,0.0
vanderpol_mu2,baseline,16,0.05,2,x,0,0.0,0.0
vanderpol_mu2,baseline,16,0.05,2,x,1,-0.9999235917837836,-1.0
vanderpol_mu2,baseline,16,0.05,2,y,0,0.9917727841092077,1.0
vanderpol_mu2,baseline,16,0.05,2,y,1,1.9437869985449532,2.0
vanderpol_mu2,baseline,16,0.05,2,x*x,0,0.0,0.0
vanderpol_mu2,baseline,16,0.05,2,x*x,1,0.0,0.0
vanderpol_mu2,baseline,16,0.05,2,x*y,0,0.0,0.0
vanderpol_mu2,baseline,16,0.05,2,x*y,1,0.0,0.0
vanderpol_mu2,baseline,16,0.05,2,y*y,0,0.0,0.0
vanderpol_mu2,baseline,16,0.05,2,y*y,1,0.0,0.0
vanderpol_mu2,baseline,16,0.05,2,x*x*x,0,0.0,0.0
vanderpol_mu2,baseline,16,0.05,2,x*x*x,1,0.0,0.0
vanderpol_mu2,baseline,16,0.05,2,x*x*y,0,0.0,0.0
vanderpol_mu2,baseline,16,0.05,2,x*x*y,1,-1.9465856897434626,-2.0
vanderpol_mu2,baseline,16,0.05,2,x*y*y,0,0.0,0.0
vanderpol_mu2,baseline,16,0.05,2,x*y*y,1,0.0,0.0
vanderpol_mu2,baseline,16,0.05,2,y*y*y,0,0.0,0.0
vanderpol_mu2,baseline,16,0.05,2,y*y*y,1,0.0,0.0
vanderpol_mu2,edmd_poly3,16,0.05,2,1,0,0.0,0.0
vanderpol_mu2,edmd_poly3,16,0.05,2,1,1,0.0,0.0
vanderpol_mu2,edmd_poly3,16,0.05,2,x,0,0.0,0.0
vanderpol_mu2,edmd_poly3,16,0.05,2,x,1,-1.007811753881757,-1.0
vanderpol_mu2,edmd_poly3,16,0.05,2,y,0,0.998199871178837,1.0
vanderpol_mu2,edmd_poly3,16,0.05,2,y,1,2.054056939661577,2.0
vanderpol_mu2,edmd_poly3,16,0.05,2,x*x,0,0.0,0.0
vanderpol_mu2,edmd_poly3,16,0.05,2,x*x,1,0.0,0.0
vanderpol_mu2,edmd_poly3,16,0.05,2,x*y,0,0.0,0.0
vanderpol_mu2,edmd_poly3,16,0.05,2,x*y,1,0.0,0.0
vanderpol_mu2,edmd_poly3,16,0.05,2,y*y,0,0.0,0.0
vanderpol_mu2,edmd_poly3,16,0.05,2,y*y,1,0.0,0.0
vanderpol_mu2,edmd_poly3,16,0.05,2,x*x*x,0,0.0,0.0
vanderpol_mu2,edmd_poly3,16,0.05,2,x*x*x,1,0.0,0.0
vanderpol_mu2,edmd_poly3,16,0.05,2,x*x*y,0,0.0,0.0
vanderpol_mu2,edmd_poly3,16,0.05,2,x*x*y,1,-2.0606773724986747,-2.0
vanderpol_mu2,edmd_poly3,16,0.05,2,x*y*y,0,0.0,0.0
vanderpol_mu2,edmd_poly3,16,0.05,2,x*y*y,1,0.0,0.0
vanderpol_mu2,edmd_poly3,16,0.05,2,y*y*y,0,0.0,0.0
vanderpol_mu2,edmd_poly3,16,0.05,2,y*y*y,1,0.0,0.0
vanderpol_mu2,tv_diff,16,0.05,2,1,0,0.0,0.0
vanderpol_mu2,tv_diff,16,0.05,2,1,1,0.0,0.0
vanderpol_mu2,tv_diff,16,0.05,2,x,0,0.0,0.0
vanderpol_mu2,tv_diff,16,0.05,2,x,1,-0.9996862279785117,-1.0
vanderpol_mu2,tv_diff,16,0.05,2,y,0,0.9874691802435746,1.0
vanderpol_mu2,tv_diff,16,0.05,2,y,1,1.9107958345111462,2.0
vanderpol_mu2,tv_diff,16,0.05,2,x*x,0,0.0,0.0
vanderpol_mu2,tv_diff,16,0.05,2,x*x,1,0.0,0.0
vanderpol_mu2,tv_diff,16,0.05,2,x*y,0,0.0,0.0
vanderpol_mu2,tv_diff,16,0.05,2,x*y,1,0.0,0.0
vanderpol_mu2,tv_diff,16,0.05,2,y*y,0,0.0,0.0
vanderpol_mu2,tv_diff,16,0.05,2,y*y,1,0.0,0.0
vanderpol_mu2,tv_diff,16,0.05,2,x*x*x,0,0.0,0.0
vanderpol_mu2,tv_diff,16,0.05,2,x*x*x,1,0.0,0.0
vanderpol_mu2,tv_diff,16,0.05,2,x*x*y,0,0.0,0.0
vanderpol_mu2,tv_diff,16,0.05,2,x*x*y,1,-1.9556752988807367,-2.0
vanderpol_mu2,tv_diff,16,0.05,2,x*y*y,0,0.0,0.0
vanderpol_mu2,tv_diff,16,0.05,2,x*y*y,1,0.0,0.0
vanderpol_mu2,tv_diff,16,0.05,2,y*y*y,0,0.0,0.0
vanderpol_mu2,tv_diff,16,0.05,2,y*y*y,1,0.0,0.0
vanderpol_mu2,baseline,16,0.05,3,1,0,0.0,0.0
vanderpol_mu2,baseline,16,0.05,3,1,1,0.0,0.0
vanderpol_mu2,baseline,16,0.05,3,x,0,0.0,0.0
vanderpol_mu2,baseline,16,0.05,3,x,1,-0.975343862903047,-1.0
vanderpol_mu2,baseline,16,0.05,3,y,0,0.993092853758165,1.0
vanderpol_mu2,baseline,16,0.05,3,y,1,1.8650052809944846,2.0
vanderpol_mu2,baseline,16,0.05,3,x*x,0,0.0,0.0
vanderpol_mu2,baseline,16,0.05,3,x*x,1,0.0,0.0
vanderpol_mu2,baseline,16,0.05,3,x*y,0,0.0,0.0
vanderpol_mu2,baseline,16,0.05,3,x*y,1,0.0,0.0
vanderpol_mu2,baseline,16,0.05,3,y*y,0,0.0,0.0
vanderpol_mu2,baseline,16,0.05,3,y*y,1,0.0,0.0
vanderpol_mu2,baseline,16,0.05,3,x*x*x,0,0.0,0.0
vanderpol_mu2,baseline,16,0.05,3,x*x*x,1,0.0,0.0
vanderpol_mu2,baseline,16,0.05,3,x*x*y,0,0.0,0.0
vanderpol_mu2,baseline,16,0.05,3,x*x*y,1,-1.8373513347360053,-2.0
vanderpol_mu2,baseline,16,0.05,3,x*y*y,0,0.0,0.0
vanderpol_mu2,baseline,16,0.05,3,x*y*y,1,0.0,0.0
vanderpol_mu2,baseline,16,0.05,3,y*y*y,0,0.0,0.0
vanderpol_mu2,baseline,16,0.05,3,y*y*y,1,0.0,0.0
vanderpol_mu2,edmd_poly3,16,0.05,3,1,0,0.0,0.0
vanderpol_mu2,edmd_poly3,16,0.05,3,1,1,0.0,0.0
vanderpol_mu2,edmd_poly3,16,0.05,3,x,0,0.0,0.0
vanderpol_mu2,edmd_poly3,16,0.05,3,x,1,-0.9934266221386227,-1.0
vanderpol_mu2,edmd_poly3,16,0.05,3,y,0,0.999993053977605,1.0
vanderpol_mu2,edmd_poly3,16,0.05,3,y,1,1.9903485982086218,2.0
vanderpol_mu2,edmd_poly3,16,0.05,3,x*x,0,0.0,0.0
vanderpol_mu2,edmd_poly3,16,0.05,3,x*x,1,0.0,0.0
vanderpol_mu2,edmd_poly3,16,0.05,3,x*y,0,0.0,0.0
vanderpol_mu2,edmd_poly3,16,0.05,3,x*y,1,0.0,0.0
vanderpol_mu2,edmd_poly3,16,0.05,3,y*y,0,0.0,0.0
vanderpol_mu2,edmd_poly3,16,0.05,3,y*y,1,0.0,0.0
vanderpol_mu2,edmd_poly3,16,0.05,3,x*x*x,0,0.0,0.0
vanderpol_mu2,edmd_poly3,16,0.05,3,x*x*x,1,0.0,0.0
vanderpol_mu2,edmd_poly3,16,0.05,3,x*x*y,0,0.0,0.0
vanderpol_mu2,edmd_poly3,16,0.05,3,x*x*y,1,-1.9737921419845854,-2.0
vanderpol_mu2,edmd_poly3,16,0.05,3,x*y*y,0,0.0,0.0
vanderpol_mu2,edmd_poly3,16,0.05,3,x*y*y,1,0.0,0.0
vanderpol_mu2,edmd_poly3,16,0.05,3,y*y*y,0,0.0,0.0
vanderpol_mu2,edmd_poly3,16,0.05,3,y*y*y,1,0.0,0.0
vanderpol_mu2,tv_diff,16,0.05,3,1,0,0.0,0.0
vanderpol_mu2,tv_diff,16,0.05,3,1,1,0.0,0.0
vanderpol_mu2,tv_diff,16,0.05,3,x,0,0.0,0.0
vanderpol_mu2,tv_diff,16,0.05,3,x,1,-0.9835768862722827,-1.0
vanderpol_mu2,tv_diff,16,0.05,3,y,0,0.9910765492379993,1.0
vanderpol_mu2,tv_diff,16,0.05,3,y,1,1.8784102319335712,2.0
vanderpol_mu2,tv_diff,16,0.05,3,x*x,0,0.0,0.0
vanderpol_mu2,tv_diff,16,0.05,3,x*x,1,0.0,0.0
vanderpol_mu2,tv_diff,16,0.05,3,x*y,0,0.0,0.0
vanderpol_mu2,tv_diff,16,0.05,3,x*y,1,0.0,0.0
vanderpol_mu2,tv_diff,16,0.05,3,y*y,0,0.0,0.0
vanderpol_mu2,tv_diff,16,0.05,3,y*y,1,0.0,0.0
vanderpol_mu2,tv_diff,16,0.05,3,x*x*x,0,0.0,0.0
vanderpol_mu2,tv_diff,16,0.05,3,x*x*x,1,0.0,0.0
vanderpol_mu2,tv_diff,16,0.05,3,x*x*y,0,0.0,0.0
vanderpol_mu2,tv_diff,16,0.05,3,x*x*y,1,-1.8839843117034896,-2.0
vanderpol_mu2,tv_diff,16,0.05,3,x*y*y,0,0.0,0.0
vanderpol_mu2,tv_diff,16,0.05,3,x*y*y,1,0.0,0.0
vanderpol_mu2,tv_diff,16,0.05,3,y*y*y,0,0.0,0.0
vanderpol_mu2,tv_diff,16,0.05,3,y*y*y,1,0.0,0.0
vanderpol_mu2,baseline,16,0.1,0,1,0,0.0,0.0
vanderpol_mu2,baseline,16,0.1,0,1,1,0.0,0.0
vanderpol_mu2,baseline,16,0.1,0,x,0,0.0,0.0
vanderpol_mu2,baseline,16,0.1,0,x,1,-0.9719916181691874,-1.0
vanderpol_mu2,baseline,16,0.1,0,y,0,0.9718381253259017,1.0
vanderpol_mu2,baseline,16,0.1,0,y,1,1.7537836921135126,2.0
vanderpol_mu2,baseline,16,0.1,0,x*x,0,0.0,0.0
vanderpol_mu2,baseline,16,0.1,0,x*x,1,0.0,0.0
vanderpol_mu2,baseline,16,0.1,0,x*y,0,0.0,0.0
vanderpol_mu2,baseline,16,0.1,0,x*y,1,0.0,0.0
vanderpol_mu2,baseline,16,0.1,0,y*y,0,0.0,0.0
vanderpol_mu2,baseline,16,0.1,0,y*y,1,0.0,0.0
vanderpol_mu2,baseline,16,0.1,0,x*x*x,0,0.0,0.0
vanderpol_mu2,baseline,16,0.1,0,x*x*x,1,0.0,0.0
vanderpol_mu2,baseline,16,0.1,0,x*x*y,0,0.0,0.0
vanderpol_mu2,baseline,16,0.1,0,x*x*y,1,-1.6196288858206604,-2.0
vanderpol_mu2,baseline,16,0.1,0,x*y*y,0,0.0,0.0
vanderpol_mu2,baseline,16,0.1,0,x*y*y,1,0.0,0.0
vanderpol_mu2,baseline,16,0.1,0,y*y*y,0,0.0,0.0
vanderpol_mu2,baseline,16,0.1,0,y*y*y,1,0.0,0.0
vanderpol_mu2,edmd_poly3,16,0.1,0,1,0,0.0,0.0
vanderpol_mu2,edmd_poly3,16,0.1,0,1,1,0.0,0.0
vanderpol_mu2,edmd_poly3,16,0.1,0,x,0,0.0,0.0
vanderpol_mu2,edmd_poly3,16,0.1,0,x,1,-1.0005454889535674,-1.0
vanderpol_mu2,edmd_poly3,16,0.1,0,y,0,0.9843342628416633,1.0
vanderpol_mu2,edmd_poly3,16,0.1,0,y,1,1.9965040111310268,2.0
vanderpol_mu2,edmd_poly3,16,0.1,0,x*x,0,0.0,0.0
vanderpol_mu2,edmd_poly3,16,0.1,0,x*x,1,0.0,0.0
vanderpol_mu2,edmd_poly3,16,0.1,0,x*y,0,0.0,0.0
vanderpol_mu2,edmd_poly3,16,0.1,0,x*y,1,0.0,0.0
vanderpol_mu2,edmd_poly3,16,0.1,0,y*y,0,0.0,0.0
vanderpol_mu2,edmd_poly3,16,0.1,0,y*y,1,0.0,0.0
vanderpol_mu2,edmd_poly3,16,0.1,0,x*x*x,0,0.0,0.0
vanderpol_mu2,edmd_poly3,16,0.1,0,x*x*x,1,0.0,0.0
vanderpol_mu2,edmd_poly3,16,0.1,0,x*x*y,0,0.0,0.0
vanderpol_mu2,edmd_poly3,16,0.1,0,x*x*y,1,-1.8710357033899054,-2.0
vanderpol_mu2,edmd_poly3,16,0.1,0,x*y*y,0,0.0,0.0
vanderpol_mu2,edmd_poly3,16,0.1,0,x*y*y,1,0.0,0.0
vanderpol_mu2,edmd_poly3,16,0.1,0,y*y*y,0,0.0,0.0
vanderpol_mu2,edmd_poly3,16,0.1,0,y*y*y,1,0.0,0.0
vanderpol_mu2,tv_diff,16,0.1,0,1,0,0.0,0.0
vanderpol_mu2,tv_diff,16,0.1,0,1,1,0.0,0.0
vanderpol_mu2,tv_diff,16,0.1,0,x,0,0.0,0.0
vanderpol_mu2,tv_diff,16,0.1,0,x,1,-0.9910646800061695,-1.0
vanderpol_mu2,tv_diff,16,0.1,0,y,0,0.9831326213911565,1.0
vanderpol_mu2,tv_diff,16,0.1,0,y,1,1.8457444556897271,2.0
vanderpol_mu2,tv_diff,16,0.1,0,x*x,0,0.0,0.0
vanderpol_mu2,tv_diff,16,0.1,0,x*x,1,0.0,0.0
vanderpol_mu2,tv_diff,16,0.1,0,x*y,0,0.0,0.0
vanderpol_mu2,tv_diff,16,0.1,0,x*y,1,0.0,0.0
vanderpol_mu2,tv_diff,16,0.1,0,y*y,0,0.0,0.0
vanderpol_mu2,tv_diff,16,0.1,0,y*y,1,0.0,0.0
vanderpol_mu2,tv_diff,16,0.1,0,x*x*x,0,0.0,0.0
vanderpol_mu2,tv_diff,16,0.1,0,x*x*x,1,0.0,0.0
vanderpol_mu2,tv_diff,16,0.1,0,x*x*y,0,0.0,0.0
vanderpol_mu2,tv_diff,16,0.1,0,x*x*y,1,-1.7674935858771479,-2.0
vanderpol_mu2,tv_diff,16,0.1,0,x*y*y,0,0.0,0.0
vanderpol_mu2,tv_diff,16,0.1,0,x*y*y,1,0.0,0.0
vanderpol_mu2,tv_diff,16,0.1,0,y*y*y,0,0.0,0.0
vanderpol_mu2,tv_diff,16,0.1,0,y*y*y,1,0.0,0.0
vanderpol_mu2,baseline,16,0.05,4,1,0,0.0,0.0
vanderpol_mu2,baseline,16,0.05,4,1,1,0.0,0.0
vanderpol_mu2,baseline,16,0.05,4,x,0,0.0,0.0
vanderpol_mu2,baseline,16,0.05,4,x,1,-0.9808219029967472,-1.0
vanderpol_mu2,baseline,16,0.05,4,y,0,0.9980326459895043,1.0
vanderpol_mu2,baseline,16,0.05,4,y,1,1.8455371914645984,2.0
vanderpol_mu2,baseline,16,0.05,4,x*x,0,0.0,0.0
vanderpol_mu2,baseline,16,0.05,4,x*x,1,0.0,0.0
vanderpol_mu2,baseline,16,0.05,4,x*y,0,0.0,0.0
vanderpol_mu2,baseline,16,0.05,4,x*y,1,0.0,0.0
vanderpol_mu2,baseline,16,0.05,4,y*y,0,0.0,0.0
vanderpol_mu2,baseline,16,0.05,4,y*y,1,0.0,0.0
vanderpol_mu2,baseline,16,0.05,4,x*x*x,0,0.0,0.0
vanderpol_mu2,baseline,16,0.05,4,x*x*x,1,0.0,0.0
vanderpol_mu2,baseline,16,0.05,4,x*x*y,0,0.0,0.0
vanderpol_mu2,baseline,16,0.05,4,x*x*y,1,-1.907005645381017,-2.0
vanderpol_mu2,baseline,16,0.05,4,x*y*y,0,0.0,0.0
vanderpol_mu2,baseline,16,0.05,4,x*y*y,1,0.0,0.0
vanderpol_mu2,baseline,16,0.05,4,y*y*y,0,0.0,0.0
vanderpol_mu2,baseline,16,0.05,4,y*y*y,1,0.0,0.0
vanderpol_mu2,edmd_poly3,16,0.05,4,1,0,0.0,0.0
vanderpol_mu2,edmd_poly3,16,0.05,4,1,1,0.0,0.0
vanderpol_mu2,edmd_poly3,16,0.05,4,x,0,0.0,0.0
vanderpol_mu2,edmd_poly3,16,0.05,4,x,1,-0.9916604068228798,-1.0
vanderpol_mu2,edmd_poly3,16,0.05,4,y,0,1.0050333454067395,1.0
vanderpol_mu2,edmd_poly3,16,0.05,4,y,1,1.9574197643534237,2.0
vanderpol_mu2,edmd_poly3,16,0.05,4,x*x,0,0.0,0.0
vanderpol_mu2,edmd_poly3,16,0.05,4,x*x,1,0.0,0.0
vanderpol_mu2,edmd_poly3,16,0.05,4,x*y,0,0.0,0.0
vanderpol_mu2,edmd_poly3,16,0.05,4,x*y,1,0.0,0.0
vanderpol_mu2,edmd_poly3,16,0.05,4,y*y,0,0.0,0.0
vanderpol_mu2,edmd_poly3,16,0.05,4,y*y,1,0.0,0.0
vanderpol_mu2,edmd_poly3,16,0.05,4,x*x*x,0,0.0,0.0
vanderpol_mu2,edmd_poly3,16,0.05,4,x*x*x,1,0.0,0.0
vanderpol_mu2,edmd_poly3,16,0.05,4,x*x*y,0,0.0,0.0
vanderpol_mu2,edmd_poly3,16,0.05,4,x*x*y,1,-2.028751778773765,-2.0
vanderpol_mu2,edmd_poly3,16,0.05,4,x*y*y,0,0.0,0.0
vanderpol_mu2,edmd_poly3,16,0.05,4,x*y*y,1,0.0,0.0
vanderpol_mu2,edmd_poly3,16,0.05,4,y*y*y,0,0.0,0.0
vanderpol_mu2,edmd_poly3,16,0.05,4,y*y*y,1,0.0,0.0
vanderpol_mu2,tv_diff,16,0.05,4,1,0,0.0,0.0
vanderpol_mu2,tv_diff,16,0.05,4,1,1,0.0,0.0
vanderpol_mu2,tv_diff,16,0.05,4,x,0,0.0,0.0
vanderpol_mu2,tv_diff,16,0.05,4,x,1,-0.9863303832515078,-1.0
vanderpol_mu2,tv_diff,16,0.05,4,y,0,0.9941311406824135,1.0
vanderpol_mu2,tv_diff,16,0.05,4,y,1,1.8373456557610526,2.0
vanderpol_mu2,tv_diff,16,0.05,4,x*x,0,0.0,0.0
vanderpol_mu2,tv_diff,16,0.05,4,x*x,1,0.0,0.0
vanderpol_mu2,tv_diff,16,0.05,4,x*y,0,0.0,0.0
vanderpol_mu2,tv_diff,16,0.05,4,x*y,1,0.0,0.0
vanderpol_mu2,tv_diff,16,0.05,4,y*y,0,0.0,0.0
vanderpol_mu2,tv_diff,16,0.05,4,y*y,1,0.0,0.0
vanderpol_mu2,tv_diff,16,0.05,4,x*x*x,0,0.0,0.0
vanderpol_mu2,tv_diff,16,0.05,4,x*x*x,1,0.0,0.0
vanderpol_mu2,tv_diff,16,0.05,4,x*x*y,0,0.0,0.0
vanderpol_mu2,tv_diff,16,0.05,4,x*x*y,1,-1.9284398261950553,-2.0
vanderpol_mu2,tv_diff,16,0.05,4,x*y*y,0,0.0,0.0
vanderpol_mu2,tv_diff,16,0.05,4,x*y*y,1,0.0,0.0
vanderpol_mu2,tv_diff,16,0.05,4,y*y*y,0,0.0,0.0
vanderpol_mu2,tv_diff,16,0.05,4,y*y*y,1,0.0,0.0
vanderpol_mu2,baseline,16,0.1,1,1,0,0.0,0.0
vanderpol_mu2,baseline,16,0.1,1,1,1,0.0,0.0
vanderpol_mu2,baseline,16,0.1,1,x,0,0.0,0.0
vanderpol_mu2,baseline,16,0.1,1,x,1,-0.9490730105239937,-1.0
vanderpol_mu2,baseline,16,0.1,1,y,0,0.97804147205892,1.0
vanderpol_mu2,baseline,16,0.1,1,y,1,1.8528808737913016,2.0
vanderpol_mu2,baseline,16,0.1,1,x*x,0,0.0,0.0
vanderpol_mu2,baseline,16,0.1,1,x*x,1,0.0,0.0
vanderpol_mu2,baseline,16,0.1,1,x*y,0,0.0,0.0
vanderpol_mu2,baseline,16,0.1,1,x*y,1,0.0,0.0
vanderpol_mu2,baseline,16,0.1,1,y*y,0,0.0,0.0
vanderpol_mu2,baseline,16,0.1,1,y*y,1,0.0,0.0
vanderpol_mu2,baseline,16,0.1,1,x*x*x,0,0.0,0.0
vanderpol_mu2,baseline,16,0.1,1,x*x*x,1,0.0,0.0
vanderpol_mu2,baseline,16,0.1,1,x*x*y,0,0.0,0.0
vanderpol_mu2,baseline,16,0.1,1,x*x*y,1,-1.7737130447847311,-2.0
vanderpol_mu2,baseline,16,0.1,1,x*y*y,0,0.0,0.0
vanderpol_mu2,baseline,16,0.1,1,x*y*y,1,0.0,0.0
vanderpol_mu2,baseline,16,0.1,1,y*y*y,0,0.0,0.0
vanderpol_mu2,baseline,16,0.1,1,y*y*y,1,0.0,0.0
vanderpol_mu2,edmd_poly3,16,0.1,1,1,0,0.0,0.0
vanderpol_mu2,edmd_poly3,16,0.1,1,1,1,0.0,0.0
vanderpol_mu2,edmd_poly3,16,0.1,1,x,0,0.0,0.0
vanderpol_mu2,edmd_poly3,16,0.1,1,x,1,-0.9553263332558528,-1.0
vanderpol_mu2,edmd_poly3,16,0.1,1,y,0,0.9927970165374598,1.0
vanderpol_mu2,edmd_poly3,16,0.1,1,y,1,2.117599200527899,2.0
vanderpol_mu2,edmd_poly3,16,0.1,1,x*x,0,0.0,0.0
vanderpol_mu2,edmd_poly3,16,0.1,1,x*x,1,0.0,0.0
vanderpol_mu2,edmd_poly3,16,0.1,1,x*y,0,0.0,0.0
vanderpol_mu2,edmd_poly3,16,0.1,1,x*y,1,0.0,0.0
vanderpol_mu2,edmd_poly3,16,0.1,1,y*y,0,0.0,0.0
vanderpol_mu2,edmd_poly3,16,0.1,1,y*y,1,0.0,0.0
vanderpol_mu2,edmd_poly3,16,0.1,1,x*x*x,0,0.0,0.0
vanderpol_mu2,edmd_poly3,16,0.1,1,x*x*x,1,0.0,0.0
vanderpol_mu2,edmd_poly3,16,0.1,1,x*x*y,0,0.0,0.0
vanderpol_mu2,edmd_poly3,16,0.1,1,x*x*y,1,-2.0501750866364943,-2.0
vanderpol_mu2,edmd_poly3,16,0.1,1,x*y*y,0,0.0,0.0
vanderpol_mu2,edmd_poly3,16,0.1,1,x*y*y,1,0.0,0.0
vanderpol_mu2,edmd_poly3,16,0.1,1,y*y*y,0,0.0,0.0
vanderpol_mu2,edmd_poly3,16,0.1,1,y*y*y,1,0.0,0.0
vanderpol_mu2,tv_diff,16,0.1,1,1,0,0.0,0.0
vanderpol_mu2,tv_diff,16,0.1,1,1,1,0.0,0.0
vanderpol_mu2,tv_diff,16,0.1,1,x,0,0.0,0.0
vanderpol_mu2,tv_diff,16,0.1,1,x,1,-0.9500715509043393,-1.0
vanderpol_mu2,tv_diff,16,0.1,1,y,0,0.9768093882204247,1.0
vanderpol_mu2,tv_diff,16,0.1,1,y,1,1.8802018546359396,2.0
vanderpol_mu2,tv_diff,16,0.1,1,x*x,0,0.0,0.0
vanderpol_mu2,tv_diff,16,0.1,1,x*x,1,0.0,0.0
vanderpol_mu2,tv_diff,16,0.1,1,x*y,0,0.0,0.0
vanderpol_mu2,tv_diff,16,0.1,1,x*y,1,0.0,0.0
vanderpol_mu2,tv_diff,16,0.1,1,y*y,0,0.0,0.0
vanderpol_mu2,tv_diff,16,0.1,1,y*y,1,0.0,0.0
vanderpol_mu2,tv_diff,16,0.1,1,x*x*x,0,0.0,0.0
vanderpol_mu2,tv_diff,16,0.1,1,x*x*x,1,0.0,0.0
vanderpol_mu2,tv_diff,16,0.1,1,x*x*y,0,0.0,0.0
vanderpol_mu2,tv_diff,16,0.1,1,x*x*y,1,-1.8790066162250059,-2.0
vanderpol_mu2,tv_diff,16,0.1,1,x*y*y,0,0.0,0.0
vanderpol_mu2,tv_diff,16,0.1,1,x*y*y,1,0.0,0.0
vanderpol_mu2,tv_diff,16,0.1,1,y*y*y,0,0.0,0.0
vanderpol_mu2,tv_diff,16,0.1,1,y*y*y,1,0.0,0.0
vanderpol_mu2,baseline,16,0.1,2,1,0,0.0,0.0
vanderpol_mu2,baseline,16,0.1,2,1,1,0.0,0.0
vanderpol_mu2,baseline,16,0.1,2,x,0,0.0,0.0
vanderpol_mu2,baseline,16,0.1,2,x,1,-1.0895834527661212,-1.0
vanderpol_mu2,baseline,16,0.1,2,y,0,0.9716073675440592,1.0
vanderpol_mu2,baseline,16,0.1,2,y,1,1.811558211835778,2.0
vanderpol_mu2,baseline,16,0.1,2,x*x,0,0.0,0.0
vanderpol_mu2,baseline,16,0.1,2,x*x,1,0.0,0.0
vanderpol_mu2,baseline,16,0.1,2,x*y,0,0.0,0.0
vanderpol_mu2,baseline,16,0.1,2,x*y,1,0.0,0.0
vanderpol_mu2,baseline,16,0.1,2,y*y,0,0.0,0.0
vanderpol_mu2,baseline,16,0.1,2,y*y,1,0.0,0.0
vanderpol_mu2,baseline,16,0.1,2,x*x*x,0,0.0,0.0
vanderpol_mu2,baseline,16,0.1,2,x*x*x,1,0.0,0.0
vanderpol_mu2,baseline,16,0.1,2,x*x*y,0,0.0,0.0
vanderpol_mu2,baseline,16,0.1,2,x*x*y,1,-1.770053663196528,-2.0
vanderpol_mu2,baseline,16,0.1,2,x*y*y,0,0.0,0.0
vanderpol_mu2,baseline,16,0.1,2,x*y*y,1,0.0,0.0
vanderpol_mu2,baseline,16,0.1,2,y*y*y,0,0.0,0.0
vanderpol_mu2,baseline,16,0.1,2,y*y*y,1,0.0,0.0
vanderpol_mu2,edmd_poly3,16,0.1,2,1,0,0.0,0.0
vanderpol_mu2,edmd_poly3,16,0.1,2,1,1,0.0,0.0
vanderpol_mu2,edmd_poly3,16,0.1,2,x,0,0.0,0.0
vanderpol_mu2,edmd_poly3,16,0.1,2,x,1,-1.1232069594959575,-1.0
vanderpol_mu2,edmd_poly3,16,0.1,2,y,0,0.9858606383879139,1.0
vanderpol_mu2,edmd_poly3,16,0.1,2,y,1,2.0887691002961764,2.0
vanderpol_mu2,edmd_poly3,16,0.1,2,x*x,0,0.0,0.0
vanderpol_mu2,edmd_poly3,16,0.1,2,x*x,1,0.0,0.0
vanderpol_mu2,edmd_poly3,16,0.1,2,x*y,0,0.0,0.0
vanderpol_mu2,edmd_poly3,16,0.1,2,x*y,1,0.0,0.0
vanderpol_mu2,edmd_poly3,16,0.1,2,y*y,0,0.0,0.0
vanderpol_mu2,edmd_poly3,16,0.1,2,y*y,1,0.0,0.0
vanderpol_mu2,edmd_poly3,16,0.1,2,x*x*x,0,0.0,0.0
vanderpol_mu2,edmd_poly3,16,0.1,2,x*x*x,1,0.0,0.0
vanderpol_mu2,edmd_poly3,16,0.1,2,x*x*y,0,0.0,0.0
vanderpol_mu2,edmd_poly3,16,0.1,2,x*x*y,1,-2.0522037161067135,-2.0
vanderpol_mu2,edmd_poly3,16,0.1,2,x*y*y,0,0.0,0.0
vanderpol_mu2,edmd_poly3,16,0.1,2,x*y*y,1,0.0,0.0
vanderpol_mu2,edmd_poly3,16,0.1,2,y*y*y,0,0.0,0.0
vanderpol_mu2,edmd_poly3,16,0.1,2,y*y*y,1,0.0,0.0
vanderpol_mu2,tv_diff,16,0.1,2,1,0,0.0,0.0
vanderpol_mu2,tv_diff,16,0.1,2,1,1,0.0,0.0
vanderpol_mu2,tv_diff,16,0.1,2,x,0,0.0,0.0
vanderpol_mu2,tv_diff,16,0.1,2,x,1,-1.085921065370266,-1.0
vanderpol_mu2,tv_diff,16,0.1,2,y,0,0.9714045633926776,1.0
vanderpol_mu2,tv_diff,16,0.1,2,y,1,1.8918300732369284,2.0
vanderpol_mu2,tv_diff,16,0.1,2,x*x,0,0.0,0.0
vanderpol_mu2,tv_diff,16,0.1,2,x*x,1,0.0,0.0
vanderpol_mu2,tv_diff,16,0.1,2,x*y,0,0.0,0.0
vanderpol_mu2,tv_diff,16,0.1,2,x*y,1,0.0,0.0
vanderpol_mu2,tv_diff,16,0.1,2,y*y,0,0.0,0.0
vanderpol_mu2,tv_diff,16,0.1,2,y*y,1,0.0,0.0
vanderpol_mu2,tv_diff,16,0.1,2,x*x*x,0,0.0,0.0
vanderpol_mu2,tv_diff,16,0.1,2,x*x*x,1,0.0,0.0
vanderpol_mu2,tv_diff,16,0.1,2,x*x*y,0,0.0,0.0
vanderpol_mu2,tv_diff,16,0.1,2,x*x*y,1,-1.8982612706969995,-2.0
vanderpol_mu2,tv_diff,16,0.1,2,x*y*y,0,0.0,0.0
vanderpol_mu2,tv_diff,16,0.1,2,x*y*y,1,0.0,0.0
vanderpol_mu2,tv_diff,16,0.1,2,y*y*y,0,0.0,0.0
vanderpol_mu2,tv_diff,16,0.1,2,y*y*y,1,0.0,0.0
vanderpol_mu2,baseline,16,0.2,0,1,0,0.0,0.0
vanderpol_mu2,baseline,16,0.2,0,1,1,0.0,0.0
vanderpol_mu2,baseline,16,0.2,0,x,0,0.0,0.0
vanderpol_mu2,baseline,16,0.2,0,x,1,-0.9612378788818849,-1.0
vanderpol_mu2,baseline,16,0.2,0,y,0,0.9605504791378862,1.0
vanderpol_mu2,baseline,16,0.2,0,y,1,1.1953472212647729,2.0
vanderpol_mu2,baseline,16,0.2,0,x*x,0,0.0,0.0
vanderpol_mu2,baseline,16,0.2,0,x*x,1,0.0,0.0
vanderpol_mu2,baseline,16,0.2,0,x*y,0,0.0,0.0
vanderpol_mu2,baseline,16,0.2,0,x*y,1,0.0,0.0
vanderpol_mu2,baseline,16,0.2,0,y*y,0,0.0,0.0
vanderpol_mu2,baseline,16,0.2,0,y*y,1,0.0,0.0
vanderpol_mu2,baseline,16,0.2,0,x*x*x,0,0.0,0.0
vanderpol_mu2,baseline,16,0.2,0,x*x*x,1,0.0,0.0
vanderpol_mu2,baseline,16,0.2,0,x*x*y,0,0.0,0.0
vanderpol_mu2,baseline,16,0.2,0,x*x*y,1,-1.2055979409651114,-2.0
vanderpol_mu2,baseline,16,0.2,0,x*y*y,0,0.0,0.0
vanderpol_mu2,baseline,16,0.2,0,x*y*y,1,0.0,0.0
vanderpol_mu2,baseline,16,0.2,0,y*y*y,0,0.0,0.0
vanderpol_mu2,baseline,16,0.2,0,y*y*y,1,0.0,0.0
vanderpol_mu2,edmd_poly3,16,0.2,0,1,0,0.0,0.0
vanderpol_mu2,edmd_poly3,16,0.2,0,1,1,0.0,0.0
vanderpol_mu2,edmd_poly3,16,0.2,0,x,0,0.0,0.0
vanderpol_mu2,edmd_poly3,16,0.2,0,x,1,-1.0014152119266106,-1.0
vanderpol_mu2,edmd_poly3,16,0.2,0,y,0,1.002917835091022,1.0
vanderpol_mu2,edmd_poly3,16,0.2,0,y,1,1.6786632935768642,2.0
vanderpol_mu2,edmd_poly3,16,0.2,0,x*x,0,0.0,0.0
vanderpol_mu2,edmd_poly3,16,0.2,0,x*x,1,0.0,0.0
vanderpol_mu2,edmd_poly3,16,0.2,0,x*y,0,0.0,0.0
vanderpol_mu2,edmd_poly3,16,0.2,0,x*y,1,0.0,0.0
vanderpol_mu2,edmd_poly3,16,0.2,0,y*y,0,0.0,0.0
vanderpol_mu2,edmd_poly3,16,0.2,0,y*y,1,0.0,0.0
vanderpol_mu2,edmd_poly3,16,0.2,0,x*x*x,0,0.0,0.0
vanderpol_mu2,edmd_poly3,16,0.2,0,x*x*x,1,0.0,0.0
vanderpol_mu2,edmd_poly3,16,0.2,0,x*x*y,0,0.0,0.0
vanderpol_mu2,edmd_poly3,16,0.2,0,x*x*y,1,-1.7937873172263006,-2.0
vanderpol_mu2,edmd_poly3,16,0.2,0,x*y*y,0,0.0,0.0
vanderpol_mu2,edmd_poly3,16,0.2,0,x*y*y,1,0.0,0.0
vanderpol_mu2,edmd_poly3,16,0.2,0,y*y*y,0,0.0,0.0
vanderpol_mu2,edmd_poly3,16,0.2,0,y*y*y,1,0.0,0.0
vanderpol_mu2,tv_diff,16,0.2,0,1,0,0.0,0.0
vanderpol_mu2,tv_diff,16,0.2,0,1,1,0.0,0.0
vanderpol_mu2,tv_diff,16,0.2,0,x,0,0.0,0.0
vanderpol_mu2,tv_diff,16,0.2,0,x,1,-0.9758860104140958,-1.0
vanderpol_mu2,tv_diff,16,0.2,0,y,0,1.0111829442682856,1.0
vanderpol_mu2,tv_diff,16,0.2,0,y,1,1.450655868966159,2.0
vanderpol_mu2,tv_diff,16,0.2,0,x*x,0,0.0,0.0
vanderpol_mu2,tv_diff,16,0.2,0,x*x,1,0.0,0.0
vanderpol_mu2,tv_diff,16,0.2,0,x*y,0,0.0,0.0
vanderpol_mu2,tv_diff,16,0.2,0,x*y,1,0.0,0.0
vanderpol_mu2,tv_diff,16,0.2,0,y*y,0,0.0,0.0
vanderpol_mu2,tv_diff,16,0.2,0,y*y,1,0.0,0.0
vanderpol_mu2,tv_diff,16,0.2,0,x*x*x,0,0.0,0.0
vanderpol_mu2,tv_diff,16,0.2,0,x*x*x,1,0.0,0.0
vanderpol_mu2,tv_diff,16,0.2,0,x*x*y,0,0.0,0.0
vanderpol_mu2,tv_diff,16,0.2,0,x*x*y,1,-1.5851288223700255,-2.0
vanderpol_mu2,tv_diff,16,0.2,0,x*y*y,0,0.0,0.0
vanderpol_mu2,tv_diff,16,0.2,0,x*y*y,1,0.0,0.0
vanderpol_mu2,tv_diff,16,0.2,0,y*y*y,0,0.0,0.0
vanderpol_mu2,tv_diff,16,0.2,0,y*y*y,1,0.0,0.0
vanderpol_mu2,baseline,16,0.1,3,1,0,0.0,0.0
vanderpol_mu2,baseline,16,0.1,3,1,1,0.0,0.0
vanderpol_mu2,baseline,16,0.1,3,x,0,0.0,0.0
vanderpol_mu2,baseline,16,0.1,3,x,1,-0.9649864886688994,-1.0
vanderpol_mu2,baseline,16,0.1,3,y,0,0.9759634937797791,1.0
vanderpol_mu2,baseline,16,0.1,3,y,1,1.8029623197904665,2.0
vanderpol_mu2,baseline,16,0.1,3,x*x,0,0.0,0.0
vanderpol_mu2,baseline,16,0.1,3,x*x,1,0.0,0.0
vanderpol_mu2,baseline,16,0.1,3,x*y,0,0.0,0.0
vanderpol_mu2,baseline,16,0.1,3,x*y,1,0.0,0.0
vanderpol_mu2,baseline,16,0.1,3,y*y,0,0.0,0.0
vanderpol_mu2,baseline,16,0.1,3,y*y,1,0.0,0.0
vanderpol_mu2,baseline,16,0.1,3,x*x*x,0,0.0,0.0
vanderpol_mu2,baseline,16,0.1,3,x*x*x,1,0.0,0.0
vanderpol_mu2,baseline,16,0.1,3,x*x*y,0,0.0,0.0
vanderpol_mu2,baseline,16,0.1,3,x*x*y,1,-1.8119429356360446,-2.0
vanderpol_mu2,baseline,16,0.1,3,x*y*y,0,0.0,0.0
vanderpol_mu2,baseline,16,0.1,3,x*y*y,1,0.0,0.0
vanderpol_mu2,baseline,16,0.1,3,y*y*y,0,0.0,0.0
vanderpol_mu2,baseline,16,0.1,3,y*y*y,1,0.0,0.0
vanderpol_mu2,edmd_poly3,16,0.1,3,1,0,0.0,0.0
vanderpol_mu2,edmd_poly3,16,0.1,3,1,1,0.0,0.0
vanderpol_mu2,edmd_poly3,16,0.1,3,x,0,0.0,0.0
vanderpol_mu2,edmd_poly3,16,0.1,3,x,1,-0.9814295976389602,-1.0
vanderpol_mu2,edmd_poly3,16,0.1,3,y,0,0.9877200267559857,1.0
vanderpol_mu2,edmd_poly3,16,0.1,3,y,1,2.0366533868033008,2.0
vanderpol_mu2,edmd_poly3,16,0.1,3,x*x,0,0.0,0.0
vanderpol_mu2,edmd_poly3,16,0.1,3,x*x,1,0.0,0.0
vanderpol_mu2,edmd_poly3,16,0.1,3,x*y,0,0.0,0.0
vanderpol_mu2,edmd_poly3,16,0.1,3,x*y,1,0.0,0.0
vanderpol_mu2,edmd_poly3,16,0.1,3,y*y,0,0.0,0.0
vanderpol_mu2,edmd_poly3,16,0.1,3,y*y,1,0.0,0.0
vanderpol_mu2,edmd_poly3,16,0.1,3,x*x*x,0,0.0,0.0
vanderpol_mu2,edmd_poly3,16,0.1,3,x*x*x,1,0.0,0.0
vanderpol_mu2,edmd_poly3,16,0.1,3,x*x*y,0,0.0,0.0
vanderpol_mu2,edmd_poly3,16,0.1,3,x*x*y,1,-2.0767589324522384,-2.0
vanderpol_mu2,edmd_poly3,16,0.1,3,x*y*y,0,0.0,0.0
vanderpol_mu2,edmd_poly3,16,0.1,3,x*y*y,1,0.0,0.0
vanderpol_mu2,edmd_poly3,16,0.1,3,y*y*y,0,0.0,0.0
vanderpol_mu2,edmd_poly3,16,0.1,3,y*y*y,1,0.0,0.0
vanderpol_mu2,tv_diff,16,0.1,3,1,0,0.0,0.0
vanderpol_mu2,tv_diff,16,0.1,3,1,1,0.0,0.0
vanderpol_mu2,tv_diff,16,0.1,3,x,0,0.0,0.0
vanderpol_mu2,tv_diff,16,0.1,3,x,1,-0.9799846676430063,-1.0
vanderpol_mu2,tv_diff,16,0.1,3,y,0,0.9804411610288469,1.0
vanderpol_mu2,tv_diff,16,0.1,3,y,1,1.8864114052953787,2.0
vanderpol_mu2,tv_diff,16,0.1,3,x*x,0,0.0,0.0
vanderpol_mu2,tv_diff,16,0.1,3,x*x,1,0.0,0.0
vanderpol_mu2,tv_diff,16,0.1,3,x*y,0,0.0,0.0
vanderpol_mu2,tv_diff,16,0.1,3,x*y,1,0.0,0.0
vanderpol_mu2,tv_diff,16,0.1,3,y*y,0,0.0,0.0
vanderpol_mu2,tv_diff,16,0.1,3,y*y,1,0.0,0.0
vanderpol_mu2,tv_diff,16,0.1,3,x*x*x,0,0.0,0.0
vanderpol_mu2,tv_diff,16,0.1,3,x*x*x,1,0.0,0.0
vanderpol_mu2,tv_diff,16,0.1,3,x*x*y,0,0.0,0.0
vanderpol_mu2,tv_diff,16,0.1,3,x*x*y,1,-1.9403123974525438,-2.0
vanderpol_mu2,tv_diff,16,0.1,3,x*y*y,0,0.0,0.0
vanderpol_mu2,tv_diff,16,0.1,3,x*y*y,1,0.0,0.0
vanderpol_mu2,tv_diff,16,0.1,3,y*y*y,0,0.0,0.0
vanderpol_mu2,tv_diff,16,0.1,3,y*y*y,1,0.0,0.0
vanderpol_mu2,baseline,16,0.1,4,1,0,0.0,0.0
vanderpol_mu2,baseline,16,0.1,4,1,1,0.0,0.0
vanderpol_mu2,baseline,16,0.1,4,x,0,0.0,0.0
vanderpol_mu2,baseline,16,0.1,4,x,1,-1.0064634991725898,-1.0
vanderpol_mu2,baseline,16,0.1,4,y,0,0.9959207288942638,1.0
vanderpol_mu2,baseline,16,0.1,4,y,1,1.7183766851725095,2.0
vanderpol_mu2,baseline,16,0.1,4,x*x,0,0.0,0.0
vanderpol_mu2,baseline,16,0.1,4,x*x,1,0.0,0.0
vanderpol_mu2,baseline,16,0.1,4,x*y,0,0.0,0.0
vanderpol_mu2,baseline,16,0.1,4,x*y,1,0.0,0.0
vanderpol_mu2,baseline,16,0.1,4,y*y,0,0.0,0.0
vanderpol_mu2,baseline,16,0.1,4,y*y,1,0.0,0.0
vanderpol_mu2,baseline,16,0.1,4,x*x*x,0,0.0,0.0
vanderpol_mu2,baseline,16,0.1,4,x*x*x,1,0.0,0.0
vanderpol_mu2,baseline,16,0.1,4,x*x*y,0,0.0,0.0
vanderpol_mu2,baseline,16,0.1,4,x*x*y,1,-1.7894988029380074,-2.0
vanderpol_mu2,baseline,16,0.1,4,x*y*y,0,0.0,0.0
vanderpol_mu2,baseline,16,0.1,4,x*y*y,1,0.0,0.0
vanderpol_mu2,baseline,16,0.1,4,y*y*y,0,0.0,0.0
vanderpol_mu2,baseline,16,0.1,4,y*y*y,1,0.0,0.0
vanderpol_mu2,edmd_poly3,16,0.1,4,1,0,0.0,0.0
vanderpol_mu2,edmd_poly3,16,0.1,4,1,1,0.0,0.0
vanderpol_mu2,edmd_poly3,16,0.1,4,x,0,0.0,0.0
vanderpol_mu2,edmd_poly3,16,0.1,4,x,1,-1.0208242994186432,-1.0
vanderpol_mu2,edmd_poly3,16,0.1,4,y,0,1.0086581505335646,1.0
vanderpol_mu2,edmd_poly3,16,0.1,4,y,1,1.9747232213933432,2.0
vanderpol_mu2,edmd_poly3,16,0.1,4,x*x,0,0.0,0.0
vanderpol_mu2,edmd_poly3,16,0.1,4,x*x,1,0.0,0.0
vanderpol_mu2,edmd_poly3,16,0.1,4,x*y,0,0.0,0.0
vanderpol_mu2,edmd_poly3,16,0.1,4,x*y,1,0.0,0.0
vanderpol_mu2,edmd_poly3,16,0.1,4,y*y,0,0.0,0.0
vanderpol_mu2,edmd_poly3,16,0.1,4,y*y,1,0.0,0.0
vanderpol_mu2,edmd_poly3,16,0.1,4,x*x*x,0,0.0,0.0
vanderpol_mu2,edmd_poly3,16,0.1,4,x*x*x,1,0.0,0.0
vanderpol_mu2,edmd_poly3,16,0.1,4,x*x*y,0,0.0,0.0
vanderpol_mu2,edmd_poly3,16,0.1,4,x*x*y,1,-2.097355401002838,-2.0
vanderpol_mu2,edmd_poly3,16,0.1,4,x*y*y,0,0.0,0.0
vanderpol_mu2,edmd_poly3,16,0.1,4,x*y*y,1,0.0,0.0
vanderpol_mu2,edmd_poly3,16,0.1,4,y*y*y,0,0.0,0.0
vanderpol_mu2,edmd_poly3,16,0.1,4,y*y*y,1,0.0,0.0
vanderpol_mu2,tv_diff,16,0.1,4,1,0,0.0,0.0
vanderpol_mu2,tv_diff,16,0.1,4,1,1,0.0,0.0
vanderpol_mu2,tv_diff,16,0.1,4,x,0,0.0,0.0
vanderpol_mu2,tv_diff,16,0.1,4,x,1,-1.0120442288827702,-1.0
vanderpol_mu2,tv_diff,16,0.1,4,y,0,0.9963466658510314,1.0
vanderpol_mu2,tv_diff,16,0.1,4,y,1,1.7789014769146756,2.0
vanderpol_mu2,tv_diff,16,0.1,4,x*x,0,0.0,0.0
vanderpol_mu2,tv_diff,16,0.1,4,x*x,1,0.0,0.0
vanderpol_mu2,tv_diff,16,0.1,4,x*y,0,0.0,0.0
vanderpol_mu2,tv_diff,16,0.1,4,x*y,1,0.0,0.0
vanderpol_mu2,tv_diff,16,0.1,4,y*y,0,0.0,0.0
vanderpol_mu2,tv_diff,16,0.1,4,y*y,1,0.0,0.0
vanderpol_mu2,tv_diff,16,0.1,4,x*x*x,0,0.0,0.0
vanderpol_mu2,tv_diff,16,0.1,4,x*x*x,1,0.0,0.0
vanderpol_mu2,tv_diff,16,0.1,4,x*x*y,0,0.0,0.0
vanderpol_mu2,tv_diff,16,0.1,4,x*x*y,1,-1.9083241077088855,-2.0
vanderpol_mu2,tv_diff,16,0.1,4,x*y*y,0,0.0,0.0
vanderpol_mu2,tv_diff,16,0.1,4,x*y*y,1,0.0,0.0
vanderpol_mu2,tv_diff,16,0.1,4,y*y*y,0,0.0,0.0
vanderpol_mu2,tv_diff,16,0.1,4,y*y*y,1,0.0,0.0
vanderpol_mu2,baseline,16,0.2,1,1,0,0.0,0.0
vanderpol_mu2,baseline,16,0.2,1,1,1,0.0,0.0
vanderpol_mu2,baseline,16,0.2,1,x,0,0.0,0.0
vanderpol_mu2,baseline,16,0.2,1,x,1,-0.9003945734234141,-1.0
vanderpol_mu2,baseline,16,0.2,1,y,0,0.9418053543215971,1.0
vanderpol_mu2,baseline,16,0.2,1,y,1,1.5208139844959303,2.0
vanderpol_mu2,baseline,16,0.2,1,x*x,0,0.0,0.0
vanderpol_mu2,baseline,16,0.2,1,x*x,1,0.0,0.0
vanderpol_mu2,baseline,16,0.2,1,x*y,0,0.0,0.0
vanderpol_mu2,baseline,16,0.2,1,x*y,1,0.0,0.0
vanderpol_mu2,baseline,16,0.2,1,y*y,0,0.0,0.0
vanderpol_mu2,baseline,16,0.2,1,y*y,1,0.0,0.0
vanderpol_mu2,baseline,16,0.2,1,x*x*x,0,0.0,0.0
vanderpol_mu2,baseline,16,0.2,1,x*x*x,1,0.0,0.0
vanderpol_mu2,baseline,16,0.2,1,x*x*y,0,0.0,0.0
vanderpol_mu2,baseline,16,0.2,1,x*x*y,1,-1.3577748583553313,-2.0
vanderpol_mu2,baseline,16,0.2,1,x*y*y,0,0.0,0.0
vanderpol_mu2,baseline,16,0.2,1,x*y*y,1,0.0,0.0
vanderpol_mu2,baseline,16,0.2,1,y*y*y,0,0.0,0.0
vanderpol_mu2,baseline,16,0.2,1,y*y*y,1,0.0,0.0
vanderpol_mu2,edmd_poly3,16,0.2,1,1,0,0.0,0.0
vanderpol_mu2,edmd_poly3,16,0.2,1,1,1,0.0,0.0
vanderpol_mu2,edmd_poly3,16,0.2,1,x,0,0.0,0.0
vanderpol_mu2,edmd_poly3,16,0.2,1,x,1,-0.953939057364506,-1.0
vanderpol_mu2,edmd_poly3,16,0.2,1,y,0,0.9775771574923273,1.0
vanderpol_mu2,edmd_poly3,16,0.2,1,y,1,1.9283902998831937,2.0
vanderpol_mu2,edmd_poly3,16,0.2,1,x*x,0,0.0,0.0
vanderpol_mu2,edmd_poly3,16,0.2,1,x*x,1,0.0,0.0
vanderpol_mu2,edmd_poly3,16,0.2,1,x*y,0,0.0,0.0
vanderpol_mu2,edmd_poly3,16,0.2,1,x*y,1,0.0,0.0
vanderpol_mu2,edmd_poly3,16,0.2,1,y*y,0,0.0,0.0
vanderpol_mu2,edmd_poly3,16,0.2,1,y*y,1,0.0,0.0
vanderpol_mu2,edmd_poly3,16,0.2,1,x*x*x,0,0.0,0.0
vanderpol_mu2,edmd_poly3,16,0.2,1,x*x*x,1,0.0,0.0
vanderpol_mu2,edmd_poly3,16,0.2,1,x*x*y,0,0.0,0.0
vanderpol_mu2,edmd_poly3,16,0.2,1,x*x*y,1,-1.830042598744919,-2.0
vanderpol_mu2,edmd_poly3,16,0.2,1,x*y*y,0,0.0,0.0
vanderpol_mu2,edmd_poly3,16,0.2,1,x*y*y,1,0.0,0.0
vanderpol_mu2,edmd_poly3,16,0.2,1,y*y*y,0,0.0,0.0
vanderpol_mu2,edmd_poly3,16,0.2,1,y*y*y,1,0.0,0.0
vanderpol_mu2,tv_diff,16,0.2,1,1,0,0.0,0.0
vanderpol_mu2,tv_diff,16,0.2,1,1,1,0.0,0.0
vanderpol_mu2,tv_diff,16,0.2,1,x,0,0.0,0.0
vanderpol_mu2,tv_diff,16,0.2,1,x,1,-0.957039618114819,-1.0
vanderpol_mu2,tv_diff,16,0.2,1,y,0,0.986988168118814,1.0
vanderpol_mu2,tv_diff,16,0.2,1,y,1,1.6487632841572,2.0
vanderpol_mu2,tv_diff,16,0.2,1,x*x,0,0.0,0.0
vanderpol_mu2,tv_diff,16,0.2,1,x*x,1,0.0,0.0
vanderpol_mu2,tv_diff,16,0.2,1,x*y,0,0.0,0.0
vanderpol_mu2,tv_diff,16,0.2,1,x*y,1,0.0,0.0
vanderpol_mu2,tv_diff,16,0.2,1,y*y,0,0.0,0.0
vanderpol_mu2,tv_diff,16,0.2,1,y*y,1,0.0,0.0
vanderpol_mu2,tv_diff,16,0.2,1,x*x*x,0,0.0,0.0
vanderpol_mu2,tv_diff,16,0.2,1,x*x*x,1,0.0,0.0
vanderpol_mu2,tv_diff,16,0.2,1,x*x*y,0,0.0,0.0
vanderpol_mu2,tv_diff,16,0.2,1,x*x*y,1,-1.6068275564192214,-2.0
vanderpol_mu2,tv_diff,16,0.2,1,x*y*y,0,0.0,0.0
vanderpol_mu2,tv_diff,16,0.2,1,x*y*y,1,0.0,0.0
vanderpol_mu2,tv_diff,16,0.2,1,y*y*y,0,0.0,0.0
vanderpol_mu2,tv_diff,16,0.2,1,y*y*y,1,0.0,0.0
vanderpol_mu2,baseline,16,0.2,3,1,0,0.0,0.0
vanderpol_mu2,baseline,16,0.2,3,1,1,0.0,0.0
vanderpol_mu2,baseline,16,0.2,3,x,0,0.0,0.0
vanderpol_mu2,baseline,16,0.2,3,x,1,-0.8955228861525404,-1.0
vanderpol_mu2,baseline,16,0.2,3,y,0,0.9870705024054487,1.0
vanderpol_mu2,baseline,16,0.2,3,y,1,0.0,2.0
vanderpol_mu2,baseline,16,0.2,3,x*x,0,0.0,0.0
vanderpol_mu2,baseline,16,0.2,3,x*x,1,0.0,0.0
vanderpol_mu2,baseline,16,0.2,3,x*y,0,0.0,0.0
vanderpol_mu2,baseline,16,0.2,3,x*y,1,0.0,0.0
vanderpol_mu2,baseline,16,0.2,3,y*y,0,0.0,0.0
vanderpol_mu2,baseline,16,0.2,3,y*y,1,0.0,0.0
vanderpol_mu2,baseline,16,0.2,3,x*x*x,0,0.0,0.0
vanderpol_mu2,baseline,16,0.2,3,x*x*x,1,0.0,0.0
vanderpol_mu2,baseline,16,0.2,3,x*x*y,0,0.0,0.0
vanderpol_mu2,baseline,16,0.2,3,x*x*y,1,-0.561375148687651,-2.0
vanderpol_mu2,baseline,16,0.2,3,x*y*y,0,0.0,0.0
vanderpol_mu2,baseline,16,0.2,3,x*y*y,1,0.0,0.0
vanderpol_mu2,baseline,16,0.2,3,y*y*y,0,0.0,0.0
vanderpol_mu2,baseline,16,0.2,3,y*y*y,1,0.0,0.0
vanderpol_mu2,edmd_poly3,16,0.2,3,1,0,0.0,0.0
vanderpol_mu2,edmd_poly3,16,0.2,3,1,1,0.0,0.0
vanderpol_mu2,edmd_poly3,16,0.2,3,x,0,0.0,0.0
vanderpol_mu2,edmd_poly3,16,0.2,3,x,1,-0.9037511631168396,-1.0
vanderpol_mu2,edmd_poly3,16,0.2,3,y,0,1.0126939533911334,1.0
vanderpol_mu2,edmd_poly3,16,0.2,3,y,1,2.323564384066198,2.0
vanderpol_mu2,edmd_poly3,16,0.2,3,x*x,0,0.0,0.0
vanderpol_mu2,edmd_poly3,16,0.2,3,x*x,1,0.0,0.0
vanderpol_mu2,edmd_poly3,16,0.2,3,x*y,0,0.0,0.0
vanderpol_mu2,edmd_poly3,16,0.2,3,x*y,1,0.0,0.0
vanderpol_mu2,edmd_poly3,16,0.2,3,y*y,0,0.0,0.0
vanderpol_mu2,edmd_poly3,16,0.2,3,y*y,1,0.0,0.0
vanderpol_mu2,edmd_poly3,16,0.2,3,x*x*x,0,0.0,0.0
vanderpol_mu2,edmd_poly3,16,0.2,3,x*x*x,1,0.0,0.0
vanderpol_mu2,edmd_poly3,16,0.2,3,x*x*y,0,0.0,0.0
vanderpol_mu2,edmd_poly3,16,0.2,3,x*x*y,1,-1.8892119657040356,-2.0
vanderpol_mu2,edmd_poly3,16,0.2,3,x*y*y,0,0.0,0.0
vanderpol_mu2,edmd_poly3,16,0.2,3,x*y*y,1,0.0,0.0
vanderpol_mu2,edmd_poly3,16,0.2,3,y*y*y,0,0.0,0.0
vanderpol_mu2,edmd_poly3,16,0.2,3,y*y*y,1,0.0,0.0
vanderpol_mu2,tv_diff,16,0.2,3,1,0,0.0,0.0
vanderpol_mu2,tv_diff,16,0.2,3,1,1,0.0,0.0
vanderpol_mu2,tv_diff,16,0.2,3,x,0,0.0,0.0
vanderpol_mu2,tv_diff,16,0.2,3,x,1,-0.8644793106422092,-1.0
vanderpol_mu2,tv_diff,16,0.2,3,y,0,0.9902541234201819,1.0
vanderpol_mu2,tv_diff,16,0.2,3,y,1,1.926897463290369,2.0
vanderpol_mu2,tv_diff,16,0.2,3,x*x,0,0.0,0.0
vanderpol_mu2,tv_diff,16,0.2,3,x*x,1,0.0,0.0
vanderpol_mu2,tv_diff,16,0.2,3,x*y,0,0.0,0.0
vanderpol_mu2,tv_diff,16,0.2,3,x*y,1,0.0,0.0
vanderpol_mu2,tv_diff,16,0.2,3,y*y,0,0.0,0.0
vanderpol_mu2,tv_diff,16,0.2,3,y*y,1,0.0,0.0
vanderpol_mu2,tv_diff,16,0.2,3,x*x*x,0,0.0,0.0
vanderpol_mu2,tv_diff,16,0.2,3,x*x*x,1,0.0,0.0
vanderpol_mu2,tv_diff,16,0.2,3,x*x*y,0,0.0,0.0
vanderpol_mu2,tv_diff,16,0.2,3,x*x*y,1,-1.6342244830011599,-2.0
vanderpol_mu2,tv_diff,16,0.2,3,x*y*y,0,0.0,0.0
vanderpol_mu2,tv_diff,16,0.2,3,x*y*y,1,0.0,0.0
vanderpol_mu2,tv_diff,16,0.2,3,y*y*y,0,0.0,0.0
vanderpol_mu2,tv_diff,16,0.2,3,y*y*y,1,0.0,0.0
vanderpol_mu2,baseline,16,0.2,2,1,0,0.0,0.0
vanderpol_mu2,baseline,16,0.2,2,1,1,0.0,0.0
vanderpol_mu2,baseline,16,0.2,2,x,0,0.0,0.0
vanderpol_mu2,baseline,16,0.2,2,x,1,-0.8958436747422406,-1.0
vanderpol_mu2,baseline,16,0.2,2,y,0,0.9697471250295739,1.0
vanderpol_mu2,baseline,16,0.2,2,y,1,1.5208662844252934,2.0
vanderpol_mu2,baseline,16,0.2,2,x*x,0,0.0,0.0
vanderpol_mu2,baseline,16,0.2,2,x*x,1,0.0,0.0
vanderpol_mu2,baseline,16,0.2,2,x*y,0,0.0,0.0
vanderpol_mu2,baseline,16,0.2,2,x*y,1,0.0,0.0
vanderpol_mu2,baseline,16,0.2,2,y*y,0,0.0,0.0
vanderpol_mu2,baseline,16,0.2,2,y*y,1,0.0,0.0
vanderpol_mu2,baseline,16,0.2,2,x*x*x,0,0.0,0.0
vanderpol_mu2,baseline,16,0.2,2,x*x*x,1,0.0,0.0
vanderpol_mu2,baseline,16,0.2,2,x*x*y,0,0.0,0.0
vanderpol_mu2,baseline,16,0.2,2,x*x*y,1,-1.2948786593875026,-2.0
vanderpol_mu2,baseline,16,0.2,2,x*y*y,0,0.0,0.0
vanderpol_mu2,baseline,16,0.2,2,x*y*y,1,0.0,0.0
vanderpol_mu2,baseline,16,0.2,2,y*y*y,0,0.0,0.0
vanderpol_mu2,baseline,16,0.2,2,y*y*y,1,0.0,0.0
vanderpol_mu2,edmd_poly3,16,0.2,2,1,0,0.0,0.0
vanderpol_mu2,edmd_poly3,16,0.2,2,1,1,0.0,0.0
vanderpol_mu2,edmd_poly3,16,0.2,2,x,0,0.0,0.0
vanderpol_mu2,edmd_poly3,16,0.2,2,x,1,-1.0378678674907904,-1.0
vanderpol_mu2,edmd_poly3,16,0.2,2,y,0,1.011488179418269,1.0
vanderpol_mu2,edmd_poly3,16,0.2,2,y,1,2.1025249675666013,2.0
vanderpol_mu2,edmd_poly3,16,0.2,2,x*x,0,0.0,0.0
vanderpol_mu2,edmd_poly3,16,0.2,2,x*x,1,0.0,0.0
vanderpol_mu2,edmd_poly3,16,0.2,2,x*y,0,0.0,0.0
vanderpol_mu2,edmd_poly3,16,0.2,2,x*y,1,0.0,0.0
vanderpol_mu2,edmd_poly3,16,0.2,2,y*y,0,0.0,0.0
vanderpol_mu2,edmd_poly3,16,0.2,2,y*y,1,0.0,0.0
vanderpol_mu2,edmd_poly3,16,0.2,2,x*x*x,0,0.0,0.0
vanderpol_mu2,edmd_poly3,16,0.2,2,x*x*x,1,0.0,0.0
vanderpol_mu2,edmd_poly3,16,0.2,2,x*x*y,0,0.0,0.0
vanderpol_mu2,edmd_poly3,16,0.2,2,x*x*y,1,-1.963878328696357,-2.0
vanderpol_mu2,edmd_poly3,16,0.2,2,x*y*y,0,0.0,0.0
vanderpol_mu2,edmd_poly3,16,0.2,2,x*y*y,1,0.0,0.0
vanderpol_mu2,edmd_poly3,16,0.2,2,y*y*y,0,0.0,0.0
vanderpol_mu2,edmd_poly3,16,0.2,2,y*y*y,1,0.0,0.0
vanderpol_mu2,tv_diff,16,0.2,2,1,0,0.0,0.0
vanderpol_mu2,tv_diff,16,0.2,2,1,1,0.0,0.0
vanderpol_mu2,tv_diff,16,0.2,2,x,0,0.0,0.0
vanderpol_mu2,tv_diff,16,0.2,2,x,1,-0.9305470154006033,-1.0
vanderpol_mu2,tv_diff,16,0.2,2,y,0,0.971311230524656,1.0
vanderpol_mu2,tv_diff,16,0.2,2,y,1,1.6468136109913398,2.0
vanderpol_mu2,tv_diff,16,0.2,2,x*x,0,0.0,0.0
vanderpol_mu2,tv_diff,16,0.2,2,x*x,1,0.0,0.0
vanderpol_mu2,tv_diff,16,0.2,2,x*y,0,0.0,0.0
vanderpol_mu2,tv_diff,16,0.2,2,x*y,1,0.0,0.0
vanderpol_mu2,tv_diff,16,0.2,2,y*y,0,0.0,0.0
vanderpol_mu2,tv_diff,16,0.2,2,y*y,1,0.0,0.0
vanderpol_mu2,tv_diff,16,0.2,2,x*x*x,0,0.0,0.0
vanderpol_mu2,tv_diff,16,0.2,2,x*x*x,1,0.0,0.0
vanderpol_mu2,tv_diff,16,0.2,2,x*x*y,0,0.0,0.0
vanderpol_mu2,tv_diff,16,0.2,2,x*x*y,1,-1.670791178733094,-2.0
vanderpol_mu2,tv_diff,16,0.2,2,x*y*y,0,0.0,0.0
vanderpol_mu2,tv_diff,16,0.2,2,x*y*y,1,0.0,0.0
vanderpol_mu2,tv_diff,16,0.2,2,y*y*y,0,0.0,0.0
vanderpol_mu2,tv_diff,16,0.2,2,y*y*y,1,0.0,0.0
vanderpol_mu2,baseline,16,0.2,4,1,0,0.0,0.0
vanderpol_mu2,baseline,16,0.2,4,1,1,0.0,0.0
vanderpol_mu2,baseline,16,0.2,4,x,0,0.0,0.0
vanderpol_mu2,baseline,16,0.2,4,x,1,-0.2331729516427788,-1.0
vanderpol_mu2,baseline,16,0.2,4,y,0,0.9959025631701833,1.0
vanderpol_mu2,baseline,16,0.2,4,y,1,1.588006641331485,2.0
vanderpol_mu2,baseline,16,0.2,4,x*x,0,0.0,0.0
vanderpol_mu2,baseline,16,0.2,4,x*x,1,0.0,0.0
vanderpol_mu2,baseline,16,0.2,4,x*y,0,0.0,0.0
vanderpol_mu2,baseline,16,0.2,4,x*y,1,0.0,0.0
vanderpol_mu2,baseline,16,0.2,4,y*y,0,0.0,0.0
vanderpol_mu2,baseline,16,0.2,4,y*y,1,0.0,0.0
vanderpol_mu2,baseline,16,0.2,4,x*x*x,0,0.0,0.0
vanderpol_mu2,baseline,16,0.2,4,x*x*x,1,-0.15630756066564233,0.0
vanderpol_mu2,baseline,16,0.2,4,x*x*y,0,0.0,0.0
vanderpol_mu2,baseline,16,0.2,4,x*x*y,1,-1.1177461175707284,-2.0
vanderpol_mu2,baseline,16,0.2,4,x*y*y,0,0.0,0.0
vanderpol_mu2,baseline,16,0.2,4,x*y*y,1,-0.2807428477694531,0.0
vanderpol_mu2,baseline,16,0.2,4,y*y*y,0,0.0,0.0
vanderpol_mu2,baseline,16,0.2,4,y*y*y,1,0.0,0.0
vanderpol_mu2,edmd_poly3,16,0.2,4,1,0,0.0,0.0
vanderpol_mu2,edmd_poly3,16,0.2,4,1,1,0.0,0.0
vanderpol_mu2,edmd_poly3,16,0.2,4,x,0,0.0,0.0
vanderpol_mu2,edmd_poly3,16,0.2,4,x,1,-1.1516664590238468,-1.0
vanderpol_mu2,edmd_poly3,16,0.2,4,y,0,0.0,1.0
vanderpol_mu2,edmd_poly3,16,0.2,4,y,1,1.8110034126879635,2.0
vanderpol_mu2,edmd_poly3,16,0.2,4,x*x,0,0.0,0.0
vanderpol_mu2,edmd_poly3,16,0.2,4,x*x,1,0.0,0.0
vanderpol_mu2,edmd_poly3,16,0.2,4,x*y,0,0.0,0.0
vanderpol_mu2,edmd_poly3,16,0.2,4,x*y,1,0.0,0.0
vanderpol_mu2,edmd_poly3,16,0.2,4,y*y,0,0.0,0.0
vanderpol_mu2,edmd_poly3,16,0.2,4,y*y,1,0.0,0.0
vanderpol_mu2,edmd_poly3,16,0.2,4,x*x*x,0,0.0,0.0
vanderpol_mu2,edmd_poly3,16,0.2,4,x*x*x,1,0.0,0.0
vanderpol_mu2,edmd_poly3,16,0.2,4,x*x*y,0,0.0,0.0
vanderpol_mu2,edmd_poly3,16,0.2,4,x*x*y,1,-1.8801546317207198,-2.0
vanderpol_mu2,edmd_poly3,16,0.2,4,x*y*y,0,0.0,0.0
vanderpol_mu2,edmd_poly3,16,0.2,4,x*y*y,1,0.0,0.0
vanderpol_mu2,edmd_poly3,16,0.2,4,y*y*y,0,0.0,0.0
vanderpol_mu2,edmd_poly3,16,0.2,4,y*y*y,1,0.0,0.0
vanderpol_mu2,tv_diff,16,0.2,4,1,0,0.0,0.0
vanderpol_mu2,tv_diff,16,0.2,4,1,1,0.0,0.0
vanderpol_mu2,tv_diff,16,0.2,4,x,0,0.0,0.0
vanderpol_mu2,tv_diff,16,0.2,4,x,1,0.0,-1.0
vanderpol_mu2,tv_diff,16,0.2,4,y,0,0.9995255053987674,1.0
vanderpol_mu2,tv_diff,16,0.2,4,y,1,2.0026893282840645,2.0
vanderpol_mu2,tv_diff,16,0.2,4,x*x,0,0.0,0.0
vanderpol_mu2,tv_diff,16,0.2,4,x*x,1,0.0,0.0
vanderpol_mu2,tv_diff,16,0.2,4,x*y,0,0.0,0.0
vanderpol_mu2,tv_diff,16,0.2,4,x*y,1,0.0,0.0
vanderpol_mu2,tv_diff,16,0.2,4,y*y,0,0.0,0.0
vanderpol_mu2,tv_diff,16,0.2,4,y*y,1,0.0,0.0
vanderpol_mu2,tv_diff,16,0.2,4,x*x*x,0,0.0,0.0
vanderpol_mu2,tv_diff,16,0.2,4,x*x*x,1,0.0,0.0
vanderpol_mu2,tv_diff,16,0.2,4,x*x*y,0,0.0,0.0
vanderpol_mu2,tv_diff,16,0.2,4,x*x*y,1,-1.2019678291714389,-2.0
vanderpol_mu2,tv_diff,16,0.2,4,x*y*y,0,0.0,0.0
vanderpol_mu2,tv_diff,16,0.2,4,x*y*y,1,-0.5005115411675362,0.0
vanderpol_mu2,tv_diff,16,0.2,4,y*y*y,0,0.0,0.0
vanderpol_mu2,tv_diff,16,0.2,4,y*y*y,1,0.0,0.0
vanderpol_mu2,baseline,16,0.5,0,1,0,0.0,0.0
vanderpol_mu2,baseline,16,0.5,0,1,1,0.0,0.0
vanderpol_mu2,baseline,16,0.5,0,x,0,0.0,0.0
vanderpol_mu2,baseline,16,0.5,0,x,1,-0.7809069626908749,-1.0
vanderpol_mu2,baseline,16,0.5,0,y,0,0.0,1.0
vanderpol_mu2,baseline,16,0.5,0,y,1,0.675294727619673,2.0
vanderpol_mu2,baseline,16,0.5,0,x*x,0,0.0,0.0
vanderpol_mu2,baseline,16,0.5,0,x*x,1,0.0,0.0
vanderpol_mu2,baseline,16,0.5,0,x*y,0,0.0,0.0
vanderpol_mu2,baseline,16,0.5,0,x*y,1,0.0,0.0
vanderpol_mu2,baseline,16,0.5,0,y*y,0,0.0,0.0
vanderpol_mu2,baseline,16,0.5,0,y*y,1,0.0,0.0
vanderpol_mu2,baseline,16,0.5,0,x*x*x,0,0.0,0.0
vanderpol_mu2,baseline,16,0.5,0,x*x*x,1,0.0,0.0
vanderpol_mu2,baseline,16,0.5,0,x*x*y,0,0.0,0.0
vanderpol_mu2,baseline,16,0.5,0,x*x*y,1,-0.4884854297071712,-2.0
vanderpol_mu2,baseline,16,0.5,0,x*y*y,0,0.0,0.0
vanderpol_mu2,baseline,16,0.5,0,x*y*y,1,0.0,0.0
vanderpol_mu2,baseline,16,0.5,0,y*y*y,0,0.0,0.0
vanderpol_mu2,baseline,16,0.5,0,y*y*y,1,0.0,0.0
vanderpol_mu2,edmd_poly3,16,0.5,0,1,0,-3.2709416013070256,0.0
vanderpol_mu2,edmd_poly3,16,0.5,0,1,1,5.202900504355089,0.0
vanderpol_mu2,edmd_poly3,16,0.5,0,x,0,0.0,0.0
vanderpol_mu2,edmd_poly3,16,0.5,0,x,1,-3.9364097951230588,-1.0
vanderpol_mu2,edmd_poly3,16,0.5,0,y,0,-0.7791909270872898,1.0
vanderpol_mu2,edmd_poly3,16,0.5,0,y,1,-1.3463111628961264,2.0
vanderpol_mu2,edmd_poly3,16,0.5,0,x*x,0,0.8682126358843588,0.0
vanderpol_mu2,edmd_poly3,16,0.5,0,x*x,1,-1.1457460376209134,0.0
vanderpol_mu2,edmd_poly3,16,0.5,0,x*y,0,-2.0828379531196295,0.0
vanderpol_mu2,edmd_poly3,16,0.5,0,x*y,1,2.834451156581956,0.0
vanderpol_mu2,edmd_poly3,16,0.5,0,y*y,0,0.40719077696810096,0.0
vanderpol_mu2,edmd_poly3,16,0.5,0,y*y,1,-1.2445188925639763,0.0
vanderpol_mu2,edmd_poly3,16,0.5,0,x*x*x,0,0.0,0.0
vanderpol_mu2,edmd_poly3,16,0.5,0,x*x*x,1,0.8541098733784835,0.0
vanderpol_mu2,edmd_poly3,16,0.5,0,x*x*y,0,0.749065800072901,0.0
vanderpol_mu2,edmd_poly3,16,0.5,0,x*x*y,1,-0.4242619011399986,-2.0
vanderpol_mu2,edmd_poly3,16,0.5,0,x*y*y,0,0.0,0.0
vanderpol_mu2,edmd_poly3,16,0.5,0,x*y*y,1,0.7768055124555622,0.0
vanderpol_mu2,edmd_poly3,16,0.5,0,y*y*y,0,0.0,0.0
vanderpol_mu2,edmd_poly3,16,0.5,0,y*y*y,1,0.0,0.0
vanderpol_mu2,tv_diff,16,0.5,0,1,0,0.0,0.0
vanderpol_mu2,tv_diff,16,0.5,0,1,1,0.0,0.0
vanderpol_mu2,tv_diff,16,0.5,0,x,0,0.0,0.0
vanderpol_mu2,tv_diff,16,0.5,0,x,1,0.0,-1.0
vanderpol_mu2,tv_diff,16,0.5,0,y,0,0.8515043314408364,1.0
vanderpol_mu2,tv_diff,16,0.5,0,y,1,1.3309849974253303,2.0
vanderpol_mu2,tv_diff,16,0.5,0,x*x,0,0.0,0.0
vanderpol_mu2,tv_diff,16,0.5,0,x*x,1,0.0,0.0
vanderpol_mu2,tv_diff,16,0.5,0,x*y,0,0.0,0.0
vanderpol_mu2,tv_diff,16,0.5,0,x*y,1,0.0,0.0
vanderpol_mu2,tv_diff,16,0.5,0,y*y,0,0.0,0.0
vanderpol_mu2,tv_diff,16,0.5,0,y*y,1,0.0,0.0
vanderpol_mu2,tv_diff,16,0.5,0,x*x*x,0,0.0,0.0
vanderpol_mu2,tv_diff,16,0.5,0,x*x*x,1,0.0,0.0
vanderpol_mu2,tv_diff,16,0.5,0,x*x*y,0,0.0,0.0
vanderpol_mu2,tv_diff,16,0.5,0,x*x*y,1,-0.9886030724995565,-2.0
vanderpol_mu2,tv_diff,16,0.5,0,x*y*y,0,0.0,0.0
vanderpol_mu2,tv_diff,16,0.5,0,x*y*y,1,-0.411685348122579,0.0
vanderpol_mu2,tv_diff,16,0.5,0,y*y*y,0,0.0,0.0
vanderpol_mu2,tv_diff,16,0.5,0,y*y*y,1,0.0,0.0
vanderpol_mu2,baseline,16,0.5,1,1,0,0.0,0.0
vanderpol_mu2,baseline,16,0.5,1,1,1,0.0,0.0
vanderpol_mu2,baseline,16,0.5,1,x,0,0.0,0.0
vanderpol_mu2,baseline,16,0.5,1,x,1,-0.8249394653517886,-1.0
vanderpol_mu2,baseline,16,0.5,1,y,0,0.8423023234185119,1.0
vanderpol_mu2,baseline,16,0.5,1,y,1,0.0,2.0
vanderpol_mu2,baseline,16,0.5,1,x*x,0,0.0,0.0
vanderpol_mu2,baseline,16,0.5,1,x*x,1,0.0,0.0
vanderpol_mu2,baseline,16,0.5,1,x*y,0,0.0,0.0
vanderpol_mu2,baseline,16,0.5,1,x*y,1,0.0,0.0
vanderpol_mu2,baseline,16,0.5,1,y*y,0,0.0,0.0
vanderpol_mu2,baseline,16,0.5,1,y*y,1,0.0,0.0
vanderpol_mu2,baseline,16,0.5,1,x*x*x,0,0.0,0.0
vanderpol_mu2,baseline,16,0.5,1,x*x*x,1,0.0,0.0
vanderpol_mu2,baseline,16,0.5,1,x*x*y,0,0.0,0.0
vanderpol_mu2,baseline,16,0.5,1,x*x*y,1,0.0,-2.0
vanderpol_mu2,baseline,16,0.5,1,x*y*y,0,0.0,0.0
vanderpol_mu2,baseline,16,0.5,1,x*y*y,1,0.0,0.0
vanderpol_mu2,baseline,16,0.5,1,y*y*y,0,0.0,0.0
vanderpol_mu2,baseline,16,0.5,1,y*y*y,1,0.0,0.0
vanderpol_mu2,edmd_poly3,16,0.5,1,1,0,0.0,0.0
vanderpol_mu2,edmd_poly3,16,0.5,1,1,1,0.0,0.0
vanderpol_mu2,edmd_poly3,16,0.5,1,x,0,-1.826907851962133,0.0
vanderpol_mu2,edmd_poly3,16,0.5,1,x,1,-0.9228934009472075,-1.0
vanderpol_mu2,edmd_poly3,16,0.5,1,y,0,0.9513314194785907,1.0
vanderpol_mu2,edmd_poly3,16,0.5,1,y,1,0.0,2.0
vanderpol_mu2,edmd_poly3,16,0.5,1,x*x,0,0.0,0.0
vanderpol_mu2,edmd_poly3,16,0.5,1,x*x,1,0.0,0.0
vanderpol_mu2,edmd_poly3,16,0.5,1,x*y,0,0.0,0.0
vanderpol_mu2,edmd_poly3,16,0.5,1,x*y,1,0.0,0.0
vanderpol_mu2,edmd_poly3,16,0.5,1,y*y,0,0.0,0.0
vanderpol_mu2,edmd_poly3,16,0.5,1,y*y,1,0.0,0.0
vanderpol_mu2,edmd_poly3,16,0.5,1,x*x*x,0,0.4770131395944363,0.0
vanderpol_mu2,edmd_poly3,16,0.5,1,x*x*x,1,0.0,0.0
vanderpol_mu2,edmd_poly3,16,0.5,1,x*x*y,0,0.0,0.0
vanderpol_mu2,edmd_poly3,16,0.5,1,x*x*y,1,0.0,-2.0
vanderpol_mu2,edmd_poly3,16,0.5,1,x*y*y,0,0.0,0.0
vanderpol_mu2,edmd_poly3,16,0.5,1,x*y*y,1,0.0,0.0
vanderpol_mu2,edmd_poly3,16,0.5,1,y*y*y,0,0.0,0.0
vanderpol_mu2,edmd_poly3,16,0.5,1,y*y*y,1,0.0,0.0
vanderpol_mu2,tv_diff,16,0.5,1,1,0,0.0,0.0
vanderpol_mu2,tv_diff,16,0.5,1,1,1,0.0,0.0
vanderpol_mu2,tv_diff,16,0.5,1,x,0,0.0,0.0
vanderpol_mu2,tv_diff,16,0.5,1,x,1,-0.9295240609176522,-1.0
vanderpol_mu2,tv_diff,16,0.5,1,y,0,0.9299025329916356,1.0
vanderpol_mu2,tv_diff,16,0.5,1,y,1,1.2090409185983002,2.0
vanderpol_mu2,tv_diff,16,0.5,1,x*x,0,0.0,0.0
vanderpol_mu2,tv_diff,16,0.5,1,x*x,1,0.0,0.0
vanderpol_mu2,tv_diff,16,0.5,1,x*y,0,0.0,0.0
vanderpol_mu2,tv_diff,16,0.5,1,x*y,1,0.0,0.0
vanderpol_mu2,tv_diff,16,0.5,1,y*y,0,0.0,0.0
vanderpol_mu2,tv_diff,16,0.5,1,y*y,1,0.0,0.0
vanderpol_mu2,tv_diff,16,0.5,1,x*x*x,0,0.0,0.0
vanderpol_mu2,tv_diff,16,0.5,1,x*x*x,1,0.0,0.0
vanderpol_mu2,tv_diff,16,0.5,1,x*x*y,0,0.0,0.0
vanderpol_mu2,tv_diff,16,0.5,1,x*x*y,1,-1.2136440005937765,-2.0
vanderpol_mu2,tv_diff,16,0.5,1,x*y*y,0,0.0,0.0
vanderpol_mu2,tv_diff,16,0.5,1,x*y*y,1,0.0,0.0
vanderpol_mu2,tv_diff,16,0.5,1,y*y*y,0,0.0,0.0
vanderpol_mu2,tv_diff,16,0.5,1,y*y*y,1,0.0,0.0
vanderpol_mu2,baseline,16,0.5,3,1,0,0.0,0.0
vanderpol_mu2,baseline,16,0.5,3,1,1,0.0,0.0
vanderpol_mu2,baseline,16,0.5,3,x,0,0.0,0.0
vanderpol_mu2,baseline,16,0.5,3,x,1,-0.7696176397385373,-1.0
vanderpol_mu2,baseline,16,0.5,3,y,0,0.8698781725342439,1.0
vanderpol_mu2,baseline,16,0.5,3,y,1,0.0,2.0
vanderpol_mu2,baseline,16,0.5,3,x*x,0,0.0,0.0
vanderpol_mu2,baseline,16,0.5,3,x*x,1,0.0,0.0
vanderpol_mu2,baseline,16,0.5,3,x*y,0,0.0,0.0
vanderpol_mu2,baseline,16,0.5,3,x*y,1,0.0,0.0
vanderpol_mu2,baseline,16,0.5,3,y*y,0,0.0,0.0
vanderpol_mu2,baseline,16,0.5,3,y*y,1,0.0,0.0
vanderpol_mu2,baseline,16,0.5,3,x*x*x,0,0.0,0.0
vanderpol_mu2,baseline,16,0.5,3,x*x*x,1,0.0,0.0
vanderpol_mu2,baseline,16,0.5,3,x*x*y,0,0.0,0.0
vanderpol_mu2,baseline,16,0.5,3,x*x*y,1,0.0,-2.0
vanderpol_mu2,baseline,16,0.5,3,x*y*y,0,0.0,0.0
vanderpol_mu2,baseline,16,0.5,3,x*y*y,1,0.0,0.0
vanderpol_mu2,baseline,16,0.5,3,y*y*y,0,0.0,0.0
vanderpol_mu2,baseline,16,0.5,3,y*y*y,1,0.0,0.0
vanderpol_mu2,edmd_poly3,16,0.5,3,1,0,0.9145411352039392,0.0
vanderpol_mu2,edmd_poly3,16,0.5,3,1,1,1.131686272590276,0.0
vanderpol_mu2,edmd_poly3,16,0.5,3,x,0,-1.775448357910285,0.0
vanderpol_mu2,edmd_poly3,16,0.5,3,x,1,0.07850300381874731,-1.0
vanderpol_mu2,edmd_poly3,16,0.5,3,y,0,0.937427766896506,1.0
vanderpol_mu2,edmd_poly3,16,0.5,3,y,1,-2.2674691543562067,2.0
vanderpol_mu2,edmd_poly3,16,0.5,3,x*x,0,-0.18699729226305192,0.0
vanderpol_mu2,edmd_poly3,16,0.5,3,x*x,1,-0.5445399031355155,0.0
vanderpol_mu2,edmd_poly3,16,0.5,3,x*y,0,0.6608105824104854,0.0
vanderpol_mu2,edmd_poly3,16,0.5,3,x*y,1,0.0,0.0
vanderpol_mu2,edmd_poly3,16,0.5,3,y*y,0,-0.252810090374767,0.0
vanderpol_mu2,edmd_poly3,16,0.5,3,y*y,1,0.05094777356869604,0.0
vanderpol_mu2,edmd_poly3,16,0.5,3,x*x*x,0,0.3902543907845689,0.0
vanderpol_mu2,edmd_poly3,16,0.5,3,x*x*x,1,-0.1885854771576672,0.0
vanderpol_mu2,edmd_poly3,16,0.5,3,x*x*y,0,-0.21417812184097915,0.0
vanderpol_mu2,edmd_poly3,16,0.5,3,x*x*y,1,-0.08375398317908278,-2.0
vanderpol_mu2,edmd_poly3,16,0.5,3,x*y*y,0,0.24813617672301685,0.0
vanderpol_mu2,edmd_poly3,16,0.5,3,x*y*y,1,-0.8638781986783324,0.0
vanderpol_mu2,edmd_poly3,16,0.5,3,y*y*y,0,0.0,0.0
vanderpol_mu2,edmd_poly3,16,0.5,3,y*y*y,1,0.5406038273549132,0.0
vanderpol_mu2,tv_diff,16,0.5,3,1,0,0.0,0.0
vanderpol_mu2,tv_diff,16,0.5,3,1,1,0.0,0.0
vanderpol_mu2,tv_diff,16,0.5,3,x,0,0.0,0.0
vanderpol_mu2,tv_diff,16,0.5,3,x,1,-0.8984264292925002,-1.0
vanderpol_mu2,tv_diff,16,0.5,3,y,0,1.0225349408386217,1.0
vanderpol_mu2,tv_diff,16,0.5,3,y,1,1.376937953620347,2.0
vanderpol_mu2,tv_diff,16,0.5,3,x*x,0,0.0,0.0
vanderpol_mu2,tv_diff,16,0.5,3,x*x,1,0.0,0.0
vanderpol_mu2,tv_diff,16,0.5,3,x*y,0,0.0,0.0
vanderpol_mu2,tv_diff,16,0.5,3,x*y,1,0.0,0.0
vanderpol_mu2,tv_diff,16,0.5,3,y*y,0,0.0,0.0
vanderpol_mu2,tv_diff,16,0.5,3,y*y,1,0.0,0.0
vanderpol_mu2,tv_diff,16,0.5,3,x*x*x,0,0.0,0.0
vanderpol_mu2,tv_diff,16,0.5,3,x*x*x,1,0.0,0.0
vanderpol_mu2,tv_diff,16,0.5,3,x*x*y,0,0.0,0.0
vanderpol_mu2,tv_diff,16,0.5,3,x*x*y,1,-1.1529067264828998,-2.0
vanderpol_mu2,tv_diff,16,0.5,3,x*y*y,0,0.0,0.0
vanderpol_mu2,tv_diff,16,0.5,3,x*y*y,1,0.0,0.0
vanderpol_mu2,tv_diff,16,0.5,3,y*y*y,0,0.0,0.0
vanderpol_mu2,tv_diff,16,0.5,3,y*y*y,1,0.0,0.0
vanderpol_mu2,baseline,16,0.5,2,1,0,0.0,0.0
vanderpol_mu2,baseline,16,0.5,2,1,1,0.0,0.0
vanderpol_mu2,baseline,16,0.5,2,x,0,0.0,0.0
vanderpol_mu2,baseline,16,0.5,2,x,1,-0.8047420811531605,-1.0
vanderpol_mu2,baseline,16,0.5,2,y,0,0.7925398796036522,1.0
vanderpol_mu2,baseline,16,0.5,2,y,1,0.0,2.0
vanderpol_mu2,baseline,16,0.5,2,x*x,0,0.0,0.0
vanderpol_mu2,baseline,16,0.5,2,x*x,1,0.0,0.0
vanderpol_mu2,baseline,16,0.5,2,x*y,0,0.0,0.0
vanderpol_mu2,baseline,16,0.5,2,x*y,1,0.0,0.0
vanderpol_mu2,baseline,16,0.5,2,y*y,0,0.0,0.0
vanderpol_mu2,baseline,16,0.5,2,y*y,1,0.0,0.0
vanderpol_mu2,baseline,16,0.5,2,x*x*x,0,0.0,0.0
vanderpol_mu2,baseline,16,0.5,2,x*x*x,1,0.0,0.0
vanderpol_mu2,baseline,16,0.5,2,x*x*y,0,0.0,0.0
vanderpol_mu2,baseline,16,0.5,2,x*x*y,1,0.0,-2.0
vanderpol_mu2,baseline,16,0.5,2,x*y*y,0,0.0,0.0
vanderpol_mu2,baseline,16,0.5,2,x*y*y,1,0.0,0.0
vanderpol_mu2,baseline,16,0.5,2,y*y*y,0,0.0,0.0
vanderpol_mu2,baseline,16,0.5,2,y*y*y,1,0.0,0.0
vanderpol_mu2,edmd_poly3,16,0.5,2,1,0,0.0,0.0
vanderpol_mu2,edmd_poly3,16,0.5,2,1,1,1.0183800051636138,0.0
vanderpol_mu2,edmd_poly3,16,0.5,2,x,0,-3.36512948990834,0.0
vanderpol_mu2,edmd_poly3,16,0.5,2,x,1,-1.5172001671750452,-1.0
vanderpol_mu2,edmd_poly3,16,0.5,2,y,0,3.1497214987548405,1.0
vanderpol_mu2,edmd_poly3,16,0.5,2,y,1,-0.11212462143649593,2.0
vanderpol_mu2,edmd_poly3,16,0.5,2,x*x,0,0.0,0.0
vanderpol_mu2,edmd_poly3,16,0.5,2,x*x,1,-0.4600606703607397,0.0
vanderpol_mu2,edmd_poly3,16,0.5,2,x*y,0,0.20809950383753278,0.0
vanderpol_mu2,edmd_poly3,16,0.5,2,x*y,1,-0.12693876823645533,0.0
vanderpol_mu2,edmd_poly3,16,0.5,2,y*y,0,0.0,0.0
vanderpol_mu2,edmd_poly3,16,0.5,2,y*y,1,0.0,0.0
vanderpol_mu2,edmd_poly3,16,0.5,2,x*x*x,0,0.6335104809353,0.0
vanderpol_mu2,edmd_poly3,16,0.5,2,x*x*x,1,0.0,0.0
vanderpol_mu2,edmd_poly3,16,0.5,2,x*x*y,0,-0.8041760299540568,0.0
vanderpol_mu2,edmd_poly3,16,0.5,2,x*x*y,1,-0.8944714163473604,-2.0
vanderpol_mu2,edmd_poly3,16,0.5,2,x*y*y,0,1.0877848748976036,0.0
vanderpol_mu2,edmd_poly3,16,0.5,2,x*y*y,1,0.0,0.0
vanderpol_mu2,edmd_poly3,16,0.5,2,y*y*y,0,-0.3462642751227275,0.0
vanderpol_mu2,edmd_poly3,16,0.5,2,y*y*y,1,0.13311434091907381,0.0
vanderpol_mu2,tv_diff,16,0.5,2,1,0,0.0,0.0
vanderpol_mu2,tv_diff,16,0.5,2,1,1,0.0,0.0
vanderpol_mu2,tv_diff,16,0.5,2,x,0,0.0,0.0
vanderpol_mu2,tv_diff,16,0.5,2,x,1,-1.1939763619111587,-1.0
vanderpol_mu2,tv_diff,16,0.5,2,y,0,0.8407054164065763,1.0
vanderpol_mu2,tv_diff,16,0.5,2,y,1,1.470352706018187,2.0
vanderpol_mu2,tv_diff,16,0.5,2,x*x,0,0.0,0.0
vanderpol_mu2,tv_diff,16,0.5,2,x*x,1,0.0,0.0
vanderpol_mu2,tv_diff,16,0.5,2,x*y,0,0.0,0.0
vanderpol_mu2,tv_diff,16,0.5,2,x*y,1,0.0,0.0
vanderpol_mu2,tv_diff,16,0.5,2,y*y,0,0.0,0.0
vanderpol_mu2,tv_diff,16,0.5,2,y*y,1,0.0,0.0
vanderpol_mu2,tv_diff,16,0.5,2,x*x*x,0,0.0,0.0
vanderpol_mu2,tv_diff,16,0.5,2,x*x*x,1,0.0,0.0
vanderpol_mu2,tv_diff,16,0.5,2,x*x*y,0,0.0,0.0
vanderpol_mu2,tv_diff,16,0.5,2,x*x*y,1,-1.4351140454822406,-2.0
vanderpol_mu2,tv_diff,16,0.5,2,x*y*y,0,0.0,0.0
vanderpol_mu2,tv_diff,16,0.5,2,x*y*y,1,0.0,0.0
vanderpol_mu2,tv_diff,16,0.5,2,y*y*y,0,0.0,0.0
vanderpol_mu2,tv_diff,16,0.5,2,y*y*y,1,0.0,0.0
vanderpol_mu2,baseline,64,0.05,0,1,0,0.0,0.0
vanderpol_mu2,baseline,64,0.05,0,1,1,0.0,0.0
vanderpol_mu2,baseline,64,0.05,0,x,0,0.0,0.0
vanderpol_mu2,baseline,64,0.05,0,x,1,0.0,-1.0
vanderpol_mu2,baseline,64,0.05,0,y,0,0.9314572605468332,1.0
vanderpol_mu2,baseline,64,0.05,0,y,1,1.2257115387515383,2.0
vanderpol_mu2,baseline,64,0.05,0,x*x,0,0.0,0.0
vanderpol_mu2,baseline,64,0.05,0,x*x,1,0.0,0.0
vanderpol_mu2,baseline,64,0.05,0,x*y,0,0.0,0.0
vanderpol_mu2,baseline,64,0.05,0,x*y,1,0.0,0.0
vanderpol_mu2,baseline,64,0.05,0,y*y,0,0.0,0.0
vanderpol_mu2,baseline,64,0.05,0,y*y,1,0.0,0.0
vanderpol_mu2,baseline,64,0.05,0,x*x*x,0,0.0,0.0
vanderpol_mu2,baseline,64,0.05,0,x*x*x,1,0.0,0.0
vanderpol_mu2,baseline,64,0.05,0,x*x*y,0,0.0,0.0
vanderpol_mu2,baseline,64,0.05,0,x*x*y,1,-1.222161079280837,-2.0
vanderpol_mu2,baseline,64,0.05,0,x*y*y,0,0.0,0.0
vanderpol_mu2,baseline,64,0.05,0,x*y*y,1,0.0,0.0
vanderpol_mu2,baseline,64,0.05,0,y*y*y,0,0.0,0.0
vanderpol_mu2,baseline,64,0.05,0,y*y*y,1,0.0,0.0
vanderpol_mu2,edmd_poly3,64,0.05,0,1,0,0.0,0.0
vanderpol_mu2,edmd_poly3,64,0.05,0,1,1,0.0,0.0
vanderpol_mu2,edmd_poly3,64,0.05,0,x,0,0.0,0.0
vanderpol_mu2,edmd_poly3,64,0.05,0,x,1,-1.0315175433555428,-1.0
vanderpol_mu2,edmd_poly3,64,0.05,0,y,0,1.0015427259373009,1.0
vanderpol_mu2,edmd_poly3,64,0.05,0,y,1,1.943228521201272,2.0
vanderpol_mu2,edmd_poly3,64,0.05,0,x*x,0,0.0,0.0
vanderpol_mu2,edmd_poly3,64,0.05,0,x*x,1,0.0,0.0
vanderpol_mu2,edmd_poly3,64,0.05,0,x*y,0,0.0,0.0
vanderpol_mu2,edmd_poly3,64,0.05,0,x*y,1,0.0,0.0
vanderpol_mu2,edmd_poly3,64,0.05,0,y*y,0,0.0,0.0
vanderpol_mu2,edmd_poly3,64,0.05,0,y*y,1,0.0,0.0
vanderpol_mu2,edmd_poly3,64,0.05,0,x*x*x,0,0.0,0.0
vanderpol_mu2,edmd_poly3,64,0.05,0,x*x*x,1,0.0,0.0
vanderpol_mu2,edmd_poly3,64,0.05,0,x*x*y,0,0.0,0.0
vanderpol_mu2,edmd_poly3,64,0.05,0,x*x*y,1,-1.9746893959432372,-2.0
vanderpol_mu2,edmd_poly3,64,0.05,0,x*y*y,0,0.0,0.0
vanderpol_mu2,edmd_poly3,64,0.05,0,x*y*y,1,0.0,0.0
vanderpol_mu2,edmd_poly3,64,0.05,0,y*y*y,0,0.0,0.0
vanderpol_mu2,edmd_poly3,64,0.05,0,y*y*y,1,0.0,0.0
vanderpol_mu2,tv_diff,64,0.05,0,1,0,0.0,0.0
vanderpol_mu2,tv_diff,64,0.05,0,1,1,0.0,0.0
vanderpol_mu2,tv_diff,64,0.05,0,x,0,0.0,0.0
vanderpol_mu2,tv_diff,64,0.05,0,x,1,0.0,-1.0
vanderpol_mu2,tv_diff,64,0.05,0,y,0,0.9314338122357468,1.0
vanderpol_mu2,tv_diff,64,0.05,0,y,1,1.2255365632956634,2.0
vanderpol_mu2,tv_diff,64,0.05,0,x*x,0,0.0,0.0
vanderpol_mu2,tv_diff,64,0.05,0,x*x,1,0.0,0.0
vanderpol_mu2,tv_diff,64,0.05,0,x*y,0,0.0,0.0
vanderpol_mu2,tv_diff,64,0.05,0,x*y,1,0.0,0.0
vanderpol_mu2,tv_diff,64,0.05,0,y*y,0,0.0,0.0
vanderpol_mu2,tv_diff,64,0.05,0,y*y,1,0.0,0.0
vanderpol_mu2,tv_diff,64,0.05,0,x*x*x,0,0.0,0.0
vanderpol_mu2,tv_diff,64,0.05,0,x*x*x,1,0.0,0.0
vanderpol_mu2,tv_diff,64,0.05,0,x*x*y,0,0.0,0.0
vanderpol_mu2,tv_diff,64,0.05,0,x*x*y,1,-1.2223923214690788,-2.0
vanderpol_mu2,tv_diff,64,0.05,0,x*y*y,0,0.0,0.0
vanderpol_mu2,tv_diff,64,0.05,0,x*y*y,1,0.0,0.0
vanderpol_mu2,tv_diff,64,0.05,0,y*y*y,0,0.0,0.0
vanderpol_mu2,tv_diff,64,0.05,0,y*y*y,1,0.0,0.0
vanderpol_mu2,baseline,64,0.05,1,1,0,0.0,0.0
vanderpol_mu2,baseline,64,0.05,1,1,1,0.0,0.0
vanderpol_mu2,baseline,64,0.05,1,x,0,0.0,0.0
vanderpol_mu2,baseline,64,0.05,1,x,1,-0.9154407577706342,-1.0
vanderpol_mu2,baseline,64,0.05,1,y,0,0.905981996637304,1.0
vanderpol_mu2,baseline,64,0.05,1,y,1,1.3306144876729458,2.0
vanderpol_mu2,baseline,64,0.05,1,x*x,0,0.0,0.0
vanderpol_mu2,baseline,64,0.05,1,x*x,1,0.0,0.0
vanderpol_mu2,baseline,64,0.05,1,x*y,0,0.0,0.0
vanderpol_mu2,baseline,64,0.05,1,x*y,1,0.0,0.0
vanderpol_mu2,baseline,64,0.05,1,y*y,0,0.0,0.0
vanderpol_mu2,baseline,64,0.05,1,y*y,1,0.0,0.0
vanderpol_mu2,baseline,64,0.05,1,x*x*x,0,0.0,0.0
vanderpol_mu2,baseline,64,0.05,1,x*x*x,1,0.0,0.0
vanderpol_mu2,baseline,64,0.05,1,x*x*y,0,0.0,0.0
vanderpol_mu2,baseline,64,0.05,1,x*x*y,1,-1.299054564433505,-2.0
vanderpol_mu2,baseline,64,0.05,1,x*y*y,0,0.0,0.0
vanderpol_mu2,baseline,64,0.05,1,x*y*y,1,0.0,0.0
vanderpol_mu2,baseline,64,0.05,1,y*y*y,0,0.0,0.0
vanderpol_mu2,baseline,64,0.05,1,y*y*y,1,0.0,0.0
vanderpol_mu2,edmd_poly3,64,0.05,1,1,0,0.0,0.0
vanderpol_mu2,edmd_poly3,64,0.05,1,1,1,0.0,0.0
vanderpol_mu2,edmd_poly3,64,0.05,1,x,0,0.0,0.0
vanderpol_mu2,edmd_poly3,64,0.05,1,x,1,-0.9825881824986135,-1.0
vanderpol_mu2,edmd_poly3,64,0.05,1,y,0,0.9754591900059033,1.0
vanderpol_mu2,edmd_poly3,64,0.05,1,y,1,2.0533635585734227,2.0
vanderpol_mu2,edmd_poly3,64,0.05,1,x*x,0,0.0,0.0
vanderpol_mu2,edmd_poly3,64,0.05,1,x*x,1,0.0,0.0
vanderpol_mu2,edmd_poly3,64,0.05,1,x*y,0,0.0,0.0
vanderpol_mu2,edmd_poly3,64,0.05,1,x*y,1,0.0,0.0
vanderpol_mu2,edmd_poly3,64,0.05,1,y*y,0,0.0,0.0
vanderpol_mu2,edmd_poly3,64,0.05,1,y*y,1,0.0,0.0
vanderpol_mu2,edmd_poly3,64,0.05,1,x*x*x,0,0.0,0.0
vanderpol_mu2,edmd_poly3,64,0.05,1,x*x*x,1,0.0,0.0
vanderpol_mu2,edmd_poly3,64,0.05,1,x*x*y,0,0.0,0.0
vanderpol_mu2,edmd_poly3,64,0.05,1,x*x*y,1,-2.0120615197418408,-2.0
vanderpol_mu2,edmd_poly3,64,0.05,1,x*y*y,0,0.0,0.0
vanderpol_mu2,edmd_poly3,64,0.05,1,x*y*y,1,0.0,0.0
vanderpol_mu2,edmd_poly3,64,0.05,1,y*y*y,0,0.0,0.0
vanderpol_mu2,edmd_poly3,64,0.05,1,y*y*y,1,0.0,0.0
vanderpol_mu2,tv_diff,64,0.05,1,1,0,0.0,0.0
vanderpol_mu2,tv_diff,64,0.05,1,1,1,0.0,0.0
vanderpol_mu2,tv_diff,64,0.05,1,x,0,0.0,0.0
vanderpol_mu2,tv_diff,64,0.05,1,x,1,-0.9154995494905869,-1.0
vanderpol_mu2,tv_diff,64,0.05,1,y,0,0.9059509110884946,1.0
vanderpol_mu2,tv_diff,64,0.05,1,y,1,1.3306054689998743,2.0
vanderpol_mu2,tv_diff,64,0.05,1,x*x,0,0.0,0.0
vanderpol_mu2,tv_diff,64,0.05,1,x*x,1,0.0,0.0
vanderpol_mu2,tv_diff,64,0.05,1,x*y,0,0.0,0.0
vanderpol_mu2,tv_diff,64,0.05,1,x*y,1,0.0,0.0
vanderpol_mu2,tv_diff,64,0.05,1,y*y,0,0.0,0.0
vanderpol_mu2,tv_diff,64,0.05,1,y*y,1,0.0,0.0
vanderpol_mu2,tv_diff,64,0.05,1,x*x*x,0,0.0,0.0
vanderpol_mu2,tv_diff,64,0.05,1,x*x*x,1,0.0,0.0
vanderpol_mu2,tv_diff,64,0.05,1,x*x*y,0,0.0,0.0
vanderpol_mu2,tv_diff,64,0.05,1,x*x*y,1,-1.2994378923616439,-2.0
vanderpol_mu2,tv_diff,64,0.05,1,x*y*y,0,0.0,0.0
vanderpol_mu2,tv_diff,64,0.05,1,x*y*y,1,0.0,0.0
vanderpol_mu2,tv_diff,64,0.05,1,y*y*y,0,0.0,0.0
vanderpol_mu2,tv_diff,64,0.05,1,y*y*y,1,0.0,0.0
vanderpol_mu2,baseline,64,0.05,2,1,0,0.0,0.0
vanderpol_mu2,baseline,64,0.05,2,1,1,0.0,0.0
vanderpol_mu2,baseline,64,0.05,2,x,0,0.0,0.0
vanderpol_mu2,baseline,64,0.05,2,x,1,-0.9580600122353613,-1.0
vanderpol_mu2,baseline,64,0.05,2,y,0,0.9045258741902701,1.0
vanderpol_mu2,baseline,64,0.05,2,y,1,1.3821919888973424,2.0
vanderpol_mu2,baseline,64,0.05,2,x*x,0,0.0,0.0
vanderpol_mu2,baseline,64,0.05,2,x*x,1,0.0,0.0
vanderpol_mu2,baseline,64,0.05,2,x*y,0,0.0,0.0
vanderpol_mu2,baseline,64,0.05,2,x*y,1,0.0,0.0
vanderpol_mu2,baseline,64,0.05,2,y*y,0,0.0,0.0
vanderpol_mu2,baseline,64,0.05,2,y*y,1,0.0,0.0
vanderpol_mu2,baseline,64,0.05,2,x*x*x,0,0.0,0.0
vanderpol_mu2,baseline,64,0.05,2,x*x*x,1,0.0,0.0
vanderpol_mu2,baseline,64,0.05,2,x*x*y,0,0.0,0.0
vanderpol_mu2,baseline,64,0.05,2,x*x*y,1,-1.3376605640609542,-2.0
vanderpol_mu2,baseline,64,0.05,2,x*y*y,0,0.0,0.0
vanderpol_mu2,baseline,64,0.05,2,x*y*y,1,0.0,0.0
vanderpol_mu2,baseline,64,0.05,2,y*y*y,0,0.0,0.0
vanderpol_mu2,baseline,64,0.05,2,y*y*y,1,0.0,0.0
vanderpol_mu2,edmd_poly3,64,0.05,2,1,0,0.0,0.0
vanderpol_mu2,edmd_poly3,64,0.05,2,1,1,0.0,0.0
vanderpol_mu2,edmd_poly3,64,0.05,2,x,0,0.0,0.0
vanderpol_mu2,edmd_poly3,64,0.05,2,x,1,-1.048562177752048,-1.0
vanderpol_mu2,edmd_poly3,64,0.05,2,y,0,0.9762847135227615,1.0
vanderpol_mu2,edmd_poly3,64,0.05,2,y,1,2.145019250849648,2.0
vanderpol_mu2,edmd_poly3,64,0.05,2,x*x,0,0.0,0.0
vanderpol_mu2,edmd_poly3,64,0.05,2,x*x,1,0.0,0.0
vanderpol_mu2,edmd_poly3,64,0.05,2,x*y,0,0.0,0.0
vanderpol_mu2,edmd_poly3,64,0.05,2,x*y,1,0.0,0.0
vanderpol_mu2,edmd_poly3,64,0.05,2,y*y,0,0.0,0.0
vanderpol_mu2,edmd_poly3,64,0.05,2,y*y,1,0.0,0.0
vanderpol_mu2,edmd_poly3,64,0.05,2,x*x*x,0,0.0,0.0
vanderpol_mu2,edmd_poly3,64,0.05,2,x*x*x,1,0.0,0.0
vanderpol_mu2,edmd_poly3,64,0.05,2,x*x*y,0,0.0,0.0
vanderpol_mu2,edmd_poly3,64,0.05,2,x*x*y,1,-2.1101951508403904,-2.0
vanderpol_mu2,edmd_poly3,64,0.05,2,x*y*y,0,0.0,0.0
vanderpol_mu2,edmd_poly3,64,0.05,2,x*y*y,1,0.0,0.0
vanderpol_mu2,edmd_poly3,64,0.05,2,y*y*y,0,0.0,0.0
vanderpol_mu2,edmd_poly3,64,0.05,2,y*y*y,1,0.0,0.0
vanderpol_mu2,tv_diff,64,0.05,2,1,0,0.0,0.0
vanderpol_mu2,tv_diff,64,0.05,2,1,1,0.0,0.0
vanderpol_mu2,tv_diff,64,0.05,2,x,0,0.0,0.0
vanderpol_mu2,tv_diff,64,0.05,2,x,1,-0.9581330883474173,-1.0
vanderpol_mu2,tv_diff,64,0.05,2,y,0,0.9045012711470447,1.0
vanderpol_mu2,tv_diff,64,0.05,2,y,1,1.3821431968982432,2.0
vanderpol_mu2,tv_diff,64,0.05,2,x*x,0,0.0,0.0
vanderpol_mu2,tv_diff,64,0.05,2,x*x,1,0.0,0.0
vanderpol_mu2,tv_diff,64,0.05,2,x*y,0,0.0,0.0
vanderpol_mu2,tv_diff,64,0.05,2,x*y,1,0.0,0.0
vanderpol_mu2,tv_diff,64,0.05,2,y*y,0,0.0,0.0
vanderpol_mu2,tv_diff,64,0.05,2,y*y,1,0.0,0.0
vanderpol_mu2,tv_diff,64,0.05,2,x*x*x,0,0.0,0.0
vanderpol_mu2,tv_diff,64,0.05,2,x*x*x,1,0.0,0.0
vanderpol_mu2,tv_diff,64,0.05,2,x*x*y,0,0.0,0.0
vanderpol_mu2,tv_diff,64,0.05,2,x*x*y,1,-1.3380440287256798,-2.0
vanderpol_mu2,tv_diff,64,0.05,2,x*y*y,0,0.0,0.0
vanderpol_mu2,tv_diff,64,0.05,2,x*y*y,1,0.0,0.0
vanderpol_mu2,tv_diff,64,0.05,2,y*y*y,0,0.0,0.0
vanderpol_mu2,tv_diff,64,0.05,2,y*y*y,1,0.0,0.0
vanderpol_mu2,baseline,16,0.5,4,1,0,0.0,0.0
vanderpol_mu2,baseline,16,0.5,4,1,1,0.0,0.0
vanderpol_mu2,baseline,16,0.5,4,x,0,0.0,0.0
vanderpol_mu2,baseline,16,0.5,4,x,1,-0.9446307331526973,-1.0
vanderpol_mu2,baseline,16,0.5,4,y,0,0.9069815459159454,1.0
vanderpol_mu2,baseline,16,0.5,4,y,1,0.0,2.0
vanderpol_mu2,baseline,16,0.5,4,x*x,0,0.0,0.0
vanderpol_mu2,baseline,16,0.5,4,x*x,1,0.0,0.0
vanderpol_mu2,baseline,16,0.5,4,x*y,0,0.0,0.0
vanderpol_mu2,baseline,16,0.5,4,x*y,1,0.0,0.0
vanderpol_mu2,baseline,16,0.5,4,y*y,0,0.0,0.0
vanderpol_mu2,baseline,16,0.5,4,y*y,1,0.0,0.0
vanderpol_mu2,baseline,16,0.5,4,x*x*x,0,0.0,0.0
vanderpol_mu2,baseline,16,0.5,4,x*x*x,1,0.0,0.0
vanderpol_mu2,baseline,16,0.5,4,x*x*y,0,0.0,0.0
vanderpol_mu2,baseline,16,0.5,4,x*x*y,1,0.0,-2.0
vanderpol_mu2,baseline,16,0.5,4,x*y*y,0,0.0,0.0
vanderpol_mu2,baseline,16,0.5,4,x*y*y,1,0.0,0.0
vanderpol_mu2,baseline,16,0.5,4,y*y*y,0,0.0,0.0
vanderpol_mu2,baseline,16,0.5,4,y*y*y,1,0.0,0.0
vanderpol_mu2,edmd_poly3,16,0.5,4,1,0,0.0,0.0
vanderpol_mu2,edmd_poly3,16,0.5,4,1,1,0.0,0.0
vanderpol_mu2,edmd_poly3,16,0.5,4,x,0,0.0,0.0
vanderpol_mu2,edmd_poly3,16,0.5,4,x,1,-1.350642225333537,-1.0
vanderpol_mu2,edmd_poly3,16,0.5,4,y,0,1.350040104960526,1.0
vanderpol_mu2,edmd_poly3,16,0.5,4,y,1,0.0,2.0
vanderpol_mu2,edmd_poly3,16,0.5,4,x*x,0,0.0,0.0
vanderpol_mu2,edmd_poly3,16,0.5,4,x*x,1,0.0,0.0
vanderpol_mu2,edmd_poly3,16,0.5,4,x*y,0,0.0,0.0
vanderpol_mu2,edmd_poly3,16,0.5,4,x*y,1,0.0,0.0
vanderpol_mu2,edmd_poly3,16,0.5,4,y*y,0,0.0,0.0
vanderpol_mu2,edmd_poly3,16,0.5,4,y*y,1,0.0,0.0
vanderpol_mu2,edmd_poly3,16,0.5,4,x*x*x,0,0.0,0.0
vanderpol_mu2,edmd_poly3,16,0.5,4,x*x*x,1,0.0,0.0
vanderpol_mu2,edmd_poly3,16,0.5,4,x*x*y,0,0.0,0.0
vanderpol_mu2,edmd_poly3,16,0.5,4,x*x*y,1,0.0,-2.0
vanderpol_mu2,edmd_poly3,16,0.5,4,x*y*y,0,0.0,0.0
vanderpol_mu2,edmd_poly3,16,0.5,4,x*y*y,1,0.0,0.0
vanderpol_mu2,edmd_poly3,16,0.5,4,y*y*y,0,0.0,0.0
vanderpol_mu2,edmd_poly3,16,0.5,4,y*y*y,1,0.0,0.0
vanderpol_mu2,tv_diff,16,0.5,4,1,0,0.0,0.0
vanderpol_mu2,tv_diff,16,0.5,4,1,1,0.4875885052106439,0.0
vanderpol_mu2,tv_diff,16,0.5,4,x,0,0.0,0.0
vanderpol_mu2,tv_diff,16,0.5,4,x,1,-0.8273838720751088,-1.0
vanderpol_mu2,tv_diff,16,0.5,4,y,0,0.8999094714650665,1.0
vanderpol_mu2,tv_diff,16,0.5,4,y,1,1.4184324838451847,2.0
vanderpol_mu2,tv_diff,16,0.5,4,x*x,0,0.0,0.0
vanderpol_mu2,tv_diff,16,0.5,4,x*x,1,0.0,0.0
vanderpol_mu2,tv_diff,16,0.5,4,x*y,0,0.0,0.0
vanderpol_mu2,tv_diff,16,0.5,4,x*y,1,0.3465671733350944,0.0
vanderpol_mu2,tv_diff,16,0.5,4,y*y,0,0.0,0.0
vanderpol_mu2,tv_diff,16,0.5,4,y*y,1,0.0,0.0
vanderpol_mu2,tv_diff,16,0.5,4,x*x*x,0,0.0,0.0
vanderpol_mu2,tv_diff,16,0.5,4,x*x*x,1,0.0,0.0
vanderpol_mu2,tv_diff,16,0.5,4,x*x*y,0,0.0,0.0
vanderpol_mu2,tv_diff,16,0.5,4,x*x*y,1,-1.1432155045038694,-2.0
vanderpol_mu2,tv_diff,16,0.5,4,x*y*y,0,0.0,0.0
vanderpol_mu2,tv_diff,16,0.5,4,x*y*y,1,0.0,0.0
vanderpol_mu2,tv_diff,16,0.5,4,y*y*y,0,0.0,0.0
vanderpol_mu2,tv_diff,16,0.5,4,y*y*y,1,0.0,0.0
vanderpol_mu2,baseline,64,0.05,3,1,0,0.0,0.0
vanderpol_mu2,baseline,64,0.05,3,1,1,0.0,0.0
vanderpol_mu2,baseline,64,0.05,3,x,0,0.0,0.0
vanderpol_mu2,baseline,64,0.05,3,x,1,-0.9040275406911104,-1.0
vanderpol_mu2,baseline,64,0.05,3,y,0,0.932266905362196,1.0
vanderpol_mu2,baseline,64,0.05,3,y,1,1.3562344819641912,2.0
vanderpol_mu2,baseline,64,0.05,3,x*x,0,0.0,0.0
vanderpol_mu2,baseline,64,0.05,3,x*x,1,0.0,0.0
vanderpol_mu2,baseline,64,0.05,3,x*y,0,0.0,0.0
vanderpol_mu2,baseline,64,0.05,3,x*y,1,0.0,0.0
vanderpol_mu2,baseline,64,0.05,3,y*y,0,0.0,0.0
vanderpol_mu2,baseline,64,0.05,3,y*y,1,0.0,0.0
vanderpol_mu2,baseline,64,0.05,3,x*x*x,0,0.0,0.0
vanderpol_mu2,baseline,64,0.05,3,x*x*x,1,0.0,0.0
vanderpol_mu2,baseline,64,0.05,3,x*x*y,0,0.0,0.0
vanderpol_mu2,baseline,64,0.05,3,x*x*y,1,-1.2501184962355367,-2.0
vanderpol_mu2,baseline,64,0.05,3,x*y*y,0,0.0,0.0
vanderpol_mu2,baseline,64,0.05,3,x*y*y,1,0.0,0.0
vanderpol_mu2,baseline,64,0.05,3,y*y*y,0,0.0,0.0
vanderpol_mu2,baseline,64,0.05,3,y*y*y,1,0.0,0.0
vanderpol_mu2,edmd_poly3,64,0.05,3,1,0,0.0,0.0
vanderpol_mu2,edmd_poly3,64,0.05,3,1,1,0.0,0.0
vanderpol_mu2,edmd_poly3,64,0.05,3,x,0,0.0,0.0
vanderpol_mu2,edmd_poly3,64,0.05,3,x,1,-0.962981671099179,-1.0
vanderpol_mu2,edmd_poly3,64,0.05,3,y,0,1.0044561159517778,1.0
vanderpol_mu2,edmd_poly3,64,0.05,3,y,1,2.0798597494004945,2.0
vanderpol_mu2,edmd_poly3,64,0.05,3,x*x,0,0.0,0.0
vanderpol_mu2,edmd_poly3,64,0.05,3,x*x,1,0.0,0.0
vanderpol_mu2,edmd_poly3,64,0.05,3,x*y,0,0.0,0.0
vanderpol_mu2,edmd_poly3,64,0.05,3,x*y,1,0.0,0.0
vanderpol_mu2,edmd_poly3,64,0.05,3,y*y,0,0.0,0.0
vanderpol_mu2,edmd_poly3,64,0.05,3,y*y,1,0.0,0.0
vanderpol_mu2,edmd_poly3,64,0.05,3,x*x*x,0,0.0,0.0
vanderpol_mu2,edmd_poly3,64,0.05,3,x*x*x,1,0.0,0.0
vanderpol_mu2,edmd_poly3,64,0.05,3,x*x*y,0,0.0,0.0
vanderpol_mu2,edmd_poly3,64,0.05,3,x*x*y,1,-1.966013441711566,-2.0
vanderpol_mu2,edmd_poly3,64,0.05,3,x*y*y,0,0.0,0.0
vanderpol_mu2,edmd_poly3,64,0.05,3,x*y*y,1,0.0,0.0
vanderpol_mu2,edmd_poly3,64,0.05,3,y*y*y,0,0.0,0.0
vanderpol_mu2,edmd_poly3,64,0.05,3,y*y*y,1,0.0,0.0
vanderpol_mu2,tv_diff,64,0.05,3,1,0,0.0,0.0
vanderpol_mu2,tv_diff,64,0.05,3,1,1,0.0,0.0
vanderpol_mu2,tv_diff,64,0.05,3,x,0,0.0,0.0
vanderpol_mu2,tv_diff,64,0.05,3,x,1,-0.904043273771971,-1.0
vanderpol_mu2,tv_diff,64,0.05,3,y,0,0.9322365656319743,1.0
vanderpol_mu2,tv_diff,64,0.05,3,y,1,1.3562560916561128,2.0
vanderpol_mu2,tv_diff,64,0.05,3,x*x,0,0.0,0.0
vanderpol_mu2,tv_diff,64,0.05,3,x*x,1,0.0,0.0
vanderpol_mu2,tv_diff,64,0.05,3,x*y,0,0.0,0.0
vanderpol_mu2,tv_diff,64,0.05,3,x*y,1,0.0,0.0
vanderpol_mu2,tv_diff,64,0.05,3,y*y,0,0.0,0.0
vanderpol_mu2,tv_diff,64,0.05,3,y*y,1,0.0,0.0
vanderpol_mu2,tv_diff,64,0.05,3,x*x*x,0,0.0,0.0
vanderpol_mu2,tv_diff,64,0.05,3,x*x*x,1,0.0,0.0
vanderpol_mu2,tv_diff,64,0.05,3,x*x*y,0,0.0,0.0
vanderpol_mu2,tv_diff,64,0.05,3,x*x*y,1,-1.2505126835864586,-2.0
vanderpol_mu2,tv_diff,64,0.05,3,x*y*y,0,0.0,0.0
vanderpol_mu2,tv_diff,64,0.05,3,x*y*y,1,0.0,0.0
vanderpol_mu2,tv_diff,64,0.05,3,y*y*y,0,0.0,0.0
vanderpol_mu2,tv_diff,64,0.05,3,y*y*y,1,0.0,0.0
vanderpol_mu2,baseline,64,0.05,4,1,0,0.0,0.0
vanderpol_mu2,baseline,64,0.05,4,1,1,0.0,0.0
vanderpol_mu2,baseline,64,0.05,4,x,0,0.0,0.0
vanderpol_mu2,baseline,64,0.05,4,x,1,-0.9252333264369036,-1.0
vanderpol_mu2,baseline,64,0.05,4,y,0,0.9105693321470072,1.0
vanderpol_mu2,baseline,64,0.05,4,y,1,1.3731441308822003,2.0
vanderpol_mu2,baseline,64,0.05,4,x*x,0,0.0,0.0
vanderpol_mu2,baseline,64,0.05,4,x*x,1,0.0,0.0
vanderpol_mu2,baseline,64,0.05,4,x*y,0,0.0,0.0
vanderpol_mu2,baseline,64,0.05,4,x*y,1,0.0,0.0
vanderpol_mu2,baseline,64,0.05,4,y*y,0,0.0,0.0
vanderpol_mu2,baseline,64,0.05,4,y*y,1,0.0,0.0
vanderpol_mu2,baseline,64,0.05,4,x*x*x,0,0.0,0.0
vanderpol_mu2,baseline,64,0.05,4,x*x*x,1,0.0,0.0
vanderpol_mu2,baseline,64,0.05,4,x*x*y,0,0.0,0.0
vanderpol_mu2,baseline,64,0.05,4,x*x*y,1,-1.273023122638062,-2.0
vanderpol_mu2,baseline,64,0.05,4,x*y*y,0,0.0,0.0
vanderpol_mu2,baseline,64,0.05,4,x*y*y,1,0.0,0.0
vanderpol_mu2,baseline,64,0.05,4,y*y*y,0,0.0,0.0
vanderpol_mu2,baseline,64,0.05,4,y*y*y,1,0.0,0.0
vanderpol_mu2,edmd_poly3,64,0.05,4,1,0,0.0,0.0
vanderpol_mu2,edmd_poly3,64,0.05,4,1,1,0.0,0.0
vanderpol_mu2,edmd_poly3,64,0.05,4,x,0,0.0,0.0
vanderpol_mu2,edmd_poly3,64,0.05,4,x,1,-1.0087744999682744,-1.0
vanderpol_mu2,edmd_poly3,64,0.05,4,y,0,0.9820557961097468,1.0
vanderpol_mu2,edmd_poly3,64,0.05,4,y,1,2.127702747697098,2.0
vanderpol_mu2,edmd_poly3,64,0.05,4,x*x,0,0.0,0.0
vanderpol_mu2,edmd_poly3,64,0.05,4,x*x,1,0.0,0.0
vanderpol_mu2,edmd_poly3,64,0.05,4,x*y,0,0.0,0.0
vanderpol_mu2,edmd_poly3,64,0.05,4,x*y,1,0.0,0.0
vanderpol_mu2,edmd_poly3,64,0.05,4,y*y,0,0.0,0.0
vanderpol_mu2,edmd_poly3,64,0.05,4,y*y,1,0.0,0.0
vanderpol_mu2,edmd_poly3,64,0.05,4,x*x*x,0,0.0,0.0
vanderpol_mu2,edmd_poly3,64,0.05,4,x*x*x,1,0.0,0.0
vanderpol_mu2,edmd_poly3,64,0.05,4,x*x*y,0,0.0,0.0
vanderpol_mu2,edmd_poly3,64,0.05,4,x*x*y,1,-2.0156998631176077,-2.0
vanderpol_mu2,edmd_poly3,64,0.05,4,x*y*y,0,0.0,0.0
vanderpol_mu2,edmd_poly3,64,0.05,4,x*y*y,1,0.0,0.0
vanderpol_mu2,edmd_poly3,64,0.05,4,y*y*y,0,0.0,0.0
vanderpol_mu2,edmd_poly3,64,0.05,4,y*y*y,1,0.0,0.0
vanderpol_mu2,tv_diff,64,0.05,4,1,0,0.0,0.0
vanderpol_mu2,tv_diff,64,0.05,4,1,1,0.0,0.0
vanderpol_mu2,tv_diff,64,0.05,4,x,0,0.0,0.0
vanderpol_mu2,tv_diff,64,0.05,4,x,1,-0.925370032004488,-1.0
vanderpol_mu2,tv_diff,64,0.05,4,y,0,0.910527905272961,1.0
vanderpol_mu2,tv_diff,64,0.05,4,y,1,1.3731868866369734,2.0
vanderpol_mu2,tv_diff,64,0.05,4,x*x,0,0.0,0.0
vanderpol_mu2,tv_diff,64,0.05,4,x*x,1,0.0,0.0
vanderpol_mu2,tv_diff,64,0.05,4,x*y,0,0.0,0.0
vanderpol_mu2,tv_diff,64,0.05,4,x*y,1,0.0,0.0
vanderpol_mu2,tv_diff,64,0.05,4,y*y,0,0.0,0.0
vanderpol_mu2,tv_diff,64,0.05,4,y*y,1,0.0,0.0
vanderpol_mu2,tv_diff,64,0.05,4,x*x*x,0,0.0,0.0
vanderpol_mu2,tv_diff,64,0.05,4,x*x*x,1,0.0,0.0
vanderpol_mu2,tv_diff,64,0.05,4,x*x*y,0,0.0,0.0
vanderpol_mu2,tv_diff,64,0.05,4,x*x*y,1,-1.273452062604712,-2.0
vanderpol_mu2,tv_diff,64,0.05,4,x*y*y,0,0.0,0.0
vanderpol_mu2,tv_diff,64,0.05,4,x*y*y,1,0.0,0.0
vanderpol_mu2,tv_diff,64,0.05,4,y*y*y,0,0.0,0.0
vanderpol_mu2,tv_diff,64,0.05,4,y*y*y,1,0.0,0.0
vanderpol_mu2,baseline,64,0.1,0,1,0,0.0,0.0
vanderpol_mu2,baseline,64,0.1,0,1,1,0.0,0.0
vanderpol_mu2,baseline,64,0.1,0,x,0,0.0,0.0
vanderpol_mu2,baseline,64,0.1,0,x,1,-0.8673500373620993,-1.0
vanderpol_mu2,baseline,64,0.1,0,y,0,0.9287864066599493,1.0
vanderpol_mu2,baseline,64,0.1,0,y,1,1.0890322836158133,2.0
vanderpol_mu2,baseline,64,0.1,0,x*x,0,0.0,0.0
vanderpol_mu2,baseline,64,0.1,0,x*x,1,0.0,0.0
vanderpol_mu2,baseline,64,0.1,0,x*y,0,0.0,0.0
vanderpol_mu2,baseline,64,0.1,0,x*y,1,0.0,0.0
vanderpol_mu2,baseline,64,0.1,0,y*y,0,0.0,0.0
vanderpol_mu2,baseline,64,0.1,0,y*y,1,0.0,0.0
vanderpol_mu2,baseline,64,0.1,0,x*x*x,0,0.0,0.0
vanderpol_mu2,baseline,64,0.1,0,x*x*x,1,0.0,0.0
vanderpol_mu2,baseline,64,0.1,0,x*x*y,0,0.0,0.0
vanderpol_mu2,baseline,64,0.1,0,x*x*y,1,-1.0308774098355187,-2.0
vanderpol_mu2,baseline,64,0.1,0,x*y*y,0,0.0,0.0
vanderpol_mu2,baseline,64,0.1,0,x*y*y,1,0.0,0.0
vanderpol_mu2,baseline,64,0.1,0,y*y*y,0,0.0,0.0
vanderpol_mu2,baseline,64,0.1,0,y*y*y,1,0.0,0.0
vanderpol_mu2,edmd_poly3,64,0.1,0,1,0,0.0,0.0
vanderpol_mu2,edmd_poly3,64,0.1,0,1,1,0.0,0.0
vanderpol_mu2,edmd_poly3,64,0.1,0,x,0,0.0,0.0
vanderpol_mu2,edmd_poly3,64,0.1,0,x,1,-0.9612242643118132,-1.0
vanderpol_mu2,edmd_poly3,64,0.1,0,y,0,1.0197350036543136,1.0
vanderpol_mu2,edmd_poly3,64,0.1,0,y,1,1.6944204164038648,2.0
vanderpol_mu2,edmd_poly3,64,0.1,0,x*x,0,0.0,0.0
vanderpol_mu2,edmd_poly3,64,0.1,0,x*x,1,0.0,0.0
vanderpol_mu2,edmd_poly3,64,0.1,0,x*y,0,0.0,0.0
vanderpol_mu2,edmd_poly3,64,0.1,0,x*y,1,0.0,0.0
vanderpol_mu2,edmd_poly3,64,0.1,0,y*y,0,0.0,0.0
vanderpol_mu2,edmd_poly3,64,0.1,0,y*y,1,0.0,0.0
vanderpol_mu2,edmd_poly3,64,0.1,0,x*x*x,0,0.0,0.0
vanderpol_mu2,edmd_poly3,64,0.1,0,x*x*x,1,0.0,0.0
vanderpol_mu2,edmd_poly3,64,0.1,0,x*x*y,0,0.0,0.0
vanderpol_mu2,edmd_poly3,64,0.1,0,x*x*y,1,-1.6496227560627081,-2.0
vanderpol_mu2,edmd_poly3,64,0.1,0,x*y*y,0,0.0,0.0
vanderpol_mu2,edmd_poly3,64,0.1,0,x*y*y,1,0.0,0.0
vanderpol_mu2,edmd_poly3,64,0.1,0,y*y*y,0,0.0,0.0
vanderpol_mu2,edmd_poly3,64,0.1,0,y*y*y,1,0.0,0.0
vanderpol_mu2,tv_diff,64,0.1,0,1,0,0.0,0.0
vanderpol_mu2,tv_diff,64,0.1,0,1,1,0.0,0.0
vanderpol_mu2,tv_diff,64,0.1,0,x,0,0.0,0.0
vanderpol_mu2,tv_diff,64,0.1,0,x,1,-0.8674330777129128,-1.0
vanderpol_mu2,tv_diff,64,0.1,0,y,0,0.9287859180797696,1.0
vanderpol_mu2,tv_diff,64,0.1,0,y,1,1.089378052170864,2.0
vanderpol_mu2,tv_diff,64,0.1,0,x*x,0,0.0,0.0
vanderpol_mu2,tv_diff,64,0.1,0,x*x,1,0.0,0.0
vanderpol_mu2,tv_diff,64,0.1,0,x*y,0,0.0,0.0
vanderpol_mu2,tv_diff,64,0.1,0,x*y,1,0.0,0.0
vanderpol_mu2,tv_diff,64,0.1,0,y*y,0,0.0,0.0
vanderpol_mu2,tv_diff,64,0.1,0,y*y,1,0.0,0.0
vanderpol_mu2,tv_diff,64,0.1,0,x*x*x,0,0.0,0.0
vanderpol_mu2,tv_diff,64,0.1,0,x*x*x,1,0.0,0.0
vanderpol_mu2,tv_diff,64,0.1,0,x*x*y,0,0.0,0.0
vanderpol_mu2,tv_diff,64,0.1,0,x*x*y,1,-1.031253273251771,-2.0
vanderpol_mu2,tv_diff,64,0.1,0,x*y*y,0,0.0,0.0
vanderpol_mu2,tv_diff,64,0.1,0,x*y*y,1,0.0,0.0
vanderpol_mu2,tv_diff,64,0.1,0,y*y*y,0,0.0,0.0
vanderpol_mu2,tv_diff,64,0.1,0,y*y*y,1,0.0,0.0
vanderpol_mu2,baseline,64,0.1,1,1,0,0.0,0.0
vanderpol_mu2,baseline,64,0.1,1,1,1,0.0,0.0
vanderpol_mu2,baseline,64,0.1,1,x,0,0.0,0.0
vanderpol_mu2,baseline,64,0.1,1,x,1,-0.9535580299162374,-1.0
vanderpol_mu2,baseline,64,0.1,1,y,0,0.9207262682906444,1.0
vanderpol_mu2,baseline,64,0.1,1,y,1,1.2604874592753608,2.0
vanderpol_mu2,baseline,64,0.1,1,x*x,0,0.0,0.0
vanderpol_mu2,baseline,64,0.1,1,x*x,1,0.0,0.0
vanderpol_mu2,baseline,64,0.1,1,x*y,0,0.0,0.0
vanderpol_mu2,baseline,64,0.1,1,x*y,1,0.0,0.0
vanderpol_mu2,baseline,64,0.1,1,y*y,0,0.0,0.0
vanderpol_mu2,baseline,64,0.1,1,y*y,1,0.0,0.0
vanderpol_mu2,baseline,64,0.1,1,x*x*x,0,0.0,0.0
vanderpol_mu2,baseline,64,0.1,1,x*x*x,1,0.0,0.0
vanderpol_mu2,baseline,64,0.1,1,x*x*y,0,0.0,0.0
vanderpol_mu2,baseline,64,0.1,1,x*x*y,1,-1.233818397784132,-2.0
vanderpol_mu2,baseline,64,0.1,1,x*y*y,0,0.0,0.0
vanderpol_mu2,baseline,64,0.1,1,x*y*y,1,0.0,0.0
vanderpol_mu2,baseline,64,0.1,1,y*y*y,0,0.0,0.0
vanderpol_mu2,baseline,64,0.1,1,y*y*y,1,0.0,0.0
vanderpol_mu2,edmd_poly3,64,0.1,1,1,0,0.0,0.0
vanderpol_mu2,edmd_poly3,64,0.1,1,1,1,0.0,0.0
vanderpol_mu2,edmd_poly3,64,0.1,1,x,0,0.0,0.0
vanderpol_mu2,edmd_poly3,64,0.1,1,x,1,-1.0160826399271186,-1.0
vanderpol_mu2,edmd_poly3,64,0.1,1,y,0,1.0081425729528746,1.0
vanderpol_mu2,edmd_poly3,64,0.1,1,y,1,2.107608093519496,2.0
vanderpol_mu2,edmd_poly3,64,0.1,1,x*x,0,0.0,0.0
vanderpol_mu2,edmd_poly3,64,0.1,1,x*x,1,0.0,0.0
vanderpol_mu2,edmd_poly3,64,0.1,1,x*y,0,0.0,0.0
vanderpol_mu2,edmd_poly3,64,0.1,1,x*y,1,0.0,0.0
vanderpol_mu2,edmd_poly3,64,0.1,1,y*y,0,0.0,0.0
vanderpol_mu2,edmd_poly3,64,0.1,1,y*y,1,0.0,0.0
vanderpol_mu2,edmd_poly3,64,0.1,1,x*x*x,0,0.0,0.0
vanderpol_mu2,edmd_poly3,64,0.1,1,x*x*x,1,0.0,0.0
vanderpol_mu2,edmd_poly3,64,0.1,1,x*x*y,0,0.0,0.0
vanderpol_mu2,edmd_poly3,64,0.1,1,x*x*y,1,-2.0086193009066884,-2.0
vanderpol_mu2,edmd_poly3,64,0.1,1,x*y*y,0,0.0,0.0
vanderpol_mu2,edmd_poly3,64,0.1,1,x*y*y,1,0.0,0.0
vanderpol_mu2,edmd_poly3,64,0.1,1,y*y*y,0,0.0,0.0
vanderpol_mu2,edmd_poly3,64,0.1,1,y*y*y,1,0.0,0.0
vanderpol_mu2,tv_diff,64,0.1,1,1,0,0.0,0.0
vanderpol_mu2,tv_diff,64,0.1,1,1,1,0.0,0.0
vanderpol_mu2,tv_diff,64,0.1,1,x,0,0.0,0.0
vanderpol_mu2,tv_diff,64,0.1,1,x,1,-0.9535263541334654,-1.0
vanderpol_mu2,tv_diff,64,0.1,1,y,0,0.9207510247481762,1.0
vanderpol_mu2,tv_diff,64,0.1,1,y,1,1.2606039457166054,2.0
vanderpol_mu2,tv_diff,64,0.1,1,x*x,0,0.0,0.0
vanderpol_mu2,tv_diff,64,0.1,1,x*x,1,0.0,0.0
vanderpol_mu2,tv_diff,64,0.1,1,x*y,0,0.0,0.0
vanderpol_mu2,tv_diff,64,0.1,1,x*y,1,0.0,0.0
vanderpol_mu2,tv_diff,64,0.1,1,y*y,0,0.0,0.0
vanderpol_mu2,tv_diff,64,0.1,1,y*y,1,0.0,0.0
vanderpol_mu2,tv_diff,64,0.1,1,x*x*x,0,0.0,0.0
vanderpol_mu2,tv_diff,64,0.1,1,x*x*x,1,0.0,0.0
vanderpol_mu2,tv_diff,64,0.1,1,x*x*y,0,0.0,0.0
vanderpol_mu2,tv_diff,64,0.1,1,x*x*y,1,-1.2341301107235705,-2.0
vanderpol_mu2,tv_diff,64,0.1,1,x*y*y,0,0.0,0.0
vanderpol_mu2,tv_diff,64,0.1,1,x*y*y,1,0.0,0.0
vanderpol_mu2,tv_diff,64,0.1,1,y*y*y,0,0.0,0.0
vanderpol_mu2,tv_diff,64,0.1,1,y*y*y,1,0.0,0.0
vanderpol_mu2,baseline,64,0.1,2,1,0,0.0,0.0
vanderpol_mu2,baseline,64,0.1,2,1,1,0.0,0.0
vanderpol_mu2,baseline,64,0.1,2,x,0,0.0,0.0
vanderpol_mu2,baseline,64,0.1,2,x,1,0.0,-1.0
vanderpol_mu2,baseline,64,0.1,2,y,0,0.92332425343021,1.0
vanderpol_mu2,baseline,64,0.1,2,y,1,1.190520151115305,2.0
vanderpol_mu2,baseline,64,0.1,2,x*x,0,0.0,0.0
vanderpol_mu2,baseline,64,0.1,2,x*x,1,0.0,0.0
vanderpol_mu2,baseline,64,0.1,2,x*y,0,0.0,0.0
vanderpol_mu2,baseline,64,0.1,2,x*y,1,0.0,0.0
vanderpol_mu2,baseline,64,0.1,2,y*y,0,0.0,0.0
vanderpol_mu2,baseline,64,0.1,2,y*y,1,0.0,0.0
vanderpol_mu2,baseline,64,0.1,2,x*x*x,0,0.0,0.0
vanderpol_mu2,baseline,64,0.1,2,x*x*x,1,0.0,0.0
vanderpol_mu2,baseline,64,0.1,2,x*x*y,0,0.0,0.0
vanderpol_mu2,baseline,64,0.1,2,x*x*y,1,-1.1651742249013837,-2.0
vanderpol_mu2,baseline,64,0.1,2,x*y*y,0,0.0,0.0
vanderpol_mu2,baseline,64,0.1,2,x*y*y,1,0.0,0.0
vanderpol_mu2,baseline,64,0.1,2,y*y*y,0,0.0,0.0
vanderpol_mu2,baseline,64,0.1,2,y*y*y,1,0.0,0.0
vanderpol_mu2,edmd_poly3,64,0.1,2,1,0,0.0,0.0
vanderpol_mu2,edmd_poly3,64,0.1,2,1,1,0.0,0.0
vanderpol_mu2,edmd_poly3,64,0.1,2,x,0,0.0,0.0
vanderpol_mu2,edmd_poly3,64,0.1,2,x,1,-1.1011577050337362,-1.0
vanderpol_mu2,edmd_poly3,64,0.1,2,y,0,1.0056247622022072,1.0
vanderpol_mu2,edmd_poly3,64,0.1,2,y,1,2.1677518203604453,2.0
vanderpol_mu2,edmd_poly3,64,0.1,2,x*x,0,0.0,0.0
vanderpol_mu2,edmd_poly3,64,0.1,2,x*x,1,0.0,0.0
vanderpol_mu2,edmd_poly3,64,0.1,2,x*y,0,0.0,0.0
vanderpol_mu2,edmd_poly3,64,0.1,2,x*y,1,0.0,0.0
vanderpol_mu2,edmd_poly3,64,0.1,2,y*y,0,0.0,0.0
vanderpol_mu2,edmd_poly3,64,0.1,2,y*y,1,0.0,0.0
vanderpol_mu2,edmd_poly3,64,0.1,2,x*x*x,0,0.0,0.0
vanderpol_mu2,edmd_poly3,64,0.1,2,x*x*x,1,0.0,0.0
vanderpol_mu2,edmd_poly3,64,0.1,2,x*x*y,0,0.0,0.0
vanderpol_mu2,edmd_poly3,64,0.1,2,x*x*y,1,-2.1816147123252785,-2.0
vanderpol_mu2,edmd_poly3,64,0.1,2,x*y*y,0,0.0,0.0
vanderpol_mu2,edmd_poly3,64,0.1,2,x*y*y,1,0.0,0.0
vanderpol_mu2,edmd_poly3,64,0.1,2,y*y*y,0,0.0,0.0
vanderpol_mu2,edmd_poly3,64,0.1,2,y*y*y,1,0.0,0.0
vanderpol_mu2,tv_diff,64,0.1,2,1,0,0.0,0.0
vanderpol_mu2,tv_diff,64,0.1,2,1,1,0.0,0.0
vanderpol_mu2,tv_diff,64,0.1,2,x,0,0.0,0.0
vanderpol_mu2,tv_diff,64,0.1,2,x,1,0.0,-1.0
vanderpol_mu2,tv_diff,64,0.1,2,y,0,0.9233073208751512,1.0
vanderpol_mu2,tv_diff,64,0.1,2,y,1,1.1904349722392251,2.0
vanderpol_mu2,tv_diff,64,0.1,2,x*x,0,0.0,0.0
vanderpol_mu2,tv_diff,64,0.1,2,x*x,1,0.0,0.0
vanderpol_mu2,tv_diff,64,0.1,2,x*y,0,0.0,0.0
vanderpol_mu2,tv_diff,64,0.1,2,x*y,1,0.0,0.0
vanderpol_mu2,tv_diff,64,0.1,2,y*y,0,0.0,0.0
vanderpol_mu2,tv_diff,64,0.1,2,y*y,1,0.0,0.0
vanderpol_mu2,tv_diff,64,0.1,2,x*x*x,0,0.0,0.0
vanderpol_mu2,tv_diff,64,0.1,2,x*x*x,1,0.0,0.0
vanderpol_mu2,tv_diff,64,0.1,2,x*x*y,0,0.0,0.0
vanderpol_mu2,tv_diff,64,0.1,2,x*x*y,1,-1.1655034551277113,-2.0
vanderpol_mu2,tv_diff,64,0.1,2,x*y*y,0,0.0,0.0
vanderpol_mu2,tv_diff,64,0.1,2,x*y*y,1,0.0,0.0
vanderpol_mu2,tv_diff,64,0.1,2,y*y*y,0,0.0,0.0
vanderpol_mu2,tv_diff,64,0.1,2,y*y*y,1,0.0,0.0
vanderpol_mu2,baseline,64,0.1,3,1,0,0.0,0.0
vanderpol_mu2,baseline,64,0.1,3,1,1,0.0,0.0
vanderpol_mu2,baseline,64,0.1,3,x,0,0.0,0.0
vanderpol_mu2,baseline,64,0.1,3,x,1,-0.8723686159399364,-1.0
vanderpol_mu2,baseline,64,0.1,3,y,0,0.9087317738406284,1.0
vanderpol_mu2,baseline,64,0.1,3,y,1,1.2688059451676623,2.0
vanderpol_mu2,baseline,64,0.1,3,x*x,0,0.0,0.0
vanderpol_mu2,baseline,64,0.1,3,x*x,1,0.0,0.0
vanderpol_mu2,baseline,64,0.1,3,x*y,0,0.0,0.0
vanderpol_mu2,baseline,64,0.1,3,x*y,1,0.0,0.0
vanderpol_mu2,baseline,64,0.1,3,y*y,0,0.0,0.0
vanderpol_mu2,baseline,64,0.1,3,y*y,1,0.0,0.0
vanderpol_mu2,baseline,64,0.1,3,x*x*x,0,0.0,0.0
vanderpol_mu2,baseline,64,0.1,3,x*x*x,1,0.0,0.0
vanderpol_mu2,baseline,64,0.1,3,x*x*y,0,0.0,0.0
vanderpol_mu2,baseline,64,0.1,3,x*x*y,1,-1.0528142191537542,-2.0
vanderpol_mu2,baseline,64,0.1,3,x*y*y,0,0.0,0.0
vanderpol_mu2,baseline,64,0.1,3,x*y*y,1,0.0,0.0
vanderpol_mu2,baseline,64,0.1,3,y*y*y,0,0.0,0.0
vanderpol_mu2,baseline,64,0.1,3,y*y*y,1,0.0,0.0
vanderpol_mu2,edmd_poly3,64,0.1,3,1,0,0.0,0.0
vanderpol_mu2,edmd_poly3,64,0.1,3,1,1,0.0,0.0
vanderpol_mu2,edmd_poly3,64,0.1,3,x,0,0.0,0.0
vanderpol_mu2,edmd_poly3,64,0.1,3,x,1,-0.9359938986876699,-1.0
vanderpol_mu2,edmd_poly3,64,0.1,3,y,0,0.9975137390331561,1.0
vanderpol_mu2,edmd_poly3,64,0.1,3,y,1,2.0464492467886695,2.0
vanderpol_mu2,edmd_poly3,64,0.1,3,x*x,0,0.0,0.0
vanderpol_mu2,edmd_poly3,64,0.1,3,x*x,1,0.0,0.0
vanderpol_mu2,edmd_poly3,64,0.1,3,x*y,0,0.0,0.0
vanderpol_mu2,edmd_poly3,64,0.1,3,x*y,1,0.0,0.0
vanderpol_mu2,edmd_poly3,64,0.1,3,y*y,0,0.0,0.0
vanderpol_mu2,edmd_poly3,64,0.1,3,y*y,1,0.0,0.0
vanderpol_mu2,edmd_poly3,64,0.1,3,x*x*x,0,0.0,0.0
vanderpol_mu2,edmd_poly3,64,0.1,3,x*x*x,1,0.0,0.0
vanderpol_mu2,edmd_poly3,64,0.1,3,x*x*y,0,0.0,0.0
vanderpol_mu2,edmd_poly3,64,0.1,3,x*x*y,1,-1.760759430351576,-2.0
vanderpol_mu2,edmd_poly3,64,0.1,3,x*y*y,0,0.0,0.0
vanderpol_mu2,edmd_poly3,64,0.1,3,x*y*y,1,0.0,0.0
vanderpol_mu2,edmd_poly3,64,0.1,3,y*y*y,0,0.0,0.0
vanderpol_mu2,edmd_poly3,64,0.1,3,y*y*y,1,0.0,0.0
vanderpol_mu2,tv_diff,64,0.1,3,1,0,0.0,0.0
vanderpol_mu2,tv_diff,64,0.1,3,1,1,0.0,0.0
vanderpol_mu2,tv_diff,64,0.1,3,x,0,0.0,0.0
vanderpol_mu2,tv_diff,64,0.1,3,x,1,-0.8724072561629832,-1.0
vanderpol_mu2,tv_diff,64,0.1,3,y,0,0.9087168743779309,1.0
vanderpol_mu2,tv_diff,64,0.1,3,y,1,1.2688802649837592,2.0
vanderpol_mu2,tv_diff,64,0.1,3,x*x,0,0.0,0.0
vanderpol_mu2,tv_diff,64,0.1,3,x*x,1,0.0,0.0
vanderpol_mu2,tv_diff,64,0.1,3,x*y,0,0.0,0.0
vanderpol_mu2,tv_diff,64,0.1,3,x*y,1,0.0,0.0
vanderpol_mu2,tv_diff,64,0.1,3,y*y,0,0.0,0.0
vanderpol_mu2,tv_diff,64,0.1,3,y*y,1,0.0,0.0
vanderpol_mu2,tv_diff,64,0.1,3,x*x*x,0,0.0,0.0
vanderpol_mu2,tv_diff,64,0.1,3,x*x*x,1,0.0,0.0
vanderpol_mu2,tv_diff,64,0.1,3,x*x*y,0,0.0,0.0
vanderpol_mu2,tv_diff,64,0.1,3,x*x*y,1,-1.0531928106909718,-2.0
vanderpol_mu2,tv_diff,64,0.1,3,x*y*y,0,0.0,0.0
vanderpol_mu2,tv_diff,64,0.1,3,x*y*y,1,0.0,0.0
vanderpol_mu2,tv_diff,64,0.1,3,y*y*y,0,0.0,0.0
vanderpol_mu2,tv_diff,64,0.1,3,y*y*y,1,0.0,0.0
vanderpol_mu2,baseline,64,0.1,4,1,0,0.0,0.0
vanderpol_mu2,baseline,64,0.1,4,1,1,0.0,0.0
vanderpol_mu2,baseline,64,0.1,4,x,0,0.0,0.0
vanderpol_mu2,baseline,64,0.1,4,x,1,-0.992205650942844,-1.0
vanderpol_mu2,baseline,64,0.1,4,y,0,0.8628556096259086,1.0
vanderpol_mu2,baseline,64,0.1,4,y,1,1.2623449035391021,2.0
vanderpol_mu2,baseline,64,0.1,4,x*x,0,0.0,0.0
vanderpol_mu2,baseline,64,0.1,4,x*x,1,0.0,0.0
vanderpol_mu2,baseline,64,0.1,4,x*y,0,0.0,0.0
vanderpol_mu2,baseline,64,0.1,4,x*y,1,0.0,0.0
vanderpol_mu2,baseline,64,0.1,4,y*y,0,0.0,0.0
vanderpol_mu2,baseline,64,0.1,4,y*y,1,0.0,0.0
vanderpol_mu2,baseline,64,0.1,4,x*x*x,0,0.0,0.0
vanderpol_mu2,baseline,64,0.1,4,x*x*x,1,0.0,0.0
vanderpol_mu2,baseline,64,0.1,4,x*x*y,0,0.0,0.0
vanderpol_mu2,baseline,64,0.1,4,x*x*y,1,-1.2717960905516448,-2.0
vanderpol_mu2,baseline,64,0.1,4,x*y*y,0,0.0,0.0
vanderpol_mu2,baseline,64,0.1,4,x*y*y,1,0.0,0.0
vanderpol_mu2,baseline,64,0.1,4,y*y*y,0,0.0,0.0
vanderpol_mu2,baseline,64,0.1,4,y*y*y,1,0.0,0.0
vanderpol_mu2,edmd_poly3,64,0.1,4,1,0,0.0,0.0
vanderpol_mu2,edmd_poly3,64,0.1,4,1,1,0.0,0.0
vanderpol_mu2,edmd_poly3,64,0.1,4,x,0,0.0,0.0
vanderpol_mu2,edmd_poly3,64,0.1,4,x,1,-1.1293486151185548,-1.0
vanderpol_mu2,edmd_poly3,64,0.1,4,y,0,0.9319071166107666,1.0
vanderpol_mu2,edmd_poly3,64,0.1,4,y,1,2.199658395433067,2.0
vanderpol_mu2,edmd_poly3,64,0.1,4,x*x,0,0.0,0.0
vanderpol_mu2,edmd_poly3,64,0.1,4,x*x,1,0.0,0.0
vanderpol_mu2,edmd_poly3,64,0.1,4,x*y,0,0.0,0.0
vanderpol_mu2,edmd_poly3,64,0.1,4,x*y,1,0.0,0.0
vanderpol_mu2,edmd_poly3,64,0.1,4,y*y,0,0.0,0.0
vanderpol_mu2,edmd_poly3,64,0.1,4,y*y,1,0.0,0.0
vanderpol_mu2,edmd_poly3,64,0.1,4,x*x*x,0,0.0,0.0
vanderpol_mu2,edmd_poly3,64,0.1,4,x*x*x,1,0.0,0.0
vanderpol_mu2,edmd_poly3,64,0.1,4,x*x*y,0,0.0,0.0
vanderpol_mu2,edmd_poly3,64,0.1,4,x*x*y,1,-2.2065341904797364,-2.0
vanderpol_mu2,edmd_poly3,64,0.1,4,x*y*y,0,0.0,0.0
vanderpol_mu2,edmd_poly3,64,0.1,4,x*y*y,1,0.0,0.0
vanderpol_mu2,edmd_poly3,64,0.1,4,y*y*y,0,0.0,0.0
vanderpol_mu2,edmd_poly3,64,0.1,4,y*y*y,1,0.0,0.0
vanderpol_mu2,tv_diff,64,0.1,4,1,0,0.0,0.0
vanderpol_mu2,tv_diff,64,0.1,4,1,1,0.0,0.0
vanderpol_mu2,tv_diff,64,0.1,4,x,0,0.0,0.0
vanderpol_mu2,tv_diff,64,0.1,4,x,1,-0.9923959017563652,-1.0
vanderpol_mu2,tv_diff,64,0.1,4,y,0,0.8628585948438241,1.0
vanderpol_mu2,tv_diff,64,0.1,4,y,1,1.2624327995964895,2.0
vanderpol_mu2,tv_diff,64,0.1,4,x*x,0,0.0,0.0
vanderpol_mu2,tv_diff,64,0.1,4,x*x,1,0.0,0.0
vanderpol_mu2,tv_diff,64,0.1,4,x*y,0,0.0,0.0
vanderpol_mu2,tv_diff,64,0.1,4,x*y,1,0.0,0.0
vanderpol_mu2,tv_diff,64,0.1,4,y*y,0,0.0,0.0
vanderpol_mu2,tv_diff,64,0.1,4,y*y,1,0.0,0.0
vanderpol_mu2,tv_diff,64,0.1,4,x*x*x,0,0.0,0.0
vanderpol_mu2,tv_diff,64,0.1,4,x*x*x,1,0.0,0.0
vanderpol_mu2,tv_diff,64,0.1,4,x*x*y,0,0.0,0.0
vanderpol_mu2,tv_diff,64,0.1,4,x*x*y,1,-1.2723483196723844,-2.0
vanderpol_mu2,tv_diff,64,0.1,4,x*y*y,0,0.0,0.0
vanderpol_mu2,tv_diff,64,0.1,4,x*y*y,1,0.0,0.0
vanderpol_mu2,tv_diff,64,0.1,4,y*y*y,0,0.0,0.0
vanderpol_mu2,tv_diff,64,0.1,4,y*y*y,1,0.0,0.0
vanderpol_mu2,baseline,64,0.2,0,1,0,0.0,0.0
vanderpol_mu2,baseline,64,0.2,0,1,1,0.0,0.0
vanderpol_mu2,baseline,64,0.2,0,x,0,0.0,0.0
vanderpol_mu2,baseline,64,0.2,0,x,1,-0.8448696875365176,-1.0
vanderpol_mu2,baseline,64,0.2,0,y,0,0.9006072180829555,1.0
vanderpol_mu2,baseline,64,0.2,0,y,1,1.191876086976767,2.0
vanderpol_mu2,baseline,64,0.2,0,x*x,0,0.0,0.0
vanderpol_mu2,baseline,64,0.2,0,x*x,1,0.0,0.0
vanderpol_mu2,baseline,64,0.2,0,x*y,0,0.0,0.0
vanderpol_mu2,baseline,64,0.2,0,x*y,1,0.0,0.0
vanderpol_mu2,baseline,64,0.2,0,y*y,0,0.0,0.0
vanderpol_mu2,baseline,64,0.2,0,y*y,1,0.0,0.0
vanderpol_mu2,baseline,64,0.2,0,x*x*x,0,0.0,0.0
vanderpol_mu2,baseline,64,0.2,0,x*x*x,1,0.0,0.0
vanderpol_mu2,baseline,64,0.2,0,x*x*y,0,0.0,0.0
vanderpol_mu2,baseline,64,0.2,0,x*x*y,1,-0.9263575502826362,-2.0
vanderpol_mu2,baseline,64,0.2,0,x*y*y,0,0.0,0.0
vanderpol_mu2,baseline,64,0.2,0,x*y*y,1,0.0,0.0
vanderpol_mu2,baseline,64,0.2,0,y*y*y,0,0.0,0.0
vanderpol_mu2,baseline,64,0.2,0,y*y*y,1,0.0,0.0
vanderpol_mu2,edmd_poly3,64,0.2,0,1,0,0.0,0.0
vanderpol_mu2,edmd_poly3,64,0.2,0,1,1,0.0,0.0
vanderpol_mu2,edmd_poly3,64,0.2,0,x,0,0.0,0.0
vanderpol_mu2,edmd_poly3,64,0.2,0,x,1,-1.4681179449671156,-1.0
vanderpol_mu2,edmd_poly3,64,0.2,0,y,0,0.0,1.0
vanderpol_mu2,edmd_poly3,64,0.2,0,y,1,0.0,2.0
vanderpol_mu2,edmd_poly3,64,0.2,0,x*x,0,0.0,0.0
vanderpol_mu2,edmd_poly3,64,0.2,0,x*x,1,0.0,0.0
vanderpol_mu2,edmd_poly3,64,0.2,0,x*y,0,0.0,0.0
vanderpol_mu2,edmd_poly3,64,0.2,0,x*y,1,0.0,0.0
vanderpol_mu2,edmd_poly3,64,0.2,0,y*y,0,0.0,0.0
vanderpol_mu2,edmd_poly3,64,0.2,0,y*y,1,0.0,0.0
vanderpol_mu2,edmd_poly3,64,0.2,0,x*x*x,0,0.0,0.0
vanderpol_mu2,edmd_poly3,64,0.2,0,x*x*x,1,0.0,0.0
vanderpol_mu2,edmd_poly3,64,0.2,0,x*x*y,0,0.46091873706660297,0.0
vanderpol_mu2,edmd_poly3,64,0.2,0,x*x*y,1,-1.506640610792213,-2.0
vanderpol_mu2,edmd_poly3,64,0.2,0,x*y*y,0,0.0,0.0
vanderpol_mu2,edmd_poly3,64,0.2,0,x*y*y,1,0.3368005109168425,0.0
vanderpol_mu2,edmd_poly3,64,0.2,0,y*y*y,0,0.0,0.0
vanderpol_mu2,edmd_poly3,64,0.2,0,y*y*y,1,0.0,0.0
vanderpol_mu2,tv_diff,64,0.2,0,1,0,0.0,0.0
vanderpol_mu2,tv_diff,64,0.2,0,1,1,0.0,0.0
vanderpol_mu2,tv_diff,64,0.2,0,x,0,0.0,0.0
vanderpol_mu2,tv_diff,64,0.2,0,x,1,-0.8450303595812968,-1.0
vanderpol_mu2,tv_diff,64,0.2,0,y,0,0.900616310715909,1.0
vanderpol_mu2,tv_diff,64,0.2,0,y,1,1.192200324107663,2.0
vanderpol_mu2,tv_diff,64,0.2,0,x*x,0,0.0,0.0
vanderpol_mu2,tv_diff,64,0.2,0,x*x,1,0.0,0.0
vanderpol_mu2,tv_diff,64,0.2,0,x*y,0,0.0,0.0
vanderpol_mu2,tv_diff,64,0.2,0,x*y,1,0.0,0.0
vanderpol_mu2,tv_diff,64,0.2,0,y*y,0,0.0,0.0
vanderpol_mu2,tv_diff,64,0.2,0,y*y,1,0.0,0.0
vanderpol_mu2,tv_diff,64,0.2,0,x*x*x,0,0.0,0.0
vanderpol_mu2,tv_diff,64,0.2,0,x*x*x,1,0.0,0.0
vanderpol_mu2,tv_diff,64,0.2,0,x*x*y,0,0.0,0.0
vanderpol_mu2,tv_diff,64,0.2,0,x*x*y,1,-0.9270444125848266,-2.0
vanderpol_mu2,tv_diff,64,0.2,0,x*y*y,0,0.0,0.0
vanderpol_mu2,tv_diff,64,0.2,0,x*y*y,1,0.0,0.0
vanderpol_mu2,tv_diff,64,0.2,0,y*y*y,0,0.0,0.0
vanderpol_mu2,tv_diff,64,0.2,0,y*y*y,1,0.0,0.0
vanderpol_mu2,baseline,64,0.2,1,1,0,0.0,0.0
vanderpol_mu2,baseline,64,0.2,1,1,1,0.0,0.0
vanderpol_mu2,baseline,64,0.2,1,x,0,0.0,0.0
vanderpol_mu2,baseline,64,0.2,1,x,1,-0.7877905453334327,-1.0
vanderpol_mu2,baseline,64,0.2,1,y,0,0.9844379051819381,1.0
vanderpol_mu2,baseline,64,0.2,1,y,1,0.9154495136477822,2.0
vanderpol_mu2,baseline,64,0.2,1,x*x,0,0.0,0.0
vanderpol_mu2,baseline,64,0.2,1,x*x,1,0.0,0.0
vanderpol_mu2,baseline,64,0.2,1,x*y,0,0.0,0.0
vanderpol_mu2,baseline,64,0.2,1,x*y,1,0.0,0.0
vanderpol_mu2,baseline,64,0.2,1,y*y,0,0.0,0.0
vanderpol_mu2,baseline,64,0.2,1,y*y,1,0.0,0.0
vanderpol_mu2,baseline,64,0.2,1,x*x*x,0,0.0,0.0
vanderpol_mu2,baseline,64,0.2,1,x*x*x,1,0.0,0.0
vanderpol_mu2,baseline,64,0.2,1,x*x*y,0,0.0,0.0
vanderpol_mu2,baseline,64,0.2,1,x*x*y,1,-0.633167455902042,-2.0
vanderpol_mu2,baseline,64,0.2,1,x*y*y,0,0.0,0.0
vanderpol_mu2,baseline,64,0.2,1,x*y*y,1,0.0,0.0
vanderpol_mu2,baseline,64,0.2,1,y*y*y,0,0.0,0.0
vanderpol_mu2,baseline,64,0.2,1,y*y*y,1,0.0,0.0
vanderpol_mu2,edmd_poly3,64,0.2,1,1,0,0.0,0.0
vanderpol_mu2,edmd_poly3,64,0.2,1,1,1,0.0,0.0
vanderpol_mu2,edmd_poly3,64,0.2,1,x,0,0.0,0.0
vanderpol_mu2,edmd_poly3,64,0.2,1,x,1,0.0,-1.0
vanderpol_mu2,edmd_poly3,64,0.2,1,y,0,0.0,1.0
vanderpol_mu2,edmd_poly3,64,0.2,1,y,1,2.076588384778928,2.0
vanderpol_mu2,edmd_poly3,64,0.2,1,x*x,0,0.0,0.0
vanderpol_mu2,edmd_poly3,64,0.2,1,x*x,1,0.0,0.0
vanderpol_mu2,edmd_poly3,64,0.2,1,x*y,0,0.0,0.0
vanderpol_mu2,edmd_poly3,64,0.2,1,x*y,1,0.0,0.0
vanderpol_mu2,edmd_poly3,64,0.2,1,y*y,0,0.0,0.0
vanderpol_mu2,edmd_poly3,64,0.2,1,y*y,1,0.0,0.0
vanderpol_mu2,edmd_poly3,64,0.2,1,x*x*x,0,0.0,0.0
vanderpol_mu2,edmd_poly3,64,0.2,1,x*x*x,1,0.0,0.0
vanderpol_mu2,edmd_poly3,64,0.2,1,x*x*y,0,0.0,0.0
vanderpol_mu2,edmd_poly3,64,0.2,1,x*x*y,1,-1.3602589850406948,-2.0
vanderpol_mu2,edmd_poly3,64,0.2,1,x*y*y,0,0.0,0.0
vanderpol_mu2,edmd_poly3,64,0.2,1,x*y*y,1,0.0,0.0
vanderpol_mu2,edmd_poly3,64,0.2,1,y*y*y,0,0.0,0.0
vanderpol_mu2,edmd_poly3,64,0.2,1,y*y*y,1,0.0,0.0
vanderpol_mu2,tv_diff,64,0.2,1,1,0,0.0,0.0
vanderpol_mu2,tv_diff,64,0.2,1,1,1,0.0,0.0
vanderpol_mu2,tv_diff,64,0.2,1,x,0,0.0,0.0
vanderpol_mu2,tv_diff,64,0.2,1,x,1,-0.787787201180696,-1.0
vanderpol_mu2,tv_diff,64,0.2,1,y,0,0.9844537561981845,1.0
vanderpol_mu2,tv_diff,64,0.2,1,y,1,0.9154950088743027,2.0
vanderpol_mu2,tv_diff,64,0.2,1,x*x,0,0.0,0.0
vanderpol_mu2,tv_diff,64,0.2,1,x*x,1,0.0,0.0
vanderpol_mu2,tv_diff,64,0.2,1,x*y,0,0.0,0.0
vanderpol_mu2,tv_diff,64,0.2,1,x*y,1,0.0,0.0
vanderpol_mu2,tv_diff,64,0.2,1,y*y,0,0.0,0.0
vanderpol_mu2,tv_diff,64,0.2,1,y*y,1,0.0,0.0
vanderpol_mu2,tv_diff,64,0.2,1,x*x*x,0,0.0,0.0
vanderpol_mu2,tv_diff,64,0.2,1,x*x*x,1,0.0,0.0
vanderpol_mu2,tv_diff,64,0.2,1,x*x*y,0,0.0,0.0
vanderpol_mu2,tv_diff,64,0.2,1,x*x*y,1,-0.6333434906412545,-2.0
vanderpol_mu2,tv_diff,64,0.2,1,x*y*y,0,0.0,0.0
vanderpol_mu2,tv_diff,64,0.2,1,x*y*y,1,0.0,0.0
vanderpol_mu2,tv_diff,64,0.2,1,y*y*y,0,0.0,0.0
vanderpol_mu2,tv_diff,64,0.2,1,y*y*y,1,0.0,0.0
vanderpol_mu2,baseline,64,0.2,2,1,0,0.0,0.0
vanderpol_mu2,baseline,64,0.2,2,1,1,0.0,0.0
vanderpol_mu2,baseline,64,0.2,2,x,0,0.0,0.0
vanderpol_mu2,baseline,64,0.2,2,x,1,-0.9338663835731401,-1.0
vanderpol_mu2,baseline,64,0.2,2,y,0,0.8905185251957772,1.0
vanderpol_mu2,baseline,64,0.2,2,y,1,0.9745348360413503,2.0
vanderpol_mu2,baseline,64,0.2,2,x*x,0,0.0,0.0
vanderpol_mu2,baseline,64,0.2,2,x*x,1,0.0,0.0
vanderpol_mu2,baseline,64,0.2,2,x*y,0,0.0,0.0
vanderpol_mu2,baseline,64,0.2,2,x*y,1,-0.4186140083895454,0.0
vanderpol_mu2,baseline,64,0.2,2,y*y,0,0.0,0.0
vanderpol_mu2,baseline,64,0.2,2,y*y,1,0.0,0.0
vanderpol_mu2,baseline,64,0.2,2,x*x*x,0,0.0,0.0
vanderpol_mu2,baseline,64,0.2,2,x*x*x,1,0.0,0.0
vanderpol_mu2,baseline,64,0.2,2,x*x*y,0,0.0,0.0
vanderpol_mu2,baseline,64,0.2,2,x*x*y,1,-0.9440292442578793,-2.0
vanderpol_mu2,baseline,64,0.2,2,x*y*y,0,0.0,0.0
vanderpol_mu2,baseline,64,0.2,2,x*y*y,1,0.0,0.0
vanderpol_mu2,baseline,64,0.2,2,y*y*y,0,0.0,0.0
vanderpol_mu2,baseline,64,0.2,2,y*y*y,1,0.0,0.0
vanderpol_mu2,edmd_poly3,64,0.2,2,1,0,0.0,0.0
vanderpol_mu2,edmd_poly3,64,0.2,2,1,1,0.0,0.0
vanderpol_mu2,edmd_poly3,64,0.2,2,x,0,0.0,0.0
vanderpol_mu2,edmd_poly3,64,0.2,2,x,1,-0.9837137309370046,-1.0
vanderpol_mu2,edmd_poly3,64,0.2,2,y,0,0.9743616425457373,1.0
vanderpol_mu2,edmd_poly3,64,0.2,2,y,1,0.0,2.0
vanderpol_mu2,edmd_poly3,64,0.2,2,x*x,0,0.0,0.0
vanderpol_mu2,edmd_poly3,64,0.2,2,x*x,1,0.0,0.0
vanderpol_mu2,edmd_poly3,64,0.2,2,x*y,0,0.0,0.0
vanderpol_mu2,edmd_poly3,64,0.2,2,x*y,1,0.0,0.0
vanderpol_mu2,edmd_poly3,64,0.2,2,y*y,0,0.0,0.0
vanderpol_mu2,edmd_poly3,64,0.2,2,y*y,1,0.0,0.0
vanderpol_mu2,edmd_poly3,64,0.2,2,x*x*x,0,0.0,0.0
vanderpol_mu2,edmd_poly3,64,0.2,2,x*x*x,1,0.0,0.0
vanderpol_mu2,edmd_poly3,64,0.2,2,x*x*y,0,0.0,0.0
vanderpol_mu2,edmd_poly3,64,0.2,2,x*x*y,1,-0.7373688738961119,-2.0
vanderpol_mu2,edmd_poly3,64,0.2,2,x*y*y,0,0.0,0.0
vanderpol_mu2,edmd_poly3,64,0.2,2,x*y*y,1,0.0,0.0
vanderpol_mu2,edmd_poly3,64,0.2,2,y*y*y,0,0.0,0.0
vanderpol_mu2,edmd_poly3,64,0.2,2,y*y*y,1,0.0,0.0
vanderpol_mu2,tv_diff,64,0.2,2,1,0,0.0,0.0
vanderpol_mu2,tv_diff,64,0.2,2,1,1,0.0,0.0
vanderpol_mu2,tv_diff,64,0.2,2,x,0,0.0,0.0
vanderpol_mu2,tv_diff,64,0.2,2,x,1,-0.9553642754139473,-1.0
vanderpol_mu2,tv_diff,64,0.2,2,y,0,0.8919643254849258,1.0
vanderpol_mu2,tv_diff,64,0.2,2,y,1,0.9762310930863711,2.0
vanderpol_mu2,tv_diff,64,0.2,2,x*x,0,0.0,0.0
vanderpol_mu2,tv_diff,64,0.2,2,x*x,1,0.0,0.0
vanderpol_mu2,tv_diff,64,0.2,2,x*y,0,0.0,0.0
vanderpol_mu2,tv_diff,64,0.2,2,x*y,1,-0.4266723090645703,0.0
vanderpol_mu2,tv_diff,64,0.2,2,y*y,0,0.0,0.0
vanderpol_mu2,tv_diff,64,0.2,2,y*y,1,0.0,0.0
vanderpol_mu2,tv_diff,64,0.2,2,x*x*x,0,0.0,0.0
vanderpol_mu2,tv_diff,64,0.2,2,x*x*x,1,0.0,0.0
vanderpol_mu2,tv_diff,64,0.2,2,x*x*y,0,0.0,0.0
vanderpol_mu2,tv_diff,64,0.2,2,x*x*y,1,-0.9975270533568958,-2.0
vanderpol_mu2,tv_diff,64,0.2,2,x*y*y,0,0.0,0.0
vanderpol_mu2,tv_diff,64,0.2,2,x*y*y,1,0.0,0.0
vanderpol_mu2,tv_diff,64,0.2,2,y*y*y,0,0.0,0.0
vanderpol_mu2,tv_diff,64,0.2,2,y*y*y,1,0.0,0.0
vanderpol_mu2,baseline,64,0.2,4,1,0,0.0,0.0
vanderpol_mu2,baseline,64,0.2,4,1,1,0.0,0.0
vanderpol_mu2,baseline,64,0.2,4,x,0,0.0,0.0
vanderpol_mu2,baseline,64,0.2,4,x,1,-0.8909742167546028,-1.0
vanderpol_mu2,baseline,64,0.2,4,y,0,0.859158155990263,1.0
vanderpol_mu2,baseline,64,0.2,4,y,1,1.1966553578449333,2.0
vanderpol_mu2,baseline,64,0.2,4,x*x,0,0.0,0.0
vanderpol_mu2,baseline,64,0.2,4,x*x,1,0.0,0.0
vanderpol_mu2,baseline,64,0.2,4,x*y,0,0.0,0.0
vanderpol_mu2,baseline,64,0.2,4,x*y,1,0.0,0.0
vanderpol_mu2,baseline,64,0.2,4,y*y,0,0.0,0.0
vanderpol_mu2,baseline,64,0.2,4,y*y,1,0.0,0.0
vanderpol_mu2,baseline,64,0.2,4,x*x*x,0,0.0,0.0
vanderpol_mu2,baseline,64,0.2,4,x*x*x,1,0.0,0.0
vanderpol_mu2,baseline,64,0.2,4,x*x*y,0,0.0,0.0
vanderpol_mu2,baseline,64,0.2,4,x*x*y,1,-1.0825536602760535,-2.0
vanderpol_mu2,baseline,64,0.2,4,x*y*y,0,0.0,0.0
vanderpol_mu2,baseline,64,0.2,4,x*y*y,1,0.0,0.0
vanderpol_mu2,baseline,64,0.2,4,y*y*y,0,0.0,0.0
vanderpol_mu2,baseline,64,0.2,4,y*y*y,1,0.0,0.0
vanderpol_mu2,edmd_poly3,64,0.2,4,1,0,0.0,0.0
vanderpol_mu2,edmd_poly3,64,0.2,4,1,1,0.0,0.0
vanderpol_mu2,edmd_poly3,64,0.2,4,x,0,0.0,0.0
vanderpol_mu2,edmd_poly3,64,0.2,4,x,1,-0.9519792863198839,-1.0
vanderpol_mu2,edmd_poly3,64,0.2,4,y,0,0.9782834304337674,1.0
vanderpol_mu2,edmd_poly3,64,0.2,4,y,1,1.9444674790536502,2.0
vanderpol_mu2,edmd_poly3,64,0.2,4,x*x,0,0.0,0.0
vanderpol_mu2,edmd_poly3,64,0.2,4,x*x,1,0.0,0.0
vanderpol_mu2,edmd_poly3,64,0.2,4,x*y,0,0.0,0.0
vanderpol_mu2,edmd_poly3,64,0.2,4,x*y,1,-0.3922562326724775,0.0
vanderpol_mu2,edmd_poly3,64,0.2,4,y*y,0,0.0,0.0
vanderpol_mu2,edmd_poly3,64,0.2,4,y*y,1,0.0,0.0
vanderpol_mu2,edmd_poly3,64,0.2,4,x*x*x,0,0.0,0.0
vanderpol_mu2,edmd_poly3,64,0.2,4,x*x*x,1,0.0,0.0
vanderpol_mu2,edmd_poly3,64,0.2,4,x*x*y,0,0.0,0.0
vanderpol_mu2,edmd_poly3,64,0.2,4,x*x*y,1,-1.8063858694581045,-2.0
vanderpol_mu2,edmd_poly3,64,0.2,4,x*y*y,0,0.0,0.0
vanderpol_mu2,edmd_poly3,64,0.2,4,x*y*y,1,0.0,0.0
vanderpol_mu2,edmd_poly3,64,0.2,4,y*y*y,0,0.0,0.0
vanderpol_mu2,edmd_poly3,64,0.2,4,y*y*y,1,0.0,0.0
vanderpol_mu2,tv_diff,64,0.2,4,1,0,0.0,0.0
vanderpol_mu2,tv_diff,64,0.2,4,1,1,0.0,0.0
vanderpol_mu2,tv_diff,64,0.2,4,x,0,0.0,0.0
vanderpol_mu2,tv_diff,64,0.2,4,x,1,-0.8909742167546021,-1.0
vanderpol_mu2,tv_diff,64,0.2,4,y,0,0.8591581559902632,1.0
vanderpol_mu2,tv_diff,64,0.2,4,y,1,1.1966553578449328,2.0
vanderpol_mu2,tv_diff,64,0.2,4,x*x,0,0.0,0.0
vanderpol_mu2,tv_diff,64,0.2,4,x*x,1,0.0,0.0
vanderpol_mu2,tv_diff,64,0.2,4,x*y,0,0.0,0.0
vanderpol_mu2,tv_diff,64,0.2,4,x*y,1,0.0,0.0
vanderpol_mu2,tv_diff,64,0.2,4,y*y,0,0.0,0.0
vanderpol_mu2,tv_diff,64,0.2,4,y*y,1,0.0,0.0
vanderpol_mu2,tv_diff,64,0.2,4,x*x*x,0,0.0,0.0
vanderpol_mu2,tv_diff,64,0.2,4,x*x*x,1,0.0,0.0
vanderpol_mu2,tv_diff,64,0.2,4,x*x*y,0,0.0,0.0
vanderpol_mu2,tv_diff,64,0.2,4,x*x*y,1,-1.082553660276053,-2.0
vanderpol_mu2,tv_diff,64,0.2,4,x*y*y,0,0.0,0.0
vanderpol_mu2,tv_diff,64,0.2,4,x*y*y,1,0.0,0.0
vanderpol_mu2,tv_diff,64,0.2,4,y*y*y,0,0.0,0.0
vanderpol_mu2,tv_diff,64,0.2,4,y*y*y,1,0.0,0.0
vanderpol_mu2,baseline,64,0.2,3,1,0,0.0,0.0
vanderpol_mu2,baseline,64,0.2,3,1,1,0.0,0.0
vanderpol_mu2,baseline,64,0.2,3,x,0,0.0,0.0
vanderpol_mu2,baseline,64,0.2,3,x,1,-0.8628578912532853,-1.0
vanderpol_mu2,baseline,64,0.2,3,y,0,0.8811407825209273,1.0
vanderpol_mu2,baseline,64,0.2,3,y,1,1.0956507605429853,2.0
vanderpol_mu2,baseline,64,0.2,3,x*x,0,0.0,0.0
vanderpol_mu2,baseline,64,0.2,3,x*x,1,0.0,0.0
vanderpol_mu2,baseline,64,0.2,3,x*y,0,0.0,0.0
vanderpol_mu2,baseline,64,0.2,3,x*y,1,0.0,0.0
vanderpol_mu2,baseline,64,0.2,3,y*y,0,0.0,0.0
vanderpol_mu2,baseline,64,0.2,3,y*y,1,0.0,0.0
vanderpol_mu2,baseline,64,0.2,3,x*x*x,0,0.0,0.0
vanderpol_mu2,baseline,64,0.2,3,x*x*x,1,0.0,0.0
vanderpol_mu2,baseline,64,0.2,3,x*x*y,0,0.0,0.0
vanderpol_mu2,baseline,64,0.2,3,x*x*y,1,-0.8159131354302384,-2.0
vanderpol_mu2,baseline,64,0.2,3,x*y*y,0,0.0,0.0
vanderpol_mu2,baseline,64,0.2,3,x*y*y,1,0.0,0.0
vanderpol_mu2,baseline,64,0.2,3,y*y*y,0,0.0,0.0
vanderpol_mu2,baseline,64,0.2,3,y*y*y,1,0.0,0.0
vanderpol_mu2,edmd_poly3,64,0.2,3,1,0,0.0,0.0
vanderpol_mu2,edmd_poly3,64,0.2,3,1,1,0.0,0.0
vanderpol_mu2,edmd_poly3,64,0.2,3,x,0,0.0,0.0
vanderpol_mu2,edmd_poly3,64,0.2,3,x,1,-0.8018339231054371,-1.0
vanderpol_mu2,edmd_poly3,64,0.2,3,y,0,1.0006359046314686,1.0
vanderpol_mu2,edmd_poly3,64,0.2,3,y,1,1.8150465966476064,2.0
vanderpol_mu2,edmd_poly3,64,0.2,3,x*x,0,0.0,0.0
vanderpol_mu2,edmd_poly3,64,0.2,3,x*x,1,0.0,0.0
vanderpol_mu2,edmd_poly3,64,0.2,3,x*y,0,0.0,0.0
vanderpol_mu2,edmd_poly3,64,0.2,3,x*y,1,0.0,0.0
vanderpol_mu2,edmd_poly3,64,0.2,3,y*y,0,0.0,0.0
vanderpol_mu2,edmd_poly3,64,0.2,3,y*y,1,0.0,0.0
vanderpol_mu2,edmd_poly3,64,0.2,3,x*x*x,0,0.0,0.0
vanderpol_mu2,edmd_poly3,64,0.2,3,x*x*x,1,0.0,0.0
vanderpol_mu2,edmd_poly3,64,0.2,3,x*x*y,0,0.0,0.0
vanderpol_mu2,edmd_poly3,64,0.2,3,x*x*y,1,-1.4245256928262682,-2.0
vanderpol_mu2,edmd_poly3,64,0.2,3,x*y*y,0,0.0,0.0
vanderpol_mu2,edmd_poly3,64,0.2,3,x*y*y,1,0.0,0.0
vanderpol_mu2,edmd_poly3,64,0.2,3,y*y*y,0,0.0,0.0
vanderpol_mu2,edmd_poly3,64,0.2,3,y*y*y,1,0.0,0.0
vanderpol_mu2,tv_diff,64,0.2,3,1,0,0.0,0.0
vanderpol_mu2,tv_diff,64,0.2,3,1,1,0.0,0.0
vanderpol_mu2,tv_diff,64,0.2,3,x,0,0.0,0.0
vanderpol_mu2,tv_diff,64,0.2,3,x,1,-0.8628259489458523,-1.0
vanderpol_mu2,tv_diff,64,0.2,3,y,0,0.8811762665352882,1.0
vanderpol_mu2,tv_diff,64,0.2,3,y,1,1.0959389207253147,2.0
vanderpol_mu2,tv_diff,64,0.2,3,x*x,0,0.0,0.0
vanderpol_mu2,tv_diff,64,0.2,3,x*x,1,0.0,0.0
vanderpol_mu2,tv_diff,64,0.2,3,x*y,0,0.0,0.0
vanderpol_mu2,tv_diff,64,0.2,3,x*y,1,0.0,0.0
vanderpol_mu2,tv_diff,64,0.2,3,y*y,0,0.0,0.0
vanderpol_mu2,tv_diff,64,0.2,3,y*y,1,0.0,0.0
vanderpol_mu2,tv_diff,64,0.2,3,x*x*x,0,0.0,0.0
vanderpol_mu2,tv_diff,64,0.2,3,x*x*x,1,0.0,0.0
vanderpol_mu2,tv_diff,64,0.2,3,x*x*y,0,0.0,0.0
vanderpol_mu2,tv_diff,64,0.2,3,x*x*y,1,-0.816473117114656,-2.0
vanderpol_mu2,tv_diff,64,0.2,3,x*y*y,0,0.0,0.0
vanderpol_mu2,tv_diff,64,0.2,3,x*y*y,1,0.0,0.0
vanderpol_mu2,tv_diff,64,0.2,3,y*y*y,0,0.0,0.0
vanderpol_mu2,tv_diff,64,0.2,3,y*y*y,1,0.0,0.0
vanderpol_mu2,baseline,64,0.5,1,1,0,0.0,0.0
vanderpol_mu2,baseline,64,0.5,1,1,1,0.16089262548001143,0.0
vanderpol_mu2,baseline,64,0.5,1,x,0,0.0,0.0
vanderpol_mu2,baseline,64,0.5,1,x,1,-0.7124956367220312,-1.0
vanderpol_mu2,baseline,64,0.5,1,y,0,0.7330608464915724,1.0
vanderpol_mu2,baseline,64,0.5,1,y,1,0.4082662065310603,2.0
vanderpol_mu2,baseline,64,0.5,1,x*x,0,0.0,0.0
vanderpol_mu2,baseline,64,0.5,1,x*x,1,0.0,0.0
vanderpol_mu2,baseline,64,0.5,1,x*y,0,0.0,0.0
vanderpol_mu2,baseline,64,0.5,1,x*y,1,0.1331059133940969,0.0
vanderpol_mu2,baseline,64,0.5,1,y*y,0,0.0,0.0
vanderpol_mu2,baseline,64,0.5,1,y*y,1,0.0,0.0
vanderpol_mu2,baseline,64,0.5,1,x*x*x,0,0.0,0.0
vanderpol_mu2,baseline,64,0.5,1,x*x*x,1,0.0,0.0
vanderpol_mu2,baseline,64,0.5,1,x*x*y,0,0.0,0.0
vanderpol_mu2,baseline,64,0.5,1,x*x*y,1,-0.23266300085677982,-2.0
vanderpol_mu2,baseline,64,0.5,1,x*y*y,0,0.0,0.0
vanderpol_mu2,baseline,64,0.5,1,x*y*y,1,0.0,0.0
vanderpol_mu2,baseline,64,0.5,1,y*y*y,0,0.0,0.0
vanderpol_mu2,baseline,64,0.5,1,y*y*y,1,0.0,0.0
vanderpol_mu2,edmd_poly3,64,0.5,1,1,0,0.0,0.0
vanderpol_mu2,edmd_poly3,64,0.5,1,1,1,0.0,0.0
vanderpol_mu2,edmd_poly3,64,0.5,1,x,0,0.0,0.0
vanderpol_mu2,edmd_poly3,64,0.5,1,x,1,-0.9235508754121783,-1.0
vanderpol_mu2,edmd_poly3,64,0.5,1,y,0,0.0,1.0
vanderpol_mu2,edmd_poly3,64,0.5,1,y,1,0.0,2.0
vanderpol_mu2,edmd_poly3,64,0.5,1,x*x,0,0.0,0.0
vanderpol_mu2,edmd_poly3,64,0.5,1,x*x,1,0.0,0.0
vanderpol_mu2,edmd_poly3,64,0.5,1,x*y,0,0.0,0.0
vanderpol_mu2,edmd_poly3,64,0.5,1,x*y,1,0.0,0.0
vanderpol_mu2,edmd_poly3,64,0.5,1,y*y,0,0.0,0.0
vanderpol_mu2,edmd_poly3,64,0.5,1,y*y,1,0.0,0.0
vanderpol_mu2,edmd_poly3,64,0.5,1,x*x*x,0,0.0,0.0
vanderpol_mu2,edmd_poly3,64,0.5,1,x*x*x,1,0.0,0.0
vanderpol_mu2,edmd_poly3,64,0.5,1,x*x*y,0,0.0,0.0
vanderpol_mu2,edmd_poly3,64,0.5,1,x*x*y,1,0.0,-2.0
vanderpol_mu2,edmd_poly3,64,0.5,1,x*y*y,0,0.0,0.0
vanderpol_mu2,edmd_poly3,64,0.5,1,x*y*y,1,0.0,0.0
vanderpol_mu2,edmd_poly3,64,0.5,1,y*y*y,0,0.0,0.0
vanderpol_mu2,edmd_poly3,64,0.5,1,y*y*y,1,0.0,0.0
vanderpol_mu2,tv_diff,64,0.5,1,1,0,0.0,0.0
vanderpol_mu2,tv_diff,64,0.5,1,1,1,0.1608926254800116,0.0
vanderpol_mu2,tv_diff,64,0.5,1,x,0,0.0,0.0
vanderpol_mu2,tv_diff,64,0.5,1,x,1,-0.712495636722031,-1.0
vanderpol_mu2,tv_diff,64,0.5,1,y,0,0.7330608464915731,1.0
vanderpol_mu2,tv_diff,64,0.5,1,y,1,0.4082662065310613,2.0
vanderpol_mu2,tv_diff,64,0.5,1,x*x,0,0.0,0.0
vanderpol_mu2,tv_diff,64,0.5,1,x*x,1,0.0,0.0
vanderpol_mu2,tv_diff,64,0.5,1,x*y,0,0.0,0.0
vanderpol_mu2,tv_diff,64,0.5,1,x*y,1,0.1331059133940967,0.0
vanderpol_mu2,tv_diff,64,0.5,1,y*y,0,0.0,0.0
vanderpol_mu2,tv_diff,64,0.5,1,y*y,1,0.0,0.0
vanderpol_mu2,tv_diff,64,0.5,1,x*x*x,0,0.0,0.0
vanderpol_mu2,tv_diff,64,0.5,1,x*x*x,1,0.0,0.0
vanderpol_mu2,tv_diff,64,0.5,1,x*x*y,0,0.0,0.0
vanderpol_mu2,tv_diff,64,0.5,1,x*x*y,1,-0.2326630008567799,-2.0
vanderpol_mu2,tv_diff,64,0.5,1,x*y*y,0,0.0,0.0
vanderpol_mu2,tv_diff,64,0.5,1,x*y*y,1,0.0,0.0
vanderpol_mu2,tv_diff,64,0.5,1,y*y*y,0,0.0,0.0
vanderpol_mu2,tv_diff,64,0.5,1,y*y*y,1,0.0,0.0
vanderpol_mu2,baseline,64,0.5,0,1,0,0.0,0.0
vanderpol_mu2,baseline,64,0.5,0,1,1,0.0,0.0
vanderpol_mu2,baseline,64,0.5,0,x,0,0.0,0.0
vanderpol_mu2,baseline,64,0.5,0,x,1,-0.7181347262550881,-1.0
vanderpol_mu2,baseline,64,0.5,0,y,0,0.8400723121357866,1.0
vanderpol_mu2,baseline,64,0.5,0,y,1,0.0,2.0
vanderpol_mu2,baseline,64,0.5,0,x*x,0,0.0,0.0
vanderpol_mu2,baseline,64,0.5,0,x*x,1,0.0,0.0
vanderpol_mu2,baseline,64,0.5,0,x*y,0,0.0,0.0
vanderpol_mu2,baseline,64,0.5,0,x*y,1,0.0,0.0
vanderpol_mu2,baseline,64,0.5,0,y*y,0,0.0,0.0
vanderpol_mu2,baseline,64,0.5,0,y*y,1,0.0,0.0
vanderpol_mu2,baseline,64,0.5,0,x*x*x,0,0.0,0.0
vanderpol_mu2,baseline,64,0.5,0,x*x*x,1,0.0,0.0
vanderpol_mu2,baseline,64,0.5,0,x*x*y,0,0.0,0.0
vanderpol_mu2,baseline,64,0.5,0,x*x*y,1,0.0,-2.0
vanderpol_mu2,baseline,64,0.5,0,x*y*y,0,0.0,0.0
vanderpol_mu2,baseline,64,0.5,0,x*y*y,1,0.0,0.0
vanderpol_mu2,baseline,64,0.5,0,y*y*y,0,0.0,0.0
vanderpol_mu2,baseline,64,0.5,0,y*y*y,1,0.0,0.0
vanderpol_mu2,edmd_poly3,64,0.5,0,1,0,0.0,0.0
vanderpol_mu2,edmd_poly3,64,0.5,0,1,1,0.19550981780237475,0.0
vanderpol_mu2,edmd_poly3,64,0.5,0,x,0,-0.42890795495513684,0.0
vanderpol_mu2,edmd_poly3,64,0.5,0,x,1,0.0,-1.0
vanderpol_mu2,edmd_poly3,64,0.5,0,y,0,0.9568566801700615,1.0
vanderpol_mu2,edmd_poly3,64,0.5,0,y,1,0.20408222075274624,2.0
vanderpol_mu2,edmd_poly3,64,0.5,0,x*x,0,0.0,0.0
vanderpol_mu2,edmd_poly3,64,0.5,0,x*x,1,0.0,0.0
vanderpol_mu2,edmd_poly3,64,0.5,0,x*y,0,0.0,0.0
vanderpol_mu2,edmd_poly3,64,0.5,0,x*y,1,0.0,0.0
vanderpol_mu2,edmd_poly3,64,0.5,0,y*y,0,0.0,0.0
vanderpol_mu2,edmd_poly3,64,0.5,0,y*y,1,-0.13965275830394103,0.0
vanderpol_mu2,edmd_poly3,64,0.5,0,x*x*x,0,0.0,0.0
vanderpol_mu2,edmd_poly3,64,0.5,0,x*x*x,1,-0.12605849768865512,0.0
vanderpol_mu2,edmd_poly3,64,0.5,0,x*x*y,0,-0.19010717204393765,0.0
vanderpol_mu2,edmd_poly3,64,0.5,0,x*x*y,1,-0.2143071934695079,-2.0
vanderpol_mu2,edmd_poly3,64,0.5,0,x*y*y,0,0.2707408692354199,0.0
vanderpol_mu2,edmd_poly3,64,0.5,0,x*y*y,1,-0.321706961877484,0.0
vanderpol_mu2,edmd_poly3,64,0.5,0,y*y*y,0,0.0,0.0
vanderpol_mu2,edmd_poly3,64,0.5,0,y*y*y,1,0.12729779603328903,0.0
vanderpol_mu2,tv_diff,64,0.5,0,1,0,0.0,0.0
vanderpol_mu2,tv_diff,64,0.5,0,1,1,0.0,0.0
vanderpol_mu2,tv_diff,64,0.5,0,x,0,0.0,0.0
vanderpol_mu2,tv_diff,64,0.5,0,x,1,-0.718134726255088,-1.0
vanderpol_mu2,tv_diff,64,0.5,0,y,0,0.8400723121357854,1.0
vanderpol_mu2,tv_diff,64,0.5,0,y,1,0.0,2.0
vanderpol_mu2,tv_diff,64,0.5,0,x*x,0,0.0,0.0
vanderpol_mu2,tv_diff,64,0.5,0,x*x,1,0.0,0.0
vanderpol_mu2,tv_diff,64,0.5,0,x*y,0,0.0,0.0
vanderpol_mu2,tv_diff,64,0.5,0,x*y,1,0.0,0.0
vanderpol_mu2,tv_diff,64,0.5,0,y*y,0,0.0,0.0
vanderpol_mu2,tv_diff,64,0.5,0,y*y,1,0.0,0.0
vanderpol_mu2,tv_diff,64,0.5,0,x*x*x,0,0.0,0.0
vanderpol_mu2,tv_diff,64,0.5,0,x*x*x,1,0.0,0.0
vanderpol_mu2,tv_diff,64,0.5,0,x*x*y,0,0.0,0.0
vanderpol_mu2,tv_diff,64,0.5,0,x*x*y,1,0.0,-2.0
vanderpol_mu2,tv_diff,64,0.5,0,x*y*y,0,0.0,0.0
vanderpol_mu2,tv_diff,64,0.5,0,x*y*y,1,0.0,0.0
vanderpol_mu2,tv_diff,64,0.5,0,y*y*y,0,0.0,0.0
vanderpol_mu2,tv_diff,64,0.5,0,y*y*y,1,0.0,0.0
vanderpol_mu2,baseline,64,0.5,2,1,0,0.0,0.0
vanderpol_mu2,baseline,64,0.5,2,1,1,0.0,0.0
vanderpol_mu2,baseline,64,0.5,2,x,0,0.0,0.0
vanderpol_mu2,baseline,64,0.5,2,x,1,-0.7393773987661542,-1.0
vanderpol_mu2,baseline,64,0.5,2,y,0,0.8036096580716002,1.0
vanderpol_mu2,baseline,64,0.5,2,y,1,0.0,2.0
vanderpol_mu2,baseline,64,0.5,2,x*x,0,0.0,0.0
vanderpol_mu2,baseline,64,0.5,2,x*x,1,0.0,0.0
vanderpol_mu2,baseline,64,0.5,2,x*y,0,0.0,0.0
vanderpol_mu2,baseline,64,0.5,2,x*y,1,0.0,0.0
vanderpol_mu2,baseline,64,0.5,2,y*y,0,0.0,0.0
vanderpol_mu2,baseline,64,0.5,2,y*y,1,0.0,0.0
vanderpol_mu2,baseline,64,0.5,2,x*x*x,0,0.0,0.0
vanderpol_mu2,baseline,64,0.5,2,x*x*x,1,0.0,0.0
vanderpol_mu2,baseline,64,0.5,2,x*x*y,0,0.0,0.0
vanderpol_mu2,baseline,64,0.5,2,x*x*y,1,0.0,-2.0
vanderpol_mu2,baseline,64,0.5,2,x*y*y,0,0.0,0.0
vanderpol_mu2,baseline,64,0.5,2,x*y*y,1,0.0,0.0
vanderpol_mu2,baseline,64,0.5,2,y*y*y,0,0.0,0.0
vanderpol_mu2,baseline,64,0.5,2,y*y*y,1,0.0,0.0
vanderpol_mu2,edmd_poly3,64,0.5,2,1,0,-0.8875420227177496,0.0
vanderpol_mu2,edmd_poly3,64,0.5,2,1,1,0.35815973884761904,0.0
vanderpol_mu2,edmd_poly3,64,0.5,2,x,0,-0.6051744805221261,0.0
vanderpol_mu2,edmd_poly3,64,0.5,2,x,1,-0.8658883432871787,-1.0
vanderpol_mu2,edmd_poly3,64,0.5,2,y,0,0.9432616755406243,1.0
vanderpol_mu2,edmd_poly3,64,0.5,2,y,1,0.0778181348869722,2.0
vanderpol_mu2,edmd_poly3,64,0.5,2,x*x,0,0.5256769107765104,0.0
vanderpol_mu2,edmd_poly3,64,0.5,2,x*x,1,-0.14615111199460348,0.0
vanderpol_mu2,edmd_poly3,64,0.5,2,x*y,0,0.678130713260214,0.0
vanderpol_mu2,edmd_poly3,64,0.5,2,x*y,1,-0.4911731103311654,0.0
vanderpol_mu2,edmd_poly3,64,0.5,2,y*y,0,-0.05504750757579505,0.0
vanderpol_mu2,edmd_poly3,64,0.5,2,y*y,1,0.0,0.0
vanderpol_mu2,edmd_poly3,64,0.5,2,x*x*x,0,0.17870240463688372,0.0
vanderpol_mu2,edmd_poly3,64,0.5,2,x*x*x,1,-0.12707183437112668,0.0
vanderpol_mu2,edmd_poly3,64,0.5,2,x*x*y,0,0.7125308385859924,0.0
vanderpol_mu2,edmd_poly3,64,0.5,2,x*x*y,1,-0.36804536609107513,-2.0
vanderpol_mu2,edmd_poly3,64,0.5,2,x*y*y,0,-0.13188157258361763,0.0
vanderpol_mu2,edmd_poly3,64,0.5,2,x*y*y,1,0.17678913610630836,0.0
vanderpol_mu2,edmd_poly3,64,0.5,2,y*y*y,0,-0.05061841351390656,0.0
vanderpol_mu2,edmd_poly3,64,0.5,2,y*y*y,1,0.030679078905426174,0.0
vanderpol_mu2,tv_diff,64,0.5,2,1,0,0.0,0.0
vanderpol_mu2,tv_diff,64,0.5,2,1,1,0.0,0.0
vanderpol_mu2,tv_diff,64,0.5,2,x,0,0.0,0.0
vanderpol_mu2,tv_diff,64,0.5,2,x,1,-1.3496003114545443,-1.0
vanderpol_mu2,tv_diff,64,0.5,2,y,0,1.0788159514467772,1.0
vanderpol_mu2,tv_diff,64,0.5,2,y,1,0.3403414922235662,2.0
vanderpol_mu2,tv_diff,64,0.5,2,x*x,0,0.0,0.0
vanderpol_mu2,tv_diff,64,0.5,2,x*x,1,0.0,0.0
vanderpol_mu2,tv_diff,64,0.5,2,x*y,0,0.0,0.0
vanderpol_mu2,tv_diff,64,0.5,2,x*y,1,0.0,0.0
vanderpol_mu2,tv_diff,64,0.5,2,y*y,0,0.0,0.0
vanderpol_mu2,tv_diff,64,0.5,2,y*y,1,0.0,0.0
vanderpol_mu2,tv_diff,64,0.5,2,x*x*x,0,0.0,0.0
vanderpol_mu2,tv_diff,64,0.5,2,x*x*x,1,0.15126706217738517,0.0
vanderpol_mu2,tv_diff,64,0.5,2,x*x*y,0,-0.12023938056548188,0.0
vanderpol_mu2,tv_diff,64,0.5,2,x*x*y,1,-0.15959970665212286,-2.0
vanderpol_mu2,tv_diff,64,0.5,2,x*y*y,0,0.0,0.0
vanderpol_mu2,tv_diff,64,0.5,2,x*y*y,1,0.0,0.0
vanderpol_mu2,tv_diff,64,0.5,2,y*y*y,0,0.0,0.0
vanderpol_mu2,tv_diff,64,0.5,2,y*y*y,1,0.0,0.0
vanderpol_mu2,baseline,64,0.5,3,1,0,0.0,0.0
vanderpol_mu2,baseline,64,0.5,3,1,1,0.0,0.0
vanderpol_mu2,baseline,64,0.5,3,x,0,0.0,0.0
vanderpol_mu2,baseline,64,0.5,3,x,1,-0.6873130972259837,-1.0
vanderpol_mu2,baseline,64,0.5,3,y,0,0.7269670608844881,1.0
vanderpol_mu2,baseline,64,0.5,3,y,1,0.0,2.0
vanderpol_mu2,baseline,64,0.5,3,x*x,0,0.0,0.0
vanderpol_mu2,baseline,64,0.5,3,x*x,1,0.0,0.0
vanderpol_mu2,baseline,64,0.5,3,x*y,0,0.0,0.0
vanderpol_mu2,baseline,64,0.5,3,x*y,1,0.0,0.0
vanderpol_mu2,baseline,64,0.5,3,y*y,0,0.0,0.0
vanderpol_mu2,baseline,64,0.5,3,y*y,1,0.0,0.0
vanderpol_mu2,baseline,64,0.5,3,x*x*x,0,0.0,0.0
vanderpol_mu2,baseline,64,0.5,3,x*x*x,1,0.0,0.0
vanderpol_mu2,baseline,64,0.5,3,x*x*y,0,0.0,0.0
vanderpol_mu2,baseline,64,0.5,3,x*x*y,1,0.0,-2.0
vanderpol_mu2,baseline,64,0.5,3,x*y*y,0,0.0,0.0
vanderpol_mu2,baseline,64,0.5,3,x*y*y,1,0.0,0.0
vanderpol_mu2,baseline,64,0.5,3,y*y*y,0,0.0,0.0
vanderpol_mu2,baseline,64,0.5,3,y*y*y,1,0.0,0.0
vanderpol_mu2,edmd_poly3,64,0.5,3,1,0,-0.18658017529399903,0.0
vanderpol_mu2,edmd_poly3,64,0.5,3,1,1,-2.176998334711784,0.0
vanderpol_mu2,edmd_poly3,64,0.5,3,x,0,-0.6720821072160394,0.0
vanderpol_mu2,edmd_poly3,64,0.5,3,x,1,0.2190029791761736,-1.0
vanderpol_mu2,edmd_poly3,64,0.5,3,y,0,1.2830895433434164,1.0
vanderpol_mu2,edmd_poly3,64,0.5,3,y,1,-0.26321188592350475,2.0
vanderpol_mu2,edmd_poly3,64,0.5,3,x*x,0,0.0,0.0
vanderpol_mu2,edmd_poly3,64,0.5,3,x*x,1,0.7226933125639732,0.0
vanderpol_mu2,edmd_poly3,64,0.5,3,x*y,0,0.15460484705241886,0.0
vanderpol_mu2,edmd_poly3,64,0.5,3,x*y,1,-0.2650992471375155,0.0
vanderpol_mu2,edmd_poly3,64,0.5,3,y*y,0,0.28695327263289877,0.0
vanderpol_mu2,edmd_poly3,64,0.5,3,y*y,1,0.2998468177668836,0.0
vanderpol_mu2,edmd_poly3,64,0.5,3,x*x*x,0,0.0,0.0
vanderpol_mu2,edmd_poly3,64,0.5,3,x*x*x,1,-0.23891082850069228,0.0
vanderpol_mu2,edmd_poly3,64,0.5,3,x*x*y,0,-0.19374617747875408,0.0
vanderpol_mu2,edmd_poly3,64,0.5,3,x*x*y,1,-0.20150699488232435,-2.0
vanderpol_mu2,edmd_poly3,64,0.5,3,x*y*y,0,0.716875204127475,0.0
vanderpol_mu2,edmd_poly3,64,0.5,3,x*y*y,1,-0.3172223413020201,0.0
vanderpol_mu2,edmd_poly3,64,0.5,3,y*y*y,0,0.0,0.0
vanderpol_mu2,edmd_poly3,64,0.5,3,y*y*y,1,0.1452534796787856,0.0
vanderpol_mu2,tv_diff,64,0.5,3,1,0,0.0,0.0
vanderpol_mu2,tv_diff,64,0.5,3,1,1,0.0,0.0
vanderpol_mu2,tv_diff,64,0.5,3,x,0,0.0,0.0
vanderpol_mu2,tv_diff,64,0.5,3,x,1,0.0,-1.0
vanderpol_mu2,tv_diff,64,0.5,3,y,0,0.8283456849148556,1.0
vanderpol_mu2,tv_diff,64,0.5,3,y,1,0.30598466503253957,2.0
vanderpol_mu2,tv_diff,64,0.5,3,x*x,0,0.0,0.0
vanderpol_mu2,tv_diff,64,0.5,3,x*x,1,0.0,0.0
vanderpol_mu2,tv_diff,64,0.5,3,x*y,0,0.0,0.0
vanderpol_mu2,tv_diff,64,0.5,3,x*y,1,0.0,0.0
vanderpol_mu2,tv_diff,64,0.5,3,y*y,0,0.0,0.0
vanderpol_mu2,tv_diff,64,0.5,3,y*y,1,0.0,0.0
vanderpol_mu2,tv_diff,64,0.5,3,x*x*x,0,0.0,0.0
vanderpol_mu2,tv_diff,64,0.5,3,x*x*x,1,0.0,0.0
vanderpol_mu2,tv_diff,64,0.5,3,x*x*y,0,0.0,0.0
vanderpol_mu2,tv_diff,64,0.5,3,x*x*y,1,0.0,-2.0
vanderpol_mu2,tv_diff,64,0.5,3,x*y*y,0,0.0,0.0
vanderpol_mu2,tv_diff,64,0.5,3,x*y*y,1,-0.34093184840476876,0.0
vanderpol_mu2,tv_diff,64,0.5,3,y*y*y,0,0.0,0.0
vanderpol_mu2,tv_diff,64,0.5,3,y*y*y,1,0.0,0.0
vanderpol_mu2,baseline,64,0.5,4,1,0,0.0,0.0
vanderpol_mu2,baseline,64,0.5,4,1,1,0.0,0.0
vanderpol_mu2,baseline,64,0.5,4,x,0,0.0,0.0
vanderpol_mu2,baseline,64,0.5,4,x,1,-0.558629021963509,-1.0
vanderpol_mu2,baseline,64,0.5,4,y,0,0.5897157605371532,1.0
vanderpol_mu2,baseline,64,0.5,4,y,1,0.42434391590528664,2.0
vanderpol_mu2,baseline,64,0.5,4,x*x,0,0.0,0.0
vanderpol_mu2,baseline,64,0.5,4,x*x,1,0.0,0.0
vanderpol_mu2,baseline,64,0.5,4,x*y,0,0.0,0.0
vanderpol_mu2,baseline,64,0.5,4,x*y,1,0.0,0.0
vanderpol_mu2,baseline,64,0.5,4,y*y,0,0.0,0.0
vanderpol_mu2,baseline,64,0.5,4,y*y,1,0.0,0.0
vanderpol_mu2,baseline,64,0.5,4,x*x*x,0,0.0,0.0
vanderpol_mu2,baseline,64,0.5,4,x*x*x,1,0.0,0.0
vanderpol_mu2,baseline,64,0.5,4,x*x*y,0,0.0,0.0
vanderpol_mu2,baseline,64,0.5,4,x*x*y,1,-0.16117691194252845,-2.0
vanderpol_mu2,baseline,64,0.5,4,x*y*y,0,0.0,0.0
vanderpol_mu2,baseline,64,0.5,4,x*y*y,1,0.0,0.0
vanderpol_mu2,baseline,64,0.5,4,y*y*y,0,0.0,0.0
vanderpol_mu2,baseline,64,0.5,4,y*y*y,1,0.0,0.0
vanderpol_mu2,edmd_poly3,64,0.5,4,1,0,0.0,0.0
vanderpol_mu2,edmd_poly3,64,0.5,4,1,1,0.0,0.0
vanderpol_mu2,edmd_poly3,64,0.5,4,x,0,0.0,0.0
vanderpol_mu2,edmd_poly3,64,0.5,4,x,1,-0.8224064071192418,-1.0
vanderpol_mu2,edmd_poly3,64,0.5,4,y,0,0.7935444945312844,1.0
vanderpol_mu2,edmd_poly3,64,0.5,4,y,1,0.0,2.0
vanderpol_mu2,edmd_poly3,64,0.5,4,x*x,0,0.0,0.0
vanderpol_mu2,edmd_poly3,64,0.5,4,x*x,1,0.0,0.0
vanderpol_mu2,edmd_poly3,64,0.5,4,x*y,0,0.0,0.0
vanderpol_mu2,edmd_poly3,64,0.5,4,x*y,1,0.0,0.0
vanderpol_mu2,edmd_poly3,64,0.5,4,y*y,0,0.0,0.0
vanderpol_mu2,edmd_poly3,64,0.5,4,y*y,1,0.0,0.0
vanderpol_mu2,edmd_poly3,64,0.5,4,x*x*x,0,0.0,0.0
vanderpol_mu2,edmd_poly3,64,0.5,4,x*x*x,1,0.0,0.0
vanderpol_mu2,edmd_poly3,64,0.5,4,x*x*y,0,0.0,0.0
vanderpol_mu2,edmd_poly3,64,0.5,4,x*x*y,1,0.0,-2.0
vanderpol_mu2,edmd_poly3,64,0.5,4,x*y*y,0,0.0,0.0
vanderpol_mu2,edmd_poly3,64,0.5,4,x*y*y,1,0.0,0.0
vanderpol_mu2,edmd_poly3,64,0.5,4,y*y*y,0,0.0,0.0
vanderpol_mu2,edmd_poly3,64,0.5,4,y*y*y,1,0.0,0.0
vanderpol_mu2,tv_diff,64,0.5,4,1,0,0.0,0.0
vanderpol_mu2,tv_diff,64,0.5,4,1,1,0.0,0.0
vanderpol_mu2,tv_diff,64,0.5,4,x,0,0.0,0.0
vanderpol_mu2,tv_diff,64,0.5,4,x,1,-0.558629021963509,-1.0
vanderpol_mu2,tv_diff,64,0.5,4,y,0,0.5897157605371529,1.0
vanderpol_mu2,tv_diff,64,0.5,4,y,1,0.42434391590528703,2.0
vanderpol_mu2,tv_diff,64,0.5,4,x*x,0,0.0,0.0
vanderpol_mu2,tv_diff,64,0.5,4,x*x,1,0.0,0.0
vanderpol_mu2,tv_diff,64,0.5,4,x*y,0,0.0,0.0
vanderpol_mu2,tv_diff,64,0.5,4,x*y,1,0.0,0.0
vanderpol_mu2,tv_diff,64,0.5,4,y*y,0,0.0,0.0
vanderpol_mu2,tv_diff,64,0.5,4,y*y,1,0.0,0.0
vanderpol_mu2,tv_diff,64,0.5,4,x*x*x,0,0.0,0.0
vanderpol_mu2,tv_diff,64,0.5,4,x*x*x,1,0.0,0.0
vanderpol_mu2,tv_diff,64,0.5,4,x*x*y,0,0.0,0.0
vanderpol_mu2,tv_diff,64,0.5,4,x*x*y,1,-0.16117691194252845,-2.0
vanderpol_mu2,tv_diff,64,0.5,4,x*y*y,0,0.0,0.0
vanderpol_mu2,tv_diff,64,0.5,4,x*y*y,1,0.0,0.0
vanderpol_mu2,tv_diff,64,0.5,4,y*y*y,0,0.0,0.0
vanderpol_mu2,tv_diff,64,0.5,4,y*y*y,1,0.0,0.0
burgers,baseline,8,0.05,0,1,0,0.0,0.0
burgers,baseline,8,0.05,0,u,0,0.0,0.0
burgers,baseline,8,0.05,0,u^2,0,0.0,0.0
burgers,baseline,8,0.05,0,u_x,0,0.0,0.0
burgers,baseline,8,0.05,0,u*u_x,0,-0.5633391822334725,-1.0
burgers,baseline,8,0.05,0,u^2*u_x,0,0.0,0.0
burgers,baseline,8,0.05,0,u_xx,0,0.0,0.05
burgers,baseline,8,0.05,0,u*u_xx,0,0.0,0.0
burgers,pod_edmd_rbf,8,0.05,0,1,0,0.0,0.0
burgers,pod_edmd_rbf,8,0.05,0,u,0,0.0,0.0
burgers,pod_edmd_rbf,8,0.05,0,u^2,0,0.0,0.0
burgers,pod_edmd_rbf,8,0.05,0,u_x,0,0.0,0.0
burgers,pod_edmd_rbf,8,0.05,0,u*u_x,0,-0.7377481845068986,-1.0
burgers,pod_edmd_rbf,8,0.05,0,u^2*u_x,0,0.0,0.0
burgers,pod_edmd_rbf,8,0.05,0,u_xx,0,0.0,0.05
burgers,pod_edmd_rbf,8,0.05,0,u*u_xx,0,0.0,0.0
burgers,tv_diff,8,0.05,0,1,0,0.0,0.0
burgers,tv_diff,8,0.05,0,u,0,0.0,0.0
burgers,tv_diff,8,0.05,0,u^2,0,0.0,0.0
burgers,tv_diff,8,0.05,0,u_x,0,0.0,0.0
burgers,tv_diff,8,0.05,0,u*u_x,0,-0.7872314768796003,-1.0
burgers,tv_diff,8,0.05,0,u^2*u_x,0,0.0,0.0
burgers,tv_diff,8,0.05,0,u_xx,0,0.0,0.05
burgers,tv_diff,8,0.05,0,u*u_xx,0,0.0,0.0
burgers,pod_tv_diff,8,0.05,0,1,0,0.0,0.0
burgers,pod_tv_diff,8,0.05,0,u,0,0.0,0.0
burgers,pod_tv_diff,8,0.05,0,u^2,0,0.0,0.0
burgers,pod_tv_diff,8,0.05,0,u_x,0,0.0,0.0
burgers,pod_tv_diff,8,0.05,0,u*u_x,0,-0.8036035097406313,-1.0
burgers,pod_tv_diff,8,0.05,0,u^2*u_x,0,0.0,0.0
burgers,pod_tv_diff,8,0.05,0,u_xx,0,0.0,0.05
burgers,pod_tv_diff,8,0.05,0,u*u_xx,0,0.0,0.0
burgers,baseline,8,0.05,2,1,0,0.0,0.0
burgers,baseline,8,0.05,2,u,0,0.0,0.0
burgers,baseline,8,0.05,2,u^2,0,0.0,0.0
burgers,baseline,8,0.05,2,u_x,0,0.0,0.0
burgers,baseline,8,0.05,2,u*u_x,0,-0.5675860093546521,-1.0
burgers,baseline,8,0.05,2,u^2*u_x,0,0.0,0.0
burgers,baseline,8,0.05,2,u_xx,0,0.0,0.05
burgers,baseline,8,0.05,2,u*u_xx,0,0.0,0.0
burgers,pod_edmd_rbf,8,0.05,2,1,0,0.0,0.0
burgers,pod_edmd_rbf,8,0.05,2,u,0,0.0,0.0
burgers,pod_edmd_rbf,8,0.05,2,u^2,0,0.0,0.0
burgers,pod_edmd_rbf,8,0.05,2,u_x,0,0.0,0.0
burgers,pod_edmd_rbf,8,0.05,2,u*u_x,0,-0.7337037985448845,-1.0
burgers,pod_edmd_rbf,8,0.05,2,u^2*u_x,0,0.0,0.0
burgers,pod_edmd_rbf,8,0.05,2,u_xx,0,0.0,0.05
burgers,pod_edmd_rbf,8,0.05,2,u*u_xx,0,0.0,0.0
burgers,tv_diff,8,0.05,2,1,0,0.0,0.0
burgers,tv_diff,8,0.05,2,u,0,0.0,0.0
burgers,tv_diff,8,0.05,2,u^2,0,0.0,0.0
burgers,tv_diff,8,0.05,2,u_x,0,0.0,0.0
burgers,tv_diff,8,0.05,2,u*u_x,0,-0.7828190128829802,-1.0
burgers,tv_diff,8,0.05,2,u^2*u_x,0,0.0,0.0
burgers,tv_diff,8,0.05,2,u_xx,0,0.0,0.05
burgers,tv_diff,8,0.05,2,u*u_xx,0,0.0,0.0
burgers,pod_tv_diff,8,0.05,2,1,0,0.0,0.0
burgers,pod_tv_diff,8,0.05,2,u,0,0.0,0.0
burgers,pod_tv_diff,8,0.05,2,u^2,0,0.0,0.0
burgers,pod_tv_diff,8,0.05,2,u_x,0,0.0,0.0
burgers,pod_tv_diff,8,0.05,2,u*u_x,0,-0.7893740298103427,-1.0
burgers,pod_tv_diff,8,0.05,2,u^2*u_x,0,0.0,0.0
burgers,pod_tv_diff,8,0.05,2,u_xx,0,0.0,0.05
burgers,pod_tv_diff,8,0.05,2,u*u_xx,0,0.0,0.0
burgers,baseline,8,0.05,1,1,0,0.0,0.0
burgers,baseline,8,0.05,1,u,0,0.0,0.0
burgers,baseline,8,0.05,1,u^2,0,0.0,0.0
burgers,baseline,8,0.05,1,u_x,0,0.0,0.0
burgers,baseline,8,0.05,1,u*u_x,0,-0.5511283814341131,-1.0
burgers,baseline,8,0.05,1,u^2*u_x,0,0.0,0.0
burgers,baseline,8,0.05,1,u_xx,0,0.0,0.05
burgers,baseline,8,0.05,1,u*u_xx,0,0.0,0.0
burgers,pod_edmd_rbf,8,0.05,1,1,0,0.0,0.0
burgers,pod_edmd_rbf,8,0.05,1,u,0,0.0,0.0
burgers,pod_edmd_rbf,8,0.05,1,u^2,0,0.0,0.0
burgers,pod_edmd_rbf,8,0.05,1,u_x,0,0.0,0.0
burgers,pod_edmd_rbf,8,0.05,1,u*u_x,0,-0.7438226417496889,-1.0
burgers,pod_edmd_rbf,8,0.05,1,u^2*u_x,0,0.0,0.0
burgers,pod_edmd_rbf,8,0.05,1,u_xx,0,0.0,0.05
burgers,pod_edmd_rbf,8,0.05,1,u*u_xx,0,0.0,0.0
burgers,tv_diff,8,0.05,1,1,0,0.0,0.0
burgers,tv_diff,8,0.05,1,u,0,0.0,0.0
burgers,tv_diff,8,0.05,1,u^2,0,0.0,0.0
burgers,tv_diff,8,0.05,1,u_x,0,0.0,0.0
burgers,tv_diff,8,0.05,1,u*u_x,0,-0.7811516760912559,-1.0
burgers,tv_diff,8,0.05,1,u^2*u_x,0,0.0,0.0
burgers,tv_diff,8,0.05,1,u_xx,0,0.0,0.05
burgers,tv_diff,8,0.05,1,u*u_xx,0,0.0,0.0
burgers,pod_tv_diff,8,0.05,1,1,0,0.0,0.0
burgers,pod_tv_diff,8,0.05,1,u,0,0.0,0.0
burgers,pod_tv_diff,8,0.05,1,u^2,0,0.0,0.0
burgers,pod_tv_diff,8,0.05,1,u_x,0,0.0,0.0
burgers,pod_tv_diff,8,0.05,1,u*u_x,0,-0.7869380861442491,-1.0
burgers,pod_tv_diff,8,0.05,1,u^2*u_x,0,0.0,0.0
burgers,pod_tv_diff,8,0.05,1,u_xx,0,0.0,0.05
burgers,pod_tv_diff,8,0.05,1,u*u_xx,0,0.0,0.0
burgers,baseline,8,0.05,3,1,0,0.0,0.0
burgers,baseline,8,0.05,3,u,0,0.0,0.0
burgers,baseline,8,0.05,3,u^2,0,0.0,0.0
burgers,baseline,8,0.05,3,u_x,0,0.0,0.0
burgers,baseline,8,0.05,3,u*u_x,0,-0.5398512611243376,-1.0
burgers,baseline,8,0.05,3,u^2*u_x,0,0.0,0.0
burgers,baseline,8,0.05,3,u_xx,0,0.0,0.05
burgers,baseline,8,0.05,3,u*u_xx,0,0.0,0.0
burgers,pod_edmd_rbf,8,0.05,3,1,0,0.0,0.0
burgers,pod_edmd_rbf,8,0.05,3,u,0,0.0,0.0
burgers,pod_edmd_rbf,8,0.05,3,u^2,0,0.0,0.0
burgers,pod_edmd_rbf,8,0.05,3,u_x,0,0.0,0.0
burgers,pod_edmd_rbf,8,0.05,3,u*u_x,0,-0.6965309392900497,-1.0
burgers,pod_edmd_rbf,8,0.05,3,u^2*u_x,0,0.0,0.0
burgers,pod_edmd_rbf,8,0.05,3,u_xx,0,0.0,0.05
burgers,pod_edmd_rbf,8,0.05,3,u*u_xx,0,0.0,0.0
burgers,tv_diff,8,0.05,3,1,0,0.0,0.0
burgers,tv_diff,8,0.05,3,u,0,0.0,0.0
burgers,tv_diff,8,0.05,3,u^2,0,0.0,0.0
burgers,tv_diff,8,0.05,3,u_x,0,0.0,0.0
burgers,tv_diff,8,0.05,3,u*u_x,0,-0.784495074611491,-1.0
burgers,tv_diff,8,0.05,3,u^2*u_x,0,0.0,0.0
burgers,tv_diff,8,0.05,3,u_xx,0,0.0,0.05
burgers,tv_diff,8,0.05,3,u*u_xx,0,0.0,0.0
burgers,pod_tv_diff,8,0.05,3,1,0,0.0,0.0
burgers,pod_tv_diff,8,0.05,3,u,0,0.0,0.0
burgers,pod_tv_diff,8,0.05,3,u^2,0,0.0,0.0
burgers,pod_tv_diff,8,0.05,3,u_x,0,0.0,0.0
burgers,pod_tv_diff,8,0.05,3,u*u_x,0,-0.7907329300678423,-1.0
burgers,pod_tv_diff,8,0.05,3,u^2*u_x,0,0.0,0.0
burgers,pod_tv_diff,8,0.05,3,u_xx,0,0.0,0.05
burgers,pod_tv_diff,8,0.05,3,u*u_xx,0,0.0,0.0
burgers,baseline,8,0.05,4,1,0,0.0,0.0
burgers,baseline,8,0.05,4,u,0,0.0,0.0
burgers,baseline,8,0.05,4,u^2,0,0.0,0.0
burgers,baseline,8,0.05,4,u_x,0,0.0,0.0
burgers,baseline,8,0.05,4,u*u_x,0,-0.5483078297296998,-1.0
burgers,baseline,8,0.05,4,u^2*u_x,0,0.0,0.0
burgers,baseline,8,0.05,4,u_xx,0,0.0,0.05
burgers,baseline,8,0.05,4,u*u_xx,0,0.0,0.0
burgers,pod_edmd_rbf,8,0.05,4,1,0,0.0,0.0
burgers,pod_edmd_rbf,8,0.05,4,u,0,0.0,0.0
burgers,pod_edmd_rbf,8,0.05,4,u^2,0,0.0,0.0
burgers,pod_edmd_rbf,8,0.05,4,u_x,0,0.0,0.0
burgers,pod_edmd_rbf,8,0.05,4,u*u_x,0,-0.7445454339665212,-1.0
burgers,pod_edmd_rbf,8,0.05,4,u^2*u_x,0,0.0,0.0
burgers,pod_edmd_rbf,8,0.05,4,u_xx,0,0.0,0.05
burgers,pod_edmd_rbf,8,0.05,4,u*u_xx,0,0.0,0.0
burgers,tv_diff,8,0.05,4,1,0,0.0,0.0
burgers,tv_diff,8,0.05,4,u,0,0.0,0.0
burgers,tv_diff,8,0.05,4,u^2,0,0.0,0.0
burgers,tv_diff,8,0.05,4,u_x,0,0.0,0.0
burgers,tv_diff,8,0.05,4,u*u_x,0,-0.7837939442204512,-1.0
burgers,tv_diff,8,0.05,4,u^2*u_x,0,0.0,0.0
burgers,tv_diff,8,0.05,4,u_xx,0,0.0,0.05
burgers,tv_diff,8,0.05,4,u*u_xx,0,0.0,0.0
burgers,pod_tv_diff,8,0.05,4,1,0,0.0,0.0
burgers,pod_tv_diff,8,0.05,4,u,0,0.0,0.0
burgers,pod_tv_diff,8,0.05,4,u^2,0,0.0,0.0
burgers,pod_tv_diff,8,0.05,4,u_x,0,0.0,0.0
burgers,pod_tv_diff,8,0.05,4,u*u_x,0,-0.7907850641228442,-1.0
burgers,pod_tv_diff,8,0.05,4,u^2*u_x,0,0.0,0.0
burgers,pod_tv_diff,8,0.05,4,u_xx,0,0.0,0.05
burgers,pod_tv_diff,8,0.05,4,u*u_xx,0,0.0,0.0
burgers,baseline,8,0.1,0,1,0,0.0,0.0
burgers,baseline,8,0.1,0,u,0,-0.10253554185901598,0.0
burgers,baseline,8,0.1,0,u^2,0,0.0,0.0
burgers,baseline,8,0.1,0,u_x,0,0.0,0.0
burgers,baseline,8,0.1,0,u*u_x,0,-0.2832671224282398,-1.0
burgers,baseline,8,0.1,0,u^2*u_x,0,0.0,0.0
burgers,baseline,8,0.1,0,u_xx,0,0.0,0.05
burgers,baseline,8,0.1,0,u*u_xx,0,0.0,0.0
burgers,pod_edmd_rbf,8,0.1,0,1,0,0.0,0.0
burgers,pod_edmd_rbf,8,0.1,0,u,0,0.0,0.0
burgers,pod_edmd_rbf,8,0.1,0,u^2,0,0.0,0.0
burgers,pod_edmd_rbf,8,0.1,0,u_x,0,0.0,0.0
burgers,pod_edmd_rbf,8,0.1,0,u*u_x,0,-0.2858711912964037,-1.0
burgers,pod_edmd_rbf,8,0.1,0,u^2*u_x,0,0.0,0.0
burgers,pod_edmd_rbf,8,0.1,0,u_xx,0,0.0,0.05
burgers,pod_edmd_rbf,8,0.1,0,u*u_xx,0,0.0,0.0
burgers,tv_diff,8,0.1,0,1,0,0.0,0.0
burgers,tv_diff,8,0.1,0,u,0,0.0,0.0
burgers,tv_diff,8,0.1,0,u^2,0,0.0,0.0
burgers,tv_diff,8,0.1,0,u_x,0,0.0,0.0
burgers,tv_diff,8,0.1,0,u*u_x,0,-0.6624397298880867,-1.0
burgers,tv_diff,8,0.1,0,u^2*u_x,0,0.0,0.0
burgers,tv_diff,8,0.1,0,u_xx,0,0.0,0.05
burgers,tv_diff,8,0.1,0,u*u_xx,0,0.0,0.0
burgers,pod_tv_diff,8,0.1,0,1,0,0.0,0.0
burgers,pod_tv_diff,8,0.1,0,u,0,0.0,0.0
burgers,pod_tv_diff,8,0.1,0,u^2,0,0.0,0.0
burgers,pod_tv_diff,8,0.1,0,u_x,0,0.0,0.0
burgers,pod_tv_diff,8,0.1,0,u*u_x,0,-0.6669872809960492,-1.0
burgers,pod_tv_diff,8,0.1,0,u^2*u_x,0,0.0,0.0
burgers,pod_tv_diff,8,0.1,0,u_xx,0,0.0,0.05
burgers,pod_tv_diff,8,0.1,0,u*u_xx,0,0.0,0.0
burgers,baseline,8,0.1,1,1,0,0.0,0.0
burgers,baseline,8,0.1,1,u,0,0.0,0.0
burgers,baseline,8,0.1,1,u^2,0,0.0,0.0
burgers,baseline,8,0.1,1,u_x,0,0.0,0.0
burgers,baseline,8,0.1,1,u*u_x,0,-0.257416946355627,-1.0
burgers,baseline,8,0.1,1,u^2*u_x,0,0.0,0.0
burgers,baseline,8,0.1,1,u_xx,0,0.0,0.05
burgers,baseline,8,0.1,1,u*u_xx,0,0.0,0.0
burgers,pod_edmd_rbf,8,0.1,1,1,0,0.0,0.0
burgers,pod_edmd_rbf,8,0.1,1,u,0,0.0,0.0
burgers,pod_edmd_rbf,8,0.1,1,u^2,0,0.0,0.0
burgers,pod_edmd_rbf,8,0.1,1,u_x,0,0.0,0.0
burgers,pod_edmd_rbf,8,0.1,1,u*u_x,0,-0.42187417455756243,-1.0
burgers,pod_edmd_rbf,8,0.1,1,u^2*u_x,0,0.0,0.0
burgers,pod_edmd_rbf,8,0.1,1,u_xx,0,0.0,0.05
burgers,pod_edmd_rbf,8,0.1,1,u*u_xx,0,0.0,0.0
burgers,tv_diff,8,0.1,1,1,0,0.0,0.0
burgers,tv_diff,8,0.1,1,u,0,0.0,0.0
burgers,tv_diff,8,0.1,1,u^2,0,0.0,0.0
burgers,tv_diff,8,0.1,1,u_x,0,0.0,0.0
burgers,tv_diff,8,0.1,1,u*u_x,0,-0.6737837091574458,-1.0
burgers,tv_diff,8,0.1,1,u^2*u_x,0,0.0,0.0
burgers,tv_diff,8,0.1,1,u_xx,0,0.0,0.05
burgers,tv_diff,8,0.1,1,u*u_xx,0,0.0,0.0
burgers,pod_tv_diff,8,0.1,1,1,0,0.0,0.0
burgers,pod_tv_diff,8,0.1,1,u,0,0.0,0.0
burgers,pod_tv_diff,8,0.1,1,u^2,0,0.0,0.0
burgers,pod_tv_diff,8,0.1,1,u_x,0,0.0,0.0
burgers,pod_tv_diff,8,0.1,1,u*u_x,0,-0.671309834692933,-1.0
burgers,pod_tv_diff,8,0.1,1,u^2*u_x,0,0.0,0.0
burgers,pod_tv_diff,8,0.1,1,u_xx,0,0.0,0.05
burgers,pod_tv_diff,8,0.1,1,u*u_xx,0,0.0,0.0
burgers,baseline,8,0.1,2,1,0,0.0,0.0
burgers,baseline,8,0.1,2,u,0,0.0,0.0
burgers,baseline,8,0.1,2,u^2,0,0.0,0.0
burgers,baseline,8,0.1,2,u_x,0,0.0,0.0
burgers,baseline,8,0.1,2,u*u_x,0,-0.28742294295789106,-1.0
burgers,baseline,8,0.1,2,u^2*u_x,0,0.0,0.0
burgers,baseline,8,0.1,2,u_xx,0,0.0,0.05
burgers,baseline,8,0.1,2,u*u_xx,0,0.0,0.0
burgers,pod_edmd_rbf,8,0.1,2,1,0,0.0,0.0
burgers,pod_edmd_rbf,8,0.1,2,u,0,0.0,0.0
burgers,pod_edmd_rbf,8,0.1,2,u^2,0,0.0,0.0
burgers,pod_edmd_rbf,8,0.1,2,u_x,0,0.0,0.0
burgers,pod_edmd_rbf,8,0.1,2,u*u_x,0,-0.4375946042339733,-1.0
burgers,pod_edmd_rbf,8,0.1,2,u^2*u_x,0,0.0,0.0
burgers,pod_edmd_rbf,8,0.1,2,u_xx,0,0.0,0.05
burgers,pod_edmd_rbf,8,0.1,2,u*u_xx,0,0.0,0.0
burgers,tv_diff,8,0.1,2,1,0,0.0,0.0
burgers,tv_diff,8,0.1,2,u,0,0.0,0.0
burgers,tv_diff,8,0.1,2,u^2,0,0.0,0.0
burgers,tv_diff,8,0.1,2,u_x,0,0.0,0.0
burgers,tv_diff,8,0.1,2,u*u_x,0,-0.6718892263851608,-1.0
burgers,tv_diff,8,0.1,2,u^2*u_x,0,0.0,0.0
burgers,tv_diff,8,0.1,2,u_xx,0,0.0,0.05
burgers,tv_diff,8,0.1,2,u*u_xx,0,0.0,0.0
burgers,pod_tv_diff,8,0.1,2,1,0,0.0,0.0
burgers,pod_tv_diff,8,0.1,2,u,0,0.0,0.0
burgers,pod_tv_diff,8,0.1,2,u^2,0,0.0,0.0
burgers,pod_tv_diff,8,0.1,2,u_x,0,0.0,0.0
burgers,pod_tv_diff,8,0.1,2,u*u_x,0,-0.6832789878095086,-1.0
burgers,pod_tv_diff,8,0.1,2,u^2*u_x,0,0.0,0.0
burgers,pod_tv_diff,8,0.1,2,u_xx,0,0.0,0.05
burgers,pod_tv_diff,8,0.1,2,u*u_xx,0,0.0,0.0
burgers,baseline,8,0.2,0,1,0,0.0,0.0
burgers,baseline,8,0.2,0,u,0,0.0,0.0
burgers,baseline,8,0.2,0,u^2,0,0.0,0.0
burgers,baseline,8,0.2,0,u_x,0,0.0,0.0
burgers,baseline,8,0.2,0,u*u_x,0,-0.10551691581757687,-1.0
burgers,baseline,8,0.2,0,u^2*u_x,0,0.0,0.0
burgers,baseline,8,0.2,0,u_xx,0,0.0,0.05
burgers,baseline,8,0.2,0,u*u_xx,0,0.0,0.0
burgers,pod_edmd_rbf,8,0.2,0,1,0,0.0,0.0
burgers,pod_edmd_rbf,8,0.2,0,u,0,0.0,0.0
burgers,pod_edmd_rbf,8,0.2,0,u^2,0,0.0,0.0
burgers,pod_edmd_rbf,8,0.2,0,u_x,0,0.0,0.0
burgers,pod_edmd_rbf,8,0.2,0,u*u_x,0,-0.17637333315789694,-1.0
burgers,pod_edmd_rbf,8,0.2,0,u^2*u_x,0,0.0,0.0
burgers,pod_edmd_rbf,8,0.2,0,u_xx,0,0.0,0.05
burgers,pod_edmd_rbf,8,0.2,0,u*u_xx,0,0.0,0.0
burgers,tv_diff,8,0.2,0,1,0,0.0,0.0
burgers,tv_diff,8,0.2,0,u,0,0.0,0.0
burgers,tv_diff,8,0.2,0,u^2,0,0.0,0.0
burgers,tv_diff,8,0.2,0,u_x,0,0.0,0.0
burgers,tv_diff,8,0.2,0,u*u_x,0,-0.3984920527432909,-1.0
burgers,tv_diff,8,0.2,0,u^2*u_x,0,0.0,0.0
burgers,tv_diff,8,0.2,0,u_xx,0,0.0,0.05
burgers,tv_diff,8,0.2,0,u*u_xx,0,0.0,0.0
burgers,pod_tv_diff,8,0.2,0,1,0,0.0,0.0
burgers,pod_tv_diff,8,0.2,0,u,0,0.0,0.0
burgers,pod_tv_diff,8,0.2,0,u^2,0,0.0,0.0
burgers,pod_tv_diff,8,0.2,0,u_x,0,0.0,0.0
burgers,pod_tv_diff,8,0.2,0,u*u_x,0,-0.41038528743227304,-1.0
burgers,pod_tv_diff,8,0.2,0,u^2*u_x,0,0.0,0.0
burgers,pod_tv_diff,8,0.2,0,u_xx,0,0.0,0.05
burgers,pod_tv_diff,8,0.2,0,u*u_xx,0,0.0,0.0
burgers,baseline,8,0.1,3,1,0,0.0,0.0
burgers,baseline,8,0.1,3,u,0,0.0,0.0
burgers,baseline,8,0.1,3,u^2,0,0.0,0.0
burgers,baseline,8,0.1,3,u_x,0,0.0,0.0
burgers,baseline,8,0.1,3,u*u_x,0,-0.282657425159186,-1.0
burgers,baseline,8,0.1,3,u^2*u_x,0,0.0,0.0
burgers,baseline,8,0.1,3,u_xx,0,0.0,0.05
burgers,baseline,8,0.1,3,u*u_xx,0,0.0,0.0
burgers,pod_edmd_rbf,8,0.1,3,1,0,0.0,0.0
burgers,pod_edmd_rbf,8,0.1,3,u,0,0.0,0.0
burgers,pod_edmd_rbf,8,0.1,3,u^2,0,0.0,0.0
burgers,pod_edmd_rbf,8,0.1,3,u_x,0,0.0,0.0
burgers,pod_edmd_rbf,8,0.1,3,u*u_x,0,-0.4259358810078311,-1.0
burgers,pod_edmd_rbf,8,0.1,3,u^2*u_x,0,0.0,0.0
burgers,pod_edmd_rbf,8,0.1,3,u_xx,0,0.0,0.05
burgers,pod_edmd_rbf,8,0.1,3,u*u_xx,0,0.0,0.0
burgers,tv_diff,8,0.1,3,1,0,0.0,0.0
burgers,tv_diff,8,0.1,3,u,0,0.0,0.0
burgers,tv_diff,8,0.1,3,u^2,0,0.0,0.0
burgers,tv_diff,8,0.1,3,u_x,0,0.0,0.0
burgers,tv_diff,8,0.1,3,u*u_x,0,-0.6932891098140104,-1.0
burgers,tv_diff,8,0.1,3,u^2*u_x,0,0.0,0.0
burgers,tv_diff,8,0.1,3,u_xx,0,0.0,0.05
burgers,tv_diff,8,0.1,3,u*u_xx,0,0.0,0.0
burgers,pod_tv_diff,8,0.1,3,1,0,0.0,0.0
burgers,pod_tv_diff,8,0.1,3,u,0,0.0,0.0
burgers,pod_tv_diff,8,0.1,3,u^2,0,0.0,0.0
burgers,pod_tv_diff,8,0.1,3,u_x,0,0.0,0.0
burgers,pod_tv_diff,8,0.1,3,u*u_x,0,-0.6940678441772258,-1.0
burgers,pod_tv_diff,8,0.1,3,u^2*u_x,0,0.0,0.0
burgers,pod_tv_diff,8,0.1,3,u_xx,0,0.0,0.05
burgers,pod_tv_diff,8,0.1,3,u*u_xx,0,0.0,0.0
burgers,baseline,8,0.2,1,1,0,0.0,0.0
burgers,baseline,8,0.2,1,u,0,-0.1125992931884207,0.0
burgers,baseline,8,0.2,1,u^2,0,0.0,0.0
burgers,baseline,8,0.2,1,u_x,0,0.0,0.0
burgers,baseline,8,0.2,1,u*u_x,0,-0.09871081008427261,-1.0
burgers,baseline,8,0.2,1,u^2*u_x,0,0.0,0.0
burgers,baseline,8,0.2,1,u_xx,0,0.0,0.05
burgers,baseline,8,0.2,1,u*u_xx,0,0.0,0.0
burgers,pod_edmd_rbf,8,0.2,1,1,0,0.0,0.0
burgers,pod_edmd_rbf,8,0.2,1,u,0,-0.11596932442853496,0.0
burgers,pod_edmd_rbf,8,0.2,1,u^2,0,0.0,0.0
burgers,pod_edmd_rbf,8,0.2,1,u_x,0,0.0,0.0
burgers,pod_edmd_rbf,8,0.2,1,u*u_x,0,-0.19092897072672843,-1.0
burgers,pod_edmd_rbf,8,0.2,1,u^2*u_x,0,0.0,0.0
burgers,pod_edmd_rbf,8,0.2,1,u_xx,0,0.0,0.05
burgers,pod_edmd_rbf,8,0.2,1,u*u_xx,0,0.0,0.0
burgers,tv_diff,8,0.2,1,1,0,0.0,0.0
burgers,tv_diff,8,0.2,1,u,0,0.0,0.0
burgers,tv_diff,8,0.2,1,u^2,0,0.0,0.0
burgers,tv_diff,8,0.2,1,u_x,0,0.0,0.0
burgers,tv_diff,8,0.2,1,u*u_x,0,-0.4098347713882052,-1.0
burgers,tv_diff,8,0.2,1,u^2*u_x,0,0.0,0.0
burgers,tv_diff,8,0.2,1,u_xx,0,0.0,0.05
burgers,tv_diff,8,0.2,1,u*u_xx,0,0.0,0.0
burgers,pod_tv_diff,8,0.2,1,1,0,0.0,0.0
burgers,pod_tv_diff,8,0.2,1,u,0,0.0,0.0
burgers,pod_tv_diff,8,0.2,1,u^2,0,0.0,0.0
burgers,pod_tv_diff,8,0.2,1,u_x,0,0.0,0.0
burgers,pod_tv_diff,8,0.2,1,u*u_x,0,-0.4128232043125097,-1.0
burgers,pod_tv_diff,8,0.2,1,u^2*u_x,0,0.0,0.0
burgers,pod_tv_diff,8,0.2,1,u_xx,0,0.0,0.05
burgers,pod_tv_diff,8,0.2,1,u*u_xx,0,0.0,0.0
burgers,baseline,8,0.1,4,1,0,0.0,0.0
burgers,baseline,8,0.1,4,u,0,0.0,0.0
burgers,baseline,8,0.1,4,u^2,0,0.0,0.0
burgers,baseline,8,0.1,4,u_x,0,0.0,0.0
burgers,baseline,8,0.1,4,u*u_x,0,-0.2864288427377189,-1.0
burgers,baseline,8,0.1,4,u^2*u_x,0,0.0,0.0
burgers,baseline,8,0.1,4,u_xx,0,0.0,0.05
burgers,baseline,8,0.1,4,u*u_xx,0,0.0,0.0
burgers,pod_edmd_rbf,8,0.1,4,1,0,0.0,0.0
burgers,pod_edmd_rbf,8,0.1,4,u,0,0.0,0.0
burgers,pod_edmd_rbf,8,0.1,4,u^2,0,0.0,0.0
burgers,pod_edmd_rbf,8,0.1,4,u_x,0,0.0,0.0
burgers,pod_edmd_rbf,8,0.1,4,u*u_x,0,-0.34510001281891567,-1.0
burgers,pod_edmd_rbf,8,0.1,4,u^2*u_x,0,0.0,0.0
burgers,pod_edmd_rbf,8,0.1,4,u_xx,0,0.0,0.05
burgers,pod_edmd_rbf,8,0.1,4,u*u_xx,0,0.0,0.0
burgers,tv_diff,8,0.1,4,1,0,0.0,0.0
burgers,tv_diff,8,0.1,4,u,0,0.0,0.0
burgers,tv_diff,8,0.1,4,u^2,0,0.0,0.0
burgers,tv_diff,8,0.1,4,u_x,0,0.0,0.0
burgers,tv_diff,8,0.1,4,u*u_x,0,-0.6776100453119945,-1.0
burgers,tv_diff,8,0.1,4,u^2*u_x,0,0.0,0.0
burgers,tv_diff,8,0.1,4,u_xx,0,0.0,0.05
burgers,tv_diff,8,0.1,4,u*u_xx,0,0.0,0.0
burgers,pod_tv_diff,8,0.1,4,1,0,0.0,0.0
burgers,pod_tv_diff,8,0.1,4,u,0,0.0,0.0
burgers,pod_tv_diff,8,0.1,4,u^2,0,0.0,0.0
burgers,pod_tv_diff,8,0.1,4,u_x,0,0.0,0.0
burgers,pod_tv_diff,8,0.1,4,u*u_x,0,-0.6899220000249954,-1.0
burgers,pod_tv_diff,8,0.1,4,u^2*u_x,0,0.0,0.0
burgers,pod_tv_diff,8,0.1,4,u_xx,0,0.0,0.05
burgers,pod_tv_diff,8,0.1,4,u*u_xx,0,0.0,0.0
burgers,baseline,8,0.5,0,1,0,0.011933122598792405,0.0
burgers,baseline,8,0.5,0,u,0,-0.09682629631230318,0.0
burgers,baseline,8,0.5,0,u^2,0,0.02393632241337147,0.0
burgers,baseline,8,0.5,0,u_x,0,0.02601688048249203,0.0
burgers,baseline,8,0.5,0,u*u_x,0,-0.009411487941762418,-1.0
burgers,baseline,8,0.5,0,u^2*u_x,0,-0.04473843125099366,0.0
burgers,baseline,8,0.5,0,u_xx,0,-0.0001872777587831266,0.05
burgers,baseline,8,0.5,0,u*u_xx,0,0.0002595369299467572,0.0
burgers,pod_edmd_rbf,8,0.5,0,1,0,0.0,0.0
burgers,pod_edmd_rbf,8,0.5,0,u,0,0.0,0.0
burgers,pod_edmd_rbf,8,0.5,0,u^2,0,0.0,0.0
burgers,pod_edmd_rbf,8,0.5,0,u_x,0,0.0,0.0
burgers,pod_edmd_rbf,8,0.5,0,u*u_x,0,-0.14024021413411977,-1.0
burgers,pod_edmd_rbf,8,0.5,0,u^2*u_x,0,0.0,0.0
burgers,pod_edmd_rbf,8,0.5,0,u_xx,0,0.0,0.05
burgers,pod_edmd_rbf,8,0.5,0,u*u_xx,0,0.0,0.0
burgers,tv_diff,8,0.5,0,1,0,0.0,0.0
burgers,tv_diff,8,0.5,0,u,0,0.0,0.0
burgers,tv_diff,8,0.5,0,u^2,0,0.0,0.0
burgers,tv_diff,8,0.5,0,u_x,0,0.0,0.0
burgers,tv_diff,8,0.5,0,u*u_x,0,-0.1513586497061468,-1.0
burgers,tv_diff,8,0.5,0,u^2*u_x,0,0.0,0.0
burgers,tv_diff,8,0.5,0,u_xx,0,0.0,0.05
burgers,tv_diff,8,0.5,0,u*u_xx,0,0.0,0.0
burgers,pod_tv_diff,8,0.5,0,1,0,0.0,0.0
burgers,pod_tv_diff,8,0.5,0,u,0,-0.1099776128638942,0.0
burgers,pod_tv_diff,8,0.5,0,u^2,0,0.0,0.0
burgers,pod_tv_diff,8,0.5,0,u_x,0,0.0,0.0
burgers,pod_tv_diff,8,0.5,0,u*u_x,0,-0.15087670312026502,-1.0
burgers,pod_tv_diff,8,0.5,0,u^2*u_x,0,0.0,0.0
burgers,pod_tv_diff,8,0.5,0,u_xx,0,0.0,0.05
burgers,pod_tv_diff,8,0.5,0,u*u_xx,0,0.0,0.0
burgers,baseline,8,0.2,3,1,0,0.0,0.0
burgers,baseline,8,0.2,3,u,0,0.0,0.0
burgers,baseline,8,0.2,3,u^2,0,0.0,0.0
burgers,baseline,8,0.2,3,u_x,0,0.0,0.0
burgers,baseline,8,0.2,3,u*u_x,0,-0.1310289487354084,-1.0
burgers,baseline,8,0.2,3,u^2*u_x,0,0.0,0.0
burgers,baseline,8,0.2,3,u_xx,0,0.0,0.05
burgers,baseline,8,0.2,3,u*u_xx,0,0.0,0.0
burgers,pod_edmd_rbf,8,0.2,3,1,0,0.0,0.0
burgers,pod_edmd_rbf,8,0.2,3,u,0,0.0,0.0
burgers,pod_edmd_rbf,8,0.2,3,u^2,0,0.0,0.0
burgers,pod_edmd_rbf,8,0.2,3,u_x,0,0.0,0.0
burgers,pod_edmd_rbf,8,0.2,3,u*u_x,0,-0.20839300819930434,-1.0
burgers,pod_edmd_rbf,8,0.2,3,u^2*u_x,0,0.0,0.0
burgers,pod_edmd_rbf,8,0.2,3,u_xx,0,0.0,0.05
burgers,pod_edmd_rbf,8,0.2,3,u*u_xx,0,0.0,0.0
burgers,tv_diff,8,0.2,3,1,0,0.0,0.0
burgers,tv_diff,8,0.2,3,u,0,0.0,0.0
burgers,tv_diff,8,0.2,3,u^2,0,0.0,0.0
burgers,tv_diff,8,0.2,3,u_x,0,0.0,0.0
burgers,tv_diff,8,0.2,3,u*u_x,0,-0.387957474544969,-1.0
burgers,tv_diff,8,0.2,3,u^2*u_x,0,0.0,0.0
burgers,tv_diff,8,0.2,3,u_xx,0,0.0,0.05
burgers,tv_diff,8,0.2,3,u*u_xx,0,0.0,0.0
burgers,pod_tv_diff,8,0.2,3,1,0,0.0,0.0
burgers,pod_tv_diff,8,0.2,3,u,0,0.0,0.0
burgers,pod_tv_diff,8,0.2,3,u^2,0,0.0,0.0
burgers,pod_tv_diff,8,0.2,3,u_x,0,0.0,0.0
burgers,pod_tv_diff,8,0.2,3,u*u_x,0,-0.39164057428090243,-1.0
burgers,pod_tv_diff,8,0.2,3,u^2*u_x,0,0.0,0.0
burgers,pod_tv_diff,8,0.2,3,u_xx,0,0.0,0.05
burgers,pod_tv_diff,8,0.2,3,u*u_xx,0,0.0,0.0
burgers,baseline,8,0.2,4,1,0,0.0,0.0
burgers,baseline,8,0.2,4,u,0,0.0,0.0
burgers,baseline,8,0.2,4,u^2,0,0.0,0.0
burgers,baseline,8,0.2,4,u_x,0,0.0,0.0
burgers,baseline,8,0.2,4,u*u_x,0,-0.104527142788631,-1.0
burgers,baseline,8,0.2,4,u^2*u_x,0,0.0,0.0
burgers,baseline,8,0.2,4,u_xx,0,0.0,0.05
burgers,baseline,8,0.2,4,u*u_xx,0,0.0,0.0
burgers,pod_edmd_rbf,8,0.2,4,1,0,0.0,0.0
burgers,pod_edmd_rbf,8,0.2,4,u,0,0.0,0.0
burgers,pod_edmd_rbf,8,0.2,4,u^2,0,0.0,0.0
burgers,pod_edmd_rbf,8,0.2,4,u_x,0,0.0,0.0
burgers,pod_edmd_rbf,8,0.2,4,u*u_x,0,-0.2491460756767648,-1.0
burgers,pod_edmd_rbf,8,0.2,4,u^2*u_x,0,0.0,0.0
burgers,pod_edmd_rbf,8,0.2,4,u_xx,0,0.0,0.05
burgers,pod_edmd_rbf,8,0.2,4,u*u_xx,0,0.0,0.0
burgers,tv_diff,8,0.2,4,1,0,0.0,0.0
burgers,tv_diff,8,0.2,4,u,0,0.0,0.0
burgers,tv_diff,8,0.2,4,u^2,0,0.0,0.0
burgers,tv_diff,8,0.2,4,u_x,0,0.0,0.0
burgers,tv_diff,8,0.2,4,u*u_x,0,-0.4231203686156915,-1.0
burgers,tv_diff,8,0.2,4,u^2*u_x,0,0.0,0.0
burgers,tv_diff,8,0.2,4,u_xx,0,0.0,0.05
burgers,tv_diff,8,0.2,4,u*u_xx,0,0.0,0.0
burgers,pod_tv_diff,8,0.2,4,1,0,0.0,0.0
burgers,pod_tv_diff,8,0.2,4,u,0,0.0,0.0
burgers,pod_tv_diff,8,0.2,4,u^2,0,0.0,0.0
burgers,pod_tv_diff,8,0.2,4,u_x,0,0.0,0.0
burgers,pod_tv_diff,8,0.2,4,u*u_x,0,-0.41002300959089494,-1.0
burgers,pod_tv_diff,8,0.2,4,u^2*u_x,0,0.0,0.0
burgers,pod_tv_diff,8,0.2,4,u_xx,0,0.0,0.05
burgers,pod_tv_diff,8,0.2,4,u*u_xx,0,0.0,0.0
burgers,baseline,8,0.2,2,1,0,0.0,0.0
burgers,baseline,8,0.2,2,u,0,0.0,0.0
burgers,baseline,8,0.2,2,u^2,0,0.0,0.0
burgers,baseline,8,0.2,2,u_x,0,0.0,0.0
burgers,baseline,8,0.2,2,u*u_x,0,-0.11355933730190186,-1.0
burgers,baseline,8,0.2,2,u^2*u_x,0,0.0,0.0
burgers,baseline,8,0.2,2,u_xx,0,0.0,0.05
burgers,baseline,8,0.2,2,u*u_xx,0,0.0,0.0
burgers,pod_edmd_rbf,8,0.2,2,1,0,0.0,0.0
burgers,pod_edmd_rbf,8,0.2,2,u,0,-0.10392111824049227,0.0
burgers,pod_edmd_rbf,8,0.2,2,u^2,0,0.0,0.0
burgers,pod_edmd_rbf,8,0.2,2,u_x,0,0.0,0.0
burgers,pod_edmd_rbf,8,0.2,2,u*u_x,0,-0.2683512996072572,-1.0
burgers,pod_edmd_rbf,8,0.2,2,u^2*u_x,0,0.0,0.0
burgers,pod_edmd_rbf,8,0.2,2,u_xx,0,0.0,0.05
burgers,pod_edmd_rbf,8,0.2,2,u*u_xx,0,0.0,0.0
burgers,tv_diff,8,0.2,2,1,0,0.0,0.0
burgers,tv_diff,8,0.2,2,u,0,0.0,0.0
burgers,tv_diff,8,0.2,2,u^2,0,0.0,0.0
burgers,tv_diff,8,0.2,2,u_x,0,0.0,0.0
burgers,tv_diff,8,0.2,2,u*u_x,0,-0.44058407725073734,-1.0
burgers,tv_diff,8,0.2,2,u^2*u_x,0,0.0,0.0
burgers,tv_diff,8,0.2,2,u_xx,0,0.0,0.05
burgers,tv_diff,8,0.2,2,u*u_xx,0,0.0,0.0
burgers,pod_tv_diff,8,0.2,2,1,0,0.0,0.0
burgers,pod_tv_diff,8,0.2,2,u,0,0.0,0.0
burgers,pod_tv_diff,8,0.2,2,u^2,0,0.0,0.0
burgers,pod_tv_diff,8,0.2,2,u_x,0,0.0,0.0
burgers,pod_tv_diff,8,0.2,2,u*u_x,0,-0.4371069512819664,-1.0
burgers,pod_tv_diff,8,0.2,2,u^2*u_x,0,0.0,0.0
burgers,pod_tv_diff,8,0.2,2,u_xx,0,0.0,0.05
burgers,pod_tv_diff,8,0.2,2,u*u_xx,0,0.0,0.0
burgers,baseline,8,0.5,2,1,0,0.021816994851171032,0.0
burgers,baseline,8,0.5,2,u,0,-0.06391313324631198,0.0
burgers,baseline,8,0.5,2,u^2,0,-0.034402920553769506,0.0
burgers,baseline,8,0.5,2,u_x,0,-0.02860877433996068,0.0
burgers,baseline,8,0.5,2,u*u_x,0,-0.0036418466945203195,-1.0
burgers,baseline,8,0.5,2,u^2*u_x,0,0.03778572062040657,0.0
burgers,baseline,8,0.5,2,u_xx,0,-0.00016666521042406988,0.05
burgers,baseline,8,0.5,2,u*u_xx,0,-0.0005487393263380067,0.0
burgers,pod_edmd_rbf,8,0.5,2,1,0,0.03342079960632283,0.0
burgers,pod_edmd_rbf,8,0.5,2,u,0,-0.0965318578038964,0.0
burgers,pod_edmd_rbf,8,0.5,2,u^2,0,-0.019981586760370797,0.0
burgers,pod_edmd_rbf,8,0.5,2,u_x,0,-0.0348595349182918,0.0
burgers,pod_edmd_rbf,8,0.5,2,u*u_x,0,-0.003743946583031194,-1.0
burgers,pod_edmd_rbf,8,0.5,2,u^2*u_x,0,0.02363690411462527,0.0
burgers,pod_edmd_rbf,8,0.5,2,u_xx,0,6.197334635973789e-06,0.05
burgers,pod_edmd_rbf,8,0.5,2,u*u_xx,0,-0.0006279164097445193,0.0
burgers,tv_diff,8,0.5,2,1,0,0.0,0.0
burgers,tv_diff,8,0.5,2,u,0,0.0,0.0
burgers,tv_diff,8,0.5,2,u^2,0,0.0,0.0
burgers,tv_diff,8,0.5,2,u_x,0,0.0,0.0
burgers,tv_diff,8,0.5,2,u*u_x,0,-0.1595749328319981,-1.0
burgers,tv_diff,8,0.5,2,u^2*u_x,0,0.0,0.0
burgers,tv_diff,8,0.5,2,u_xx,0,0.0,0.05
burgers,tv_diff,8,0.5,2,u*u_xx,0,0.0,0.0
burgers,pod_tv_diff,8,0.5,2,1,0,0.0,0.0
burgers,pod_tv_diff,8,0.5,2,u,0,0.0,0.0
burgers,pod_tv_diff,8,0.5,2,u^2,0,0.0,0.0
burgers,pod_tv_diff,8,0.5,2,u_x,0,0.0,0.0
burgers,pod_tv_diff,8,0.5,2,u*u_x,0,-0.1510646309536774,-1.0
burgers,pod_tv_diff,8,0.5,2,u^2*u_x,0,0.0,0.0
burgers,pod_tv_diff,8,0.5,2,u_xx,0,0.0,0.05
burgers,pod_tv_diff,8,0.5,2,u*u_xx,0,0.0,0.0
burgers,baseline,8,0.5,1,1,0,-0.06807093913305792,0.0
burgers,baseline,8,0.5,1,u,0,-0.05389558538848146,0.0
burgers,baseline,8,0.5,1,u^2,0,0.09735836185168675,0.0
burgers,baseline,8,0.5,1,u_x,0,0.05764970730023707,0.0
burgers,baseline,8,0.5,1,u*u_x,0,-0.037329633688501805,-1.0
burgers,baseline,8,0.5,1,u^2*u_x,0,0.0019686545809604853,0.0
burgers,baseline,8,0.5,1,u_xx,0,0.00012130372300167017,0.05
burgers,baseline,8,0.5,1,u*u_xx,0,0.00017973417838590183,0.0
burgers,pod_edmd_rbf,8,0.5,1,1,0,-0.004238011011978012,0.0
burgers,pod_edmd_rbf,8,0.5,1,u,0,-0.06586117645150273,0.0
burgers,pod_edmd_rbf,8,0.5,1,u^2,0,-0.014556041242258067,0.0
burgers,pod_edmd_rbf,8,0.5,1,u_x,0,0.07995997039124704,0.0
burgers,pod_edmd_rbf,8,0.5,1,u*u_x,0,0.035668008927618546,-1.0
burgers,pod_edmd_rbf,8,0.5,1,u^2*u_x,0,-0.04125624766086589,0.0
burgers,pod_edmd_rbf,8,0.5,1,u_xx,0,-0.0003223631127450853,0.05
burgers,pod_edmd_rbf,8,0.5,1,u*u_xx,0,0.0,0.0
burgers,tv_diff,8,0.5,1,1,0,0.0,0.0
burgers,tv_diff,8,0.5,1,u,0,0.0,0.0
burgers,tv_diff,8,0.5,1,u^2,0,0.0,0.0
burgers,tv_diff,8,0.5,1,u_x,0,0.0,0.0
burgers,tv_diff,8,0.5,1,u*u_x,0,-0.13625653082012573,-1.0
burgers,tv_diff,8,0.5,1,u^2*u_x,0,0.0,0.0
burgers,tv_diff,8,0.5,1,u_xx,0,0.0,0.05
burgers,tv_diff,8,0.5,1,u*u_xx,0,0.0,0.0
burgers,pod_tv_diff,8,0.5,1,1,0,0.0,0.0
burgers,pod_tv_diff,8,0.5,1,u,0,0.0,0.0
burgers,pod_tv_diff,8,0.5,1,u^2,0,0.0,0.0
burgers,pod_tv_diff,8,0.5,1,u_x,0,0.0,0.0
burgers,pod_tv_diff,8,0.5,1,u*u_x,0,-0.14434297517103353,-1.0
burgers,pod_tv_diff,8,0.5,1,u^2*u_x,0,0.0,0.0
burgers,pod_tv_diff,8,0.5,1,u_xx,0,0.0,0.05
burgers,pod_tv_diff,8,0.5,1,u*u_xx,0,0.0,0.0
burgers,baseline,8,0.5,3,1,0,0.04250919538455111,0.0
burgers,baseline,8,0.5,3,u,0,-0.07758162403763506,0.0
burgers,baseline,8,0.5,3,u^2,0,-0.01700554435919069,0.0
burgers,baseline,8,0.5,3,u_x,0,-0.009971656871709306,0.0
burgers,baseline,8,0.5,3,u*u_x,0,-0.0030221136720291163,-1.0
burgers,baseline,8,0.5,3,u^2*u_x,0,0.0009132223180679039,0.0
burgers,baseline,8,0.5,3,u_xx,0,-7.779139481898684e-05,0.05
burgers,baseline,8,0.5,3,u*u_xx,0,-0.0002700695866757809,0.0
burgers,pod_edmd_rbf,8,0.5,3,1,0,0.06583541048317018,0.0
burgers,pod_edmd_rbf,8,0.5,3,u,0,-0.08816343110623442,0.0
burgers,pod_edmd_rbf,8,0.5,3,u^2,0,0.009635876953844559,0.0
burgers,pod_edmd_rbf,8,0.5,3,u_x,0,-0.07433738319436903,0.0
burgers,pod_edmd_rbf,8,0.5,3,u*u_x,0,-0.07376048586503386,-1.0
burgers,pod_edmd_rbf,8,0.5,3,u^2*u_x,0,0.026099327513590887,0.0
burgers,pod_edmd_rbf,8,0.5,3,u_xx,0,-0.00041894503869718613,0.05
burgers,pod_edmd_rbf,8,0.5,3,u*u_xx,0,0.0,0.0
burgers,tv_diff,8,0.5,3,1,0,0.0,0.0
burgers,tv_diff,8,0.5,3,u,0,0.0,0.0
burgers,tv_diff,8,0.5,3,u^2,0,0.0,0.0
burgers,tv_diff,8,0.5,3,u_x,0,0.0,0.0
burgers,tv_diff,8,0.5,3,u*u_x,0,-0.1394067866169506,-1.0
burgers,tv_diff,8,0.5,3,u^2*u_x,0,0.0,0.0
burgers,tv_diff,8,0.5,3,u_xx,0,0.0,0.05
burgers,tv_diff,8,0.5,3,u*u_xx,0,0.0,0.0
burgers,pod_tv_diff,8,0.5,3,1,0,0.0,0.0
burgers,pod_tv_diff,8,0.5,3,u,0,0.0,0.0
burgers,pod_tv_diff,8,0.5,3,u^2,0,0.0,0.0
burgers,pod_tv_diff,8,0.5,3,u_x,0,0.0,0.0
burgers,pod_tv_diff,8,0.5,3,u*u_x,0,-0.13076678077665949,-1.0
burgers,pod_tv_diff,8,0.5,3,u^2*u_x,0,0.0,0.0
burgers,pod_tv_diff,8,0.5,3,u_xx,0,0.0,0.05
burgers,pod_tv_diff,8,0.5,3,u*u_xx,0,0.0,0.0
burgers,baseline,32,0.05,0,1,0,0.0,0.0
burgers,baseline,32,0.05,0,u,0,0.0,0.0
burgers,baseline,32,0.05,0,u^2,0,0.0,0.0
burgers,baseline,32,0.05,0,u_x,0,0.0,0.0
burgers,baseline,32,0.05,0,u*u_x,0,-0.5770485205107819,-1.0
burgers,baseline,32,0.05,0,u^2*u_x,0,0.0,0.0
burgers,baseline,32,0.05,0,u_xx,0,0.0,0.05
burgers,baseline,32,0.05,0,u*u_xx,0,0.0,0.0
burgers,pod_edmd_rbf,32,0.05,0,1,0,0.0,0.0
burgers,pod_edmd_rbf,32,0.05,0,u,0,0.0,0.0
burgers,pod_edmd_rbf,32,0.05,0,u^2,0,0.0,0.0
burgers,pod_edmd_rbf,32,0.05,0,u_x,0,0.0,0.0
burgers,pod_edmd_rbf,32,0.05,0,u*u_x,0,-0.6336671562357269,-1.0
burgers,pod_edmd_rbf,32,0.05,0,u^2*u_x,0,0.0,0.0
burgers,pod_edmd_rbf,32,0.05,0,u_xx,0,0.0,0.05
burgers,pod_edmd_rbf,32,0.05,0,u*u_xx,0,0.0,0.0
burgers,tv_diff,32,0.05,0,1,0,0.0,0.0
burgers,tv_diff,32,0.05,0,u,0,0.0,0.0
burgers,tv_diff,32,0.05,0,u^2,0,0.0,0.0
burgers,tv_diff,32,0.05,0,u_x,0,0.0,0.0
burgers,tv_diff,32,0.05,0,u*u_x,0,-0.5899388764674235,-1.0
burgers,tv_diff,32,0.05,0,u^2*u_x,0,0.0,0.0
burgers,tv_diff,32,0.05,0,u_xx,0,0.0,0.05
burgers,tv_diff,32,0.05,0,u*u_xx,0,0.0,0.0
burgers,pod_tv_diff,32,0.05,0,1,0,0.0,0.0
burgers,pod_tv_diff,32,0.05,0,u,0,0.0,0.0
burgers,pod_tv_diff,32,0.05,0,u^2,0,0.0,0.0
burgers,pod_tv_diff,32,0.05,0,u_x,0,0.0,0.0
burgers,pod_tv_diff,32,0.05,0,u*u_x,0,-0.6498413251904706,-1.0
burgers,pod_tv_diff,32,0.05,0,u^2*u_x,0,0.0,0.0
burgers,pod_tv_diff,32,0.05,0,u_xx,0,0.0,0.05
burgers,pod_tv_diff,32,0.05,0,u*u_xx,0,0.0,0.0
burgers,baseline,8,0.5,4,1,0,-0.0036239035058121503,0.0
burgers,baseline,8,0.5,4,u,0,-0.10037799910800276,0.0
burgers,baseline,8,0.5,4,u^2,0,-0.07590715818923152,0.0
burgers,baseline,8,0.5,4,u_x,0,-0.02573183101206589,0.0
burgers,baseline,8,0.5,4,u*u_x,0,0.026257901481335374,-1.0
burgers,baseline,8,0.5,4,u^2*u_x,0,0.006132200891168693,0.0
burgers,baseline,8,0.5,4,u_xx,0,-2.260593059013845e-05,0.05
burgers,baseline,8,0.5,4,u*u_xx,0,-0.0005780915663525529,0.0
burgers,pod_edmd_rbf,8,0.5,4,1,0,0.014186139740627317,0.0
burgers,pod_edmd_rbf,8,0.5,4,u,0,0.016777383098449318,0.0
burgers,pod_edmd_rbf,8,0.5,4,u^2,0,0.010469623370064355,0.0
burgers,pod_edmd_rbf,8,0.5,4,u_x,0,-0.04491758790466676,0.0
burgers,pod_edmd_rbf,8,0.5,4,u*u_x,0,0.009220794678872699,-1.0
burgers,pod_edmd_rbf,8,0.5,4,u^2*u_x,0,-0.001674131509846081,0.0
burgers,pod_edmd_rbf,8,0.5,4,u_xx,0,6.039586144140299e-05,0.05
burgers,pod_edmd_rbf,8,0.5,4,u*u_xx,0,0.0,0.0
burgers,tv_diff,8,0.5,4,1,0,0.0,0.0
burgers,tv_diff,8,0.5,4,u,0,-0.11837002354239157,0.0
burgers,tv_diff,8,0.5,4,u^2,0,0.0,0.0
burgers,tv_diff,8,0.5,4,u_x,0,0.0,0.0
burgers,tv_diff,8,0.5,4,u*u_x,0,-0.13830325158136247,-1.0
burgers,tv_diff,8,0.5,4,u^2*u_x,0,0.0,0.0
burgers,tv_diff,8,0.5,4,u_xx,0,0.0,0.05
burgers,tv_diff,8,0.5,4,u*u_xx,0,0.0,0.0
burgers,pod_tv_diff,8,0.5,4,1,0,0.0,0.0
burgers,pod_tv_diff,8,0.5,4,u,0,-0.11483805898036252,0.0
burgers,pod_tv_diff,8,0.5,4,u^2,0,0.0,0.0
burgers,pod_tv_diff,8,0.5,4,u_x,0,0.0,0.0
burgers,pod_tv_diff,8,0.5,4,u*u_x,0,-0.14145276632083087,-1.0
burgers,pod_tv_diff,8,0.5,4,u^2*u_x,0,0.0,0.0
burgers,pod_tv_diff,8,0.5,4,u_xx,0,0.0,0.05
burgers,pod_tv_diff,8,0.5,4,u*u_xx,0,0.0,0.0
burgers,baseline,32,0.05,1,1,0,0.0,0.0
burgers,baseline,32,0.05,1,u,0,0.0,0.0
burgers,baseline,32,0.05,1,u^2,0,0.0,0.0
burgers,baseline,32,0.05,1,u_x,0,0.0,0.0
burgers,baseline,32,0.05,1,u*u_x,0,-0.5537871296243495,-1.0
burgers,baseline,32,0.05,1,u^2*u_x,0,0.0,0.0
burgers,baseline,32,0.05,1,u_xx,0,0.0,0.05
burgers,baseline,32,0.05,1,u*u_xx,0,0.0,0.0
burgers,pod_edmd_rbf,32,0.05,1,1,0,0.0,0.0
burgers,pod_edmd_rbf,32,0.05,1,u,0,0.0,0.0
burgers,pod_edmd_rbf,32,0.05,1,u^2,0,0.0,0.0
burgers,pod_edmd_rbf,32,0.05,1,u_x,0,0.0,0.0
burgers,pod_edmd_rbf,32,0.05,1,u*u_x,0,-0.6174039476305996,-1.0
burgers,pod_edmd_rbf,32,0.05,1,u^2*u_x,0,0.0,0.0
burgers,pod_edmd_rbf,32,0.05,1,u_xx,0,0.0,0.05
burgers,pod_edmd_rbf,32,0.05,1,u*u_xx,0,0.0,0.0
burgers,tv_diff,32,0.05,1,1,0,0.0,0.0
burgers,tv_diff,32,0.05,1,u,0,0.0,0.0
burgers,tv_diff,32,0.05,1,u^2,0,0.0,0.0
burgers,tv_diff,32,0.05,1,u_x,0,0.0,0.0
burgers,tv_diff,32,0.05,1,u*u_x,0,-0.634371339636855,-1.0
burgers,tv_diff,32,0.05,1,u^2*u_x,0,0.0,0.0
burgers,tv_diff,32,0.05,1,u_xx,0,0.0,0.05
burgers,tv_diff,32,0.05,1,u*u_xx,0,0.0,0.0
burgers,pod_tv_diff,32,0.05,1,1,0,0.0,0.0
burgers,pod_tv_diff,32,0.05,1,u,0,0.0,0.0
burgers,pod_tv_diff,32,0.05,1,u^2,0,0.0,0.0
burgers,pod_tv_diff,32,0.05,1,u_x,0,0.0,0.0
burgers,pod_tv_diff,32,0.05,1,u*u_x,0,-0.6329296367560412,-1.0
burgers,pod_tv_diff,32,0.05,1,u^2*u_x,0,0.0,0.0
burgers,pod_tv_diff,32,0.05,1,u_xx,0,0.0,0.05
burgers,pod_tv_diff,32,0.05,1,u*u_xx,0,0.0,0.0
burgers,baseline,32,0.05,2,1,0,0.0,0.0
burgers,baseline,32,0.05,2,u,0,0.0,0.0
burgers,baseline,32,0.05,2,u^2,0,0.0,0.0
burgers,baseline,32,0.05,2,u_x,0,0.0,0.0
burgers,baseline,32,0.05,2,u*u_x,0,-0.5296535254326731,-1.0
burgers,baseline,32,0.05,2,u^2*u_x,0,0.0,0.0
burgers,baseline,32,0.05,2,u_xx,0,0.0,0.05
burgers,baseline,32,0.05,2,u*u_xx,0,0.0,0.0
burgers,pod_edmd_rbf,32,0.05,2,1,0,0.0,0.0
burgers,pod_edmd_rbf,32,0.05,2,u,0,0.0,0.0
burgers,pod_edmd_rbf,32,0.05,2,u^2,0,0.0,0.0
burgers,pod_edmd_rbf,32,0.05,2,u_x,0,0.0,0.0
burgers,pod_edmd_rbf,32,0.05,2,u*u_x,0,-0.5377639653192549,-1.0
burgers,pod_edmd_rbf,32,0.05,2,u^2*u_x,0,0.0,0.0
burgers,pod_edmd_rbf,32,0.05,2,u_xx,0,0.0,0.05
burgers,pod_edmd_rbf,32,0.05,2,u*u_xx,0,0.0,0.0
burgers,tv_diff,32,0.05,2,1,0,0.0,0.0
burgers,tv_diff,32,0.05,2,u,0,0.0,0.0
burgers,tv_diff,32,0.05,2,u^2,0,0.0,0.0
burgers,tv_diff,32,0.05,2,u_x,0,0.0,0.0
burgers,tv_diff,32,0.05,2,u*u_x,0,-0.6326629668016358,-1.0
burgers,tv_diff,32,0.05,2,u^2*u_x,0,0.0,0.0
burgers,tv_diff,32,0.05,2,u_xx,0,0.0,0.05
burgers,tv_diff,32,0.05,2,u*u_xx,0,0.0,0.0
burgers,pod_tv_diff,32,0.05,2,1,0,0.0,0.0
burgers,pod_tv_diff,32,0.05,2,u,0,0.0,0.0
burgers,pod_tv_diff,32,0.05,2,u^2,0,0.0,0.0
burgers,pod_tv_diff,32,0.05,2,u_x,0,0.0,0.0
burgers,pod_tv_diff,32,0.05,2,u*u_x,0,-0.6144182055165489,-1.0
burgers,pod_tv_diff,32,0.05,2,u^2*u_x,0,0.0,0.0
burgers,pod_tv_diff,32,0.05,2,u_xx,0,0.0,0.05
burgers,pod_tv_diff,32,0.05,2,u*u_xx,0,0.0,0.0
burgers,baseline,32,0.05,3,1,0,0.0,0.0
burgers,baseline,32,0.05,3,u,0,0.0,0.0
burgers,baseline,32,0.05,3,u^2,0,0.0,0.0
burgers,baseline,32,0.05,3,u_x,0,0.0,0.0
burgers,baseline,32,0.05,3,u*u_x,0,-0.5592346385021779,-1.0
burgers,baseline,32,0.05,3,u^2*u_x,0,0.0,0.0
burgers,baseline,32,0.05,3,u_xx,0,0.0,0.05
burgers,baseline,32,0.05,3,u*u_xx,0,0.0,0.0
burgers,pod_edmd_rbf,32,0.05,3,1,0,0.0,0.0
burgers,pod_edmd_rbf,32,0.05,3,u,0,0.0,0.0
burgers,pod_edmd_rbf,32,0.05,3,u^2,0,0.0,0.0
burgers,pod_edmd_rbf,32,0.05,3,u_x,0,0.0,0.0
burgers,pod_edmd_rbf,32,0.05,3,u*u_x,0,-0.6273105213262014,-1.0
burgers,pod_edmd_rbf,32,0.05,3,u^2*u_x,0,0.0,0.0
burgers,pod_edmd_rbf,32,0.05,3,u_xx,0,0.0,0.05
burgers,pod_edmd_rbf,32,0.05,3,u*u_xx,0,0.0,0.0
burgers,tv_diff,32,0.05,3,1,0,0.0,0.0
burgers,tv_diff,32,0.05,3,u,0,0.0,0.0
burgers,tv_diff,32,0.05,3,u^2,0,0.0,0.0
burgers,tv_diff,32,0.05,3,u_x,0,0.0,0.0
burgers,tv_diff,32,0.05,3,u*u_x,0,-0.5733315188844157,-1.0
burgers,tv_diff,32,0.05,3,u^2*u_x,0,0.0,0.0
burgers,tv_diff,32,0.05,3,u_xx,0,0.0,0.05
burgers,tv_diff,32,0.05,3,u*u_xx,0,0.0,0.0
burgers,pod_tv_diff,32,0.05,3,1,0,0.0,0.0
burgers,pod_tv_diff,32,0.05,3,u,0,0.0,0.0
burgers,pod_tv_diff,32,0.05,3,u^2,0,0.0,0.0
burgers,pod_tv_diff,32,0.05,3,u_x,0,0.0,0.0
burgers,pod_tv_diff,32,0.05,3,u*u_x,0,-0.6619814954743984,-1.0
burgers,pod_tv_diff,32,0.05,3,u^2*u_x,0,0.0,0.0
burgers,pod_tv_diff,32,0.05,3,u_xx,0,0.0,0.05
burgers,pod_tv_diff,32,0.05,3,u*u_xx,0,0.0,0.0
burgers,baseline,32,0.05,4,1,0,0.0,0.0
burgers,baseline,32,0.05,4,u,0,0.0,0.0
burgers,baseline,32,0.05,4,u^2,0,0.0,0.0
burgers,baseline,32,0.05,4,u_x,0,0.0,0.0
burgers,baseline,32,0.05,4,u*u_x,0,-0.5222672967857929,-1.0
burgers,baseline,32,0.05,4,u^2*u_x,0,0.0,0.0
burgers,baseline,32,0.05,4,u_xx,0,0.0,0.05
burgers,baseline,32,0.05,4,u*u_xx,0,0.0,0.0
burgers,pod_edmd_rbf,32,0.05,4,1,0,0.0,0.0
burgers,pod_edmd_rbf,32,0.05,4,u,0,0.0,0.0
burgers,pod_edmd_rbf,32,0.05,4,u^2,0,0.0,0.0
burgers,pod_edmd_rbf,32,0.05,4,u_x,0,0.0,0.0
burgers,pod_edmd_rbf,32,0.05,4,u*u_x,0,-0.5750777181186877,-1.0
burgers,pod_edmd_rbf,32,0.05,4,u^2*u_x,0,0.0,0.0
burgers,pod_edmd_rbf,32,0.05,4,u_xx,0,0.0,0.05
burgers,pod_edmd_rbf,32,0.05,4,u*u_xx,0,0.0,0.0
burgers,tv_diff,32,0.05,4,1,0,0.0,0.0
burgers,tv_diff,32,0.05,4,u,0,0.0,0.0
burgers,tv_diff,32,0.05,4,u^2,0,0.0,0.0
burgers,tv_diff,32,0.05,4,u_x,0,0.0,0.0
burgers,tv_diff,32,0.05,4,u*u_x,0,-0.6008870061152765,-1.0
burgers,tv_diff,32,0.05,4,u^2*u_x,0,0.0,0.0
burgers,tv_diff,32,0.05,4,u_xx,0,0.0,0.05
burgers,tv_diff,32,0.05,4,u*u_xx,0,0.0,0.0
burgers,pod_tv_diff,32,0.05,4,1,0,0.0,0.0
burgers,pod_tv_diff,32,0.05,4,u,0,0.0,0.0
burgers,pod_tv_diff,32,0.05,4,u^2,0,0.0,0.0
burgers,pod_tv_diff,32,0.05,4,u_x,0,0.0,0.0
burgers,pod_tv_diff,32,0.05,4,u*u_x,0,-0.602125177953666,-1.0
burgers,pod_tv_diff,32,0.05,4,u^2*u_x,0,0.0,0.0
burgers,pod_tv_diff,32,0.05,4,u_xx,0,0.0,0.05
burgers,pod_tv_diff,32,0.05,4,u*u_xx,0,0.0,0.0
burgers,baseline,32,0.1,0,1,0,0.0,0.0
burgers,baseline,32,0.1,0,u,0,0.0,0.0
burgers,baseline,32,0.1,0,u^2,0,0.0,0.0
burgers,baseline,32,0.1,0,u_x,0,0.0,0.0
burgers,baseline,32,0.1,0,u*u_x,0,-0.2798266282191691,-1.0
burgers,baseline,32,0.1,0,u^2*u_x,0,0.0,0.0
burgers,baseline,32,0.1,0,u_xx,0,0.0,0.05
burgers,baseline,32,0.1,0,u*u_xx,0,0.0,0.0
burgers,pod_edmd_rbf,32,0.1,0,1,0,0.0,0.0
burgers,pod_edmd_rbf,32,0.1,0,u,0,0.0,0.0
burgers,pod_edmd_rbf,32,0.1,0,u^2,0,0.0,0.0
burgers,pod_edmd_rbf,32,0.1,0,u_x,0,0.0,0.0
burgers,pod_edmd_rbf,32,0.1,0,u*u_x,0,-0.30422892932326173,-1.0
burgers,pod_edmd_rbf,32,0.1,0,u^2*u_x,0,0.0,0.0
burgers,pod_edmd_rbf,32,0.1,0,u_xx,0,0.0,0.05
burgers,pod_edmd_rbf,32,0.1,0,u*u_xx,0,0.0,0.0
burgers,tv_diff,32,0.1,0,1,0,0.0,0.0
burgers,tv_diff,32,0.1,0,u,0,0.0,0.0
burgers,tv_diff,32,0.1,0,u^2,0,0.0,0.0
burgers,tv_diff,32,0.1,0,u_x,0,0.0,0.0
burgers,tv_diff,32,0.1,0,u*u_x,0,-0.2798266282191691,-1.0
burgers,tv_diff,32,0.1,0,u^2*u_x,0,0.0,0.0
burgers,tv_diff,32,0.1,0,u_xx,0,0.0,0.05
burgers,tv_diff,32,0.1,0,u*u_xx,0,0.0,0.0
burgers,pod_tv_diff,32,0.1,0,1,0,0.0,0.0
burgers,pod_tv_diff,32,0.1,0,u,0,0.0,0.0
burgers,pod_tv_diff,32,0.1,0,u^2,0,0.0,0.0
burgers,pod_tv_diff,32,0.1,0,u_x,0,0.0,0.0
burgers,pod_tv_diff,32,0.1,0,u*u_x,0,-0.5096624480086429,-1.0
burgers,pod_tv_diff,32,0.1,0,u^2*u_x,0,0.0,0.0
burgers,pod_tv_diff,32,0.1,0,u_xx,0,0.0,0.05
burgers,pod_tv_diff,32,0.1,0,u*u_xx,0,0.0,0.0
burgers,baseline,32,0.1,2,1,0,0.0,0.0
burgers,baseline,32,0.1,2,u,0,0.0,0.0
burgers,baseline,32,0.1,2,u^2,0,0.0,0.0
burgers,baseline,32,0.1,2,u_x,0,0.0,0.0
burgers,baseline,32,0.1,2,u*u_x,0,-0.2882073907089471,-1.0
burgers,baseline,32,0.1,2,u^2*u_x,0,0.0,0.0
burgers,baseline,32,0.1,2,u_xx,0,0.0,0.05
burgers,baseline,32,0.1,2,u*u_xx,0,0.0,0.0
burgers,pod_edmd_rbf,32,0.1,2,1,0,0.0,0.0
burgers,pod_edmd_rbf,32,0.1,2,u,0,0.0,0.0
burgers,pod_edmd_rbf,32,0.1,2,u^2,0,0.0,0.0
burgers,pod_edmd_rbf,32,0.1,2,u_x,0,0.0,0.0
burgers,pod_edmd_rbf,32,0.1,2,u*u_x,0,-0.23490588989447372,-1.0
burgers,pod_edmd_rbf,32,0.1,2,u^2*u_x,0,0.0,0.0
burgers,pod_edmd_rbf,32,0.1,2,u_xx,0,0.0,0.05
burgers,pod_edmd_rbf,32,0.1,2,u*u_xx,0,0.0,0.0
burgers,tv_diff,32,0.1,2,1,0,0.0,0.0
burgers,tv_diff,32,0.1,2,u,0,0.0,0.0
burgers,tv_diff,32,0.1,2,u^2,0,0.0,0.0
burgers,tv_diff,32,0.1,2,u_x,0,0.0,0.0
burgers,tv_diff,32,0.1,2,u*u_x,0,-0.46627492382720304,-1.0
burgers,tv_diff,32,0.1,2,u^2*u_x,0,0.0,0.0
burgers,tv_diff,32,0.1,2,u_xx,0,0.0,0.05
burgers,tv_diff,32,0.1,2,u*u_xx,0,0.0,0.0
burgers,pod_tv_diff,32,0.1,2,1,0,0.0,0.0
burgers,pod_tv_diff,32,0.1,2,u,0,0.0,0.0
burgers,pod_tv_diff,32,0.1,2,u^2,0,0.0,0.0
burgers,pod_tv_diff,32,0.1,2,u_x,0,0.0,0.0
burgers,pod_tv_diff,32,0.1,2,u*u_x,0,-0.4481223801974335,-1.0
burgers,pod_tv_diff,32,0.1,2,u^2*u_x,0,0.0,0.0
burgers,pod_tv_diff,32,0.1,2,u_xx,0,0.0,0.05
burgers,pod_tv_diff,32,0.1,2,u*u_xx,0,0.0,0.0
burgers,baseline,32,0.1,1,1,0,0.0,0.0
burgers,baseline,32,0.1,1,u,0,0.0,0.0
burgers,baseline,32,0.1,1,u^2,0,0.0,0.0
burgers,baseline,32,0.1,1,u_x,0,0.0,0.0
burgers,baseline,32,0.1,1,u*u_x,0,-0.25786203291529675,-1.0
burgers,baseline,32,0.1,1,u^2*u_x,0,0.0,0.0
burgers,baseline,32,0.1,1,u_xx,0,0.0,0.05
burgers,baseline,32,0.1,1,u*u_xx,0,0.0,0.0
burgers,pod_edmd_rbf,32,0.1,1,1,0,0.0,0.0
burgers,pod_edmd_rbf,32,0.1,1,u,0,0.0,0.0
burgers,pod_edmd_rbf,32,0.1,1,u^2,0,0.0,0.0
burgers,pod_edmd_rbf,32,0.1,1,u_x,0,0.0,0.0
burgers,pod_edmd_rbf,32,0.1,1,u*u_x,0,-0.28064687620277956,-1.0
burgers,pod_edmd_rbf,32,0.1,1,u^2*u_x,0,0.0,0.0
burgers,pod_edmd_rbf,32,0.1,1,u_xx,0,0.0,0.05
burgers,pod_edmd_rbf,32,0.1,1,u*u_xx,0,0.0,0.0
burgers,tv_diff,32,0.1,1,1,0,0.0,0.0
burgers,tv_diff,32,0.1,1,u,0,0.0,0.0
burgers,tv_diff,32,0.1,1,u^2,0,0.0,0.0
burgers,tv_diff,32,0.1,1,u_x,0,0.0,0.0
burgers,tv_diff,32,0.1,1,u*u_x,0,-0.25786203291529675,-1.0
burgers,tv_diff,32,0.1,1,u^2*u_x,0,0.0,0.0
burgers,tv_diff,32,0.1,1,u_xx,0,0.0,0.05
burgers,tv_diff,32,0.1,1,u*u_xx,0,0.0,0.0
burgers,pod_tv_diff,32,0.1,1,1,0,0.0,0.0
burgers,pod_tv_diff,32,0.1,1,u,0,0.0,0.0
burgers,pod_tv_diff,32,0.1,1,u^2,0,0.0,0.0
burgers,pod_tv_diff,32,0.1,1,u_x,0,0.0,0.0
burgers,pod_tv_diff,32,0.1,1,u*u_x,0,-0.45234270493336154,-1.0
burgers,pod_tv_diff,32,0.1,1,u^2*u_x,0,0.0,0.0
burgers,pod_tv_diff,32,0.1,1,u_xx,0,0.0,0.05
burgers,pod_tv_diff,32,0.1,1,u*u_xx,0,0.0,0.0
burgers,baseline,32,0.1,3,1,0,0.0,0.0
burgers,baseline,32,0.1,3,u,0,0.0,0.0
burgers,baseline,32,0.1,3,u^2,0,0.0,0.0
burgers,baseline,32,0.1,3,u_x,0,0.0,0.0
burgers,baseline,32,0.1,3,u*u_x,0,-0.22644021068334827,-1.0
burgers,baseline,32,0.1,3,u^2*u_x,0,0.0,0.0
burgers,baseline,32,0.1,3,u_xx,0,0.0,0.05
burgers,baseline,32,0.1,3,u*u_xx,0,0.0,0.0
burgers,pod_edmd_rbf,32,0.1,3,1,0,0.0,0.0
burgers,pod_edmd_rbf,32,0.1,3,u,0,0.0,0.0
burgers,pod_edmd_rbf,32,0.1,3,u^2,0,0.0,0.0
burgers,pod_edmd_rbf,32,0.1,3,u_x,0,0.0,0.0
burgers,pod_edmd_rbf,32,0.1,3,u*u_x,0,-0.17475802400973198,-1.0
burgers,pod_edmd_rbf,32,0.1,3,u^2*u_x,0,0.0,0.0
burgers,pod_edmd_rbf,32,0.1,3,u_xx,0,0.0,0.05
burgers,pod_edmd_rbf,32,0.1,3,u*u_xx,0,0.0,0.0
burgers,tv_diff,32,0.1,3,1,0,0.0,0.0
burgers,tv_diff,32,0.1,3,u,0,0.0,0.0
burgers,tv_diff,32,0.1,3,u^2,0,0.0,0.0
burgers,tv_diff,32,0.1,3,u_x,0,0.0,0.0
burgers,tv_diff,32,0.1,3,u*u_x,0,-0.46213560506313944,-1.0
burgers,tv_diff,32,0.1,3,u^2*u_x,0,0.0,0.0
burgers,tv_diff,32,0.1,3,u_xx,0,0.0,0.05
burgers,tv_diff,32,0.1,3,u*u_xx,0,0.0,0.0
burgers,pod_tv_diff,32,0.1,3,1,0,0.0,0.0
burgers,pod_tv_diff,32,0.1,3,u,0,0.0,0.0
burgers,pod_tv_diff,32,0.1,3,u^2,0,0.0,0.0
burgers,pod_tv_diff,32,0.1,3,u_x,0,0.0,0.0
burgers,pod_tv_diff,32,0.1,3,u*u_x,0,-0.4289558314862513,-1.0
burgers,pod_tv_diff,32,0.1,3,u^2*u_x,0,0.0,0.0
burgers,pod_tv_diff,32,0.1,3,u_xx,0,0.0,0.05
burgers,pod_tv_diff,32,0.1,3,u*u_xx,0,0.0,0.0
burgers,baseline,32,0.1,4,1,0,0.0,0.0
burgers,baseline,32,0.1,4,u,0,0.0,0.0
burgers,baseline,32,0.1,4,u^2,0,0.0,0.0
burgers,baseline,32,0.1,4,u_x,0,0.0,0.0
burgers,baseline,32,0.1,4,u*u_x,0,-0.2318294910548946,-1.0
burgers,baseline,32,0.1,4,u^2*u_x,0,0.0,0.0
burgers,baseline,32,0.1,4,u_xx,0,0.0,0.05
burgers,baseline,32,0.1,4,u*u_xx,0,0.0,0.0
burgers,pod_edmd_rbf,32,0.1,4,1,0,0.2668350108431214,0.0
burgers,pod_edmd_rbf,32,0.1,4,u,0,-0.050440944907746144,0.0
burgers,pod_edmd_rbf,32,0.1,4,u^2,0,-0.2576152127094852,0.0
burgers,pod_edmd_rbf,32,0.1,4,u_x,0,0.04620865597660331,0.0
burgers,pod_edmd_rbf,32,0.1,4,u*u_x,0,-0.002086717144863299,-1.0
burgers,pod_edmd_rbf,32,0.1,4,u^2*u_x,0,-0.002810233873208663,0.0
burgers,pod_edmd_rbf,32,0.1,4,u_xx,0,0.0005202254912348072,0.05
burgers,pod_edmd_rbf,32,0.1,4,u*u_xx,0,-0.0006011733009336329,0.0
burgers,tv_diff,32,0.1,4,1,0,0.0,0.0
burgers,tv_diff,32,0.1,4,u,0,0.0,0.0
burgers,tv_diff,32,0.1,4,u^2,0,0.0,0.0
burgers,tv_diff,32,0.1,4,u_x,0,0.0,0.0
burgers,tv_diff,32,0.1,4,u*u_x,0,-0.4526890480887328,-1.0
burgers,tv_diff,32,0.1,4,u^2*u_x,0,0.0,0.0
burgers,tv_diff,32,0.1,4,u_xx,0,0.0,0.05
burgers,tv_diff,32,0.1,4,u*u_xx,0,0.0,0.0
burgers,pod_tv_diff,32,0.1,4,1,0,0.0,0.0
burgers,pod_tv_diff,32,0.1,4,u,0,0.0,0.0
burgers,pod_tv_diff,32,0.1,4,u^2,0,0.0,0.0
burgers,pod_tv_diff,32,0.1,4,u_x,0,0.0,0.0
burgers,pod_tv_diff,32,0.1,4,u*u_x,0,-0.4302483511455254,-1.0
burgers,pod_tv_diff,32,0.1,4,u^2*u_x,0,0.0,0.0
burgers,pod_tv_diff,32,0.1,4,u_xx,0,0.0,0.05
burgers,pod_tv_diff,32,0.1,4,u*u_xx,0,0.0,0.0
burgers,baseline,32,0.2,0,1,0,0.0,0.0
burgers,baseline,32,0.2,0,u,0,-0.0685915943435496,0.0
burgers,baseline,32,0.2,0,u^2,0,0.0,0.0
burgers,baseline,32,0.2,0,u_x,0,0.0,0.0
burgers,baseline,32,0.2,0,u*u_x,0,-0.07933570246247688,-1.0
burgers,baseline,32,0.2,0,u^2*u_x,0,0.0,0.0
burgers,baseline,32,0.2,0,u_xx,0,0.0,0.05
burgers,baseline,32,0.2,0,u*u_xx,0,0.0,0.0
burgers,pod_edmd_rbf,32,0.2,0,1,0,0.0,0.0
burgers,pod_edmd_rbf,32,0.2,0,u,0,0.0,0.0
burgers,pod_edmd_rbf,32,0.2,0,u^2,0,0.0,0.0
burgers,pod_edmd_rbf,32,0.2,0,u_x,0,0.0,0.0
burgers,pod_edmd_rbf,32,0.2,0,u*u_x,0,-0.11047205380595392,-1.0
burgers,pod_edmd_rbf,32,0.2,0,u^2*u_x,0,0.0,0.0
burgers,pod_edmd_rbf,32,0.2,0,u_xx,0,0.0,0.05
burgers,pod_edmd_rbf,32,0.2,0,u*u_xx,0,0.0,0.0
burgers,tv_diff,32,0.2,0,1,0,0.0,0.0
burgers,tv_diff,32,0.2,0,u,0,0.0,0.0
burgers,tv_diff,32,0.2,0,u^2,0,0.0,0.0
burgers,tv_diff,32,0.2,0,u_x,0,0.0,0.0
burgers,tv_diff,32,0.2,0,u*u_x,0,-0.18143209193886634,-1.0
burgers,tv_diff,32,0.2,0,u^2*u_x,0,0.0,0.0
burgers,tv_diff,32,0.2,0,u_xx,0,0.0,0.05
burgers,tv_diff,32,0.2,0,u*u_xx,0,0.0,0.0
burgers,pod_tv_diff,32,0.2,0,1,0,0.0,0.0
burgers,pod_tv_diff,32,0.2,0,u,0,0.0,0.0
burgers,pod_tv_diff,32,0.2,0,u^2,0,0.0,0.0
burgers,pod_tv_diff,32,0.2,0,u_x,0,0.0,0.0
burgers,pod_tv_diff,32,0.2,0,u*u_x,0,-0.23039441150177808,-1.0
burgers,pod_tv_diff,32,0.2,0,u^2*u_x,0,0.0,0.0
burgers,pod_tv_diff,32,0.2,0,u_xx,0,0.0,0.05
burgers,pod_tv_diff,32,0.2,0,u*u_xx,0,0.0,0.0
burgers,baseline,32,0.2,1,1,0,0.0,0.0
burgers,baseline,32,0.2,1,u,0,-0.0955715931267407,0.0
burgers,baseline,32,0.2,1,u^2,0,0.0,0.0
burgers,baseline,32,0.2,1,u_x,0,0.0,0.0
burgers,baseline,32,0.2,1,u*u_x,0,-0.07158018056018202,-1.0
burgers,baseline,32,0.2,1,u^2*u_x,0,0.0,0.0
burgers,baseline,32,0.2,1,u_xx,0,0.0,0.05
burgers,baseline,32,0.2,1,u*u_xx,0,0.0,0.0
burgers,pod_edmd_rbf,32,0.2,1,1,0,-0.030498727765739003,0.0
burgers,pod_edmd_rbf,32,0.2,1,u,0,-0.06959209621645585,0.0
burgers,pod_edmd_rbf,32,0.2,1,u^2,0,0.05985581754238224,0.0
burgers,pod_edmd_rbf,32,0.2,1,u_x,0,-0.028288776101946186,0.0
burgers,pod_edmd_rbf,32,0.2,1,u*u_x,0,-0.04496774759730297,-1.0
burgers,pod_edmd_rbf,32,0.2,1,u^2*u_x,0,0.06567435459742271,0.0
burgers,pod_edmd_rbf,32,0.2,1,u_xx,0,-0.00047948373392576923,0.05
burgers,pod_edmd_rbf,32,0.2,1,u*u_xx,0,0.0,0.0
burgers,tv_diff,32,0.2,1,1,0,0.0,0.0
burgers,tv_diff,32,0.2,1,u,0,-0.09557159312674068,0.0
burgers,tv_diff,32,0.2,1,u^2,0,0.0,0.0
burgers,tv_diff,32,0.2,1,u_x,0,0.0,0.0
burgers,tv_diff,32,0.2,1,u*u_x,0,-0.07158018056018199,-1.0
burgers,tv_diff,32,0.2,1,u^2*u_x,0,0.0,0.0
burgers,tv_diff,32,0.2,1,u_xx,0,0.0,0.05
burgers,tv_diff,32,0.2,1,u*u_xx,0,0.0,0.0
burgers,pod_tv_diff,32,0.2,1,1,0,0.0,0.0
burgers,pod_tv_diff,32,0.2,1,u,0,0.0,0.0
burgers,pod_tv_diff,32,0.2,1,u^2,0,0.0,0.0
burgers,pod_tv_diff,32,0.2,1,u_x,0,0.0,0.0
burgers,pod_tv_diff,32,0.2,1,u*u_x,0,-0.1301550407061037,-1.0
burgers,pod_tv_diff,32,0.2,1,u^2*u_x,0,0.0,0.0
burgers,pod_tv_diff,32,0.2,1,u_xx,0,0.0,0.05
burgers,pod_tv_diff,32,0.2,1,u*u_xx,0,0.0,0.0
burgers,baseline,32,0.2,2,1,0,0.0,0.0
burgers,baseline,32,0.2,2,u,0,-0.0990310768777573,0.0
burgers,baseline,32,0.2,2,u^2,0,0.0,0.0
burgers,baseline,32,0.2,2,u_x,0,0.0,0.0
burgers,baseline,32,0.2,2,u*u_x,0,-0.07666181560175328,-1.0
burgers,baseline,32,0.2,2,u^2*u_x,0,0.0,0.0
burgers,baseline,32,0.2,2,u_xx,0,0.0,0.05
burgers,baseline,32,0.2,2,u*u_xx,0,0.0,0.0
burgers,pod_edmd_rbf,32,0.2,2,1,0,0.0,0.0
burgers,pod_edmd_rbf,32,0.2,2,u,0,-0.12366096059723984,0.0
burgers,pod_edmd_rbf,32,0.2,2,u^2,0,0.0,0.0
burgers,pod_edmd_rbf,32,0.2,2,u_x,0,0.0,0.0
burgers,pod_edmd_rbf,32,0.2,2,u*u_x,0,-0.09021900411325595,-1.0
burgers,pod_edmd_rbf,32,0.2,2,u^2*u_x,0,0.0,0.0
burgers,pod_edmd_rbf,32,0.2,2,u_xx,0,0.0,0.05
burgers,pod_edmd_rbf,32,0.2,2,u*u_xx,0,0.0,0.0
burgers,tv_diff,32,0.2,2,1,0,0.0,0.0
burgers,tv_diff,32,0.2,2,u,0,0.0,0.0
burgers,tv_diff,32,0.2,2,u^2,0,0.0,0.0
burgers,tv_diff,32,0.2,2,u_x,0,0.0,0.0
burgers,tv_diff,32,0.2,2,u*u_x,0,-0.25141165776532876,-1.0
burgers,tv_diff,32,0.2,2,u^2*u_x,0,0.0,0.0
burgers,tv_diff,32,0.2,2,u_xx,0,0.0,0.05
burgers,tv_diff,32,0.2,2,u*u_xx,0,0.0,0.0
burgers,pod_tv_diff,32,0.2,2,1,0,0.0,0.0
burgers,pod_tv_diff,32,0.2,2,u,0,-0.10064103709971357,0.0
burgers,pod_tv_diff,32,0.2,2,u^2,0,0.0,0.0
burgers,pod_tv_diff,32,0.2,2,u_x,0,0.0,0.0
burgers,pod_tv_diff,32,0.2,2,u*u_x,0,-0.276200433866806,-1.0
burgers,pod_tv_diff,32,0.2,2,u^2*u_x,0,0.0,0.0
burgers,pod_tv_diff,32,0.2,2,u_xx,0,0.0,0.05
burgers,pod_tv_diff,32,0.2,2,u*u_xx,0,0.0,0.0
burgers,baseline,32,0.2,3,1,0,0.0,0.0
burgers,baseline,32,0.2,3,u,0,-0.07377054590024522,0.0
burgers,baseline,32,0.2,3,u^2,0,0.0,0.0
burgers,baseline,32,0.2,3,u_x,0,0.0,0.0
burgers,baseline,32,0.2,3,u*u_x,0,-0.077389246717461,-1.0
burgers,baseline,32,0.2,3,u^2*u_x,0,0.0,0.0
burgers,baseline,32,0.2,3,u_xx,0,0.0,0.05
burgers,baseline,32,0.2,3,u*u_xx,0,0.0,0.0
burgers,pod_edmd_rbf,32,0.2,3,1,0,0.0,0.0
burgers,pod_edmd_rbf,32,0.2,3,u,0,-0.06605172865871116,0.0
burgers,pod_edmd_rbf,32,0.2,3,u^2,0,0.0,0.0
burgers,pod_edmd_rbf,32,0.2,3,u_x,0,0.0,0.0
burgers,pod_edmd_rbf,32,0.2,3,u*u_x,0,-0.056983624290016084,-1.0
burgers,pod_edmd_rbf,32,0.2,3,u^2*u_x,0,0.0,0.0
burgers,pod_edmd_rbf,32,0.2,3,u_xx,0,0.0,0.05
burgers,pod_edmd_rbf,32,0.2,3,u*u_xx,0,0.0,0.0
burgers,tv_diff,32,0.2,3,1,0,0.0,0.0
burgers,tv_diff,32,0.2,3,u,0,0.0,0.0
burgers,tv_diff,32,0.2,3,u^2,0,0.0,0.0
burgers,tv_diff,32,0.2,3,u_x,0,0.0,0.0
burgers,tv_diff,32,0.2,3,u*u_x,0,-0.19910638181471793,-1.0
burgers,tv_diff,32,0.2,3,u^2*u_x,0,0.0,0.0
burgers,tv_diff,32,0.2,3,u_xx,0,0.0,0.05
burgers,tv_diff,32,0.2,3,u*u_xx,0,0.0,0.0
burgers,pod_tv_diff,32,0.2,3,1,0,0.0,0.0
burgers,pod_tv_diff,32,0.2,3,u,0,0.0,0.0
burgers,pod_tv_diff,32,0.2,3,u^2,0,0.0,0.0
burgers,pod_tv_diff,32,0.2,3,u_x,0,0.0,0.0
burgers,pod_tv_diff,32,0.2,3,u*u_x,0,-0.15283646703293727,-1.0
burgers,pod_tv_diff,32,0.2,3,u^2*u_x,0,0.0,0.0
burgers,pod_tv_diff,32,0.2,3,u_xx,0,0.0,0.05
burgers,pod_tv_diff,32,0.2,3,u*u_xx,0,0.0,0.0
burgers,baseline,32,0.2,4,1,0,0.0,0.0
burgers,baseline,32,0.2,4,u,0,-0.07600593874341416,0.0
burgers,baseline,32,0.2,4,u^2,0,0.0,0.0
burgers,baseline,32,0.2,4,u_x,0,0.0,0.0
burgers,baseline,32,0.2,4,u*u_x,0,-0.052130182344384234,-1.0
burgers,baseline,32,0.2,4,u^2*u_x,0,0.0,0.0
burgers,baseline,32,0.2,4,u_xx,0,0.0,0.05
burgers,baseline,32,0.2,4,u*u_xx,0,0.0,0.0
burgers,pod_edmd_rbf,32,0.2,4,1,0,-0.0343610598423661,0.0
burgers,pod_edmd_rbf,32,0.2,4,u,0,-0.0698880152936768,0.0
burgers,pod_edmd_rbf,32,0.2,4,u^2,0,0.04152263229100532,0.0
burgers,pod_edmd_rbf,32,0.2,4,u_x,0,0.015958139929824745,0.0
burgers,pod_edmd_rbf,32,0.2,4,u*u_x,0,-0.07236457259905528,-1.0
burgers,pod_edmd_rbf,32,0.2,4,u^2*u_x,0,0.001823393843832217,0.0
burgers,pod_edmd_rbf,32,0.2,4,u_xx,0,-0.0003266215423739571,0.05
burgers,pod_edmd_rbf,32,0.2,4,u*u_xx,0,0.00036552525232219624,0.0
burgers,tv_diff,32,0.2,4,1,0,0.0,0.0
burgers,tv_diff,32,0.2,4,u,0,0.0,0.0
burgers,tv_diff,32,0.2,4,u^2,0,0.0,0.0
burgers,tv_diff,32,0.2,4,u_x,0,0.0,0.0
burgers,tv_diff,32,0.2,4,u*u_x,0,-0.1510232040471475,-1.0
burgers,tv_diff,32,0.2,4,u^2*u_x,0,0.0,0.0
burgers,tv_diff,32,0.2,4,u_xx,0,0.0,0.05
burgers,tv_diff,32,0.2,4,u*u_xx,0,0.0,0.0
burgers,pod_tv_diff,32,0.2,4,1,0,0.0,0.0
burgers,pod_tv_diff,32,0.2,4,u,0,0.0,0.0
burgers,pod_tv_diff,32,0.2,4,u^2,0,0.0,0.0
burgers,pod_tv_diff,32,0.2,4,u_x,0,0.0,0.0
burgers,pod_tv_diff,32,0.2,4,u*u_x,0,-0.18837093189454268,-1.0
burgers,pod_tv_diff,32,0.2,4,u^2*u_x,0,0.0,0.0
burgers,pod_tv_diff,32,0.2,4,u_xx,0,0.0,0.05
burgers,pod_tv_diff,32,0.2,4,u*u_xx,0,0.0,0.0
burgers,baseline,32,0.5,0,1,0,-0.02159032650655877,0.0
burgers,baseline,32,0.5,0,u,0,-0.12603669994683847,0.0
burgers,baseline,32,0.5,0,u^2,0,0.06771224082969016,0.0
burgers,baseline,32,0.5,0,u_x,0,-0.02113794039611589,0.0
burgers,baseline,32,0.5,0,u*u_x,0,-0.02217171032156675,-1.0
burgers,baseline,32,0.5,0,u^2*u_x,0,0.014847607790203596,0.0
burgers,baseline,32,0.5,0,u_xx,0,-0.00014125455492408027,0.05
burgers,baseline,32,0.5,0,u*u_xx,0,0.0,0.0
burgers,pod_edmd_rbf,32,0.5,0,1,0,-0.03382912565489804,0.0
burgers,pod_edmd_rbf,32,0.5,0,u,0,-0.13531809775644882,0.0
burgers,pod_edmd_rbf,32,0.5,0,u^2,0,0.1645238324005122,0.0
burgers,pod_edmd_rbf,32,0.5,0,u_x,0,-0.07416308562984049,0.0
burgers,pod_edmd_rbf,32,0.5,0,u*u_x,0,-0.0181274922881321,-1.0
burgers,pod_edmd_rbf,32,0.5,0,u^2*u_x,0,0.04672903727529499,0.0
burgers,pod_edmd_rbf,32,0.5,0,u_xx,0,2.9775342377465397e-05,0.05
burgers,pod_edmd_rbf,32,0.5,0,u*u_xx,0,0.0006571690813423075,0.0
burgers,tv_diff,32,0.5,0,1,0,-0.015179734719817711,0.0
burgers,tv_diff,32,0.5,0,u,0,-0.10311406132755957,0.0
burgers,tv_diff,32,0.5,0,u^2,0,0.08409315254937824,0.0
burgers,tv_diff,32,0.5,0,u_x,0,0.019313551964607465,0.0
burgers,tv_diff,32,0.5,0,u*u_x,0,-0.02602256945377192,-1.0
burgers,tv_diff,32,0.5,0,u^2*u_x,0,0.0047430843340569686,0.0
burgers,tv_diff,32,0.5,0,u_xx,0,-0.00016164882212694787,0.05
burgers,tv_diff,32,0.5,0,u*u_xx,0,0.0004564121781644855,0.0
burgers,pod_tv_diff,32,0.5,0,1,0,-0.018133963923037507,0.0
burgers,pod_tv_diff,32,0.5,0,u,0,-0.09728553559496332,0.0
burgers,pod_tv_diff,32,0.5,0,u^2,0,0.09566739082546281,0.0
burgers,pod_tv_diff,32,0.5,0,u_x,0,0.03217897525247018,0.0
burgers,pod_tv_diff,32,0.5,0,u*u_x,0,-0.026656390911821023,-1.0
burgers,pod_tv_diff,32,0.5,0,u^2*u_x,0,-0.014935708795316811,0.0
burgers,pod_tv_diff,32,0.5,0,u_xx,0,4.800533421034789e-05,0.05
burgers,pod_tv_diff,32,0.5,0,u*u_xx,0,0.00024865655372067656,0.0
burgers,baseline,32,0.5,1,1,0,-0.0020077432592704196,0.0
burgers,baseline,32,0.5,1,u,0,-0.09970990690714526,0.0
burgers,baseline,32,0.5,1,u^2,0,0.00533518216536849,0.0
burgers,baseline,32,0.5,1,u_x,0,-0.020538382893029575,0.0
burgers,baseline,32,0.5,1,u*u_x,0,-0.011913506885482723,-1.0
burgers,baseline,32,0.5,1,u^2*u_x,0,0.0251875214794033,0.0
burgers,baseline,32,0.5,1,u_xx,0,-0.00011927612025571318,0.05
burgers,baseline,32,0.5,1,u*u_xx,0,0.00020321773690819603,0.0
burgers,pod_edmd_rbf,32,0.5,1,1,0,0.06202610699587649,0.0
burgers,pod_edmd_rbf,32,0.5,1,u,0,-0.03929686514842992,0.0
burgers,pod_edmd_rbf,32,0.5,1,u^2,0,-0.1342846353815398,0.0
burgers,pod_edmd_rbf,32,0.5,1,u_x,0,0.01922215596064916,0.0
burgers,pod_edmd_rbf,32,0.5,1,u*u_x,0,0.002775674940185934,-1.0
burgers,pod_edmd_rbf,32,0.5,1,u^2*u_x,0,-0.011449655380987507,0.0
burgers,pod_edmd_rbf,32,0.5,1,u_xx,0,0.00028395167764935585,0.05
burgers,pod_edmd_rbf,32,0.5,1,u*u_xx,0,-0.0004727014237154016,0.0
burgers,tv_diff,32,0.5,1,1,0,0.008448321603956721,0.0
burgers,tv_diff,32,0.5,1,u,0,-0.10921462941560414,0.0
burgers,tv_diff,32,0.5,1,u^2,0,-0.051072189286946824,0.0
burgers,tv_diff,32,0.5,1,u_x,0,-0.007890045867430884,0.0
burgers,tv_diff,32,0.5,1,u*u_x,0,-0.0771877655897744,-1.0
burgers,tv_diff,32,0.5,1,u^2*u_x,0,-0.0024151754971774952,0.0
burgers,tv_diff,32,0.5,1,u_xx,0,1.2800596761661848e-05,0.05
burgers,tv_diff,32,0.5,1,u*u_xx,0,-0.00031574338586672123,0.0
burgers,pod_tv_diff,32,0.5,1,1,0,0.023670031297257043,0.0
burgers,pod_tv_diff,32,0.5,1,u,0,-0.09881527982635031,0.0
burgers,pod_tv_diff,32,0.5,1,u^2,0,-0.07373969291048185,0.0
burgers,pod_tv_diff,32,0.5,1,u_x,0,-0.003020731033385329,0.0
burgers,pod_tv_diff,32,0.5,1,u*u_x,0,-0.0602973122283477,-1.0
burgers,pod_tv_diff,32,0.5,1,u^2*u_x,0,-0.0183682923820134,0.0
burgers,pod_tv_diff,32,0.5,1,u_xx,0,0.0002188441750740683,0.05
burgers,pod_tv_diff,32,0.5,1,u*u_xx,0,-0.0002614715567028875,0.0
burgers,baseline,32,0.5,3,1,0,-0.08039767177374368,0.0
burgers,baseline,32,0.5,3,u,0,-0.08508432015560669,0.0
burgers,baseline,32,0.5,3,u^2,0,0.06693150143656848,0.0
burgers,baseline,32,0.5,3,u_x,0,-0.005051308312056192,0.0
burgers,baseline,32,0.5,3,u*u_x,0,0.006295542591988868,-1.0
burgers,baseline,32,0.5,3,u^2*u_x,0,0.010926253648771152,0.0
burgers,baseline,32,0.5,3,u_xx,0,-0.00021527929639107783,0.05
burgers,baseline,32,0.5,3,u*u_xx,0,0.0004591285923312676,0.0
burgers,pod_edmd_rbf,32,0.5,3,1,0,-0.10964986173479786,0.0
burgers,pod_edmd_rbf,32,0.5,3,u,0,-0.10174157780153259,0.0
burgers,pod_edmd_rbf,32,0.5,3,u^2,0,0.057104710841995004,0.0
burgers,pod_edmd_rbf,32,0.5,3,u_x,0,0.011955057802314973,0.0
burgers,pod_edmd_rbf,32,0.5,3,u*u_x,0,0.015459369321658341,-1.0
burgers,pod_edmd_rbf,32,0.5,3,u^2*u_x,0,-0.030032113853344294,0.0
burgers,pod_edmd_rbf,32,0.5,3,u_xx,0,-0.0003158002417326044,0.05
burgers,pod_edmd_rbf,32,0.5,3,u*u_xx,0,0.00041768420855248727,0.0
burgers,tv_diff,32,0.5,3,1,0,-0.06238675615002192,0.0
burgers,tv_diff,32,0.5,3,u,0,-0.09697254124494568,0.0
burgers,tv_diff,32,0.5,3,u^2,0,0.058114428595605214,0.0
burgers,tv_diff,32,0.5,3,u_x,0,0.018527493425743186,0.0
burgers,tv_diff,32,0.5,3,u*u_x,0,-0.04041114404024226,-1.0
burgers,tv_diff,32,0.5,3,u^2*u_x,0,-0.006795100700666011,0.0
burgers,tv_diff,32,0.5,3,u_xx,0,-0.0002991348124712354,0.05
burgers,tv_diff,32,0.5,3,u*u_xx,0,0.000443475988537316,0.0
burgers,pod_tv_diff,32,0.5,3,1,0,-0.06281078088421688,0.0
burgers,pod_tv_diff,32,0.5,3,u,0,-0.0979996720876438,0.0
burgers,pod_tv_diff,32,0.5,3,u^2,0,0.057473530542109005,0.0
burgers,pod_tv_diff,32,0.5,3,u_x,0,0.017919544783244024,0.0
burgers,pod_tv_diff,32,0.5,3,u*u_x,0,-0.04180204410569278,-1.0
burgers,pod_tv_diff,32,0.5,3,u^2*u_x,0,-0.004017586922083475,0.0
burgers,pod_tv_diff,32,0.5,3,u_xx,0,-0.00027094003925310007,0.05
burgers,pod_tv_diff,32,0.5,3,u*u_xx,0,0.0004295440683884822,0.0
burgers,baseline,32,0.5,2,1,0,-0.07665435406732342,0.0
burgers,baseline,32,0.5,2,u,0,-0.0911423209876217,0.0
burgers,baseline,32,0.5,2,u^2,0,0.036217047289744286,0.0
burgers,baseline,32,0.5,2,u_x,0,-0.011390500796576837,0.0
burgers,baseline,32,0.5,2,u*u_x,0,-0.0005116393135565313,-1.0
burgers,baseline,32,0.5,2,u^2*u_x,0,0.032225869831652154,0.0
burgers,baseline,32,0.5,2,u_xx,0,-0.00019596231211277689,0.05
burgers,baseline,32,0.5,2,u*u_xx,0,0.00023682218476718983,0.0
burgers,pod_edmd_rbf,32,0.5,2,1,0,0.07838675041315449,0.0
burgers,pod_edmd_rbf,32,0.5,2,u,0,0.03512288436595239,0.0
burgers,pod_edmd_rbf,32,0.5,2,u^2,0,-0.0320539803610548,0.0
burgers,pod_edmd_rbf,32,0.5,2,u_x,0,-0.02024996547648092,0.0
burgers,pod_edmd_rbf,32,0.5,2,u*u_x,0,-0.005784084550800043,-1.0
burgers,pod_edmd_rbf,32,0.5,2,u^2*u_x,0,0.0034323684176412713,0.0
burgers,pod_edmd_rbf,32,0.5,2,u_xx,0,0.00022289318397442868,0.05
burgers,pod_edmd_rbf,32,0.5,2,u*u_xx,0,0.00012744855951851643,0.0
burgers,tv_diff,32,0.5,2,1,0,0.0,0.0
burgers,tv_diff,32,0.5,2,u,0,-0.06920462738440747,0.0
burgers,tv_diff,32,0.5,2,u^2,0,0.0,0.0
burgers,tv_diff,32,0.5,2,u_x,0,0.0,0.0
burgers,tv_diff,32,0.5,2,u*u_x,0,-0.04753053794841148,-1.0
burgers,tv_diff,32,0.5,2,u^2*u_x,0,0.0,0.0
burgers,tv_diff,32,0.5,2,u_xx,0,0.0,0.05
burgers,tv_diff,32,0.5,2,u*u_xx,0,0.0,0.0
burgers,pod_tv_diff,32,0.5,2,1,0,0.0,0.0
burgers,pod_tv_diff,32,0.5,2,u,0,-0.0659787928879856,0.0
burgers,pod_tv_diff,32,0.5,2,u^2,0,0.0,0.0
burgers,pod_tv_diff,32,0.5,2,u_x,0,0.0,0.0
burgers,pod_tv_diff,32,0.5,2,u*u_x,0,-0.04780294826568186,-1.0
burgers,pod_tv_diff,32,0.5,2,u^2*u_x,0,0.0,0.0
burgers,pod_tv_diff,32,0.5,2,u_xx,0,0.0,0.05
burgers,pod_tv_diff,32,0.5,2,u*u_xx,0,0.0,0.0
burgers,baseline,32,0.5,4,1,0,0.0,0.0
burgers,baseline,32,0.5,4,u,0,-0.045339424558175266,0.0
burgers,baseline,32,0.5,4,u^2,0,0.0,0.0
burgers,baseline,32,0.5,4,u_x,0,0.0,0.0
burgers,baseline,32,0.5,4,u*u_x,0,0.014026358674246021,-1.0
burgers,baseline,32,0.5,4,u^2*u_x,0,0.016628225356092253,0.0
burgers,baseline,32,0.5,4,u_xx,0,0.0,0.05
burgers,baseline,32,0.5,4,u*u_xx,0,0.0,0.0
burgers,pod_edmd_rbf,32,0.5,4,1,0,0.037020303196705226,0.0
burgers,pod_edmd_rbf,32,0.5,4,u,0,-0.10181994314833005,0.0
burgers,pod_edmd_rbf,32,0.5,4,u^2,0,-0.03545414278850036,0.0
burgers,pod_edmd_rbf,32,0.5,4,u_x,0,0.026499268325736087,0.0
burgers,pod_edmd_rbf,32,0.5,4,u*u_x,0,0.026981745732891554,-1.0
burgers,pod_edmd_rbf,32,0.5,4,u^2*u_x,0,-0.0295278445756522,0.0
burgers,pod_edmd_rbf,32,0.5,4,u_xx,0,-0.0003546995905248722,0.05
burgers,pod_edmd_rbf,32,0.5,4,u*u_xx,0,0.0,0.0
burgers,tv_diff,32,0.5,4,1,0,0.01268721325370724,0.0
burgers,tv_diff,32,0.5,4,u,0,-0.07513101945366117,0.0
burgers,tv_diff,32,0.5,4,u^2,0,-0.026013723003335664,0.0
burgers,tv_diff,32,0.5,4,u_x,0,-0.0010197139680306457,0.0
burgers,tv_diff,32,0.5,4,u*u_x,0,-0.012883797410555913,-1.0
burgers,tv_diff,32,0.5,4,u^2*u_x,0,0.00514774639467211,0.0
burgers,tv_diff,32,0.5,4,u_xx,0,-0.00033647391546061075,0.05
burgers,tv_diff,32,0.5,4,u*u_xx,0,0.0,0.0
burgers,pod_tv_diff,32,0.5,4,1,0,0.03325969436409706,0.0
burgers,pod_tv_diff,32,0.5,4,u,0,-0.10602231220335431,0.0
burgers,pod_tv_diff,32,0.5,4,u^2,0,-0.05549655836358254,0.0
burgers,pod_tv_diff,32,0.5,4,u_x,0,0.02706025166612984,0.0
burgers,pod_tv_diff,32,0.5,4,u*u_x,0,-0.02698466244638486,-1.0
burgers,pod_tv_diff,32,0.5,4,u^2*u_x,0,-0.015675353581561788,0.0
burgers,pod_tv_diff,32,0.5,4,u_xx,0,-0.0005849742296370914,0.05
burgers,pod_tv_diff,32,0.5,4,u*u_xx,0,0.0003418179750474555,0.0
fisher_kpp,baseline,8,0.05,0,1,0,0.0,0.0
fisher_kpp,baseline,8,0.05,0,u,0,1.0173653177784299,1.0
fisher_kpp,baseline,8,0.05,0,u^2,0,-1.0361548660259592,-1.0
fisher_kpp,baseline,8,0.05,0,u_x,0,0.0,0.0
fisher_kpp,baseline,8,0.05,0,u*u_x,0,0.0,0.0
fisher_kpp,baseline,8,0.05,0,u^2*u_x,0,0.0,0.0
fisher_kpp,baseline,8,0.05,0,u_xx,0,0.0,0.03
fisher_kpp,baseline,8,0.05,0,u*u_xx,0,0.0,0.0
fisher_kpp,pod_edmd_rbf,8,0.05,0,1,0,0.0,0.0
fisher_kpp,pod_edmd_rbf,8,0.05,0,u,0,1.0137808246387654,1.0
fisher_kpp,pod_edmd_rbf,8,0.05,0,u^2,0,-1.0277936566949701,-1.0
fisher_kpp,pod_edmd_rbf,8,0.05,0,u_x,0,0.0,0.0
fisher_kpp,pod_edmd_rbf,8,0.05,0,u*u_x,0,0.0,0.0
fisher_kpp,pod_edmd_rbf,8,0.05,0,u^2*u_x,0,0.0,0.0
fisher_kpp,pod_edmd_rbf,8,0.05,0,u_xx,0,0.0,0.03
fisher_kpp,pod_edmd_rbf,8,0.05,0,u*u_xx,0,0.0,0.0
fisher_kpp,tv_diff,8,0.05,0,1,0,0.0,0.0
fisher_kpp,tv_diff,8,0.05,0,u,0,1.0049156790193468,1.0
fisher_kpp,tv_diff,8,0.05,0,u^2,0,-1.002308061150243,-1.0
fisher_kpp,tv_diff,8,0.05,0,u_x,0,0.0,0.0
fisher_kpp,tv_diff,8,0.05,0,u*u_x,0,0.0,0.0
fisher_kpp,tv_diff,8,0.05,0,u^2*u_x,0,0.0,0.0
fisher_kpp,tv_diff,8,0.05,0,u_xx,0,0.0,0.03
fisher_kpp,tv_diff,8,0.05,0,u*u_xx,0,0.0,0.0
fisher_kpp,pod_tv_diff,8,0.05,0,1,0,0.0,0.0
fisher_kpp,pod_tv_diff,8,0.05,0,u,0,1.0143182481075168,1.0
fisher_kpp,pod_tv_diff,8,0.05,0,u^2,0,-1.0284676743990306,-1.0
fisher_kpp,pod_tv_diff,8,0.05,0,u_x,0,0.0,0.0
fisher_kpp,pod_tv_diff,8,0.05,0,u*u_x,0,0.0,0.0
fisher_kpp,pod_tv_diff,8,0.05,0,u^2*u_x,0,0.0,0.0
fisher_kpp,pod_tv_diff,8,0.05,0,u_xx,0,0.0,0.03
fisher_kpp,pod_tv_diff,8,0.05,0,u*u_xx,0,0.0,0.0
fisher_kpp,baseline,8,0.05,3,1,0,0.0,0.0
fisher_kpp,baseline,8,0.05,3,u,0,1.0095362368314542,1.0
fisher_kpp,baseline,8,0.05,3,u^2,0,-1.0203850658870042,-1.0
fisher_kpp,baseline,8,0.05,3,u_x,0,0.0,0.0
fisher_kpp,baseline,8,0.05,3,u*u_x,0,0.0,0.0
fisher_kpp,baseline,8,0.05,3,u^2*u_x,0,0.0,0.0
fisher_kpp,baseline,8,0.05,3,u_xx,0,0.0,0.03
fisher_kpp,baseline,8,0.05,3,u*u_xx,0,0.0,0.0
fisher_kpp,pod_edmd_rbf,8,0.05,3,1,0,0.0,0.0
fisher_kpp,pod_edmd_rbf,8,0.05,3,u,0,1.0101103632604382,1.0
fisher_kpp,pod_edmd_rbf,8,0.05,3,u^2,0,-1.021399452229294,-1.0
fisher_kpp,pod_edmd_rbf,8,0.05,3,u_x,0,0.0,0.0
fisher_kpp,pod_edmd_rbf,8,0.05,3,u*u_x,0,0.0,0.0
fisher_kpp,pod_edmd_rbf,8,0.05,3,u^2*u_x,0,0.0,0.0
fisher_kpp,pod_edmd_rbf,8,0.05,3,u_xx,0,0.0,0.03
fisher_kpp,pod_edmd_rbf,8,0.05,3,u*u_xx,0,0.0,0.0
fisher_kpp,tv_diff,8,0.05,3,1,0,0.0,0.0
fisher_kpp,tv_diff,8,0.05,3,u,0,1.0064801314781107,1.0
fisher_kpp,tv_diff,8,0.05,3,u^2,0,-1.0067450121964168,-1.0
fisher_kpp,tv_diff,8,0.05,3,u_x,0,0.0,0.0
fisher_kpp,tv_diff,8,0.05,3,u*u_x,0,0.0,0.0
fisher_kpp,tv_diff,8,0.05,3,u^2*u_x,0,0.0,0.0
fisher_kpp,tv_diff,8,0.05,3,u_xx,0,0.0,0.03
fisher_kpp,tv_diff,8,0.05,3,u*u_xx,0,0.0,0.0
fisher_kpp,pod_tv_diff,8,0.05,3,1,0,0.0,0.0
fisher_kpp,pod_tv_diff,8,0.05,3,u,0,1.006946603943315,1.0
fisher_kpp,pod_tv_diff,8,0.05,3,u^2,0,-1.0091925009235676,-1.0
fisher_kpp,pod_tv_diff,8,0.05,3,u_x,0,0.0,0.0
fisher_kpp,pod_tv_diff,8,0.05,3,u*u_x,0,0.0,0.0
fisher_kpp,pod_tv_diff,8,0.05,3,u^2*u_x,0,0.0,0.0
fisher_kpp,pod_tv_diff,8,0.05,3,u_xx,0,0.0,0.03
fisher_kpp,pod_tv_diff,8,0.05,3,u*u_xx,0,0.0,0.0
fisher_kpp,baseline,8,0.05,1,1,0,0.0,0.0
fisher_kpp,baseline,8,0.05,1,u,0,1.0207802664719714,1.0
fisher_kpp,baseline,8,0.05,1,u^2,0,-1.0463931107003621,-1.0
fisher_kpp,baseline,8,0.05,1,u_x,0,0.0,0.0
fisher_kpp,baseline,8,0.05,1,u*u_x,0,0.0,0.0
fisher_kpp,baseline,8,0.05,1,u^2*u_x,0,0.0,0.0
fisher_kpp,baseline,8,0.05,1,u_xx,0,0.0,0.03
fisher_kpp,baseline,8,0.05,1,u*u_xx,0,0.0,0.0
fisher_kpp,pod_edmd_rbf,8,0.05,1,1,0,0.0,0.0
fisher_kpp,pod_edmd_rbf,8,0.05,1,u,0,1.0206360703459005,1.0
fisher_kpp,pod_edmd_rbf,8,0.05,1,u^2,0,-1.0456123082731072,-1.0
fisher_kpp,pod_edmd_rbf,8,0.05,1,u_x,0,0.0,0.0
fisher_kpp,pod_edmd_rbf,8,0.05,1,u*u_x,0,0.0,0.0
fisher_kpp,pod_edmd_rbf,8,0.05,1,u^2*u_x,0,0.0,0.0
fisher_kpp,pod_edmd_rbf,8,0.05,1,u_xx,0,0.0,0.03
fisher_kpp,pod_edmd_rbf,8,0.05,1,u*u_xx,0,0.0,0.0
fisher_kpp,tv_diff,8,0.05,1,1,0,0.0,0.0
fisher_kpp,tv_diff,8,0.05,1,u,0,1.0061086028939161,1.0
fisher_kpp,tv_diff,8,0.05,1,u^2,0,-1.009163769500338,-1.0
fisher_kpp,tv_diff,8,0.05,1,u_x,0,0.0,0.0
fisher_kpp,tv_diff,8,0.05,1,u*u_x,0,0.0,0.0
fisher_kpp,tv_diff,8,0.05,1,u^2*u_x,0,0.0,0.0
fisher_kpp,tv_diff,8,0.05,1,u_xx,0,0.0,0.03
fisher_kpp,tv_diff,8,0.05,1,u*u_xx,0,0.0,0.0
fisher_kpp,pod_tv_diff,8,0.05,1,1,0,0.0,0.0
fisher_kpp,pod_tv_diff,8,0.05,1,u,0,1.0209440266781646,1.0
fisher_kpp,pod_tv_diff,8,0.05,1,u^2,0,-1.0454711375889887,-1.0
fisher_kpp,pod_tv_diff,8,0.05,1,u_x,0,0.0,0.0
fisher_kpp,pod_tv_diff,8,0.05,1,u*u_x,0,0.0,0.0
fisher_kpp,pod_tv_diff,8,0.05,1,u^2*u_x,0,0.0,0.0
fisher_kpp,pod_tv_diff,8,0.05,1,u_xx,0,0.0,0.03
fisher_kpp,pod_tv_diff,8,0.05,1,u*u_xx,0,0.0,0.0
fisher_kpp,baseline,8,0.05,2,1,0,0.0,0.0
fisher_kpp,baseline,8,0.05,2,u,0,1.0196327446654228,1.0
fisher_kpp,baseline,8,0.05,2,u^2,0,-1.0438372512485559,-1.0
fisher_kpp,baseline,8,0.05,2,u_x,0,0.0,0.0
fisher_kpp,baseline,8,0.05,2,u*u_x,0,0.0,0.0
fisher_kpp,baseline,8,0.05,2,u^2*u_x,0,0.0,0.0
fisher_kpp,baseline,8,0.05,2,u_xx,0,0.0,0.03
fisher_kpp,baseline,8,0.05,2,u*u_xx,0,0.0,0.0
fisher_kpp,pod_edmd_rbf,8,0.05,2,1,0,0.0,0.0
fisher_kpp,pod_edmd_rbf,8,0.05,2,u,0,1.021209059909842,1.0
fisher_kpp,pod_edmd_rbf,8,0.05,2,u^2,0,-1.0470446044346018,-1.0
fisher_kpp,pod_edmd_rbf,8,0.05,2,u_x,0,0.0,0.0
fisher_kpp,pod_edmd_rbf,8,0.05,2,u*u_x,0,0.0,0.0
fisher_kpp,pod_edmd_rbf,8,0.05,2,u^2*u_x,0,0.0,0.0
fisher_kpp,pod_edmd_rbf,8,0.05,2,u_xx,0,0.0,0.03
fisher_kpp,pod_edmd_rbf,8,0.05,2,u*u_xx,0,0.0,0.0
fisher_kpp,tv_diff,8,0.05,2,1,0,0.0,0.0
fisher_kpp,tv_diff,8,0.05,2,u,0,1.0063516351238995,1.0
fisher_kpp,tv_diff,8,0.05,2,u^2,0,-1.007197675246561,-1.0
fisher_kpp,tv_diff,8,0.05,2,u_x,0,0.0,0.0
fisher_kpp,tv_diff,8,0.05,2,u*u_x,0,0.0,0.0
fisher_kpp,tv_diff,8,0.05,2,u^2*u_x,0,0.0,0.0
fisher_kpp,tv_diff,8,0.05,2,u_xx,0,0.0,0.03
fisher_kpp,tv_diff,8,0.05,2,u*u_xx,0,0.0,0.0
fisher_kpp,pod_tv_diff,8,0.05,2,1,0,0.0,0.0
fisher_kpp,pod_tv_diff,8,0.05,2,u,0,1.018965010684813,1.0
fisher_kpp,pod_tv_diff,8,0.05,2,u^2,0,-1.0409508683891604,-1.0
fisher_kpp,pod_tv_diff,8,0.05,2,u_x,0,0.0,0.0
fisher_kpp,pod_tv_diff,8,0.05,2,u*u_x,0,0.0,0.0
fisher_kpp,pod_tv_diff,8,0.05,2,u^2*u_x,0,0.0,0.0
fisher_kpp,pod_tv_diff,8,0.05,2,u_xx,0,0.0,0.03
fisher_kpp,pod_tv_diff,8,0.05,2,u*u_xx,0,0.0,0.0
fisher_kpp,baseline,8,0.1,0,1,0,0.0,0.0
fisher_kpp,baseline,8,0.1,0,u,0,1.0068521452209018,1.0
fisher_kpp,baseline,8,0.1,0,u^2,0,-1.0201022994423328,-1.0
fisher_kpp,baseline,8,0.1,0,u_x,0,0.0,0.0
fisher_kpp,baseline,8,0.1,0,u*u_x,0,0.0,0.0
fisher_kpp,baseline,8,0.1,0,u^2*u_x,0,0.0,0.0
fisher_kpp,baseline,8,0.1,0,u_xx,0,0.0,0.03
fisher_kpp,baseline,8,0.1,0,u*u_xx,0,0.0,0.0
fisher_kpp,pod_edmd_rbf,8,0.1,0,1,0,0.0,0.0
fisher_kpp,pod_edmd_rbf,8,0.1,0,u,0,1.0039205981064825,1.0
fisher_kpp,pod_edmd_rbf,8,0.1,0,u^2,0,-1.0118431373539858,-1.0
fisher_kpp,pod_edmd_rbf,8,0.1,0,u_x,0,0.0,0.0
fisher_kpp,pod_edmd_rbf,8,0.1,0,u*u_x,0,0.47949901091197905,0.0
fisher_kpp,pod_edmd_rbf,8,0.1,0,u^2*u_x,0,-1.1041646794231812,0.0
fisher_kpp,pod_edmd_rbf,8,0.1,0,u_xx,0,0.0,0.03
fisher_kpp,pod_edmd_rbf,8,0.1,0,u*u_xx,0,0.0,0.0
fisher_kpp,tv_diff,8,0.1,0,1,0,0.0,0.0
fisher_kpp,tv_diff,8,0.1,0,u,0,1.017672209315802,1.0
fisher_kpp,tv_diff,8,0.1,0,u^2,0,-1.032524451576433,-1.0
fisher_kpp,tv_diff,8,0.1,0,u_x,0,0.0,0.0
fisher_kpp,tv_diff,8,0.1,0,u*u_x,0,0.0,0.0
fisher_kpp,tv_diff,8,0.1,0,u^2*u_x,0,0.0,0.0
fisher_kpp,tv_diff,8,0.1,0,u_xx,0,0.0,0.03
fisher_kpp,tv_diff,8,0.1,0,u*u_xx,0,0.0,0.0
fisher_kpp,pod_tv_diff,8,0.1,0,1,0,0.0,0.0
fisher_kpp,pod_tv_diff,8,0.1,0,u,0,1.0144210779473306,1.0
fisher_kpp,pod_tv_diff,8,0.1,0,u^2,0,-1.0261167988400195,-1.0
fisher_kpp,pod_tv_diff,8,0.1,0,u_x,0,0.0,0.0
fisher_kpp,pod_tv_diff,8,0.1,0,u*u_x,0,0.0,0.0
fisher_kpp,pod_tv_diff,8,0.1,0,u^2*u_x,0,0.0,0.0
fisher_kpp,pod_tv_diff,8,0.1,0,u_xx,0,0.0,0.03
fisher_kpp,pod_tv_diff,8,0.1,0,u*u_xx,0,0.0,0.0
fisher_kpp,baseline,8,0.1,1,1,0,0.0,0.0
fisher_kpp,baseline,8,0.1,1,u,0,1.0169911612780689,1.0
fisher_kpp,baseline,8,0.1,1,u^2,0,-1.027112527280832,-1.0
fisher_kpp,baseline,8,0.1,1,u_x,0,0.0,0.0
fisher_kpp,baseline,8,0.1,1,u*u_x,0,0.0,0.0
fisher_kpp,baseline,8,0.1,1,u^2*u_x,0,0.0,0.0
fisher_kpp,baseline,8,0.1,1,u_xx,0,0.0,0.03
fisher_kpp,baseline,8,0.1,1,u*u_xx,0,0.0,0.0
fisher_kpp,pod_edmd_rbf,8,0.1,1,1,0,0.0,0.0
fisher_kpp,pod_edmd_rbf,8,0.1,1,u,0,1.0175812274835379,1.0
fisher_kpp,pod_edmd_rbf,8,0.1,1,u^2,0,-1.0302897948860232,-1.0
fisher_kpp,pod_edmd_rbf,8,0.1,1,u_x,0,0.0,0.0
fisher_kpp,pod_edmd_rbf,8,0.1,1,u*u_x,0,0.0,0.0
fisher_kpp,pod_edmd_rbf,8,0.1,1,u^2*u_x,0,0.0,0.0
fisher_kpp,pod_edmd_rbf,8,0.1,1,u_xx,0,0.0,0.03
fisher_kpp,pod_edmd_rbf,8,0.1,1,u*u_xx,0,0.0,0.0
fisher_kpp,tv_diff,8,0.1,1,1,0,0.0,0.0
fisher_kpp,tv_diff,8,0.1,1,u,0,1.0125599708925652,1.0
fisher_kpp,tv_diff,8,0.1,1,u^2,0,-1.0160123930100011,-1.0
fisher_kpp,tv_diff,8,0.1,1,u_x,0,0.0,0.0
fisher_kpp,tv_diff,8,0.1,1,u*u_x,0,0.0,0.0
fisher_kpp,tv_diff,8,0.1,1,u^2*u_x,0,0.0,0.0
fisher_kpp,tv_diff,8,0.1,1,u_xx,0,0.0,0.03
fisher_kpp,tv_diff,8,0.1,1,u*u_xx,0,0.0,0.0
fisher_kpp,pod_tv_diff,8,0.1,1,1,0,0.0,0.0
fisher_kpp,pod_tv_diff,8,0.1,1,u,0,1.008820218100247,1.0
fisher_kpp,pod_tv_diff,8,0.1,1,u^2,0,-1.0082945982299987,-1.0
fisher_kpp,pod_tv_diff,8,0.1,1,u_x,0,0.0,0.0
fisher_kpp,pod_tv_diff,8,0.1,1,u*u_x,0,0.0,0.0
fisher_kpp,pod_tv_diff,8,0.1,1,u^2*u_x,0,0.0,0.0
fisher_kpp,pod_tv_diff,8,0.1,1,u_xx,0,0.0,0.03
fisher_kpp,pod_tv_diff,8,0.1,1,u*u_xx,0,0.0,0.0
fisher_kpp,baseline,8,0.05,4,1,0,0.0,0.0
fisher_kpp,baseline,8,0.05,4,u,0,1.0256863764890283,1.0
fisher_kpp,baseline,8,0.05,4,u^2,0,-1.046059958223875,-1.0
fisher_kpp,baseline,8,0.05,4,u_x,0,0.0,0.0
fisher_kpp,baseline,8,0.05,4,u*u_x,0,0.0,0.0
fisher_kpp,baseline,8,0.05,4,u^2*u_x,0,0.0,0.0
fisher_kpp,baseline,8,0.05,4,u_xx,0,0.0,0.03
fisher_kpp,baseline,8,0.05,4,u*u_xx,0,0.0,0.0
fisher_kpp,pod_edmd_rbf,8,0.05,4,1,0,0.0,0.0
fisher_kpp,pod_edmd_rbf,8,0.05,4,u,0,1.0200246124557213,1.0
fisher_kpp,pod_edmd_rbf,8,0.05,4,u^2,0,-1.0365953351341892,-1.0
fisher_kpp,pod_edmd_rbf,8,0.05,4,u_x,0,0.0,0.0
fisher_kpp,pod_edmd_rbf,8,0.05,4,u*u_x,0,0.0,0.0
fisher_kpp,pod_edmd_rbf,8,0.05,4,u^2*u_x,0,0.0,0.0
fisher_kpp,pod_edmd_rbf,8,0.05,4,u_xx,0,0.0,0.03
fisher_kpp,pod_edmd_rbf,8,0.05,4,u*u_xx,0,0.0,0.0
fisher_kpp,tv_diff,8,0.05,4,1,0,0.0,0.0
fisher_kpp,tv_diff,8,0.05,4,u,0,1.0091051048021256,1.0
fisher_kpp,tv_diff,8,0.05,4,u^2,0,-1.0087127086637488,-1.0
fisher_kpp,tv_diff,8,0.05,4,u_x,0,0.0,0.0
fisher_kpp,tv_diff,8,0.05,4,u*u_x,0,0.0,0.0
fisher_kpp,tv_diff,8,0.05,4,u^2*u_x,0,0.0,0.0
fisher_kpp,tv_diff,8,0.05,4,u_xx,0,0.0,0.03
fisher_kpp,tv_diff,8,0.05,4,u*u_xx,0,0.0,0.0
fisher_kpp,pod_tv_diff,8,0.05,4,1,0,0.0,0.0
fisher_kpp,pod_tv_diff,8,0.05,4,u,0,1.0212061752474317,1.0
fisher_kpp,pod_tv_diff,8,0.05,4,u^2,0,-1.036861127139758,-1.0
fisher_kpp,pod_tv_diff,8,0.05,4,u_x,0,0.0,0.0
fisher_kpp,pod_tv_diff,8,0.05,4,u*u_x,0,0.0,0.0
fisher_kpp,pod_tv_diff,8,0.05,4,u^2*u_x,0,0.0,0.0
fisher_kpp,pod_tv_diff,8,0.05,4,u_xx,0,0.0,0.03
fisher_kpp,pod_tv_diff,8,0.05,4,u*u_xx,0,0.0,0.0
fisher_kpp,baseline,8,0.1,2,1,0,0.0,0.0
fisher_kpp,baseline,8,0.1,2,u,0,1.015784786731437,1.0
fisher_kpp,baseline,8,0.1,2,u^2,0,-1.0272763214109812,-1.0
fisher_kpp,baseline,8,0.1,2,u_x,0,0.0,0.0
fisher_kpp,baseline,8,0.1,2,u*u_x,0,0.0,0.0
fisher_kpp,baseline,8,0.1,2,u^2*u_x,0,0.0,0.0
fisher_kpp,baseline,8,0.1,2,u_xx,0,0.0,0.03
fisher_kpp,baseline,8,0.1,2,u*u_xx,0,0.0,0.0
fisher_kpp,pod_edmd_rbf,8,0.1,2,1,0,0.0,0.0
fisher_kpp,pod_edmd_rbf,8,0.1,2,u,0,1.0094355266244137,1.0
fisher_kpp,pod_edmd_rbf,8,0.1,2,u^2,0,-1.017453625377598,-1.0
fisher_kpp,pod_edmd_rbf,8,0.1,2,u_x,0,0.0,0.0
fisher_kpp,pod_edmd_rbf,8,0.1,2,u*u_x,0,0.0,0.0
fisher_kpp,pod_edmd_rbf,8,0.1,2,u^2*u_x,0,0.0,0.0
fisher_kpp,pod_edmd_rbf,8,0.1,2,u_xx,0,0.0,0.03
fisher_kpp,pod_edmd_rbf,8,0.1,2,u*u_xx,0,0.0,0.0
fisher_kpp,tv_diff,8,0.1,2,1,0,0.0,0.0
fisher_kpp,tv_diff,8,0.1,2,u,0,1.008072130708127,1.0
fisher_kpp,tv_diff,8,0.1,2,u^2,0,-1.0101776918091359,-1.0
fisher_kpp,tv_diff,8,0.1,2,u_x,0,0.0,0.0
fisher_kpp,tv_diff,8,0.1,2,u*u_x,0,0.0,0.0
fisher_kpp,tv_diff,8,0.1,2,u^2*u_x,0,0.0,0.0
fisher_kpp,tv_diff,8,0.1,2,u_xx,0,0.0,0.03
fisher_kpp,tv_diff,8,0.1,2,u*u_xx,0,0.0,0.0
fisher_kpp,pod_tv_diff,8,0.1,2,1,0,0.0,0.0
fisher_kpp,pod_tv_diff,8,0.1,2,u,0,1.0081681037967214,1.0
fisher_kpp,pod_tv_diff,8,0.1,2,u^2,0,-1.0100474462688687,-1.0
fisher_kpp,pod_tv_diff,8,0.1,2,u_x,0,0.0,0.0
fisher_kpp,pod_tv_diff,8,0.1,2,u*u_x,0,0.0,0.0
fisher_kpp,pod_tv_diff,8,0.1,2,u^2*u_x,0,0.0,0.0
fisher_kpp,pod_tv_diff,8,0.1,2,u_xx,0,0.0,0.03
fisher_kpp,pod_tv_diff,8,0.1,2,u*u_xx,0,0.0,0.0
fisher_kpp,baseline,8,0.1,3,1,0,0.0,0.0
fisher_kpp,baseline,8,0.1,3,u,0,1.022901412471546,1.0
fisher_kpp,baseline,8,0.1,3,u^2,0,-1.045956114233694,-1.0
fisher_kpp,baseline,8,0.1,3,u_x,0,0.0,0.0
fisher_kpp,baseline,8,0.1,3,u*u_x,0,0.0,0.0
fisher_kpp,baseline,8,0.1,3,u^2*u_x,0,0.0,0.0
fisher_kpp,baseline,8,0.1,3,u_xx,0,0.0,0.03
fisher_kpp,baseline,8,0.1,3,u*u_xx,0,0.0,0.0
fisher_kpp,pod_edmd_rbf,8,0.1,3,1,0,0.0,0.0
fisher_kpp,pod_edmd_rbf,8,0.1,3,u,0,1.0186625526718267,1.0
fisher_kpp,pod_edmd_rbf,8,0.1,3,u^2,0,-1.0412734813697104,-1.0
fisher_kpp,pod_edmd_rbf,8,0.1,3,u_x,0,0.0,0.0
fisher_kpp,pod_edmd_rbf,8,0.1,3,u*u_x,0,0.3462660621377784,0.0
fisher_kpp,pod_edmd_rbf,8,0.1,3,u^2*u_x,0,-0.6144227359572515,0.0
fisher_kpp,pod_edmd_rbf,8,0.1,3,u_xx,0,0.0,0.03
fisher_kpp,pod_edmd_rbf,8,0.1,3,u*u_xx,0,0.0,0.0
fisher_kpp,tv_diff,8,0.1,3,1,0,0.0,0.0
fisher_kpp,tv_diff,8,0.1,3,u,0,1.0116809905060191,1.0
fisher_kpp,tv_diff,8,0.1,3,u^2,0,-1.0178624763965793,-1.0
fisher_kpp,tv_diff,8,0.1,3,u_x,0,0.0,0.0
fisher_kpp,tv_diff,8,0.1,3,u*u_x,0,0.0,0.0
fisher_kpp,tv_diff,8,0.1,3,u^2*u_x,0,0.0,0.0
fisher_kpp,tv_diff,8,0.1,3,u_xx,0,0.0,0.03
fisher_kpp,tv_diff,8,0.1,3,u*u_xx,0,0.0,0.0
fisher_kpp,pod_tv_diff,8,0.1,3,1,0,0.0,0.0
fisher_kpp,pod_tv_diff,8,0.1,3,u,0,1.0094682325875841,1.0
fisher_kpp,pod_tv_diff,8,0.1,3,u^2,0,-1.0141634225784224,-1.0
fisher_kpp,pod_tv_diff,8,0.1,3,u_x,0,0.0,0.0
fisher_kpp,pod_tv_diff,8,0.1,3,u*u_x,0,0.0,0.0
fisher_kpp,pod_tv_diff,8,0.1,3,u^2*u_x,0,0.0,0.0
fisher_kpp,pod_tv_diff,8,0.1,3,u_xx,0,0.0,0.03
fisher_kpp,pod_tv_diff,8,0.1,3,u*u_xx,0,0.0,0.0
fisher_kpp,baseline,8,0.2,0,1,0,0.0,0.0
fisher_kpp,baseline,8,0.2,0,u,0,1.0119567865397048,1.0
fisher_kpp,baseline,8,0.2,0,u^2,0,-1.0467377687263961,-1.0
fisher_kpp,baseline,8,0.2,0,u_x,0,0.0,0.0
fisher_kpp,baseline,8,0.2,0,u*u_x,0,0.4027589430653282,0.0
fisher_kpp,baseline,8,0.2,0,u^2*u_x,0,-0.7555300317204849,0.0
fisher_kpp,baseline,8,0.2,0,u_xx,0,0.0,0.03
fisher_kpp,baseline,8,0.2,0,u*u_xx,0,0.0,0.0
fisher_kpp,pod_edmd_rbf,8,0.2,0,1,0,0.0,0.0
fisher_kpp,pod_edmd_rbf,8,0.2,0,u,0,1.0471787657716127,1.0
fisher_kpp,pod_edmd_rbf,8,0.2,0,u^2,0,-1.1220023468069673,-1.0
fisher_kpp,pod_edmd_rbf,8,0.2,0,u_x,0,0.0,0.0
fisher_kpp,pod_edmd_rbf,8,0.2,0,u*u_x,0,0.0,0.0
fisher_kpp,pod_edmd_rbf,8,0.2,0,u^2*u_x,0,0.0,0.0
fisher_kpp,pod_edmd_rbf,8,0.2,0,u_xx,0,0.0,0.03
fisher_kpp,pod_edmd_rbf,8,0.2,0,u*u_xx,0,0.0,0.0
fisher_kpp,tv_diff,8,0.2,0,1,0,0.0,0.0
fisher_kpp,tv_diff,8,0.2,0,u,0,0.9623861432668397,1.0
fisher_kpp,tv_diff,8,0.2,0,u^2,0,-0.9294875010526815,-1.0
fisher_kpp,tv_diff,8,0.2,0,u_x,0,0.0,0.0
fisher_kpp,tv_diff,8,0.2,0,u*u_x,0,0.0,0.0
fisher_kpp,tv_diff,8,0.2,0,u^2*u_x,0,0.0,0.0
fisher_kpp,tv_diff,8,0.2,0,u_xx,0,0.0,0.03
fisher_kpp,tv_diff,8,0.2,0,u*u_xx,0,0.0,0.0
fisher_kpp,pod_tv_diff,8,0.2,0,1,0,0.0,0.0
fisher_kpp,pod_tv_diff,8,0.2,0,u,0,1.0066262916772488,1.0
fisher_kpp,pod_tv_diff,8,0.2,0,u^2,0,-1.0255954239728733,-1.0
fisher_kpp,pod_tv_diff,8,0.2,0,u_x,0,0.0,0.0
fisher_kpp,pod_tv_diff,8,0.2,0,u*u_x,0,0.0,0.0
fisher_kpp,pod_tv_diff,8,0.2,0,u^2*u_x,0,0.0,0.0
fisher_kpp,pod_tv_diff,8,0.2,0,u_xx,0,0.0,0.03
fisher_kpp,pod_tv_diff,8,0.2,0,u*u_xx,0,0.0,0.0
fisher_kpp,baseline,8,0.2,1,1,0,0.0,0.0
fisher_kpp,baseline,8,0.2,1,u,0,1.0322759217187525,1.0
fisher_kpp,baseline,8,0.2,1,u^2,0,-1.0621503869016247,-1.0
fisher_kpp,baseline,8,0.2,1,u_x,0,0.0,0.0
fisher_kpp,baseline,8,0.2,1,u*u_x,0,0.0,0.0
fisher_kpp,baseline,8,0.2,1,u^2*u_x,0,0.0,0.0
fisher_kpp,baseline,8,0.2,1,u_xx,0,0.0,0.03
fisher_kpp,baseline,8,0.2,1,u*u_xx,0,0.0,0.0
fisher_kpp,pod_edmd_rbf,8,0.2,1,1,0,0.0,0.0
fisher_kpp,pod_edmd_rbf,8,0.2,1,u,0,1.0701713824978067,1.0
fisher_kpp,pod_edmd_rbf,8,0.2,1,u^2,0,-1.1280486621539807,-1.0
fisher_kpp,pod_edmd_rbf,8,0.2,1,u_x,0,0.0,0.0
fisher_kpp,pod_edmd_rbf,8,0.2,1,u*u_x,0,0.0,0.0
fisher_kpp,pod_edmd_rbf,8,0.2,1,u^2*u_x,0,0.0,0.0
fisher_kpp,pod_edmd_rbf,8,0.2,1,u_xx,0,0.0,0.03
fisher_kpp,pod_edmd_rbf,8,0.2,1,u*u_xx,0,0.0,0.0
fisher_kpp,tv_diff,8,0.2,1,1,0,0.0,0.0
fisher_kpp,tv_diff,8,0.2,1,u,0,1.046861067811298,1.0
fisher_kpp,tv_diff,8,0.2,1,u^2,0,-1.0829046936635378,-1.0
fisher_kpp,tv_diff,8,0.2,1,u_x,0,0.0,0.0
fisher_kpp,tv_diff,8,0.2,1,u*u_x,0,0.0,0.0
fisher_kpp,tv_diff,8,0.2,1,u^2*u_x,0,0.0,0.0
fisher_kpp,tv_diff,8,0.2,1,u_xx,0,0.0,0.03
fisher_kpp,tv_diff,8,0.2,1,u*u_xx,0,0.0,0.0
fisher_kpp,pod_tv_diff,8,0.2,1,1,0,0.0,0.0
fisher_kpp,pod_tv_diff,8,0.2,1,u,0,0.9982140061507138,1.0
fisher_kpp,pod_tv_diff,8,0.2,1,u^2,0,-0.9908811775331658,-1.0
fisher_kpp,pod_tv_diff,8,0.2,1,u_x,0,0.0,0.0
fisher_kpp,pod_tv_diff,8,0.2,1,u*u_x,0,0.0,0.0
fisher_kpp,pod_tv_diff,8,0.2,1,u^2*u_x,0,0.0,0.0
fisher_kpp,pod_tv_diff,8,0.2,1,u_xx,0,0.0,0.03
fisher_kpp,pod_tv_diff,8,0.2,1,u*u_xx,0,0.0,0.0
fisher_kpp,baseline,8,0.1,4,1,0,0.0,0.0
fisher_kpp,baseline,8,0.1,4,u,0,1.0349198736973304,1.0
fisher_kpp,baseline,8,0.1,4,u^2,0,-1.0743630821909569,-1.0
fisher_kpp,baseline,8,0.1,4,u_x,0,0.0,0.0
fisher_kpp,baseline,8,0.1,4,u*u_x,0,0.0,0.0
fisher_kpp,baseline,8,0.1,4,u^2*u_x,0,0.0,0.0
fisher_kpp,baseline,8,0.1,4,u_xx,0,0.0,0.03
fisher_kpp,baseline,8,0.1,4,u*u_xx,0,0.0,0.0
fisher_kpp,pod_edmd_rbf,8,0.1,4,1,0,0.0,0.0
fisher_kpp,pod_edmd_rbf,8,0.1,4,u,0,1.0289506061377036,1.0
fisher_kpp,pod_edmd_rbf,8,0.1,4,u^2,0,-1.062468117406885,-1.0
fisher_kpp,pod_edmd_rbf,8,0.1,4,u_x,0,0.0,0.0
fisher_kpp,pod_edmd_rbf,8,0.1,4,u*u_x,0,0.0,0.0
fisher_kpp,pod_edmd_rbf,8,0.1,4,u^2*u_x,0,0.0,0.0
fisher_kpp,pod_edmd_rbf,8,0.1,4,u_xx,0,0.0,0.03
fisher_kpp,pod_edmd_rbf,8,0.1,4,u*u_xx,0,0.0,0.0
fisher_kpp,tv_diff,8,0.1,4,1,0,0.0,0.0
fisher_kpp,tv_diff,8,0.1,4,u,0,1.0205754377633178,1.0
fisher_kpp,tv_diff,8,0.1,4,u^2,0,-1.033373858070044,-1.0
fisher_kpp,tv_diff,8,0.1,4,u_x,0,0.0,0.0
fisher_kpp,tv_diff,8,0.1,4,u*u_x,0,0.0,0.0
fisher_kpp,tv_diff,8,0.1,4,u^2*u_x,0,0.0,0.0
fisher_kpp,tv_diff,8,0.1,4,u_xx,0,0.0,0.03
fisher_kpp,tv_diff,8,0.1,4,u*u_xx,0,0.0,0.0
fisher_kpp,pod_tv_diff,8,0.1,4,1,0,0.0,0.0
fisher_kpp,pod_tv_diff,8,0.1,4,u,0,1.0195621615283472,1.0
fisher_kpp,pod_tv_diff,8,0.1,4,u^2,0,-1.0312138260543031,-1.0
fisher_kpp,pod_tv_diff,8,0.1,4,u_x,0,0.0,0.0
fisher_kpp,pod_tv_diff,8,0.1,4,u*u_x,0,0.0,0.0
fisher_kpp,pod_tv_diff,8,0.1,4,u^2*u_x,0,0.0,0.0
fisher_kpp,pod_tv_diff,8,0.1,4,u_xx,0,0.0,0.03
fisher_kpp,pod_tv_diff,8,0.1,4,u*u_xx,0,0.0,0.0
fisher_kpp,baseline,8,0.2,2,1,0,0.0,0.0
fisher_kpp,baseline,8,0.2,2,u,0,0.9809136991438756,1.0
fisher_kpp,baseline,8,0.2,2,u^2,0,-0.9605760107540555,-1.0
fisher_kpp,baseline,8,0.2,2,u_x,0,0.0,0.0
fisher_kpp,baseline,8,0.2,2,u*u_x,0,0.0,0.0
fisher_kpp,baseline,8,0.2,2,u^2*u_x,0,0.0,0.0
fisher_kpp,baseline,8,0.2,2,u_xx,0,0.0,0.03
fisher_kpp,baseline,8,0.2,2,u*u_xx,0,0.0,0.0
fisher_kpp,pod_edmd_rbf,8,0.2,2,1,0,0.0,0.0
fisher_kpp,pod_edmd_rbf,8,0.2,2,u,0,0.9983317592745581,1.0
fisher_kpp,pod_edmd_rbf,8,0.2,2,u^2,0,-0.992122856612751,-1.0
fisher_kpp,pod_edmd_rbf,8,0.2,2,u_x,0,0.0,0.0
fisher_kpp,pod_edmd_rbf,8,0.2,2,u*u_x,0,0.0,0.0
fisher_kpp,pod_edmd_rbf,8,0.2,2,u^2*u_x,0,0.0,0.0
fisher_kpp,pod_edmd_rbf,8,0.2,2,u_xx,0,0.0,0.03
fisher_kpp,pod_edmd_rbf,8,0.2,2,u*u_xx,0,0.0,0.0
fisher_kpp,tv_diff,8,0.2,2,1,0,0.14734890031690687,0.0
fisher_kpp,tv_diff,8,0.2,2,u,0,0.31255947432460823,1.0
fisher_kpp,tv_diff,8,0.2,2,u^2,0,-0.28065196015802024,-1.0
fisher_kpp,tv_diff,8,0.2,2,u_x,0,0.0,0.0
fisher_kpp,tv_diff,8,0.2,2,u*u_x,0,0.0,0.0
fisher_kpp,tv_diff,8,0.2,2,u^2*u_x,0,0.0,0.0
fisher_kpp,tv_diff,8,0.2,2,u_xx,0,0.0,0.03
fisher_kpp,tv_diff,8,0.2,2,u*u_xx,0,0.0,0.0
fisher_kpp,pod_tv_diff,8,0.2,2,1,0,0.0,0.0
fisher_kpp,pod_tv_diff,8,0.2,2,u,0,0.9937723284415568,1.0
fisher_kpp,pod_tv_diff,8,0.2,2,u^2,0,-0.9844271863962486,-1.0
fisher_kpp,pod_tv_diff,8,0.2,2,u_x,0,0.0,0.0
fisher_kpp,pod_tv_diff,8,0.2,2,u*u_x,0,0.0,0.0
fisher_kpp,pod_tv_diff,8,0.2,2,u^2*u_x,0,0.0,0.0
fisher_kpp,pod_tv_diff,8,0.2,2,u_xx,0,0.0,0.03
fisher_kpp,pod_tv_diff,8,0.2,2,u*u_xx,0,0.0,0.0
fisher_kpp,baseline,8,0.2,3,1,0,0.0,0.0
fisher_kpp,baseline,8,0.2,3,u,0,1.057937604664682,1.0
fisher_kpp,baseline,8,0.2,3,u^2,0,-1.108940515976677,-1.0
fisher_kpp,baseline,8,0.2,3,u_x,0,0.0,0.0
fisher_kpp,baseline,8,0.2,3,u*u_x,0,0.0,0.0
fisher_kpp,baseline,8,0.2,3,u^2*u_x,0,0.0,0.0
fisher_kpp,baseline,8,0.2,3,u_xx,0,0.0,0.03
fisher_kpp,baseline,8,0.2,3,u*u_xx,0,0.0,0.0
fisher_kpp,pod_edmd_rbf,8,0.2,3,1,0,0.0,0.0
fisher_kpp,pod_edmd_rbf,8,0.2,3,u,0,1.0392172313572243,1.0
fisher_kpp,pod_edmd_rbf,8,0.2,3,u^2,0,-1.0794047442736363,-1.0
fisher_kpp,pod_edmd_rbf,8,0.2,3,u_x,0,0.0,0.0
fisher_kpp,pod_edmd_rbf,8,0.2,3,u*u_x,0,0.0,0.0
fisher_kpp,pod_edmd_rbf,8,0.2,3,u^2*u_x,0,0.0,0.0
fisher_kpp,pod_edmd_rbf,8,0.2,3,u_xx,0,0.0,0.03
fisher_kpp,pod_edmd_rbf,8,0.2,3,u*u_xx,0,0.0,0.0
fisher_kpp,tv_diff,8,0.2,3,1,0,0.0,0.0
fisher_kpp,tv_diff,8,0.2,3,u,0,0.9569781374496197,1.0
fisher_kpp,tv_diff,8,0.2,3,u^2,0,-0.9158574605997509,-1.0
fisher_kpp,tv_diff,8,0.2,3,u_x,0,0.0,0.0
fisher_kpp,tv_diff,8,0.2,3,u*u_x,0,0.0,0.0
fisher_kpp,tv_diff,8,0.2,3,u^2*u_x,0,0.0,0.0
fisher_kpp,tv_diff,8,0.2,3,u_xx,0,0.0,0.03
fisher_kpp,tv_diff,8,0.2,3,u*u_xx,0,0.0,0.0
fisher_kpp,pod_tv_diff,8,0.2,3,1,0,0.0,0.0
fisher_kpp,pod_tv_diff,8,0.2,3,u,0,1.0160067746050667,1.0
fisher_kpp,pod_tv_diff,8,0.2,3,u^2,0,-1.0277355640423582,-1.0
fisher_kpp,pod_tv_diff,8,0.2,3,u_x,0,0.0,0.0
fisher_kpp,pod_tv_diff,8,0.2,3,u*u_x,0,0.0,0.0
fisher_kpp,pod_tv_diff,8,0.2,3,u^2*u_x,0,0.0,0.0
fisher_kpp,pod_tv_diff,8,0.2,3,u_xx,0,0.0,0.03
fisher_kpp,pod_tv_diff,8,0.2,3,u*u_xx,0,0.0,0.0
fisher_kpp,baseline,8,0.2,4,1,0,0.0,0.0
fisher_kpp,baseline,8,0.2,4,u,0,0.9888712453246793,1.0
fisher_kpp,baseline,8,0.2,4,u^2,0,-0.9751146035702483,-1.0
fisher_kpp,baseline,8,0.2,4,u_x,0,0.0,0.0
fisher_kpp,baseline,8,0.2,4,u*u_x,0,0.0,0.0
fisher_kpp,baseline,8,0.2,4,u^2*u_x,0,0.0,0.0
fisher_kpp,baseline,8,0.2,4,u_xx,0,0.0,0.03
fisher_kpp,baseline,8,0.2,4,u*u_xx,0,0.0,0.0
fisher_kpp,pod_edmd_rbf,8,0.2,4,1,0,0.0,0.0
fisher_kpp,pod_edmd_rbf,8,0.2,4,u,0,0.9705631892247949,1.0
fisher_kpp,pod_edmd_rbf,8,0.2,4,u^2,0,-0.9466514998634533,-1.0
fisher_kpp,pod_edmd_rbf,8,0.2,4,u_x,0,0.0,0.0
fisher_kpp,pod_edmd_rbf,8,0.2,4,u*u_x,0,0.0,0.0
fisher_kpp,pod_edmd_rbf,8,0.2,4,u^2*u_x,0,0.0,0.0
fisher_kpp,pod_edmd_rbf,8,0.2,4,u_xx,0,0.0,0.03
fisher_kpp,pod_edmd_rbf,8,0.2,4,u*u_xx,0,0.0,0.0
fisher_kpp,tv_diff,8,0.2,4,1,0,0.1473669961745792,0.0
fisher_kpp,tv_diff,8,0.2,4,u,0,0.3018962380993155,1.0
fisher_kpp,tv_diff,8,0.2,4,u^2,0,-0.258215021771822,-1.0
fisher_kpp,tv_diff,8,0.2,4,u_x,0,0.0,0.0
fisher_kpp,tv_diff,8,0.2,4,u*u_x,0,0.0,0.0
fisher_kpp,tv_diff,8,0.2,4,u^2*u_x,0,0.0,0.0
fisher_kpp,tv_diff,8,0.2,4,u_xx,0,0.0,0.03
fisher_kpp,tv_diff,8,0.2,4,u*u_xx,0,0.0,0.0
fisher_kpp,pod_tv_diff,8,0.2,4,1,0,0.0,0.0
fisher_kpp,pod_tv_diff,8,0.2,4,u,0,0.9852383290122315,1.0
fisher_kpp,pod_tv_diff,8,0.2,4,u^2,0,-0.9676633483633463,-1.0
fisher_kpp,pod_tv_diff,8,0.2,4,u_x,0,0.0,0.0
fisher_kpp,pod_tv_diff,8,0.2,4,u*u_x,0,0.0,0.0
fisher_kpp,pod_tv_diff,8,0.2,4,u^2*u_x,0,0.0,0.0
fisher_kpp,pod_tv_diff,8,0.2,4,u_xx,0,0.0,0.03
fisher_kpp,pod_tv_diff,8,0.2,4,u*u_xx,0,0.0,0.0
fisher_kpp,baseline,8,0.5,0,1,0,0.0,0.0
fisher_kpp,baseline,8,0.5,0,u,0,0.9376477494559167,1.0
fisher_kpp,baseline,8,0.5,0,u^2,0,-0.8596104600163251,-1.0
fisher_kpp,baseline,8,0.5,0,u_x,0,0.0,0.0
fisher_kpp,baseline,8,0.5,0,u*u_x,0,0.0,0.0
fisher_kpp,baseline,8,0.5,0,u^2*u_x,0,0.0,0.0
fisher_kpp,baseline,8,0.5,0,u_xx,0,0.0,0.03
fisher_kpp,baseline,8,0.5,0,u*u_xx,0,0.0,0.0
fisher_kpp,pod_edmd_rbf,8,0.5,0,1,0,0.0,0.0
fisher_kpp,pod_edmd_rbf,8,0.5,0,u,0,1.0507203219164296,1.0
fisher_kpp,pod_edmd_rbf,8,0.5,0,u^2,0,-1.0604199915402723,-1.0
fisher_kpp,pod_edmd_rbf,8,0.5,0,u_x,0,0.0,0.0
fisher_kpp,pod_edmd_rbf,8,0.5,0,u*u_x,0,0.0,0.0
fisher_kpp,pod_edmd_rbf,8,0.5,0,u^2*u_x,0,0.0,0.0
fisher_kpp,pod_edmd_rbf,8,0.5,0,u_xx,0,0.0,0.03
fisher_kpp,pod_edmd_rbf,8,0.5,0,u*u_xx,0,0.0,0.0
fisher_kpp,tv_diff,8,0.5,0,1,0,0.0,0.0
fisher_kpp,tv_diff,8,0.5,0,u,0,0.9713812706928164,1.0
fisher_kpp,tv_diff,8,0.5,0,u^2,0,-0.9317259310495168,-1.0
fisher_kpp,tv_diff,8,0.5,0,u_x,0,0.0,0.0
fisher_kpp,tv_diff,8,0.5,0,u*u_x,0,0.0,0.0
fisher_kpp,tv_diff,8,0.5,0,u^2*u_x,0,0.0,0.0
fisher_kpp,tv_diff,8,0.5,0,u_xx,0,0.0,0.03
fisher_kpp,tv_diff,8,0.5,0,u*u_xx,0,0.0,0.0
fisher_kpp,pod_tv_diff,8,0.5,0,1,0,0.18089202634102805,0.0
fisher_kpp,pod_tv_diff,8,0.5,0,u,0,0.14833479334513744,1.0
fisher_kpp,pod_tv_diff,8,0.5,0,u^2,0,-0.0992212507429863,-1.0
fisher_kpp,pod_tv_diff,8,0.5,0,u_x,0,0.0,0.0
fisher_kpp,pod_tv_diff,8,0.5,0,u*u_x,0,0.0,0.0
fisher_kpp,pod_tv_diff,8,0.5,0,u^2*u_x,0,0.0,0.0
fisher_kpp,pod_tv_diff,8,0.5,0,u_xx,0,0.0,0.03
fisher_kpp,pod_tv_diff,8,0.5,0,u*u_xx,0,0.0,0.0
fisher_kpp,baseline,8,0.5,1,1,0,0.0,0.0
fisher_kpp,baseline,8,0.5,1,u,0,0.9551576564176859,1.0
fisher_kpp,baseline,8,0.5,1,u^2,0,-0.9207340314753943,-1.0
fisher_kpp,baseline,8,0.5,1,u_x,0,0.0,0.0
fisher_kpp,baseline,8,0.5,1,u*u_x,0,0.4900777925561681,0.0
fisher_kpp,baseline,8,0.5,1,u^2*u_x,0,-0.6856436367321285,0.0
fisher_kpp,baseline,8,0.5,1,u_xx,0,0.0,0.03
fisher_kpp,baseline,8,0.5,1,u*u_xx,0,0.0,0.0
fisher_kpp,pod_edmd_rbf,8,0.5,1,1,0,0.0,0.0
fisher_kpp,pod_edmd_rbf,8,0.5,1,u,0,0.9795079983034395,1.0
fisher_kpp,pod_edmd_rbf,8,0.5,1,u^2,0,-0.9801715970673227,-1.0
fisher_kpp,pod_edmd_rbf,8,0.5,1,u_x,0,0.0,0.0
fisher_kpp,pod_edmd_rbf,8,0.5,1,u*u_x,0,0.0,0.0
fisher_kpp,pod_edmd_rbf,8,0.5,1,u^2*u_x,0,0.0,0.0
fisher_kpp,pod_edmd_rbf,8,0.5,1,u_xx,0,0.0,0.03
fisher_kpp,pod_edmd_rbf,8,0.5,1,u*u_xx,0,0.0,0.0
fisher_kpp,tv_diff,8,0.5,1,1,0,0.18065052563679318,0.0
fisher_kpp,tv_diff,8,0.5,1,u,0,0.14222049546934176,1.0
fisher_kpp,tv_diff,8,0.5,1,u^2,0,-0.10139620422944119,-1.0
fisher_kpp,tv_diff,8,0.5,1,u_x,0,-0.029806764534846007,0.0
fisher_kpp,tv_diff,8,0.5,1,u*u_x,0,0.0723431026372583,0.0
fisher_kpp,tv_diff,8,0.5,1,u^2*u_x,0,-0.04684937083293722,0.0
fisher_kpp,tv_diff,8,0.5,1,u_xx,0,0.0017101828885059255,0.03
fisher_kpp,tv_diff,8,0.5,1,u*u_xx,0,-0.003903982695595725,0.0
fisher_kpp,pod_tv_diff,8,0.5,1,1,0,0.17999854523490072,0.0
fisher_kpp,pod_tv_diff,8,0.5,1,u,0,0.14378394297487657,1.0
fisher_kpp,pod_tv_diff,8,0.5,1,u^2,0,-0.10182939848189627,-1.0
fisher_kpp,pod_tv_diff,8,0.5,1,u_x,0,-0.029308554767541805,0.0
fisher_kpp,pod_tv_diff,8,0.5,1,u*u_x,0,0.06782290071905638,0.0
fisher_kpp,pod_tv_diff,8,0.5,1,u^2*u_x,0,-0.04179018394458289,0.0
fisher_kpp,pod_tv_diff,8,0.5,1,u_xx,0,0.0017455047354288096,0.03
fisher_kpp,pod_tv_diff,8,0.5,1,u*u_xx,0,-0.00396481286079732,0.0
fisher_kpp,baseline,32,0.05,0,1,0,0.0,0.0
fisher_kpp,baseline,32,0.05,0,u,0,1.0339951298242294,1.0
fisher_kpp,baseline,32,0.05,0,u^2,0,-1.0700832132447116,-1.0
fisher_kpp,baseline,32,0.05,0,u_x,0,0.0,0.0
fisher_kpp,baseline,32,0.05,0,u*u_x,0,0.0,0.0
fisher_kpp,baseline,32,0.05,0,u^2*u_x,0,0.0,0.0
fisher_kpp,baseline,32,0.05,0,u_xx,0,0.0,0.03
fisher_kpp,baseline,32,0.05,0,u*u_xx,0,0.0,0.0
fisher_kpp,pod_edmd_rbf,32,0.05,0,1,0,0.0,0.0
fisher_kpp,pod_edmd_rbf,32,0.05,0,u,0,1.0325109915876347,1.0
fisher_kpp,pod_edmd_rbf,32,0.05,0,u^2,0,-1.0652606376873097,-1.0
fisher_kpp,pod_edmd_rbf,32,0.05,0,u_x,0,0.0,0.0
fisher_kpp,pod_edmd_rbf,32,0.05,0,u*u_x,0,0.0,0.0
fisher_kpp,pod_edmd_rbf,32,0.05,0,u^2*u_x,0,0.0,0.0
fisher_kpp,pod_edmd_rbf,32,0.05,0,u_xx,0,0.0,0.03
fisher_kpp,pod_edmd_rbf,32,0.05,0,u*u_xx,0,0.0,0.0
fisher_kpp,tv_diff,32,0.05,0,1,0,0.0,0.0
fisher_kpp,tv_diff,32,0.05,0,u,0,1.0205522048305495,1.0
fisher_kpp,tv_diff,32,0.05,0,u^2,0,-1.0411488092932186,-1.0
fisher_kpp,tv_diff,32,0.05,0,u_x,0,0.0,0.0
fisher_kpp,tv_diff,32,0.05,0,u*u_x,0,0.0,0.0
fisher_kpp,tv_diff,32,0.05,0,u^2*u_x,0,0.0,0.0
fisher_kpp,tv_diff,32,0.05,0,u_xx,0,0.0,0.03
fisher_kpp,tv_diff,32,0.05,0,u*u_xx,0,0.0,0.0
fisher_kpp,pod_tv_diff,32,0.05,0,1,0,0.0,0.0
fisher_kpp,pod_tv_diff,32,0.05,0,u,0,1.0212034725942258,1.0
fisher_kpp,pod_tv_diff,32,0.05,0,u^2,0,-1.0424233767318951,-1.0
fisher_kpp,pod_tv_diff,32,0.05,0,u_x,0,0.0,0.0
fisher_kpp,pod_tv_diff,32,0.05,0,u*u_x,0,0.0,0.0
fisher_kpp,pod_tv_diff,32,0.05,0,u^2*u_x,0,0.0,0.0
fisher_kpp,pod_tv_diff,32,0.05,0,u_xx,0,0.0,0.03
fisher_kpp,pod_tv_diff,32,0.05,0,u*u_xx,0,0.0,0.0
fisher_kpp,baseline,8,0.5,3,1,0,0.14261553656841655,0.0
fisher_kpp,baseline,8,0.5,3,u,0,0.23836253266537274,1.0
fisher_kpp,baseline,8,0.5,3,u^2,0,-0.10242435461855956,-1.0
fisher_kpp,baseline,8,0.5,3,u_x,0,-0.01904830019039909,0.0
fisher_kpp,baseline,8,0.5,3,u*u_x,0,-0.11738449737822931,0.0
fisher_kpp,baseline,8,0.5,3,u^2*u_x,0,0.2579797809955344,0.0
fisher_kpp,baseline,8,0.5,3,u_xx,0,0.0006445377061687204,0.03
fisher_kpp,baseline,8,0.5,3,u*u_xx,0,-0.0006834180164264756,0.0
fisher_kpp,pod_edmd_rbf,8,0.5,3,1,0,0.12045019433928997,0.0
fisher_kpp,pod_edmd_rbf,8,0.5,3,u,0,0.3842718632639888,1.0
fisher_kpp,pod_edmd_rbf,8,0.5,3,u^2,0,-0.30007251750614955,-1.0
fisher_kpp,pod_edmd_rbf,8,0.5,3,u_x,0,0.0,0.0
fisher_kpp,pod_edmd_rbf,8,0.5,3,u*u_x,0,0.0,0.0
fisher_kpp,pod_edmd_rbf,8,0.5,3,u^2*u_x,0,0.0,0.0
fisher_kpp,pod_edmd_rbf,8,0.5,3,u_xx,0,0.0,0.03
fisher_kpp,pod_edmd_rbf,8,0.5,3,u*u_xx,0,0.0,0.0
fisher_kpp,tv_diff,8,0.5,3,1,0,0.1915012353961125,0.0
fisher_kpp,tv_diff,8,0.5,3,u,0,0.11327996065840217,1.0
fisher_kpp,tv_diff,8,0.5,3,u^2,0,-0.0707571549159647,-1.0
fisher_kpp,tv_diff,8,0.5,3,u_x,0,0.0,0.0
fisher_kpp,tv_diff,8,0.5,3,u*u_x,0,0.0,0.0
fisher_kpp,tv_diff,8,0.5,3,u^2*u_x,0,0.0,0.0
fisher_kpp,tv_diff,8,0.5,3,u_xx,0,0.0,0.03
fisher_kpp,tv_diff,8,0.5,3,u*u_xx,0,0.0,0.0
fisher_kpp,pod_tv_diff,8,0.5,3,1,0,0.19198391582640537,0.0
fisher_kpp,pod_tv_diff,8,0.5,3,u,0,0.11100237116493748,1.0
fisher_kpp,pod_tv_diff,8,0.5,3,u^2,0,-0.06841218510056492,-1.0
fisher_kpp,pod_tv_diff,8,0.5,3,u_x,0,0.0,0.0
fisher_kpp,pod_tv_diff,8,0.5,3,u*u_x,0,0.0,0.0
fisher_kpp,pod_tv_diff,8,0.5,3,u^2*u_x,0,0.0,0.0
fisher_kpp,pod_tv_diff,8,0.5,3,u_xx,0,0.0,0.03
fisher_kpp,pod_tv_diff,8,0.5,3,u*u_xx,0,0.0,0.0
fisher_kpp,baseline,32,0.05,1,1,0,0.0,0.0
fisher_kpp,baseline,32,0.05,1,u,0,1.0211149212957134,1.0
fisher_kpp,baseline,32,0.05,1,u^2,0,-1.0447157601870007,-1.0
fisher_kpp,baseline,32,0.05,1,u_x,0,0.0,0.0
fisher_kpp,baseline,32,0.05,1,u*u_x,0,0.0,0.0
fisher_kpp,baseline,32,0.05,1,u^2*u_x,0,0.0,0.0
fisher_kpp,baseline,32,0.05,1,u_xx,0,0.0,0.03
fisher_kpp,baseline,32,0.05,1,u*u_xx,0,0.0,0.0
fisher_kpp,pod_edmd_rbf,32,0.05,1,1,0,0.0,0.0
fisher_kpp,pod_edmd_rbf,32,0.05,1,u,0,1.033217449041233,1.0
fisher_kpp,pod_edmd_rbf,32,0.05,1,u^2,0,-1.0706319985293027,-1.0
fisher_kpp,pod_edmd_rbf,32,0.05,1,u_x,0,0.0,0.0
fisher_kpp,pod_edmd_rbf,32,0.05,1,u*u_x,0,0.0,0.0
fisher_kpp,pod_edmd_rbf,32,0.05,1,u^2*u_x,0,0.0,0.0
fisher_kpp,pod_edmd_rbf,32,0.05,1,u_xx,0,0.0,0.03
fisher_kpp,pod_edmd_rbf,32,0.05,1,u*u_xx,0,0.0,0.0
fisher_kpp,tv_diff,32,0.05,1,1,0,0.0,0.0
fisher_kpp,tv_diff,32,0.05,1,u,0,1.006848037015283,1.0
fisher_kpp,tv_diff,32,0.05,1,u^2,0,-1.015423128923119,-1.0
fisher_kpp,tv_diff,32,0.05,1,u_x,0,0.0,0.0
fisher_kpp,tv_diff,32,0.05,1,u*u_x,0,0.0,0.0
fisher_kpp,tv_diff,32,0.05,1,u^2*u_x,0,0.0,0.0
fisher_kpp,tv_diff,32,0.05,1,u_xx,0,0.0,0.03
fisher_kpp,tv_diff,32,0.05,1,u*u_xx,0,0.0,0.0
fisher_kpp,pod_tv_diff,32,0.05,1,1,0,0.0,0.0
fisher_kpp,pod_tv_diff,32,0.05,1,u,0,1.0127633301385592,1.0
fisher_kpp,pod_tv_diff,32,0.05,1,u^2,0,-1.0264927101039862,-1.0
fisher_kpp,pod_tv_diff,32,0.05,1,u_x,0,0.0,0.0
fisher_kpp,pod_tv_diff,32,0.05,1,u*u_x,0,0.0,0.0
fisher_kpp,pod_tv_diff,32,0.05,1,u^2*u_x,0,0.0,0.0
fisher_kpp,pod_tv_diff,32,0.05,1,u_xx,0,0.0,0.03
fisher_kpp,pod_tv_diff,32,0.05,1,u*u_xx,0,0.0,0.0
fisher_kpp,baseline,8,0.5,2,1,0,0.0,0.0
fisher_kpp,baseline,8,0.5,2,u,0,1.0162895550842328,1.0
fisher_kpp,baseline,8,0.5,2,u^2,0,-1.0019751449760488,-1.0
fisher_kpp,baseline,8,0.5,2,u_x,0,0.0,0.0
fisher_kpp,baseline,8,0.5,2,u*u_x,0,0.0,0.0
fisher_kpp,baseline,8,0.5,2,u^2*u_x,0,0.0,0.0
fisher_kpp,baseline,8,0.5,2,u_xx,0,0.0,0.03
fisher_kpp,baseline,8,0.5,2,u*u_xx,0,0.0,0.0
fisher_kpp,pod_edmd_rbf,8,0.5,2,1,0,0.0,0.0
fisher_kpp,pod_edmd_rbf,8,0.5,2,u,0,0.963089787168206,1.0
fisher_kpp,pod_edmd_rbf,8,0.5,2,u^2,0,-0.905382123717389,-1.0
fisher_kpp,pod_edmd_rbf,8,0.5,2,u_x,0,0.0,0.0
fisher_kpp,pod_edmd_rbf,8,0.5,2,u*u_x,0,0.0,0.0
fisher_kpp,pod_edmd_rbf,8,0.5,2,u^2*u_x,0,0.0,0.0
fisher_kpp,pod_edmd_rbf,8,0.5,2,u_xx,0,0.0,0.03
fisher_kpp,pod_edmd_rbf,8,0.5,2,u*u_xx,0,0.0,0.0
fisher_kpp,tv_diff,8,0.5,2,1,0,0.0,0.0
fisher_kpp,tv_diff,8,0.5,2,u,0,1.019751953345948,1.0
fisher_kpp,tv_diff,8,0.5,2,u^2,0,-1.0129501033912607,-1.0
fisher_kpp,tv_diff,8,0.5,2,u_x,0,0.0,0.0
fisher_kpp,tv_diff,8,0.5,2,u*u_x,0,0.0,0.0
fisher_kpp,tv_diff,8,0.5,2,u^2*u_x,0,0.0,0.0
fisher_kpp,tv_diff,8,0.5,2,u_xx,0,0.0,0.03
fisher_kpp,tv_diff,8,0.5,2,u*u_xx,0,0.0,0.0
fisher_kpp,pod_tv_diff,8,0.5,2,1,0,0.20444695769177054,0.0
fisher_kpp,pod_tv_diff,8,0.5,2,u,0,0.0739806177507891,1.0
fisher_kpp,pod_tv_diff,8,0.5,2,u^2,0,-0.04260424540040449,-1.0
fisher_kpp,pod_tv_diff,8,0.5,2,u_x,0,0.0,0.0
fisher_kpp,pod_tv_diff,8,0.5,2,u*u_x,0,0.0,0.0
fisher_kpp,pod_tv_diff,8,0.5,2,u^2*u_x,0,0.0,0.0
fisher_kpp,pod_tv_diff,8,0.5,2,u_xx,0,0.0,0.03
fisher_kpp,pod_tv_diff,8,0.5,2,u*u_xx,0,0.0,0.0
fisher_kpp,baseline,32,0.05,2,1,0,0.0,0.0
fisher_kpp,baseline,32,0.05,2,u,0,1.0309569006755372,1.0
fisher_kpp,baseline,32,0.05,2,u^2,0,-1.0675360909687666,-1.0
fisher_kpp,baseline,32,0.05,2,u_x,0,0.0,0.0
fisher_kpp,baseline,32,0.05,2,u*u_x,0,0.0,0.0
fisher_kpp,baseline,32,0.05,2,u^2*u_x,0,0.0,0.0
fisher_kpp,baseline,32,0.05,2,u_xx,0,0.0,0.03
fisher_kpp,baseline,32,0.05,2,u*u_xx,0,0.0,0.0
fisher_kpp,pod_edmd_rbf,32,0.05,2,1,0,0.0,0.0
fisher_kpp,pod_edmd_rbf,32,0.05,2,u,0,1.027437115806045,1.0
fisher_kpp,pod_edmd_rbf,32,0.05,2,u^2,0,-1.0574635648247537,-1.0
fisher_kpp,pod_edmd_rbf,32,0.05,2,u_x,0,0.0,0.0
fisher_kpp,pod_edmd_rbf,32,0.05,2,u*u_x,0,0.0,0.0
fisher_kpp,pod_edmd_rbf,32,0.05,2,u^2*u_x,0,0.0,0.0
fisher_kpp,pod_edmd_rbf,32,0.05,2,u_xx,0,0.0,0.03
fisher_kpp,pod_edmd_rbf,32,0.05,2,u*u_xx,0,0.0,0.0
fisher_kpp,tv_diff,32,0.05,2,1,0,0.0,0.0
fisher_kpp,tv_diff,32,0.05,2,u,0,1.0128516891518262,1.0
fisher_kpp,tv_diff,32,0.05,2,u^2,0,-1.0304532285107522,-1.0
fisher_kpp,tv_diff,32,0.05,2,u_x,0,0.0,0.0
fisher_kpp,tv_diff,32,0.05,2,u*u_x,0,0.0,0.0
fisher_kpp,tv_diff,32,0.05,2,u^2*u_x,0,0.0,0.0
fisher_kpp,tv_diff,32,0.05,2,u_xx,0,0.0,0.03
fisher_kpp,tv_diff,32,0.05,2,u*u_xx,0,0.0,0.0
fisher_kpp,pod_tv_diff,32,0.05,2,1,0,0.0,0.0
fisher_kpp,pod_tv_diff,32,0.05,2,u,0,1.0168274645365403,1.0
fisher_kpp,pod_tv_diff,32,0.05,2,u^2,0,-1.037174423898084,-1.0
fisher_kpp,pod_tv_diff,32,0.05,2,u_x,0,0.0,0.0
fisher_kpp,pod_tv_diff,32,0.05,2,u*u_x,0,0.0,0.0
fisher_kpp,pod_tv_diff,32,0.05,2,u^2*u_x,0,0.0,0.0
fisher_kpp,pod_tv_diff,32,0.05,2,u_xx,0,0.0,0.03
fisher_kpp,pod_tv_diff,32,0.05,2,u*u_xx,0,0.0,0.0
fisher_kpp,baseline,8,0.5,4,1,0,0.0,0.0
fisher_kpp,baseline,8,0.5,4,u,0,0.875137917517468,1.0
fisher_kpp,baseline,8,0.5,4,u^2,0,-0.7851994214854747,-1.0
fisher_kpp,baseline,8,0.5,4,u_x,0,0.0,0.0
fisher_kpp,baseline,8,0.5,4,u*u_x,0,0.0,0.0
fisher_kpp,baseline,8,0.5,4,u^2*u_x,0,0.0,0.0
fisher_kpp,baseline,8,0.5,4,u_xx,0,0.0,0.03
fisher_kpp,baseline,8,0.5,4,u*u_xx,0,0.0,0.0
fisher_kpp,pod_edmd_rbf,8,0.5,4,1,0,0.0,0.0
fisher_kpp,pod_edmd_rbf,8,0.5,4,u,0,0.899308963222852,1.0
fisher_kpp,pod_edmd_rbf,8,0.5,4,u^2,0,-0.8316380029529753,-1.0
fisher_kpp,pod_edmd_rbf,8,0.5,4,u_x,0,0.0,0.0
fisher_kpp,pod_edmd_rbf,8,0.5,4,u*u_x,0,0.0,0.0
fisher_kpp,pod_edmd_rbf,8,0.5,4,u^2*u_x,0,0.0,0.0
fisher_kpp,pod_edmd_rbf,8,0.5,4,u_xx,0,0.0,0.03
fisher_kpp,pod_edmd_rbf,8,0.5,4,u*u_xx,0,0.0,0.0
fisher_kpp,tv_diff,8,0.5,4,1,0,0.18226411118362895,0.0
fisher_kpp,tv_diff,8,0.5,4,u,0,0.14478424783434418,1.0
fisher_kpp,tv_diff,8,0.5,4,u^2,0,-0.11571290980210995,-1.0
fisher_kpp,tv_diff,8,0.5,4,u_x,0,0.0,0.0
fisher_kpp,tv_diff,8,0.5,4,u*u_x,0,0.0,0.0
fisher_kpp,tv_diff,8,0.5,4,u^2*u_x,0,0.0,0.0
fisher_kpp,tv_diff,8,0.5,4,u_xx,0,0.0,0.03
fisher_kpp,tv_diff,8,0.5,4,u*u_xx,0,0.0,0.0
fisher_kpp,pod_tv_diff,8,0.5,4,1,0,0.1834760397259818,0.0
fisher_kpp,pod_tv_diff,8,0.5,4,u,0,0.13951032317720496,1.0
fisher_kpp,pod_tv_diff,8,0.5,4,u^2,0,-0.11055299717569099,-1.0
fisher_kpp,pod_tv_diff,8,0.5,4,u_x,0,0.0,0.0
fisher_kpp,pod_tv_diff,8,0.5,4,u*u_x,0,0.0,0.0
fisher_kpp,pod_tv_diff,8,0.5,4,u^2*u_x,0,0.0,0.0
fisher_kpp,pod_tv_diff,8,0.5,4,u_xx,0,0.0,0.03
fisher_kpp,pod_tv_diff,8,0.5,4,u*u_xx,0,0.0,0.0
fisher_kpp,baseline,32,0.05,3,1,0,0.0,0.0
fisher_kpp,baseline,32,0.05,3,u,0,1.030310221934569,1.0
fisher_kpp,baseline,32,0.05,3,u^2,0,-1.0670993053573645,-1.0
fisher_kpp,baseline,32,0.05,3,u_x,0,0.0,0.0
fisher_kpp,baseline,32,0.05,3,u*u_x,0,0.0,0.0
fisher_kpp,baseline,32,0.05,3,u^2*u_x,0,0.0,0.0
fisher_kpp,baseline,32,0.05,3,u_xx,0,0.0,0.03
fisher_kpp,baseline,32,0.05,3,u*u_xx,0,0.0,0.0
fisher_kpp,pod_edmd_rbf,32,0.05,3,1,0,0.0,0.0
fisher_kpp,pod_edmd_rbf,32,0.05,3,u,0,1.0233690076340158,1.0
fisher_kpp,pod_edmd_rbf,32,0.05,3,u^2,0,-1.0521528373652584,-1.0
fisher_kpp,pod_edmd_rbf,32,0.05,3,u_x,0,0.0,0.0
fisher_kpp,pod_edmd_rbf,32,0.05,3,u*u_x,0,0.0,0.0
fisher_kpp,pod_edmd_rbf,32,0.05,3,u^2*u_x,0,0.0,0.0
fisher_kpp,pod_edmd_rbf,32,0.05,3,u_xx,0,0.0,0.03
fisher_kpp,pod_edmd_rbf,32,0.05,3,u*u_xx,0,0.0,0.0
fisher_kpp,tv_diff,32,0.05,3,1,0,0.0,0.0
fisher_kpp,tv_diff,32,0.05,3,u,0,1.0288643088497262,1.0
fisher_kpp,tv_diff,32,0.05,3,u^2,0,-1.0644396083080332,-1.0
fisher_kpp,tv_diff,32,0.05,3,u_x,0,0.0,0.0
fisher_kpp,tv_diff,32,0.05,3,u*u_x,0,0.0,0.0
fisher_kpp,tv_diff,32,0.05,3,u^2*u_x,0,0.0,0.0
fisher_kpp,tv_diff,32,0.05,3,u_xx,0,0.0,0.03
fisher_kpp,tv_diff,32,0.05,3,u*u_xx,0,0.0,0.0
fisher_kpp,pod_tv_diff,32,0.05,3,1,0,0.0,0.0
fisher_kpp,pod_tv_diff,32,0.05,3,u,0,1.0169591867629986,1.0
fisher_kpp,pod_tv_diff,32,0.05,3,u^2,0,-1.0396263062192102,-1.0
fisher_kpp,pod_tv_diff,32,0.05,3,u_x,0,0.0,0.0
fisher_kpp,pod_tv_diff,32,0.05,3,u*u_x,0,0.0,0.0
fisher_kpp,pod_tv_diff,32,0.05,3,u^2*u_x,0,0.0,0.0
fisher_kpp,pod_tv_diff,32,0.05,3,u_xx,0,0.0,0.03
fisher_kpp,pod_tv_diff,32,0.05,3,u*u_xx,0,0.0,0.0
fisher_kpp,baseline,32,0.05,4,1,0,0.0,0.0
fisher_kpp,baseline,32,0.05,4,u,0,1.008365955199896,1.0
fisher_kpp,baseline,32,0.05,4,u^2,0,-1.0240015543568461,-1.0
fisher_kpp,baseline,32,0.05,4,u_x,0,0.0,0.0
fisher_kpp,baseline,32,0.05,4,u*u_x,0,0.0,0.0
fisher_kpp,baseline,32,0.05,4,u^2*u_x,0,0.0,0.0
fisher_kpp,baseline,32,0.05,4,u_xx,0,0.0,0.03
fisher_kpp,baseline,32,0.05,4,u*u_xx,0,0.0,0.0
fisher_kpp,pod_edmd_rbf,32,0.05,4,1,0,0.0,0.0
fisher_kpp,pod_edmd_rbf,32,0.05,4,u,0,1.0109803656083736,1.0
fisher_kpp,pod_edmd_rbf,32,0.05,4,u^2,0,-1.0276926965478552,-1.0
fisher_kpp,pod_edmd_rbf,32,0.05,4,u_x,0,0.0,0.0
fisher_kpp,pod_edmd_rbf,32,0.05,4,u*u_x,0,0.0,0.0
fisher_kpp,pod_edmd_rbf,32,0.05,4,u^2*u_x,0,0.0,0.0
fisher_kpp,pod_edmd_rbf,32,0.05,4,u_xx,0,0.0,0.03
fisher_kpp,pod_edmd_rbf,32,0.05,4,u*u_xx,0,0.0,0.0
fisher_kpp,tv_diff,32,0.05,4,1,0,0.0,0.0
fisher_kpp,tv_diff,32,0.05,4,u,0,0.9979515336617137,1.0
fisher_kpp,tv_diff,32,0.05,4,u^2,0,-1.0013351315630636,-1.0
fisher_kpp,tv_diff,32,0.05,4,u_x,0,0.0,0.0
fisher_kpp,tv_diff,32,0.05,4,u*u_x,0,0.0,0.0
fisher_kpp,tv_diff,32,0.05,4,u^2*u_x,0,0.0,0.0
fisher_kpp,tv_diff,32,0.05,4,u_xx,0,0.0,0.03
fisher_kpp,tv_diff,32,0.05,4,u*u_xx,0,0.0,0.0
fisher_kpp,pod_tv_diff,32,0.05,4,1,0,0.0,0.0
fisher_kpp,pod_tv_diff,32,0.05,4,u,0,1.001946682404889,1.0
fisher_kpp,pod_tv_diff,32,0.05,4,u^2,0,-1.0097573319006528,-1.0
fisher_kpp,pod_tv_diff,32,0.05,4,u_x,0,0.0,0.0
fisher_kpp,pod_tv_diff,32,0.05,4,u*u_x,0,0.0,0.0
fisher_kpp,pod_tv_diff,32,0.05,4,u^2*u_x,0,0.0,0.0
fisher_kpp,pod_tv_diff,32,0.05,4,u_xx,0,0.0,0.03
fisher_kpp,pod_tv_diff,32,0.05,4,u*u_xx,0,0.0,0.0
fisher_kpp,baseline,32,0.1,0,1,0,0.0,0.0
fisher_kpp,baseline,32,0.1,0,u,0,1.0122657845304786,1.0
fisher_kpp,baseline,32,0.1,0,u^2,0,-1.0274513845662956,-1.0
fisher_kpp,baseline,32,0.1,0,u_x,0,0.0,0.0
fisher_kpp,baseline,32,0.1,0,u*u_x,0,0.0,0.0
fisher_kpp,baseline,32,0.1,0,u^2*u_x,0,0.0,0.0
fisher_kpp,baseline,32,0.1,0,u_xx,0,0.0,0.03
fisher_kpp,baseline,32,0.1,0,u*u_xx,0,0.0,0.0
fisher_kpp,pod_edmd_rbf,32,0.1,0,1,0,0.0,0.0
fisher_kpp,pod_edmd_rbf,32,0.1,0,u,0,1.0303082220802513,1.0
fisher_kpp,pod_edmd_rbf,32,0.1,0,u^2,0,-1.0603235621255898,-1.0
fisher_kpp,pod_edmd_rbf,32,0.1,0,u_x,0,0.0,0.0
fisher_kpp,pod_edmd_rbf,32,0.1,0,u*u_x,0,0.0,0.0
fisher_kpp,pod_edmd_rbf,32,0.1,0,u^2*u_x,0,0.0,0.0
fisher_kpp,pod_edmd_rbf,32,0.1,0,u_xx,0,0.0,0.03
fisher_kpp,pod_edmd_rbf,32,0.1,0,u*u_xx,0,0.0,0.0
fisher_kpp,tv_diff,32,0.1,0,1,0,0.0,0.0
fisher_kpp,tv_diff,32,0.1,0,u,0,1.0129097162671705,1.0
fisher_kpp,tv_diff,32,0.1,0,u^2,0,-1.0256165676043985,-1.0
fisher_kpp,tv_diff,32,0.1,0,u_x,0,0.0,0.0
fisher_kpp,tv_diff,32,0.1,0,u*u_x,0,0.0,0.0
fisher_kpp,tv_diff,32,0.1,0,u^2*u_x,0,0.0,0.0
fisher_kpp,tv_diff,32,0.1,0,u_xx,0,0.0,0.03
fisher_kpp,tv_diff,32,0.1,0,u*u_xx,0,0.0,0.0
fisher_kpp,pod_tv_diff,32,0.1,0,1,0,0.0,0.0
fisher_kpp,pod_tv_diff,32,0.1,0,u,0,0.9888191122184079,1.0
fisher_kpp,pod_tv_diff,32,0.1,0,u^2,0,-0.984992755390658,-1.0
fisher_kpp,pod_tv_diff,32,0.1,0,u_x,0,0.0,0.0
fisher_kpp,pod_tv_diff,32,0.1,0,u*u_x,0,0.0,0.0
fisher_kpp,pod_tv_diff,32,0.1,0,u^2*u_x,0,0.0,0.0
fisher_kpp,pod_tv_diff,32,0.1,0,u_xx,0,0.0,0.03
fisher_kpp,pod_tv_diff,32,0.1,0,u*u_xx,0,0.0,0.0
fisher_kpp,baseline,32,0.1,2,1,0,0.0,0.0
fisher_kpp,baseline,32,0.1,2,u,0,1.0267318522578488,1.0
fisher_kpp,baseline,32,0.1,2,u^2,0,-1.0614990261253268,-1.0
fisher_kpp,baseline,32,0.1,2,u_x,0,0.0,0.0
fisher_kpp,baseline,32,0.1,2,u*u_x,0,0.0,0.0
fisher_kpp,baseline,32,0.1,2,u^2*u_x,0,0.0,0.0
fisher_kpp,baseline,32,0.1,2,u_xx,0,0.0,0.03
fisher_kpp,baseline,32,0.1,2,u*u_xx,0,0.0,0.0
fisher_kpp,pod_edmd_rbf,32,0.1,2,1,0,0.0,0.0
fisher_kpp,pod_edmd_rbf,32,0.1,2,u,0,0.8638411012453923,1.0
fisher_kpp,pod_edmd_rbf,32,0.1,2,u^2,0,-0.8066593850026074,-1.0
fisher_kpp,pod_edmd_rbf,32,0.1,2,u_x,0,0.0,0.0
fisher_kpp,pod_edmd_rbf,32,0.1,2,u*u_x,0,0.0,0.0
fisher_kpp,pod_edmd_rbf,32,0.1,2,u^2*u_x,0,0.0,0.0
fisher_kpp,pod_edmd_rbf,32,0.1,2,u_xx,0,0.0,0.03
fisher_kpp,pod_edmd_rbf,32,0.1,2,u*u_xx,0,0.0,0.0
fisher_kpp,tv_diff,32,0.1,2,1,0,0.1627923048202023,0.0
fisher_kpp,tv_diff,32,0.1,2,u,0,0.23216192534172952,1.0
fisher_kpp,tv_diff,32,0.1,2,u^2,0,-0.1953496680426984,-1.0
fisher_kpp,tv_diff,32,0.1,2,u_x,0,0.0,0.0
fisher_kpp,tv_diff,32,0.1,2,u*u_x,0,0.0,0.0
fisher_kpp,tv_diff,32,0.1,2,u^2*u_x,0,0.0,0.0
fisher_kpp,tv_diff,32,0.1,2,u_xx,0,0.0,0.03
fisher_kpp,tv_diff,32,0.1,2,u*u_xx,0,0.0,0.0
fisher_kpp,pod_tv_diff,32,0.1,2,1,0,0.0,0.0
fisher_kpp,pod_tv_diff,32,0.1,2,u,0,1.0211904329819834,1.0
fisher_kpp,pod_tv_diff,32,0.1,2,u^2,0,-1.0490100866996073,-1.0
fisher_kpp,pod_tv_diff,32,0.1,2,u_x,0,0.0,0.0
fisher_kpp,pod_tv_diff,32,0.1,2,u*u_x,0,0.0,0.0
fisher_kpp,pod_tv_diff,32,0.1,2,u^2*u_x,0,0.0,0.0
fisher_kpp,pod_tv_diff,32,0.1,2,u_xx,0,0.0,0.03
fisher_kpp,pod_tv_diff,32,0.1,2,u*u_xx,0,0.0,0.0
fisher_kpp,baseline,32,0.1,1,1,0,0.0,0.0
fisher_kpp,baseline,32,0.1,1,u,0,1.0267234381104302,1.0
fisher_kpp,baseline,32,0.1,1,u^2,0,-1.0549769268762665,-1.0
fisher_kpp,baseline,32,0.1,1,u_x,0,0.0,0.0
fisher_kpp,baseline,32,0.1,1,u*u_x,0,0.0,0.0
fisher_kpp,baseline,32,0.1,1,u^2*u_x,0,0.0,0.0
fisher_kpp,baseline,32,0.1,1,u_xx,0,0.0,0.03
fisher_kpp,baseline,32,0.1,1,u*u_xx,0,0.0,0.0
fisher_kpp,pod_edmd_rbf,32,0.1,1,1,0,0.0,0.0
fisher_kpp,pod_edmd_rbf,32,0.1,1,u,0,0.4856696467713325,1.0
fisher_kpp,pod_edmd_rbf,32,0.1,1,u^2,0,-0.17667526132294983,-1.0
fisher_kpp,pod_edmd_rbf,32,0.1,1,u_x,0,0.0,0.0
fisher_kpp,pod_edmd_rbf,32,0.1,1,u*u_x,0,0.0,0.0
fisher_kpp,pod_edmd_rbf,32,0.1,1,u^2*u_x,0,0.0,0.0
fisher_kpp,pod_edmd_rbf,32,0.1,1,u_xx,0,0.0,0.03
fisher_kpp,pod_edmd_rbf,32,0.1,1,u*u_xx,0,0.0,0.0
fisher_kpp,tv_diff,32,0.1,1,1,0,0.0,0.0
fisher_kpp,tv_diff,32,0.1,1,u,0,1.0267234381104329,1.0
fisher_kpp,tv_diff,32,0.1,1,u^2,0,-1.0549769268762712,-1.0
fisher_kpp,tv_diff,32,0.1,1,u_x,0,0.0,0.0
fisher_kpp,tv_diff,32,0.1,1,u*u_x,0,0.0,0.0
fisher_kpp,tv_diff,32,0.1,1,u^2*u_x,0,0.0,0.0
fisher_kpp,tv_diff,32,0.1,1,u_xx,0,0.0,0.03
fisher_kpp,tv_diff,32,0.1,1,u*u_xx,0,0.0,0.0
fisher_kpp,pod_tv_diff,32,0.1,1,1,0,0.0,0.0
fisher_kpp,pod_tv_diff,32,0.1,1,u,0,1.023160861833406,1.0
fisher_kpp,pod_tv_diff,32,0.1,1,u^2,0,-1.0456161474981087,-1.0
fisher_kpp,pod_tv_diff,32,0.1,1,u_x,0,0.0,0.0
fisher_kpp,pod_tv_diff,32,0.1,1,u*u_x,0,0.0,0.0
fisher_kpp,pod_tv_diff,32,0.1,1,u^2*u_x,0,0.0,0.0
fisher_kpp,pod_tv_diff,32,0.1,1,u_xx,0,0.0,0.03
fisher_kpp,pod_tv_diff,32,0.1,1,u*u_xx,0,0.0,0.0
fisher_kpp,baseline,32,0.1,3,1,0,0.0,0.0
fisher_kpp,baseline,32,0.1,3,u,0,1.0208241160902858,1.0
fisher_kpp,baseline,32,0.1,3,u^2,0,-1.0506522752875738,-1.0
fisher_kpp,baseline,32,0.1,3,u_x,0,0.0,0.0
fisher_kpp,baseline,32,0.1,3,u*u_x,0,0.0,0.0
fisher_kpp,baseline,32,0.1,3,u^2*u_x,0,0.0,0.0
fisher_kpp,baseline,32,0.1,3,u_xx,0,0.0,0.03
fisher_kpp,baseline,32,0.1,3,u*u_xx,0,0.0,0.0
fisher_kpp,pod_edmd_rbf,32,0.1,3,1,0,0.0,0.0
fisher_kpp,pod_edmd_rbf,32,0.1,3,u,0,0.9868311772916223,1.0
fisher_kpp,pod_edmd_rbf,32,0.1,3,u^2,0,-0.9929563933350037,-1.0
fisher_kpp,pod_edmd_rbf,32,0.1,3,u_x,0,0.0,0.0
fisher_kpp,pod_edmd_rbf,32,0.1,3,u*u_x,0,0.0,0.0
fisher_kpp,pod_edmd_rbf,32,0.1,3,u^2*u_x,0,0.0,0.0
fisher_kpp,pod_edmd_rbf,32,0.1,3,u_xx,0,0.0,0.03
fisher_kpp,pod_edmd_rbf,32,0.1,3,u*u_xx,0,0.0,0.0
fisher_kpp,tv_diff,32,0.1,3,1,0,0.0,0.0
fisher_kpp,tv_diff,32,0.1,3,u,0,1.0057610312492182,1.0
fisher_kpp,tv_diff,32,0.1,3,u^2,0,-1.0234539027751077,-1.0
fisher_kpp,tv_diff,32,0.1,3,u_x,0,0.0,0.0
fisher_kpp,tv_diff,32,0.1,3,u*u_x,0,0.0,0.0
fisher_kpp,tv_diff,32,0.1,3,u^2*u_x,0,0.0,0.0
fisher_kpp,tv_diff,32,0.1,3,u_xx,0,0.0,0.03
fisher_kpp,tv_diff,32,0.1,3,u*u_xx,0,0.0,0.0
fisher_kpp,pod_tv_diff,32,0.1,3,1,0,0.0,0.0
fisher_kpp,pod_tv_diff,32,0.1,3,u,0,0.9999503921906503,1.0
fisher_kpp,pod_tv_diff,32,0.1,3,u^2,0,-1.0116526323630364,-1.0
fisher_kpp,pod_tv_diff,32,0.1,3,u_x,0,0.0,0.0
fisher_kpp,pod_tv_diff,32,0.1,3,u*u_x,0,0.0,0.0
fisher_kpp,pod_tv_diff,32,0.1,3,u^2*u_x,0,0.0,0.0
fisher_kpp,pod_tv_diff,32,0.1,3,u_xx,0,0.0,0.03
fisher_kpp,pod_tv_diff,32,0.1,3,u*u_xx,0,0.0,0.0
fisher_kpp,baseline,32,0.2,0,1,0,0.0,0.0
fisher_kpp,baseline,32,0.2,0,u,0,1.0218792096022988,1.0
fisher_kpp,baseline,32,0.2,0,u^2,0,-1.0523022622956582,-1.0
fisher_kpp,baseline,32,0.2,0,u_x,0,0.0,0.0
fisher_kpp,baseline,32,0.2,0,u*u_x,0,0.0,0.0
fisher_kpp,baseline,32,0.2,0,u^2*u_x,0,0.0,0.0
fisher_kpp,baseline,32,0.2,0,u_xx,0,0.0,0.03
fisher_kpp,baseline,32,0.2,0,u*u_xx,0,0.0,0.0
fisher_kpp,pod_edmd_rbf,32,0.2,0,1,0,0.10330864572631193,0.0
fisher_kpp,pod_edmd_rbf,32,0.2,0,u,0,0.893355683286658,1.0
fisher_kpp,pod_edmd_rbf,32,0.2,0,u^2,0,-1.1313109227070652,-1.0
fisher_kpp,pod_edmd_rbf,32,0.2,0,u_x,0,0.0,0.0
fisher_kpp,pod_edmd_rbf,32,0.2,0,u*u_x,0,0.0,0.0
fisher_kpp,pod_edmd_rbf,32,0.2,0,u^2*u_x,0,0.0,0.0
fisher_kpp,pod_edmd_rbf,32,0.2,0,u_xx,0,0.0,0.03
fisher_kpp,pod_edmd_rbf,32,0.2,0,u*u_xx,0,0.0,0.0
fisher_kpp,tv_diff,32,0.2,0,1,0,0.1654015924250873,0.0
fisher_kpp,tv_diff,32,0.2,0,u,0,0.20027379120995933,1.0
fisher_kpp,tv_diff,32,0.2,0,u^2,0,-0.14910111732410758,-1.0
fisher_kpp,tv_diff,32,0.2,0,u_x,0,0.0,0.0
fisher_kpp,tv_diff,32,0.2,0,u*u_x,0,0.0,0.0
fisher_kpp,tv_diff,32,0.2,0,u^2*u_x,0,0.0,0.0
fisher_kpp,tv_diff,32,0.2,0,u_xx,0,0.0,0.03
fisher_kpp,tv_diff,32,0.2,0,u*u_xx,0,0.0,0.0
fisher_kpp,pod_tv_diff,32,0.2,0,1,0,0.16495747857435344,0.0
fisher_kpp,pod_tv_diff,32,0.2,0,u,0,0.2020426835246069,1.0
fisher_kpp,pod_tv_diff,32,0.2,0,u^2,0,-0.15067462710037582,-1.0
fisher_kpp,pod_tv_diff,32,0.2,0,u_x,0,0.0,0.0
fisher_kpp,pod_tv_diff,32,0.2,0,u*u_x,0,0.0,0.0
fisher_kpp,pod_tv_diff,32,0.2,0,u^2*u_x,0,0.0,0.0
fisher_kpp,pod_tv_diff,32,0.2,0,u_xx,0,0.0,0.03
fisher_kpp,pod_tv_diff,32,0.2,0,u*u_xx,0,0.0,0.0
fisher_kpp,baseline,32,0.1,4,1,0,0.0,0.0
fisher_kpp,baseline,32,0.1,4,u,0,1.0075269510991385,1.0
fisher_kpp,baseline,32,0.1,4,u^2,0,-1.018977810186973,-1.0
fisher_kpp,baseline,32,0.1,4,u_x,0,0.0,0.0
fisher_kpp,baseline,32,0.1,4,u*u_x,0,0.0,0.0
fisher_kpp,baseline,32,0.1,4,u^2*u_x,0,0.0,0.0
fisher_kpp,baseline,32,0.1,4,u_xx,0,0.0,0.03
fisher_kpp,baseline,32,0.1,4,u*u_xx,0,0.0,0.0
fisher_kpp,pod_edmd_rbf,32,0.1,4,1,0,0.0,0.0
fisher_kpp,pod_edmd_rbf,32,0.1,4,u,0,1.0022949490361939,1.0
fisher_kpp,pod_edmd_rbf,32,0.1,4,u^2,0,-1.02648356374274,-1.0
fisher_kpp,pod_edmd_rbf,32,0.1,4,u_x,0,0.0,0.0
fisher_kpp,pod_edmd_rbf,32,0.1,4,u*u_x,0,0.0,0.0
fisher_kpp,pod_edmd_rbf,32,0.1,4,u^2*u_x,0,0.0,0.0
fisher_kpp,pod_edmd_rbf,32,0.1,4,u_xx,0,0.0,0.03
fisher_kpp,pod_edmd_rbf,32,0.1,4,u*u_xx,0,0.0,0.0
fisher_kpp,tv_diff,32,0.1,4,1,0,0.0,0.0
fisher_kpp,tv_diff,32,0.1,4,u,0,1.0112397619356175,1.0
fisher_kpp,tv_diff,32,0.1,4,u^2,0,-1.0268142584893991,-1.0
fisher_kpp,tv_diff,32,0.1,4,u_x,0,0.0,0.0
fisher_kpp,tv_diff,32,0.1,4,u*u_x,0,0.0,0.0
fisher_kpp,tv_diff,32,0.1,4,u^2*u_x,0,0.0,0.0
fisher_kpp,tv_diff,32,0.1,4,u_xx,0,0.0,0.03
fisher_kpp,tv_diff,32,0.1,4,u*u_xx,0,0.0,0.0
fisher_kpp,pod_tv_diff,32,0.1,4,1,0,0.0,0.0
fisher_kpp,pod_tv_diff,32,0.1,4,u,0,1.0000313415698026,1.0
fisher_kpp,pod_tv_diff,32,0.1,4,u^2,0,-1.009495647606889,-1.0
fisher_kpp,pod_tv_diff,32,0.1,4,u_x,0,0.0,0.0
fisher_kpp,pod_tv_diff,32,0.1,4,u*u_x,0,0.0,0.0
fisher_kpp,pod_tv_diff,32,0.1,4,u^2*u_x,0,0.0,0.0
fisher_kpp,pod_tv_diff,32,0.1,4,u_xx,0,0.0,0.03
fisher_kpp,pod_tv_diff,32,0.1,4,u*u_xx,0,0.0,0.0
fisher_kpp,baseline,32,0.2,1,1,0,0.0,0.0
fisher_kpp,baseline,32,0.2,1,u,0,1.010891679904842,1.0
fisher_kpp,baseline,32,0.2,1,u^2,0,-1.0331507147076424,-1.0
fisher_kpp,baseline,32,0.2,1,u_x,0,0.0,0.0
fisher_kpp,baseline,32,0.2,1,u*u_x,0,0.0,0.0
fisher_kpp,baseline,32,0.2,1,u^2*u_x,0,0.0,0.0
fisher_kpp,baseline,32,0.2,1,u_xx,0,0.0,0.03
fisher_kpp,baseline,32,0.2,1,u*u_xx,0,0.0,0.0
fisher_kpp,pod_edmd_rbf,32,0.2,1,1,0,0.0,0.0
fisher_kpp,pod_edmd_rbf,32,0.2,1,u,0,1.013971337245037,1.0
fisher_kpp,pod_edmd_rbf,32,0.2,1,u^2,0,-1.0225899196271206,-1.0
fisher_kpp,pod_edmd_rbf,32,0.2,1,u_x,0,0.0,0.0
fisher_kpp,pod_edmd_rbf,32,0.2,1,u*u_x,0,0.0,0.0
fisher_kpp,pod_edmd_rbf,32,0.2,1,u^2*u_x,0,0.0,0.0
fisher_kpp,pod_edmd_rbf,32,0.2,1,u_xx,0,0.0,0.03
fisher_kpp,pod_edmd_rbf,32,0.2,1,u*u_xx,0,0.0,0.0
fisher_kpp,tv_diff,32,0.2,1,1,0,0.15624056649066523,0.0
fisher_kpp,tv_diff,32,0.2,1,u,0,0.24094431002895103,1.0
fisher_kpp,tv_diff,32,0.2,1,u^2,0,-0.1974271431858956,-1.0
fisher_kpp,tv_diff,32,0.2,1,u_x,0,0.0,0.0
fisher_kpp,tv_diff,32,0.2,1,u*u_x,0,0.0,0.0
fisher_kpp,tv_diff,32,0.2,1,u^2*u_x,0,0.0,0.0
fisher_kpp,tv_diff,32,0.2,1,u_xx,0,0.0,0.03
fisher_kpp,tv_diff,32,0.2,1,u*u_xx,0,0.0,0.0
fisher_kpp,pod_tv_diff,32,0.2,1,1,0,0.0,0.0
fisher_kpp,pod_tv_diff,32,0.2,1,u,0,0.9749312823321794,1.0
fisher_kpp,pod_tv_diff,32,0.2,1,u^2,0,-0.9736462081482055,-1.0
fisher_kpp,pod_tv_diff,32,0.2,1,u_x,0,0.0,0.0
fisher_kpp,pod_tv_diff,32,0.2,1,u*u_x,0,0.0,0.0
fisher_kpp,pod_tv_diff,32,0.2,1,u^2*u_x,0,0.0,0.0
fisher_kpp,pod_tv_diff,32,0.2,1,u_xx,0,0.0,0.03
fisher_kpp,pod_tv_diff,32,0.2,1,u*u_xx,0,0.0,0.0
fisher_kpp,baseline,32,0.2,2,1,0,0.0,0.0
fisher_kpp,baseline,32,0.2,2,u,0,1.0659844382255794,1.0
fisher_kpp,baseline,32,0.2,2,u^2,0,-1.1151360377617963,-1.0
fisher_kpp,baseline,32,0.2,2,u_x,0,0.0,0.0
fisher_kpp,baseline,32,0.2,2,u*u_x,0,0.0,0.0
fisher_kpp,baseline,32,0.2,2,u^2*u_x,0,0.0,0.0
fisher_kpp,baseline,32,0.2,2,u_xx,0,0.0,0.03
fisher_kpp,baseline,32,0.2,2,u*u_xx,0,0.0,0.0
fisher_kpp,pod_edmd_rbf,32,0.2,2,1,0,0.0,0.0
fisher_kpp,pod_edmd_rbf,32,0.2,2,u,0,1.0717831139952902,1.0
fisher_kpp,pod_edmd_rbf,32,0.2,2,u^2,0,-1.11149768193101,-1.0
fisher_kpp,pod_edmd_rbf,32,0.2,2,u_x,0,0.0,0.0
fisher_kpp,pod_edmd_rbf,32,0.2,2,u*u_x,0,0.0,0.0
fisher_kpp,pod_edmd_rbf,32,0.2,2,u^2*u_x,0,0.0,0.0
fisher_kpp,pod_edmd_rbf,32,0.2,2,u_xx,0,0.0,0.03
fisher_kpp,pod_edmd_rbf,32,0.2,2,u*u_xx,0,0.0,0.0
fisher_kpp,tv_diff,32,0.2,2,1,0,0.165805443247422,0.0
fisher_kpp,tv_diff,32,0.2,2,u,0,0.21903391814371945,1.0
fisher_kpp,tv_diff,32,0.2,2,u^2,0,-0.1730817253927916,-1.0
fisher_kpp,tv_diff,32,0.2,2,u_x,0,0.0,0.0
fisher_kpp,tv_diff,32,0.2,2,u*u_x,0,0.0,0.0
fisher_kpp,tv_diff,32,0.2,2,u^2*u_x,0,0.0,0.0
fisher_kpp,tv_diff,32,0.2,2,u_xx,0,0.0,0.03
fisher_kpp,tv_diff,32,0.2,2,u*u_xx,0,0.0,0.0
fisher_kpp,pod_tv_diff,32,0.2,2,1,0,0.0,0.0
fisher_kpp,pod_tv_diff,32,0.2,2,u,0,1.0105345643399564,1.0
fisher_kpp,pod_tv_diff,32,0.2,2,u^2,0,-1.0173586304041164,-1.0
fisher_kpp,pod_tv_diff,32,0.2,2,u_x,0,0.0,0.0
fisher_kpp,pod_tv_diff,32,0.2,2,u*u_x,0,0.0,0.0
fisher_kpp,pod_tv_diff,32,0.2,2,u^2*u_x,0,0.0,0.0
fisher_kpp,pod_tv_diff,32,0.2,2,u_xx,0,0.0,0.03
fisher_kpp,pod_tv_diff,32,0.2,2,u*u_xx,0,0.0,0.0
fisher_kpp,baseline,32,0.2,3,1,0,0.0,0.0
fisher_kpp,baseline,32,0.2,3,u,0,1.0892127248809607,1.0
fisher_kpp,baseline,32,0.2,3,u^2,0,-1.178243856222759,-1.0
fisher_kpp,baseline,32,0.2,3,u_x,0,0.0,0.0
fisher_kpp,baseline,32,0.2,3,u*u_x,0,0.0,0.0
fisher_kpp,baseline,32,0.2,3,u^2*u_x,0,0.0,0.0
fisher_kpp,baseline,32,0.2,3,u_xx,0,0.0,0.03
fisher_kpp,baseline,32,0.2,3,u*u_xx,0,0.0,0.0
fisher_kpp,pod_edmd_rbf,32,0.2,3,1,0,0.0,0.0
fisher_kpp,pod_edmd_rbf,32,0.2,3,u,0,1.1345215834431517,1.0
fisher_kpp,pod_edmd_rbf,32,0.2,3,u^2,0,-1.2662581208498735,-1.0
fisher_kpp,pod_edmd_rbf,32,0.2,3,u_x,0,0.0,0.0
fisher_kpp,pod_edmd_rbf,32,0.2,3,u*u_x,0,0.0,0.0
fisher_kpp,pod_edmd_rbf,32,0.2,3,u^2*u_x,0,0.0,0.0
fisher_kpp,pod_edmd_rbf,32,0.2,3,u_xx,0,0.0,0.03
fisher_kpp,pod_edmd_rbf,32,0.2,3,u*u_xx,0,0.0,0.0
fisher_kpp,tv_diff,32,0.2,3,1,0,0.0,0.0
fisher_kpp,tv_diff,32,0.2,3,u,0,0.9886497759023023,1.0
fisher_kpp,tv_diff,32,0.2,3,u^2,0,-0.9882590491852318,-1.0
fisher_kpp,tv_diff,32,0.2,3,u_x,0,0.0,0.0
fisher_kpp,tv_diff,32,0.2,3,u*u_x,0,0.0,0.0
fisher_kpp,tv_diff,32,0.2,3,u^2*u_x,0,0.0,0.0
fisher_kpp,tv_diff,32,0.2,3,u_xx,0,0.0,0.03
fisher_kpp,tv_diff,32,0.2,3,u*u_xx,0,0.0,0.0
fisher_kpp,pod_tv_diff,32,0.2,3,1,0,0.0,0.0
fisher_kpp,pod_tv_diff,32,0.2,3,u,0,1.026971583126874,1.0
fisher_kpp,pod_tv_diff,32,0.2,3,u^2,0,-1.0597778263709485,-1.0
fisher_kpp,pod_tv_diff,32,0.2,3,u_x,0,0.0,0.0
fisher_kpp,pod_tv_diff,32,0.2,3,u*u_x,0,0.0,0.0
fisher_kpp,pod_tv_diff,32,0.2,3,u^2*u_x,0,0.0,0.0
fisher_kpp,pod_tv_diff,32,0.2,3,u_xx,0,0.0,0.03
fisher_kpp,pod_tv_diff,32,0.2,3,u*u_xx,0,0.0,0.0
fisher_kpp,baseline,32,0.2,4,1,0,0.0,0.0
fisher_kpp,baseline,32,0.2,4,u,0,0.9974947086234114,1.0
fisher_kpp,baseline,32,0.2,4,u^2,0,-0.9976029762064799,-1.0
fisher_kpp,baseline,32,0.2,4,u_x,0,0.0,0.0
fisher_kpp,baseline,32,0.2,4,u*u_x,0,0.0,0.0
fisher_kpp,baseline,32,0.2,4,u^2*u_x,0,0.0,0.0
fisher_kpp,baseline,32,0.2,4,u_xx,0,0.0,0.03
fisher_kpp,baseline,32,0.2,4,u*u_xx,0,0.0,0.0
fisher_kpp,pod_edmd_rbf,32,0.2,4,1,0,0.0,0.0
fisher_kpp,pod_edmd_rbf,32,0.2,4,u,0,0.9690572299896933,1.0
fisher_kpp,pod_edmd_rbf,32,0.2,4,u^2,0,-0.9539349691548901,-1.0
fisher_kpp,pod_edmd_rbf,32,0.2,4,u_x,0,0.0,0.0
fisher_kpp,pod_edmd_rbf,32,0.2,4,u*u_x,0,0.0,0.0
fisher_kpp,pod_edmd_rbf,32,0.2,4,u^2*u_x,0,0.0,0.0
fisher_kpp,pod_edmd_rbf,32,0.2,4,u_xx,0,0.0,0.03
fisher_kpp,pod_edmd_rbf,32,0.2,4,u*u_xx,0,0.0,0.0
fisher_kpp,tv_diff,32,0.2,4,1,0,0.0,0.0
fisher_kpp,tv_diff,32,0.2,4,u,0,0.969011975658876,1.0
fisher_kpp,tv_diff,32,0.2,4,u^2,0,-0.9538894163857325,-1.0
fisher_kpp,tv_diff,32,0.2,4,u_x,0,0.0,0.0
fisher_kpp,tv_diff,32,0.2,4,u*u_x,0,0.0,0.0
fisher_kpp,tv_diff,32,0.2,4,u^2*u_x,0,0.0,0.0
fisher_kpp,tv_diff,32,0.2,4,u_xx,0,0.0,0.03
fisher_kpp,tv_diff,32,0.2,4,u*u_xx,0,0.0,0.0
fisher_kpp,pod_tv_diff,32,0.2,4,1,0,0.0,0.0
fisher_kpp,pod_tv_diff,32,0.2,4,u,0,0.9824194774621845,1.0
fisher_kpp,pod_tv_diff,32,0.2,4,u^2,0,-0.9788018770147997,-1.0
fisher_kpp,pod_tv_diff,32,0.2,4,u_x,0,0.0,0.0
fisher_kpp,pod_tv_diff,32,0.2,4,u*u_x,0,0.0,0.0
fisher_kpp,pod_tv_diff,32,0.2,4,u^2*u_x,0,0.0,0.0
fisher_kpp,pod_tv_diff,32,0.2,4,u_xx,0,0.0,0.03
fisher_kpp,pod_tv_diff,32,0.2,4,u*u_xx,0,0.0,0.0
fisher_kpp,baseline,32,0.5,0,1,0,0.0,0.0
fisher_kpp,baseline,32,0.5,0,u,0,1.0765944012065158,1.0
fisher_kpp,baseline,32,0.5,0,u^2,0,-1.1259528584413363,-1.0
fisher_kpp,baseline,32,0.5,0,u_x,0,0.0,0.0
fisher_kpp,baseline,32,0.5,0,u*u_x,0,0.0,0.0
fisher_kpp,baseline,32,0.5,0,u^2*u_x,0,0.0,0.0
fisher_kpp,baseline,32,0.5,0,u_xx,0,0.0,0.03
fisher_kpp,baseline,32,0.5,0,u*u_xx,0,0.0,0.0
fisher_kpp,pod_edmd_rbf,32,0.5,0,1,0,0.3145323906619828,0.0
fisher_kpp,pod_edmd_rbf,32,0.5,0,u,0,-0.29094413829568716,1.0
fisher_kpp,pod_edmd_rbf,32,0.5,0,u^2,0,0.20205152629688158,-1.0
fisher_kpp,pod_edmd_rbf,32,0.5,0,u_x,0,0.0,0.0
fisher_kpp,pod_edmd_rbf,32,0.5,0,u*u_x,0,0.0,0.0
fisher_kpp,pod_edmd_rbf,32,0.5,0,u^2*u_x,0,0.0,0.0
fisher_kpp,pod_edmd_rbf,32,0.5,0,u_xx,0,0.0,0.03
fisher_kpp,pod_edmd_rbf,32,0.5,0,u*u_xx,0,0.0,0.0
fisher_kpp,tv_diff,32,0.5,0,1,0,0.20084930317526528,0.0
fisher_kpp,tv_diff,32,0.5,0,u,0,0.059824823548691466,1.0
fisher_kpp,tv_diff,32,0.5,0,u^2,0,-0.009110107548493528,-1.0
fisher_kpp,tv_diff,32,0.5,0,u_x,0,0.01592930804120612,0.0
fisher_kpp,tv_diff,32,0.5,0,u*u_x,0,-0.029497001303089014,0.0
fisher_kpp,tv_diff,32,0.5,0,u^2*u_x,0,0.031356865480709546,0.0
fisher_kpp,tv_diff,32,0.5,0,u_xx,0,0.001413265363028823,0.03
fisher_kpp,tv_diff,32,0.5,0,u*u_xx,0,-0.003359589884565484,0.0
fisher_kpp,pod_tv_diff,32,0.5,0,1,0,0.19998387332003095,0.0
fisher_kpp,pod_tv_diff,32,0.5,0,u,0,0.06024455612425904,1.0
fisher_kpp,pod_tv_diff,32,0.5,0,u^2,0,-0.006976383927665897,-1.0
fisher_kpp,pod_tv_diff,32,0.5,0,u_x,0,0.013920823801902602,0.0
fisher_kpp,pod_tv_diff,32,0.5,0,u*u_x,0,-0.020191142147765732,0.0
fisher_kpp,pod_tv_diff,32,0.5,0,u^2*u_x,0,0.02310376407569728,0.0
fisher_kpp,pod_tv_diff,32,0.5,0,u_xx,0,0.0014578554272518666,0.03
fisher_kpp,pod_tv_diff,32,0.5,0,u*u_xx,0,-0.0034209042327145163,0.0
fisher_kpp,baseline,32,0.5,1,1,0,0.0,0.0
fisher_kpp,baseline,32,0.5,1,u,0,0.9558723865239618,1.0
fisher_kpp,baseline,32,0.5,1,u^2,0,-0.9199152762380463,-1.0
fisher_kpp,baseline,32,0.5,1,u_x,0,0.0,0.0
fisher_kpp,baseline,32,0.5,1,u*u_x,0,0.0,0.0
fisher_kpp,baseline,32,0.5,1,u^2*u_x,0,0.0,0.0
fisher_kpp,baseline,32,0.5,1,u_xx,0,0.0,0.03
fisher_kpp,baseline,32,0.5,1,u*u_xx,0,0.0,0.0
fisher_kpp,pod_edmd_rbf,32,0.5,1,1,0,0.0,0.0
fisher_kpp,pod_edmd_rbf,32,0.5,1,u,0,0.0,1.0
fisher_kpp,pod_edmd_rbf,32,0.5,1,u^2,0,0.5546398313620464,-1.0
fisher_kpp,pod_edmd_rbf,32,0.5,1,u_x,0,0.0,0.0
fisher_kpp,pod_edmd_rbf,32,0.5,1,u*u_x,0,0.0,0.0
fisher_kpp,pod_edmd_rbf,32,0.5,1,u^2*u_x,0,0.0,0.0
fisher_kpp,pod_edmd_rbf,32,0.5,1,u_xx,0,0.0,0.03
fisher_kpp,pod_edmd_rbf,32,0.5,1,u*u_xx,0,0.0,0.0
fisher_kpp,tv_diff,32,0.5,1,1,0,0.0,0.0
fisher_kpp,tv_diff,32,0.5,1,u,0,0.9438464440103623,1.0
fisher_kpp,tv_diff,32,0.5,1,u^2,0,-0.9142269774823732,-1.0
fisher_kpp,tv_diff,32,0.5,1,u_x,0,0.0,0.0
fisher_kpp,tv_diff,32,0.5,1,u*u_x,0,0.0,0.0
fisher_kpp,tv_diff,32,0.5,1,u^2*u_x,0,0.0,0.0
fisher_kpp,tv_diff,32,0.5,1,u_xx,0,0.0,0.03
fisher_kpp,tv_diff,32,0.5,1,u*u_xx,0,0.0,0.0
fisher_kpp,pod_tv_diff,32,0.5,1,1,0,0.13530295165523432,0.0
fisher_kpp,pod_tv_diff,32,0.5,1,u,0,0.299899672022343,1.0
fisher_kpp,pod_tv_diff,32,0.5,1,u^2,0,-0.2365142865884528,-1.0
fisher_kpp,pod_tv_diff,32,0.5,1,u_x,0,0.0032538089432191724,0.0
fisher_kpp,pod_tv_diff,32,0.5,1,u*u_x,0,-0.06355210401709384,0.0
fisher_kpp,pod_tv_diff,32,0.5,1,u^2*u_x,0,0.07018552267706338,0.0
fisher_kpp,pod_tv_diff,32,0.5,1,u_xx,0,0.0030831420596402685,0.03
fisher_kpp,pod_tv_diff,32,0.5,1,u*u_xx,0,-0.0065845286897995205,0.0
fisher_kpp,baseline,32,0.5,2,1,0,0.0,0.0
fisher_kpp,baseline,32,0.5,2,u,0,0.9150273386100782,1.0
fisher_kpp,baseline,32,0.5,2,u^2,0,-0.9001758205829183,-1.0
fisher_kpp,baseline,32,0.5,2,u_x,0,0.0,0.0
fisher_kpp,baseline,32,0.5,2,u*u_x,0,0.0,0.0
fisher_kpp,baseline,32,0.5,2,u^2*u_x,0,0.0,0.0
fisher_kpp,baseline,32,0.5,2,u_xx,0,0.0,0.03
fisher_kpp,baseline,32,0.5,2,u*u_xx,0,0.0,0.0
fisher_kpp,pod_edmd_rbf,32,0.5,2,1,0,0.0,0.0
fisher_kpp,pod_edmd_rbf,32,0.5,2,u,0,1.1027141948312966,1.0
fisher_kpp,pod_edmd_rbf,32,0.5,2,u^2,0,-1.1888029210860829,-1.0
fisher_kpp,pod_edmd_rbf,32,0.5,2,u_x,0,0.0,0.0
fisher_kpp,pod_edmd_rbf,32,0.5,2,u*u_x,0,0.0,0.0
fisher_kpp,pod_edmd_rbf,32,0.5,2,u^2*u_x,0,0.0,0.0
fisher_kpp,pod_edmd_rbf,32,0.5,2,u_xx,0,0.0,0.03
fisher_kpp,pod_edmd_rbf,32,0.5,2,u*u_xx,0,0.0,0.0
fisher_kpp,tv_diff,32,0.5,2,1,0,0.1629228531579895,0.0
fisher_kpp,tv_diff,32,0.5,2,u,0,0.14744143260487794,1.0
fisher_kpp,tv_diff,32,0.5,2,u^2,0,-0.063845233749137,-1.0
fisher_kpp,tv_diff,32,0.5,2,u_x,0,0.0,0.0
fisher_kpp,tv_diff,32,0.5,2,u*u_x,0,0.0,0.0
fisher_kpp,tv_diff,32,0.5,2,u^2*u_x,0,0.0,0.0
fisher_kpp,tv_diff,32,0.5,2,u_xx,0,0.0,0.03
fisher_kpp,tv_diff,32,0.5,2,u*u_xx,0,0.0,0.0
fisher_kpp,pod_tv_diff,32,0.5,2,1,0,0.16408537883962832,0.0
fisher_kpp,pod_tv_diff,32,0.5,2,u,0,0.14387203988126615,1.0
fisher_kpp,pod_tv_diff,32,0.5,2,u^2,0,-0.0618418676468959,-1.0
fisher_kpp,pod_tv_diff,32,0.5,2,u_x,0,0.0,0.0
fisher_kpp,pod_tv_diff,32,0.5,2,u*u_x,0,0.0,0.0
fisher_kpp,pod_tv_diff,32,0.5,2,u^2*u_x,0,0.0,0.0
fisher_kpp,pod_tv_diff,32,0.5,2,u_xx,0,0.0,0.03
fisher_kpp,pod_tv_diff,32,0.5,2,u*u_xx,0,0.0,0.0
fisher_kpp,baseline,32,0.5,3,1,0,0.0,0.0
fisher_kpp,baseline,32,0.5,3,u,0,1.1522996087250177,1.0
fisher_kpp,baseline,32,0.5,3,u^2,0,-1.3089115657404344,-1.0
fisher_kpp,baseline,32,0.5,3,u_x,0,0.0,0.0
fisher_kpp,baseline,32,0.5,3,u*u_x,0,0.0,0.0
fisher_kpp,baseline,32,0.5,3,u^2*u_x,0,0.0,0.0
fisher_kpp,baseline,32,0.5,3,u_xx,0,0.0,0.03
fisher_kpp,baseline,32,0.5,3,u*u_xx,0,0.0,0.0
fisher_kpp,pod_edmd_rbf,32,0.5,3,1,0,0.0,0.0
fisher_kpp,pod_edmd_rbf,32,0.5,3,u,0,0.5337789969990361,1.0
fisher_kpp,pod_edmd_rbf,32,0.5,3,u^2,0,-0.3163812982015854,-1.0
fisher_kpp,pod_edmd_rbf,32,0.5,3,u_x,0,0.0,0.0
fisher_kpp,pod_edmd_rbf,32,0.5,3,u*u_x,0,0.0,0.0
fisher_kpp,pod_edmd_rbf,32,0.5,3,u^2*u_x,0,0.0,0.0
fisher_kpp,pod_edmd_rbf,32,0.5,3,u_xx,0,0.0,0.03
fisher_kpp,pod_edmd_rbf,32,0.5,3,u*u_xx,0,0.0,0.0
fisher_kpp,tv_diff,32,0.5,3,1,0,0.17527113802379093,0.0
fisher_kpp,tv_diff,32,0.5,3,u,0,0.13139999960060234,1.0
fisher_kpp,tv_diff,32,0.5,3,u^2,0,-0.08942575512197808,-1.0
fisher_kpp,tv_diff,32,0.5,3,u_x,0,0.0,0.0
fisher_kpp,tv_diff,32,0.5,3,u*u_x,0,0.0,0.0
fisher_kpp,tv_diff,32,0.5,3,u^2*u_x,0,0.0,0.0
fisher_kpp,tv_diff,32,0.5,3,u_xx,0,0.0,0.03
fisher_kpp,tv_diff,32,0.5,3,u*u_xx,0,0.0,0.0
fisher_kpp,pod_tv_diff,32,0.5,3,1,0,0.17446063592369065,0.0
fisher_kpp,pod_tv_diff,32,0.5,3,u,0,0.1339761324771835,1.0
fisher_kpp,pod_tv_diff,32,0.5,3,u^2,0,-0.0910397830935252,-1.0
fisher_kpp,pod_tv_diff,32,0.5,3,u_x,0,0.0,0.0
fisher_kpp,pod_tv_diff,32,0.5,3,u*u_x,0,0.0,0.0
fisher_kpp,pod_tv_diff,32,0.5,3,u^2*u_x,0,0.0,0.0
fisher_kpp,pod_tv_diff,32,0.5,3,u_xx,0,0.0,0.03
fisher_kpp,pod_tv_diff,32,0.5,3,u*u_xx,0,0.0,0.0
fisher_kpp,baseline,32,0.5,4,1,0,0.0,0.0
fisher_kpp,baseline,32,0.5,4,u,0,0.8709944150104332,1.0
fisher_kpp,baseline,32,0.5,4,u^2,0,-0.7467301107763625,-1.0
fisher_kpp,baseline,32,0.5,4,u_x,0,0.0,0.0
fisher_kpp,baseline,32,0.5,4,u*u_x,0,0.0,0.0
fisher_kpp,baseline,32,0.5,4,u^2*u_x,0,0.0,0.0
fisher_kpp,baseline,32,0.5,4,u_xx,0,0.0,0.03
fisher_kpp,baseline,32,0.5,4,u*u_xx,0,0.0,0.0
fisher_kpp,pod_edmd_rbf,32,0.5,4,1,0,0.0,0.0
fisher_kpp,pod_edmd_rbf,32,0.5,4,u,0,0.0,1.0
fisher_kpp,pod_edmd_rbf,32,0.5,4,u^2,0,0.6384390873182554,-1.0
fisher_kpp,pod_edmd_rbf,32,0.5,4,u_x,0,0.0,0.0
fisher_kpp,pod_edmd_rbf,32,0.5,4,u*u_x,0,0.0,0.0
fisher_kpp,pod_edmd_rbf,32,0.5,4,u^2*u_x,0,0.0,0.0
fisher_kpp,pod_edmd_rbf,32,0.5,4,u_xx,0,0.0,0.03
fisher_kpp,pod_edmd_rbf,32,0.5,4,u*u_xx,0,0.0,0.0
fisher_kpp,tv_diff,32,0.5,4,1,0,0.16553235101570293,0.0
fisher_kpp,tv_diff,32,0.5,4,u,0,0.19449467313566948,1.0
fisher_kpp,tv_diff,32,0.5,4,u^2,0,-0.1394294532518653,-1.0
fisher_kpp,tv_diff,32,0.5,4,u_x,0,0.0029399100002066108,0.0
fisher_kpp,tv_diff,32,0.5,4,u*u_x,0,0.028617423780209504,0.0
fisher_kpp,tv_diff,32,0.5,4,u^2*u_x,0,-0.042791069711783244,0.0
fisher_kpp,tv_diff,32,0.5,4,u_xx,0,0.0020937425945729508,0.03
fisher_kpp,tv_diff,32,0.5,4,u*u_xx,0,-0.004713100382461951,0.0
fisher_kpp,pod_tv_diff,32,0.5,4,1,0,0.16603502372773132,0.0
fisher_kpp,pod_tv_diff,32,0.5,4,u,0,0.19159285182658078,1.0
fisher_kpp,pod_tv_diff,32,0.5,4,u^2,0,-0.13614939306776508,-1.0
fisher_kpp,pod_tv_diff,32,0.5,4,u_x,0,0.0034769830465962116,0.0
fisher_kpp,pod_tv_diff,32,0.5,4,u*u_x,0,0.02938245828496612,0.0
fisher_kpp,pod_tv_diff,32,0.5,4,u^2*u_x,0,-0.04408213343734399,0.0
fisher_kpp,pod_tv_diff,32,0.5,4,u_xx,0,0.0020546311330892036,0.03
fisher_kpp,pod_tv_diff,32,0.5,4,u*u_xx,0,-0.004651911318830152,0.0
advection_diffusion,baseline,4,0.05,0,1,0,0.0,0.0
advection_diffusion,baseline,4,0.05,0,u,0,0.0,0.0
advection_diffusion,baseline,4,0.05,0,u^2,0,0.0,0.0
advection_diffusion,baseline,4,0.05,0,u_x,0,-0.7921670295327462,-1.0
advection_diffusion,baseline,4,0.05,0,u*u_x,0,0.0,0.0
advection_diffusion,baseline,4,0.05,0,u^2*u_x,0,0.0,0.0
advection_diffusion,baseline,4,0.05,0,u_xx,0,0.0,0.02
advection_diffusion,baseline,4,0.05,0,u*u_xx,0,0.0,0.0
advection_diffusion,pod_edmd_rbf,4,0.05,0,1,0,0.0,0.0
advection_diffusion,pod_edmd_rbf,4,0.05,0,u,0,0.0,0.0
advection_diffusion,pod_edmd_rbf,4,0.05,0,u^2,0,0.0,0.0
advection_diffusion,pod_edmd_rbf,4,0.05,0,u_x,0,-0.9750320300348054,-1.0
advection_diffusion,pod_edmd_rbf,4,0.05,0,u*u_x,0,0.0,0.0
advection_diffusion,pod_edmd_rbf,4,0.05,0,u^2*u_x,0,0.0,0.0
advection_diffusion,pod_edmd_rbf,4,0.05,0,u_xx,0,0.0,0.02
advection_diffusion,pod_edmd_rbf,4,0.05,0,u*u_xx,0,0.0,0.0
advection_diffusion,tv_diff,4,0.05,0,1,0,0.0,0.0
advection_diffusion,tv_diff,4,0.05,0,u,0,0.0,0.0
advection_diffusion,tv_diff,4,0.05,0,u^2,0,0.0,0.0
advection_diffusion,tv_diff,4,0.05,0,u_x,0,-0.9531069169714992,-1.0
advection_diffusion,tv_diff,4,0.05,0,u*u_x,0,0.0,0.0
advection_diffusion,tv_diff,4,0.05,0,u^2*u_x,0,0.0,0.0
advection_diffusion,tv_diff,4,0.05,0,u_xx,0,0.0,0.02
advection_diffusion,tv_diff,4,0.05,0,u*u_xx,0,0.0,0.0
advection_diffusion,pod_tv_diff,4,0.05,0,1,0,0.0,0.0
advection_diffusion,pod_tv_diff,4,0.05,0,u,0,0.0,0.0
advection_diffusion,pod_tv_diff,4,0.05,0,u^2,0,0.0,0.0
advection_diffusion,pod_tv_diff,4,0.05,0,u_x,0,-0.9757283697787963,-1.0
advection_diffusion,pod_tv_diff,4,0.05,0,u*u_x,0,0.0,0.0
advection_diffusion,pod_tv_diff,4,0.05,0,u^2*u_x,0,0.0,0.0
advection_diffusion,pod_tv_diff,4,0.05,0,u_xx,0,0.0,0.02
advection_diffusion,pod_tv_diff,4,0.05,0,u*u_xx,0,0.0,0.0
advection_diffusion,baseline,4,0.05,2,1,0,0.0,0.0
advection_diffusion,baseline,4,0.05,2,u,0,0.0,0.0
advection_diffusion,baseline,4,0.05,2,u^2,0,0.0,0.0
advection_diffusion,baseline,4,0.05,2,u_x,0,-0.7779800387713026,-1.0
advection_diffusion,baseline,4,0.05,2,u*u_x,0,0.0,0.0
advection_diffusion,baseline,4,0.05,2,u^2*u_x,0,0.0,0.0
advection_diffusion,baseline,4,0.05,2,u_xx,0,0.0,0.02
advection_diffusion,baseline,4,0.05,2,u*u_xx,0,0.0,0.0
advection_diffusion,pod_edmd_rbf,4,0.05,2,1,0,0.0,0.0
advection_diffusion,pod_edmd_rbf,4,0.05,2,u,0,0.0,0.0
advection_diffusion,pod_edmd_rbf,4,0.05,2,u^2,0,0.0,0.0
advection_diffusion,pod_edmd_rbf,4,0.05,2,u_x,0,-0.9616963028844763,-1.0
advection_diffusion,pod_edmd_rbf,4,0.05,2,u*u_x,0,0.0,0.0
advection_diffusion,pod_edmd_rbf,4,0.05,2,u^2*u_x,0,0.0,0.0
advection_diffusion,pod_edmd_rbf,4,0.05,2,u_xx,0,0.0,0.02
advection_diffusion,pod_edmd_rbf,4,0.05,2,u*u_xx,0,0.0,0.0
advection_diffusion,tv_diff,4,0.05,2,1,0,0.0,0.0
advection_diffusion,tv_diff,4,0.05,2,u,0,0.0,0.0
advection_diffusion,tv_diff,4,0.05,2,u^2,0,0.0,0.0
advection_diffusion,tv_diff,4,0.05,2,u_x,0,-0.948754736492851,-1.0
advection_diffusion,tv_diff,4,0.05,2,u*u_x,0,0.0,0.0
advection_diffusion,tv_diff,4,0.05,2,u^2*u_x,0,0.0,0.0
advection_diffusion,tv_diff,4,0.05,2,u_xx,0,0.0,0.02
advection_diffusion,tv_diff,4,0.05,2,u*u_xx,0,0.0,0.0
advection_diffusion,pod_tv_diff,4,0.05,2,1,0,0.0,0.0
advection_diffusion,pod_tv_diff,4,0.05,2,u,0,0.0,0.0
advection_diffusion,pod_tv_diff,4,0.05,2,u^2,0,0.0,0.0
advection_diffusion,pod_tv_diff,4,0.05,2,u_x,0,-0.9679999818455833,-1.0
advection_diffusion,pod_tv_diff,4,0.05,2,u*u_x,0,0.0,0.0
advection_diffusion,pod_tv_diff,4,0.05,2,u^2*u_x,0,0.0,0.0
advection_diffusion,pod_tv_diff,4,0.05,2,u_xx,0,0.0,0.02
advection_diffusion,pod_tv_diff,4,0.05,2,u*u_xx,0,0.0,0.0
advection_diffusion,baseline,4,0.05,1,1,0,0.0,0.0
advection_diffusion,baseline,4,0.05,1,u,0,0.0,0.0
advection_diffusion,baseline,4,0.05,1,u^2,0,0.0,0.0
advection_diffusion,baseline,4,0.05,1,u_x,0,-0.7751375530689535,-1.0
advection_diffusion,baseline,4,0.05,1,u*u_x,0,0.0,0.0
advection_diffusion,baseline,4,0.05,1,u^2*u_x,0,0.0,0.0
advection_diffusion,baseline,4,0.05,1,u_xx,0,0.0,0.02
advection_diffusion,baseline,4,0.05,1,u*u_xx,0,0.0,0.0
advection_diffusion,pod_edmd_rbf,4,0.05,1,1,0,0.0,0.0
advection_diffusion,pod_edmd_rbf,4,0.05,1,u,0,0.0,0.0
advection_diffusion,pod_edmd_rbf,4,0.05,1,u^2,0,0.0,0.0
advection_diffusion,pod_edmd_rbf,4,0.05,1,u_x,0,-0.9658393654316032,-1.0
advection_diffusion,pod_edmd_rbf,4,0.05,1,u*u_x,0,0.0,0.0
advection_diffusion,pod_edmd_rbf,4,0.05,1,u^2*u_x,0,0.0,0.0
advection_diffusion,pod_edmd_rbf,4,0.05,1,u_xx,0,0.0,0.02
advection_diffusion,pod_edmd_rbf,4,0.05,1,u*u_xx,0,0.0,0.0
advection_diffusion,tv_diff,4,0.05,1,1,0,0.0,0.0
advection_diffusion,tv_diff,4,0.05,1,u,0,0.0,0.0
advection_diffusion,tv_diff,4,0.05,1,u^2,0,0.0,0.0
advection_diffusion,tv_diff,4,0.05,1,u_x,0,-0.9488177711926791,-1.0
advection_diffusion,tv_diff,4,0.05,1,u*u_x,0,0.0,0.0
advection_diffusion,tv_diff,4,0.05,1,u^2*u_x,0,0.0,0.0
advection_diffusion,tv_diff,4,0.05,1,u_xx,0,0.0,0.02
advection_diffusion,tv_diff,4,0.05,1,u*u_xx,0,0.0,0.0
advection_diffusion,pod_tv_diff,4,0.05,1,1,0,0.0,0.0
advection_diffusion,pod_tv_diff,4,0.05,1,u,0,0.0,0.0
advection_diffusion,pod_tv_diff,4,0.05,1,u^2,0,0.0,0.0
advection_diffusion,pod_tv_diff,4,0.05,1,u_x,0,-0.9698417883798677,-1.0
advection_diffusion,pod_tv_diff,4,0.05,1,u*u_x,0,0.0,0.0
advection_diffusion,pod_tv_diff,4,0.05,1,u^2*u_x,0,0.0,0.0
advection_diffusion,pod_tv_diff,4,0.05,1,u_xx,0,0.0,0.02
advection_diffusion,pod_tv_diff,4,0.05,1,u*u_xx,0,0.0,0.0
advection_diffusion,baseline,4,0.05,3,1,0,0.0,0.0
advection_diffusion,baseline,4,0.05,3,u,0,0.0,0.0
advection_diffusion,baseline,4,0.05,3,u^2,0,0.0,0.0
advection_diffusion,baseline,4,0.05,3,u_x,0,-0.76577820232728,-1.0
advection_diffusion,baseline,4,0.05,3,u*u_x,0,0.0,0.0
advection_diffusion,baseline,4,0.05,3,u^2*u_x,0,0.0,0.0
advection_diffusion,baseline,4,0.05,3,u_xx,0,0.0,0.02
advection_diffusion,baseline,4,0.05,3,u*u_xx,0,0.0,0.0
advection_diffusion,pod_edmd_rbf,4,0.05,3,1,0,0.0,0.0
advection_diffusion,pod_edmd_rbf,4,0.05,3,u,0,0.0,0.0
advection_diffusion,pod_edmd_rbf,4,0.05,3,u^2,0,0.0,0.0
advection_diffusion,pod_edmd_rbf,4,0.05,3,u_x,0,-0.966264446399741,-1.0
advection_diffusion,pod_edmd_rbf,4,0.05,3,u*u_x,0,0.0,0.0
advection_diffusion,pod_edmd_rbf,4,0.05,3,u^2*u_x,0,0.0,0.0
advection_diffusion,pod_edmd_rbf,4,0.05,3,u_xx,0,0.0,0.02
advection_diffusion,pod_edmd_rbf,4,0.05,3,u*u_xx,0,0.0,0.0
advection_diffusion,tv_diff,4,0.05,3,1,0,0.0,0.0
advection_diffusion,tv_diff,4,0.05,3,u,0,0.0,0.0
advection_diffusion,tv_diff,4,0.05,3,u^2,0,0.0,0.0
advection_diffusion,tv_diff,4,0.05,3,u_x,0,-0.9474861030250381,-1.0
advection_diffusion,tv_diff,4,0.05,3,u*u_x,0,0.0,0.0
advection_diffusion,tv_diff,4,0.05,3,u^2*u_x,0,0.0,0.0
advection_diffusion,tv_diff,4,0.05,3,u_xx,0,0.0,0.02
advection_diffusion,tv_diff,4,0.05,3,u*u_xx,0,0.0,0.0
advection_diffusion,pod_tv_diff,4,0.05,3,1,0,0.0,0.0
advection_diffusion,pod_tv_diff,4,0.05,3,u,0,0.0,0.0
advection_diffusion,pod_tv_diff,4,0.05,3,u^2,0,0.0,0.0
advection_diffusion,pod_tv_diff,4,0.05,3,u_x,0,-0.9669250180352501,-1.0
advection_diffusion,pod_tv_diff,4,0.05,3,u*u_x,0,0.0,0.0
advection_diffusion,pod_tv_diff,4,0.05,3,u^2*u_x,0,0.0,0.0
advection_diffusion,pod_tv_diff,4,0.05,3,u_xx,0,0.0,0.02
advection_diffusion,pod_tv_diff,4,0.05,3,u*u_xx,0,0.0,0.0
advection_diffusion,baseline,4,0.05,4,1,0,0.0,0.0
advection_diffusion,baseline,4,0.05,4,u,0,0.0,0.0
advection_diffusion,baseline,4,0.05,4,u^2,0,0.0,0.0
advection_diffusion,baseline,4,0.05,4,u_x,0,-0.7620730501442364,-1.0
advection_diffusion,baseline,4,0.05,4,u*u_x,0,0.0,0.0
advection_diffusion,baseline,4,0.05,4,u^2*u_x,0,0.0,0.0
advection_diffusion,baseline,4,0.05,4,u_xx,0,0.0,0.02
advection_diffusion,baseline,4,0.05,4,u*u_xx,0,0.0,0.0
advection_diffusion,pod_edmd_rbf,4,0.05,4,1,0,0.0,0.0
advection_diffusion,pod_edmd_rbf,4,0.05,4,u,0,0.0,0.0
advection_diffusion,pod_edmd_rbf,4,0.05,4,u^2,0,0.0,0.0
advection_diffusion,pod_edmd_rbf,4,0.05,4,u_x,0,-0.9649663174444135,-1.0
advection_diffusion,pod_edmd_rbf,4,0.05,4,u*u_x,0,0.0,0.0
advection_diffusion,pod_edmd_rbf,4,0.05,4,u^2*u_x,0,0.0,0.0
advection_diffusion,pod_edmd_rbf,4,0.05,4,u_xx,0,0.0,0.02
advection_diffusion,pod_edmd_rbf,4,0.05,4,u*u_xx,0,0.0,0.0
advection_diffusion,tv_diff,4,0.05,4,1,0,0.0,0.0
advection_diffusion,tv_diff,4,0.05,4,u,0,0.0,0.0
advection_diffusion,tv_diff,4,0.05,4,u^2,0,0.0,0.0
advection_diffusion,tv_diff,4,0.05,4,u_x,0,-0.945984817604166,-1.0
advection_diffusion,tv_diff,4,0.05,4,u*u_x,0,0.0,0.0
advection_diffusion,tv_diff,4,0.05,4,u^2*u_x,0,0.0,0.0
advection_diffusion,tv_diff,4,0.05,4,u_xx,0,0.0,0.02
advection_diffusion,tv_diff,4,0.05,4,u*u_xx,0,0.0,0.0
advection_diffusion,pod_tv_diff,4,0.05,4,1,0,0.0,0.0
advection_diffusion,pod_tv_diff,4,0.05,4,u,0,0.0,0.0
advection_diffusion,pod_tv_diff,4,0.05,4,u^2,0,0.0,0.0
advection_diffusion,pod_tv_diff,4,0.05,4,u_x,0,-0.9678223868817536,-1.0
advection_diffusion,pod_tv_diff,4,0.05,4,u*u_x,0,0.0,0.0
advection_diffusion,pod_tv_diff,4,0.05,4,u^2*u_x,0,0.0,0.0
advection_diffusion,pod_tv_diff,4,0.05,4,u_xx,0,0.0,0.02
advection_diffusion,pod_tv_diff,4,0.05,4,u*u_xx,0,0.0,0.0
advection_diffusion,baseline,4,0.1,1,1,0,0.0,0.0
advection_diffusion,baseline,4,0.1,1,u,0,0.0,0.0
advection_diffusion,baseline,4,0.1,1,u^2,0,0.0,0.0
advection_diffusion,baseline,4,0.1,1,u_x,0,-0.5996932076268091,-1.0
advection_diffusion,baseline,4,0.1,1,u*u_x,0,0.0,0.0
advection_diffusion,baseline,4,0.1,1,u^2*u_x,0,0.3071749938467988,0.0
advection_diffusion,baseline,4,0.1,1,u_xx,0,0.0,0.02
advection_diffusion,baseline,4,0.1,1,u*u_xx,0,0.0,0.0
advection_diffusion,pod_edmd_rbf,4,0.1,1,1,0,0.0,0.0
advection_diffusion,pod_edmd_rbf,4,0.1,1,u,0,0.0,0.0
advection_diffusion,pod_edmd_rbf,4,0.1,1,u^2,0,0.0,0.0
advection_diffusion,pod_edmd_rbf,4,0.1,1,u_x,0,-0.8956264896410641,-1.0
advection_diffusion,pod_edmd_rbf,4,0.1,1,u*u_x,0,0.0,0.0
advection_diffusion,pod_edmd_rbf,4,0.1,1,u^2*u_x,0,0.0,0.0
advection_diffusion,pod_edmd_rbf,4,0.1,1,u_xx,0,0.0,0.02
advection_diffusion,pod_edmd_rbf,4,0.1,1,u*u_xx,0,0.0,0.0
advection_diffusion,tv_diff,4,0.1,1,1,0,0.0,0.0
advection_diffusion,tv_diff,4,0.1,1,u,0,0.0,0.0
advection_diffusion,tv_diff,4,0.1,1,u^2,0,0.0,0.0
advection_diffusion,tv_diff,4,0.1,1,u_x,0,-0.8860366315138679,-1.0
advection_diffusion,tv_diff,4,0.1,1,u*u_x,0,0.0,0.0
advection_diffusion,tv_diff,4,0.1,1,u^2*u_x,0,0.0,0.0
advection_diffusion,tv_diff,4,0.1,1,u_xx,0,0.0,0.02
advection_diffusion,tv_diff,4,0.1,1,u*u_xx,0,0.0,0.0
advection_diffusion,pod_tv_diff,4,0.1,1,1,0,0.0,0.0
advection_diffusion,pod_tv_diff,4,0.1,1,u,0,0.0,0.0
advection_diffusion,pod_tv_diff,4,0.1,1,u^2,0,0.0,0.0
advection_diffusion,pod_tv_diff,4,0.1,1,u_x,0,-0.9077363503973647,-1.0
advection_diffusion,pod_tv_diff,4,0.1,1,u*u_x,0,0.0,0.0
advection_diffusion,pod_tv_diff,4,0.1,1,u^2*u_x,0,0.0,0.0
advection_diffusion,pod_tv_diff,4,0.1,1,u_xx,0,0.0,0.02
advection_diffusion,pod_tv_diff,4,0.1,1,u*u_xx,0,0.0,0.0
advection_diffusion,baseline,4,0.1,0,1,0,0.0,0.0
advection_diffusion,baseline,4,0.1,0,u,0,0.0,0.0
advection_diffusion,baseline,4,0.1,0,u^2,0,0.0,0.0
advection_diffusion,baseline,4,0.1,0,u_x,0,-0.444575111746099,-1.0
advection_diffusion,baseline,4,0.1,0,u*u_x,0,0.0,0.0
advection_diffusion,baseline,4,0.1,0,u^2*u_x,0,0.0,0.0
advection_diffusion,baseline,4,0.1,0,u_xx,0,0.0,0.02
advection_diffusion,baseline,4,0.1,0,u*u_xx,0,0.0,0.0
advection_diffusion,pod_edmd_rbf,4,0.1,0,1,0,0.0,0.0
advection_diffusion,pod_edmd_rbf,4,0.1,0,u,0,0.0,0.0
advection_diffusion,pod_edmd_rbf,4,0.1,0,u^2,0,0.0,0.0
advection_diffusion,pod_edmd_rbf,4,0.1,0,u_x,0,-0.9147209405849464,-1.0
advection_diffusion,pod_edmd_rbf,4,0.1,0,u*u_x,0,0.0,0.0
advection_diffusion,pod_edmd_rbf,4,0.1,0,u^2*u_x,0,0.0,0.0
advection_diffusion,pod_edmd_rbf,4,0.1,0,u_xx,0,0.0,0.02
advection_diffusion,pod_edmd_rbf,4,0.1,0,u*u_xx,0,0.0,0.0
advection_diffusion,tv_diff,4,0.1,0,1,0,0.0,0.0
advection_diffusion,tv_diff,4,0.1,0,u,0,0.0,0.0
advection_diffusion,tv_diff,4,0.1,0,u^2,0,0.0,0.0
advection_diffusion,tv_diff,4,0.1,0,u_x,0,-0.8944321517115971,-1.0
advection_diffusion,tv_diff,4,0.1,0,u*u_x,0,0.0,0.0
advection_diffusion,tv_diff,4,0.1,0,u^2*u_x,0,0.0,0.0
advection_diffusion,tv_diff,4,0.1,0,u_xx,0,0.0,0.02
advection_diffusion,tv_diff,4,0.1,0,u*u_xx,0,0.0,0.0
advection_diffusion,pod_tv_diff,4,0.1,0,1,0,0.0,0.0
advection_diffusion,pod_tv_diff,4,0.1,0,u,0,0.0,0.0
advection_diffusion,pod_tv_diff,4,0.1,0,u^2,0,0.0,0.0
advection_diffusion,pod_tv_diff,4,0.1,0,u_x,0,-0.9114401732156201,-1.0
advection_diffusion,pod_tv_diff,4,0.1,0,u*u_x,0,0.0,0.0
advection_diffusion,pod_tv_diff,4,0.1,0,u^2*u_x,0,0.0,0.0
advection_diffusion,pod_tv_diff,4,0.1,0,u_xx,0,0.0,0.02
advection_diffusion,pod_tv_diff,4,0.1,0,u*u_xx,0,0.0,0.0
advection_diffusion,baseline,4,0.1,2,1,0,0.0,0.0
advection_diffusion,baseline,4,0.1,2,u,0,0.0,0.0
advection_diffusion,baseline,4,0.1,2,u^2,0,0.0,0.0
advection_diffusion,baseline,4,0.1,2,u_x,0,-0.4456523578326869,-1.0
advection_diffusion,baseline,4,0.1,2,u*u_x,0,0.0,0.0
advection_diffusion,baseline,4,0.1,2,u^2*u_x,0,0.0,0.0
advection_diffusion,baseline,4,0.1,2,u_xx,0,0.0,0.02
advection_diffusion,baseline,4,0.1,2,u*u_xx,0,0.0,0.0
advection_diffusion,pod_edmd_rbf,4,0.1,2,1,0,0.0,0.0
advection_diffusion,pod_edmd_rbf,4,0.1,2,u,0,0.0,0.0
advection_diffusion,pod_edmd_rbf,4,0.1,2,u^2,0,0.0,0.0
advection_diffusion,pod_edmd_rbf,4,0.1,2,u_x,0,-0.8875540907597778,-1.0
advection_diffusion,pod_edmd_rbf,4,0.1,2,u*u_x,0,0.0,0.0
advection_diffusion,pod_edmd_rbf,4,0.1,2,u^2*u_x,0,0.0,0.0
advection_diffusion,pod_edmd_rbf,4,0.1,2,u_xx,0,0.0,0.02
advection_diffusion,pod_edmd_rbf,4,0.1,2,u*u_xx,0,0.0,0.0
advection_diffusion,tv_diff,4,0.1,2,1,0,0.0,0.0
advection_diffusion,tv_diff,4,0.1,2,u,0,0.0,0.0
advection_diffusion,tv_diff,4,0.1,2,u^2,0,0.0,0.0
advection_diffusion,tv_diff,4,0.1,2,u_x,0,-0.8694347449198214,-1.0
advection_diffusion,tv_diff,4,0.1,2,u*u_x,0,0.0,0.0
advection_diffusion,tv_diff,4,0.1,2,u^2*u_x,0,0.0,0.0
advection_diffusion,tv_diff,4,0.1,2,u_xx,0,0.0,0.02
advection_diffusion,tv_diff,4,0.1,2,u*u_xx,0,0.0,0.0
advection_diffusion,pod_tv_diff,4,0.1,2,1,0,0.0,0.0
advection_diffusion,pod_tv_diff,4,0.1,2,u,0,0.0,0.0
advection_diffusion,pod_tv_diff,4,0.1,2,u^2,0,0.0,0.0
advection_diffusion,pod_tv_diff,4,0.1,2,u_x,0,-0.8902729408805538,-1.0
advection_diffusion,pod_tv_diff,4,0.1,2,u*u_x,0,0.0,0.0
advection_diffusion,pod_tv_diff,4,0.1,2,u^2*u_x,0,0.0,0.0
advection_diffusion,pod_tv_diff,4,0.1,2,u_xx,0,0.0,0.02
advection_diffusion,pod_tv_diff,4,0.1,2,u*u_xx,0,0.0,0.0
advection_diffusion,baseline,4,0.1,3,1,0,0.0,0.0
advection_diffusion,baseline,4,0.1,3,u,0,0.0,0.0
advection_diffusion,baseline,4,0.1,3,u^2,0,0.0,0.0
advection_diffusion,baseline,4,0.1,3,u_x,0,-0.6273743027237227,-1.0
advection_diffusion,baseline,4,0.1,3,u*u_x,0,0.0,0.0
advection_diffusion,baseline,4,0.1,3,u^2*u_x,0,0.3483333432567428,0.0
advection_diffusion,baseline,4,0.1,3,u_xx,0,0.0,0.02
advection_diffusion,baseline,4,0.1,3,u*u_xx,0,0.0,0.0
advection_diffusion,pod_edmd_rbf,4,0.1,3,1,0,0.0,0.0
advection_diffusion,pod_edmd_rbf,4,0.1,3,u,0,0.0,0.0
advection_diffusion,pod_edmd_rbf,4,0.1,3,u^2,0,0.0,0.0
advection_diffusion,pod_edmd_rbf,4,0.1,3,u_x,0,-0.881132742937652,-1.0
advection_diffusion,pod_edmd_rbf,4,0.1,3,u*u_x,0,0.0,0.0
advection_diffusion,pod_edmd_rbf,4,0.1,3,u^2*u_x,0,0.0,0.0
advection_diffusion,pod_edmd_rbf,4,0.1,3,u_xx,0,0.0,0.02
advection_diffusion,pod_edmd_rbf,4,0.1,3,u*u_xx,0,0.0,0.0
advection_diffusion,tv_diff,4,0.1,3,1,0,0.0,0.0
advection_diffusion,tv_diff,4,0.1,3,u,0,0.0,0.0
advection_diffusion,tv_diff,4,0.1,3,u^2,0,0.0,0.0
advection_diffusion,tv_diff,4,0.1,3,u_x,0,-0.8738051202664755,-1.0
advection_diffusion,tv_diff,4,0.1,3,u*u_x,0,0.0,0.0
advection_diffusion,tv_diff,4,0.1,3,u^2*u_x,0,0.0,0.0
advection_diffusion,tv_diff,4,0.1,3,u_xx,0,0.0,0.02
advection_diffusion,tv_diff,4,0.1,3,u*u_xx,0,0.0,0.0
advection_diffusion,pod_tv_diff,4,0.1,3,1,0,0.0,0.0
advection_diffusion,pod_tv_diff,4,0.1,3,u,0,0.0,0.0
advection_diffusion,pod_tv_diff,4,0.1,3,u^2,0,0.0,0.0
advection_diffusion,pod_tv_diff,4,0.1,3,u_x,0,-0.8931172807278546,-1.0
advection_diffusion,pod_tv_diff,4,0.1,3,u*u_x,0,0.0,0.0
advection_diffusion,pod_tv_diff,4,0.1,3,u^2*u_x,0,0.0,0.0
advection_diffusion,pod_tv_diff,4,0.1,3,u_xx,0,0.0,0.02
advection_diffusion,pod_tv_diff,4,0.1,3,u*u_xx,0,0.0,0.0
advection_diffusion,baseline,4,0.1,4,1,0,0.0,0.0
advection_diffusion,baseline,4,0.1,4,u,0,0.0,0.0
advection_diffusion,baseline,4,0.1,4,u^2,0,0.0,0.0
advection_diffusion,baseline,4,0.1,4,u_x,0,-0.5865850716146905,-1.0
advection_diffusion,baseline,4,0.1,4,u*u_x,0,0.0,0.0
advection_diffusion,baseline,4,0.1,4,u^2*u_x,0,0.3338328766975869,0.0
advection_diffusion,baseline,4,0.1,4,u_xx,0,0.0,0.02
advection_diffusion,baseline,4,0.1,4,u*u_xx,0,0.0,0.0
advection_diffusion,pod_edmd_rbf,4,0.1,4,1,0,0.0,0.0
advection_diffusion,pod_edmd_rbf,4,0.1,4,u,0,0.0,0.0
advection_diffusion,pod_edmd_rbf,4,0.1,4,u^2,0,0.0,0.0
advection_diffusion,pod_edmd_rbf,4,0.1,4,u_x,0,-0.8777906924267664,-1.0
advection_diffusion,pod_edmd_rbf,4,0.1,4,u*u_x,0,0.0,0.0
advection_diffusion,pod_edmd_rbf,4,0.1,4,u^2*u_x,0,0.0,0.0
advection_diffusion,pod_edmd_rbf,4,0.1,4,u_xx,0,0.0,0.02
advection_diffusion,pod_edmd_rbf,4,0.1,4,u*u_xx,0,0.0,0.0
advection_diffusion,tv_diff,4,0.1,4,1,0,0.0,0.0
advection_diffusion,tv_diff,4,0.1,4,u,0,0.0,0.0
advection_diffusion,tv_diff,4,0.1,4,u^2,0,0.0,0.0
advection_diffusion,tv_diff,4,0.1,4,u_x,0,-0.8759526527647287,-1.0
advection_diffusion,tv_diff,4,0.1,4,u*u_x,0,0.0,0.0
advection_diffusion,tv_diff,4,0.1,4,u^2*u_x,0,0.0,0.0
advection_diffusion,tv_diff,4,0.1,4,u_xx,0,0.0,0.02
advection_diffusion,tv_diff,4,0.1,4,u*u_xx,0,0.0,0.0
advection_diffusion,pod_tv_diff,4,0.1,4,1,0,0.0,0.0
advection_diffusion,pod_tv_diff,4,0.1,4,u,0,0.0,0.0
advection_diffusion,pod_tv_diff,4,0.1,4,u^2,0,0.0,0.0
advection_diffusion,pod_tv_diff,4,0.1,4,u_x,0,-0.8945169064474202,-1.0
advection_diffusion,pod_tv_diff,4,0.1,4,u*u_x,0,0.0,0.0
advection_diffusion,pod_tv_diff,4,0.1,4,u^2*u_x,0,0.0,0.0
advection_diffusion,pod_tv_diff,4,0.1,4,u_xx,0,0.0,0.02
advection_diffusion,pod_tv_diff,4,0.1,4,u*u_xx,0,0.0,0.0
advection_diffusion,baseline,4,0.2,0,1,0,0.0,0.0
advection_diffusion,baseline,4,0.2,0,u,0,0.0,0.0
advection_diffusion,baseline,4,0.2,0,u^2,0,0.0,0.0
advection_diffusion,baseline,4,0.2,0,u_x,0,-0.3007497538308547,-1.0
advection_diffusion,baseline,4,0.2,0,u*u_x,0,0.0,0.0
advection_diffusion,baseline,4,0.2,0,u^2*u_x,0,0.15286571258993306,0.0
advection_diffusion,baseline,4,0.2,0,u_xx,0,0.0,0.02
advection_diffusion,baseline,4,0.2,0,u*u_xx,0,0.0,0.0
advection_diffusion,pod_edmd_rbf,4,0.2,0,1,0,0.0,0.0
advection_diffusion,pod_edmd_rbf,4,0.2,0,u,0,0.0,0.0
advection_diffusion,pod_edmd_rbf,4,0.2,0,u^2,0,0.0,0.0
advection_diffusion,pod_edmd_rbf,4,0.2,0,u_x,0,-0.6931542630053631,-1.0
advection_diffusion,pod_edmd_rbf,4,0.2,0,u*u_x,0,0.3399177183422655,0.0
advection_diffusion,pod_edmd_rbf,4,0.2,0,u^2*u_x,0,0.5435748962792631,0.0
advection_diffusion,pod_edmd_rbf,4,0.2,0,u_xx,0,0.0,0.02
advection_diffusion,pod_edmd_rbf,4,0.2,0,u*u_xx,0,0.0,0.0
advection_diffusion,tv_diff,4,0.2,0,1,0,0.0,0.0
advection_diffusion,tv_diff,4,0.2,0,u,0,0.0,0.0
advection_diffusion,tv_diff,4,0.2,0,u^2,0,0.0,0.0
advection_diffusion,tv_diff,4,0.2,0,u_x,0,-0.9008766962814898,-1.0
advection_diffusion,tv_diff,4,0.2,0,u*u_x,0,0.31234992159900754,0.0
advection_diffusion,tv_diff,4,0.2,0,u^2*u_x,0,0.5870386763177508,0.0
advection_diffusion,tv_diff,4,0.2,0,u_xx,0,0.0,0.02
advection_diffusion,tv_diff,4,0.2,0,u*u_xx,0,0.0,0.0
advection_diffusion,pod_tv_diff,4,0.2,0,1,0,0.0,0.0
advection_diffusion,pod_tv_diff,4,0.2,0,u,0,0.0,0.0
advection_diffusion,pod_tv_diff,4,0.2,0,u^2,0,0.0,0.0
advection_diffusion,pod_tv_diff,4,0.2,0,u_x,0,-0.7455091667463706,-1.0
advection_diffusion,pod_tv_diff,4,0.2,0,u*u_x,0,0.0,0.0
advection_diffusion,pod_tv_diff,4,0.2,0,u^2*u_x,0,0.0,0.0
advection_diffusion,pod_tv_diff,4,0.2,0,u_xx,0,0.0,0.02
advection_diffusion,pod_tv_diff,4,0.2,0,u*u_xx,0,0.0,0.0
advection_diffusion,baseline,4,0.2,1,1,0,0.0,0.0
advection_diffusion,baseline,4,0.2,1,u,0,0.0,0.0
advection_diffusion,baseline,4,0.2,1,u^2,0,0.0,0.0
advection_diffusion,baseline,4,0.2,1,u_x,0,-0.2838082637347745,-1.0
advection_diffusion,baseline,4,0.2,1,u*u_x,0,0.12373137541876897,0.0
advection_diffusion,baseline,4,0.2,1,u^2*u_x,0,0.16212529607399928,0.0
advection_diffusion,baseline,4,0.2,1,u_xx,0,0.0,0.02
advection_diffusion,baseline,4,0.2,1,u*u_xx,0,0.0,0.0
advection_diffusion,pod_edmd_rbf,4,0.2,1,1,0,0.0,0.0
advection_diffusion,pod_edmd_rbf,4,0.2,1,u,0,0.0,0.0
advection_diffusion,pod_edmd_rbf,4,0.2,1,u^2,0,0.0,0.0
advection_diffusion,pod_edmd_rbf,4,0.2,1,u_x,0,-0.6099291100481136,-1.0
advection_diffusion,pod_edmd_rbf,4,0.2,1,u*u_x,0,0.0,0.0
advection_diffusion,pod_edmd_rbf,4,0.2,1,u^2*u_x,0,0.0,0.0
advection_diffusion,pod_edmd_rbf,4,0.2,1,u_xx,0,0.0,0.02
advection_diffusion,pod_edmd_rbf,4,0.2,1,u*u_xx,0,0.0,0.0
advection_diffusion,tv_diff,4,0.2,1,1,0,0.0,0.0
advection_diffusion,tv_diff,4,0.2,1,u,0,0.0,0.0
advection_diffusion,tv_diff,4,0.2,1,u^2,0,0.0,0.0
advection_diffusion,tv_diff,4,0.2,1,u_x,0,-0.6641781256635484,-1.0
advection_diffusion,tv_diff,4,0.2,1,u*u_x,0,0.0,0.0
advection_diffusion,tv_diff,4,0.2,1,u^2*u_x,0,0.0,0.0
advection_diffusion,tv_diff,4,0.2,1,u_xx,0,0.0,0.02
advection_diffusion,tv_diff,4,0.2,1,u*u_xx,0,0.0,0.0
advection_diffusion,pod_tv_diff,4,0.2,1,1,0,0.0,0.0
advection_diffusion,pod_tv_diff,4,0.2,1,u,0,0.0,0.0
advection_diffusion,pod_tv_diff,4,0.2,1,u^2,0,0.0,0.0
advection_diffusion,pod_tv_diff,4,0.2,1,u_x,0,-0.6982206524851281,-1.0
advection_diffusion,pod_tv_diff,4,0.2,1,u*u_x,0,0.0,0.0
advection_diffusion,pod_tv_diff,4,0.2,1,u^2*u_x,0,0.0,0.0
advection_diffusion,pod_tv_diff,4,0.2,1,u_xx,0,0.0,0.02
advection_diffusion,pod_tv_diff,4,0.2,1,u*u_xx,0,0.0,0.0
advection_diffusion,baseline,4,0.2,2,1,0,0.0,0.0
advection_diffusion,baseline,4,0.2,2,u,0,0.0,0.0
advection_diffusion,baseline,4,0.2,2,u^2,0,0.0,0.0
advection_diffusion,baseline,4,0.2,2,u_x,0,-0.21104814189596122,-1.0
advection_diffusion,baseline,4,0.2,2,u*u_x,0,0.0,0.0
advection_diffusion,baseline,4,0.2,2,u^2*u_x,0,0.20366825511619582,0.0
advection_diffusion,baseline,4,0.2,2,u_xx,0,0.0,0.02
advection_diffusion,baseline,4,0.2,2,u*u_xx,0,0.0,0.0
advection_diffusion,pod_edmd_rbf,4,0.2,2,1,0,0.0,0.0
advection_diffusion,pod_edmd_rbf,4,0.2,2,u,0,0.0,0.0
advection_diffusion,pod_edmd_rbf,4,0.2,2,u^2,0,0.0,0.0
advection_diffusion,pod_edmd_rbf,4,0.2,2,u_x,0,-0.52074042023268,-1.0
advection_diffusion,pod_edmd_rbf,4,0.2,2,u*u_x,0,0.0,0.0
advection_diffusion,pod_edmd_rbf,4,0.2,2,u^2*u_x,0,0.0,0.0
advection_diffusion,pod_edmd_rbf,4,0.2,2,u_xx,0,0.0,0.02
advection_diffusion,pod_edmd_rbf,4,0.2,2,u*u_xx,0,0.0,0.0
advection_diffusion,tv_diff,4,0.2,2,1,0,0.0,0.0
advection_diffusion,tv_diff,4,0.2,2,u,0,0.0,0.0
advection_diffusion,tv_diff,4,0.2,2,u^2,0,0.0,0.0
advection_diffusion,tv_diff,4,0.2,2,u_x,0,-0.795265204939557,-1.0
advection_diffusion,tv_diff,4,0.2,2,u*u_x,0,0.0,0.0
advection_diffusion,tv_diff,4,0.2,2,u^2*u_x,0,0.3152706489762553,0.0
advection_diffusion,tv_diff,4,0.2,2,u_xx,0,0.0,0.02
advection_diffusion,tv_diff,4,0.2,2,u*u_xx,0,0.0,0.0
advection_diffusion,pod_tv_diff,4,0.2,2,1,0,0.0,0.0
advection_diffusion,pod_tv_diff,4,0.2,2,u,0,0.0,0.0
advection_diffusion,pod_tv_diff,4,0.2,2,u^2,0,0.0,0.0
advection_diffusion,pod_tv_diff,4,0.2,2,u_x,0,-0.7028555990303276,-1.0
advection_diffusion,pod_tv_diff,4,0.2,2,u*u_x,0,0.0,0.0
advection_diffusion,pod_tv_diff,4,0.2,2,u^2*u_x,0,0.0,0.0
advection_diffusion,pod_tv_diff,4,0.2,2,u_xx,0,0.0,0.02
advection_diffusion,pod_tv_diff,4,0.2,2,u*u_xx,0,0.0,0.0
advection_diffusion,baseline,4,0.2,3,1,0,-0.005884237876370424,0.0
advection_diffusion,baseline,4,0.2,3,u,0,-0.03989219103622159,0.0
advection_diffusion,baseline,4,0.2,3,u^2,0,-0.01479073092485804,0.0
advection_diffusion,baseline,4,0.2,3,u_x,0,-0.3470439795772203,-1.0
advection_diffusion,baseline,4,0.2,3,u*u_x,0,0.17868910364815307,0.0
advection_diffusion,baseline,4,0.2,3,u^2*u_x,0,0.20881020357961766,0.0
advection_diffusion,baseline,4,0.2,3,u_xx,0,0.0003366165701959372,0.02
advection_diffusion,baseline,4,0.2,3,u*u_xx,0,0.0,0.0
advection_diffusion,pod_edmd_rbf,4,0.2,3,1,0,0.0,0.0
advection_diffusion,pod_edmd_rbf,4,0.2,3,u,0,0.0,0.0
advection_diffusion,pod_edmd_rbf,4,0.2,3,u^2,0,0.0,0.0
advection_diffusion,pod_edmd_rbf,4,0.2,3,u_x,0,-0.5265289030300588,-1.0
advection_diffusion,pod_edmd_rbf,4,0.2,3,u*u_x,0,0.0,0.0
advection_diffusion,pod_edmd_rbf,4,0.2,3,u^2*u_x,0,0.0,0.0
advection_diffusion,pod_edmd_rbf,4,0.2,3,u_xx,0,0.0,0.02
advection_diffusion,pod_edmd_rbf,4,0.2,3,u*u_xx,0,0.0,0.0
advection_diffusion,tv_diff,4,0.2,3,1,0,0.0,0.0
advection_diffusion,tv_diff,4,0.2,3,u,0,0.0,0.0
advection_diffusion,tv_diff,4,0.2,3,u^2,0,0.0,0.0
advection_diffusion,tv_diff,4,0.2,3,u_x,0,-0.6581223387200442,-1.0
advection_diffusion,tv_diff,4,0.2,3,u*u_x,0,0.0,0.0
advection_diffusion,tv_diff,4,0.2,3,u^2*u_x,0,0.0,0.0
advection_diffusion,tv_diff,4,0.2,3,u_xx,0,0.0,0.02
advection_diffusion,tv_diff,4,0.2,3,u*u_xx,0,0.0,0.0
advection_diffusion,pod_tv_diff,4,0.2,3,1,0,0.0,0.0
advection_diffusion,pod_tv_diff,4,0.2,3,u,0,0.0,0.0
advection_diffusion,pod_tv_diff,4,0.2,3,u^2,0,0.0,0.0
advection_diffusion,pod_tv_diff,4,0.2,3,u_x,0,-0.6924952587934403,-1.0
advection_diffusion,pod_tv_diff,4,0.2,3,u*u_x,0,0.0,0.0
advection_diffusion,pod_tv_diff,4,0.2,3,u^2*u_x,0,0.0,0.0
advection_diffusion,pod_tv_diff,4,0.2,3,u_xx,0,0.0,0.02
advection_diffusion,pod_tv_diff,4,0.2,3,u*u_xx,0,0.0,0.0
advection_diffusion,baseline,4,0.5,0,1,0,0.033680654554915056,0.0
advection_diffusion,baseline,4,0.5,0,u,0,-0.04781850872694947,0.0
advection_diffusion,baseline,4,0.5,0,u^2,0,0.007286899964286449,0.0
advection_diffusion,baseline,4,0.5,0,u_x,0,-0.004039934267357071,-1.0
advection_diffusion,baseline,4,0.5,0,u*u_x,0,-0.0140159853860376,0.0
advection_diffusion,baseline,4,0.5,0,u^2*u_x,0,-0.01337194961954454,0.0
advection_diffusion,baseline,4,0.5,0,u_xx,0,8.300147200760504e-06,0.02
advection_diffusion,baseline,4,0.5,0,u*u_xx,0,0.0018691079558459786,0.0
advection_diffusion,pod_edmd_rbf,4,0.5,0,1,0,0.0,0.0
advection_diffusion,pod_edmd_rbf,4,0.5,0,u,0,0.0,0.0
advection_diffusion,pod_edmd_rbf,4,0.5,0,u^2,0,0.0,0.0
advection_diffusion,pod_edmd_rbf,4,0.5,0,u_x,0,-0.219847403575627,-1.0
advection_diffusion,pod_edmd_rbf,4,0.5,0,u*u_x,0,0.13470876700690212,0.0
advection_diffusion,pod_edmd_rbf,4,0.5,0,u^2*u_x,0,0.16176994804207614,0.0
advection_diffusion,pod_edmd_rbf,4,0.5,0,u_xx,0,0.0,0.02
advection_diffusion,pod_edmd_rbf,4,0.5,0,u*u_xx,0,0.0,0.0
advection_diffusion,tv_diff,4,0.5,0,1,0,0.0,0.0
advection_diffusion,tv_diff,4,0.5,0,u,0,0.0,0.0
advection_diffusion,tv_diff,4,0.5,0,u^2,0,0.0,0.0
advection_diffusion,tv_diff,4,0.5,0,u_x,0,-0.5278686747207817,-1.0
advection_diffusion,tv_diff,4,0.5,0,u*u_x,0,0.22824982681688127,0.0
advection_diffusion,tv_diff,4,0.5,0,u^2*u_x,0,0.4648926951584573,0.0
advection_diffusion,tv_diff,4,0.5,0,u_xx,0,0.0,0.02
advection_diffusion,tv_diff,4,0.5,0,u*u_xx,0,0.0,0.0
advection_diffusion,pod_tv_diff,4,0.5,0,1,0,0.0,0.0
advection_diffusion,pod_tv_diff,4,0.5,0,u,0,0.0,0.0
advection_diffusion,pod_tv_diff,4,0.5,0,u^2,0,0.0,0.0
advection_diffusion,pod_tv_diff,4,0.5,0,u_x,0,-0.31606511096387774,-1.0
advection_diffusion,pod_tv_diff,4,0.5,0,u*u_x,0,0.0,0.0
advection_diffusion,pod_tv_diff,4,0.5,0,u^2*u_x,0,0.0,0.0
advection_diffusion,pod_tv_diff,4,0.5,0,u_xx,0,0.0,0.02
advection_diffusion,pod_tv_diff,4,0.5,0,u*u_xx,0,0.0,0.0
advection_diffusion,baseline,4,0.2,4,1,0,0.0,0.0
advection_diffusion,baseline,4,0.2,4,u,0,0.0,0.0
advection_diffusion,baseline,4,0.2,4,u^2,0,0.0,0.0
advection_diffusion,baseline,4,0.2,4,u_x,0,-0.2808493249764295,-1.0
advection_diffusion,baseline,4,0.2,4,u*u_x,0,0.1522506505234555,0.0
advection_diffusion,baseline,4,0.2,4,u^2*u_x,0,0.17891908964050643,0.0
advection_diffusion,baseline,4,0.2,4,u_xx,0,0.0,0.02
advection_diffusion,baseline,4,0.2,4,u*u_xx,0,0.0,0.0
advection_diffusion,pod_edmd_rbf,4,0.2,4,1,0,0.0,0.0
advection_diffusion,pod_edmd_rbf,4,0.2,4,u,0,0.0,0.0
advection_diffusion,pod_edmd_rbf,4,0.2,4,u^2,0,0.0,0.0
advection_diffusion,pod_edmd_rbf,4,0.2,4,u_x,0,-0.6826242837073399,-1.0
advection_diffusion,pod_edmd_rbf,4,0.2,4,u*u_x,0,0.0,0.0
advection_diffusion,pod_edmd_rbf,4,0.2,4,u^2*u_x,0,0.0,0.0
advection_diffusion,pod_edmd_rbf,4,0.2,4,u_xx,0,0.0,0.02
advection_diffusion,pod_edmd_rbf,4,0.2,4,u*u_xx,0,0.0,0.0
advection_diffusion,tv_diff,4,0.2,4,1,0,0.0,0.0
advection_diffusion,tv_diff,4,0.2,4,u,0,0.0,0.0
advection_diffusion,tv_diff,4,0.2,4,u^2,0,0.0,0.0
advection_diffusion,tv_diff,4,0.2,4,u_x,0,-0.8450314809131328,-1.0
advection_diffusion,tv_diff,4,0.2,4,u*u_x,0,0.0,0.0
advection_diffusion,tv_diff,4,0.2,4,u^2*u_x,0,0.31095470034495787,0.0
advection_diffusion,tv_diff,4,0.2,4,u_xx,0,0.0,0.02
advection_diffusion,tv_diff,4,0.2,4,u*u_xx,0,0.0,0.0
advection_diffusion,pod_tv_diff,4,0.2,4,1,0,0.0,0.0
advection_diffusion,pod_tv_diff,4,0.2,4,u,0,0.0,0.0
advection_diffusion,pod_tv_diff,4,0.2,4,u^2,0,0.0,0.0
advection_diffusion,pod_tv_diff,4,0.2,4,u_x,0,-0.7599800155115416,-1.0
advection_diffusion,pod_tv_diff,4,0.2,4,u*u_x,0,0.0,0.0
advection_diffusion,pod_tv_diff,4,0.2,4,u^2*u_x,0,0.0,0.0
advection_diffusion,pod_tv_diff,4,0.2,4,u_xx,0,0.0,0.02
advection_diffusion,pod_tv_diff,4,0.2,4,u*u_xx,0,0.0,0.0
advection_diffusion,baseline,4,0.5,2,1,0,0.021518345679154446,0.0
advection_diffusion,baseline,4,0.5,2,u,0,-0.04186520554283047,0.0
advection_diffusion,baseline,4,0.5,2,u^2,0,-0.056696835553075885,0.0
advection_diffusion,baseline,4,0.5,2,u_x,0,-0.03375880923999437,-1.0
advection_diffusion,baseline,4,0.5,2,u*u_x,0,0.03756068361118759,0.0
advection_diffusion,baseline,4,0.5,2,u^2*u_x,0,0.024578771308444616,0.0
advection_diffusion,baseline,4,0.5,2,u_xx,0,-0.00040746044953151933,0.02
advection_diffusion,baseline,4,0.5,2,u*u_xx,0,-0.0014817856207930747,0.0
advection_diffusion,pod_edmd_rbf,4,0.5,2,1,0,0.0,0.0
advection_diffusion,pod_edmd_rbf,4,0.5,2,u,0,0.0,0.0
advection_diffusion,pod_edmd_rbf,4,0.5,2,u^2,0,0.0,0.0
advection_diffusion,pod_edmd_rbf,4,0.5,2,u_x,0,-0.09920600245975801,-1.0
advection_diffusion,pod_edmd_rbf,4,0.5,2,u*u_x,0,0.09787885131068196,0.0
advection_diffusion,pod_edmd_rbf,4,0.5,2,u^2*u_x,0,0.08387679283906599,0.0
advection_diffusion,pod_edmd_rbf,4,0.5,2,u_xx,0,0.0,0.02
advection_diffusion,pod_edmd_rbf,4,0.5,2,u*u_xx,0,0.0,0.0
advection_diffusion,tv_diff,4,0.5,2,1,0,0.04119676605123222,0.0
advection_diffusion,tv_diff,4,0.5,2,u,0,-0.0317546611783879,0.0
advection_diffusion,tv_diff,4,0.5,2,u^2,0,-0.029028033214499767,0.0
advection_diffusion,tv_diff,4,0.5,2,u_x,0,-0.42659776837925295,-1.0
advection_diffusion,tv_diff,4,0.5,2,u*u_x,0,0.17071161967003648,0.0
advection_diffusion,tv_diff,4,0.5,2,u^2*u_x,0,0.3047756886419837,0.0
advection_diffusion,tv_diff,4,0.5,2,u_xx,0,-0.0024626201803864085,0.02
advection_diffusion,tv_diff,4,0.5,2,u*u_xx,0,0.0,0.0
advection_diffusion,pod_tv_diff,4,0.5,2,1,0,0.0,0.0
advection_diffusion,pod_tv_diff,4,0.5,2,u,0,0.0,0.0
advection_diffusion,pod_tv_diff,4,0.5,2,u^2,0,0.0,0.0
advection_diffusion,pod_tv_diff,4,0.5,2,u_x,0,-0.3479396258166359,-1.0
advection_diffusion,pod_tv_diff,4,0.5,2,u*u_x,0,0.0,0.0
advection_diffusion,pod_tv_diff,4,0.5,2,u^2*u_x,0,0.0,0.0
advection_diffusion,pod_tv_diff,4,0.5,2,u_xx,0,0.0,0.02
advection_diffusion,pod_tv_diff,4,0.5,2,u*u_xx,0,0.0,0.0
advection_diffusion,baseline,4,0.5,1,1,0,-0.021740799350534357,0.0
advection_diffusion,baseline,4,0.5,1,u,0,-0.022665005063670567,0.0
advection_diffusion,baseline,4,0.5,1,u^2,0,-0.04099078218758993,0.0
advection_diffusion,baseline,4,0.5,1,u_x,0,-0.005985835264296044,-1.0
advection_diffusion,baseline,4,0.5,1,u*u_x,0,-0.0626626748106528,0.0
advection_diffusion,baseline,4,0.5,1,u^2*u_x,0,-0.0645850795417263,0.0
advection_diffusion,baseline,4,0.5,1,u_xx,0,-0.0003504481433889061,0.02
advection_diffusion,baseline,4,0.5,1,u*u_xx,0,-0.001781969406409867,0.0
advection_diffusion,pod_edmd_rbf,4,0.5,1,1,0,0.0025259213513761703,0.0
advection_diffusion,pod_edmd_rbf,4,0.5,1,u,0,-0.011233434624694973,0.0
advection_diffusion,pod_edmd_rbf,4,0.5,1,u^2,0,0.05320721020367055,0.0
advection_diffusion,pod_edmd_rbf,4,0.5,1,u_x,0,-0.08044686359981185,-1.0
advection_diffusion,pod_edmd_rbf,4,0.5,1,u*u_x,0,0.05170292587424878,0.0
advection_diffusion,pod_edmd_rbf,4,0.5,1,u^2*u_x,0,0.029900392830921264,0.0
advection_diffusion,pod_edmd_rbf,4,0.5,1,u_xx,0,-0.0003799655038024776,0.02
advection_diffusion,pod_edmd_rbf,4,0.5,1,u*u_xx,0,0.0,0.0
advection_diffusion,tv_diff,4,0.5,1,1,0,0.0,0.0
advection_diffusion,tv_diff,4,0.5,1,u,0,0.0,0.0
advection_diffusion,tv_diff,4,0.5,1,u^2,0,0.0,0.0
advection_diffusion,tv_diff,4,0.5,1,u_x,0,-0.41120237945023513,-1.0
advection_diffusion,tv_diff,4,0.5,1,u*u_x,0,0.22307550245934976,0.0
advection_diffusion,tv_diff,4,0.5,1,u^2*u_x,0,0.35873879424942784,0.0
advection_diffusion,tv_diff,4,0.5,1,u_xx,0,0.0,0.02
advection_diffusion,tv_diff,4,0.5,1,u*u_xx,0,0.0,0.0
advection_diffusion,pod_tv_diff,4,0.5,1,1,0,0.0,0.0
advection_diffusion,pod_tv_diff,4,0.5,1,u,0,0.0,0.0
advection_diffusion,pod_tv_diff,4,0.5,1,u^2,0,0.0,0.0
advection_diffusion,pod_tv_diff,4,0.5,1,u_x,0,-0.4347224604003179,-1.0
advection_diffusion,pod_tv_diff,4,0.5,1,u*u_x,0,0.24751454666405412,0.0
advection_diffusion,pod_tv_diff,4,0.5,1,u^2*u_x,0,0.380925447563186,0.0
advection_diffusion,pod_tv_diff,4,0.5,1,u_xx,0,0.0,0.02
advection_diffusion,pod_tv_diff,4,0.5,1,u*u_xx,0,0.0,0.0
advection_diffusion,baseline,4,0.5,3,1,0,0.0519753629949755,0.0
advection_diffusion,baseline,4,0.5,3,u,0,-0.07606795339294907,0.0
advection_diffusion,baseline,4,0.5,3,u^2,0,-0.07098371078845775,0.0
advection_diffusion,baseline,4,0.5,3,u_x,0,-0.044333865784555546,-1.0
advection_diffusion,baseline,4,0.5,3,u*u_x,0,0.012994930904444955,0.0
advection_diffusion,baseline,4,0.5,3,u^2*u_x,0,0.008402068779136863,0.0
advection_diffusion,baseline,4,0.5,3,u_xx,0,-0.0001739124222517536,0.02
advection_diffusion,baseline,4,0.5,3,u*u_xx,0,-0.0002807095529031159,0.0
advection_diffusion,pod_edmd_rbf,4,0.5,3,1,0,0.0,0.0
advection_diffusion,pod_edmd_rbf,4,0.5,3,u,0,0.0,0.0
advection_diffusion,pod_edmd_rbf,4,0.5,3,u^2,0,0.0,0.0
advection_diffusion,pod_edmd_rbf,4,0.5,3,u_x,0,-0.22150312878621678,-1.0
advection_diffusion,pod_edmd_rbf,4,0.5,3,u*u_x,0,0.0,0.0
advection_diffusion,pod_edmd_rbf,4,0.5,3,u^2*u_x,0,0.12878036385307512,0.0
advection_diffusion,pod_edmd_rbf,4,0.5,3,u_xx,0,0.0,0.02
advection_diffusion,pod_edmd_rbf,4,0.5,3,u*u_xx,0,0.0,0.0
advection_diffusion,tv_diff,4,0.5,3,1,0,-0.067182887370712,0.0
advection_diffusion,tv_diff,4,0.5,3,u,0,-0.008111446135610581,0.0
advection_diffusion,tv_diff,4,0.5,3,u^2,0,0.11866505470158809,0.0
advection_diffusion,tv_diff,4,0.5,3,u_x,0,-0.4671566519811418,-1.0
advection_diffusion,tv_diff,4,0.5,3,u*u_x,0,0.20308349324717662,0.0
advection_diffusion,tv_diff,4,0.5,3,u^2*u_x,0,0.35842020939044095,0.0
advection_diffusion,tv_diff,4,0.5,3,u_xx,0,-0.0010748382384425496,0.02
advection_diffusion,tv_diff,4,0.5,3,u*u_xx,0,0.0,0.0
advection_diffusion,pod_tv_diff,4,0.5,3,1,0,0.012793284287760281,0.0
advection_diffusion,pod_tv_diff,4,0.5,3,u,0,-0.04419350588685652,0.0
advection_diffusion,pod_tv_diff,4,0.5,3,u^2,0,0.0,0.0
advection_diffusion,pod_tv_diff,4,0.5,3,u_x,0,-0.4239720999680486,-1.0
advection_diffusion,pod_tv_diff,4,0.5,3,u*u_x,0,0.13371694166732567,0.0
advection_diffusion,pod_tv_diff,4,0.5,3,u^2*u_x,0,0.35549152847477694,0.0
advection_diffusion,pod_tv_diff,4,0.5,3,u_xx,0,-0.0013980960171733354,0.02
advection_diffusion,pod_tv_diff,4,0.5,3,u*u_xx,0,0.0,0.0
advection_diffusion,baseline,16,0.05,0,1,0,0.0,0.0
advection_diffusion,baseline,16,0.05,0,u,0,0.0,0.0
advection_diffusion,baseline,16,0.05,0,u^2,0,0.0,0.0
advection_diffusion,baseline,16,0.05,0,u_x,0,-0.7684535901092607,-1.0
advection_diffusion,baseline,16,0.05,0,u*u_x,0,0.0,0.0
advection_diffusion,baseline,16,0.05,0,u^2*u_x,0,0.0,0.0
advection_diffusion,baseline,16,0.05,0,u_xx,0,0.0,0.02
advection_diffusion,baseline,16,0.05,0,u*u_xx,0,0.0,0.0
advection_diffusion,pod_edmd_rbf,16,0.05,0,1,0,0.0,0.0
advection_diffusion,pod_edmd_rbf,16,0.05,0,u,0,0.0,0.0
advection_diffusion,pod_edmd_rbf,16,0.05,0,u^2,0,0.0,0.0
advection_diffusion,pod_edmd_rbf,16,0.05,0,u_x,0,-0.9139624486495779,-1.0
advection_diffusion,pod_edmd_rbf,16,0.05,0,u*u_x,0,0.0,0.0
advection_diffusion,pod_edmd_rbf,16,0.05,0,u^2*u_x,0,0.0,0.0
advection_diffusion,pod_edmd_rbf,16,0.05,0,u_xx,0,0.0,0.02
advection_diffusion,pod_edmd_rbf,16,0.05,0,u*u_xx,0,0.0,0.0
advection_diffusion,tv_diff,16,0.05,0,1,0,0.0,0.0
advection_diffusion,tv_diff,16,0.05,0,u,0,0.0,0.0
advection_diffusion,tv_diff,16,0.05,0,u^2,0,0.0,0.0
advection_diffusion,tv_diff,16,0.05,0,u_x,0,-0.8461262904430357,-1.0
advection_diffusion,tv_diff,16,0.05,0,u*u_x,0,0.0,0.0
advection_diffusion,tv_diff,16,0.05,0,u^2*u_x,0,0.0,0.0
advection_diffusion,tv_diff,16,0.05,0,u_xx,0,0.0,0.02
advection_diffusion,tv_diff,16,0.05,0,u*u_xx,0,0.0,0.0
advection_diffusion,pod_tv_diff,16,0.05,0,1,0,0.0,0.0
advection_diffusion,pod_tv_diff,16,0.05,0,u,0,0.0,0.0
advection_diffusion,pod_tv_diff,16,0.05,0,u^2,0,0.0,0.0
advection_diffusion,pod_tv_diff,16,0.05,0,u_x,0,-0.9116916356244069,-1.0
advection_diffusion,pod_tv_diff,16,0.05,0,u*u_x,0,0.0,0.0
advection_diffusion,pod_tv_diff,16,0.05,0,u^2*u_x,0,0.0,0.0
advection_diffusion,pod_tv_diff,16,0.05,0,u_xx,0,0.0,0.02
advection_diffusion,pod_tv_diff,16,0.05,0,u*u_xx,0,0.0,0.0
advection_diffusion,baseline,16,0.05,1,1,0,0.0,0.0
advection_diffusion,baseline,16,0.05,1,u,0,0.0,0.0
advection_diffusion,baseline,16,0.05,1,u^2,0,0.0,0.0
advection_diffusion,baseline,16,0.05,1,u_x,0,-0.776588062978938,-1.0
advection_diffusion,baseline,16,0.05,1,u*u_x,0,0.0,0.0
advection_diffusion,baseline,16,0.05,1,u^2*u_x,0,0.0,0.0
advection_diffusion,baseline,16,0.05,1,u_xx,0,0.0,0.02
advection_diffusion,baseline,16,0.05,1,u*u_xx,0,0.0,0.0
advection_diffusion,pod_edmd_rbf,16,0.05,1,1,0,0.0,0.0
advection_diffusion,pod_edmd_rbf,16,0.05,1,u,0,0.0,0.0
advection_diffusion,pod_edmd_rbf,16,0.05,1,u^2,0,0.0,0.0
advection_diffusion,pod_edmd_rbf,16,0.05,1,u_x,0,-0.9106656727499987,-1.0
advection_diffusion,pod_edmd_rbf,16,0.05,1,u*u_x,0,0.0,0.0
advection_diffusion,pod_edmd_rbf,16,0.05,1,u^2*u_x,0,0.0,0.0
advection_diffusion,pod_edmd_rbf,16,0.05,1,u_xx,0,0.0,0.02
advection_diffusion,pod_edmd_rbf,16,0.05,1,u*u_xx,0,0.0,0.0
advection_diffusion,tv_diff,16,0.05,1,1,0,0.0,0.0
advection_diffusion,tv_diff,16,0.05,1,u,0,0.0,0.0
advection_diffusion,tv_diff,16,0.05,1,u^2,0,0.0,0.0
advection_diffusion,tv_diff,16,0.05,1,u_x,0,-0.8476717616660759,-1.0
advection_diffusion,tv_diff,16,0.05,1,u*u_x,0,0.0,0.0
advection_diffusion,tv_diff,16,0.05,1,u^2*u_x,0,0.0,0.0
advection_diffusion,tv_diff,16,0.05,1,u_xx,0,0.0,0.02
advection_diffusion,tv_diff,16,0.05,1,u*u_xx,0,0.0,0.0
advection_diffusion,pod_tv_diff,16,0.05,1,1,0,0.0,0.0
advection_diffusion,pod_tv_diff,16,0.05,1,u,0,0.0,0.0
advection_diffusion,pod_tv_diff,16,0.05,1,u^2,0,0.0,0.0
advection_diffusion,pod_tv_diff,16,0.05,1,u_x,0,-0.9026585743876667,-1.0
advection_diffusion,pod_tv_diff,16,0.05,1,u*u_x,0,0.0,0.0
advection_diffusion,pod_tv_diff,16,0.05,1,u^2*u_x,0,0.0,0.0
advection_diffusion,pod_tv_diff,16,0.05,1,u_xx,0,0.0,0.02
advection_diffusion,pod_tv_diff,16,0.05,1,u*u_xx,0,0.0,0.0
advection_diffusion,baseline,4,0.5,4,1,0,0.021867418494067786,0.0
advection_diffusion,baseline,4,0.5,4,u,0,-0.013139632838038288,0.0
advection_diffusion,baseline,4,0.5,4,u^2,0,0.030028772282599477,0.0
advection_diffusion,baseline,4,0.5,4,u_x,0,-0.08778898004386607,-1.0
advection_diffusion,baseline,4,0.5,4,u*u_x,0,0.03477851254270858,0.0
advection_diffusion,baseline,4,0.5,4,u^2*u_x,0,0.08118595426830785,0.0
advection_diffusion,baseline,4,0.5,4,u_xx,0,-4.901102011619571e-05,0.02
advection_diffusion,baseline,4,0.5,4,u*u_xx,0,0.00022418065267727167,0.0
advection_diffusion,pod_edmd_rbf,4,0.5,4,1,0,0.0,0.0
advection_diffusion,pod_edmd_rbf,4,0.5,4,u,0,0.0,0.0
advection_diffusion,pod_edmd_rbf,4,0.5,4,u^2,0,0.0,0.0
advection_diffusion,pod_edmd_rbf,4,0.5,4,u_x,0,-0.21410920308158463,-1.0
advection_diffusion,pod_edmd_rbf,4,0.5,4,u*u_x,0,0.0,0.0
advection_diffusion,pod_edmd_rbf,4,0.5,4,u^2*u_x,0,0.0,0.0
advection_diffusion,pod_edmd_rbf,4,0.5,4,u_xx,0,0.0,0.02
advection_diffusion,pod_edmd_rbf,4,0.5,4,u*u_xx,0,0.0,0.0
advection_diffusion,tv_diff,4,0.5,4,1,0,0.0,0.0
advection_diffusion,tv_diff,4,0.5,4,u,0,0.0,0.0
advection_diffusion,tv_diff,4,0.5,4,u^2,0,0.0,0.0
advection_diffusion,tv_diff,4,0.5,4,u_x,0,-0.5260520829729214,-1.0
advection_diffusion,tv_diff,4,0.5,4,u*u_x,0,0.0,0.0
advection_diffusion,tv_diff,4,0.5,4,u^2*u_x,0,0.32626873907650994,0.0
advection_diffusion,tv_diff,4,0.5,4,u_xx,0,0.0,0.02
advection_diffusion,tv_diff,4,0.5,4,u*u_xx,0,0.0,0.0
advection_diffusion,pod_tv_diff,4,0.5,4,1,0,0.0,0.0
advection_diffusion,pod_tv_diff,4,0.5,4,u,0,0.0,0.0
advection_diffusion,pod_tv_diff,4,0.5,4,u^2,0,0.0,0.0
advection_diffusion,pod_tv_diff,4,0.5,4,u_x,0,-0.5476216688147655,-1.0
advection_diffusion,pod_tv_diff,4,0.5,4,u*u_x,0,0.0,0.0
advection_diffusion,pod_tv_diff,4,0.5,4,u^2*u_x,0,0.30098415169792814,0.0
advection_diffusion,pod_tv_diff,4,0.5,4,u_xx,0,0.0,0.02
advection_diffusion,pod_tv_diff,4,0.5,4,u*u_xx,0,0.0,0.0
advection_diffusion,baseline,16,0.05,2,1,0,0.0,0.0
advection_diffusion,baseline,16,0.05,2,u,0,0.0,0.0
advection_diffusion,baseline,16,0.05,2,u^2,0,0.0,0.0
advection_diffusion,baseline,16,0.05,2,u_x,0,-0.7511721009105392,-1.0
advection_diffusion,baseline,16,0.05,2,u*u_x,0,0.0,0.0
advection_diffusion,baseline,16,0.05,2,u^2*u_x,0,0.0,0.0
advection_diffusion,baseline,16,0.05,2,u_xx,0,0.0,0.02
advection_diffusion,baseline,16,0.05,2,u*u_xx,0,0.0,0.0
advection_diffusion,pod_edmd_rbf,16,0.05,2,1,0,0.0,0.0
advection_diffusion,pod_edmd_rbf,16,0.05,2,u,0,0.0,0.0
advection_diffusion,pod_edmd_rbf,16,0.05,2,u^2,0,0.0,0.0
advection_diffusion,pod_edmd_rbf,16,0.05,2,u_x,0,-0.9036998747264824,-1.0
advection_diffusion,pod_edmd_rbf,16,0.05,2,u*u_x,0,0.0,0.0
advection_diffusion,pod_edmd_rbf,16,0.05,2,u^2*u_x,0,0.0,0.0
advection_diffusion,pod_edmd_rbf,16,0.05,2,u_xx,0,0.0,0.02
advection_diffusion,pod_edmd_rbf,16,0.05,2,u*u_xx,0,0.0,0.0
advection_diffusion,tv_diff,16,0.05,2,1,0,0.0,0.0
advection_diffusion,tv_diff,16,0.05,2,u,0,0.0,0.0
advection_diffusion,tv_diff,16,0.05,2,u^2,0,0.0,0.0
advection_diffusion,tv_diff,16,0.05,2,u_x,0,-0.8221943418007609,-1.0
advection_diffusion,tv_diff,16,0.05,2,u*u_x,0,0.0,0.0
advection_diffusion,tv_diff,16,0.05,2,u^2*u_x,0,0.0,0.0
advection_diffusion,tv_diff,16,0.05,2,u_xx,0,0.0,0.02
advection_diffusion,tv_diff,16,0.05,2,u*u_xx,0,0.0,0.0
advection_diffusion,pod_tv_diff,16,0.05,2,1,0,0.0,0.0
advection_diffusion,pod_tv_diff,16,0.05,2,u,0,0.0,0.0
advection_diffusion,pod_tv_diff,16,0.05,2,u^2,0,0.0,0.0
advection_diffusion,pod_tv_diff,16,0.05,2,u_x,0,-0.8967510568379263,-1.0
advection_diffusion,pod_tv_diff,16,0.05,2,u*u_x,0,0.0,0.0
advection_diffusion,pod_tv_diff,16,0.05,2,u^2*u_x,0,0.0,0.0
advection_diffusion,pod_tv_diff,16,0.05,2,u_xx,0,0.0,0.02
advection_diffusion,pod_tv_diff,16,0.05,2,u*u_xx,0,0.0,0.0
advection_diffusion,baseline,16,0.05,3,1,0,0.0,0.0
advection_diffusion,baseline,16,0.05,3,u,0,0.0,0.0
advection_diffusion,baseline,16,0.05,3,u^2,0,0.0,0.0
advection_diffusion,baseline,16,0.05,3,u_x,0,-0.7535080770644242,-1.0
advection_diffusion,baseline,16,0.05,3,u*u_x,0,0.0,0.0
advection_diffusion,baseline,16,0.05,3,u^2*u_x,0,0.0,0.0
advection_diffusion,baseline,16,0.05,3,u_xx,0,0.0,0.02
advection_diffusion,baseline,16,0.05,3,u*u_xx,0,0.0,0.0
advection_diffusion,pod_edmd_rbf,16,0.05,3,1,0,0.0,0.0
advection_diffusion,pod_edmd_rbf,16,0.05,3,u,0,0.0,0.0
advection_diffusion,pod_edmd_rbf,16,0.05,3,u^2,0,0.0,0.0
advection_diffusion,pod_edmd_rbf,16,0.05,3,u_x,0,-0.8816774869915861,-1.0
advection_diffusion,pod_edmd_rbf,16,0.05,3,u*u_x,0,0.0,0.0
advection_diffusion,pod_edmd_rbf,16,0.05,3,u^2*u_x,0,0.0,0.0
advection_diffusion,pod_edmd_rbf,16,0.05,3,u_xx,0,0.0,0.02
advection_diffusion,pod_edmd_rbf,16,0.05,3,u*u_xx,0,0.0,0.0
advection_diffusion,tv_diff,16,0.05,3,1,0,0.0,0.0
advection_diffusion,tv_diff,16,0.05,3,u,0,0.0,0.0
advection_diffusion,tv_diff,16,0.05,3,u^2,0,0.0,0.0
advection_diffusion,tv_diff,16,0.05,3,u_x,0,-0.8251180591023423,-1.0
advection_diffusion,tv_diff,16,0.05,3,u*u_x,0,0.0,0.0
advection_diffusion,tv_diff,16,0.05,3,u^2*u_x,0,0.0,0.0
advection_diffusion,tv_diff,16,0.05,3,u_xx,0,0.0,0.02
advection_diffusion,tv_diff,16,0.05,3,u*u_xx,0,0.0,0.0
advection_diffusion,pod_tv_diff,16,0.05,3,1,0,0.0,0.0
advection_diffusion,pod_tv_diff,16,0.05,3,u,0,0.0,0.0
advection_diffusion,pod_tv_diff,16,0.05,3,u^2,0,0.0,0.0
advection_diffusion,pod_tv_diff,16,0.05,3,u_x,0,-0.8759671060204329,-1.0
advection_diffusion,pod_tv_diff,16,0.05,3,u*u_x,0,0.0,0.0
advection_diffusion,pod_tv_diff,16,0.05,3,u^2*u_x,0,0.0,0.0
advection_diffusion,pod_tv_diff,16,0.05,3,u_xx,0,0.0,0.02
advection_diffusion,pod_tv_diff,16,0.05,3,u*u_xx,0,0.0,0.0
advection_diffusion,baseline,16,0.05,4,1,0,0.0,0.0
advection_diffusion,baseline,16,0.05,4,u,0,0.0,0.0
advection_diffusion,baseline,16,0.05,4,u^2,0,0.0,0.0
advection_diffusion,baseline,16,0.05,4,u_x,0,-0.7484853194521838,-1.0
advection_diffusion,baseline,16,0.05,4,u*u_x,0,0.0,0.0
advection_diffusion,baseline,16,0.05,4,u^2*u_x,0,0.0,0.0
advection_diffusion,baseline,16,0.05,4,u_xx,0,0.0,0.02
advection_diffusion,baseline,16,0.05,4,u*u_xx,0,0.0,0.0
advection_diffusion,pod_edmd_rbf,16,0.05,4,1,0,0.0,0.0
advection_diffusion,pod_edmd_rbf,16,0.05,4,u,0,0.0,0.0
advection_diffusion,pod_edmd_rbf,16,0.05,4,u^2,0,0.0,0.0
advection_diffusion,pod_edmd_rbf,16,0.05,4,u_x,0,-0.8767294036083718,-1.0
advection_diffusion,pod_edmd_rbf,16,0.05,4,u*u_x,0,0.0,0.0
advection_diffusion,pod_edmd_rbf,16,0.05,4,u^2*u_x,0,0.0,0.0
advection_diffusion,pod_edmd_rbf,16,0.05,4,u_xx,0,0.0,0.02
advection_diffusion,pod_edmd_rbf,16,0.05,4,u*u_xx,0,0.0,0.0
advection_diffusion,tv_diff,16,0.05,4,1,0,0.0,0.0
advection_diffusion,tv_diff,16,0.05,4,u,0,0.0,0.0
advection_diffusion,tv_diff,16,0.05,4,u^2,0,0.0,0.0
advection_diffusion,tv_diff,16,0.05,4,u_x,0,-0.8277369099893852,-1.0
advection_diffusion,tv_diff,16,0.05,4,u*u_x,0,0.0,0.0
advection_diffusion,tv_diff,16,0.05,4,u^2*u_x,0,0.0,0.0
advection_diffusion,tv_diff,16,0.05,4,u_xx,0,0.0,0.02
advection_diffusion,tv_diff,16,0.05,4,u*u_xx,0,0.0,0.0
advection_diffusion,pod_tv_diff,16,0.05,4,1,0,0.0,0.0
advection_diffusion,pod_tv_diff,16,0.05,4,u,0,0.0,0.0
advection_diffusion,pod_tv_diff,16,0.05,4,u^2,0,0.0,0.0
advection_diffusion,pod_tv_diff,16,0.05,4,u_x,0,-0.8803944596033285,-1.0
advection_diffusion,pod_tv_diff,16,0.05,4,u*u_x,0,0.0,0.0
advection_diffusion,pod_tv_diff,16,0.05,4,u^2*u_x,0,0.0,0.0
advection_diffusion,pod_tv_diff,16,0.05,4,u_xx,0,0.0,0.02
advection_diffusion,pod_tv_diff,16,0.05,4,u*u_xx,0,0.0,0.0
advection_diffusion,baseline,16,0.1,1,1,0,0.0,0.0
advection_diffusion,baseline,16,0.1,1,u,0,0.0,0.0
advection_diffusion,baseline,16,0.1,1,u^2,0,0.0,0.0
advection_diffusion,baseline,16,0.1,1,u_x,0,-0.43543726128606175,-1.0
advection_diffusion,baseline,16,0.1,1,u*u_x,0,0.0,0.0
advection_diffusion,baseline,16,0.1,1,u^2*u_x,0,0.0,0.0
advection_diffusion,baseline,16,0.1,1,u_xx,0,0.0,0.02
advection_diffusion,baseline,16,0.1,1,u*u_xx,0,0.0,0.0
advection_diffusion,pod_edmd_rbf,16,0.1,1,1,0,0.0,0.0
advection_diffusion,pod_edmd_rbf,16,0.1,1,u,0,0.0,0.0
advection_diffusion,pod_edmd_rbf,16,0.1,1,u^2,0,0.0,0.0
advection_diffusion,pod_edmd_rbf,16,0.1,1,u_x,0,-0.6873255229510965,-1.0
advection_diffusion,pod_edmd_rbf,16,0.1,1,u*u_x,0,0.0,0.0
advection_diffusion,pod_edmd_rbf,16,0.1,1,u^2*u_x,0,0.0,0.0
advection_diffusion,pod_edmd_rbf,16,0.1,1,u_xx,0,0.0,0.02
advection_diffusion,pod_edmd_rbf,16,0.1,1,u*u_xx,0,0.0,0.0
advection_diffusion,tv_diff,16,0.1,1,1,0,0.0,0.0
advection_diffusion,tv_diff,16,0.1,1,u,0,0.0,0.0
advection_diffusion,tv_diff,16,0.1,1,u^2,0,0.0,0.0
advection_diffusion,tv_diff,16,0.1,1,u_x,0,-0.7019604959791547,-1.0
advection_diffusion,tv_diff,16,0.1,1,u*u_x,0,0.0,0.0
advection_diffusion,tv_diff,16,0.1,1,u^2*u_x,0,0.0,0.0
advection_diffusion,tv_diff,16,0.1,1,u_xx,0,0.0,0.02
advection_diffusion,tv_diff,16,0.1,1,u*u_xx,0,0.0,0.0
advection_diffusion,pod_tv_diff,16,0.1,1,1,0,0.0,0.0
advection_diffusion,pod_tv_diff,16,0.1,1,u,0,0.0,0.0
advection_diffusion,pod_tv_diff,16,0.1,1,u^2,0,0.0,0.0
advection_diffusion,pod_tv_diff,16,0.1,1,u_x,0,-0.7026847201462652,-1.0
advection_diffusion,pod_tv_diff,16,0.1,1,u*u_x,0,0.0,0.0
advection_diffusion,pod_tv_diff,16,0.1,1,u^2*u_x,0,0.0,0.0
advection_diffusion,pod_tv_diff,16,0.1,1,u_xx,0,0.0,0.02
advection_diffusion,pod_tv_diff,16,0.1,1,u*u_xx,0,0.0,0.0
advection_diffusion,baseline,16,0.1,0,1,0,0.0,0.0
advection_diffusion,baseline,16,0.1,0,u,0,0.0,0.0
advection_diffusion,baseline,16,0.1,0,u^2,0,0.0,0.0
advection_diffusion,baseline,16,0.1,0,u_x,0,-0.4365146290321904,-1.0
advection_diffusion,baseline,16,0.1,0,u*u_x,0,0.0,0.0
advection_diffusion,baseline,16,0.1,0,u^2*u_x,0,0.0,0.0
advection_diffusion,baseline,16,0.1,0,u_xx,0,0.0,0.02
advection_diffusion,baseline,16,0.1,0,u*u_xx,0,0.0,0.0
advection_diffusion,pod_edmd_rbf,16,0.1,0,1,0,0.0,0.0
advection_diffusion,pod_edmd_rbf,16,0.1,0,u,0,0.0,0.0
advection_diffusion,pod_edmd_rbf,16,0.1,0,u^2,0,0.0,0.0
advection_diffusion,pod_edmd_rbf,16,0.1,0,u_x,0,-0.8146449913539294,-1.0
advection_diffusion,pod_edmd_rbf,16,0.1,0,u*u_x,0,0.3108492384709439,0.0
advection_diffusion,pod_edmd_rbf,16,0.1,0,u^2*u_x,0,0.5182264106275056,0.0
advection_diffusion,pod_edmd_rbf,16,0.1,0,u_xx,0,0.0,0.02
advection_diffusion,pod_edmd_rbf,16,0.1,0,u*u_xx,0,0.0,0.0
advection_diffusion,tv_diff,16,0.1,0,1,0,0.0,0.0
advection_diffusion,tv_diff,16,0.1,0,u,0,0.0,0.0
advection_diffusion,tv_diff,16,0.1,0,u^2,0,0.0,0.0
advection_diffusion,tv_diff,16,0.1,0,u_x,0,-0.5100856775439543,-1.0
advection_diffusion,tv_diff,16,0.1,0,u*u_x,0,0.0,0.0
advection_diffusion,tv_diff,16,0.1,0,u^2*u_x,0,0.0,0.0
advection_diffusion,tv_diff,16,0.1,0,u_xx,0,0.0,0.02
advection_diffusion,tv_diff,16,0.1,0,u*u_xx,0,0.0,0.0
advection_diffusion,pod_tv_diff,16,0.1,0,1,0,0.0,0.0
advection_diffusion,pod_tv_diff,16,0.1,0,u,0,0.0,0.0
advection_diffusion,pod_tv_diff,16,0.1,0,u^2,0,0.0,0.0
advection_diffusion,pod_tv_diff,16,0.1,0,u_x,0,-0.8102001188302128,-1.0
advection_diffusion,pod_tv_diff,16,0.1,0,u*u_x,0,0.0,0.0
advection_diffusion,pod_tv_diff,16,0.1,0,u^2*u_x,0,0.3148319514362606,0.0
advection_diffusion,pod_tv_diff,16,0.1,0,u_xx,0,0.0,0.02
advection_diffusion,pod_tv_diff,16,0.1,0,u*u_xx,0,0.0,0.0
advection_diffusion,baseline,16,0.1,2,1,0,0.0,0.0
advection_diffusion,baseline,16,0.1,2,u,0,0.0,0.0
advection_diffusion,baseline,16,0.1,2,u^2,0,0.0,0.0
advection_diffusion,baseline,16,0.1,2,u_x,0,-0.455849220336909,-1.0
advection_diffusion,baseline,16,0.1,2,u*u_x,0,0.0,0.0
advection_diffusion,baseline,16,0.1,2,u^2*u_x,0,0.0,0.0
advection_diffusion,baseline,16,0.1,2,u_xx,0,0.0,0.02
advection_diffusion,baseline,16,0.1,2,u*u_xx,0,0.0,0.0
advection_diffusion,pod_edmd_rbf,16,0.1,2,1,0,0.009600013223943795,0.0
advection_diffusion,pod_edmd_rbf,16,0.1,2,u,0,-0.021985561691007183,0.0
advection_diffusion,pod_edmd_rbf,16,0.1,2,u^2,0,0.009845538387037367,0.0
advection_diffusion,pod_edmd_rbf,16,0.1,2,u_x,0,-0.7671634210567974,-1.0
advection_diffusion,pod_edmd_rbf,16,0.1,2,u*u_x,0,0.3113043420612529,0.0
advection_diffusion,pod_edmd_rbf,16,0.1,2,u^2*u_x,0,0.5435593363089259,0.0
advection_diffusion,pod_edmd_rbf,16,0.1,2,u_xx,0,-0.0005136409156666958,0.02
advection_diffusion,pod_edmd_rbf,16,0.1,2,u*u_xx,0,0.0,0.0
advection_diffusion,tv_diff,16,0.1,2,1,0,0.0,0.0
advection_diffusion,tv_diff,16,0.1,2,u,0,0.0,0.0
advection_diffusion,tv_diff,16,0.1,2,u^2,0,0.0,0.0
advection_diffusion,tv_diff,16,0.1,2,u_x,0,-0.5427449080985769,-1.0
advection_diffusion,tv_diff,16,0.1,2,u*u_x,0,0.0,0.0
advection_diffusion,tv_diff,16,0.1,2,u^2*u_x,0,0.0,0.0
advection_diffusion,tv_diff,16,0.1,2,u_xx,0,0.0,0.02
advection_diffusion,tv_diff,16,0.1,2,u*u_xx,0,0.0,0.0
advection_diffusion,pod_tv_diff,16,0.1,2,1,0,0.0,0.0
advection_diffusion,pod_tv_diff,16,0.1,2,u,0,0.0,0.0
advection_diffusion,pod_tv_diff,16,0.1,2,u^2,0,0.0,0.0
advection_diffusion,pod_tv_diff,16,0.1,2,u_x,0,-0.7079964079303064,-1.0
advection_diffusion,pod_tv_diff,16,0.1,2,u*u_x,0,0.0,0.0
advection_diffusion,pod_tv_diff,16,0.1,2,u^2*u_x,0,0.0,0.0
advection_diffusion,pod_tv_diff,16,0.1,2,u_xx,0,0.0,0.02
advection_diffusion,pod_tv_diff,16,0.1,2,u*u_xx,0,0.0,0.0
advection_diffusion,baseline,16,0.1,3,1,0,0.0,0.0
advection_diffusion,baseline,16,0.1,3,u,0,0.0,0.0
advection_diffusion,baseline,16,0.1,3,u^2,0,0.0,0.0
advection_diffusion,baseline,16,0.1,3,u_x,0,-0.6227102485332595,-1.0
advection_diffusion,baseline,16,0.1,3,u*u_x,0,0.0,0.0
advection_diffusion,baseline,16,0.1,3,u^2*u_x,0,0.38912942142294304,0.0
advection_diffusion,baseline,16,0.1,3,u_xx,0,0.0,0.02
advection_diffusion,baseline,16,0.1,3,u*u_xx,0,0.0,0.0
advection_diffusion,pod_edmd_rbf,16,0.1,3,1,0,0.0,0.0
advection_diffusion,pod_edmd_rbf,16,0.1,3,u,0,0.0,0.0
advection_diffusion,pod_edmd_rbf,16,0.1,3,u^2,0,0.0,0.0
advection_diffusion,pod_edmd_rbf,16,0.1,3,u_x,0,-0.7255237653713892,-1.0
advection_diffusion,pod_edmd_rbf,16,0.1,3,u*u_x,0,0.0,0.0
advection_diffusion,pod_edmd_rbf,16,0.1,3,u^2*u_x,0,0.0,0.0
advection_diffusion,pod_edmd_rbf,16,0.1,3,u_xx,0,0.0,0.02
advection_diffusion,pod_edmd_rbf,16,0.1,3,u*u_xx,0,0.0,0.0
advection_diffusion,tv_diff,16,0.1,3,1,0,0.0,0.0
advection_diffusion,tv_diff,16,0.1,3,u,0,0.0,0.0
advection_diffusion,tv_diff,16,0.1,3,u^2,0,0.0,0.0
advection_diffusion,tv_diff,16,0.1,3,u_x,0,-0.8708428399949939,-1.0
advection_diffusion,tv_diff,16,0.1,3,u*u_x,0,0.0,0.0
advection_diffusion,tv_diff,16,0.1,3,u^2*u_x,0,0.3430736723926816,0.0
advection_diffusion,tv_diff,16,0.1,3,u_xx,0,0.0,0.02
advection_diffusion,tv_diff,16,0.1,3,u*u_xx,0,0.0,0.0
advection_diffusion,pod_tv_diff,16,0.1,3,1,0,0.0,0.0
advection_diffusion,pod_tv_diff,16,0.1,3,u,0,0.0,0.0
advection_diffusion,pod_tv_diff,16,0.1,3,u^2,0,0.0,0.0
advection_diffusion,pod_tv_diff,16,0.1,3,u_x,0,-0.792724012827406,-1.0
advection_diffusion,pod_tv_diff,16,0.1,3,u*u_x,0,0.0,0.0
advection_diffusion,pod_tv_diff,16,0.1,3,u^2*u_x,0,0.0,0.0
advection_diffusion,pod_tv_diff,16,0.1,3,u_xx,0,0.0,0.02
advection_diffusion,pod_tv_diff,16,0.1,3,u*u_xx,0,0.0,0.0
advection_diffusion,baseline,16,0.1,4,1,0,0.0,0.0
advection_diffusion,baseline,16,0.1,4,u,0,0.0,0.0
advection_diffusion,baseline,16,0.1,4,u^2,0,0.0,0.0
advection_diffusion,baseline,16,0.1,4,u_x,0,-0.5882852018396655,-1.0
advection_diffusion,baseline,16,0.1,4,u*u_x,0,0.0,0.0
advection_diffusion,baseline,16,0.1,4,u^2*u_x,0,0.30307856027008717,0.0
advection_diffusion,baseline,16,0.1,4,u_xx,0,0.0,0.02
advection_diffusion,baseline,16,0.1,4,u*u_xx,0,0.0,0.0
advection_diffusion,pod_edmd_rbf,16,0.1,4,1,0,0.0,0.0
advection_diffusion,pod_edmd_rbf,16,0.1,4,u,0,0.0,0.0
advection_diffusion,pod_edmd_rbf,16,0.1,4,u^2,0,0.0,0.0
advection_diffusion,pod_edmd_rbf,16,0.1,4,u_x,0,-0.8329628180960303,-1.0
advection_diffusion,pod_edmd_rbf,16,0.1,4,u*u_x,0,0.30366024016357207,0.0
advection_diffusion,pod_edmd_rbf,16,0.1,4,u^2*u_x,0,0.5922529221090866,0.0
advection_diffusion,pod_edmd_rbf,16,0.1,4,u_xx,0,0.0,0.02
advection_diffusion,pod_edmd_rbf,16,0.1,4,u*u_xx,0,0.0,0.0
advection_diffusion,tv_diff,16,0.1,4,1,0,0.0,0.0
advection_diffusion,tv_diff,16,0.1,4,u,0,0.0,0.0
advection_diffusion,tv_diff,16,0.1,4,u^2,0,0.0,0.0
advection_diffusion,tv_diff,16,0.1,4,u_x,0,-0.5882852018396652,-1.0
advection_diffusion,tv_diff,16,0.1,4,u*u_x,0,0.0,0.0
advection_diffusion,tv_diff,16,0.1,4,u^2*u_x,0,0.30307856027008656,0.0
advection_diffusion,tv_diff,16,0.1,4,u_xx,0,0.0,0.02
advection_diffusion,tv_diff,16,0.1,4,u*u_xx,0,0.0,0.0
advection_diffusion,pod_tv_diff,16,0.1,4,1,0,0.0,0.0
advection_diffusion,pod_tv_diff,16,0.1,4,u,0,0.0,0.0
advection_diffusion,pod_tv_diff,16,0.1,4,u^2,0,0.0,0.0
advection_diffusion,pod_tv_diff,16,0.1,4,u_x,0,-0.7913808648273833,-1.0
advection_diffusion,pod_tv_diff,16,0.1,4,u*u_x,0,0.0,0.0
advection_diffusion,pod_tv_diff,16,0.1,4,u^2*u_x,0,0.3496955653131638,0.0
advection_diffusion,pod_tv_diff,16,0.1,4,u_xx,0,0.0,0.02
advection_diffusion,pod_tv_diff,16,0.1,4,u*u_xx,0,0.0,0.0
advection_diffusion,baseline,16,0.2,0,1,0,0.0,0.0
advection_diffusion,baseline,16,0.2,0,u,0,0.0,0.0
advection_diffusion,baseline,16,0.2,0,u^2,0,0.0,0.0
advection_diffusion,baseline,16,0.2,0,u_x,0,-0.2174952422957115,-1.0
advection_diffusion,baseline,16,0.2,0,u*u_x,0,0.12736048800348096,0.0
advection_diffusion,baseline,16,0.2,0,u^2*u_x,0,0.16225639737802663,0.0
advection_diffusion,baseline,16,0.2,0,u_xx,0,0.0,0.02
advection_diffusion,baseline,16,0.2,0,u*u_xx,0,0.0,0.0
advection_diffusion,pod_edmd_rbf,16,0.2,0,1,0,0.0,0.0
advection_diffusion,pod_edmd_rbf,16,0.2,0,u,0,0.0,0.0
advection_diffusion,pod_edmd_rbf,16,0.2,0,u^2,0,0.0,0.0
advection_diffusion,pod_edmd_rbf,16,0.2,0,u_x,0,-0.464364282067214,-1.0
advection_diffusion,pod_edmd_rbf,16,0.2,0,u*u_x,0,0.19415206421177256,0.0
advection_diffusion,pod_edmd_rbf,16,0.2,0,u^2*u_x,0,0.39444410693729054,0.0
advection_diffusion,pod_edmd_rbf,16,0.2,0,u_xx,0,0.0,0.02
advection_diffusion,pod_edmd_rbf,16,0.2,0,u*u_xx,0,0.0,0.0
advection_diffusion,tv_diff,16,0.2,0,1,0,0.0,0.0
advection_diffusion,tv_diff,16,0.2,0,u,0,0.0,0.0
advection_diffusion,tv_diff,16,0.2,0,u^2,0,0.0,0.0
advection_diffusion,tv_diff,16,0.2,0,u_x,0,-0.4720561524785384,-1.0
advection_diffusion,tv_diff,16,0.2,0,u*u_x,0,0.23183909897753072,0.0
advection_diffusion,tv_diff,16,0.2,0,u^2*u_x,0,0.4096782203537302,0.0
advection_diffusion,tv_diff,16,0.2,0,u_xx,0,0.0,0.02
advection_diffusion,tv_diff,16,0.2,0,u*u_xx,0,0.0,0.0
advection_diffusion,pod_tv_diff,16,0.2,0,1,0,0.0,0.0
advection_diffusion,pod_tv_diff,16,0.2,0,u,0,0.0,0.0
advection_diffusion,pod_tv_diff,16,0.2,0,u^2,0,0.0,0.0
advection_diffusion,pod_tv_diff,16,0.2,0,u_x,0,-0.5392031429396353,-1.0
advection_diffusion,pod_tv_diff,16,0.2,0,u*u_x,0,0.26077043604157546,0.0
advection_diffusion,pod_tv_diff,16,0.2,0,u^2*u_x,0,0.4855521945866725,0.0
advection_diffusion,pod_tv_diff,16,0.2,0,u_xx,0,0.0,0.02
advection_diffusion,pod_tv_diff,16,0.2,0,u*u_xx,0,0.0,0.0
advection_diffusion,baseline,16,0.2,2,1,0,-0.01714549727632357,0.0
advection_diffusion,baseline,16,0.2,2,u,0,-0.02161458935529851,0.0
advection_diffusion,baseline,16,0.2,2,u^2,0,0.03455415160855771,0.0
advection_diffusion,baseline,16,0.2,2,u_x,0,-0.31255324961050257,-1.0
advection_diffusion,baseline,16,0.2,2,u*u_x,0,0.15058921382660362,0.0
advection_diffusion,baseline,16,0.2,2,u^2*u_x,0,0.2830117105308903,0.0
advection_diffusion,baseline,16,0.2,2,u_xx,0,-0.0003533880400470926,0.02
advection_diffusion,baseline,16,0.2,2,u*u_xx,0,0.0,0.0
advection_diffusion,pod_edmd_rbf,16,0.2,2,1,0,0.0,0.0
advection_diffusion,pod_edmd_rbf,16,0.2,2,u,0,0.0,0.0
advection_diffusion,pod_edmd_rbf,16,0.2,2,u^2,0,0.0,0.0
advection_diffusion,pod_edmd_rbf,16,0.2,2,u_x,0,-0.3041091926568907,-1.0
advection_diffusion,pod_edmd_rbf,16,0.2,2,u*u_x,0,0.0,0.0
advection_diffusion,pod_edmd_rbf,16,0.2,2,u^2*u_x,0,0.0,0.0
advection_diffusion,pod_edmd_rbf,16,0.2,2,u_xx,0,0.0,0.02
advection_diffusion,pod_edmd_rbf,16,0.2,2,u*u_xx,0,0.0,0.0
advection_diffusion,tv_diff,16,0.2,2,1,0,0.0,0.0
advection_diffusion,tv_diff,16,0.2,2,u,0,0.0,0.0
advection_diffusion,tv_diff,16,0.2,2,u^2,0,0.0,0.0
advection_diffusion,tv_diff,16,0.2,2,u_x,0,-0.3796293662377372,-1.0
advection_diffusion,tv_diff,16,0.2,2,u*u_x,0,0.0,0.0
advection_diffusion,tv_diff,16,0.2,2,u^2*u_x,0,0.0,0.0
advection_diffusion,tv_diff,16,0.2,2,u_xx,0,0.0,0.02
advection_diffusion,tv_diff,16,0.2,2,u*u_xx,0,0.0,0.0
advection_diffusion,pod_tv_diff,16,0.2,2,1,0,0.0,0.0
advection_diffusion,pod_tv_diff,16,0.2,2,u,0,0.0,0.0
advection_diffusion,pod_tv_diff,16,0.2,2,u^2,0,0.0,0.0
advection_diffusion,pod_tv_diff,16,0.2,2,u_x,0,-0.4209173152983992,-1.0
advection_diffusion,pod_tv_diff,16,0.2,2,u*u_x,0,0.0,0.0
advection_diffusion,pod_tv_diff,16,0.2,2,u^2*u_x,0,0.0,0.0
advection_diffusion,pod_tv_diff,16,0.2,2,u_xx,0,0.0,0.02
advection_diffusion,pod_tv_diff,16,0.2,2,u*u_xx,0,0.0,0.0
advection_diffusion,baseline,16,0.2,1,1,0,0.0,0.0
advection_diffusion,baseline,16,0.2,1,u,0,0.0,0.0
advection_diffusion,baseline,16,0.2,1,u^2,0,0.0,0.0
advection_diffusion,baseline,16,0.2,1,u_x,0,-0.2928218366547404,-1.0
advection_diffusion,baseline,16,0.2,1,u*u_x,0,0.0,0.0
advection_diffusion,baseline,16,0.2,1,u^2*u_x,0,0.2015693027299468,0.0
advection_diffusion,baseline,16,0.2,1,u_xx,0,0.0,0.02
advection_diffusion,baseline,16,0.2,1,u*u_xx,0,0.0,0.0
advection_diffusion,pod_edmd_rbf,16,0.2,1,1,0,0.0,0.0
advection_diffusion,pod_edmd_rbf,16,0.2,1,u,0,0.0,0.0
advection_diffusion,pod_edmd_rbf,16,0.2,1,u^2,0,0.0,0.0
advection_diffusion,pod_edmd_rbf,16,0.2,1,u_x,0,-0.35434267344445275,-1.0
advection_diffusion,pod_edmd_rbf,16,0.2,1,u*u_x,0,0.0,0.0
advection_diffusion,pod_edmd_rbf,16,0.2,1,u^2*u_x,0,0.0,0.0
advection_diffusion,pod_edmd_rbf,16,0.2,1,u_xx,0,0.0,0.02
advection_diffusion,pod_edmd_rbf,16,0.2,1,u*u_xx,0,0.0,0.0
advection_diffusion,tv_diff,16,0.2,1,1,0,0.0,0.0
advection_diffusion,tv_diff,16,0.2,1,u,0,0.0,0.0
advection_diffusion,tv_diff,16,0.2,1,u^2,0,0.0,0.0
advection_diffusion,tv_diff,16,0.2,1,u_x,0,-0.5518066567940002,-1.0
advection_diffusion,tv_diff,16,0.2,1,u*u_x,0,0.0,0.0
advection_diffusion,tv_diff,16,0.2,1,u^2*u_x,0,0.3080575921880257,0.0
advection_diffusion,tv_diff,16,0.2,1,u_xx,0,0.0,0.02
advection_diffusion,tv_diff,16,0.2,1,u*u_xx,0,0.0,0.0
advection_diffusion,pod_tv_diff,16,0.2,1,1,0,0.0,0.0
advection_diffusion,pod_tv_diff,16,0.2,1,u,0,0.0,0.0
advection_diffusion,pod_tv_diff,16,0.2,1,u^2,0,0.0,0.0
advection_diffusion,pod_tv_diff,16,0.2,1,u_x,0,-0.585667870371748,-1.0
advection_diffusion,pod_tv_diff,16,0.2,1,u*u_x,0,0.0,0.0
advection_diffusion,pod_tv_diff,16,0.2,1,u^2*u_x,0,0.3069265174373079,0.0
advection_diffusion,pod_tv_diff,16,0.2,1,u_xx,0,0.0,0.02
advection_diffusion,pod_tv_diff,16,0.2,1,u*u_xx,0,0.0,0.0
advection_diffusion,baseline,16,0.2,3,1,0,0.0,0.0
advection_diffusion,baseline,16,0.2,3,u,0,0.0,0.0
advection_diffusion,baseline,16,0.2,3,u^2,0,0.0,0.0
advection_diffusion,baseline,16,0.2,3,u_x,0,-0.30590779845632393,-1.0
advection_diffusion,baseline,16,0.2,3,u*u_x,0,0.14776380689980598,0.0
advection_diffusion,baseline,16,0.2,3,u^2*u_x,0,0.27880584952432624,0.0
advection_diffusion,baseline,16,0.2,3,u_xx,0,0.0,0.02
advection_diffusion,baseline,16,0.2,3,u*u_xx,0,0.0,0.0
advection_diffusion,pod_edmd_rbf,16,0.2,3,1,0,0.0,0.0
advection_diffusion,pod_edmd_rbf,16,0.2,3,u,0,0.0,0.0
advection_diffusion,pod_edmd_rbf,16,0.2,3,u^2,0,0.0,0.0
advection_diffusion,pod_edmd_rbf,16,0.2,3,u_x,0,-0.3170637028453324,-1.0
advection_diffusion,pod_edmd_rbf,16,0.2,3,u*u_x,0,0.0,0.0
advection_diffusion,pod_edmd_rbf,16,0.2,3,u^2*u_x,0,0.0,0.0
advection_diffusion,pod_edmd_rbf,16,0.2,3,u_xx,0,0.0,0.02
advection_diffusion,pod_edmd_rbf,16,0.2,3,u*u_xx,0,0.0,0.0
advection_diffusion,tv_diff,16,0.2,3,1,0,0.0,0.0
advection_diffusion,tv_diff,16,0.2,3,u,0,0.0,0.0
advection_diffusion,tv_diff,16,0.2,3,u^2,0,0.0,0.0
advection_diffusion,tv_diff,16,0.2,3,u_x,0,-0.5314763143947152,-1.0
advection_diffusion,tv_diff,16,0.2,3,u*u_x,0,0.0,0.0
advection_diffusion,tv_diff,16,0.2,3,u^2*u_x,0,0.31231096267337316,0.0
advection_diffusion,tv_diff,16,0.2,3,u_xx,0,0.0,0.02
advection_diffusion,tv_diff,16,0.2,3,u*u_xx,0,0.0,0.0
advection_diffusion,pod_tv_diff,16,0.2,3,1,0,-0.0036669327470937514,0.0
advection_diffusion,pod_tv_diff,16,0.2,3,u,0,-0.047516808301227564,0.0
advection_diffusion,pod_tv_diff,16,0.2,3,u^2,0,0.0022613998954288833,0.0
advection_diffusion,pod_tv_diff,16,0.2,3,u_x,0,-0.6758915893550456,-1.0
advection_diffusion,pod_tv_diff,16,0.2,3,u*u_x,0,0.30467780190602434,0.0
advection_diffusion,pod_tv_diff,16,0.2,3,u^2*u_x,0,0.5817444430846825,0.0
advection_diffusion,pod_tv_diff,16,0.2,3,u_xx,0,-0.0025072100241708473,0.02
advection_diffusion,pod_tv_diff,16,0.2,3,u*u_xx,0,0.0,0.0
advection_diffusion,baseline,16,0.2,4,1,0,0.0,0.0
advection_diffusion,baseline,16,0.2,4,u,0,0.0,0.0
advection_diffusion,baseline,16,0.2,4,u^2,0,0.0,0.0
advection_diffusion,baseline,16,0.2,4,u_x,0,-0.2518457215710021,-1.0
advection_diffusion,baseline,16,0.2,4,u*u_x,0,0.13259765556888328,0.0
advection_diffusion,baseline,16,0.2,4,u^2*u_x,0,0.18173457175418245,0.0
advection_diffusion,baseline,16,0.2,4,u_xx,0,0.0,0.02
advection_diffusion,baseline,16,0.2,4,u*u_xx,0,0.0,0.0
advection_diffusion,pod_edmd_rbf,16,0.2,4,1,0,0.0,0.0
advection_diffusion,pod_edmd_rbf,16,0.2,4,u,0,0.0,0.0
advection_diffusion,pod_edmd_rbf,16,0.2,4,u^2,0,0.0,0.0
advection_diffusion,pod_edmd_rbf,16,0.2,4,u_x,0,-0.4382070028775132,-1.0
advection_diffusion,pod_edmd_rbf,16,0.2,4,u*u_x,0,0.14511014218789464,0.0
advection_diffusion,pod_edmd_rbf,16,0.2,4,u^2*u_x,0,0.31212182783706893,0.0
advection_diffusion,pod_edmd_rbf,16,0.2,4,u_xx,0,0.0,0.02
advection_diffusion,pod_edmd_rbf,16,0.2,4,u*u_xx,0,0.0,0.0
advection_diffusion,tv_diff,16,0.2,4,1,0,0.0,0.0
advection_diffusion,tv_diff,16,0.2,4,u,0,0.0,0.0
advection_diffusion,tv_diff,16,0.2,4,u^2,0,0.0,0.0
advection_diffusion,tv_diff,16,0.2,4,u_x,0,-0.4709302835512549,-1.0
advection_diffusion,tv_diff,16,0.2,4,u*u_x,0,0.0,0.0
advection_diffusion,tv_diff,16,0.2,4,u^2*u_x,0,0.30186087009082346,0.0
advection_diffusion,tv_diff,16,0.2,4,u_xx,0,0.0,0.02
advection_diffusion,tv_diff,16,0.2,4,u*u_xx,0,0.0,0.0
advection_diffusion,pod_tv_diff,16,0.2,4,1,0,0.0,0.0
advection_diffusion,pod_tv_diff,16,0.2,4,u,0,0.0,0.0
advection_diffusion,pod_tv_diff,16,0.2,4,u^2,0,0.0,0.0
advection_diffusion,pod_tv_diff,16,0.2,4,u_x,0,-0.5074083684922892,-1.0
advection_diffusion,pod_tv_diff,16,0.2,4,u*u_x,0,0.0,0.0
advection_diffusion,pod_tv_diff,16,0.2,4,u^2*u_x,0,0.30181080808589605,0.0
advection_diffusion,pod_tv_diff,16,0.2,4,u_xx,0,0.0,0.02
advection_diffusion,pod_tv_diff,16,0.2,4,u*u_xx,0,0.0,0.0
advection_diffusion,baseline,16,0.5,2,1,0,0.0,0.0
advection_diffusion,baseline,16,0.5,2,u,0,0.0,0.0
advection_diffusion,baseline,16,0.5,2,u^2,0,0.0,0.0
advection_diffusion,baseline,16,0.5,2,u_x,0,-0.06302582916932464,-1.0
advection_diffusion,baseline,16,0.5,2,u*u_x,0,0.0,0.0
advection_diffusion,baseline,16,0.5,2,u^2*u_x,0,0.0,0.0
advection_diffusion,baseline,16,0.5,2,u_xx,0,0.0,0.02
advection_diffusion,baseline,16,0.5,2,u*u_xx,0,0.0,0.0
advection_diffusion,pod_edmd_rbf,16,0.5,2,1,0,0.0,0.0
advection_diffusion,pod_edmd_rbf,16,0.5,2,u,0,0.0,0.0
advection_diffusion,pod_edmd_rbf,16,0.5,2,u^2,0,0.0,0.0
advection_diffusion,pod_edmd_rbf,16,0.5,2,u_x,0,-0.10650528714448866,-1.0
advection_diffusion,pod_edmd_rbf,16,0.5,2,u*u_x,0,0.0,0.0
advection_diffusion,pod_edmd_rbf,16,0.5,2,u^2*u_x,0,0.0,0.0
advection_diffusion,pod_edmd_rbf,16,0.5,2,u_xx,0,0.0,0.02
advection_diffusion,pod_edmd_rbf,16,0.5,2,u*u_xx,0,0.0,0.0
advection_diffusion,tv_diff,16,0.5,2,1,0,0.0,0.0
advection_diffusion,tv_diff,16,0.5,2,u,0,0.0,0.0
advection_diffusion,tv_diff,16,0.5,2,u^2,0,0.0,0.0
advection_diffusion,tv_diff,16,0.5,2,u_x,0,-0.2505793945637879,-1.0
advection_diffusion,tv_diff,16,0.5,2,u*u_x,0,0.13651377525977829,0.0
advection_diffusion,tv_diff,16,0.5,2,u^2*u_x,0,0.22705865273383313,0.0
advection_diffusion,tv_diff,16,0.5,2,u_xx,0,0.0,0.02
advection_diffusion,tv_diff,16,0.5,2,u*u_xx,0,0.0,0.0
advection_diffusion,pod_tv_diff,16,0.5,2,1,0,0.0,0.0
advection_diffusion,pod_tv_diff,16,0.5,2,u,0,0.0,0.0
advection_diffusion,pod_tv_diff,16,0.5,2,u^2,0,0.0,0.0
advection_diffusion,pod_tv_diff,16,0.5,2,u_x,0,-0.26697112626795605,-1.0
advection_diffusion,pod_tv_diff,16,0.5,2,u*u_x,0,0.15443696817648647,0.0
advection_diffusion,pod_tv_diff,16,0.5,2,u^2*u_x,0,0.23709931948948762,0.0
advection_diffusion,pod_tv_diff,16,0.5,2,u_xx,0,0.0,0.02
advection_diffusion,pod_tv_diff,16,0.5,2,u*u_xx,0,0.0,0.0
advection_diffusion,baseline,16,0.5,0,1,0,0.0,0.0
advection_diffusion,baseline,16,0.5,0,u,0,0.0,0.0
advection_diffusion,baseline,16,0.5,0,u^2,0,0.0,0.0
advection_diffusion,baseline,16,0.5,0,u_x,0,-0.042540711076953015,-1.0
advection_diffusion,baseline,16,0.5,0,u*u_x,0,0.0,0.0
advection_diffusion,baseline,16,0.5,0,u^2*u_x,0,0.0,0.0
advection_diffusion,baseline,16,0.5,0,u_xx,0,0.0,0.02
advection_diffusion,baseline,16,0.5,0,u*u_xx,0,0.0,0.0
advection_diffusion,pod_edmd_rbf,16,0.5,0,1,0,0.10500644716541667,0.0
advection_diffusion,pod_edmd_rbf,16,0.5,0,u,0,-0.015022255572223609,0.0
advection_diffusion,pod_edmd_rbf,16,0.5,0,u^2,0,-0.019044076504075722,0.0
advection_diffusion,pod_edmd_rbf,16,0.5,0,u_x,0,-0.10339613025888765,-1.0
advection_diffusion,pod_edmd_rbf,16,0.5,0,u*u_x,0,0.08237722597204412,0.0
advection_diffusion,pod_edmd_rbf,16,0.5,0,u^2*u_x,0,0.03143689338047869,0.0
advection_diffusion,pod_edmd_rbf,16,0.5,0,u_xx,0,-0.00032466734247322616,0.02
advection_diffusion,pod_edmd_rbf,16,0.5,0,u*u_xx,0,0.0,0.0
advection_diffusion,tv_diff,16,0.5,0,1,0,0.0,0.0
advection_diffusion,tv_diff,16,0.5,0,u,0,0.0,0.0
advection_diffusion,tv_diff,16,0.5,0,u^2,0,0.0,0.0
advection_diffusion,tv_diff,16,0.5,0,u_x,0,-0.19300059859480795,-1.0
advection_diffusion,tv_diff,16,0.5,0,u*u_x,0,0.1344604650766002,0.0
advection_diffusion,tv_diff,16,0.5,0,u^2*u_x,0,0.1689110020926626,0.0
advection_diffusion,tv_diff,16,0.5,0,u_xx,0,0.0,0.02
advection_diffusion,tv_diff,16,0.5,0,u*u_xx,0,0.0,0.0
advection_diffusion,pod_tv_diff,16,0.5,0,1,0,0.0,0.0
advection_diffusion,pod_tv_diff,16,0.5,0,u,0,0.0,0.0
advection_diffusion,pod_tv_diff,16,0.5,0,u^2,0,0.0,0.0
advection_diffusion,pod_tv_diff,16,0.5,0,u_x,0,-0.19635669084723748,-1.0
advection_diffusion,pod_tv_diff,16,0.5,0,u*u_x,0,0.1260253817760312,0.0
advection_diffusion,pod_tv_diff,16,0.5,0,u^2*u_x,0,0.16472548358693395,0.0
advection_diffusion,pod_tv_diff,16,0.5,0,u_xx,0,0.0,0.02
advection_diffusion,pod_tv_diff,16,0.5,0,u*u_xx,0,0.0,0.0
advection_diffusion,baseline,16,0.5,3,1,0,0.0,0.0
advection_diffusion,baseline,16,0.5,3,u,0,0.0,0.0
advection_diffusion,baseline,16,0.5,3,u^2,0,0.0,0.0
advection_diffusion,baseline,16,0.5,3,u_x,0,-0.05887587691729602,-1.0
advection_diffusion,baseline,16,0.5,3,u*u_x,0,0.0,0.0
advection_diffusion,baseline,16,0.5,3,u^2*u_x,0,0.0,0.0
advection_diffusion,baseline,16,0.5,3,u_xx,0,0.0,0.02
advection_diffusion,baseline,16,0.5,3,u*u_xx,0,0.0,0.0
advection_diffusion,pod_edmd_rbf,16,0.5,3,1,0,-0.04181199192084757,0.0
advection_diffusion,pod_edmd_rbf,16,0.5,3,u,0,-0.05249883618994439,0.0
advection_diffusion,pod_edmd_rbf,16,0.5,3,u^2,0,0.059864648477629324,0.0
advection_diffusion,pod_edmd_rbf,16,0.5,3,u_x,0,-0.07702403807452093,-1.0
advection_diffusion,pod_edmd_rbf,16,0.5,3,u*u_x,0,-0.02347166861208945,0.0
advection_diffusion,pod_edmd_rbf,16,0.5,3,u^2*u_x,0,0.020797770222229107,0.0
advection_diffusion,pod_edmd_rbf,16,0.5,3,u_xx,0,-6.314511004726125e-05,0.02
advection_diffusion,pod_edmd_rbf,16,0.5,3,u*u_xx,0,-0.00010989734014920425,0.0
advection_diffusion,tv_diff,16,0.5,3,1,0,0.0,0.0
advection_diffusion,tv_diff,16,0.5,3,u,0,0.0,0.0
advection_diffusion,tv_diff,16,0.5,3,u^2,0,0.0,0.0
advection_diffusion,tv_diff,16,0.5,3,u_x,0,-0.11458813444477467,-1.0
advection_diffusion,tv_diff,16,0.5,3,u*u_x,0,0.0,0.0
advection_diffusion,tv_diff,16,0.5,3,u^2*u_x,0,0.0,0.0
advection_diffusion,tv_diff,16,0.5,3,u_xx,0,0.0,0.02
advection_diffusion,tv_diff,16,0.5,3,u*u_xx,0,0.0,0.0
advection_diffusion,pod_tv_diff,16,0.5,3,1,0,0.0,0.0
advection_diffusion,pod_tv_diff,16,0.5,3,u,0,0.0,0.0
advection_diffusion,pod_tv_diff,16,0.5,3,u^2,0,0.0,0.0
advection_diffusion,pod_tv_diff,16,0.5,3,u_x,0,-0.1341864290736507,-1.0
advection_diffusion,pod_tv_diff,16,0.5,3,u*u_x,0,0.0,0.0
advection_diffusion,pod_tv_diff,16,0.5,3,u^2*u_x,0,0.0,0.0
advection_diffusion,pod_tv_diff,16,0.5,3,u_xx,0,0.0,0.02
advection_diffusion,pod_tv_diff,16,0.5,3,u*u_xx,0,0.0,0.0
advection_diffusion,baseline,16,0.5,1,1,0,0.0,0.0
advection_diffusion,baseline,16,0.5,1,u,0,0.035441420649228,0.0
advection_diffusion,baseline,16,0.5,1,u^2,0,0.0,0.0
advection_diffusion,baseline,16,0.5,1,u_x,0,-0.06551293643241302,-1.0
advection_diffusion,baseline,16,0.5,1,u*u_x,0,0.0,0.0
advection_diffusion,baseline,16,0.5,1,u^2*u_x,0,0.0,0.0
advection_diffusion,baseline,16,0.5,1,u_xx,0,0.0,0.02
advection_diffusion,baseline,16,0.5,1,u*u_xx,0,0.0,0.0
advection_diffusion,pod_edmd_rbf,16,0.5,1,1,0,0.01519954543699156,0.0
advection_diffusion,pod_edmd_rbf,16,0.5,1,u,0,-0.014878312857339192,0.0
advection_diffusion,pod_edmd_rbf,16,0.5,1,u^2,0,-0.005332350326094002,0.0
advection_diffusion,pod_edmd_rbf,16,0.5,1,u_x,0,-0.1094494820035782,-1.0
advection_diffusion,pod_edmd_rbf,16,0.5,1,u*u_x,0,0.05092366309196113,0.0
advection_diffusion,pod_edmd_rbf,16,0.5,1,u^2*u_x,0,0.09008776437241157,0.0
advection_diffusion,pod_edmd_rbf,16,0.5,1,u_xx,0,-0.0003298668467726058,0.02
advection_diffusion,pod_edmd_rbf,16,0.5,1,u*u_xx,0,-0.0003304346560362417,0.0
advection_diffusion,tv_diff,16,0.5,1,1,0,0.0,0.0
advection_diffusion,tv_diff,16,0.5,1,u,0,0.0,0.0
advection_diffusion,tv_diff,16,0.5,1,u^2,0,0.0,0.0
advection_diffusion,tv_diff,16,0.5,1,u_x,0,-0.32524481920460263,-1.0
advection_diffusion,tv_diff,16,0.5,1,u*u_x,0,0.10571974291871299,0.0
advection_diffusion,tv_diff,16,0.5,1,u^2*u_x,0,0.314319897158064,0.0
advection_diffusion,tv_diff,16,0.5,1,u_xx,0,0.0,0.02
advection_diffusion,tv_diff,16,0.5,1,u*u_xx,0,0.0,0.0
advection_diffusion,pod_tv_diff,16,0.5,1,1,0,0.0,0.0
advection_diffusion,pod_tv_diff,16,0.5,1,u,0,0.0,0.0
advection_diffusion,pod_tv_diff,16,0.5,1,u^2,0,0.0,0.0
advection_diffusion,pod_tv_diff,16,0.5,1,u_x,0,-0.31808866865691154,-1.0
advection_diffusion,pod_tv_diff,16,0.5,1,u*u_x,0,0.11044243992511381,0.0
advection_diffusion,pod_tv_diff,16,0.5,1,u^2*u_x,0,0.3054900652163153,0.0
advection_diffusion,pod_tv_diff,16,0.5,1,u_xx,0,0.0,0.02
advection_diffusion,pod_tv_diff,16,0.5,1,u*u_xx,0,0.0,0.0
advection_diffusion,baseline,16,0.5,4,1,0,0.009970144197334703,0.0
advection_diffusion,baseline,16,0.5,4,u,0,-0.014561429319409123,0.0
advection_diffusion,baseline,16,0.5,4,u^2,0,-0.04304354138064279,0.0
advection_diffusion,baseline,16,0.5,4,u_x,0,-0.03626003734233227,-1.0
advection_diffusion,baseline,16,0.5,4,u*u_x,0,-0.003851289973243727,0.0
advection_diffusion,baseline,16,0.5,4,u^2*u_x,0,0.021286596287739403,0.0
advection_diffusion,baseline,16,0.5,4,u_xx,0,5.5228557720783185e-06,0.02
advection_diffusion,baseline,16,0.5,4,u*u_xx,0,-4.5613810832893085e-06,0.0
advection_diffusion,pod_edmd_rbf,16,0.5,4,1,0,-0.09861863451532413,0.0
advection_diffusion,pod_edmd_rbf,16,0.5,4,u,0,0.10125128393443888,0.0
advection_diffusion,pod_edmd_rbf,16,0.5,4,u^2,0,0.1207236725395308,0.0
advection_diffusion,pod_edmd_rbf,16,0.5,4,u_x,0,-0.025285539419368466,-1.0
advection_diffusion,pod_edmd_rbf,16,0.5,4,u*u_x,0,0.06045645568645663,0.0
advection_diffusion,pod_edmd_rbf,16,0.5,4,u^2*u_x,0,-0.01224164608073378,0.0
advection_diffusion,pod_edmd_rbf,16,0.5,4,u_xx,0,-0.00030881292609511666,0.02
advection_diffusion,pod_edmd_rbf,16,0.5,4,u*u_xx,0,0.0,0.0
advection_diffusion,tv_diff,16,0.5,4,1,0,0.0,0.0
advection_diffusion,tv_diff,16,0.5,4,u,0,0.0,0.0
advection_diffusion,tv_diff,16,0.5,4,u^2,0,0.0,0.0
advection_diffusion,tv_diff,16,0.5,4,u_x,0,-0.10533582963180985,-1.0
advection_diffusion,tv_diff,16,0.5,4,u*u_x,0,0.0,0.0
advection_diffusion,tv_diff,16,0.5,4,u^2*u_x,0,0.05443211219124707,0.0
advection_diffusion,tv_diff,16,0.5,4,u_xx,0,0.0,0.02
advection_diffusion,tv_diff,16,0.5,4,u*u_xx,0,0.0,0.0
advection_diffusion,pod_tv_diff,16,0.5,4,1,0,0.0,0.0
advection_diffusion,pod_tv_diff,16,0.5,4,u,0,0.0,0.0
advection_diffusion,pod_tv_diff,16,0.5,4,u^2,0,0.0,0.0
advection_diffusion,pod_tv_diff,16,0.5,4,u_x,0,-0.20090735240882035,-1.0
advection_diffusion,pod_tv_diff,16,0.5,4,u*u_x,0,0.0,0.0
advection_diffusion,pod_tv_diff,16,0.5,4,u^2*u_x,0,0.10152310526122023,0.0
advection_diffusion,pod_tv_diff,16,0.5,4,u_xx,0,0.0,0.02
advection_diffusion,pod_tv_diff,16,0.5,4,u*u_xx,0,0.0,0.0
