system,method,method_label,sparse_factor,obs_dt,noise,seed,upsample,pod_rank,rank_mode,support_f1,coef_error,practical_score,threshold,status
burgers,baseline,Baseline,4,0.02,0.0,0,1,0,system,1.0,0.0005922402086964759,0.999408110332164,0.0001,ok
burgers,pydmd_optdmd,PyDMD optimized DMD,4,0.02,0.0,0,5,8,system,1.0,0.005468640420521844,0.9945611029517195,0.01,ok
burgers,pod_edmd_rbf,POD-EDMD-RBF,4,0.02,0.0,0,5,8,system,1.0,0.0024735865234764157,0.9975325170091965,0.003,ok
burgers,baseline,Baseline,4,0.02,0.0,1,1,0,system,1.0,0.0005922402086964759,0.999408110332164,0.0001,ok
burgers,pydmd_optdmd,PyDMD optimized DMD,4,0.02,0.0,1,5,8,system,1.0,0.0054771126137267,0.9945527227372793,0.01,ok
burgers,pod_edmd_rbf,POD-EDMD-RBF,4,0.02,0.0,1,5,8,system,1.0,0.0024160481472886596,0.9975897750721828,0.003,ok
burgers,baseline,Baseline,4,0.02,0.0,2,1,0,system,1.0,0.0005922402086964759,0.999408110332164,0.0001,ok
burgers,pydmd_optdmd,PyDMD optimized DMD,4,0.02,0.0,2,5,8,system,1.0,0.005304894525744682,0.9947230988781295,0.01,ok
burgers,pod_edmd_rbf,POD-EDMD-RBF,4,0.02,0.0,2,5,8,system,1.0,0.002367357229948718,0.9976382339140702,0.003,ok
burgers,baseline,Baseline,4,0.02,0.0,3,1,0,system,1.0,0.0005922402086964759,0.999408110332164,0.0001,ok
burgers,pydmd_optdmd,PyDMD optimized DMD,4,0.02,0.0,3,5,8,system,1.0,0.005303324394308136,0.9947246524848574,0.01,ok
burgers,pod_edmd_rbf,POD-EDMD-RBF,4,0.02,0.0,3,5,8,system,1.0,0.0022063596416036606,0.9977984976643006,0.003,ok
burgers,baseline,Baseline,4,0.02,0.0,4,1,0,system,1.0,0.0005922402086964759,0.999408110332164,0.0001,ok
burgers,pydmd_optdmd,PyDMD optimized DMD,4,0.02,0.0,4,5,8,system,1.0,0.005586979183627298,0.9944440617278447,0.01,ok
burgers,pod_edmd_rbf,POD-EDMD-RBF,4,0.02,0.0,4,5,8,system,1.0,0.0025081149369690953,0.9974981599653917,0.003,ok
burgers,baseline,Baseline,4,0.02,0.0,5,1,0,system,1.0,0.0005922402086964759,0.999408110332164,0.0001,ok
burgers,pydmd_optdmd,PyDMD optimized DMD,4,0.02,0.0,5,5,8,system,1.0,0.005502487378683687,0.9945276242995394,0.01,ok
burgers,pod_edmd_rbf,POD-EDMD-RBF,4,0.02,0.0,5,5,8,system,1.0,0.0024000435475091566,0.9976057028698688,0.003,ok
burgers,baseline,Baseline,4,0.02,0.0,6,1,0,system,1.0,0.0005922402086964759,0.999408110332164,0.0001,ok
burgers,pydmd_optdmd,PyDMD optimized DMD,4,0.02,0.0,6,5,8,system,1.0,0.005251353651016257,0.9947760790055703,0.01,ok
burgers,pod_edmd_rbf,POD-EDMD-RBF,4,0.02,0.0,6,5,8,system,1.0,0.0023750940137816762,0.9976305336914636,0.003,ok
burgers,baseline,Baseline,4,0.02,0.0,7,1,0,system,1.0,0.0005922402086964759,0.999408110332164,0.0001,ok
burgers,pydmd_optdmd,PyDMD optimized DMD,4,0.02,0.0,7,5,8,system,1.0,0.005527935867294916,0.9945024542132419,0.01,ok
burgers,pod_edmd_rbf,POD-EDMD-RBF,4,0.02,0.0,7,5,8,system,1.0,0.002320937079676382,0.997684437195896,0.003,ok
burgers,baseline,Baseline,4,0.02,0.01,0,1,0,system,0.6666666666666666,0.16589292713847728,0.5718077973960333,0.1,ok
burgers,pydmd_optdmd,PyDMD optimized DMD,4,0.02,0.01,0,5,8,system,1.0,0.015011756843974697,0.9852102630903,0.01,ok
burgers,pod_edmd_rbf,POD-EDMD-RBF,4,0.02,0.01,0,5,8,system,1.0,0.014369667204001372,0.9858338950102778,0.01,ok
burgers,baseline,Baseline,4,0.02,0.01,1,1,0,system,0.6666666666666666,0.16434837387260928,0.5725663226112826,0.1,ok
burgers,pydmd_optdmd,PyDMD optimized DMD,4,0.02,0.01,1,5,8,system,1.0,0.013148393203908865,0.9870222434422175,0.01,ok
burgers,pod_edmd_rbf,POD-EDMD-RBF,4,0.02,0.01,1,5,8,system,1.0,0.012833134217676997,0.9873294684147655,0.01,ok
burgers,baseline,Baseline,4,0.02,0.01,2,1,0,system,0.6666666666666666,0.16797761434675332,0.5707871953004267,0.1,ok
burgers,pydmd_optdmd,PyDMD optimized DMD,4,0.02,0.01,2,5,8,system,1.0,0.015618647647281969,0.9846215430531301,0.01,ok
burgers,pod_edmd_rbf,POD-EDMD-RBF,4,0.02,0.01,2,5,8,system,1.0,0.014042579829626353,0.9861518834524821,0.01,ok
burgers,baseline,Baseline,4,0.02,0.01,3,1,0,system,0.6666666666666666,0.16411613408629172,0.5726805489126989,0.1,ok
burgers,pydmd_optdmd,PyDMD optimized DMD,4,0.02,0.01,3,5,8,system,1.0,0.015151974265263466,0.9850741813547376,0.01,ok
burgers,pod_edmd_rbf,POD-EDMD-RBF,4,0.02,0.01,3,5,8,system,1.0,0.013909755598770985,0.9862810713458847,0.01,ok
burgers,baseline,Baseline,4,0.02,0.01,4,1,0,system,0.6666666666666666,0.16617393254062063,0.5716700125634518,0.1,ok
burgers,pydmd_optdmd,PyDMD optimized DMD,4,0.02,0.01,4,5,8,system,1.0,0.016305429339998248,0.9839561721611709,0.01,ok
burgers,pod_edmd_rbf,POD-EDMD-RBF,4,0.02,0.01,4,5,8,system,1.0,0.015785441068552446,0.9844598667884558,0.01,ok
burgers,baseline,Baseline,4,0.02,0.01,5,1,0,system,0.6666666666666666,0.16888973755036424,0.5703417912315633,0.1,ok
burgers,pydmd_optdmd,PyDMD optimized DMD,4,0.02,0.01,5,5,8,system,1.0,0.016692803560933663,0.9835812710560479,0.01,ok
burgers,pod_edmd_rbf,POD-EDMD-RBF,4,0.02,0.01,5,5,8,system,1.0,0.018587759932659934,0.9817514399212014,0.01,ok
burgers,baseline,Baseline,4,0.02,0.01,6,1,0,system,0.6666666666666666,0.1661035564654432,0.5717045136946403,0.1,ok
burgers,pydmd_optdmd,PyDMD optimized DMD,4,0.02,0.01,6,5,8,system,1.0,0.016639023851312277,0.9836333020266337,0.01,ok
burgers,pod_edmd_rbf,POD-EDMD-RBF,4,0.02,0.01,6,5,8,system,1.0,0.01615881739848409,0.9840981378876846,0.01,ok
burgers,baseline,Baseline,4,0.02,0.01,7,1,0,system,0.6666666666666666,0.16684612370426735,0.5713406876223474,0.1,ok
burgers,pydmd_optdmd,PyDMD optimized DMD,4,0.02,0.01,7,5,8,system,1.0,0.018125471311292597,0.9821972126009696,0.01,ok
burgers,pod_edmd_rbf,POD-EDMD-RBF,4,0.02,0.01,7,5,8,system,1.0,0.016686996586453142,0.983586888941749,0.01,ok
burgers,baseline,Baseline,4,0.02,0.03,0,1,0,system,0.6666666666666666,0.2942764248250506,0.515088317981826,0.1,ok
burgers,pydmd_optdmd,PyDMD optimized DMD,4,0.02,0.03,0,5,8,system,0.6666666666666666,0.16614688216365606,0.5716832732337633,0.1,ok
burgers,pod_edmd_rbf,POD-EDMD-RBF,4,0.02,0.03,0,5,8,system,0.6666666666666666,0.17678905149278568,0.5665133150423041,0.1,ok
burgers,baseline,Baseline,4,0.02,0.03,1,1,0,system,0.6666666666666666,0.2779661703809259,0.5216622177627378,0.1,ok
burgers,pydmd_optdmd,PyDMD optimized DMD,4,0.02,0.03,1,5,8,system,0.6666666666666666,0.16360567939867732,0.5729317744574636,0.1,ok
burgers,pod_edmd_rbf,POD-EDMD-RBF,4,0.02,0.03,1,5,8,system,0.6666666666666666,0.16391918708298459,0.5727774523053162,0.1,ok
burgers,baseline,Baseline,4,0.02,0.03,2,1,0,system,0.6666666666666666,0.2769339627234599,0.5220839026356476,0.1,ok
burgers,pydmd_optdmd,PyDMD optimized DMD,4,0.02,0.03,2,5,8,system,0.6666666666666666,0.1641292912894537,0.5726740763719036,0.1,ok
burgers,pod_edmd_rbf,POD-EDMD-RBF,4,0.02,0.03,2,5,8,system,0.6666666666666666,0.16996681911322387,0.5698167296504755,0.1,ok
burgers,baseline,Baseline,4,0.02,0.03,3,1,0,system,0.6666666666666666,0.28974659226448135,0.5168974050136176,0.1,ok
burgers,pydmd_optdmd,PyDMD optimized DMD,4,0.02,0.03,3,5,8,system,0.6666666666666666,0.16935201077390305,0.5701163212824613,0.1,ok
burgers,pod_edmd_rbf,POD-EDMD-RBF,4,0.02,0.03,3,5,8,system,0.6666666666666666,0.18038651464649197,0.5647867528089503,0.1,ok
burgers,baseline,Baseline,4,0.02,0.03,4,1,0,system,0.6666666666666666,0.2992585617863872,0.513113160285854,0.1,ok
burgers,pydmd_optdmd,PyDMD optimized DMD,4,0.02,0.03,4,5,8,system,0.6666666666666666,0.1648877529803172,0.5723012066707951,0.1,ok
burgers,pod_edmd_rbf,POD-EDMD-RBF,4,0.02,0.03,4,5,8,system,0.6666666666666666,0.16862381202488944,0.5704715750327941,0.1,ok
burgers,baseline,Baseline,4,0.02,0.03,5,1,0,system,0.6666666666666666,0.29214339056906147,0.515938611405245,0.1,ok
burgers,pydmd_optdmd,PyDMD optimized DMD,4,0.02,0.03,5,5,8,system,0.6666666666666666,0.16449085199157235,0.5724962678122364,0.1,ok
burgers,pod_edmd_rbf,POD-EDMD-RBF,4,0.02,0.03,5,5,8,system,0.6666666666666666,0.16819998578226697,0.5706785437257506,0.1,ok
burgers,baseline,Baseline,4,0.02,0.03,6,1,0,system,0.6666666666666666,0.3005494147205842,0.5126038727331989,0.1,ok
burgers,pydmd_optdmd,PyDMD optimized DMD,4,0.02,0.03,6,5,8,system,0.6666666666666666,0.170112619306754,0.5697457284595739,0.1,ok
burgers,pod_edmd_rbf,POD-EDMD-RBF,4,0.02,0.03,6,5,8,system,0.6666666666666666,0.1721206652443679,0.5687696552365431,0.1,ok
burgers,baseline,Baseline,4,0.02,0.03,7,1,0,system,0.6666666666666666,0.28187467762415674,0.520071640624242,0.1,ok
burgers,pydmd_optdmd,PyDMD optimized DMD,4,0.02,0.03,7,5,8,system,0.6666666666666666,0.16754365635957214,0.5709993481060472,0.1,ok
burgers,pod_edmd_rbf,POD-EDMD-RBF,4,0.02,0.03,7,5,8,system,0.6666666666666666,0.17718961708702882,0.5663205459765625,0.1,ok
burgers,baseline,Baseline,4,0.02,0.05,0,1,0,system,0.6666666666666666,0.46450442770096023,0.455216559306159,0.1,ok
burgers,pydmd_optdmd,PyDMD optimized DMD,4,0.02,0.05,0,5,8,system,0.6666666666666666,0.19160840324924225,0.5594679131573929,0.1,ok
burgers,pod_edmd_rbf,POD-EDMD-RBF,4,0.02,0.05,0,5,8,system,0.6666666666666666,0.22565585189799678,0.5439264746578707,0.1,ok
burgers,baseline,Baseline,4,0.02,0.05,1,1,0,system,0.6666666666666666,0.441770188991487,0.4623945423181468,0.1,ok
burgers,pydmd_optdmd,PyDMD optimized DMD,4,0.02,0.05,1,5,8,system,0.6666666666666666,0.1851831761640528,0.5625009535018802,0.1,ok
burgers,pod_edmd_rbf,POD-EDMD-RBF,4,0.02,0.05,1,5,8,system,0.6666666666666666,0.21428225811474066,0.5490211704992825,0.1,ok
burgers,baseline,Baseline,4,0.02,0.05,2,1,0,system,0.6666666666666666,0.4636531003168747,0.4554813340144165,0.1,ok
burgers,pydmd_optdmd,PyDMD optimized DMD,4,0.02,0.05,2,5,8,system,0.6666666666666666,0.18946461602639317,0.5604762493009493,0.1,ok
burgers,pod_edmd_rbf,POD-EDMD-RBF,4,0.02,0.05,2,5,8,system,0.6666666666666666,0.2199136530861356,0.5464867656658603,0.1,ok
burgers,baseline,Baseline,4,0.02,0.05,3,1,0,system,0.6666666666666666,0.467066180982686,0.45442167184312904,0.1,ok
burgers,pydmd_optdmd,PyDMD optimized DMD,4,0.02,0.05,3,5,8,system,0.6666666666666666,0.18141069710641203,0.5642971307941514,0.1,ok
burgers,pod_edmd_rbf,POD-EDMD-RBF,4,0.02,0.05,3,5,8,system,0.6666666666666666,0.2310261295419547,0.5415536280409602,0.1,ok
burgers,baseline,Baseline,4,0.02,0.05,4,1,0,system,0.6666666666666666,0.4359184924630103,0.4642789059169667,0.1,ok
burgers,pydmd_optdmd,PyDMD optimized DMD,4,0.02,0.05,4,5,8,system,0.6666666666666666,0.17926367100231208,0.5653245182224896,0.1,ok
burgers,pod_edmd_rbf,POD-EDMD-RBF,4,0.02,0.05,4,5,8,system,0.6666666666666666,0.22387580171576377,0.5447175814180327,0.1,ok
burgers,baseline,Baseline,4,0.02,0.05,5,1,0,system,0.6666666666666666,0.46093723238072487,0.45632806933140796,0.1,ok
burgers,pydmd_optdmd,PyDMD optimized DMD,4,0.02,0.05,5,5,8,system,0.6666666666666666,0.18926200611762264,0.560571735443746,0.1,ok
burgers,pod_edmd_rbf,POD-EDMD-RBF,4,0.02,0.05,5,5,8,system,0.6666666666666666,0.21660763897025645,0.5479717908322005,0.1,ok
burgers,baseline,Baseline,4,0.02,0.05,6,1,0,system,0.6666666666666666,0.4591418609032362,0.4568895489393933,0.1,ok
burgers,pydmd_optdmd,PyDMD optimized DMD,4,0.02,0.05,6,5,8,system,0.6666666666666666,0.1767962148332779,0.5665098665881726,0.1,ok
burgers,pod_edmd_rbf,POD-EDMD-RBF,4,0.02,0.05,6,5,8,system,0.6666666666666666,0.22532799775740542,0.5440720100142978,0.1,ok
burgers,baseline,Baseline,4,0.02,0.05,7,1,0,system,0.6666666666666666,0.4592074493954404,0.4568690126567482,0.1,ok
burgers,pydmd_optdmd,PyDMD optimized DMD,4,0.02,0.05,7,5,8,system,0.6666666666666666,0.18505506860528023,0.5625617613291867,0.1,ok
burgers,pod_edmd_rbf,POD-EDMD-RBF,4,0.02,0.05,7,5,8,system,0.6666666666666666,0.30701203495249985,0.5100692639688624,0.1,ok
burgers,baseline,Baseline,4,0.02,0.1,0,1,0,system,0.6666666666666666,0.6940316596883148,0.3935384931290639,0.1,ok
burgers,pydmd_optdmd,PyDMD optimized DMD,4,0.02,0.1,0,5,8,system,0.6666666666666666,0.2802123192988058,0.5207469547174889,0.1,ok
burgers,pod_edmd_rbf,POD-EDMD-RBF,4,0.02,0.1,0,5,8,system,0.6666666666666666,0.3675462703145046,0.4874911227050098,0.1,ok
burgers,baseline,Baseline,4,0.02,0.1,1,1,0,system,0.6666666666666666,0.7801438774212952,0.3745015642400746,0.1,ok
burgers,pydmd_optdmd,PyDMD optimized DMD,4,0.02,0.1,1,5,8,system,0.6666666666666666,0.2828823551246149,0.5196631351297282,0.1,ok
burgers,pod_edmd_rbf,POD-EDMD-RBF,4,0.02,0.1,1,5,8,system,0.6666666666666666,0.4257501169982227,0.4675901188563589,0.1,ok
burgers,baseline,Baseline,4,0.02,0.1,2,1,0,system,0.6666666666666666,0.752859832613083,0.3803308480592145,0.1,ok
burgers,pydmd_optdmd,PyDMD optimized DMD,4,0.02,0.1,2,5,8,system,0.6666666666666666,0.2729056539954804,0.523736118677837,0.1,ok
burgers,pod_edmd_rbf,POD-EDMD-RBF,4,0.02,0.1,2,5,8,system,0.6666666666666666,0.6002398609372988,0.416604212243647,0.3,ok
burgers,baseline,Baseline,4,0.02,0.1,3,1,0,system,0.6666666666666666,0.7291441450429628,0.3855471902546924,0.1,ok
burgers,pydmd_optdmd,PyDMD optimized DMD,4,0.02,0.1,3,5,8,system,0.6666666666666666,0.2975828952408034,0.5137757819649338,0.1,ok
burgers,pod_edmd_rbf,POD-EDMD-RBF,4,0.02,0.1,3,5,8,system,0.6666666666666666,0.611234148562844,0.4137615052792336,0.3,ok
burgers,baseline,Baseline,4,0.02,0.1,4,1,0,system,0.6666666666666666,0.7365368713956894,0.38390585172594305,0.1,ok
burgers,pydmd_optdmd,PyDMD optimized DMD,4,0.02,0.1,4,5,8,system,0.6666666666666666,0.28978357400029214,0.5168825841059406,0.1,ok
burgers,pod_edmd_rbf,POD-EDMD-RBF,4,0.02,0.1,4,5,8,system,0.6666666666666666,0.3418761280453146,0.4968168467515606,0.1,ok
burgers,baseline,Baseline,4,0.02,0.1,5,1,0,system,0.5,0.7321449168218029,0.28865945057150105,0.1,ok
burgers,pydmd_optdmd,PyDMD optimized DMD,4,0.02,0.1,5,5,8,system,0.6666666666666666,0.2879673790760471,0.5176114531292828,0.1,ok
burgers,pod_edmd_rbf,POD-EDMD-RBF,4,0.02,0.1,5,5,8,system,0.6666666666666666,0.42702321774068525,0.46717296423681,0.1,ok
burgers,baseline,Baseline,4,0.02,0.1,6,1,0,system,0.6666666666666666,0.7107834578190138,0.38968500871323847,0.1,ok
burgers,pydmd_optdmd,PyDMD optimized DMD,4,0.02,0.1,6,5,8,system,0.6666666666666666,0.2980921252399585,0.5135742322937443,0.1,ok
burgers,pod_edmd_rbf,POD-EDMD-RBF,4,0.02,0.1,6,5,8,system,0.6666666666666666,0.4024214222921349,0.47536828521704866,0.1,ok
burgers,baseline,Baseline,4,0.02,0.1,7,1,0,system,0.6666666666666666,0.7773309497094291,0.3750942764911949,0.1,ok
burgers,pydmd_optdmd,PyDMD optimized DMD,4,0.02,0.1,7,5,8,system,0.6666666666666666,0.27671991173105076,0.5221714336410413,0.1,ok
burgers,pod_edmd_rbf,POD-EDMD-RBF,4,0.02,0.1,7,5,8,system,0.6666666666666666,0.693170519922588,0.393738645235299,0.1,ok
burgers,baseline,Baseline,8,0.04,0.0,0,1,0,system,1.0,0.0023701932572832186,0.997635411274969,0.0003,ok
burgers,pydmd_optdmd,PyDMD optimized DMD,8,0.04,0.0,0,5,8,system,1.0,0.004996578206227338,0.9950282634641946,0.01,ok
burgers,pod_edmd_rbf,POD-EDMD-RBF,8,0.04,0.0,0,5,8,system,1.0,0.002181512108359581,0.9978232365275128,0.003,ok
burgers,baseline,Baseline,8,0.04,0.0,1,1,0,system,1.0,0.0023701932572832186,0.997635411274969,0.0003,ok
burgers,pydmd_optdmd,PyDMD optimized DMD,8,0.04,0.0,1,5,8,system,1.0,0.004996578206227338,0.9950282634641946,0.01,ok
burgers,pod_edmd_rbf,POD-EDMD-RBF,8,0.04,0.0,1,5,8,system,1.0,0.002181441184691647,0.9978233071427536,0.003,ok
burgers,baseline,Baseline,8,0.04,0.0,2,1,0,system,1.0,0.0023701932572832186,0.997635411274969,0.0003,ok
burgers,pydmd_optdmd,PyDMD optimized DMD,8,0.04,0.0,2,5,8,system,1.0,0.004996578206227338,0.9950282634641946,0.01,ok
burgers,pod_edmd_rbf,POD-EDMD-RBF,8,0.04,0.0,2,5,8,system,1.0,0.002181483108088757,0.9978232654016682,0.003,ok
burgers,baseline,Baseline,8,0.04,0.0,3,1,0,system,1.0,0.0023701932572832186,0.997635411274969,0.0003,ok
burgers,pydmd_optdmd,PyDMD optimized DMD,8,0.04,0.0,3,5,8,system,1.0,0.004996578206227338,0.9950282634641946,0.01,ok
burgers,pod_edmd_rbf,POD-EDMD-RBF,8,0.04,0.0,3,5,8,system,1.0,0.0021814581565349237,0.9978232902447152,0.003,ok
burgers,baseline,Baseline,8,0.04,0.0,4,1,0,system,1.0,0.0023701932572832186,0.997635411274969,0.0003,ok
burgers,pydmd_optdmd,PyDMD optimized DMD,8,0.04,0.0,4,5,8,system,1.0,0.004996578206227338,0.9950282634641946,0.01,ok
burgers,pod_edmd_rbf,POD-EDMD-RBF,8,0.04,0.0,4,5,8,system,1.0,0.002181478218671388,0.997823270269823,0.003,ok
burgers,baseline,Baseline,8,0.04,0.0,5,1,0,system,1.0,0.0023701932572832186,0.997635411274969,0.0003,ok
burgers,pydmd_optdmd,PyDMD optimized DMD,8,0.04,0.0,5,5,8,system,1.0,0.004996578206227338,0.9950282634641946,0.01,ok
burgers,pod_edmd_rbf,POD-EDMD-RBF,8,0.04,0.0,5,5,8,system,1.0,0.002181471808674618,0.9978232766519445,0.003,ok
burgers,baseline,Baseline,8,0.04,0.0,6,1,0,system,1.0,0.0023701932572832186,0.997635411274969,0.0003,ok
burgers,pydmd_optdmd,PyDMD optimized DMD,8,0.04,0.0,6,5,8,system,1.0,0.004996578206227338,0.9950282634641946,0.01,ok
burgers,pod_edmd_rbf,POD-EDMD-RBF,8,0.04,0.0,6,5,8,system,1.0,0.0021810791178001427,0.997823667635274,0.003,ok
burgers,baseline,Baseline,8,0.04,0.0,7,1,0,system,1.0,0.0023701932572832186,0.997635411274969,0.0003,ok
burgers,pydmd_optdmd,PyDMD optimized DMD,8,0.04,0.0,7,5,8,system,1.0,0.004996578206227338,0.9950282634641946,0.01,ok
burgers,pod_edmd_rbf,POD-EDMD-RBF,8,0.04,0.0,7,5,8,system,1.0,0.0021815420795066503,0.9978232066867048,0.003,ok
burgers,baseline,Baseline,8,0.04,0.01,0,1,0,system,0.6666666666666666,0.16533758954612965,0.5720802904215223,0.1,ok
burgers,pydmd_optdmd,PyDMD optimized DMD,8,0.04,0.01,0,5,8,system,1.0,0.02663121806407357,0.9740596062193665,0.03,ok
burgers,pod_edmd_rbf,POD-EDMD-RBF,8,0.04,0.01,0,5,8,system,1.0,0.03321510630479052,0.9678526706567603,0.03,ok
burgers,baseline,Baseline,8,0.04,0.01,1,1,0,system,0.6666666666666666,0.16513444506802974,0.572180034234368,0.1,ok
burgers,pydmd_optdmd,PyDMD optimized DMD,8,0.04,0.01,1,5,8,system,1.0,0.02305911973536674,0.977460618560019,0.03,ok
burgers,pod_edmd_rbf,POD-EDMD-RBF,8,0.04,0.01,1,5,8,system,1.0,0.023591695480703927,0.9769520448584486,0.03,ok
burgers,baseline,Baseline,8,0.04,0.01,2,1,0,system,0.6666666666666666,0.16847014704281102,0.5705465974923543,0.1,ok
burgers,pydmd_optdmd,PyDMD optimized DMD,8,0.04,0.01,2,5,8,system,1.0,0.02841270667262378,0.9723722718629647,0.03,ok
burgers,pod_edmd_rbf,POD-EDMD-RBF,8,0.04,0.01,2,5,8,system,1.0,0.029035681997808763,0.9717836004078714,0.03,ok
burgers,baseline,Baseline,8,0.04,0.01,3,1,0,system,0.6666666666666666,0.164013605051923,0.5727309919517038,0.1,ok
burgers,pydmd_optdmd,PyDMD optimized DMD,8,0.04,0.01,3,5,8,system,1.0,0.023038712469058312,0.9774801166483178,0.03,ok
burgers,pod_edmd_rbf,POD-EDMD-RBF,8,0.04,0.01,3,5,8,system,1.0,0.021932083514029695,0.9785386094948563,0.03,ok
burgers,baseline,Baseline,8,0.04,0.01,4,1,0,system,0.6666666666666666,0.1657781483706617,0.5718640957530613,0.1,ok
burgers,pydmd_optdmd,PyDMD optimized DMD,8,0.04,0.01,4,5,8,system,1.0,0.027385889376016753,0.9733441059885982,0.03,ok
burgers,pod_edmd_rbf,POD-EDMD-RBF,8,0.04,0.01,4,5,8,system,1.0,0.028697324189378936,0.9721032382270532,0.03,ok
burgers,baseline,Baseline,8,0.04,0.01,5,1,0,system,0.6666666666666666,0.16593069467359345,0.5717892750506087,0.1,ok
burgers,pydmd_optdmd,PyDMD optimized DMD,8,0.04,0.01,5,5,8,system,1.0,0.02496792219874642,0.9756402891661374,0.03,ok
burgers,pod_edmd_rbf,POD-EDMD-RBF,8,0.04,0.01,5,5,8,system,1.0,0.025311290743461272,0.975313555042286,0.03,ok
burgers,baseline,Baseline,8,0.04,0.01,6,1,0,system,0.6666666666666666,0.16519207886106949,0.5721517325437946,0.1,ok
burgers,pydmd_optdmd,PyDMD optimized DMD,8,0.04,0.01,6,5,8,system,1.0,0.022904864222342114,0.9776080210159569,0.03,ok
burgers,pod_edmd_rbf,POD-EDMD-RBF,8,0.04,0.01,6,5,8,system,1.0,0.02566679586532077,0.9749755027960455,0.03,ok
burgers,baseline,Baseline,8,0.04,0.01,7,1,0,system,0.6666666666666666,0.16539683810700123,0.572051205964793,0.1,ok
burgers,pydmd_optdmd,PyDMD optimized DMD,8,0.04,0.01,7,5,8,system,1.0,0.0249057379472466,0.9756994843280616,0.03,ok
burgers,pod_edmd_rbf,POD-EDMD-RBF,8,0.04,0.01,7,5,8,system,1.0,0.02796456399925242,0.9727961789942859,0.03,ok
burgers,baseline,Baseline,8,0.04,0.03,0,1,0,system,0.6666666666666666,0.2990640317051269,0.5131899971024619,0.1,ok
burgers,pydmd_optdmd,PyDMD optimized DMD,8,0.04,0.03,0,5,8,system,0.6666666666666666,0.17944333421037378,0.5652384030072913,0.1,ok
burgers,pod_edmd_rbf,POD-EDMD-RBF,8,0.04,0.03,0,5,8,system,0.6666666666666666,0.21763241361363286,0.5475106109307358,0.1,ok
burgers,baseline,Baseline,8,0.04,0.03,1,1,0,system,0.6666666666666666,0.2864086533050147,0.5182386366524201,0.1,ok
burgers,pydmd_optdmd,PyDMD optimized DMD,8,0.04,0.03,1,5,8,system,0.6666666666666666,0.17222689636028826,0.5687181114310179,0.1,ok
burgers,pod_edmd_rbf,POD-EDMD-RBF,8,0.04,0.03,1,5,8,system,0.6666666666666666,0.2137417388366151,0.5492656677570255,0.1,ok
burgers,baseline,Baseline,8,0.04,0.03,2,1,0,system,0.6666666666666666,0.2872109233700545,0.5179156380379858,0.1,ok
burgers,pydmd_optdmd,PyDMD optimized DMD,8,0.04,0.03,2,5,8,system,0.6666666666666666,0.1706458062498457,0.5694862298292666,0.1,ok
burgers,pod_edmd_rbf,POD-EDMD-RBF,8,0.04,0.03,2,5,8,system,0.6666666666666666,0.2866225091615163,0.5181524976592622,0.1,ok
burgers,baseline,Baseline,8,0.04,0.03,3,1,0,system,0.6666666666666666,0.3054553833229073,0.5106774809643304,0.1,ok
burgers,pydmd_optdmd,PyDMD optimized DMD,8,0.04,0.03,3,5,8,system,0.6666666666666666,0.18150086403889637,0.5642540661271317,0.1,ok
burgers,pod_edmd_rbf,POD-EDMD-RBF,8,0.04,0.03,3,5,8,system,0.6666666666666666,0.1923022110195536,0.5591423554407327,0.1,ok
burgers,baseline,Baseline,8,0.04,0.03,4,1,0,system,0.6666666666666666,0.2949920421410445,0.5148036783024929,0.1,ok
burgers,pydmd_optdmd,PyDMD optimized DMD,8,0.04,0.03,4,5,8,system,0.6666666666666666,0.17684186824187284,0.5664878898833063,0.1,ok
burgers,pod_edmd_rbf,POD-EDMD-RBF,8,0.04,0.03,4,5,8,system,0.6666666666666666,0.18814471463864474,0.5610988783209145,0.1,ok
burgers,baseline,Baseline,8,0.04,0.03,5,1,0,system,0.6666666666666666,0.29379905134157175,0.515278370296673,0.1,ok
burgers,pydmd_optdmd,PyDMD optimized DMD,8,0.04,0.03,5,5,8,system,0.6666666666666666,0.1726797214289105,0.5684985034569654,0.1,ok
burgers,pod_edmd_rbf,POD-EDMD-RBF,8,0.04,0.03,5,5,8,system,0.6666666666666666,0.18469295582739817,0.5627337137334979,0.1,ok
burgers,baseline,Baseline,8,0.04,0.03,6,1,0,system,0.6666666666666666,0.2917875988006402,0.5160807142641972,0.1,ok
burgers,pydmd_optdmd,PyDMD optimized DMD,8,0.04,0.03,6,5,8,system,0.6666666666666666,0.17291500099345974,0.5683844661394897,0.1,ok
burgers,pod_edmd_rbf,POD-EDMD-RBF,8,0.04,0.03,6,5,8,system,0.6666666666666666,0.18451892833198855,0.5628163896084386,0.1,ok
burgers,baseline,Baseline,8,0.04,0.03,7,1,0,system,0.6666666666666666,0.2934985516127847,0.5153980774353712,0.1,ok
burgers,pydmd_optdmd,PyDMD optimized DMD,8,0.04,0.03,7,5,8,system,0.6666666666666666,0.1854738168492057,0.5623630460591336,0.1,ok
burgers,pod_edmd_rbf,POD-EDMD-RBF,8,0.04,0.03,7,5,8,system,0.6666666666666666,0.19800084799609285,0.5564826333652486,0.1,ok
burgers,baseline,Baseline,8,0.04,0.05,0,1,0,system,0.6666666666666666,0.4389657645153324,0.46329571078517706,0.1,ok
burgers,pydmd_optdmd,PyDMD optimized DMD,8,0.04,0.05,0,5,8,system,0.6666666666666666,0.20746344521288862,0.5521216143724552,0.1,ok
burgers,pod_edmd_rbf,POD-EDMD-RBF,8,0.04,0.05,0,5,8,system,0.6666666666666666,0.27628955430305924,0.5223475068169087,0.1,ok
burgers,baseline,Baseline,8,0.04,0.05,1,1,0,system,0.6666666666666666,0.45108429074913,0.4594265618591298,0.1,ok
burgers,pydmd_optdmd,PyDMD optimized DMD,8,0.04,0.05,1,5,8,system,0.6666666666666666,0.2213399956144632,0.5458485508216431,0.1,ok
burgers,pod_edmd_rbf,POD-EDMD-RBF,8,0.04,0.05,1,5,8,system,0.6666666666666666,0.26702821938794513,0.5261656026798747,0.1,ok
burgers,baseline,Baseline,8,0.04,0.05,2,1,0,system,0.6666666666666666,0.43475203963398973,0.46465636448005027,0.1,ok
burgers,pydmd_optdmd,PyDMD optimized DMD,8,0.04,0.05,2,5,8,system,0.6666666666666666,0.22041981971947888,0.5462601113933926,0.1,ok
burgers,pod_edmd_rbf,POD-EDMD-RBF,8,0.04,0.05,2,5,8,system,0.6666666666666666,0.2838638156402216,0.5192658742658165,0.1,ok
burgers,baseline,Baseline,8,0.04,0.05,3,1,0,system,0.6666666666666666,0.46227979122547574,0.45590910212057373,0.1,ok
burgers,pydmd_optdmd,PyDMD optimized DMD,8,0.04,0.05,3,5,8,system,0.6666666666666666,0.22471398717379332,0.544344780616981,0.1,ok
burgers,pod_edmd_rbf,POD-EDMD-RBF,8,0.04,0.05,3,5,8,system,0.6666666666666666,0.30545164711511946,0.5106789425253049,0.1,ok
burgers,baseline,Baseline,8,0.04,0.05,4,1,0,system,0.6666666666666666,0.45388411484564956,0.458541819020729,0.1,ok
burgers,pydmd_optdmd,PyDMD optimized DMD,8,0.04,0.05,4,5,8,system,0.6666666666666666,0.2165116228011001,0.5480150408523197,0.1,ok
burgers,pod_edmd_rbf,POD-EDMD-RBF,8,0.04,0.05,4,5,8,system,0.6666666666666666,0.2651012477257611,0.5269670454164168,0.1,ok
burgers,baseline,Baseline,8,0.04,0.05,5,1,0,system,0.6666666666666666,0.43268298809866246,0.46532741171960945,0.1,ok
burgers,pydmd_optdmd,PyDMD optimized DMD,8,0.04,0.05,5,5,8,system,0.6666666666666666,0.21637771665331448,0.5480753696318135,0.1,ok
burgers,pod_edmd_rbf,POD-EDMD-RBF,8,0.04,0.05,5,5,8,system,0.6666666666666666,0.27928766140204997,0.5211233460471475,0.1,ok
burgers,baseline,Baseline,8,0.04,0.05,6,1,0,system,0.6666666666666666,0.46189338874536257,0.45602960639887596,0.1,ok
burgers,pydmd_optdmd,PyDMD optimized DMD,8,0.04,0.05,6,5,8,system,0.6666666666666666,0.20671876885154244,0.5524623332917463,0.1,ok
burgers,pod_edmd_rbf,POD-EDMD-RBF,8,0.04,0.05,6,5,8,system,0.6666666666666666,0.25272996855219076,0.5321710850720277,0.1,ok
burgers,baseline,Baseline,8,0.04,0.05,7,1,0,system,0.6666666666666666,0.42468829702181116,0.46793861370257356,0.1,ok
burgers,pydmd_optdmd,PyDMD optimized DMD,8,0.04,0.05,7,5,8,system,0.6666666666666666,0.21807138705460996,0.5473132968657262,0.1,ok
burgers,pod_edmd_rbf,POD-EDMD-RBF,8,0.04,0.05,7,5,8,system,0.6666666666666666,0.2804952580293444,0.5206318902677178,0.1,ok
burgers,baseline,Baseline,8,0.04,0.1,0,1,0,system,0.5,0.7248489773991655,0.2898804513041664,0.03,ok
burgers,pydmd_optdmd,PyDMD optimized DMD,8,0.04,0.1,0,5,8,system,0.6666666666666666,0.3658439818125234,0.4880986961497435,0.1,ok
burgers,pod_edmd_rbf,POD-EDMD-RBF,8,0.04,0.1,0,5,8,system,0.6666666666666666,0.7537242909511594,0.38014337265357123,0.1,ok
burgers,baseline,Baseline,8,0.04,0.1,1,1,0,system,0.6666666666666666,0.7433358736179037,0.3824086205965286,0.1,ok
burgers,pydmd_optdmd,PyDMD optimized DMD,8,0.04,0.1,1,5,8,system,0.6666666666666666,0.3577484472397346,0.49100897005036664,0.1,ok
burgers,pod_edmd_rbf,POD-EDMD-RBF,8,0.04,0.1,1,5,8,system,0.6666666666666666,0.6120616931135989,0.41354910268914125,0.1,ok
burgers,baseline,Baseline,8,0.04,0.1,2,1,0,system,0.6666666666666666,0.7134378587354836,0.3890813216644264,0.1,ok
burgers,pydmd_optdmd,PyDMD optimized DMD,8,0.04,0.1,2,5,8,system,0.6666666666666666,0.35523692494735587,0.4919189068675673,0.1,ok
burgers,pod_edmd_rbf,POD-EDMD-RBF,8,0.04,0.1,2,5,8,system,0.6666666666666666,0.5969398720854397,0.4174651020492514,0.1,ok
burgers,baseline,Baseline,8,0.04,0.1,3,1,0,system,0.6666666666666666,0.7181858342018396,0.3880061477612855,0.1,ok
burgers,pydmd_optdmd,PyDMD optimized DMD,8,0.04,0.1,3,5,8,system,0.6666666666666666,0.35716483363458923,0.4912201157476821,0.1,ok
burgers,pod_edmd_rbf,POD-EDMD-RBF,8,0.04,0.1,3,5,8,system,0.6666666666666666,0.5924821527641339,0.41863368170846194,0.1,ok
burgers,baseline,Baseline,8,0.04,0.1,4,1,0,system,0.6666666666666666,0.7144282868378218,0.38885654873106434,0.1,ok
burgers,pydmd_optdmd,PyDMD optimized DMD,8,0.04,0.1,4,5,8,system,0.6666666666666666,0.34726369238055804,0.49483012897697465,0.1,ok
burgers,pod_edmd_rbf,POD-EDMD-RBF,8,0.04,0.1,4,5,8,system,0.6666666666666666,0.6434143214230069,0.40565952114218545,0.1,ok
burgers,baseline,Baseline,8,0.04,0.1,5,1,0,system,0.6666666666666666,0.7086917797999331,0.39016203773434505,0.1,ok
burgers,pydmd_optdmd,PyDMD optimized DMD,8,0.04,0.1,5,5,8,system,0.6666666666666666,0.35565570546774705,0.4917669464140559,0.1,ok
burgers,pod_edmd_rbf,POD-EDMD-RBF,8,0.04,0.1,5,5,8,system,0.6666666666666666,0.5325374601314018,0.43500839882211145,0.3,ok
burgers,baseline,Baseline,8,0.04,0.1,6,1,0,system,0.6666666666666666,0.7153197989037459,0.38865444629784524,0.1,ok
burgers,pydmd_optdmd,PyDMD optimized DMD,8,0.04,0.1,6,5,8,system,0.6666666666666666,0.3732802321957188,0.4854556637728211,0.1,ok
burgers,pod_edmd_rbf,POD-EDMD-RBF,8,0.04,0.1,6,5,8,system,0.6666666666666666,0.5582505490516009,0.42783021451359055,0.1,ok
burgers,baseline,Baseline,8,0.04,0.1,7,1,0,system,0.6666666666666666,0.7311753988771185,0.3850948130958206,0.1,ok
burgers,pydmd_optdmd,PyDMD optimized DMD,8,0.04,0.1,7,5,8,system,0.6666666666666666,0.33370532334554837,0.4998605426529745,0.1,ok
burgers,pod_edmd_rbf,POD-EDMD-RBF,8,0.04,0.1,7,5,8,system,0.6666666666666666,0.6322935522324843,0.4084232678336982,0.3,ok
burgers,baseline,Baseline,16,0.08,0.0,0,1,0,system,1.0,0.00945442722426014,0.9906341217896708,0.001,ok
burgers,pydmd_optdmd,PyDMD optimized DMD,16,0.08,0.0,0,5,8,system,1.0,0.0045611576868201465,0.9954595520124201,0.01,ok
burgers,pod_edmd_rbf,POD-EDMD-RBF,16,0.08,0.0,0,5,8,system,1.0,0.0021416852318254854,0.9978628917812854,0.003,ok
burgers,baseline,Baseline,16,0.08,0.0,1,1,0,system,1.0,0.00945442722426014,0.9906341217896708,0.001,ok
burgers,pydmd_optdmd,PyDMD optimized DMD,16,0.08,0.0,1,5,8,system,1.0,0.0045611576868201465,0.9954595520124201,0.01,ok
burgers,pod_edmd_rbf,POD-EDMD-RBF,16,0.08,0.0,1,5,8,system,1.0,0.0021416852313072238,0.9978628917818014,0.003,ok
burgers,baseline,Baseline,16,0.08,0.0,2,1,0,system,1.0,0.00945442722426014,0.9906341217896708,0.001,ok
burgers,pydmd_optdmd,PyDMD optimized DMD,16,0.08,0.0,2,5,8,system,1.0,0.0045611576868201465,0.9954595520124201,0.01,ok
burgers,pod_edmd_rbf,POD-EDMD-RBF,16,0.08,0.0,2,5,8,system,1.0,0.002141685231576282,0.9978628917815334,0.003,ok
burgers,baseline,Baseline,16,0.08,0.0,3,1,0,system,1.0,0.00945442722426014,0.9906341217896708,0.001,ok
burgers,pydmd_optdmd,PyDMD optimized DMD,16,0.08,0.0,3,5,8,system,1.0,0.0045611576868201465,0.9954595520124201,0.01,ok
burgers,pod_edmd_rbf,POD-EDMD-RBF,16,0.08,0.0,3,5,8,system,1.0,0.0021416852310866376,0.9978628917820209,0.003,ok
burgers,baseline,Baseline,16,0.08,0.0,4,1,0,system,1.0,0.00945442722426014,0.9906341217896708,0.001,ok
burgers,pydmd_optdmd,PyDMD optimized DMD,16,0.08,0.0,4,5,8,system,1.0,0.0045611576868201465,0.9954595520124201,0.01,ok
burgers,pod_edmd_rbf,POD-EDMD-RBF,16,0.08,0.0,4,5,8,system,1.0,0.0021416852315269985,0.9978628917815825,0.003,ok
burgers,baseline,Baseline,16,0.08,0.0,5,1,0,system,1.0,0.00945442722426014,0.9906341217896708,0.001,ok
burgers,pydmd_optdmd,PyDMD optimized DMD,16,0.08,0.0,5,5,8,system,1.0,0.0045611576868201465,0.9954595520124201,0.01,ok
burgers,pod_edmd_rbf,POD-EDMD-RBF,16,0.08,0.0,5,5,8,system,1.0,0.002141685231308174,0.9978628917818005,0.003,ok
burgers,baseline,Baseline,16,0.08,0.0,6,1,0,system,1.0,0.00945442722426014,0.9906341217896708,0.001,ok
burgers,pydmd_optdmd,PyDMD optimized DMD,16,0.08,0.0,6,5,8,system,1.0,0.0045611576868201465,0.9954595520124201,0.01,ok
burgers,pod_edmd_rbf,POD-EDMD-RBF,16,0.08,0.0,6,5,8,system,1.0,0.0021416852320275378,0.9978628917810842,0.003,ok
burgers,baseline,Baseline,16,0.08,0.0,7,1,0,system,1.0,0.00945442722426014,0.9906341217896708,0.001,ok
burgers,pydmd_optdmd,PyDMD optimized DMD,16,0.08,0.0,7,5,8,system,1.0,0.0045611576868201465,0.9954595520124201,0.01,ok
burgers,pod_edmd_rbf,POD-EDMD-RBF,16,0.08,0.0,7,5,8,system,1.0,0.00214168523137241,0.9978628917817364,0.003,ok
burgers,baseline,Baseline,16,0.08,0.01,0,1,0,system,0.6666666666666666,0.16650666058196273,0.5715069525055869,0.1,ok
burgers,pydmd_optdmd,PyDMD optimized DMD,16,0.08,0.01,0,5,8,system,1.0,0.0378504096019432,0.963529995024562,0.03,ok
burgers,pod_edmd_rbf,POD-EDMD-RBF,16,0.08,0.01,0,5,8,system,1.0,0.04043583190095459,0.9611356792402321,0.03,ok
burgers,baseline,Baseline,16,0.08,0.01,1,1,0,system,0.6666666666666666,0.1716431667152146,0.569001455055394,0.1,ok
burgers,pydmd_optdmd,PyDMD optimized DMD,16,0.08,0.01,1,5,8,system,1.0,0.04404932178980267,0.9578091562625707,0.03,ok
burgers,pod_edmd_rbf,POD-EDMD-RBF,16,0.08,0.01,1,5,8,system,1.0,0.047742544846856576,0.9544329424421389,0.03,ok
burgers,baseline,Baseline,16,0.08,0.01,2,1,0,system,0.6666666666666666,0.1663080092098915,0.5716042944078692,0.1,ok
burgers,pydmd_optdmd,PyDMD optimized DMD,16,0.08,0.01,2,5,8,system,1.0,0.03714114845862036,0.964188916316917,0.03,ok
burgers,pod_edmd_rbf,POD-EDMD-RBF,16,0.08,0.01,2,5,8,system,1.0,0.04564094321075562,0.9563512279170993,0.03,ok
burgers,baseline,Baseline,16,0.08,0.01,3,1,0,system,0.6666666666666666,0.16613004888486965,0.5716915255757085,0.1,ok
burgers,pydmd_optdmd,PyDMD optimized DMD,16,0.08,0.01,3,5,8,system,1.0,0.03914417937237237,0.9623303674798863,0.03,ok
burgers,pod_edmd_rbf,POD-EDMD-RBF,16,0.08,0.01,3,5,8,system,1.0,0.04474856300921355,0.9571681028396697,0.03,ok
burgers,baseline,Baseline,16,0.08,0.01,4,1,0,system,0.6666666666666666,0.1662734317955652,0.5716212412043747,0.1,ok
burgers,pydmd_optdmd,PyDMD optimized DMD,16,0.08,0.01,4,5,8,system,1.0,0.037510310004803635,0.9638458436093711,0.03,ok
burgers,pod_edmd_rbf,POD-EDMD-RBF,16,0.08,0.01,4,5,8,system,1.0,0.04027873957509219,0.9612808201852283,0.03,ok
burgers,baseline,Baseline,16,0.08,0.01,5,1,0,system,0.6666666666666666,0.16785102077222788,0.5708490679109405,0.1,ok
burgers,pydmd_optdmd,PyDMD optimized DMD,16,0.08,0.01,5,5,8,system,1.0,0.03928022581473258,0.9622043941190747,0.03,ok
burgers,pod_edmd_rbf,POD-EDMD-RBF,16,0.08,0.01,5,5,8,system,1.0,0.04351220902143974,0.9583021562706548,0.03,ok
burgers,baseline,Baseline,16,0.08,0.01,6,1,0,system,0.6666666666666666,0.16640712328363425,0.5715557230050917,0.1,ok
burgers,pydmd_optdmd,PyDMD optimized DMD,16,0.08,0.01,6,5,8,system,1.0,0.039408106273721995,0.962086012187263,0.03,ok
burgers,pod_edmd_rbf,POD-EDMD-RBF,16,0.08,0.01,6,5,8,system,1.0,0.04037190230417276,0.9611947398668124,0.03,ok
burgers,baseline,Baseline,16,0.08,0.01,7,1,0,system,0.6666666666666666,0.16840606845152595,0.5705778878315754,0.1,ok
burgers,pydmd_optdmd,PyDMD optimized DMD,16,0.08,0.01,7,5,8,system,1.0,0.036637603354542476,0.9646572695839087,0.03,ok
burgers,pod_edmd_rbf,POD-EDMD-RBF,16,0.08,0.01,7,5,8,system,1.0,0.0412669338040594,0.9603685352291953,0.03,ok
burgers,baseline,Baseline,16,0.08,0.03,0,1,0,system,0.6666666666666666,0.2962696091705089,0.5142963022123699,0.1,ok
burgers,pydmd_optdmd,PyDMD optimized DMD,16,0.08,0.03,0,5,8,system,0.6666666666666666,0.2094740739221692,0.551203767853206,0.1,ok
burgers,pod_edmd_rbf,POD-EDMD-RBF,16,0.08,0.03,0,5,8,system,0.6666666666666666,0.23056267537191324,0.5417575878166302,0.1,ok
burgers,baseline,Baseline,16,0.08,0.03,1,1,0,system,0.6666666666666666,0.3039960593502439,0.5112489887422311,0.1,ok
burgers,pydmd_optdmd,PyDMD optimized DMD,16,0.08,0.03,1,5,8,system,0.6666666666666666,0.19895899382648538,0.5560379213128847,0.1,ok
burgers,pod_edmd_rbf,POD-EDMD-RBF,16,0.08,0.03,1,5,8,system,0.6666666666666666,0.21648097557580184,0.5480288471844869,0.1,ok
burgers,baseline,Baseline,16,0.08,0.03,2,1,0,system,0.6666666666666666,0.29437014742325435,0.5150510215287506,0.1,ok
burgers,pydmd_optdmd,PyDMD optimized DMD,16,0.08,0.03,2,5,8,system,0.6666666666666666,0.19270935784320772,0.5589514849386349,0.1,ok
burgers,pod_edmd_rbf,POD-EDMD-RBF,16,0.08,0.03,2,5,8,system,0.6666666666666666,0.3148589337553981,0.5070252401621405,0.3,ok
burgers,baseline,Baseline,16,0.08,0.03,3,1,0,system,0.6666666666666666,0.29900787337306023,0.5132121831837486,0.1,ok
burgers,pydmd_optdmd,PyDMD optimized DMD,16,0.08,0.03,3,5,8,system,0.6666666666666666,0.2029258495272258,0.5542042902550312,0.1,ok
burgers,pod_edmd_rbf,POD-EDMD-RBF,16,0.08,0.03,3,5,8,system,0.6666666666666666,0.2341694968009019,0.5401743183531413,0.1,ok
burgers,baseline,Baseline,16,0.08,0.03,4,1,0,system,0.6666666666666666,0.29491625415710354,0.5148338083844798,0.1,ok
burgers,pydmd_optdmd,PyDMD optimized DMD,16,0.08,0.03,4,5,8,system,0.6666666666666666,0.19909454012429714,0.5559750664843829,0.1,ok
burgers,pod_edmd_rbf,POD-EDMD-RBF,16,0.08,0.03,4,5,8,system,0.6666666666666666,0.36372740204304127,0.4888562521130786,0.1,ok
burgers,baseline,Baseline,16,0.08,0.03,5,1,0,system,0.6666666666666666,0.30022935577870835,0.5127300531277418,0.1,ok
burgers,pydmd_optdmd,PyDMD optimized DMD,16,0.08,0.03,5,5,8,system,0.6666666666666666,0.20386849269114718,0.5537703417890679,0.1,ok
burgers,pod_edmd_rbf,POD-EDMD-RBF,16,0.08,0.03,5,5,8,system,0.6666666666666666,0.23436281726772656,0.5400897186309771,0.1,ok
burgers,baseline,Baseline,16,0.08,0.03,6,1,0,system,0.6666666666666666,0.3017286792101874,0.512139493670187,0.1,ok
burgers,pydmd_optdmd,PyDMD optimized DMD,16,0.08,0.03,6,5,8,system,0.6666666666666666,0.2024718091998373,0.5544135517906966,0.1,ok
burgers,pod_edmd_rbf,POD-EDMD-RBF,16,0.08,0.03,6,5,8,system,0.6666666666666666,0.22942937218619908,0.5422569866548616,0.1,ok
burgers,baseline,Baseline,16,0.08,0.03,7,1,0,system,0.6666666666666666,0.3017278319560482,0.5121398270058469,0.1,ok
burgers,pydmd_optdmd,PyDMD optimized DMD,16,0.08,0.03,7,5,8,system,0.6666666666666666,0.19876689826710522,0.5561270232189229,0.1,ok
burgers,pod_edmd_rbf,POD-EDMD-RBF,16,0.08,0.03,7,5,8,system,0.6666666666666666,0.7708275267233632,0.37647182269649265,0.1,ok
burgers,baseline,Baseline,16,0.08,0.05,0,1,0,system,0.6666666666666666,0.4551049502005628,0.458157101709246,0.1,ok
burgers,pydmd_optdmd,PyDMD optimized DMD,16,0.08,0.05,0,5,8,system,0.6666666666666666,0.2610348539863467,0.5286663287372425,0.1,ok
burgers,pod_edmd_rbf,POD-EDMD-RBF,16,0.08,0.05,0,5,8,system,0.6666666666666666,0.3183727917619907,0.5056738661723092,0.1,ok
burgers,baseline,Baseline,16,0.08,0.05,1,1,0,system,0.6666666666666666,0.4571654341237304,0.45750925121797725,0.1,ok
burgers,pydmd_optdmd,PyDMD optimized DMD,16,0.08,0.05,1,5,8,system,0.6666666666666666,0.26607934155131885,0.5265599435891627,0.1,ok
burgers,pod_edmd_rbf,POD-EDMD-RBF,16,0.08,0.05,1,5,8,system,0.6666666666666666,0.4475438199362458,0.4605502489700302,0.1,ok
burgers,baseline,Baseline,16,0.08,0.05,2,1,0,system,0.6666666666666666,0.47191339145254113,0.45292519963336575,0.1,ok
burgers,pydmd_optdmd,PyDMD optimized DMD,16,0.08,0.05,2,5,8,system,0.6666666666666666,0.28140097979369877,0.5202638964533941,0.1,ok
burgers,pod_edmd_rbf,POD-EDMD-RBF,16,0.08,0.05,2,5,8,system,0.6666666666666666,0.6049245007519345,0.41538817954011037,0.1,ok
burgers,baseline,Baseline,16,0.08,0.05,3,1,0,system,0.6666666666666666,0.4599796662141903,0.4566273641299204,0.1,ok
burgers,pydmd_optdmd,PyDMD optimized DMD,16,0.08,0.05,3,5,8,system,0.6666666666666666,0.26525663621627393,0.5269023276260544,0.1,ok
burgers,pod_edmd_rbf,POD-EDMD-RBF,16,0.08,0.05,3,5,8,system,0.6666666666666666,0.32383036066418336,0.5035891957729319,0.1,ok
burgers,baseline,Baseline,16,0.08,0.05,4,1,0,system,0.6666666666666666,0.46205584508995723,0.4559789346662391,0.1,ok
burgers,pydmd_optdmd,PyDMD optimized DMD,16,0.08,0.05,4,5,8,system,0.6666666666666666,0.27157623350406035,0.5242836796576049,0.1,ok
burgers,pod_edmd_rbf,POD-EDMD-RBF,16,0.08,0.05,4,5,8,system,0.6666666666666666,0.5740060500069636,0.4235477155019304,0.3,ok
burgers,baseline,Baseline,16,0.08,0.05,5,1,0,system,0.6666666666666666,0.45300361038365833,0.45881969040024384,0.1,ok
burgers,pydmd_optdmd,PyDMD optimized DMD,16,0.08,0.05,5,5,8,system,0.6666666666666666,0.25170683473311417,0.5326060768924471,0.1,ok
burgers,pod_edmd_rbf,POD-EDMD-RBF,16,0.08,0.05,5,5,8,system,0.6666666666666666,0.2987864677955364,0.5132996710369312,0.1,ok
burgers,baseline,Baseline,16,0.08,0.05,6,1,0,system,0.6666666666666666,0.46153259870482394,0.4561421806516331,0.1,ok
burgers,pydmd_optdmd,PyDMD optimized DMD,16,0.08,0.05,6,5,8,system,0.6666666666666666,0.2625896468928085,0.5280153122650034,0.1,ok
burgers,pod_edmd_rbf,POD-EDMD-RBF,16,0.08,0.05,6,5,8,system,0.6666666666666666,0.3186987573505424,0.5055488700134191,0.1,ok
burgers,baseline,Baseline,16,0.08,0.05,7,1,0,system,0.6666666666666666,0.48011847117767964,0.4504143956370079,0.1,ok
burgers,pydmd_optdmd,PyDMD optimized DMD,16,0.08,0.05,7,5,8,system,0.6666666666666666,0.27558988833038045,0.5226340164386742,0.1,ok
burgers,pod_edmd_rbf,POD-EDMD-RBF,16,0.08,0.05,7,5,8,system,0.6666666666666666,0.3614357577907415,0.48967912209717074,0.1,ok
burgers,baseline,Baseline,16,0.08,0.1,0,1,0,system,0.6666666666666666,0.7758157087739986,0.3754143312128515,0.1,ok
burgers,pydmd_optdmd,PyDMD optimized DMD,16,0.08,0.1,0,5,8,system,0.6666666666666666,0.4817843606351988,0.4499080192619158,0.1,ok
burgers,pod_edmd_rbf,POD-EDMD-RBF,16,0.08,0.1,0,5,8,system,0.6666666666666666,0.6442630679130551,0.40545012515109197,0.1,ok
burgers,baseline,Baseline,16,0.08,0.1,1,1,0,system,0.6666666666666666,0.7325816825055997,0.38478224339908546,0.1,ok
burgers,pydmd_optdmd,PyDMD optimized DMD,16,0.08,0.1,1,5,8,system,0.6666666666666666,0.4662263526404067,0.45468195648381393,0.1,ok
burgers,pod_edmd_rbf,POD-EDMD-RBF,16,0.08,0.1,1,5,8,system,0.4,0.9866704074064426,0.20134190276795425,0.0,ok
burgers,baseline,Baseline,16,0.08,0.1,2,1,0,system,0.6666666666666666,0.7590338986937734,0.3789959176805639,0.1,ok
burgers,pydmd_optdmd,PyDMD optimized DMD,16,0.08,0.1,2,5,8,system,0.6666666666666666,0.49143683201384103,0.4469962470797286,0.1,ok
burgers,pod_edmd_rbf,POD-EDMD-RBF,16,0.08,0.1,2,5,8,system,0.5,0.7842920288227627,0.2802231876414811,0.1,ok
burgers,baseline,Baseline,16,0.08,0.1,3,1,0,system,0.6666666666666666,0.7344771171434018,0.3843617537973829,0.1,ok
burgers,pydmd_optdmd,PyDMD optimized DMD,16,0.08,0.1,3,5,8,system,0.6666666666666666,0.4339359379085208,0.46492081622491366,0.1,ok
burgers,pod_edmd_rbf,POD-EDMD-RBF,16,0.08,0.1,3,5,8,system,0.6666666666666666,0.5879614096540019,0.4198254835499595,0.1,ok
burgers,baseline,Baseline,16,0.08,0.1,4,1,0,system,0.6666666666666666,0.6940013510737572,0.3935455342134729,0.1,ok
burgers,pydmd_optdmd,PyDMD optimized DMD,16,0.08,0.1,4,5,8,system,0.6666666666666666,0.45419613628758976,0.4584434314126269,0.1,ok
burgers,pod_edmd_rbf,POD-EDMD-RBF,16,0.08,0.1,4,5,8,system,0.4444444444444444,1.0251349550576512,0.21946411192719353,0.001,ok
burgers,baseline,Baseline,16,0.08,0.1,5,1,0,system,0.6666666666666666,0.7553613165781264,0.37978885621466013,0.1,ok
burgers,pydmd_optdmd,PyDMD optimized DMD,16,0.08,0.1,5,5,8,system,0.6666666666666666,0.479293389234207,0.4506656161099883,0.1,ok
burgers,pod_edmd_rbf,POD-EDMD-RBF,16,0.08,0.1,5,5,8,system,0.6666666666666666,0.673954171912807,0.3982586129612346,0.1,ok
burgers,baseline,Baseline,16,0.08,0.1,6,1,0,system,0.6666666666666666,0.7424451811601559,0.3826040978935052,0.1,ok
burgers,pydmd_optdmd,PyDMD optimized DMD,16,0.08,0.1,6,5,8,system,0.6666666666666666,0.45402629193446303,0.4584969820454355,0.1,ok
burgers,pod_edmd_rbf,POD-EDMD-RBF,16,0.08,0.1,6,5,8,system,0.6666666666666666,0.7172600481219684,0.38821532440339906,0.1,ok
burgers,baseline,Baseline,16,0.08,0.1,7,1,0,system,0.6666666666666666,0.7812432574716165,0.3742704225659587,0.1,ok
burgers,pydmd_optdmd,PyDMD optimized DMD,16,0.08,0.1,7,5,8,system,0.6666666666666666,0.47439790258514075,0.452161974388165,0.1,ok
burgers,pod_edmd_rbf,POD-EDMD-RBF,16,0.08,0.1,7,5,8,system,0.4,0.9972248393212566,0.2002779016787801,0.0,ok
burgers,baseline,Baseline,32,0.16,0.0,0,1,0,system,1.0,0.036309632724712285,0.964962563718292,0.01,ok
burgers,pydmd_optdmd,PyDMD optimized DMD,32,0.16,0.0,0,5,8,system,1.0,0.004999546241717743,0.9950253248765991,0.01,ok
burgers,pod_edmd_rbf,POD-EDMD-RBF,32,0.16,0.0,0,5,8,system,1.0,0.0050905685477986035,0.9949352140920457,0.01,ok
burgers,baseline,Baseline,32,0.16,0.0,1,1,0,system,1.0,0.036309632724712285,0.964962563718292,0.01,ok
burgers,pydmd_optdmd,PyDMD optimized DMD,32,0.16,0.0,1,5,8,system,1.0,0.004999546241717743,0.9950253248765991,0.01,ok
burgers,pod_edmd_rbf,POD-EDMD-RBF,32,0.16,0.0,1,5,8,system,1.0,0.0050988453267263026,0.9949270210084972,0.01,ok
burgers,baseline,Baseline,32,0.16,0.0,2,1,0,system,1.0,0.036309632724712285,0.964962563718292,0.01,ok
burgers,pydmd_optdmd,PyDMD optimized DMD,32,0.16,0.0,2,5,8,system,1.0,0.004999546241717743,0.9950253248765991,0.01,ok
burgers,pod_edmd_rbf,POD-EDMD-RBF,32,0.16,0.0,2,5,8,system,1.0,0.005105303469445021,0.9949206282646978,0.01,ok
burgers,baseline,Baseline,32,0.16,0.0,3,1,0,system,1.0,0.036309632724712285,0.964962563718292,0.01,ok
burgers,pydmd_optdmd,PyDMD optimized DMD,32,0.16,0.0,3,5,8,system,1.0,0.004999546241717743,0.9950253248765991,0.01,ok
burgers,pod_edmd_rbf,POD-EDMD-RBF,32,0.16,0.0,3,5,8,system,1.0,0.005103307637156424,0.9949226038772536,0.01,ok
burgers,baseline,Baseline,32,0.16,0.0,4,1,0,system,1.0,0.036309632724712285,0.964962563718292,0.01,ok
burgers,pydmd_optdmd,PyDMD optimized DMD,32,0.16,0.0,4,5,8,system,1.0,0.004999546241717743,0.9950253248765991,0.01,ok
burgers,pod_edmd_rbf,POD-EDMD-RBF,32,0.16,0.0,4,5,8,system,1.0,0.005100537454684042,0.9949253460080714,0.01,ok
burgers,baseline,Baseline,32,0.16,0.0,5,1,0,system,1.0,0.036309632724712285,0.964962563718292,0.01,ok
burgers,pydmd_optdmd,PyDMD optimized DMD,32,0.16,0.0,5,5,8,system,1.0,0.004999546241717743,0.9950253248765991,0.01,ok
burgers,pod_edmd_rbf,POD-EDMD-RBF,32,0.16,0.0,5,5,8,system,1.0,0.005096213395972413,0.9949296263103473,0.01,ok
burgers,baseline,Baseline,32,0.16,0.0,6,1,0,system,1.0,0.036309632724712285,0.964962563718292,0.01,ok
burgers,pydmd_optdmd,PyDMD optimized DMD,32,0.16,0.0,6,5,8,system,1.0,0.004999546241717743,0.9950253248765991,0.01,ok
burgers,pod_edmd_rbf,POD-EDMD-RBF,32,0.16,0.0,6,5,8,system,1.0,0.005104285264423436,0.9949216361533265,0.01,ok
burgers,baseline,Baseline,32,0.16,0.0,7,1,0,system,1.0,0.036309632724712285,0.964962563718292,0.01,ok
burgers,pydmd_optdmd,PyDMD optimized DMD,32,0.16,0.0,7,5,8,system,1.0,0.004999546241717743,0.9950253248765991,0.01,ok
burgers,pod_edmd_rbf,POD-EDMD-RBF,32,0.16,0.0,7,5,8,system,1.0,0.005101641771558476,0.9949242528720115,0.01,ok
burgers,baseline,Baseline,32,0.16,0.01,0,1,0,system,0.6666666666666666,0.19957306969526412,0.5557532788194591,0.1,ok
burgers,pydmd_optdmd,PyDMD optimized DMD,32,0.16,0.01,0,5,8,system,0.8,0.06779318817367987,0.7492087502152874,0.03,ok
burgers,pod_edmd_rbf,POD-EDMD-RBF,32,0.16,0.01,0,5,8,system,0.6666666666666666,0.20517216255117693,0.5531713122674762,0.1,ok
burgers,baseline,Baseline,32,0.16,0.01,1,1,0,system,0.6666666666666666,0.2038256599545234,0.5537900452228698,0.1,ok
burgers,pydmd_optdmd,PyDMD optimized DMD,32,0.16,0.01,1,5,8,system,0.6666666666666666,0.15738679415081314,0.5760102586584349,0.1,ok
burgers,pod_edmd_rbf,POD-EDMD-RBF,32,0.16,0.01,1,5,8,system,0.6666666666666666,0.16263326437150114,0.5734109689585174,0.1,ok
burgers,baseline,Baseline,32,0.16,0.01,2,1,0,system,0.6666666666666666,0.19467295768046,0.5580327757322355,0.1,ok
burgers,pydmd_optdmd,PyDMD optimized DMD,32,0.16,0.01,2,5,8,system,0.8,0.0651975768757014,0.7510343783793197,0.03,ok
burgers,pod_edmd_rbf,POD-EDMD-RBF,32,0.16,0.01,2,5,8,system,0.6666666666666666,0.1514957694521177,0.5789571133065187,0.1,ok
burgers,baseline,Baseline,32,0.16,0.01,3,1,0,system,0.6666666666666666,0.20348142280947693,0.5539484482530368,0.1,ok
burgers,pydmd_optdmd,PyDMD optimized DMD,32,0.16,0.01,3,5,8,system,0.8,0.07223588037609364,0.7461044856281016,0.03,ok
burgers,pod_edmd_rbf,POD-EDMD-RBF,32,0.16,0.01,3,5,8,system,0.6666666666666666,0.15905388218485003,0.5751817727489776,0.1,ok
burgers,baseline,Baseline,32,0.16,0.01,4,1,0,system,0.6666666666666666,0.20034095329078994,0.5553977516462879,0.1,ok
burgers,pydmd_optdmd,PyDMD optimized DMD,32,0.16,0.01,4,5,8,system,0.8,0.07506501696341752,0.744141040194616,0.03,ok
burgers,pod_edmd_rbf,POD-EDMD-RBF,32,0.16,0.01,4,5,8,system,0.6666666666666666,0.156490137597504,0.5764568542292993,0.1,ok
burgers,baseline,Baseline,32,0.16,0.01,5,1,0,system,0.6666666666666666,0.20183718810661894,0.5547063056993078,0.1,ok
burgers,pydmd_optdmd,PyDMD optimized DMD,32,0.16,0.01,5,5,8,system,0.6666666666666666,0.15472174015809864,0.5773396684948444,0.1,ok
burgers,pod_edmd_rbf,POD-EDMD-RBF,32,0.16,0.01,5,5,8,system,0.6666666666666666,0.1547446142643264,0.5773282320882628,0.1,ok
burgers,baseline,Baseline,32,0.16,0.01,6,1,0,system,0.6666666666666666,0.20470167860564253,0.5533873476778802,0.1,ok
burgers,pydmd_optdmd,PyDMD optimized DMD,32,0.16,0.01,6,5,8,system,0.6666666666666666,0.15882725048107682,0.5752942609779895,0.1,ok
burgers,pod_edmd_rbf,POD-EDMD-RBF,32,0.16,0.01,6,5,8,system,0.6666666666666666,0.1619005745482909,0.5737725596063544,0.1,ok
burgers,baseline,Baseline,32,0.16,0.01,7,1,0,system,0.6666666666666666,0.19982447625658892,0.5556368284356423,0.1,ok
burgers,pydmd_optdmd,PyDMD optimized DMD,32,0.16,0.01,7,5,8,system,0.6666666666666666,0.153125533303289,0.5781388473437986,0.1,ok
burgers,pod_edmd_rbf,POD-EDMD-RBF,32,0.16,0.01,7,5,8,system,0.6666666666666666,0.16357249993206252,0.5729481117039044,0.1,ok
burgers,baseline,Baseline,32,0.16,0.03,0,1,0,system,0.6666666666666666,0.3170770659356979,0.506171342519766,0.1,ok
burgers,pydmd_optdmd,PyDMD optimized DMD,32,0.16,0.03,0,5,8,system,0.6666666666666666,0.2759795468212552,0.5224744145213609,0.3,ok
burgers,pod_edmd_rbf,POD-EDMD-RBF,32,0.16,0.03,0,5,8,system,0.6666666666666666,0.25731292994906235,0.5302312978628759,0.1,ok
burgers,baseline,Baseline,32,0.16,0.03,1,1,0,system,0.6666666666666666,0.29523034243338286,0.514708963205867,0.1,ok
burgers,pydmd_optdmd,PyDMD optimized DMD,32,0.16,0.03,1,5,8,system,0.6666666666666666,0.2074611658047329,0.552122656650705,0.1,ok
burgers,pod_edmd_rbf,POD-EDMD-RBF,32,0.16,0.03,1,5,8,system,0.6666666666666666,0.23094142743209614,0.5415908927993592,0.1,ok
burgers,baseline,Baseline,32,0.16,0.03,2,1,0,system,0.6666666666666666,0.3201165274611806,0.5050059239458091,0.1,ok
burgers,pydmd_optdmd,PyDMD optimized DMD,32,0.16,0.03,2,5,8,system,0.6666666666666666,0.23143968508243354,0.5413717575798602,0.1,ok
burgers,pod_edmd_rbf,POD-EDMD-RBF,32,0.16,0.03,2,5,8,system,0.6666666666666666,0.5557400225209675,0.4285206120662629,0.1,ok
burgers,baseline,Baseline,32,0.16,0.03,3,1,0,system,0.6666666666666666,0.3212814098984155,0.5045606951496594,0.1,ok
burgers,pydmd_optdmd,PyDMD optimized DMD,32,0.16,0.03,3,5,8,system,0.6666666666666666,0.22972320742024685,0.5421274174903322,0.1,ok
burgers,pod_edmd_rbf,POD-EDMD-RBF,32,0.16,0.03,3,5,8,system,0.6666666666666666,0.2556155514616817,0.5309480803185255,0.1,ok
burgers,baseline,Baseline,32,0.16,0.03,4,1,0,system,0.6666666666666666,0.30968123680700976,0.5090297149648364,0.1,ok
burgers,pydmd_optdmd,PyDMD optimized DMD,32,0.16,0.03,4,5,8,system,0.6666666666666666,0.22522992319345472,0.544115560717827,0.1,ok
burgers,pod_edmd_rbf,POD-EDMD-RBF,32,0.16,0.03,4,5,8,system,0.6666666666666666,0.36941753410251543,0.4868249822020751,0.1,ok
burgers,baseline,Baseline,32,0.16,0.03,5,1,0,system,0.6666666666666666,0.30928312039101086,0.5091844966790452,0.1,ok
burgers,pydmd_optdmd,PyDMD optimized DMD,32,0.16,0.03,5,5,8,system,0.6666666666666666,0.2230468992463168,0.5450867559351071,0.1,ok
burgers,pod_edmd_rbf,POD-EDMD-RBF,32,0.16,0.03,5,5,8,system,0.6666666666666666,0.34778437488191366,0.4946389638365386,0.1,ok
burgers,baseline,Baseline,32,0.16,0.03,6,1,0,system,0.6666666666666666,0.3292531160071181,0.5015347781686875,0.1,ok
burgers,pydmd_optdmd,PyDMD optimized DMD,32,0.16,0.03,6,5,8,system,0.6666666666666666,0.2336884564118934,0.5403849433799724,0.1,ok
burgers,pod_edmd_rbf,POD-EDMD-RBF,32,0.16,0.03,6,5,8,system,0.6666666666666666,0.282472909606977,0.519829044085595,0.1,ok
burgers,baseline,Baseline,32,0.16,0.03,7,1,0,system,0.6666666666666666,0.3256179992252452,0.5029100895252618,0.1,ok
burgers,pydmd_optdmd,PyDMD optimized DMD,32,0.16,0.03,7,5,8,system,0.6666666666666666,0.2125587739812261,0.5498015279521523,0.1,ok
burgers,pod_edmd_rbf,POD-EDMD-RBF,32,0.16,0.03,7,5,8,system,0.6666666666666666,0.2440990689557194,0.535863005850698,0.1,ok
burgers,baseline,Baseline,32,0.16,0.05,0,1,0,system,0.6666666666666666,0.44579371523427236,0.4611077359391079,0.1,ok
burgers,pydmd_optdmd,PyDMD optimized DMD,32,0.16,0.05,0,5,8,system,0.6666666666666666,0.4656332929057271,0.4548659408145337,0.1,ok
burgers,pod_edmd_rbf,POD-EDMD-RBF,32,0.16,0.05,0,5,8,system,0.6666666666666666,0.4433929738431075,0.461874679139966,0.1,ok
burgers,baseline,Baseline,32,0.16,0.05,1,1,0,system,0.6666666666666666,0.46349215892279855,0.4555314236581669,0.1,ok
burgers,pydmd_optdmd,PyDMD optimized DMD,32,0.16,0.05,1,5,8,system,0.6666666666666666,0.34073981784908186,0.49723791133180834,0.1,ok
burgers,pod_edmd_rbf,POD-EDMD-RBF,32,0.16,0.05,1,5,8,system,0.6666666666666666,0.43258135152641386,0.46536042505113867,0.1,ok
burgers,baseline,Baseline,32,0.16,0.05,2,1,0,system,0.6666666666666666,0.48931047006243,0.4476344456496843,0.1,ok
burgers,pydmd_optdmd,PyDMD optimized DMD,32,0.16,0.05,2,5,8,system,0.4444444444444444,743.2033780429803,0.0005972083136913365,0.0,ok
burgers,pod_edmd_rbf,POD-EDMD-RBF,32,0.16,0.05,2,5,8,system,0.6666666666666666,0.4354127650820276,0.4644424815523843,0.1,ok
burgers,baseline,Baseline,32,0.16,0.05,3,1,0,system,0.6666666666666666,0.4594670755081463,0.4567877397539452,0.1,ok
burgers,pydmd_optdmd,PyDMD optimized DMD,32,0.16,0.05,3,5,8,system,0.6666666666666666,0.32515558744715933,0.5030855795212424,0.1,ok
burgers,pod_edmd_rbf,POD-EDMD-RBF,32,0.16,0.05,3,5,8,system,0.6666666666666666,0.3487120229572462,0.4942987497100408,0.1,ok
burgers,baseline,Baseline,32,0.16,0.05,4,1,0,system,0.6666666666666666,0.4837548557175735,0.44931052060096094,0.1,ok
burgers,pydmd_optdmd,PyDMD optimized DMD,32,0.16,0.05,4,5,8,system,0.6666666666666666,0.3820082414704348,0.48238979093014955,0.1,ok
burgers,pod_edmd_rbf,POD-EDMD-RBF,32,0.16,0.05,4,5,8,system,0.6666666666666666,0.390355427912192,0.4794936987211662,0.1,ok
burgers,baseline,Baseline,32,0.16,0.05,5,1,0,system,0.6666666666666666,0.5042591324610368,0.4431860523764741,0.1,ok
burgers,pydmd_optdmd,PyDMD optimized DMD,32,0.16,0.05,5,5,8,system,0.6666666666666666,0.3431956300335476,0.4963287936322544,0.1,ok
burgers,pod_edmd_rbf,POD-EDMD-RBF,32,0.16,0.05,5,5,8,system,0.6666666666666666,0.39892121477941883,0.4765576929018024,0.1,ok
burgers,baseline,Baseline,32,0.16,0.05,6,1,0,system,0.6666666666666666,0.4873558763647136,0.44822269993384806,0.1,ok
burgers,pydmd_optdmd,PyDMD optimized DMD,32,0.16,0.05,6,5,8,system,0.6666666666666666,0.32555908266475375,0.5029324421560112,0.1,ok
burgers,pod_edmd_rbf,POD-EDMD-RBF,32,0.16,0.05,6,5,8,system,0.6666666666666666,0.38419302602960564,0.4816283958451382,0.1,ok
burgers,baseline,Baseline,32,0.16,0.05,7,1,0,system,0.6666666666666666,0.5131880260089501,0.4405709371260406,0.1,ok
burgers,pydmd_optdmd,PyDMD optimized DMD,32,0.16,0.05,7,5,8,system,0.6666666666666666,0.36758732507517955,0.4874764882966566,0.1,ok
burgers,pod_edmd_rbf,POD-EDMD-RBF,32,0.16,0.05,7,5,8,system,0.6666666666666666,0.44757788567981843,0.4605394108750034,0.1,ok
burgers,baseline,Baseline,32,0.16,0.1,0,1,0,system,0.6666666666666666,0.7176240576069607,0.38813305141724913,0.1,ok
burgers,pydmd_optdmd,PyDMD optimized DMD,32,0.16,0.1,0,5,0,system,,,,,fail: RuntimeError: LinAlgError: SVD did not converge in Linear Least Squares
burgers,pod_edmd_rbf,POD-EDMD-RBF,32,0.16,0.1,0,5,8,system,0.5,0.9996635605160654,0.2500420620111525,0.0001,ok
burgers,baseline,Baseline,32,0.16,0.1,1,1,0,system,0.6666666666666666,0.748195145794253,0.3813456800120456,0.1,ok
burgers,pydmd_optdmd,PyDMD optimized DMD,32,0.16,0.1,1,5,8,system,0.6666666666666666,0.8149560034154525,0.3673183622149012,0.1,ok
burgers,pod_edmd_rbf,POD-EDMD-RBF,32,0.16,0.1,1,5,8,system,0.6666666666666666,0.7389274125974779,0.38337808803120227,0.1,ok
burgers,baseline,Baseline,32,0.16,0.1,2,1,0,system,0.6666666666666666,0.7101159934704909,0.38983710415674233,0.1,ok
burgers,pydmd_optdmd,PyDMD optimized DMD,32,0.16,0.1,2,5,8,system,0.6666666666666666,0.6163306626368018,0.4124568580411013,0.3,ok
burgers,pod_edmd_rbf,POD-EDMD-RBF,32,0.16,0.1,2,5,8,system,0.6666666666666666,0.6960334899529096,0.39307399919631103,0.3,ok
burgers,baseline,Baseline,32,0.16,0.1,3,1,0,system,0.6666666666666666,0.7683980325513989,0.37698903436621517,0.1,ok
burgers,pydmd_optdmd,PyDMD optimized DMD,32,0.16,0.1,3,5,8,system,0.6666666666666666,0.7312818332438265,0.3850711385433778,0.1,ok
burgers,pod_edmd_rbf,POD-EDMD-RBF,32,0.16,0.1,3,5,8,system,0.4,1.0444329338662879,0.19565327547504732,0.0,ok
burgers,baseline,Baseline,32,0.16,0.1,4,1,0,system,0.6666666666666666,0.7704116503340303,0.3765602573508167,0.1,ok
burgers,pydmd_optdmd,PyDMD optimized DMD,32,0.16,0.1,4,5,8,system,0.6666666666666666,0.6213799301809367,0.4111723935008067,0.1,ok
burgers,pod_edmd_rbf,POD-EDMD-RBF,32,0.16,0.1,4,5,8,system,0.6666666666666666,0.7513359557908882,0.38066178248798965,0.1,ok
burgers,baseline,Baseline,32,0.16,0.1,5,1,0,system,0.6666666666666666,0.7279540028097585,0.3858127389864695,0.1,ok
burgers,pydmd_optdmd,PyDMD optimized DMD,32,0.16,0.1,5,5,8,system,0.6666666666666666,0.568890199606491,0.4249288234663458,0.1,ok
burgers,pod_edmd_rbf,POD-EDMD-RBF,32,0.16,0.1,5,5,8,system,0.6666666666666666,0.8412476793520682,0.3620733235092334,0.1,ok
burgers,baseline,Baseline,32,0.16,0.1,6,1,0,system,0.5,0.7471726403570114,0.2861766424512186,0.03,ok
burgers,pydmd_optdmd,PyDMD optimized DMD,32,0.16,0.1,6,5,8,system,0.6666666666666666,0.6552627889371536,0.4027557866474689,0.3,ok
burgers,pod_edmd_rbf,POD-EDMD-RBF,32,0.16,0.1,6,5,8,system,0.6666666666666666,0.7363846141362581,0.3839395150355506,0.1,ok
burgers,baseline,Baseline,32,0.16,0.1,7,1,0,system,0.6666666666666666,0.7366488350114992,0.3838811009033109,0.1,ok
burgers,pydmd_optdmd,PyDMD optimized DMD,32,0.16,0.1,7,5,8,system,0.6666666666666666,0.6140276442010831,0.4130453831208421,0.1,ok
burgers,pod_edmd_rbf,POD-EDMD-RBF,32,0.16,0.1,7,5,8,system,0.6666666666666666,0.8215494755994536,0.36598877801398905,0.1,ok
fisher_kpp,baseline,Baseline,4,0.02,0.0,0,1,0,system,1.0,0.00012506429405715374,0.9998749513450647,0.003,ok
fisher_kpp,pydmd_optdmd,PyDMD optimized DMD,4,0.02,0.0,0,5,5,system,1.0,5.842120859132608e-05,0.999941582204247,0.001,ok
fisher_kpp,pod_edmd_rbf,POD-EDMD-RBF,4,0.02,0.0,0,5,5,system,1.0,0.0001319943130435841,0.9998680231071557,0.003,ok
fisher_kpp,baseline,Baseline,4,0.02,0.0,1,1,0,system,1.0,0.00012506429405715374,0.9998749513450647,0.003,ok
fisher_kpp,pydmd_optdmd,PyDMD optimized DMD,4,0.02,0.0,1,5,5,system,1.0,4.7762096661863e-05,0.9999522401844471,0.001,ok
fisher_kpp,pod_edmd_rbf,POD-EDMD-RBF,4,0.02,0.0,1,5,5,system,1.0,0.0001477773299948013,0.9998522445049178,0.003,ok
fisher_kpp,baseline,Baseline,4,0.02,0.0,2,1,0,system,1.0,0.00012506429405715374,0.9998749513450647,0.003,ok
fisher_kpp,pydmd_optdmd,PyDMD optimized DMD,4,0.02,0.0,2,5,5,system,1.0,4.8186209351018186e-05,0.9999518161124478,0.001,ok
fisher_kpp,pod_edmd_rbf,POD-EDMD-RBF,4,0.02,0.0,2,5,5,system,1.0,0.00012557354420307832,0.999874442222532,0.003,ok
fisher_kpp,baseline,Baseline,4,0.02,0.0,3,1,0,system,1.0,0.00012506429405715374,0.9998749513450647,0.003,ok
fisher_kpp,pydmd_optdmd,PyDMD optimized DMD,4,0.02,0.0,3,5,5,system,1.0,4.0468166777032146e-05,0.9999595334708293,0.001,ok
fisher_kpp,pod_edmd_rbf,POD-EDMD-RBF,4,0.02,0.0,3,5,5,system,1.0,0.00013936451426501493,0.9998606549054964,0.003,ok
fisher_kpp,baseline,Baseline,4,0.02,0.0,4,1,0,system,1.0,0.00012506429405715374,0.9998749513450647,0.003,ok
fisher_kpp,pydmd_optdmd,PyDMD optimized DMD,4,0.02,0.0,4,5,5,system,1.0,3.6797677600207735e-05,0.9999632036764191,0.001,ok
fisher_kpp,pod_edmd_rbf,POD-EDMD-RBF,4,0.02,0.0,4,5,5,system,1.0,0.00014352064555580627,0.9998564999496641,0.003,ok
fisher_kpp,baseline,Baseline,4,0.02,0.0,5,1,0,system,1.0,0.00012506429405715374,0.9998749513450647,0.003,ok
fisher_kpp,pydmd_optdmd,PyDMD optimized DMD,4,0.02,0.0,5,5,5,system,1.0,5.8922102532722766e-05,0.999941081369077,0.001,ok
fisher_kpp,pod_edmd_rbf,POD-EDMD-RBF,4,0.02,0.0,5,5,5,system,1.0,0.0001664334370637403,0.9998335942584158,0.003,ok
fisher_kpp,baseline,Baseline,4,0.02,0.0,6,1,0,system,1.0,0.00012506429405715374,0.9998749513450647,0.003,ok
fisher_kpp,pydmd_optdmd,PyDMD optimized DMD,4,0.02,0.0,6,5,5,system,1.0,5.633329840636944e-05,0.9999436698748555,0.001,ok
fisher_kpp,pod_edmd_rbf,POD-EDMD-RBF,4,0.02,0.0,6,5,5,system,1.0,0.0001348647208659914,0.9998651534651741,0.003,ok
fisher_kpp,baseline,Baseline,4,0.02,0.0,7,1,0,system,1.0,0.00012506429405715374,0.9998749513450647,0.003,ok
fisher_kpp,pydmd_optdmd,PyDMD optimized DMD,4,0.02,0.0,7,5,5,system,1.0,5.029744338526781e-05,0.9999497050863202,0.001,ok
fisher_kpp,pod_edmd_rbf,POD-EDMD-RBF,4,0.02,0.0,7,5,5,system,1.0,0.00013257411240048052,0.999867443461165,0.003,ok
fisher_kpp,baseline,Baseline,4,0.02,0.01,0,1,0,system,0.8,0.04165752877014047,0.7680067372474526,0.1,ok
fisher_kpp,pydmd_optdmd,PyDMD optimized DMD,4,0.02,0.01,0,5,5,system,0.8571428571428571,0.021064146518052076,0.8394603415131304,0.01,ok
fisher_kpp,pod_edmd_rbf,POD-EDMD-RBF,4,0.02,0.01,0,5,5,system,0.8,0.04439365935994451,0.76599469254752,0.03,ok
fisher_kpp,baseline,Baseline,4,0.02,0.01,1,1,0,system,0.8,0.043239013835461707,0.7668424870910503,0.03,ok
fisher_kpp,pydmd_optdmd,PyDMD optimized DMD,4,0.02,0.01,1,5,5,system,0.8571428571428571,0.020344478319739907,0.8400524287193317,0.01,ok
fisher_kpp,pod_edmd_rbf,POD-EDMD-RBF,4,0.02,0.01,1,5,5,system,0.8,0.04419983142195082,0.7661368790977405,0.03,ok
fisher_kpp,baseline,Baseline,4,0.02,0.01,2,1,0,system,0.8,0.04032963077386396,0.7689870367384506,0.03,ok
fisher_kpp,pydmd_optdmd,PyDMD optimized DMD,4,0.02,0.01,2,5,5,system,0.8,0.04380058062927202,0.7664299243038427,0.03,ok
fisher_kpp,pod_edmd_rbf,POD-EDMD-RBF,4,0.02,0.01,2,5,5,system,0.8571428571428571,0.01989001664126148,0.8404267550001429,0.01,ok
fisher_kpp,baseline,Baseline,4,0.02,0.01,3,1,0,system,0.8,0.040059998478669624,0.7691863942178208,0.03,ok
fisher_kpp,pydmd_optdmd,PyDMD optimized DMD,4,0.02,0.01,3,5,5,system,0.8571428571428571,0.016805977863394776,0.8429758241035951,0.01,ok
fisher_kpp,pod_edmd_rbf,POD-EDMD-RBF,4,0.02,0.01,3,5,5,system,0.8571428571428571,0.023294499188730288,0.8376306701759869,0.01,ok
fisher_kpp,baseline,Baseline,4,0.02,0.01,4,1,0,system,0.8,0.042236103977551766,0.7675803946408201,0.1,ok
fisher_kpp,pydmd_optdmd,PyDMD optimized DMD,4,0.02,0.01,4,5,5,system,0.8571428571428571,0.02477722357246894,0.8364187234321788,0.01,ok
fisher_kpp,pod_edmd_rbf,POD-EDMD-RBF,4,0.02,0.01,4,5,5,system,0.8571428571428571,0.02954558589872231,0.8325448322860133,0.03,ok
fisher_kpp,baseline,Baseline,4,0.02,0.01,5,1,0,system,0.8,0.040478605001205814,0.7688769342826351,0.03,ok
fisher_kpp,pydmd_optdmd,PyDMD optimized DMD,4,0.02,0.01,5,5,5,system,0.8571428571428571,0.023379291531572935,0.8375612680808412,0.01,ok
fisher_kpp,pod_edmd_rbf,POD-EDMD-RBF,4,0.02,0.01,5,5,5,system,0.8571428571428571,0.025208915998873135,0.8360665263115984,0.01,ok
fisher_kpp,baseline,Baseline,4,0.02,0.01,6,1,0,system,0.8,0.041235621141249616,0.7683179328067526,0.03,ok
fisher_kpp,pydmd_optdmd,PyDMD optimized DMD,4,0.02,0.01,6,5,5,system,0.8571428571428571,0.021268503825174954,0.839292364282671,0.01,ok
fisher_kpp,pod_edmd_rbf,POD-EDMD-RBF,4,0.02,0.01,6,5,5,system,0.8,0.04132098209655555,0.7682549509271492,0.03,ok
fisher_kpp,baseline,Baseline,4,0.02,0.01,7,1,0,system,0.8,0.042824158061598984,0.767147551977545,0.03,ok
fisher_kpp,pydmd_optdmd,PyDMD optimized DMD,4,0.02,0.01,7,5,5,system,0.8571428571428571,0.023084774194684167,0.8378023784173237,0.01,ok
fisher_kpp,pod_edmd_rbf,POD-EDMD-RBF,4,0.02,0.01,7,5,5,system,0.8571428571428571,0.027284931152408102,0.8343769397856486,0.01,ok
fisher_kpp,baseline,Baseline,4,0.02,0.03,0,1,0,system,0.8,0.03510794495698641,0.7728662540922182,0.1,ok
fisher_kpp,pydmd_optdmd,PyDMD optimized DMD,4,0.02,0.03,0,5,5,system,0.8,0.04282427643599156,0.7671474648961185,0.1,ok
fisher_kpp,pod_edmd_rbf,POD-EDMD-RBF,4,0.02,0.03,0,5,5,system,0.8,0.0493205044988985,0.7623981391481899,0.1,ok
fisher_kpp,baseline,Baseline,4,0.02,0.03,1,1,0,system,0.8,0.04370895666538512,0.7664972068036793,0.3,ok
fisher_kpp,pydmd_optdmd,PyDMD optimized DMD,4,0.02,0.03,1,5,5,system,0.8,0.043215011366146285,0.7668601307340823,0.03,ok
fisher_kpp,pod_edmd_rbf,POD-EDMD-RBF,4,0.02,0.03,1,5,5,system,0.8,0.04876318452647519,0.7628032827651233,0.1,ok
fisher_kpp,baseline,Baseline,4,0.02,0.03,2,1,0,system,0.8,0.0395901765075603,0.7695340126121152,0.1,ok
fisher_kpp,pydmd_optdmd,PyDMD optimized DMD,4,0.02,0.03,2,5,5,system,0.8,0.04225306514340549,0.7675679033766397,0.03,ok
fisher_kpp,pod_edmd_rbf,POD-EDMD-RBF,4,0.02,0.03,2,5,5,system,0.8,0.040890077082999375,0.768572991148045,0.1,ok
fisher_kpp,baseline,Baseline,4,0.02,0.03,3,1,0,system,0.8,0.03660674613180495,0.7717487880387378,0.3,ok
fisher_kpp,pydmd_optdmd,PyDMD optimized DMD,4,0.02,0.03,3,5,5,system,0.8571428571428571,0.02957197464811099,0.8325234934991437,0.01,ok
fisher_kpp,pod_edmd_rbf,POD-EDMD-RBF,4,0.02,0.03,3,5,5,system,0.8,0.04246899684583551,0.767408913282346,0.3,ok
fisher_kpp,baseline,Baseline,4,0.02,0.03,4,1,0,system,0.8,0.040707201010080886,0.7687080470122074,0.1,ok
fisher_kpp,pydmd_optdmd,PyDMD optimized DMD,4,0.02,0.03,4,5,5,system,0.8,0.044036595842373336,0.7662566649347438,0.03,ok
fisher_kpp,pod_edmd_rbf,POD-EDMD-RBF,4,0.02,0.03,4,5,5,system,0.8,0.046642077082665226,0.7643491672242554,0.1,ok
fisher_kpp,baseline,Baseline,4,0.02,0.03,5,1,0,system,0.8,0.04157729333732345,0.7680658988222714,0.1,ok
fisher_kpp,pydmd_optdmd,PyDMD optimized DMD,4,0.02,0.03,5,5,5,system,0.8,0.04400270266542134,0.7662815411852257,0.03,ok
fisher_kpp,pod_edmd_rbf,POD-EDMD-RBF,4,0.02,0.03,5,5,5,system,0.8,0.034993926481419683,0.7729513956856652,0.03,ok
fisher_kpp,baseline,Baseline,4,0.02,0.03,6,1,0,system,0.8,0.03945848872531446,0.7696315039776511,0.03,ok
fisher_kpp,pydmd_optdmd,PyDMD optimized DMD,4,0.02,0.03,6,5,5,system,0.8,0.0392827795443873,0.7697616238293808,0.03,ok
fisher_kpp,pod_edmd_rbf,POD-EDMD-RBF,4,0.02,0.03,6,5,5,system,0.8,0.041975136831573126,0.7677726384457038,0.03,ok
fisher_kpp,baseline,Baseline,4,0.02,0.03,7,1,0,system,0.8,0.041650211581837564,0.7680121321965937,0.3,ok
fisher_kpp,pydmd_optdmd,PyDMD optimized DMD,4,0.02,0.03,7,5,5,system,0.8,0.043346505413653987,0.766763482552544,0.03,ok
fisher_kpp,pod_edmd_rbf,POD-EDMD-RBF,4,0.02,0.03,7,5,5,system,0.8,0.0362217113338181,0.7720355511276106,0.1,ok
fisher_kpp,baseline,Baseline,4,0.02,0.05,0,1,0,system,0.8,0.0404471678160014,0.7689001659539109,0.1,ok
fisher_kpp,pydmd_optdmd,PyDMD optimized DMD,4,0.02,0.05,0,5,5,system,0.8,0.04352507928752567,0.7666322696778939,0.03,ok
fisher_kpp,pod_edmd_rbf,POD-EDMD-RBF,4,0.02,0.05,0,5,5,system,0.8,0.03418545759561936,0.7735556462570286,0.1,ok
fisher_kpp,baseline,Baseline,4,0.02,0.05,1,1,0,system,0.8,0.044278497724040716,0.7660791654176209,0.3,ok
fisher_kpp,pydmd_optdmd,PyDMD optimized DMD,4,0.02,0.05,1,5,5,system,0.8,0.05247129067296425,0.7601157457591734,0.03,ok
fisher_kpp,pod_edmd_rbf,POD-EDMD-RBF,4,0.02,0.05,1,5,5,system,0.8,0.061821825026854814,0.753422072464716,0.3,ok
fisher_kpp,baseline,Baseline,4,0.02,0.05,2,1,0,system,0.8,0.03823978177142257,0.7705349130766855,0.3,ok
fisher_kpp,pydmd_optdmd,PyDMD optimized DMD,4,0.02,0.05,2,5,5,system,0.8,0.043738209117755056,0.7664757244790525,0.1,ok
fisher_kpp,pod_edmd_rbf,POD-EDMD-RBF,4,0.02,0.05,2,5,5,system,0.8,0.04854647214027903,0.7629609380755922,0.3,ok
fisher_kpp,baseline,Baseline,4,0.02,0.05,3,1,0,system,0.8,0.03454225842591175,0.7732888564815369,0.3,ok
fisher_kpp,pydmd_optdmd,PyDMD optimized DMD,4,0.02,0.05,3,5,5,system,0.8,0.03473410247242751,0.7731454854812013,0.1,ok
fisher_kpp,pod_edmd_rbf,POD-EDMD-RBF,4,0.02,0.05,3,5,5,system,0.8,0.024503996935246044,0.7808656700151109,0.1,ok
fisher_kpp,baseline,Baseline,4,0.02,0.05,4,1,0,system,0.8,0.046522571844643514,0.7644364503193536,0.3,ok
fisher_kpp,pydmd_optdmd,PyDMD optimized DMD,4,0.02,0.05,4,5,5,system,0.8,0.04876663926275719,0.7628007700191239,0.1,ok
fisher_kpp,pod_edmd_rbf,POD-EDMD-RBF,4,0.02,0.05,4,5,5,system,0.8,0.04743936479303369,0.7637673615198471,0.3,ok
fisher_kpp,baseline,Baseline,4,0.02,0.05,5,1,0,system,0.8,0.0497109989103256,0.7621145256460651,0.1,ok
fisher_kpp,pydmd_optdmd,PyDMD optimized DMD,4,0.02,0.05,5,5,5,system,0.8,0.04787002547710641,0.7634534632630143,0.03,ok
fisher_kpp,pod_edmd_rbf,POD-EDMD-RBF,4,0.02,0.05,5,5,5,system,0.8,0.05821129787184745,0.7559926846451818,0.1,ok
fisher_kpp,baseline,Baseline,4,0.02,0.05,6,1,0,system,0.8,0.051820244964993704,0.7605862349860222,0.3,ok
fisher_kpp,pydmd_optdmd,PyDMD optimized DMD,4,0.02,0.05,6,5,5,system,0.8,0.04472945178863562,0.7657484898414179,0.03,ok
fisher_kpp,pod_edmd_rbf,POD-EDMD-RBF,4,0.02,0.05,6,5,5,system,0.8,0.03715911985944514,0.7713377674473086,0.3,ok
fisher_kpp,baseline,Baseline,4,0.02,0.05,7,1,0,system,0.8,0.03653111071778527,0.7718051023533773,0.3,ok
fisher_kpp,pydmd_optdmd,PyDMD optimized DMD,4,0.02,0.05,7,5,5,system,0.8,0.03792626553010867,0.7707676610259105,0.1,ok
fisher_kpp,pod_edmd_rbf,POD-EDMD-RBF,4,0.02,0.05,7,5,5,system,0.8,0.04293435883807611,0.767066491980639,0.1,ok
fisher_kpp,baseline,Baseline,4,0.02,0.1,0,1,0,system,0.8,0.030954573564867808,0.7759798739082503,0.3,ok
fisher_kpp,pydmd_optdmd,PyDMD optimized DMD,4,0.02,0.1,0,5,5,system,0.8,0.05031329938576546,0.761677492294774,0.1,ok
fisher_kpp,pod_edmd_rbf,POD-EDMD-RBF,4,0.02,0.1,0,5,5,system,0.5454545454545454,2.929884421461525,0.13879658711481666,0.0,ok
fisher_kpp,baseline,Baseline,4,0.02,0.1,1,1,0,system,0.8,0.02994385236642104,0.7767413710581436,0.3,ok
fisher_kpp,pydmd_optdmd,PyDMD optimized DMD,4,0.02,0.1,1,5,5,system,0.8,0.03669105408386275,0.7716860262742118,0.03,ok
fisher_kpp,pod_edmd_rbf,POD-EDMD-RBF,4,0.02,0.1,1,5,5,system,0.8,0.022131585159028893,0.7826780931297918,0.3,ok
fisher_kpp,baseline,Baseline,4,0.02,0.1,2,1,0,system,0.5714285714285714,0.6490667752214542,0.3465163327615002,0.1,ok
fisher_kpp,pydmd_optdmd,PyDMD optimized DMD,4,0.02,0.1,2,5,5,system,0.8,0.029708361097546064,0.7769190095215849,0.03,ok
fisher_kpp,pod_edmd_rbf,POD-EDMD-RBF,4,0.02,0.1,2,5,5,system,0.5454545454545454,2.2249289741272027,0.16913691738037973,0.0,ok
fisher_kpp,baseline,Baseline,4,0.02,0.1,3,1,0,system,0.5454545454545454,0.6511724869320819,0.3303437707274381,0.0,ok
fisher_kpp,pydmd_optdmd,PyDMD optimized DMD,4,0.02,0.1,3,5,5,system,0.8,0.0413670953683012,0.7682209314641955,0.1,ok
fisher_kpp,pod_edmd_rbf,POD-EDMD-RBF,4,0.02,0.1,3,5,5,system,0.5454545454545454,1.7458627710278631,0.19864595973613225,0.0,ok
fisher_kpp,baseline,Baseline,4,0.02,0.1,4,1,0,system,0.8,0.021974134616290126,0.7827986765050249,0.3,ok
fisher_kpp,pydmd_optdmd,PyDMD optimized DMD,4,0.02,0.1,4,5,5,system,0.8,0.021254752640285982,0.7833500876561228,0.03,ok
fisher_kpp,pod_edmd_rbf,POD-EDMD-RBF,4,0.02,0.1,4,5,5,system,0.8,0.025606204615301546,0.7800264822891502,0.3,ok
fisher_kpp,baseline,Baseline,4,0.02,0.1,5,1,0,system,0.8,0.0625093534365007,0.7529345482113075,0.1,ok
fisher_kpp,pydmd_optdmd,PyDMD optimized DMD,4,0.02,0.1,5,5,5,system,0.8,0.06364125986454346,0.7521332898480089,0.03,ok
fisher_kpp,pod_edmd_rbf,POD-EDMD-RBF,4,0.02,0.1,5,5,5,system,0.5454545454545454,1.5415506196699367,0.21461486591417248,0.0,ok
fisher_kpp,baseline,Baseline,4,0.02,0.1,6,1,0,system,0.8,0.04926382708060744,0.7624393211246592,0.3,ok
fisher_kpp,pydmd_optdmd,PyDMD optimized DMD,4,0.02,0.1,6,5,5,system,0.8,0.0419031506909721,0.7678256846324477,0.1,ok
fisher_kpp,pod_edmd_rbf,POD-EDMD-RBF,4,0.02,0.1,6,5,5,system,0.5714285714285714,0.6545222809045298,0.34537375411842175,0.1,ok
fisher_kpp,baseline,Baseline,4,0.02,0.1,7,1,0,system,0.8,0.031023768968019186,0.775927795341462,0.1,ok
fisher_kpp,pydmd_optdmd,PyDMD optimized DMD,4,0.02,0.1,7,5,5,system,0.8,0.041958956899297094,0.7677845607092547,0.03,ok
fisher_kpp,pod_edmd_rbf,POD-EDMD-RBF,4,0.02,0.1,7,5,5,system,0.6666666666666666,0.308475828262973,0.5094986489369694,0.3,ok
fisher_kpp,baseline,Baseline,8,0.04,0.0,0,1,0,system,1.0,8.063935023356819e-05,0.999919367151947,0.003,ok
fisher_kpp,pydmd_optdmd,PyDMD optimized DMD,8,0.04,0.0,0,5,5,system,1.0,3.890866818912022e-05,0.9999610928456364,0.0003,ok
fisher_kpp,pod_edmd_rbf,POD-EDMD-RBF,8,0.04,0.0,0,5,5,system,1.0,0.00013501236712501317,0.9998650058587535,0.003,ok
fisher_kpp,baseline,Baseline,8,0.04,0.0,1,1,0,system,1.0,8.063935023356819e-05,0.999919367151947,0.003,ok
fisher_kpp,pydmd_optdmd,PyDMD optimized DMD,8,0.04,0.0,1,5,5,system,1.0,3.890866818912022e-05,0.9999610928456364,0.0003,ok
fisher_kpp,pod_edmd_rbf,POD-EDMD-RBF,8,0.04,0.0,1,5,5,system,1.0,0.0001352072548213275,0.999864811023709,0.003,ok
fisher_kpp,baseline,Baseline,8,0.04,0.0,2,1,0,system,1.0,8.063935023356819e-05,0.999919367151947,0.003,ok
fisher_kpp,pydmd_optdmd,PyDMD optimized DMD,8,0.04,0.0,2,5,5,system,1.0,3.890866818912022e-05,0.9999610928456364,0.0003,ok
fisher_kpp,pod_edmd_rbf,POD-EDMD-RBF,8,0.04,0.0,2,5,5,system,1.0,0.00013506175789581302,0.9998649564813191,0.003,ok
fisher_kpp,baseline,Baseline,8,0.04,0.0,3,1,0,system,1.0,8.063935023356819e-05,0.999919367151947,0.003,ok
fisher_kpp,pydmd_optdmd,PyDMD optimized DMD,8,0.04,0.0,3,5,5,system,1.0,3.890866818912022e-05,0.9999610928456364,0.0003,ok
fisher_kpp,pod_edmd_rbf,POD-EDMD-RBF,8,0.04,0.0,3,5,5,system,1.0,0.00013516652330475433,0.9998648517442151,0.003,ok
fisher_kpp,baseline,Baseline,8,0.04,0.0,4,1,0,system,1.0,8.063935023356819e-05,0.999919367151947,0.003,ok
fisher_kpp,pydmd_optdmd,PyDMD optimized DMD,8,0.04,0.0,4,5,5,system,1.0,3.890866818912022e-05,0.9999610928456364,0.0003,ok
fisher_kpp,pod_edmd_rbf,POD-EDMD-RBF,8,0.04,0.0,4,5,5,system,1.0,0.00013500057521017203,0.9998650176474851,0.003,ok
fisher_kpp,baseline,Baseline,8,0.04,0.0,5,1,0,system,1.0,8.063935023356819e-05,0.999919367151947,0.003,ok
fisher_kpp,pydmd_optdmd,PyDMD optimized DMD,8,0.04,0.0,5,5,5,system,1.0,3.890866818912022e-05,0.9999610928456364,0.0003,ok
fisher_kpp,pod_edmd_rbf,POD-EDMD-RBF,8,0.04,0.0,5,5,5,system,1.0,0.00013504012792938232,0.9998649781054445,0.003,ok
fisher_kpp,baseline,Baseline,8,0.04,0.0,6,1,0,system,1.0,8.063935023356819e-05,0.999919367151947,0.003,ok
fisher_kpp,pydmd_optdmd,PyDMD optimized DMD,8,0.04,0.0,6,5,5,system,1.0,3.890866818912022e-05,0.9999610928456364,0.0003,ok
fisher_kpp,pod_edmd_rbf,POD-EDMD-RBF,8,0.04,0.0,6,5,5,system,1.0,0.0001352964121067955,0.999864721890536,0.003,ok
fisher_kpp,baseline,Baseline,8,0.04,0.0,7,1,0,system,1.0,8.063935023356819e-05,0.999919367151947,0.003,ok
fisher_kpp,pydmd_optdmd,PyDMD optimized DMD,8,0.04,0.0,7,5,5,system,1.0,3.890866818912022e-05,0.9999610928456364,0.0003,ok
fisher_kpp,pod_edmd_rbf,POD-EDMD-RBF,8,0.04,0.0,7,5,5,system,1.0,0.0001353144592647568,0.9998647038482608,0.003,ok
fisher_kpp,baseline,Baseline,8,0.04,0.01,0,1,0,system,0.8,0.03843762124910188,0.7703881134792735,0.03,ok
fisher_kpp,pydmd_optdmd,PyDMD optimized DMD,8,0.04,0.01,0,5,5,system,0.8571428571428571,0.023179162077460413,0.8377250914712887,0.01,ok
fisher_kpp,pod_edmd_rbf,POD-EDMD-RBF,8,0.04,0.01,0,5,5,system,0.8,0.038312034218435646,0.7704812942885525,0.03,ok
fisher_kpp,baseline,Baseline,8,0.04,0.01,1,1,0,system,0.8,0.041475297307269364,0.7681411187268649,0.03,ok
fisher_kpp,pydmd_optdmd,PyDMD optimized DMD,8,0.04,0.01,1,5,5,system,0.8571428571428571,0.019679076673950118,0.8406006132230708,0.01,ok
fisher_kpp,pod_edmd_rbf,POD-EDMD-RBF,8,0.04,0.01,1,5,5,system,0.8,0.04053687759509061,0.768833875305771,0.03,ok
fisher_kpp,baseline,Baseline,8,0.04,0.01,2,1,0,system,0.8,0.04252416070971324,0.7673683067981739,0.03,ok
fisher_kpp,pydmd_optdmd,PyDMD optimized DMD,8,0.04,0.01,2,5,5,system,0.8,0.04278718623621406,0.7671747510510573,0.03,ok
fisher_kpp,pod_edmd_rbf,POD-EDMD-RBF,8,0.04,0.01,2,5,5,system,0.8,0.04202247100220558,0.7677377621526423,0.03,ok
fisher_kpp,baseline,Baseline,8,0.04,0.01,3,1,0,system,0.8,0.04150112105999194,0.7681220728651705,0.03,ok
fisher_kpp,pydmd_optdmd,PyDMD optimized DMD,8,0.04,0.01,3,5,5,system,0.8571428571428571,0.028720253302792098,0.8332127751844376,0.03,ok
fisher_kpp,pod_edmd_rbf,POD-EDMD-RBF,8,0.04,0.01,3,5,5,system,0.8,0.04271537692755488,0.767227584537273,0.03,ok
fisher_kpp,baseline,Baseline,8,0.04,0.01,4,1,0,system,0.8,0.04213737188474236,0.7676531152060804,0.1,ok
fisher_kpp,pydmd_optdmd,PyDMD optimized DMD,8,0.04,0.01,4,5,5,system,0.8571428571428571,0.039783068784877446,0.8243477729874373,0.01,ok
fisher_kpp,pod_edmd_rbf,POD-EDMD-RBF,8,0.04,0.01,4,5,5,system,0.8,0.04195060633302765,0.7677907140103957,0.03,ok
fisher_kpp,baseline,Baseline,8,0.04,0.01,5,1,0,system,0.8,0.0415106401238704,0.7681150524826642,0.03,ok
fisher_kpp,pydmd_optdmd,PyDMD optimized DMD,8,0.04,0.01,5,5,5,system,0.8,0.04020552223095254,0.7690787857809308,0.03,ok
fisher_kpp,pod_edmd_rbf,POD-EDMD-RBF,8,0.04,0.01,5,5,5,system,0.8,0.04132896778745703,0.7682490593724518,0.03,ok
fisher_kpp,baseline,Baseline,8,0.04,0.01,6,1,0,system,0.8,0.042633883001840206,0.7672875522678444,0.03,ok
fisher_kpp,pydmd_optdmd,PyDMD optimized DMD,8,0.04,0.01,6,5,5,system,0.8571428571428571,0.027617877540934154,0.8341066031217559,0.01,ok
fisher_kpp,pod_edmd_rbf,POD-EDMD-RBF,8,0.04,0.01,6,5,5,system,0.8,0.04356191472053548,0.7666052092503194,0.03,ok
fisher_kpp,baseline,Baseline,8,0.04,0.01,7,1,0,system,0.8,0.04141973350523949,0.7681821020496105,0.03,ok
fisher_kpp,pydmd_optdmd,PyDMD optimized DMD,8,0.04,0.01,7,5,5,system,0.8571428571428571,0.02456769972863026,0.8365897708564133,0.01,ok
fisher_kpp,pod_edmd_rbf,POD-EDMD-RBF,8,0.04,0.01,7,5,5,system,0.8,0.03999038128240201,0.7692378837326628,0.03,ok
fisher_kpp,baseline,Baseline,8,0.04,0.03,0,1,0,system,0.8,0.0375831574348777,0.7710225385479147,0.1,ok
fisher_kpp,pydmd_optdmd,PyDMD optimized DMD,8,0.04,0.03,0,5,5,system,0.8,0.045022101317484596,0.7655340485061711,0.03,ok
fisher_kpp,pod_edmd_rbf,POD-EDMD-RBF,8,0.04,0.03,0,5,5,system,0.8,0.035175469091034445,0.7728158402965857,0.03,ok
fisher_kpp,baseline,Baseline,8,0.04,0.03,1,1,0,system,0.8,0.036280095175439564,0.7719920547779721,0.1,ok
fisher_kpp,pydmd_optdmd,PyDMD optimized DMD,8,0.04,0.03,1,5,5,system,0.8,0.03738494568223844,0.7711698567920497,0.03,ok
fisher_kpp,pod_edmd_rbf,POD-EDMD-RBF,8,0.04,0.03,1,5,5,system,0.8,0.029553651137090173,0.7770357563361951,0.1,ok
fisher_kpp,baseline,Baseline,8,0.04,0.03,2,1,0,system,0.8,0.04388873709957166,0.766365199247946,0.03,ok
fisher_kpp,pydmd_optdmd,PyDMD optimized DMD,8,0.04,0.03,2,5,5,system,0.8,0.04432478378229105,0.7660452116271664,0.03,ok
fisher_kpp,pod_edmd_rbf,POD-EDMD-RBF,8,0.04,0.03,2,5,5,system,0.8,0.04424958520032989,0.766100376134243,0.03,ok
fisher_kpp,baseline,Baseline,8,0.04,0.03,3,1,0,system,0.8,0.04451237315528297,0.7659076336102604,0.1,ok
fisher_kpp,pydmd_optdmd,PyDMD optimized DMD,8,0.04,0.03,3,5,5,system,0.8,0.04610515607834044,0.7647414749383854,0.03,ok
fisher_kpp,pod_edmd_rbf,POD-EDMD-RBF,8,0.04,0.03,3,5,5,system,0.8,0.03684894578873118,0.7715685136675718,0.03,ok
fisher_kpp,baseline,Baseline,8,0.04,0.03,4,1,0,system,0.8,0.0445273479114387,0.7658966532562523,0.1,ok
fisher_kpp,pydmd_optdmd,PyDMD optimized DMD,8,0.04,0.03,4,5,5,system,0.8,0.04661805152939294,0.764366713177728,0.03,ok
fisher_kpp,pod_edmd_rbf,POD-EDMD-RBF,8,0.04,0.03,4,5,5,system,0.8,0.04296593300745332,0.7670432702371719,0.03,ok
fisher_kpp,baseline,Baseline,8,0.04,0.03,5,1,0,system,0.8,0.04219295230014297,0.7676121760700668,0.1,ok
fisher_kpp,pydmd_optdmd,PyDMD optimized DMD,8,0.04,0.03,5,5,5,system,0.8,0.04560417643871968,0.7651078850170279,0.03,ok
fisher_kpp,pod_edmd_rbf,POD-EDMD-RBF,8,0.04,0.03,5,5,5,system,0.8,0.03971775026874275,0.7694395904977277,0.03,ok
fisher_kpp,baseline,Baseline,8,0.04,0.03,6,1,0,system,0.8,0.04086459376727565,0.7685918079934903,0.03,ok
fisher_kpp,pydmd_optdmd,PyDMD optimized DMD,8,0.04,0.03,6,5,5,system,0.8,0.0408161856448777,0.7686275550224358,0.03,ok
fisher_kpp,pod_edmd_rbf,POD-EDMD-RBF,8,0.04,0.03,6,5,5,system,0.8,0.045744149966238545,0.7650054748341912,0.1,ok
fisher_kpp,baseline,Baseline,8,0.04,0.03,7,1,0,system,0.8,0.040466717217939985,0.7688857190349022,0.1,ok
fisher_kpp,pydmd_optdmd,PyDMD optimized DMD,8,0.04,0.03,7,5,5,system,0.8,0.04109274296299727,0.7684233757341961,0.1,ok
fisher_kpp,pod_edmd_rbf,POD-EDMD-RBF,8,0.04,0.03,7,5,5,system,0.8,0.04362744504038497,0.7665570734095083,0.1,ok
fisher_kpp,baseline,Baseline,8,0.04,0.05,0,1,0,system,0.8,0.03540856162570507,0.7726418629800705,0.3,ok
fisher_kpp,pydmd_optdmd,PyDMD optimized DMD,8,0.04,0.05,0,5,5,system,0.8,0.034008479236156706,0.7736880461473357,0.1,ok
fisher_kpp,pod_edmd_rbf,POD-EDMD-RBF,8,0.04,0.05,0,5,5,system,0.8,0.03916636819845842,0.7698478554371548,0.3,ok
fisher_kpp,baseline,Baseline,8,0.04,0.05,1,1,0,system,0.8,0.04172910077096555,0.7679539713423903,0.1,ok
fisher_kpp,pydmd_optdmd,PyDMD optimized DMD,8,0.04,0.05,1,5,5,system,0.8,0.048340883650592,0.763110561150868,0.03,ok
fisher_kpp,pod_edmd_rbf,POD-EDMD-RBF,8,0.04,0.05,1,5,5,system,0.8,0.04636515147068582,0.764551455938288,0.1,ok
fisher_kpp,baseline,Baseline,8,0.04,0.05,2,1,0,system,0.8,0.04003528082491023,0.7692046748312954,0.03,ok
fisher_kpp,pydmd_optdmd,PyDMD optimized DMD,8,0.04,0.05,2,5,5,system,0.8,0.04231043200719786,0.7675256578401736,0.1,ok
fisher_kpp,pod_edmd_rbf,POD-EDMD-RBF,8,0.04,0.05,2,5,5,system,0.8,0.04366439102089528,0.7665299370973586,0.3,ok
fisher_kpp,baseline,Baseline,8,0.04,0.05,3,1,0,system,0.8,0.02651285139189499,0.779337539627725,0.3,ok
fisher_kpp,pydmd_optdmd,PyDMD optimized DMD,8,0.04,0.05,3,5,5,system,0.8,0.02390891802268951,0.7813194962154557,0.1,ok
fisher_kpp,pod_edmd_rbf,POD-EDMD-RBF,8,0.04,0.05,3,5,5,system,0.5714285714285714,0.41230004662539904,0.4046084773515115,0.03,ok
fisher_kpp,baseline,Baseline,8,0.04,0.05,4,1,0,system,0.8,0.04289373629936997,0.7670963705647902,0.3,ok
fisher_kpp,pydmd_optdmd,PyDMD optimized DMD,8,0.04,0.05,4,5,5,system,0.8,0.036066112705729854,0.7721514970804003,0.1,ok
fisher_kpp,pod_edmd_rbf,POD-EDMD-RBF,8,0.04,0.05,4,5,5,system,0.8,0.03574452963390548,0.7723912384869349,0.1,ok
fisher_kpp,baseline,Baseline,8,0.04,0.05,5,1,0,system,0.8,0.04861308270845048,0.762912472857662,0.3,ok
fisher_kpp,pydmd_optdmd,PyDMD optimized DMD,8,0.04,0.05,5,5,5,system,0.8,0.04568506002170264,0.7650487040365638,0.1,ok
fisher_kpp,pod_edmd_rbf,POD-EDMD-RBF,8,0.04,0.05,5,5,5,system,0.8,0.0646535861299407,0.7514181236246362,0.1,ok
fisher_kpp,baseline,Baseline,8,0.04,0.05,6,1,0,system,0.8,0.046480962077559765,0.7644668455427747,0.1,ok
fisher_kpp,pydmd_optdmd,PyDMD optimized DMD,8,0.04,0.05,6,5,5,system,0.8,0.053032472049944594,0.7597106653725837,0.03,ok
fisher_kpp,pod_edmd_rbf,POD-EDMD-RBF,8,0.04,0.05,6,5,5,system,0.8,0.045168883665517745,0.7654265377613573,0.3,ok
fisher_kpp,baseline,Baseline,8,0.04,0.05,7,1,0,system,0.8,0.04161656593543946,0.7680369400438135,0.1,ok
fisher_kpp,pydmd_optdmd,PyDMD optimized DMD,8,0.04,0.05,7,5,5,system,0.8,0.0368787537976765,0.7715463327509766,0.03,ok
fisher_kpp,pod_edmd_rbf,POD-EDMD-RBF,8,0.04,0.05,7,5,5,system,0.8,0.03779316463709987,0.7708665148895518,0.1,ok
fisher_kpp,baseline,Baseline,8,0.04,0.1,0,1,0,system,0.8,0.025986270396753764,0.7797375297143463,0.3,ok
fisher_kpp,pydmd_optdmd,PyDMD optimized DMD,8,0.04,0.1,0,5,5,system,0.8,0.03132336515424393,0.7757023907631072,0.1,ok
fisher_kpp,pod_edmd_rbf,POD-EDMD-RBF,8,0.04,0.1,0,5,5,system,0.5714285714285714,0.7131823972725371,0.33354800536026474,0.3,ok
fisher_kpp,baseline,Baseline,8,0.04,0.1,1,1,0,system,0.8,0.03101002381271648,0.7759381398073784,0.3,ok
fisher_kpp,pydmd_optdmd,PyDMD optimized DMD,8,0.04,0.1,1,5,5,system,0.8,0.04736627844945149,0.7638206580264748,0.1,ok
fisher_kpp,pod_edmd_rbf,POD-EDMD-RBF,8,0.04,0.1,1,5,5,system,0.6666666666666666,0.2567161834999048,0.530483075987791,0.3,ok
fisher_kpp,baseline,Baseline,8,0.04,0.1,2,1,0,system,0.8,0.030760163825079314,0.7761262300157736,0.1,ok
fisher_kpp,pydmd_optdmd,PyDMD optimized DMD,8,0.04,0.1,2,5,5,system,0.8,0.028608489432471365,0.7777497543709709,0.1,ok
fisher_kpp,pod_edmd_rbf,POD-EDMD-RBF,8,0.04,0.1,2,5,5,system,0.8,0.022840125994878824,0.7821359171081304,0.3,ok
fisher_kpp,baseline,Baseline,8,0.04,0.1,3,1,0,system,0.8,0.04204120028867316,0.7677239631008628,0.3,ok
fisher_kpp,pydmd_optdmd,PyDMD optimized DMD,8,0.04,0.1,3,5,5,system,0.8,0.04393443829158765,0.766331649436923,0.03,ok
fisher_kpp,pod_edmd_rbf,POD-EDMD-RBF,8,0.04,0.1,3,5,5,system,0.8,0.05147894070750743,0.7608331170776517,0.3,ok
fisher_kpp,baseline,Baseline,8,0.04,0.1,4,1,0,system,0.8,0.06182875661900354,0.7534171541438572,0.3,ok
fisher_kpp,pydmd_optdmd,PyDMD optimized DMD,8,0.04,0.1,4,5,5,system,0.8,0.07487934644229642,0.7442695802537194,0.1,ok
fisher_kpp,pod_edmd_rbf,POD-EDMD-RBF,8,0.04,0.1,4,5,5,system,0.8,0.04963212413322672,0.7621717948663492,0.1,ok
fisher_kpp,baseline,Baseline,8,0.04,0.1,5,1,0,system,0.8,0.056529963432090054,0.7571957518376818,0.3,ok
fisher_kpp,pydmd_optdmd,PyDMD optimized DMD,8,0.04,0.1,5,5,5,system,0.8,0.06557759976679449,0.7507665327941231,0.1,ok
fisher_kpp,pod_edmd_rbf,POD-EDMD-RBF,8,0.04,0.1,5,5,5,system,0.8,0.0728040584247128,0.7457093340742078,0.3,ok
fisher_kpp,baseline,Baseline,8,0.04,0.1,6,1,0,system,0.8,0.044994885622027615,0.7655539859640598,0.3,ok
fisher_kpp,pydmd_optdmd,PyDMD optimized DMD,8,0.04,0.1,6,5,5,system,0.8,0.03733629269325938,0.7712060260833468,0.1,ok
fisher_kpp,pod_edmd_rbf,POD-EDMD-RBF,8,0.04,0.1,6,5,5,system,0.8,0.043461671294537096,0.7666788555898808,0.1,ok
fisher_kpp,baseline,Baseline,8,0.04,0.1,7,1,0,system,0.8,0.02518440413622068,0.7803474153257804,0.3,ok
fisher_kpp,pydmd_optdmd,PyDMD optimized DMD,8,0.04,0.1,7,5,5,system,0.8,0.039436462318958386,0.7696478130228555,0.03,ok
fisher_kpp,pod_edmd_rbf,POD-EDMD-RBF,8,0.04,0.1,7,5,5,system,0.8,0.026891274372412295,0.7790503434639878,0.3,ok
fisher_kpp,baseline,Baseline,16,0.08,0.0,0,1,0,system,1.0,0.00035599147230014756,0.9996441352125295,0.003,ok
fisher_kpp,pydmd_optdmd,PyDMD optimized DMD,16,0.08,0.0,0,5,5,system,1.0,1.3890173809935651e-05,0.9999861100191242,0.0003,ok
fisher_kpp,pod_edmd_rbf,POD-EDMD-RBF,16,0.08,0.0,0,5,5,system,1.0,0.00012792951132986364,0.9998720868525366,0.003,ok
fisher_kpp,baseline,Baseline,16,0.08,0.0,1,1,0,system,1.0,0.00035599147230014756,0.9996441352125295,0.003,ok
fisher_kpp,pydmd_optdmd,PyDMD optimized DMD,16,0.08,0.0,1,5,5,system,1.0,1.3890173809935651e-05,0.9999861100191242,0.0003,ok
fisher_kpp,pod_edmd_rbf,POD-EDMD-RBF,16,0.08,0.0,1,5,5,system,1.0,0.00012792951125417201,0.9998720868526122,0.003,ok
fisher_kpp,baseline,Baseline,16,0.08,0.0,2,1,0,system,1.0,0.00035599147230014756,0.9996441352125295,0.003,ok
fisher_kpp,pydmd_optdmd,PyDMD optimized DMD,16,0.08,0.0,2,5,5,system,1.0,1.3890173809935651e-05,0.9999861100191242,0.0003,ok
fisher_kpp,pod_edmd_rbf,POD-EDMD-RBF,16,0.08,0.0,2,5,5,system,1.0,0.00012792951130835784,0.9998720868525581,0.003,ok
fisher_kpp,baseline,Baseline,16,0.08,0.0,3,1,0,system,1.0,0.00035599147230014756,0.9996441352125295,0.003,ok
fisher_kpp,pydmd_optdmd,PyDMD optimized DMD,16,0.08,0.0,3,5,5,system,1.0,1.3890173809935651e-05,0.9999861100191242,0.0003,ok
fisher_kpp,pod_edmd_rbf,POD-EDMD-RBF,16,0.08,0.0,3,5,5,system,1.0,0.00012792951104790683,0.9998720868528185,0.003,ok
fisher_kpp,baseline,Baseline,16,0.08,0.0,4,1,0,system,1.0,0.00035599147230014756,0.9996441352125295,0.003,ok
fisher_kpp,pydmd_optdmd,PyDMD optimized DMD,16,0.08,0.0,4,5,5,system,1.0,1.3890173809935651e-05,0.9999861100191242,0.0003,ok
fisher_kpp,pod_edmd_rbf,POD-EDMD-RBF,16,0.08,0.0,4,5,5,system,1.0,0.0001279295112137474,0.9998720868526526,0.003,ok
fisher_kpp,baseline,Baseline,16,0.08,0.0,5,1,0,system,1.0,0.00035599147230014756,0.9996441352125295,0.003,ok
fisher_kpp,pydmd_optdmd,PyDMD optimized DMD,16,0.08,0.0,5,5,5,system,1.0,1.3890173809935651e-05,0.9999861100191242,0.0003,ok
fisher_kpp,pod_edmd_rbf,POD-EDMD-RBF,16,0.08,0.0,5,5,5,system,1.0,0.0001279295171139586,0.999872086846754,0.003,ok
fisher_kpp,baseline,Baseline,16,0.08,0.0,6,1,0,system,1.0,0.00035599147230014756,0.9996441352125295,0.003,ok
fisher_kpp,pydmd_optdmd,PyDMD optimized DMD,16,0.08,0.0,6,5,5,system,1.0,1.3890173809935651e-05,0.9999861100191242,0.0003,ok
fisher_kpp,pod_edmd_rbf,POD-EDMD-RBF,16,0.08,0.0,6,5,5,system,1.0,0.0001279295113331073,0.9998720868525335,0.003,ok
fisher_kpp,baseline,Baseline,16,0.08,0.0,7,1,0,system,1.0,0.00035599147230014756,0.9996441352125295,0.003,ok
fisher_kpp,pydmd_optdmd,PyDMD optimized DMD,16,0.08,0.0,7,5,5,system,1.0,1.3890173809935651e-05,0.9999861100191242,0.0003,ok
fisher_kpp,pod_edmd_rbf,POD-EDMD-RBF,16,0.08,0.0,7,5,5,system,1.0,0.00012792951131922526,0.9998720868525472,0.003,ok
fisher_kpp,baseline,Baseline,16,0.08,0.01,0,1,0,system,0.8,0.04108079791147278,0.7684321923955294,0.03,ok
fisher_kpp,pydmd_optdmd,PyDMD optimized DMD,16,0.08,0.01,0,5,5,system,0.8571428571428571,0.02583605253288104,0.8355554038352372,0.01,ok
fisher_kpp,pod_edmd_rbf,POD-EDMD-RBF,16,0.08,0.01,0,5,5,system,0.8,0.04053020233684572,0.7688388075649726,0.03,ok
fisher_kpp,baseline,Baseline,16,0.08,0.01,1,1,0,system,0.8,0.04365532339977702,0.7665365969618654,0.1,ok
fisher_kpp,pydmd_optdmd,PyDMD optimized DMD,16,0.08,0.01,1,5,5,system,0.8,0.044802763387948356,0.7656947588900567,0.03,ok
fisher_kpp,pod_edmd_rbf,POD-EDMD-RBF,16,0.08,0.01,1,5,5,system,0.8,0.04568598025791452,0.7650480307698904,0.03,ok
fisher_kpp,baseline,Baseline,16,0.08,0.01,2,1,0,system,0.8,0.042211044333393385,0.7675988508754352,0.03,ok
fisher_kpp,pydmd_optdmd,PyDMD optimized DMD,16,0.08,0.01,2,5,5,system,0.8,0.04182652062111493,0.7678821609600194,0.03,ok
fisher_kpp,pod_edmd_rbf,POD-EDMD-RBF,16,0.08,0.01,2,5,5,system,0.8,0.04163096907594056,0.7680263200216694,0.03,ok
fisher_kpp,baseline,Baseline,16,0.08,0.01,3,1,0,system,0.8,0.04574983257658913,0.7650013177902272,0.1,ok
fisher_kpp,pydmd_optdmd,PyDMD optimized DMD,16,0.08,0.01,3,5,5,system,0.8571428571428571,0.042820866503652376,0.8219464000722074,0.03,ok
fisher_kpp,pod_edmd_rbf,POD-EDMD-RBF,16,0.08,0.01,3,5,5,system,0.8,0.049264992777633715,0.7624384740810092,0.03,ok
fisher_kpp,baseline,Baseline,16,0.08,0.01,4,1,0,system,0.8,0.041572705953026284,0.7680692816043119,0.03,ok
fisher_kpp,pydmd_optdmd,PyDMD optimized DMD,16,0.08,0.01,4,5,5,system,0.8,0.040781768940620605,0.7686529720964416,0.03,ok
fisher_kpp,pod_edmd_rbf,POD-EDMD-RBF,16,0.08,0.01,4,5,5,system,0.8,0.041111838533172275,0.7684092816840158,0.03,ok
fisher_kpp,baseline,Baseline,16,0.08,0.01,5,1,0,system,0.8,0.040137720354241034,0.7691289185508463,0.03,ok
fisher_kpp,pydmd_optdmd,PyDMD optimized DMD,16,0.08,0.01,5,5,5,system,0.8,0.04064633392792687,0.7687530085080821,0.03,ok
fisher_kpp,pod_edmd_rbf,POD-EDMD-RBF,16,0.08,0.01,5,5,5,system,0.8,0.03937307075042852,0.7696947539947318,0.03,ok
fisher_kpp,baseline,Baseline,16,0.08,0.01,6,1,0,system,0.8,0.04150781161780779,0.7681171385141453,0.03,ok
fisher_kpp,pydmd_optdmd,PyDMD optimized DMD,16,0.08,0.01,6,5,5,system,0.8,0.0409762119353024,0.7685093961106969,0.03,ok
fisher_kpp,pod_edmd_rbf,POD-EDMD-RBF,16,0.08,0.01,6,5,5,system,0.8,0.0406454636980809,0.7687536513704551,0.03,ok
fisher_kpp,baseline,Baseline,16,0.08,0.01,7,1,0,system,0.8,0.04205043072228432,0.7677171626381747,0.1,ok
fisher_kpp,pydmd_optdmd,PyDMD optimized DMD,16,0.08,0.01,7,5,5,system,0.8,0.0435573226133448,0.7666085826474655,0.03,ok
fisher_kpp,pod_edmd_rbf,POD-EDMD-RBF,16,0.08,0.01,7,5,5,system,0.8,0.0438291975283061,0.7664089123913456,0.03,ok
fisher_kpp,baseline,Baseline,16,0.08,0.03,0,1,0,system,0.8,0.04256763714585255,0.7673363065345966,0.1,ok
fisher_kpp,pydmd_optdmd,PyDMD optimized DMD,16,0.08,0.03,0,5,5,system,0.8,0.03602374601441754,0.7721830730980823,0.03,ok
fisher_kpp,pod_edmd_rbf,POD-EDMD-RBF,16,0.08,0.03,0,5,5,system,0.8,0.039127574107043345,0.7698765964202869,0.1,ok
fisher_kpp,baseline,Baseline,16,0.08,0.03,1,1,0,system,0.8,0.032185881507612,0.7750541974392433,0.1,ok
fisher_kpp,pydmd_optdmd,PyDMD optimized DMD,16,0.08,0.03,1,5,5,system,0.8,0.0353004788298762,0.7727225248694766,0.03,ok
fisher_kpp,pod_edmd_rbf,POD-EDMD-RBF,16,0.08,0.03,1,5,5,system,0.8,0.04657594394956062,0.7643974664475527,0.03,ok
fisher_kpp,baseline,Baseline,16,0.08,0.03,2,1,0,system,0.8,0.042049020773522065,0.7677182014010753,0.1,ok
fisher_kpp,pydmd_optdmd,PyDMD optimized DMD,16,0.08,0.03,2,5,5,system,0.8,0.039732452613818116,0.7694287102310343,0.03,ok
fisher_kpp,pod_edmd_rbf,POD-EDMD-RBF,16,0.08,0.03,2,5,5,system,0.8,0.03286403781193551,0.7745453135291215,0.1,ok
fisher_kpp,baseline,Baseline,16,0.08,0.03,3,1,0,system,0.8,0.04169151377234217,0.7679816811628909,0.03,ok
fisher_kpp,pydmd_optdmd,PyDMD optimized DMD,16,0.08,0.03,3,5,0,system,,,,,fail: RuntimeError: LinAlgError: SVD did not converge in Linear Least Squares
fisher_kpp,pod_edmd_rbf,POD-EDMD-RBF,16,0.08,0.03,3,5,5,system,0.8,0.05739900365765699,0.7565734384397128,0.1,ok
fisher_kpp,baseline,Baseline,16,0.08,0.03,4,1,0,system,0.8,0.040662161616233206,0.7687413163533636,0.1,ok
fisher_kpp,pydmd_optdmd,PyDMD optimized DMD,16,0.08,0.03,4,5,5,system,0.8,0.0482716722872458,0.7631609449623525,0.03,ok
fisher_kpp,pod_edmd_rbf,POD-EDMD-RBF,16,0.08,0.03,4,5,5,system,0.8,0.03310090345231028,0.7743677285796987,0.1,ok
fisher_kpp,baseline,Baseline,16,0.08,0.03,5,1,0,system,0.8,0.03364570276228688,0.7739595858252993,0.1,ok
fisher_kpp,pydmd_optdmd,PyDMD optimized DMD,16,0.08,0.03,5,5,5,system,0.8,0.03592222146067279,0.7722587501520942,0.03,ok
fisher_kpp,pod_edmd_rbf,POD-EDMD-RBF,16,0.08,0.03,5,5,5,system,0.8,0.03296093285089464,0.7744726587016801,0.03,ok
fisher_kpp,baseline,Baseline,16,0.08,0.03,6,1,0,system,0.8,0.030253885248371425,0.7765076273477365,0.1,ok
fisher_kpp,pydmd_optdmd,PyDMD optimized DMD,16,0.08,0.03,6,5,5,system,0.8,0.03442248900948055,0.7733783908411024,0.03,ok
fisher_kpp,pod_edmd_rbf,POD-EDMD-RBF,16,0.08,0.03,6,5,5,system,0.8,0.03770468603182519,0.7709322418685358,0.03,ok
fisher_kpp,baseline,Baseline,16,0.08,0.03,7,1,0,system,0.8,0.041775733725510765,0.767919595457563,0.03,ok
fisher_kpp,pydmd_optdmd,PyDMD optimized DMD,16,0.08,0.03,7,5,5,system,0.8,0.04421522838888375,0.7661255823996337,0.03,ok
fisher_kpp,pod_edmd_rbf,POD-EDMD-RBF,16,0.08,0.03,7,5,5,system,0.8,0.049439440691569914,0.7623117342271872,0.03,ok
fisher_kpp,baseline,Baseline,16,0.08,0.05,0,1,0,system,0.8,0.050034634009824226,0.761879631479389,0.1,ok
fisher_kpp,pydmd_optdmd,PyDMD optimized DMD,16,0.08,0.05,0,5,5,system,0.8,0.04622546886664464,0.7646535319644094,0.1,ok
fisher_kpp,pod_edmd_rbf,POD-EDMD-RBF,16,0.08,0.05,0,5,5,system,0.8,0.04203742385524957,0.767726745398665,0.1,ok
fisher_kpp,baseline,Baseline,16,0.08,0.05,1,1,0,system,0.8,0.046074192028441034,0.7647641114715975,0.1,ok
fisher_kpp,pydmd_optdmd,PyDMD optimized DMD,16,0.08,0.05,1,5,5,system,0.8,0.04436383076316626,0.7660165705043634,0.03,ok
fisher_kpp,pod_edmd_rbf,POD-EDMD-RBF,16,0.08,0.05,1,5,5,system,0.8,0.05575891305354649,0.7577487531563233,0.03,ok
fisher_kpp,baseline,Baseline,16,0.08,0.05,2,1,0,system,0.8,0.04076370241267788,0.7686663150775299,0.1,ok
fisher_kpp,pydmd_optdmd,PyDMD optimized DMD,16,0.08,0.05,2,5,5,system,0.8,0.03876530066775516,0.7701450938780221,0.03,ok
fisher_kpp,pod_edmd_rbf,POD-EDMD-RBF,16,0.08,0.05,2,5,5,system,0.8,0.02465223733779065,0.7807526991582306,0.3,ok
fisher_kpp,baseline,Baseline,16,0.08,0.05,3,1,0,system,0.8,0.045166743663398144,0.7654281049891926,0.03,ok
fisher_kpp,pydmd_optdmd,PyDMD optimized DMD,16,0.08,0.05,3,5,5,system,0.8,0.04373999128606747,0.7664744157347677,0.03,ok
fisher_kpp,pod_edmd_rbf,POD-EDMD-RBF,16,0.08,0.05,3,5,5,system,0.8,0.03879465690730753,0.7701233296499183,0.1,ok
fisher_kpp,baseline,Baseline,16,0.08,0.05,4,1,0,system,0.8,0.055731246775176775,0.7577686105660602,0.1,ok
fisher_kpp,pydmd_optdmd,PyDMD optimized DMD,16,0.08,0.05,4,5,5,system,0.8,0.06168066177979961,0.7535222490149547,0.1,ok
fisher_kpp,pod_edmd_rbf,POD-EDMD-RBF,16,0.08,0.05,4,5,5,system,0.8,0.06056245066238619,0.754316730240969,0.3,ok
fisher_kpp,baseline,Baseline,16,0.08,0.05,5,1,0,system,0.8,0.036862611119029824,0.7715583447807065,0.1,ok
fisher_kpp,pydmd_optdmd,PyDMD optimized DMD,16,0.08,0.05,5,5,5,system,0.8,0.04393849811837912,0.7663286692098626,0.03,ok
fisher_kpp,pod_edmd_rbf,POD-EDMD-RBF,16,0.08,0.05,5,5,5,system,0.8,0.03863217099768259,0.7702438094436659,0.03,ok
fisher_kpp,baseline,Baseline,16,0.08,0.05,6,1,0,system,0.8,0.04411058435529994,0.7662023659054953,0.1,ok
fisher_kpp,pydmd_optdmd,PyDMD optimized DMD,16,0.08,0.05,6,5,5,system,0.8,0.04187606516087209,0.7678456457068866,0.1,ok
fisher_kpp,pod_edmd_rbf,POD-EDMD-RBF,16,0.08,0.05,6,5,5,system,0.8,0.033111927212211005,0.7743594657345123,0.3,ok
fisher_kpp,baseline,Baseline,16,0.08,0.05,7,1,0,system,0.8,0.0402203027588473,0.769067857912655,0.1,ok
fisher_kpp,pydmd_optdmd,PyDMD optimized DMD,16,0.08,0.05,7,5,5,system,0.8,0.0433968480810249,0.7667264871188072,0.03,ok
fisher_kpp,pod_edmd_rbf,POD-EDMD-RBF,16,0.08,0.05,7,5,5,system,0.8,0.12733697013715153,0.7096369774005302,0.3,ok
fisher_kpp,baseline,Baseline,16,0.08,0.1,0,1,0,system,0.8,0.022023813083237573,0.7827606262779369,0.1,ok
fisher_kpp,pydmd_optdmd,PyDMD optimized DMD,16,0.08,0.1,0,5,5,system,0.8,0.022935611267793442,0.7820629091292519,0.1,ok
fisher_kpp,pod_edmd_rbf,POD-EDMD-RBF,16,0.08,0.1,0,5,5,system,0.8,0.024148098969871298,0.7811370257921406,0.3,ok
fisher_kpp,baseline,Baseline,16,0.08,0.1,1,1,0,system,0.8,0.05522971194895357,0.7581287666004421,0.3,ok
fisher_kpp,pydmd_optdmd,PyDMD optimized DMD,16,0.08,0.1,1,5,5,system,0.8,0.03773205380227246,0.7709119103228843,0.1,ok
fisher_kpp,pod_edmd_rbf,POD-EDMD-RBF,16,0.08,0.1,1,5,5,system,0.5454545454545454,1.911270731531581,0.18735960882881852,0.0,ok
fisher_kpp,baseline,Baseline,16,0.08,0.1,2,1,0,system,0.8,0.05831499578207682,0.7559186094767689,0.1,ok
fisher_kpp,pydmd_optdmd,PyDMD optimized DMD,16,0.08,0.1,2,5,5,system,0.8,0.05632226596702256,0.7573446340900811,0.03,ok
fisher_kpp,pod_edmd_rbf,POD-EDMD-RBF,16,0.08,0.1,2,5,5,system,0.8,0.03330601035415606,0.7742140198389125,0.3,ok
fisher_kpp,baseline,Baseline,16,0.08,0.1,3,1,0,system,0.8,0.032829451030603,0.7745712510441337,0.3,ok
fisher_kpp,pydmd_optdmd,PyDMD optimized DMD,16,0.08,0.1,3,5,5,system,0.8,0.032892607963942874,0.7745238893489371,0.1,ok
fisher_kpp,pod_edmd_rbf,POD-EDMD-RBF,16,0.08,0.1,3,5,5,system,0.8,0.04946107571651757,0.7622960188912214,0.3,ok
fisher_kpp,baseline,Baseline,16,0.08,0.1,4,1,0,system,0.8,0.024119579594398595,0.781158778662194,0.3,ok
fisher_kpp,pydmd_optdmd,PyDMD optimized DMD,16,0.08,0.1,4,5,5,system,0.8,0.021292939082049794,0.7833207979671822,0.03,ok
fisher_kpp,pod_edmd_rbf,POD-EDMD-RBF,16,0.08,0.1,4,5,5,system,0.8,0.08791594986449118,0.7353509249493461,0.1,ok
fisher_kpp,baseline,Baseline,16,0.08,0.1,5,1,0,system,0.8,0.03764291710809804,0.7709781340093307,0.1,ok
fisher_kpp,pydmd_optdmd,PyDMD optimized DMD,16,0.08,0.1,5,5,5,system,0.8,0.03369128641811626,0.7739254558022938,0.1,ok
fisher_kpp,pod_edmd_rbf,POD-EDMD-RBF,16,0.08,0.1,5,5,5,system,0.8,0.040687530422959174,0.7687225767708216,0.3,ok
fisher_kpp,baseline,Baseline,16,0.08,0.1,6,1,0,system,0.8,0.027170606354140227,0.7788384860812324,0.1,ok
fisher_kpp,pydmd_optdmd,PyDMD optimized DMD,16,0.08,0.1,6,5,5,system,0.8,0.025407224880357262,0.7801778460195097,0.3,ok
fisher_kpp,pod_edmd_rbf,POD-EDMD-RBF,16,0.08,0.1,6,5,5,system,0.8,0.04964784862532352,0.7621603769756914,0.03,ok
fisher_kpp,baseline,Baseline,16,0.08,0.1,7,1,0,system,0.8,0.021840436320556163,0.7829010984147785,0.1,ok
fisher_kpp,pydmd_optdmd,PyDMD optimized DMD,16,0.08,0.1,7,5,5,system,0.8,0.022692120217865003,0.7822491091742991,0.3,ok
fisher_kpp,pod_edmd_rbf,POD-EDMD-RBF,16,0.08,0.1,7,5,5,system,0.8,0.028744139354372773,0.777647200500282,0.3,ok
fisher_kpp,baseline,Baseline,32,0.16,0.0,0,1,0,system,1.0,0.006487620085232666,0.9935541978303883,0.003,ok
fisher_kpp,pydmd_optdmd,PyDMD optimized DMD,32,0.16,0.0,0,5,5,system,1.0,6.547261533912876e-05,0.9999345316710436,0.0003,ok
fisher_kpp,pod_edmd_rbf,POD-EDMD-RBF,32,0.16,0.0,0,5,5,system,1.0,0.005062705880359701,0.9949627960019419,0.003,ok
fisher_kpp,baseline,Baseline,32,0.16,0.0,1,1,0,system,1.0,0.006487620085232666,0.9935541978303883,0.003,ok
fisher_kpp,pydmd_optdmd,PyDMD optimized DMD,32,0.16,0.0,1,5,5,system,1.0,6.547261533912876e-05,0.9999345316710436,0.0003,ok
fisher_kpp,pod_edmd_rbf,POD-EDMD-RBF,32,0.16,0.0,1,5,5,system,1.0,0.005062023885816832,0.9949634711435561,0.003,ok
fisher_kpp,baseline,Baseline,32,0.16,0.0,2,1,0,system,1.0,0.006487620085232666,0.9935541978303883,0.003,ok
fisher_kpp,pydmd_optdmd,PyDMD optimized DMD,32,0.16,0.0,2,5,5,system,1.0,6.547261533912876e-05,0.9999345316710436,0.0003,ok
fisher_kpp,pod_edmd_rbf,POD-EDMD-RBF,32,0.16,0.0,2,5,5,system,1.0,0.005062766595377231,0.9949627358970552,0.003,ok
fisher_kpp,baseline,Baseline,32,0.16,0.0,3,1,0,system,1.0,0.006487620085232666,0.9935541978303883,0.003,ok
fisher_kpp,pydmd_optdmd,PyDMD optimized DMD,32,0.16,0.0,3,5,5,system,1.0,6.547261533912876e-05,0.9999345316710436,0.0003,ok
fisher_kpp,pod_edmd_rbf,POD-EDMD-RBF,32,0.16,0.0,3,5,5,system,1.0,0.005062567916319532,0.9949629325795954,0.003,ok
fisher_kpp,baseline,Baseline,32,0.16,0.0,4,1,0,system,1.0,0.006487620085232666,0.9935541978303883,0.003,ok
fisher_kpp,pydmd_optdmd,PyDMD optimized DMD,32,0.16,0.0,4,5,5,system,1.0,6.547261533912876e-05,0.9999345316710436,0.0003,ok
fisher_kpp,pod_edmd_rbf,POD-EDMD-RBF,32,0.16,0.0,4,5,5,system,1.0,0.005062618382674257,0.9949628826203675,0.003,ok
fisher_kpp,baseline,Baseline,32,0.16,0.0,5,1,0,system,1.0,0.006487620085232666,0.9935541978303883,0.003,ok
fisher_kpp,pydmd_optdmd,PyDMD optimized DMD,32,0.16,0.0,5,5,5,system,1.0,6.547261533912876e-05,0.9999345316710436,0.0003,ok
fisher_kpp,pod_edmd_rbf,POD-EDMD-RBF,32,0.16,0.0,5,5,5,system,1.0,0.0050626470933990714,0.9949628541981538,0.003,ok
fisher_kpp,baseline,Baseline,32,0.16,0.0,6,1,0,system,1.0,0.006487620085232666,0.9935541978303883,0.003,ok
fisher_kpp,pydmd_optdmd,PyDMD optimized DMD,32,0.16,0.0,6,5,5,system,1.0,6.547261533912876e-05,0.9999345316710436,0.0003,ok
fisher_kpp,pod_edmd_rbf,POD-EDMD-RBF,32,0.16,0.0,6,5,5,system,1.0,0.005062241491457743,0.994963255724396,0.003,ok
fisher_kpp,baseline,Baseline,32,0.16,0.0,7,1,0,system,1.0,0.006487620085232666,0.9935541978303883,0.003,ok
fisher_kpp,pydmd_optdmd,PyDMD optimized DMD,32,0.16,0.0,7,5,5,system,1.0,6.547261533912876e-05,0.9999345316710436,0.0003,ok
fisher_kpp,pod_edmd_rbf,POD-EDMD-RBF,32,0.16,0.0,7,5,5,system,1.0,0.005062556467634613,0.9949629439132354,0.003,ok
fisher_kpp,baseline,Baseline,32,0.16,0.01,0,1,0,system,0.8,0.03841171647789191,0.7704073319910699,0.03,ok
fisher_kpp,pydmd_optdmd,PyDMD optimized DMD,32,0.16,0.01,0,5,5,system,0.8,0.041341586823047685,0.7682397496873826,0.03,ok
fisher_kpp,pod_edmd_rbf,POD-EDMD-RBF,32,0.16,0.01,0,5,5,system,0.8,0.039969122248283154,0.769253608482625,0.03,ok
fisher_kpp,baseline,Baseline,32,0.16,0.01,1,1,0,system,0.8,0.037880256482991675,0.7708018290191939,0.03,ok
fisher_kpp,pydmd_optdmd,PyDMD optimized DMD,32,0.16,0.01,1,5,5,system,0.8,0.04192851555349816,0.7678069925699464,0.03,ok
fisher_kpp,pod_edmd_rbf,POD-EDMD-RBF,32,0.16,0.01,1,5,5,system,0.8,0.03410608141651353,0.7736150230391875,0.03,ok
fisher_kpp,baseline,Baseline,32,0.16,0.01,2,1,0,system,0.8,0.03913245838887767,0.769872977734099,0.03,ok
fisher_kpp,pydmd_optdmd,PyDMD optimized DMD,32,0.16,0.01,2,5,5,system,0.8,0.04292534487544317,0.7670731217060835,0.03,ok
fisher_kpp,pod_edmd_rbf,POD-EDMD-RBF,32,0.16,0.01,2,5,5,system,0.8,0.027156409586841335,0.7788492507404869,0.03,ok
fisher_kpp,baseline,Baseline,32,0.16,0.01,3,1,0,system,0.8,0.036311196793002196,0.7719688858672015,0.03,ok
fisher_kpp,pydmd_optdmd,PyDMD optimized DMD,32,0.16,0.01,3,5,5,system,0.8,0.04048355711122341,0.7688732748656818,0.03,ok
fisher_kpp,pod_edmd_rbf,POD-EDMD-RBF,32,0.16,0.01,3,5,5,system,0.8,0.023994737981516544,0.781254014622134,0.1,ok
fisher_kpp,baseline,Baseline,32,0.16,0.01,4,1,0,system,0.8,0.03660413800525843,0.771750729781422,0.03,ok
fisher_kpp,pydmd_optdmd,PyDMD optimized DMD,32,0.16,0.01,4,5,5,system,0.8,0.04006475199595794,0.7691828787243711,0.03,ok
fisher_kpp,pod_edmd_rbf,POD-EDMD-RBF,32,0.16,0.01,4,5,5,system,0.8,0.04769475673100844,0.763581181312905,0.03,ok
fisher_kpp,baseline,Baseline,32,0.16,0.01,5,1,0,system,0.8,0.04047700628822965,0.7688781156768655,0.03,ok
fisher_kpp,pydmd_optdmd,PyDMD optimized DMD,32,0.16,0.01,5,5,5,system,0.8,0.038302436141573706,0.7704884166244208,0.03,ok
fisher_kpp,pod_edmd_rbf,POD-EDMD-RBF,32,0.16,0.01,5,5,5,system,0.8,0.044737851301493485,0.7657423333551009,0.03,ok
fisher_kpp,baseline,Baseline,32,0.16,0.01,6,1,0,system,0.8,0.03875080442074158,0.7701558416083435,0.03,ok
fisher_kpp,pydmd_optdmd,PyDMD optimized DMD,32,0.16,0.01,6,5,5,system,0.8,0.04494719552594673,0.7655889249000194,0.03,ok
fisher_kpp,pod_edmd_rbf,POD-EDMD-RBF,32,0.16,0.01,6,5,5,system,0.8,0.033469845558894186,0.7740912842670943,0.03,ok
fisher_kpp,baseline,Baseline,32,0.16,0.01,7,1,0,system,0.8,0.037005217834808375,0.7714522417450724,0.03,ok
fisher_kpp,pydmd_optdmd,PyDMD optimized DMD,32,0.16,0.01,7,5,5,system,0.8,0.04232107659518209,0.7675178195698187,0.03,ok
fisher_kpp,pod_edmd_rbf,POD-EDMD-RBF,32,0.16,0.01,7,5,5,system,0.8,0.06456417217861812,0.7514812360844433,0.01,ok
fisher_kpp,baseline,Baseline,32,0.16,0.03,0,1,0,system,0.8,0.04417154147794494,0.7661576361942035,0.1,ok
fisher_kpp,pydmd_optdmd,PyDMD optimized DMD,32,0.16,0.03,0,5,5,system,0.8,0.04459030000772613,0.7658504965957303,0.03,ok
fisher_kpp,pod_edmd_rbf,POD-EDMD-RBF,32,0.16,0.03,0,5,5,system,0.8,0.0557282519238169,0.757770760176388,0.03,ok
fisher_kpp,baseline,Baseline,32,0.16,0.03,1,1,0,system,0.8,0.03782980520156918,0.7708392994597246,0.1,ok
fisher_kpp,pydmd_optdmd,PyDMD optimized DMD,32,0.16,0.03,1,5,5,system,0.8,0.04211786461707167,0.7676674848040933,0.1,ok
fisher_kpp,pod_edmd_rbf,POD-EDMD-RBF,32,0.16,0.03,1,5,5,system,0.8,0.03824407154526387,0.7705317294124542,0.03,ok
fisher_kpp,baseline,Baseline,32,0.16,0.03,2,1,0,system,0.8,0.03692884125581121,0.7715090642392879,0.1,ok
fisher_kpp,pydmd_optdmd,PyDMD optimized DMD,32,0.16,0.03,2,5,5,system,0.8,0.044342419959285645,0.7660322751528071,0.1,ok
fisher_kpp,pod_edmd_rbf,POD-EDMD-RBF,32,0.16,0.03,2,5,5,system,0.8,0.03421000721488902,0.7735372839355783,0.1,ok
fisher_kpp,baseline,Baseline,32,0.16,0.03,3,1,0,system,0.8,0.038628712540014806,0.770246374225071,0.1,ok
fisher_kpp,pydmd_optdmd,PyDMD optimized DMD,32,0.16,0.03,3,5,5,system,0.8,0.042519038848512644,0.7673720768530226,0.03,ok
fisher_kpp,pod_edmd_rbf,POD-EDMD-RBF,32,0.16,0.03,3,5,5,system,0.8,0.030451807664677626,0.7763584808619507,0.03,ok
fisher_kpp,baseline,Baseline,32,0.16,0.03,4,1,0,system,0.8,0.046368970274991275,0.764548665648749,0.03,ok
fisher_kpp,pydmd_optdmd,PyDMD optimized DMD,32,0.16,0.03,4,5,5,system,0.8,0.05001909332679095,0.7618909075884975,0.1,ok
fisher_kpp,pod_edmd_rbf,POD-EDMD-RBF,32,0.16,0.03,4,5,5,system,0.8,0.04082268422894106,0.7686227559429621,0.3,ok
fisher_kpp,baseline,Baseline,32,0.16,0.03,5,1,0,system,0.8,0.03748634850863117,0.7710944834599378,0.03,ok
fisher_kpp,pydmd_optdmd,PyDMD optimized DMD,32,0.16,0.03,5,5,5,system,0.8,0.040330029214747286,0.7689867422204942,0.03,ok
fisher_kpp,pod_edmd_rbf,POD-EDMD-RBF,32,0.16,0.03,5,5,5,system,0.8,0.03820422094962774,0.7705613056246811,0.1,ok
fisher_kpp,baseline,Baseline,32,0.16,0.03,6,1,0,system,0.8,0.042166741635943826,0.7676314816419856,0.1,ok
fisher_kpp,pydmd_optdmd,PyDMD optimized DMD,32,0.16,0.03,6,5,5,system,0.8,0.044562073641737615,0.765871191561549,0.03,ok
fisher_kpp,pod_edmd_rbf,POD-EDMD-RBF,32,0.16,0.03,6,5,5,system,0.8,0.0283264545004234,0.7779630646462871,0.1,ok
fisher_kpp,baseline,Baseline,32,0.16,0.03,7,1,0,system,0.8,0.04510364783343372,0.7654743160244928,0.1,ok
fisher_kpp,pydmd_optdmd,PyDMD optimized DMD,32,0.16,0.03,7,5,5,system,0.8,0.047946834006913665,0.7633975064757171,0.1,ok
fisher_kpp,pod_edmd_rbf,POD-EDMD-RBF,32,0.16,0.03,7,5,5,system,0.8,0.048086964880522914,0.7632954390299057,0.1,ok
fisher_kpp,baseline,Baseline,32,0.16,0.05,0,1,0,system,0.8,0.028382491438909734,0.7779206731540542,0.3,ok
fisher_kpp,pydmd_optdmd,PyDMD optimized DMD,32,0.16,0.05,0,5,5,system,0.8,0.039372509472648386,0.7696951696422103,0.03,ok
fisher_kpp,pod_edmd_rbf,POD-EDMD-RBF,32,0.16,0.05,0,5,5,system,0.8,0.029071673453997474,0.7773996900671296,0.1,ok
fisher_kpp,baseline,Baseline,32,0.16,0.05,1,1,0,system,0.8,0.03440520664333909,0.7733913120913345,0.1,ok
fisher_kpp,pydmd_optdmd,PyDMD optimized DMD,32,0.16,0.05,1,5,5,system,0.8,0.038336962894365056,0.7704627963642934,0.03,ok
fisher_kpp,pod_edmd_rbf,POD-EDMD-RBF,32,0.16,0.05,1,5,5,system,0.8,0.023566942024042407,0.7815805368020659,0.1,ok
fisher_kpp,baseline,Baseline,32,0.16,0.05,2,1,0,system,0.8,0.028208326869130586,0.7780524423839092,0.1,ok
fisher_kpp,pydmd_optdmd,PyDMD optimized DMD,32,0.16,0.05,2,5,5,system,0.8,0.0398401825707447,0.7693489955564136,0.1,ok
fisher_kpp,pod_edmd_rbf,POD-EDMD-RBF,32,0.16,0.05,2,5,5,system,0.8,0.06500357103398284,0.7511711901804253,0.1,ok
fisher_kpp,baseline,Baseline,32,0.16,0.05,3,1,0,system,0.8,0.03559486720082619,0.7725028631730957,0.03,ok
fisher_kpp,pydmd_optdmd,PyDMD optimized DMD,32,0.16,0.05,3,5,5,system,0.8,0.04691965307134633,0.7641465108167962,0.1,ok
fisher_kpp,pod_edmd_rbf,POD-EDMD-RBF,32,0.16,0.05,3,5,5,system,0.8,0.05025412517090179,0.7617204073060133,0.1,ok
fisher_kpp,baseline,Baseline,32,0.16,0.05,4,1,0,system,0.8,0.03392613301668044,0.7737496659126359,0.1,ok
fisher_kpp,pydmd_optdmd,PyDMD optimized DMD,32,0.16,0.05,4,5,5,system,0.8,0.022561659080542775,0.7823489105970748,0.03,ok
fisher_kpp,pod_edmd_rbf,POD-EDMD-RBF,32,0.16,0.05,4,5,5,system,0.8,0.022325666667394942,0.7825295070678033,0.1,ok
fisher_kpp,baseline,Baseline,32,0.16,0.05,5,1,0,system,0.8,0.05030673353525588,0.761682253818614,0.1,ok
fisher_kpp,pydmd_optdmd,PyDMD optimized DMD,32,0.16,0.05,5,5,5,system,0.8,0.05951593028938893,0.7550617948533285,0.1,ok
fisher_kpp,pod_edmd_rbf,POD-EDMD-RBF,32,0.16,0.05,5,5,5,system,0.8,0.0571095166707312,0.7567806243193479,0.1,ok
fisher_kpp,baseline,Baseline,32,0.16,0.05,6,1,0,system,0.8,0.03365428692382078,0.7739531583435103,0.3,ok
fisher_kpp,pydmd_optdmd,PyDMD optimized DMD,32,0.16,0.05,6,5,5,system,0.8,0.030098424513928437,0.7766248165824496,0.1,ok
fisher_kpp,pod_edmd_rbf,POD-EDMD-RBF,32,0.16,0.05,6,5,5,system,0.8,0.03299817392135995,0.7744447378480094,0.1,ok
fisher_kpp,baseline,Baseline,32,0.16,0.05,7,1,0,system,0.8,0.025574695623353298,0.7800504472409521,0.1,ok
fisher_kpp,pydmd_optdmd,PyDMD optimized DMD,32,0.16,0.05,7,5,5,system,0.8,0.03395308872309644,0.7737294938477121,0.1,ok
fisher_kpp,pod_edmd_rbf,POD-EDMD-RBF,32,0.16,0.05,7,5,5,system,0.8,0.022025364565829233,0.7827594380104756,0.1,ok
fisher_kpp,baseline,Baseline,32,0.16,0.1,0,1,0,system,0.8,0.02668544386734581,0.7792065279376504,0.03,ok
fisher_kpp,pydmd_optdmd,PyDMD optimized DMD,32,0.16,0.1,0,5,5,system,0.8,0.028886563062305883,0.7775395546219751,0.3,ok
fisher_kpp,pod_edmd_rbf,POD-EDMD-RBF,32,0.16,0.1,0,5,5,system,0.8,0.05456177716339772,0.7586089476444632,0.1,ok
fisher_kpp,baseline,Baseline,32,0.16,0.1,1,1,0,system,0.8,0.045071914373678454,0.7654975595430173,0.1,ok
fisher_kpp,pydmd_optdmd,PyDMD optimized DMD,32,0.16,0.1,1,5,5,system,0.8,0.051682063467171295,0.7606861691285014,0.1,ok
fisher_kpp,pod_edmd_rbf,POD-EDMD-RBF,32,0.16,0.1,1,5,5,system,0.8,0.06650734492206256,0.7501120398364081,0.3,ok
fisher_kpp,baseline,Baseline,32,0.16,0.1,2,1,0,system,0.8,0.04724888064738592,0.7639062831993269,0.1,ok
fisher_kpp,pydmd_optdmd,PyDMD optimized DMD,32,0.16,0.1,2,5,5,system,0.8,0.05470508843141541,0.7585058693419037,0.3,ok
fisher_kpp,pod_edmd_rbf,POD-EDMD-RBF,32,0.16,0.1,2,5,5,system,0.8,0.038250022507450084,0.7705273129375344,0.3,ok
fisher_kpp,baseline,Baseline,32,0.16,0.1,3,1,0,system,0.8,0.02225927561527974,0.7825803287707946,0.1,ok
fisher_kpp,pydmd_optdmd,PyDMD optimized DMD,32,0.16,0.1,3,5,5,system,0.8,0.02501894893996253,0.7804733764457048,0.1,ok
fisher_kpp,pod_edmd_rbf,POD-EDMD-RBF,32,0.16,0.1,3,5,5,system,0.8,0.03669013338992632,0.7716867116155904,0.1,ok
fisher_kpp,baseline,Baseline,32,0.16,0.1,4,1,0,system,0.8,0.03556838513091732,0.7725226180006097,0.3,ok
fisher_kpp,pydmd_optdmd,PyDMD optimized DMD,32,0.16,0.1,4,5,5,system,0.8,0.02781425272585746,0.7783507553804853,0.1,ok
fisher_kpp,pod_edmd_rbf,POD-EDMD-RBF,32,0.16,0.1,4,5,5,system,0.8,0.02988790433807775,0.7767835670564267,0.1,ok
fisher_kpp,baseline,Baseline,32,0.16,0.1,5,1,0,system,0.8,0.021658208170929262,0.7830407406330507,0.1,ok
fisher_kpp,pydmd_optdmd,PyDMD optimized DMD,32,0.16,0.1,5,5,5,system,0.8,0.04037064944341082,0.7689567179043286,0.1,ok
fisher_kpp,pod_edmd_rbf,POD-EDMD-RBF,32,0.16,0.1,5,5,5,system,0.8,0.02320918752034088,0.781853808348546,0.03,ok
fisher_kpp,baseline,Baseline,32,0.16,0.1,6,1,0,system,0.8,0.06774456085695865,0.7492428707460985,0.03,ok
fisher_kpp,pydmd_optdmd,PyDMD optimized DMD,32,0.16,0.1,6,5,5,system,0.8,0.07571086444468692,0.7436942643625555,0.1,ok
fisher_kpp,pod_edmd_rbf,POD-EDMD-RBF,32,0.16,0.1,6,5,5,system,0.8,0.08868974350880554,0.7348282692749822,0.3,ok
fisher_kpp,baseline,Baseline,32,0.16,0.1,7,1,0,system,0.8,0.02152300801856396,0.7831443772879384,0.1,ok
fisher_kpp,pydmd_optdmd,PyDMD optimized DMD,32,0.16,0.1,7,5,5,system,0.8,0.02342342357778644,0.7816901407271681,0.1,ok
fisher_kpp,pod_edmd_rbf,POD-EDMD-RBF,32,0.16,0.1,7,5,5,system,0.5714285714285714,0.4125609292170496,0.40453375115316353,0.3,ok
