system,method,sparse_factor,noise,seed,fold,lam,cv_mse,primal_objective,dual_objective,primal_dual_gap,relative_primal_dual_gap,max_relative_gap,kkt_stationarity_max,masked_dual_stationarity_max,dual_box_violation,dual_scale_min,converged,iterations,rho,tolerance,elapsed_seconds,n_observed,n_times,n_channels,objective
lorenz63,banded ADMM with dual certificate,64,0.1,0,0,0.0001,2.6372405591332457,"[0.002479033049157052, 0.00318925437537949, 0.003462321455728807]","[0.0024790330485178987, 0.0031892388957652723, 0.0034456187745343795]","[6.391532268723576e-13, 1.54796142176096e-08, 1.6702681194427638e-05]","[6.391532268723576e-13, 1.54796142176096e-08, 1.6702681194427638e-05]",1.6702681194427638e-05,1.5534692929630549e-06,2.108969737128069e-14,0.0,0.9948337430694663,True,200,0.02,0.0001,0.006793486999868037,22,33,3,0.5*sum_train((z-y)^2)+lambda*sum(abs(Bz))
lorenz63,banded ADMM with dual certificate,64,0.1,0,0,0.001,2.633105267236763,"[0.024738746022316464, 0.03183178877428714, 0.03456620304381243]","[0.024731866479637894, 0.031812115369685666, 0.03455381497134383]","[6.87954267857005e-06, 1.9673404601475153e-05, 1.2388072468602629e-05]","[6.87954267857005e-06, 1.9673404601475153e-05, 1.2388072468602629e-05]",1.9673404601475153e-05,1.7472495932977124e-06,2.6613910728001677e-14,0.0,0.9994176299044065,True,50,0.02,0.0001,0.0017798149999634916,22,33,3,0.5*sum_train((z-y)^2)+lambda*sum(abs(Bz))
lorenz63,banded ADMM with dual certificate,64,0.1,0,0,0.01,2.6033297425812365,"[0.24221184776017063, 0.31220438638445247, 0.33994596674679045]","[0.24220986313406448, 0.3121999160142868, 0.339945567546604]","[1.9846261061495785e-06, 4.470370165654547e-06, 3.992001864627781e-07]","[1.9846261061495785e-06, 4.470370165654547e-06, 3.992001864627781e-07]",4.470370165654547e-06,4.4922024236213054e-07,2.5243696022414497e-14,0.0,0.9999850260125699,True,75,0.066,0.0001,0.002483114999904501,22,33,3,0.5*sum_train((z-y)^2)+lambda*sum(abs(Bz))
lorenz63,banded ADMM with dual certificate,64,0.1,0,0,0.1,2.3613499550841985,"[1.9247267362301363, 2.5418365542919488, 2.8358151442744677]","[1.9246879801105377, 2.541808192500564, 2.8358126127131214]","[3.875611959869296e-05, 2.8361791384767798e-05, 2.531561346330591e-06]","[2.0135907539063227e-05, 1.1157991782311206e-05, 8.927102852390899e-07]",2.0135907539063227e-05,4.9605730134127946e-06,5.3013149425851225e-15,0.0,0.999983464958507,True,50,0.33,0.0001,0.0016757479997977498,22,33,3,0.5*sum_train((z-y)^2)+lambda*sum(abs(Bz))
lorenz63,banded ADMM with dual certificate,64,0.1,0,0,1.0,1.753592163758062,"[6.419357256428546, 7.8666908528185155, 9.073225799861882]","[6.419356521387777, 7.866687480269594, 9.073142762957609]","[7.350407686956828e-07, 3.372548921909413e-06, 8.303690427347021e-05]","[1.1450379521401304e-07, 4.287125279241245e-07, 9.151861323095723e-06]",9.151861323095723e-06,5.749819674583101e-05,4.4853010194856324e-14,0.0,0.9999656148333561,True,75,1.65,0.0001,0.002479821000179072,22,33,3,0.5*sum_train((z-y)^2)+lambda*sum(abs(Bz))
lorenz63,banded ADMM with dual certificate,64,0.1,0,0,10.0,1.615225885176217,"[10.145431380408887, 10.439843168988814, 10.991716727853547]","[10.145431379033221, 10.439523097910168, 10.991071783487135]","[1.3756658034935754e-09, 0.0003200710786455119, 0.000644944366412048]","[1.355946092297292e-10, 3.065860985309355e-05, 5.867549013319526e-05]",5.867549013319526e-05,2.868538739875248e-14,2.8418239983452054e-14,0.0,1.0,True,150,66.0,0.0001,0.0046125970000048255,22,33,3,0.5*sum_train((z-y)^2)+lambda*sum(abs(Bz))
lorenz63,affine exact solution,64,0.1,0,0,100.0,1.5565244519516916,"[10.910237321638578, 10.439523136329974, 10.991071956681676]","[10.910237321638524, 10.439523136329871, 10.991071956681663]","[5.3290705182007514e-14, 1.0302869668521453e-13, 1.2434497875801753e-14]","[4.88446801027092e-15, 9.869099894675302e-15, 1.1313271284920114e-15]",9.869099894675302e-15,9.636735853746359e-14,9.547918011776346e-14,0.0,1.0,True,0,0.0,0.0001,0.0002011629999287834,22,33,3,0.5*sum_train((z-y)^2)+lambda*sum(abs(Bz))
lorenz63,banded ADMM with dual certificate,64,0.1,0,1,0.0001,1.6895908615627568,"[0.003073190829501823, 0.003308832224915368, 0.004611318597815263]","[0.0030731869851189624, 0.003306536106903215, 0.004611190034739924]","[3.844382860662687e-09, 2.296118012152723e-06, 1.2856307533924e-07]","[3.844382860662687e-09, 2.296118012152723e-06, 1.2856307533924e-07]",2.296118012152723e-06,4.4229224229754786e-07,1.3552527156068805e-20,0.0,0.9992628462940306,True,150,0.02,0.0001,0.004575511999973969,23,33,3,0.5*sum_train((z-y)^2)+lambda*sum(abs(Bz))
lorenz63,banded ADMM with dual certificate,64,0.1,0,1,0.001,1.675516061644443,"[0.030652883073219266, 0.03299493296179434, 0.04603673965227125]","[0.030637903550088996, 0.032959686227136124, 0.046014624120236894]","[1.497952313027004e-05, 3.524673465821887e-05, 2.2115532034357177e-05]","[1.497952313027004e-05, 3.524673465821887e-05, 2.2115532034357177e-05]",3.524673465821887e-05,6.125766469643884e-06,2.168404344971009e-19,0.0,0.9989790377469183,True,50,0.02,0.0001,0.0017165889998977946,23,33,3,0.5*sum_train((z-y)^2)+lambda*sum(abs(Bz))
lorenz63,banded ADMM with dual certificate,64,0.1,0,1,0.01,1.6348976273861249,"[0.29876676909211475, 0.3208399688816818, 0.4527169866434702]","[0.2986989416619693, 0.32080264403298375, 0.4526987791153249]","[6.782743014543957e-05, 3.732484869806152e-05, 1.820752814529758e-05]","[6.782743014543957e-05, 3.732484869806152e-05, 1.820752814529758e-05]",6.782743014543957e-05,1.402961654310697e-05,1.734723475976807e-18,0.0,0.9997661729789414,True,50,0.066,0.0001,0.001658491999933176,23,33,3,0.5*sum_train((z-y)^2)+lambda*sum(abs(Bz))
lorenz63,banded ADMM with dual certificate,64,0.1,0,1,0.1,1.3448105684599019,"[2.372526762101338, 2.4768038340228475, 3.9085542330026097]","[2.3723811890260667, 2.4767435138242586, 3.9085450188254307]","[0.0001455730752715212, 6.032019858892568e-05, 9.214177179028837e-06]","[6.135782221591787e-05, 2.4354047648155106e-05, 2.3574387432639945e-06]",6.135782221591787e-05,2.1198487098694763e-05,2.7755575615628914e-17,0.0,0.9999293386788839,True,50,0.33,0.0001,0.0016745959999298066,23,33,3,0.5*sum_train((z-y)^2)+lambda*sum(abs(Bz))
lorenz63,banded ADMM with dual certificate,64,0.1,0,1,1.0,0.6698077219073097,"[8.372647339093435, 7.084329184712282, 11.077547378717085]","[8.372645730265928, 7.084328694864887, 11.077351813887097]","[1.608827506771604e-06, 4.898473955350369e-07, 0.00019556482998872582]","[1.9215278532749033e-07, 6.914520524993521e-08, 1.765416326401437e-05]",1.765416326401437e-05,3.366014904093717e-05,2.220446049250313e-16,0.0,0.9999793932294797,True,75,1.65,0.0001,0.0023526590000528813,23,33,3,0.5*sum_train((z-y)^2)+lambda*sum(abs(Bz))
lorenz63,affine exact solution,64,0.1,0,1,10.0,0.5693629320540256,"[11.466706543895963, 10.800355139933606, 11.450790954490556]","[11.466700725744566, 10.800355139933599, 11.450790954490552]","[5.81815139710784e-06, 7.105427357601002e-15, 3.552713678800501e-15]","[5.073951596158183e-07, 6.578883069621618e-16, 3.1025923824129065e-16]",5.073951596158183e-07,0.0013204187034525638,1.7763568394002505e-15,0.0,0.9992876832450429,True,0,0.0,0.0001,0.00024112400001286005,23,33,3,0.5*sum_train((z-y)^2)+lambda*sum(abs(Bz))
lorenz63,affine exact solution,64,0.1,0,1,100.0,0.5693629320540256,"[11.466706543895986, 10.800355139933695, 11.450790954490586]","[11.466706543895961, 10.800355139933599, 11.450790954490552]","[2.4868995751603507e-14, 9.592326932761353e-14, 3.375077994860476e-14]","[2.1688002266737952e-15, 8.88149214398911e-15, 2.9474627632922533e-15]",8.88149214398911e-15,1.4876988529977098e-14,1.7763568394002505e-15,0.0,1.0,True,0,0.0,0.0001,0.0001973880000605277,23,33,3,0.5*sum_train((z-y)^2)+lambda*sum(abs(Bz))
lorenz63,banded ADMM with dual certificate,64,0.1,0,2,0.0001,2.668838169793181,"[0.0035771958704699553, 0.0031630139441776823, 0.004869975513287097]","[0.0035771958690093927, 0.0031227968305186328, 0.004869974870222743]","[1.4605625736630046e-12, 4.0217113659049564e-05, 6.430643543706149e-10]","[1.4605625736630046e-12, 4.0217113659049564e-05, 6.430643543706149e-10]",4.0217113659049564e-05,5.827793421766896e-06,2.710505431213761e-20,0.0,0.9883444129130374,True,175,0.02,0.0001,0.0052818760000263865,23,33,3,0.5*sum_train((z-y)^2)+lambda*sum(abs(Bz))
lorenz63,banded ADMM with dual certificate,64,0.1,0,2,0.001,2.6579394758247625,"[0.03569009584515344, 0.031551083062038646, 0.0486225009830436]","[0.035674735088742915, 0.031532422636460396, 0.04860467902218394]","[1.536075641052348e-05, 1.866042557824993e-05, 1.7821960859656927e-05]","[1.536075641052348e-05, 1.866042557824993e-05, 1.7821960859656927e-05]",1.866042557824993e-05,3.1904759555112516e-06,4.336808689942018e-19,0.0,0.9993618946385114,True,50,0.02,0.0001,0.0018211869999049668,23,33,3,0.5*sum_train((z-y)^2)+lambda*sum(abs(Bz))
lorenz63,banded ADMM with dual certificate,64,0.1,0,2,0.01,2.605891708411668,"[0.3487147900821551, 0.30800575611653885, 0.4785158954300414]","[0.348680835564275, 0.30796631998966423, 0.4785008616302585]","[3.3954517880130375e-05, 3.943612687462572e-05, 1.50337997829042e-05]","[3.3954517880130375e-05, 3.943612687462572e-05, 1.50337997829042e-05]",3.943612687462572e-05,6.19388558432965e-06,3.469446951953614e-18,0.0,0.9998761221968042,True,50,0.066,0.0001,0.001745943000059924,23,33,3,0.5*sum_train((z-y)^2)+lambda*sum(abs(Bz))
lorenz63,banded ADMM with dual certificate,64,0.1,0,2,0.1,2.289191593378139,"[2.8476230840121857, 2.4747874291176997, 4.193186277714786]","[2.847515323128732, 2.4747532483771923, 4.1931709855607275]","[0.00010776088345387791, 3.41807405073169e-05, 1.5292154058599294e-05]","[3.784239707105028e-05, 1.3811586443811405e-05, 3.646905490431313e-06]",3.784239707105028e-05,1.44910308326196e-05,2.7755575615628914e-17,0.0,0.9999516967033819,True,50,0.33,0.0001,0.0016612859999440843,23,33,3,0.5*sum_train((z-y)^2)+lambda*sum(abs(Bz))
lorenz63,banded ADMM with dual certificate,64,0.1,0,2,1.0,1.6551514551355464,"[8.329662632842556, 7.5498511125758885, 10.467199488839881]","[8.32966082634648, 7.5498508652863885, 10.466776290544313]","[1.8064960762842475e-06, 2.472894999883124e-07, 0.000423198295568028]","[2.168750591604414e-07, 3.275422207682996e-08, 4.043089997656409e-05]",4.043089997656409e-05,2.292566980321986e-05,3.3306690738754696e-16,0.0,0.9999849970919625,True,75,1.65,0.0001,0.002394792000131929,23,33,3,0.5*sum_train((z-y)^2)+lambda*sum(abs(Bz))
lorenz63,banded ADMM with dual certificate,64,0.1,0,2,10.0,1.7764988288618613,"[11.495744460245907, 9.846327136846934, 11.42109839589113]","[11.495743575929101, 9.846327133802273, 11.42022570747878]","[8.843168064487372e-07, 3.044661411877314e-09, 0.0008726884123504419]","[7.692557967923207e-08, 3.09217982458005e-10, 7.6410199973796e-05]",7.6410199973796e-05,3.445833263171494e-08,1.7763568394002505e-15,0.0,0.9999999805413818,True,325,16.5,0.0001,0.009540249999872685,23,33,3,0.5*sum_train((z-y)^2)+lambda*sum(abs(Bz))
lorenz63,affine exact solution,64,0.1,0,2,100.0,1.7664529690330606,"[11.499917895615496, 10.001519371082574, 11.420226649187605]","[11.499917895615498, 10.001519371082441, 11.420226649187583]","[0.0, 1.3322676295501878e-13, 2.1316282072803006e-14]","[0.0, 1.3320652394097017e-14, 1.866537567739023e-15]",1.3320652394097017e-14,4.0190073491430667e-14,1.7763568394002505e-15,0.0,1.0,True,0,0.0,0.0001,0.00020903499989799457,23,33,3,0.5*sum_train((z-y)^2)+lambda*sum(abs(Bz))
lorenz63,banded ADMM with dual certificate,16,0.1,0,0,0.0001,0.05063980499890565,"[0.003063023076522458, 0.004565828872383982, 0.004924744256355789]","[0.003062957674732715, 0.004543289639403592, 0.0049242758723873625]","[6.540178974301716e-08, 2.253923298038956e-05, 4.6838396842649455e-07]","[6.540178974301716e-08, 2.253923298038956e-05, 4.6838396842649455e-07]",2.253923298038956e-05,1.4259481713455773e-06,9.767328005422238e-14,0.0,0.9952473123351461,True,100,0.02,0.0001,0.004720279999901322,84,126,3,0.5*sum_train((z-y)^2)+lambda*sum(abs(Bz))
lorenz63,banded ADMM with dual certificate,16,0.1,0,0,0.001,0.05342440965710058,"[0.030546321038233605, 0.04552397896254134, 0.04915089447063405]","[0.030533760118837842, 0.04550198872794002, 0.04913363275206618]","[1.2560919395762649e-05, 2.199023460131705e-05, 1.7261718567876394e-05]","[1.2560919395762649e-05, 2.199023460131705e-05, 1.7261718567876394e-05]",2.199023460131705e-05,1.3692298352313385e-06,8.005054952242574e-14,0.0,0.9995436336357163,True,50,0.0252,0.0001,0.0023422029998982907,84,126,3,0.5*sum_train((z-y)^2)+lambda*sum(abs(Bz))
lorenz63,banded ADMM with dual certificate,16,0.1,0,0,0.01,0.05680854004217952,"[0.29716779968634616, 0.44329004864893434, 0.4828278399346975]","[0.297125129265604, 0.44324986946261413, 0.48279509077669647]","[4.267042074213023e-05, 4.017918632021056e-05, 3.274915800105527e-05]","[4.267042074213023e-05, 4.017918632021056e-05, 3.274915800105527e-05]",4.267042074213023e-05,4.145838845181354e-06,8.266651252419877e-14,0.0,0.9998618076650502,True,50,0.126,0.0001,0.002332088000002841,84,126,3,0.5*sum_train((z-y)^2)+lambda*sum(abs(Bz))
lorenz63,banded ADMM with dual certificate,16,0.1,0,0,0.1,0.0996099414338441,"[2.490641063002596, 3.6239016012203233, 4.314054895881947]","[2.4906410628813234, 3.6237512927867446, 4.314042479811514]","[1.212727696042748e-10, 0.00015030843357877188, 1.2416070433118875e-05]","[4.869138769360617e-11, 4.147696326195959e-05, 2.8780510987402694e-06]",4.147696326195959e-05,1.6418052781908e-05,9.257872246593024e-14,0.0,0.9999452731342346,True,150,1.2600000000000002,0.0001,0.006304860999989614,84,126,3,0.5*sum_train((z-y)^2)+lambda*sum(abs(Bz))
lorenz63,banded ADMM with dual certificate,16,0.1,0,0,1.0,0.27935138643277063,"[13.575623800626152, 17.498716561691815, 28.072363097079432]","[13.57559688198001, 17.498504994437027, 28.070913390589414]","[2.6918646142348734e-05, 0.00021156725478732596, 0.0014497064900176326]","[1.9828662415576924e-06, 1.2090444121512828e-05, 5.164176898839186e-05]",5.164176898839186e-05,9.885548332722038e-05,2.8976820942716586e-14,0.0,0.9999101403235295,True,150,6.3,0.0001,0.00650017500015565,84,126,3,0.5*sum_train((z-y)^2)+lambda*sum(abs(Bz))
lorenz63,banded ADMM with dual certificate,16,0.1,0,0,10.0,0.6832837531455365,"[32.067633602576876, 33.31982435872117, 41.95304798771731]","[32.0676330296698, 33.31973514734664, 41.94951114444055]","[5.72907076445972e-07, 8.921137452944095e-05, 0.0035368432767626246]","[1.7865586327515437e-08, 2.677426314406446e-06, 8.430479896950786e-05]",8.430479896950786e-05,3.293718116292865e-05,9.126033262418787e-14,0.0,0.9999860010695097,True,250,63.0,0.0001,0.010778688000073089,84,126,3,0.5*sum_train((z-y)^2)+lambda*sum(abs(Bz))
lorenz63,affine exact solution,16,0.1,0,0,100.0,0.9111093490146421,"[41.62484482146822, 41.32033594825912, 41.99979563372424]","[41.62484482146808, 41.32033594825898, 41.999795633724254]","[1.4210854715202004e-13, 1.4210854715202004e-13, 0.0]","[3.4140318783537384e-15, 3.4391914753540928e-15, 0.0]",3.4391914753540928e-15,1.396660564978447e-13,1.396660564978447e-13,0.0,1.0,True,0,0.0,0.0001,0.0002493969998340617,84,126,3,0.5*sum_train((z-y)^2)+lambda*sum(abs(Bz))
lorenz63,banded ADMM with dual certificate,16,0.1,0,1,0.0001,0.0751721628500963,"[0.0034724289426700714, 0.004668637547352547, 0.0051236748948282574]","[0.003472239415170003, 0.004660118833541973, 0.005060256978962727]","[1.8952750006819702e-07, 8.51871381057391e-06, 6.341791586553062e-05]","[1.8952750006819702e-07, 8.51871381057391e-06, 6.341791586553062e-05]",6.341791586553062e-05,3.6916463346017272e-06,2.710505431213761e-20,0.0,0.9876950705621376,True,100,0.02,0.0001,0.0047627840001496224,85,126,3,0.5*sum_train((z-y)^2)+lambda*sum(abs(Bz))
lorenz63,banded ADMM with dual certificate,16,0.1,0,1,0.001,0.07624115582343635,"[0.0345885387110419, 0.04656789992135947, 0.05115610995840335]","[0.03457763249774351, 0.046551642564039666, 0.05114128346357742]","[1.0906213298390866e-05, 1.6257357319804377e-05, 1.4826494825925796e-05]","[1.0906213298390866e-05, 1.6257357319804377e-05, 1.4826494825925796e-05]",1.6257357319804377e-05,9.602657282253846e-07,4.336808689942018e-19,0.0,0.9996799541969343,True,50,0.0252,0.0001,0.002996599999960381,85,126,3,0.5*sum_train((z-y)^2)+lambda*sum(abs(Bz))
lorenz63,banded ADMM with dual certificate,16,0.1,0,1,0.01,0.08082030451304148,"[0.3333484530594544, 0.45478228181408015, 0.5038590281275684]","[0.3333426306315099, 0.45473199154853283, 0.5037954037944314]","[5.822427944501829e-06, 5.029026554731475e-05, 6.362433313700233e-05]","[5.822427944501829e-06, 5.029026554731475e-05, 6.362433313700233e-05]",6.362433313700233e-05,3.843992390454437e-06,3.469446951953614e-18,0.0,0.9998718703938894,True,50,0.126,0.0001,0.002427821000082986,85,126,3,0.5*sum_train((z-y)^2)+lambda*sum(abs(Bz))
lorenz63,banded ADMM with dual certificate,16,0.1,0,1,0.1,0.13007271687018712,"[2.6474974605750625, 3.7895460309830273, 4.503679320145073]","[2.6473954471255903, 3.789285369127815, 4.503679318018902]","[0.00010201344947224911, 0.00026066185521234075, 2.126171239069663e-09]","[3.853202920545608e-05, 6.87844541486474e-05, 4.720964988691012e-10]",6.87844541486474e-05,2.3015024455286248e-05,2.7755575615628914e-17,0.0,0.9999127798010294,True,125,1.2600000000000002,0.0001,0.0053893899998911365,85,126,3,0.5*sum_train((z-y)^2)+lambda*sum(abs(Bz))
lorenz63,banded ADMM with dual certificate,16,0.1,0,1,1.0,0.359912858199284,"[13.701735443823608, 17.850860752191057, 27.887617177828243]","[13.701640035661853, 17.849381627014864, 27.8865849129675]","[9.540816175501732e-05, 0.0014791251761927526, 0.0010322648607434814]","[6.963217334489178e-06, 8.286015989515807e-05, 3.7015168924657096e-05]",8.286015989515807e-05,0.00017110682942078626,3.3306690738754696e-16,0.0,0.9998356864049159,True,125,6.3,0.0001,0.00615218999996614,85,126,3,0.5*sum_train((z-y)^2)+lambda*sum(abs(Bz))
lorenz63,banded ADMM with dual certificate,16,0.1,0,1,10.0,0.8606297383193345,"[31.934163434918688, 32.96766457127321, 42.40130444889027]","[31.93392367675071, 32.9674626448833, 42.397958505673024]","[0.00023975816797872085, 0.00020192638991289868, 0.003345943217247793]","[7.507889425922935e-06, 6.124983147542995e-06, 7.891132739279117e-05]",7.891132739279117e-05,6.309111128244282e-05,3.552713678800501e-15,0.0,0.9999685533335746,True,250,63.0,0.0001,0.010672548999991704,85,126,3,0.5*sum_train((z-y)^2)+lambda*sum(abs(Bz))
lorenz63,affine exact solution,16,0.1,0,1,100.0,1.1315109647090558,"[42.13694227990085, 41.7692562177401, 42.493393495210746]","[42.135349300188885, 41.76925621773996, 42.493393495210746]","[0.00159297971196537, 1.4210854715202004e-13, 0.0]","[3.780482459747002e-05, 3.4022283377807473e-15, 0.0]",3.780482459747002e-05,0.014090519551026137,2.842170943040401e-14,0.0,0.9938514371927851,True,0,0.0,0.0001,0.0002530520000618708,85,126,3,0.5*sum_train((z-y)^2)+lambda*sum(abs(Bz))
lorenz63,banded ADMM with dual certificate,16,0.1,0,2,0.0001,0.05239795008793808,"[0.0032029622022953755, 0.0044039070006893005, 0.005418406137892512]","[0.003202962175950966, 0.004403906745464824, 0.00541635613860272]","[2.634440929294435e-11, 2.552244761019895e-10, 2.0499992897920344e-06]","[2.634440929294435e-11, 2.552244761019895e-10, 2.0499992897920344e-06]",2.0499992897920344e-06,1.1900657661834948e-07,2.710505431213761e-20,0.0,0.999603367840401,True,150,0.02,0.0001,0.006645954000077836,85,126,3,0.5*sum_train((z-y)^2)+lambda*sum(abs(Bz))
lorenz63,banded ADMM with dual certificate,16,0.1,0,2,0.001,0.0534989243700171,"[0.03191296098391456, 0.043930716101420034, 0.05409166183973626]","[0.031900317947597026, 0.04390578894274934, 0.05406420436689286]","[1.2643036317531997e-05, 2.4927158670695615e-05, 2.7457472843397945e-05]","[1.2643036317531997e-05, 2.4927158670695615e-05, 2.7457472843397945e-05]",2.7457472843397945e-05,1.565846958283268e-06,4.336808689942018e-19,0.0,0.999478094447027,True,50,0.0252,0.0001,0.002313700000058816,85,126,3,0.5*sum_train((z-y)^2)+lambda*sum(abs(Bz))
lorenz63,banded ADMM with dual certificate,16,0.1,0,2,0.01,0.05619355198378388,"[0.30883193533047987, 0.42869708604062273, 0.5322769682003762]","[0.3088303052936067, 0.4286950775189973, 0.5322762543222515]","[1.6300368731458903e-06, 2.0085216254073224e-06, 7.138781247251202e-07]","[1.6300368731458903e-06, 2.0085216254073224e-06, 7.138781247251202e-07]",2.0085216254073224e-06,1.6204906023303822e-07,1.734723475976807e-18,0.0,0.999994598367739,True,75,0.126,0.0001,0.0033765830000902497,85,126,3,0.5*sum_train((z-y)^2)+lambda*sum(abs(Bz))
lorenz63,banded ADMM with dual certificate,16,0.1,0,2,0.1,0.09752480901498464,"[2.511769236853665, 3.593598636530402, 4.739955092571094]","[2.511712972224187, 3.5935759650079744, 4.739773702952801]","[5.626462947772026e-05, 2.2671522427408775e-05, 0.0001813896182927266]","[2.2400397557300854e-05, 6.308863265069021e-06, 3.8268214518955585e-05]",3.8268214518955585e-05,1.2031395440537107e-05,2.7755575615628914e-17,0.0,0.9999566176187317,True,125,1.2600000000000002,0.0001,0.005487798000103794,85,126,3,0.5*sum_train((z-y)^2)+lambda*sum(abs(Bz))
lorenz63,banded ADMM with dual certificate,16,0.1,0,2,1.0,0.30442938816285836,"[13.588283280720276, 18.284543782106443, 27.98643933416388]","[13.587141169709705, 18.283796593430623, 27.985779231916343]","[0.0011421110105711563, 0.0007471886758203539, 0.0006601022475365426]","[8.405116282728956e-05, 4.086449652364666e-05, 2.3586503436710367e-05]",8.405116282728956e-05,0.00013141756945334038,2.220446049250313e-16,0.0,0.9998404212901926,True,125,6.3,0.0001,0.005248095999832003,85,126,3,0.5*sum_train((z-y)^2)+lambda*sum(abs(Bz))
lorenz63,banded ADMM with dual certificate,16,0.1,0,2,10.0,0.7525673358132056,"[31.828810338910646, 34.31448897757159, 42.40968793309904]","[31.827276421817675, 34.31376404548364, 42.405654483759676]","[0.0015339170929706825, 0.0007249320879552101, 0.004033449339367223]","[4.8192724661640037e-05, 2.1126122217033027e-05, 9.51067913003736e-05]",9.51067913003736e-05,0.0003718997074173558,3.552713678800501e-15,0.0,0.9998252363355267,True,175,63.0,0.0001,0.0072596499999235675,85,126,3,0.5*sum_train((z-y)^2)+lambda*sum(abs(Bz))
lorenz63,banded ADMM with dual certificate,16,0.1,0,2,100.0,0.9874675325866734,"[42.14451408650788, 41.73721872619113, 42.494236240279186]","[42.14427180584425, 41.7331874510011, 42.49168835942676]","[0.00024228066363463086, 0.004031275190030215, 0.0025478808524255214]","[5.7488066688184794e-06, 9.658705857897739e-05, 5.995826911722327e-05]",9.658705857897739e-05,1.4542967452513267e-07,1.4210854715202004e-14,0.0,0.9999999436015783,True,450,630.0,0.0001,0.019069984999987355,85,126,3,0.5*sum_train((z-y)^2)+lambda*sum(abs(Bz))
burgers,banded ADMM with dual certificate,32,0.1,0,0,0.0001,0.015275790396868995,"[7.800348552593327e-05, 0.0002268233848841148, 7.166054429664622e-05, 0.000189786901356975, 0.00014277005270966125, 0.00022495241243758696, 0.00020722115956253723, 0.00020588327585281904]","[7.61345061778395e-05, 0.0002207307042021259, 7.082849438956642e-05, 0.00018143321776795788, 0.0001388936412197493, 0.00022126550844025933, 0.0002000312966188362, 0.00018943052332325946]","[1.8689793480937677e-06, 6.092680681988905e-06, 8.320499070798063e-07, 8.353683589017131e-06, 3.876411489911957e-06, 3.686903997327629e-06, 7.189862943701036e-06, 1.645275252955958e-05]","[1.8689793480937677e-06, 6.092680681988905e-06, 8.320499070798063e-07, 8.353683589017131e-06, 3.876411489911957e-06, 3.686903997327629e-06, 7.189862943701036e-06, 1.645275252955958e-05]",1.645275252955958e-05,3.132856176297718e-05,2.710505431213761e-20,0.0,0.9216689165613262,True,25,0.01,0.0001,0.001105957999925522,10,14,8,0.5*sum_train((z-y)^2)+lambda*sum(abs(Bz))
burgers,banded ADMM with dual certificate,32,0.1,0,0,0.001,0.01486509513962974,"[0.0007542517174371857, 0.0022394629869605664, 0.0007019616977703868, 0.001865931647661525, 0.0014203916661079704, 0.0022218159288513325, 0.0020549473476914625, 0.0020316480370445897]","[0.0007494113687912652, 0.0022269590750497287, 0.0007003018120248529, 0.0018560025217769821, 0.0014157223373483351, 0.0022134151894139757, 0.0020435502259123026, 0.0020228713101776773]","[4.840348645920498e-06, 1.250391191083772e-05, 1.6598857455338767e-06, 9.929125884542908e-06, 4.669328759635298e-06, 8.400739437356818e-06, 1.1397121779159903e-05, 8.776726866912415e-06]","[4.840348645920498e-06, 1.250391191083772e-05, 1.6598857455338767e-06, 9.929125884542908e-06, 4.669328759635298e-06, 8.400739437356818e-06, 1.1397121779159903e-05, 8.776726866912415e-06]",1.250391191083772e-05,1.9665775469170088e-05,2.168404344971009e-19,0.0,0.9949404420281653,True,25,0.01,0.0001,0.0009853260000909358,10,14,8,0.5*sum_train((z-y)^2)+lambda*sum(abs(Bz))
burgers,banded ADMM with dual certificate,32,0.1,0,0,0.01,0.014120073813619329,"[0.0059415188884010045, 0.019525770549087836, 0.005942324340459224, 0.016156154844709305, 0.01328557438007703, 0.019489880112981806, 0.018515092154704947, 0.017676905080294143]","[0.005937539079400561, 0.019522823618711674, 0.005942268569118004, 0.016153971327308746, 0.013285003905373452, 0.01948855341930199, 0.018514193327155884, 0.017675269468873194]","[3.979809000443334e-06, 2.946930376161727e-06, 5.577134121973609e-08, 2.1835174005592484e-06, 5.704747035786134e-07, 1.3266936798143891e-06, 8.988275490631747e-07, 1.635611420948424e-06]","[3.979809000443334e-06, 2.946930376161727e-06, 5.577134121973609e-08, 2.1835174005592484e-06, 5.704747035786134e-07, 1.3266936798143891e-06, 8.988275490631747e-07, 1.635611420948424e-06]",3.979809000443334e-06,3.5528703335591105e-06,3.469446951953614e-18,0.0,0.9998815757294109,True,50,0.028000000000000004,0.0001,0.001721006000025227,10,14,8,0.5*sum_train((z-y)^2)+lambda*sum(abs(Bz))
burgers,banded ADMM with dual certificate,32,0.1,0,0,0.1,0.015201352542841195,"[0.011581568649641298, 0.06275133893995054, 0.03977022807678712, 0.08965571567503773, 0.10142112623529378, 0.09215468614813316, 0.07292316001057403, 0.06970485335498908]","[0.011537230101160223, 0.06275082025234756, 0.03977022721688926, 0.08965570437364931, 0.10142112623525174, 0.09215467092594143, 0.07292315675477182, 0.06970485335497298]","[4.4338548481074463e-05, 5.186876029794618e-07, 8.598978612495145e-10, 1.130138842231343e-08, 4.2049697057677804e-14, 1.5222191729336032e-08, 3.25580221116617e-09, 1.609823385706477e-14]","[4.4338548481074463e-05, 5.186876029794618e-07, 8.598978612495145e-10, 1.130138842231343e-08, 4.2049697057677804e-14, 1.5222191729336032e-08, 3.25580221116617e-09, 1.609823385706477e-14]",4.4338548481074463e-05,1.4197280523431388e-07,2.7755575615628914e-17,0.0,0.9999993210677419,True,75,0.28,0.0001,0.002421081999955277,10,14,8,0.5*sum_train((z-y)^2)+lambda*sum(abs(Bz))
burgers,banded ADMM with dual certificate,32,0.1,0,0,1.0,0.032971517336354006,"[0.011538071290257704, 0.10709293671557947, 0.19382831350529567, 0.2611914078341062, 0.3978147304773534, 0.23624111955206764, 0.10493899365610232, 0.0735121601971846]","[0.01153798091682862, 0.1070928882497081, 0.19382831350517046, 0.2611914078338471, 0.3978147304773185, 0.23624111954947855, 0.10493462286896442, 0.07350939960775957]","[9.037342908399526e-08, 4.846587137175007e-08, 1.2520540160210203e-13, 2.5912605394751154e-13, 3.4861002973229915e-14, 2.5890956045770963e-12, 4.370787137900067e-06, 2.7605894250271046e-06]","[9.037342908399526e-08, 4.846587137175007e-08, 1.2520540160210203e-13, 2.5912605394751154e-13, 3.4861002973229915e-14, 2.5890956045770963e-12, 4.370787137900067e-06, 2.7605894250271046e-06]",4.370787137900067e-06,9.070244233466696e-08,2.220446049250313e-16,0.0,0.9999996221573246,True,100,5.6,0.0001,0.0037873030000810104,10,14,8,0.5*sum_train((z-y)^2)+lambda*sum(abs(Bz))
burgers,affine exact solution,32,0.1,0,0,10.0,0.04176304211028918,"[0.011537980916852607, 0.10717532491815983, 0.23141400788889482, 0.2654065111286437, 0.4078199927979708, 0.2504398918545744, 0.10493462325271274, 0.07350939964064368]","[0.011537980916852446, 0.1071753249181517, 0.2314140078888945, 0.26540651112863506, 0.40781999279796693, 0.25043989185457194, 0.10493462325270547, 0.07350939964064264]","[1.6132928326584306e-16, 8.132383655379272e-15, 3.3306690738754696e-16, 8.659739592076221e-15, 3.885780586188048e-15, 2.4424906541753444e-15, 7.271960811294775e-15, 1.0408340855860843e-15]","[1.6132928326584306e-16, 8.132383655379272e-15, 3.3306690738754696e-16, 8.659739592076221e-15, 3.885780586188048e-15, 2.4424906541753444e-15, 7.271960811294775e-15, 1.0408340855860843e-15]",8.659739592076221e-15,1.457167719820518e-15,4.440892098500626e-16,0.0,1.0,True,0,0.0,0.0001,0.00021486399987225013,10,14,8,0.5*sum_train((z-y)^2)+lambda*sum(abs(Bz))
burgers,affine exact solution,32,0.1,0,0,100.0,0.04176304211028918,"[0.011537980916854042, 0.10717532491823352, 0.23141400788889827, 0.26540651112872143, 0.4078199927980052, 0.2504398918545966, 0.10493462325277926, 0.07350939964065312]","[0.011537980916852446, 0.1071753249181517, 0.2314140078888945, 0.26540651112863506, 0.40781999279796693, 0.25043989185457194, 0.10493462325270547, 0.07350939964064264]","[1.5959455978986625e-15, 8.182343691487404e-14, 3.774758283725532e-15, 8.637535131583718e-14, 3.824718319833664e-14, 2.4646951146678475e-14, 7.378819777414947e-14, 1.0477729794899915e-14]","[1.5959455978986625e-15, 8.182343691487404e-14, 3.774758283725532e-15, 8.637535131583718e-14, 3.824718319833664e-14, 2.4646951146678475e-14, 7.378819777414947e-14, 1.0477729794899915e-14]",8.637535131583718e-14,1.457167719820518e-15,4.440892098500626e-16,0.0,1.0,True,0,0.0,0.0001,0.00018353700011175533,10,14,8,0.5*sum_train((z-y)^2)+lambda*sum(abs(Bz))
burgers,banded ADMM with dual certificate,32,0.1,0,1,0.0001,0.02059119615808452,"[9.943295673249545e-05, 0.00016612534551736555, 7.030333429890953e-05, 0.0001604644873208359, 0.00014771762265130186, 0.0002306615217997148, 0.0001263391385550115, 0.00013789770485993019]","[9.63342952186175e-05, 0.00016252031347191844, 6.930863048856402e-05, 0.00015666560728088178, 0.00014184848566447695, 0.00022608527289349171, 0.00011913124657115905, 0.0001353230070761549]","[3.098661513877953e-06, 3.60503204544711e-06, 9.947038103455048e-07, 3.798880039954111e-06, 5.869136986824913e-06, 4.576248906223084e-06, 7.207891983852463e-06, 2.574697783775293e-06]","[3.098661513877953e-06, 3.60503204544711e-06, 9.947038103455048e-07, 3.798880039954111e-06, 5.869136986824913e-06, 4.576248906223084e-06, 7.207891983852463e-06, 2.574697783775293e-06]",7.207891983852463e-06,1.6954968837354866e-05,1.3552527156068805e-20,0.0,0.9441904163271582,True,25,0.01,0.0001,0.0028329130000201985,10,14,8,0.5*sum_train((z-y)^2)+lambda*sum(abs(Bz))
burgers,banded ADMM with dual certificate,32,0.1,0,1,0.001,0.020321712175663878,"[0.0009751443292675969, 0.001644873540968693, 0.0006887131573410757, 0.0015964199008967961, 0.0014677188121369955, 0.002284133069047947, 0.0012468833251222194, 0.0013650467867386662]","[0.0009706114579310973, 0.0016425026855039783, 0.0006845197445399442, 0.001589748622089953, 0.0014599301518294983, 0.002263095946514596, 0.001242369331373719, 0.001357533401292918]","[4.532871336499606e-06, 2.370855464714711e-06, 4.1934128011314855e-06, 6.671278806843041e-06, 7.788660307497157e-06, 2.103712253335088e-05, 4.513993748500415e-06, 7.513385445748243e-06]","[4.532871336499606e-06, 2.370855464714711e-06, 4.1934128011314855e-06, 6.671278806843041e-06, 7.788660307497157e-06, 2.103712253335088e-05, 4.513993748500415e-06, 7.513385445748243e-06]",2.103712253335088e-05,1.7019161180303975e-05,4.336808689942018e-19,0.0,0.9943311128273876,True,25,0.01,0.0001,0.0010369740000442107,10,14,8,0.5*sum_train((z-y)^2)+lambda*sum(abs(Bz))
burgers,banded ADMM with dual certificate,32,0.1,0,1,0.01,0.01983442390765784,"[0.007561976371701345, 0.01482280428926881, 0.0061046598860898735, 0.015006372973840118, 0.013620524679857662, 0.020257597172334083, 0.010763989948113686, 0.01190403042600539]","[0.007560836478440986, 0.014822693296654022, 0.006101314737263208, 0.015004449946382762, 0.013619208414130522, 0.020256052795978027, 0.010762521307021544, 0.011903799994408784]","[1.1398932603587375e-06, 1.1099261478832168e-07, 3.3451488266654852e-06, 1.9230274573567296e-06, 1.3162657271394151e-06, 1.544376356056587e-06, 1.4686410921421755e-06, 2.304315966060455e-07]","[1.1398932603587375e-06, 1.1099261478832168e-07, 3.3451488266654852e-06, 1.9230274573567296e-06, 1.3162657271394151e-06, 1.544376356056587e-06, 1.4686410921421755e-06, 2.304315966060455e-07]",3.3451488266654852e-06,3.667604525255108e-06,3.469446951953614e-18,0.0,0.9997824243653213,True,50,0.028000000000000004,0.0001,0.0026017940001565876,10,14,8,0.5*sum_train((z-y)^2)+lambda*sum(abs(Bz))
burgers,banded ADMM with dual certificate,32,0.1,0,1,0.1,0.019511986652670354,"[0.013028583661759675, 0.04863009289409347, 0.04231244708739603, 0.11115945291226531, 0.09394994381116643, 0.09130358122119278, 0.03491942735232962, 0.04275993253696068]","[0.012991688509262545, 0.048629991064232485, 0.04231244708736613, 0.1111594527545392, 0.09394994381110325, 0.0913035785294885, 0.03491941355996157, 0.04275993230578846]","[3.689515249712984e-05, 1.0182986098783431e-07, 2.989969383193625e-14, 1.5772610995057335e-10, 6.318556788897922e-14, 2.6917042761365195e-09, 1.379236805321149e-08, 2.3117222025526019e-10]","[3.689515249712984e-05, 1.0182986098783431e-07, 2.989969383193625e-14, 1.5772610995057335e-10, 6.318556788897922e-14, 2.6917042761365195e-09, 1.379236805321149e-08, 2.3117222025526019e-10]",3.689515249712984e-05,4.387778600720149e-06,2.7755575615628914e-17,0.0,0.9999419911314904,True,75,0.56,0.0001,0.002490486999931818,10,14,8,0.5*sum_train((z-y)^2)+lambda*sum(abs(Bz))
burgers,banded ADMM with dual certificate,32,0.1,0,1,1.0,0.03068727755506207,"[0.013849388027322138, 0.07671749810435774, 0.20566106301395087, 0.31709708078441134, 0.3275620424785744, 0.26005111692377436, 0.09700724800984456, 0.04716489441233254]","[0.013848146812959261, 0.07671527085645417, 0.2056610630139503, 0.31709708078438503, 0.32756204247854503, 0.2600511169237733, 0.09700724800979775, 0.04716340972957789]","[1.241214362877191e-06, 2.2272479035662096e-06, 5.828670879282072e-16, 2.631228568361621e-14, 2.936539900133539e-14, 1.0547118733938987e-15, 4.680977827575816e-14, 1.4846827546544095e-06]","[1.241214362877191e-06, 2.2272479035662096e-06, 5.828670879282072e-16, 2.631228568361621e-14, 2.936539900133539e-14, 1.0547118733938987e-15, 4.680977827575816e-14, 1.4846827546544095e-06]",2.2272479035662096e-06,1.34781075189494e-13,1.942890293094024e-16,0.0,0.9999999999994564,True,125,5.6,0.0001,0.004023419000077411,10,14,8,0.5*sum_train((z-y)^2)+lambda*sum(abs(Bz))
burgers,affine exact solution,32,0.1,0,1,10.0,0.03608190160293581,"[0.013848146819479462, 0.07671527096628118, 0.2627706001026018, 0.32276164545758446, 0.3315448801128507, 0.31807971165580257, 0.09802309660242677, 0.04716340973982859]","[0.013848146819479244, 0.07671527096627734, 0.26277060010260117, 0.32276164545758235, 0.33154488011283845, 0.3180797116558014, 0.09802309660242052, 0.04716340973982843]","[2.185751579730777e-16, 3.8441472227646045e-15, 6.106226635438361e-16, 2.1094237467877974e-15, 1.226796442210798e-14, 1.1657341758564144e-15, 6.2450045135165055e-15, 1.5959455978986625e-16]","[2.185751579730777e-16, 3.8441472227646045e-15, 6.106226635438361e-16, 2.1094237467877974e-15, 1.226796442210798e-14, 1.1657341758564144e-15, 6.2450045135165055e-15, 1.5959455978986625e-16]",1.226796442210798e-14,3.191891195797325e-15,2.220446049250313e-16,0.0,1.0,True,0,0.0,0.0001,0.00020006099998681748,10,14,8,0.5*sum_train((z-y)^2)+lambda*sum(abs(Bz))
burgers,affine exact solution,32,0.1,0,1,100.0,0.03608190160293581,"[0.013848146819481414, 0.07671527096631615, 0.26277060010260755, 0.3227616454576038, 0.33154488011296124, 0.31807971165581317, 0.09802309660248235, 0.047163409739829944]","[0.013848146819479244, 0.07671527096627734, 0.26277060010260117, 0.32276164545758235, 0.33154488011283845, 0.3180797116558014, 0.09802309660242052, 0.04716340973982843]","[2.1701390684469857e-15, 3.8816172498457036e-14, 6.38378239159465e-15, 2.142730437526552e-14, 1.2279066652354231e-13, 1.176836406102666e-14, 6.18255446838134e-14, 1.5126788710517758e-15]","[2.1701390684469857e-15, 3.8816172498457036e-14, 6.38378239159465e-15, 2.142730437526552e-14, 1.2279066652354231e-13, 1.176836406102666e-14, 6.18255446838134e-14, 1.5126788710517758e-15]",1.2279066652354231e-13,3.191891195797325e-15,2.220446049250313e-16,0.0,1.0,True,0,0.0,0.0001,0.00017706700009512133,10,14,8,0.5*sum_train((z-y)^2)+lambda*sum(abs(Bz))
burgers,banded ADMM with dual certificate,32,0.1,0,2,0.0001,0.020106955425533646,"[0.00010219749011121527, 5.5493738757102556e-05, 8.073169356908031e-05, 0.00022701788512218302, 0.0001614477696878826, 0.00022857687206277028, 0.00019860155089459933, 0.00016553262360111947]","[0.00010139989526572537, 5.490850301755549e-05, 7.929633639812727e-05, 0.00021782895879685407, 0.00015436441254680644, 0.00021552715243196188, 0.00019399251704612367, 0.0001633795410054869]","[7.975948454898947e-07, 5.852357395470665e-07, 1.43535717095304e-06, 9.18892632532895e-06, 7.083357141076166e-06, 1.3049719630808397e-05, 4.609033848475654e-06, 2.1530825956325814e-06]","[7.975948454898947e-07, 5.852357395470665e-07, 1.43535717095304e-06, 9.18892632532895e-06, 7.083357141076166e-06, 1.3049719630808397e-05, 4.609033848475654e-06, 2.1530825956325814e-06]",1.3049719630808397e-05,1.6392524442945453e-05,1.8785699992113214e-15,0.0,0.9465454118093501,True,25,0.01,0.0001,0.0011167440000008355,10,14,8,0.5*sum_train((z-y)^2)+lambda*sum(abs(Bz))
burgers,banded ADMM with dual certificate,32,0.1,0,2,0.001,0.01997518054127167,"[0.0009921779018330424, 0.0005489546448978755, 0.0007949983961049406, 0.002239844893962208, 0.0016008341143290167, 0.0022611261807541686, 0.001961297874232429, 0.001643501695487658]","[0.0009897067889708363, 0.0005469682396256778, 0.0007934464524918505, 0.002230785039137522, 0.0015973008469514, 0.0022510769645951597, 0.0019509845947094729, 0.0016367669518026586]","[2.4711128622061096e-06, 1.986405272197682e-06, 1.5519436130901438e-06, 9.059854824685926e-06, 3.5332673776168003e-06, 1.0049216159008917e-05, 1.0313279522956072e-05, 6.734743684999427e-06]","[2.4711128622061096e-06, 1.986405272197682e-06, 1.5519436130901438e-06, 9.059854824685926e-06, 3.5332673776168003e-06, 1.0049216159008917e-05, 1.0313279522956072e-05, 6.734743684999427e-06]",1.0313279522956072e-05,1.316589392615173e-05,3.2009984940462033e-15,0.0,0.9956216445906438,True,25,0.01,0.0001,0.0009751509999205155,10,14,8,0.5*sum_train((z-y)^2)+lambda*sum(abs(Bz))
burgers,banded ADMM with dual certificate,32,0.1,0,2,0.01,0.020303854006581263,"[0.00783358173045403, 0.0049066382193341165, 0.006656196747571569, 0.019612885840441577, 0.014719780784225771, 0.020237753660578825, 0.017126196493363215, 0.015119604492423461]","[0.007823019972561759, 0.004905265698671038, 0.00665518999721924, 0.01961085221538196, 0.01471881727269931, 0.020236479746102615, 0.017115604866173962, 0.015118337741218442]","[1.056175789227072e-05, 1.3725206630781084e-06, 1.0067503523293261e-06, 2.0336250596171557e-06, 9.635115264614719e-07, 1.2739144762095866e-06, 1.059162718925269e-05, 1.266751205019831e-06]","[1.056175789227072e-05, 1.3725206630781084e-06, 1.0067503523293261e-06, 2.0336250596171557e-06, 9.635115264614719e-07, 1.2739144762095866e-06, 1.059162718925269e-05, 1.266751205019831e-06]",1.059162718925269e-05,6.452911566465214e-06,2.2447321779139884e-15,0.0,0.9997327501146047,True,50,0.028000000000000004,0.0001,0.001699224000049071,10,14,8,0.5*sum_train((z-y)^2)+lambda*sum(abs(Bz))
burgers,banded ADMM with dual certificate,32,0.1,0,2,0.1,0.0221870589639576,"[0.01751291199439697, 0.021498751537437757, 0.040993222491625396, 0.09624960995928025, 0.09538449679546611, 0.08157010100085427, 0.05363970907714382, 0.06319850635379064]","[0.01749701015826253, 0.021498749551260896, 0.040993221753879566, 0.09624960866812042, 0.09538449674315116, 0.08157010100071599, 0.053639709077116085, 0.06319850634979973]","[1.5901836134441655e-05, 1.986176861867861e-09, 7.377458297042061e-10, 1.2911598318288142e-09, 5.231494404345227e-11, 1.3827827771706325e-13, 2.7734758933917192e-14, 3.990904828832242e-12]","[1.5901836134441655e-05, 1.986176861867861e-09, 7.377458297042061e-10, 1.2911598318288142e-09, 5.231494404345227e-11, 1.3827827771706325e-13, 2.7734758933917192e-14, 3.990904828832242e-12]",1.5901836134441655e-05,1.3708087165387184e-09,1.609823385706477e-15,0.0,0.9999999902028398,True,75,0.56,0.0001,0.002621593999947436,10,14,8,0.5*sum_train((z-y)^2)+lambda*sum(abs(Bz))
burgers,banded ADMM with dual certificate,32,0.1,0,2,1.0,0.03554249940086006,"[0.017823759588103057, 0.09225043541679889, 0.1977876929239229, 0.26658869603955837, 0.3315816046326504, 0.20852234687163185, 0.08961105089846381, 0.07475776491182595]","[0.01782296930525688, 0.0922504353939187, 0.1977876928785182, 0.2665886960392936, 0.33158160463248165, 0.20852234630292435, 0.08960787878674885, 0.07475527732917682]","[7.90282846177548e-07, 2.2880197736441232e-11, 4.540470777136818e-11, 2.6478819137309983e-13, 1.687538997430238e-13, 5.687074977611672e-10, 3.1721117149663414e-06, 2.4875826491327357e-06]","[7.90282846177548e-07, 2.2880197736441232e-11, 4.540470777136818e-11, 2.6478819137309983e-13, 1.687538997430238e-13, 5.687074977611672e-10, 3.1721117149663414e-06, 2.4875826491327357e-06]",3.1721117149663414e-06,8.88566498158383e-10,2.55351295663786e-15,0.0,0.9999999965825821,True,100,5.6,0.0001,0.003263822999997501,10,14,8,0.5*sum_train((z-y)^2)+lambda*sum(abs(Bz))
burgers,affine exact solution,32,0.1,0,2,10.0,0.043873525547406624,"[0.017822969307254334, 0.09668547274086146, 0.25090649103628504, 0.30259485041742723, 0.3441888379510891, 0.22874785818772272, 0.08960787905129759, 0.07475527735819915]","[0.017822969307254095, 0.09668547274085806, 0.2509064910362849, 0.302594850417417, 0.34418883795107263, 0.22874785818772223, 0.08960787905129056, 0.07475527735819867]","[2.393918396847994e-16, 3.400058012914542e-15, 1.6653345369377348e-16, 1.021405182655144e-14, 1.6486811915683575e-14, 4.996003610813204e-16, 7.0360384185619296e-15, 4.718447854656915e-16]","[2.393918396847994e-16, 3.400058012914542e-15, 1.6653345369377348e-16, 1.021405182655144e-14, 1.6486811915683575e-14, 4.996003610813204e-16, 7.0360384185619296e-15, 4.718447854656915e-16]",1.6486811915683575e-14,3.7751919645945264e-15,3.7751919645945264e-15,0.0,1.0,True,0,0.0,0.0001,0.00019517499981702713,10,14,8,0.5*sum_train((z-y)^2)+lambda*sum(abs(Bz))
burgers,affine exact solution,32,0.1,0,2,100.0,0.043873525547406624,"[0.01782296930725652, 0.09668547274089534, 0.25090649103628626, 0.3025948504175198, 0.3441888379512408, 0.22874785818772522, 0.08960787905136769, 0.07475527735820295]","[0.017822969307254095, 0.09668547274085806, 0.2509064910362849, 0.302594850417417, 0.34418883795107263, 0.22874785818772223, 0.08960787905129056, 0.07475527735819867]","[2.4251434194155763e-15, 3.727573805178963e-14, 1.3877787807814457e-15, 1.028066520802895e-13, 1.6814327707947996e-13, 2.9976021664879227e-15, 7.713274463583275e-14, 4.274358644806853e-15]","[2.4251434194155763e-15, 3.727573805178963e-14, 1.3877787807814457e-15, 1.028066520802895e-13, 1.6814327707947996e-13, 2.9976021664879227e-15, 7.713274463583275e-14, 4.274358644806853e-15]",1.6814327707947996e-13,3.7751919645945264e-15,3.7751919645945264e-15,0.0,1.0,True,0,0.0,0.0001,0.00017799900001591595,10,14,8,0.5*sum_train((z-y)^2)+lambda*sum(abs(Bz))
burgers,banded ADMM with dual certificate,32,0.1,0,0,0.0001,0.020616500994773523,"[0.0002542854492887568, 0.00027514036191436664, 0.0002155164285180465, 0.00029630793061971984, 0.0005826272248680126, 0.00043114034113772, 0.00042963081313847134, 0.00039792860992398494]","[0.0002488567966751525, 0.00025378690237394096, 0.0002082659386233535, 0.0002424389482061546, 0.0005116938165338126, 0.0003979750725831541, 0.0003683309812087352, 0.0003099427387350282]","[5.4286526136043006e-06, 2.1353459540425675e-05, 7.250489894692995e-06, 5.386898241356523e-05, 7.093340833420002e-05, 3.3165268554565886e-05, 6.129983192973616e-05, 8.798587118895675e-05]","[5.4286526136043006e-06, 2.1353459540425675e-05, 7.250489894692995e-06, 5.386898241356523e-05, 7.093340833420002e-05, 3.3165268554565886e-05, 6.129983192973616e-05, 8.798587118895675e-05]",8.798587118895675e-05,0.00012348198473100447,2.710505431213761e-20,0.0,0.7148121599468364,True,25,0.01,0.0001,0.0010164330001316557,10,14,8,0.5*sum_train((z-y)^2)+lambda*sum(abs(Bz))
burgers,banded ADMM with dual certificate,32,0.1,0,0,0.001,0.01987834803294275,"[0.002526264393112509, 0.0027395448966908223, 0.0021384240881225686, 0.0028189785078369034, 0.005734836936613442, 0.004285440227642037, 0.00424672343882072, 0.0039367248898097805]","[0.002505391463489785, 0.002725205583769375, 0.0021287669191662924, 0.0028061455617092255, 0.005700642176107458, 0.004246017471601689, 0.004214780995404374, 0.0038398852848837203]","[2.087292962272419e-05, 1.4339312921447366e-05, 9.657168956276208e-06, 1.2832946127677887e-05, 3.419476050598412e-05, 3.9422756040348277e-05, 3.194244341634626e-05, 9.683960492606024e-05]","[2.087292962272419e-05, 1.4339312921447366e-05, 9.657168956276208e-06, 1.2832946127677887e-05, 3.419476050598412e-05, 3.9422756040348277e-05, 3.194244341634626e-05, 9.683960492606024e-05]",9.683960492606024e-05,7.790073808788128e-05,2.168404344971009e-19,0.0,0.9804509856428942,True,25,0.01,0.0001,0.001066187999867907,10,14,8,0.5*sum_train((z-y)^2)+lambda*sum(abs(Bz))
burgers,banded ADMM with dual certificate,32,0.1,0,0,0.01,0.018778590576760797,"[0.02351996197754586, 0.02620039421173075, 0.020893395364824843, 0.02651833820087586, 0.05460082266823185, 0.04010183047288174, 0.03982213689615145, 0.03640556474323754]","[0.023517929119731024, 0.026200348037321235, 0.020892954439294932, 0.026517996235820754, 0.05459920427295531, 0.04009941249722911, 0.03982002713131707, 0.03640107091104622]","[2.032857814835559e-06, 4.61744095146821e-08, 4.4092552991051304e-07, 3.41965055106197e-07, 1.6183952765425058e-06, 2.417975652625748e-06, 2.109764834383465e-06, 4.493832191324043e-06]","[2.032857814835559e-06, 4.61744095146821e-08, 4.4092552991051304e-07, 3.41965055106197e-07, 1.6183952765425058e-06, 2.417975652625748e-06, 2.109764834383465e-06, 4.493832191324043e-06]",4.493832191324043e-06,6.424474373503686e-06,3.469446951953614e-18,0.0,0.9998393930535716,True,50,0.028000000000000004,0.0001,0.001730840999925931,10,14,8,0.5*sum_train((z-y)^2)+lambda*sum(abs(Bz))
burgers,banded ADMM with dual certificate,32,0.1,0,0,0.1,0.01736246467230282,"[0.13643692504178276, 0.18930492359376547, 0.1946213839693714, 0.2004235588957833, 0.32604124133037515, 0.22592847252590814, 0.21146934834050812, 0.17302644216649143]","[0.13643686967285046, 0.1893049101250639, 0.19462138388805855, 0.20042355399234452, 0.3260410549580026, 0.22591976811475728, 0.21146934812488244, 0.17300876569304915]","[5.5368932300181584e-08, 1.3468701570706898e-08, 8.131284534584893e-11, 4.903438793890658e-09, 1.8637237253482652e-07, 8.704411150861624e-06, 2.1562568397470727e-10, 1.7676473442279628e-05]","[5.5368932300181584e-08, 1.3468701570706898e-08, 8.131284534584893e-11, 4.903438793890658e-09, 1.8637237253482652e-07, 8.704411150861624e-06, 2.1562568397470727e-10, 1.7676473442279628e-05]",1.7676473442279628e-05,1.9599060254060774e-05,1.3877787807814457e-17,0.0,0.9999419259144314,True,50,0.28,0.0001,0.0018097100000886712,10,14,8,0.5*sum_train((z-y)^2)+lambda*sum(abs(Bz))
burgers,banded ADMM with dual certificate,32,0.1,0,0,1.0,0.019125921538957702,"[0.6301434811430856, 1.1936512971780968, 1.2309322455111193, 0.6955538110175289, 0.3726763241752247, 0.30536538759771437, 0.22613901074526305, 0.19719081385019488]","[0.6301434811379616, 1.193651297099388, 1.2309322454996185, 0.6955493723839374, 0.3726761954727276, 0.305363291841223, 0.22613827188003044, 0.1971908054541804]","[5.124012325552485e-12, 7.870881724159062e-11, 1.1500800312091997e-11, 4.438633591452579e-06, 1.287024971041717e-07, 2.0957564913492988e-06, 7.388652326079104e-07, 8.396014467004775e-09]","[5.124012325552485e-12, 6.593953982010124e-11, 9.343162756546788e-12, 4.438633591452579e-06, 1.287024971041717e-07, 2.0957564913492988e-06, 7.388652326079104e-07, 8.396014467004775e-09]",4.438633591452579e-06,1.5535794872789666e-11,2.220446049250313e-16,0.0,0.9999999999450042,True,100,5.6,0.0001,0.0033899430000019493,10,14,8,0.5*sum_train((z-y)^2)+lambda*sum(abs(Bz))
burgers,banded ADMM with dual certificate,32,0.1,0,0,10.0,0.03807668734271921,"[0.9619446965913571, 6.448400806951923, 1.60048603589159, 0.6955505827408832, 0.3726798711492457, 0.3053664958943684, 0.22614096642766687, 0.197193663312478]","[0.9619428424181855, 6.448390932774231, 1.6004853781500106, 0.6955493725396976, 0.3726761954727749, 0.3053632918579767, 0.2261382718817468, 0.1971908054541799]","[1.8541731715560061e-06, 9.874177692381636e-06, 6.577415794239982e-07, 1.2102011855974482e-06, 3.6756764708045786e-06, 3.2040363916463477e-06, 2.6945459200844457e-06, 2.8578582980942624e-06]","[1.8541731715560061e-06, 1.531259918232197e-06, 4.109636477131693e-07, 1.2102011855974482e-06, 3.6756764708045786e-06, 3.2040363916463477e-06, 2.6945459200844457e-06, 2.8578582980942624e-06]",3.6756764708045786e-06,6.6058269965196814e-15,8.881784197001252e-16,0.0,1.0,True,50,7.0,0.0001,0.001980316999834031,10,14,8,0.5*sum_train((z-y)^2)+lambda*sum(abs(Bz))
burgers,affine exact solution,32,0.1,0,0,100.0,0.04308536571552464,"[0.9619428424187725, 6.566161070382948, 1.6004853781500217, 0.6955493725396992, 0.3726761954727765, 0.3053632918579776, 0.22613827188174768, 0.19719080545418108]","[0.9619428424181864, 6.566161070382934, 1.6004853781500106, 0.6955493725396978, 0.3726761954727762, 0.3053632918579776, 0.22613827188174732, 0.19719080545418055]","[5.860867346996201e-13, 1.3322676295501878e-14, 1.1102230246251565e-14, 1.3322676295501878e-15, 2.7755575615628914e-16, 0.0, 3.608224830031759e-16, 5.273559366969494e-16]","[5.860867346996201e-13, 2.028990174425447e-15, 6.9367895501079025e-15, 1.3322676295501878e-15, 2.7755575615628914e-16, 0.0, 3.608224830031759e-16, 5.273559366969494e-16]",5.860867346996201e-13,6.217248937900877e-15,1.7763568394002505e-15,0.0,1.0,True,0,0.0,0.0001,0.00025976100005209446,10,14,8,0.5*sum_train((z-y)^2)+lambda*sum(abs(Bz))
burgers,banded ADMM with dual certificate,32,0.1,0,1,0.0001,0.018345709126690337,"[0.00015624154777929845, 0.0002836425173965611, 0.0002020386705960478, 0.0002636869439486036, 0.0005102020773213521, 0.00044229547432014376, 0.00041691095479446316, 0.0003750962201842588]","[0.00015618674746846549, 0.00028285773440008075, 0.00020171823587993425, 0.0002636028309481389, 0.0005074515766440638, 0.0004422588563293229, 0.00034605782214660273, 0.00036836774504078507]","[5.4800310832968336e-08, 7.847829964803543e-07, 3.2043471611355374e-07, 8.411300046469276e-08, 2.750500677288297e-06, 3.6617990820868133e-08, 7.085313264786042e-05, 6.728475143473727e-06]","[5.4800310832968336e-08, 7.847829964803543e-07, 3.2043471611355374e-07, 8.411300046469276e-08, 2.750500677288297e-06, 3.6617990820868133e-08, 7.085313264786042e-05, 6.728475143473727e-06]",7.085313264786042e-05,9.166170743150795e-05,1.3552527156068805e-20,0.0,0.75001532400721,True,50,0.02,0.0001,0.002171555999893826,10,14,8,0.5*sum_train((z-y)^2)+lambda*sum(abs(Bz))
burgers,banded ADMM with dual certificate,32,0.1,0,1,0.001,0.01820871705381956,"[0.0015543154810320735, 0.0028254357827807676, 0.002006659629961098, 0.0026248861324028538, 0.005078653741785393, 0.004403957229192571, 0.004092605512466306, 0.0037285089247470326]","[0.0015512966845364655, 0.0027941079156760225, 0.001999610702530819, 0.0026112936950781957, 0.005020122476183039, 0.004392874675925881, 0.004071814359341091, 0.0037190144392573827]","[3.018796495607998e-06, 3.132786710474504e-05, 7.048927430279225e-06, 1.3592437324658029e-05, 5.8531265602354034e-05, 1.1082553266690207e-05, 2.079115312521567e-05, 9.494485489649866e-06]","[3.018796495607998e-06, 3.132786710474504e-05, 7.048927430279225e-06, 1.3592437324658029e-05, 5.8531265602354034e-05, 1.1082553266690207e-05, 2.079115312521567e-05, 9.494485489649866e-06]",5.8531265602354034e-05,2.9659066210018393e-05,4.336808689942018e-19,0.0,0.9901334524737311,True,25,0.01,0.0001,0.0011198290001175337,10,14,8,0.5*sum_train((z-y)^2)+lambda*sum(abs(Bz))
burgers,banded ADMM with dual certificate,32,0.1,0,1,0.01,0.017482868567665653,"[0.01489951002956349, 0.026691537181976407, 0.018521502281586326, 0.02513662514037639, 0.04745668116840566, 0.04205156088123303, 0.0393240225714609, 0.03512869693753612]","[0.014899124685181717, 0.02668911508767642, 0.018519027911641346, 0.025136076326949013, 0.04745510316855624, 0.04205112239307474, 0.039315836254327476, 0.035127467201468004]","[3.8534438177341424e-07, 2.4220942999864103e-06, 2.4743699449797374e-06, 5.488134273770595e-07, 1.5779998494211411e-06, 4.3848815829000687e-07, 8.186317133423993e-06, 1.2297360681146063e-06]","[3.8534438177341424e-07, 2.4220942999864103e-06, 2.4743699449797374e-06, 5.488134273770595e-07, 1.5779998494211411e-06, 4.3848815829000687e-07, 8.186317133423993e-06, 1.2297360681146063e-06]",8.186317133423993e-06,3.973795219051196e-06,3.469446951953614e-18,0.0,0.9998675428117346,True,50,0.028000000000000004,0.0001,0.001763068999935058,10,14,8,0.5*sum_train((z-y)^2)+lambda*sum(abs(Bz))
burgers,banded ADMM with dual certificate,32,0.1,0,1,0.1,0.016513807051194367,"[0.11090222330446772, 0.1936445324467982, 0.15869011449242057, 0.18240874779069094, 0.3056580154948375, 0.26224936829444956, 0.2500308434203662, 0.20824428387065436]","[0.11090222330406546, 0.19364453243082538, 0.1586901144918733, 0.18240874733744974, 0.3056482730008464, 0.2622493682944489, 0.25003084342034826, 0.20823397889377976]","[4.0226155739730984e-13, 1.5972806410857743e-11, 5.472566844133553e-13, 4.53241194575682e-10, 9.74249399110505e-06, 6.661338147750939e-16, 1.7930101847696278e-14, 1.0304976874597749e-05]","[4.0226155739730984e-13, 1.5972806410857743e-11, 5.472566844133553e-13, 4.53241194575682e-10, 9.74249399110505e-06, 6.661338147750939e-16, 1.7930101847696278e-14, 1.0304976874597749e-05]",1.0304976874597749e-05,8.980953467518926e-06,2.0816681711721685e-17,0.0,0.9999700640360987,True,75,0.28,0.0001,0.0025398909999694297,10,14,8,0.5*sum_train((z-y)^2)+lambda*sum(abs(Bz))
burgers,banded ADMM with dual certificate,32,0.1,0,1,1.0,0.019823362638542265,"[0.5946126912199776, 1.187848463671902, 1.093161244827742, 0.5059875366889115, 0.3502431795451684, 0.31315386539676243, 0.29255145145450634, 0.22970765048096453]","[0.5946126900333026, 1.1878484602412733, 1.093161242740819, 0.5059692268588377, 0.35023758314095305, 0.3131476098206835, 0.29254487521901373, 0.22969885028063036]","[1.1866749805022891e-09, 3.4306286700314104e-09, 2.0869228567477194e-09, 1.830983007378162e-05, 5.596404215379991e-06, 6.2555760789173576e-06, 6.576235492605775e-06, 8.800200334169173e-06]","[1.1866749805022891e-09, 2.8881029651093535e-09, 1.909071389625208e-09, 1.830983007378162e-05, 5.596404215379991e-06, 6.2555760789173576e-06, 6.576235492605775e-06, 8.800200334169173e-06]",1.830983007378162e-05,1.1890710638340352e-11,1.6653345369377348e-16,0.0,0.9999999999763443,True,75,5.6,0.0001,0.0026302369999484654,10,14,8,0.5*sum_train((z-y)^2)+lambda*sum(abs(Bz))
burgers,banded ADMM with dual certificate,32,0.1,0,1,10.0,0.037845790065784854,"[1.0841860655802238, 6.227516331914794, 1.416107198635522, 0.5059707495240456, 0.35024161951875976, 0.3131494383154347, 0.2925477040241746, 0.22970180384342212]","[1.0841853179255896, 6.227492515202215, 1.4161064616391221, 0.5059692289961025, 0.35023758325085813, 0.3131476099607219, 0.2925448753752936, 0.22969885058145523]","[7.47654634203343e-07, 2.381671257900564e-05, 7.369963999082074e-07, 1.52052794311075e-06, 4.036267901630364e-06, 1.8283547127961874e-06, 2.8286488810147503e-06, 2.9532619668926063e-06]","[6.895999293287548e-07, 3.8244319741001205e-06, 5.20438283640062e-07, 1.52052794311075e-06, 4.036267901630364e-06, 1.8283547127961874e-06, 2.8286488810147503e-06, 2.9532619668926063e-06]",4.036267901630364e-06,8.881784197001252e-15,1.7763568394002505e-15,0.0,1.0,True,50,7.0,0.0001,0.0017851830000381597,10,14,8,0.5*sum_train((z-y)^2)+lambda*sum(abs(Bz))
burgers,affine exact solution,32,0.1,0,1,100.0,0.04197145968138902,"[1.0841853179260326, 6.3408786318207575, 1.416106461639131, 0.5059692289961049, 0.3502375832508596, 0.31314760996072233, 0.29254487537529494, 0.2296988505814571]","[1.084185317925594, 6.340878631820742, 1.4161064616391228, 0.505969228996103, 0.3502375832508596, 0.3131476099607222, 0.29254487537529433, 0.22969885058145603]","[4.3853809472693683e-13, 1.509903313490213e-14, 8.215650382226158e-15, 1.887379141862766e-15, 0.0, 1.1102230246251565e-16, 6.106226635438361e-16, 1.0547118733938987e-15]","[4.0448628797688225e-13, 2.381220965045739e-15, 5.801576791561712e-15, 1.887379141862766e-15, 0.0, 1.1102230246251565e-16, 6.106226635438361e-16, 1.0547118733938987e-15]",4.0448628797688225e-13,1.176836406102666e-14,1.7763568394002505e-15,0.0,1.0,True,0,0.0,0.0001,0.0001997020001454075,10,14,8,0.5*sum_train((z-y)^2)+lambda*sum(abs(Bz))
burgers,banded ADMM with dual certificate,32,0.1,0,2,0.0001,0.0170904873073277,"[0.00018729407463860783, 0.00017945283035412788, 0.00032502094479686306, 0.0003151218258501671, 0.0004557846214093071, 0.0005881279979536472, 0.00040636372079716786, 0.00048318908283579527]","[0.0001824418282201084, 0.00017082464924635316, 0.0003043183570352674, 0.0002541128610394506, 0.00036579022983357785, 0.0004948757931964717, 0.00038090653724929114, 0.0004223425648299286]","[4.852246418499443e-06, 8.628181107774718e-06, 2.070258776159568e-05, 6.100896481071649e-05, 8.999439157572923e-05, 9.325220475717546e-05, 2.545718354787671e-05, 6.084651800586664e-05]","[4.852246418499443e-06, 8.628181107774718e-06, 2.070258776159568e-05, 6.100896481071649e-05, 8.999439157572923e-05, 9.325220475717546e-05, 2.545718354787671e-05, 6.084651800586664e-05]",9.325220475717546e-05,0.00010306957489273673,5.400682071693419e-15,0.0,0.7005734386771479,True,25,0.01,0.0001,0.0009892620000755414,10,14,8,0.5*sum_train((z-y)^2)+lambda*sum(abs(Bz))
burgers,banded ADMM with dual certificate,32,0.1,0,2,0.001,0.016918304924688772,"[0.001852449750489496, 0.0017925492721934371, 0.003236083913940942, 0.003116858305043466, 0.004536271708152842, 0.005851056108731983, 0.00404050789383346, 0.0047869774157008405]","[0.0018480649399770714, 0.0017848073437767165, 0.0032177992733733903, 0.0030302465790111657, 0.004513257273153552, 0.005833122131771191, 0.004024684479239228, 0.004764303950311474]","[4.384810512424609e-06, 7.741928416720584e-06, 1.8284640567551615e-05, 8.661172603230015e-05, 2.3014434999289214e-05, 1.7933976960792138e-05, 1.5823414594232088e-05, 2.2673465389366765e-05]","[4.384810512424609e-06, 7.741928416720584e-06, 1.8284640567551615e-05, 8.661172603230015e-05, 2.3014434999289214e-05, 1.7933976960792138e-05, 1.5823414594232088e-05, 2.2673465389366765e-05]",8.661172603230015e-05,6.991249929343656e-05,4.757045451997399e-15,0.0,0.9765544910689746,True,25,0.01,0.0001,0.0009880499999326275,10,14,8,0.5*sum_train((z-y)^2)+lambda*sum(abs(Bz))
burgers,banded ADMM with dual certificate,32,0.1,0,2,0.01,0.01625789076896593,"[0.01699485734393332, 0.01770818571146975, 0.030830669253227697, 0.03039193571369639, 0.04309925618380786, 0.05525175539069271, 0.038089960950174424, 0.04505946080095783]","[0.01699328524745651, 0.017708055267287307, 0.030827971331377022, 0.030390099756459944, 0.04309473811325685, 0.05524871437229987, 0.03808770069634943, 0.04505519030731526]","[1.5720964768109469e-06, 1.3044418244179123e-07, 2.697921850675078e-06, 1.8359572364450016e-06, 4.518070551011444e-06, 3.041018392838102e-06, 2.2602538249927306e-06, 4.2704936425719264e-06]","[1.5720964768109469e-06, 1.3044418244179123e-07, 2.697921850675078e-06, 1.8359572364450016e-06, 4.518070551011444e-06, 3.041018392838102e-06, 2.2602538249927306e-06, 4.2704936425719264e-06]",4.518070551011444e-06,3.3940405379448424e-06,1.0755285551056204e-15,0.0,0.9998868655853349,True,50,0.028000000000000004,0.0001,0.0017217470001469337,10,14,8,0.5*sum_train((z-y)^2)+lambda*sum(abs(Bz))
burgers,banded ADMM with dual certificate,32,0.1,0,2,0.1,0.01547554312337278,"[0.12283514371951229, 0.16371558549963114, 0.21561263815421844, 0.23366745841636155, 0.2675307201417252, 0.27799689745692685, 0.21342696210471906, 0.2345737960120029]","[0.12283514371952019, 0.16371558549843285, 0.21561263775075207, 0.2336674584161612, 0.2675307201413758, 0.27799689738717465, 0.21342696209773335, 0.23456548867343116]","[0.0, 1.198291466053547e-12, 4.0346637142363306e-10, 2.003397447936095e-13, 3.4938718584953676e-13, 6.975220401272963e-11, 6.985717559970794e-12, 8.307338571739153e-06]","[0.0, 1.198291466053547e-12, 4.0346637142363306e-10, 2.003397447936095e-13, 3.4938718584953676e-13, 6.975220401272963e-11, 6.985717559970794e-12, 8.307338571739153e-06]",8.307338571739153e-06,1.3338873771417958e-05,4.718447854656915e-15,0.0,0.9999555369003815,True,75,0.28,0.0001,0.0024747530001150153,10,14,8,0.5*sum_train((z-y)^2)+lambda*sum(abs(Bz))
burgers,banded ADMM with dual certificate,32,0.1,0,2,1.0,0.01780064416725268,"[0.6512349452233054, 1.1626994904848245, 1.245907156769676, 0.5732730265348639, 0.4392904091037031, 0.35960291766006003, 0.27729383042318967, 0.25472625537463534]","[0.6512349452232817, 1.1626994904763113, 1.2459071553475196, 0.5732697068670931, 0.4392885908030374, 0.35960102148081485, 0.2772932379799212, 0.2547258755385656]","[2.3647750424515834e-14, 8.5131901528257e-12, 1.4221563926497538e-09, 3.31966777078474e-06, 1.8183006657013223e-06, 1.8961792451754889e-06, 5.924432684434322e-07, 3.7983606970826145e-07]","[2.3647750424515834e-14, 7.321917849362655e-12, 1.1414625760213529e-09, 3.31966777078474e-06, 1.8183006657013223e-06, 1.8961792451754889e-06, 5.924432684434322e-07, 3.7983606970826145e-07]",3.31966777078474e-06,1.1904390806449783e-09,4.9960036108132044e-15,0.0,0.999999997888982,True,100,5.6,0.0001,0.0032851949999894714,10,14,8,0.5*sum_train((z-y)^2)+lambda*sum(abs(Bz))
burgers,banded ADMM with dual certificate,32,0.1,0,2,10.0,0.04325371531990442,"[1.1964955429890738, 5.882710698555565, 1.4893002974206835, 0.5732714588734633, 0.4392918157995735, 0.359605621999215, 0.27729599449705705, 0.2547297774780408]","[1.1964942755607884, 5.8827099103339275, 1.4892983496588723, 0.5732697069437406, 0.4392885908159657, 0.3596010214951345, 0.2772932379810073, 0.25472587553899667]","[1.2674282854341357e-06, 7.882216372934181e-07, 1.9477618111718442e-06, 1.751929722737522e-06, 3.2249836077746785e-06, 4.600504080465306e-06, 2.7565160497511343e-06, 3.901939044148595e-06]","[1.0592837498314941e-06, 1.3398952926360246e-07, 1.3078368509998752e-06, 1.751929722737522e-06, 3.2249836077746785e-06, 4.600504080465306e-06, 2.7565160497511343e-06, 3.901939044148595e-06]",4.600504080465306e-06,7.656375089482026e-08,7.327471962526033e-15,0.0,0.9999999498350066,True,50,7.0,0.0001,0.0018994550000570598,10,14,8,0.5*sum_train((z-y)^2)+lambda*sum(abs(Bz))
burgers,affine exact solution,32,0.1,0,2,100.0,0.04482660127947509,"[1.196494275561407, 5.893182735013089, 1.4892983496588865, 0.5732697069437445, 0.43928859081596905, 0.359601021495136, 0.2772932379810081, 0.25472587553899956]","[1.1964942755607955, 5.893182735013072, 1.4892983496588728, 0.5732697069437407, 0.43928859081596655, 0.35960102149513595, 0.277293237981008, 0.2547258755389979]","[6.115108419635362e-13, 1.687538997430238e-14, 1.3766765505351941e-14, 3.774758283725532e-15, 2.4980018054066022e-15, 5.551115123125783e-17, 5.551115123125783e-17, 1.6653345369377348e-15]","[5.110854723284065e-13, 2.8635443245363573e-15, 9.243792896503996e-15, 3.774758283725532e-15, 2.4980018054066022e-15, 5.551115123125783e-17, 5.551115123125783e-17, 1.6653345369377348e-15]",5.110854723284065e-13,9.769962616701378e-15,7.993605777301127e-15,0.0,1.0,True,0,0.0,0.0001,0.00020035200009260734,10,14,8,0.5*sum_train((z-y)^2)+lambda*sum(abs(Bz))
burgers,banded ADMM with dual certificate,8,0.1,0,0,0.0001,0.020151499741297502,"[0.0004376265168072456, 0.0006431406243699433, 0.00047693709420664355, 0.000429857870244705, 0.00036814679875039836, 0.0005633481710497952, 0.0005066033832001508, 0.0005446374860380282]","[0.00042337267623189935, 0.0005925464318676279, 0.00046614078241469535, 0.0004049863703732558, 0.0003478570472731791, 0.0005179253290059823, 0.0004778227857073557, 0.0005187154873925036]","[1.425384057534624e-05, 5.0594192502315355e-05, 1.07963117919482e-05, 2.4871499871449178e-05, 2.028975147721926e-05, 4.5422842043812864e-05, 2.8780597492795046e-05, 2.5921998645524603e-05]","[1.425384057534624e-05, 5.0594192502315355e-05, 1.07963117919482e-05, 2.4871499871449178e-05, 2.028975147721926e-05, 4.5422842043812864e-05, 2.8780597492795046e-05, 2.5921998645524603e-05]",5.0594192502315355e-05,2.913198480218181e-05,1.1957882600777126e-14,0.0,0.9071431230769662,True,25,0.01,0.0001,0.001467362999846955,34,51,8,0.5*sum_train((z-y)^2)+lambda*sum(abs(Bz))
burgers,banded ADMM with dual certificate,8,0.1,0,0,0.001,0.01967684014954025,"[0.004290134955133703, 0.006366867259466756, 0.004685918926184616, 0.004239684545880391, 0.0036200755212314915, 0.005546637537048121, 0.004997210972592214, 0.005354749278839525]","[0.004257579101881189, 0.006330228631631487, 0.004663129901545679, 0.004214507548432433, 0.003594762191001705, 0.005516682698579985, 0.004968957094664316, 0.005319866701033144]","[3.255585325251387e-05, 3.663862783526931e-05, 2.2789024638937214e-05, 2.517699744795758e-05, 2.5313330229786556e-05, 2.9954838468136506e-05, 2.8253877927898567e-05, 3.4882577806380835e-05]","[3.255585325251387e-05, 3.663862783526931e-05, 2.2789024638937214e-05, 2.517699744795758e-05, 2.5313330229786556e-05, 2.9954838468136506e-05, 2.8253877927898567e-05, 3.4882577806380835e-05]",3.663862783526931e-05,1.679296645647893e-05,2.1036341071867248e-14,0.0,0.9944148973726364,True,25,0.01,0.0001,0.001710499999944659,34,51,8,0.5*sum_train((z-y)^2)+lambda*sum(abs(Bz))
burgers,banded ADMM with dual certificate,8,0.1,0,0,0.01,0.017686262467178998,"[0.033686770139411966, 0.05634473835136164, 0.03855900942997464, 0.03560456108088262, 0.029231193686607787, 0.04671272794439324, 0.04265614612553949, 0.04408518749039045]","[0.03368356188434332, 0.056338336666875655, 0.03855837998104448, 0.03560213285228323, 0.029230212561118823, 0.04671102518318567, 0.042655778437913065, 0.04408441081343815]","[3.208255068644361e-06, 6.401684485984882e-06, 6.294489301589268e-07, 2.4282285993881825e-06, 9.811254889635634e-07, 1.7027612075684595e-06, 3.676876264221973e-07, 7.766769523007144e-07]","[3.208255068644361e-06, 6.401684485984882e-06, 6.294489301589268e-07, 2.4282285993881825e-06, 9.811254889635634e-07, 1.7027612075684595e-06, 3.676876264221973e-07, 7.766769523007144e-07]",6.401684485984882e-06,3.9361678906384145e-06,1.8145207558717402e-14,0.0,0.9998687961218362,True,50,0.10200000000000001,0.0001,0.002325418000054924,34,51,8,0.5*sum_train((z-y)^2)+lambda*sum(abs(Bz))
burgers,banded ADMM with dual certificate,8,0.1,0,0,0.1,0.01440711564701231,"[0.09486165229848738, 0.18557762886698004, 0.12433602457397538, 0.1167463947590303, 0.10179401718681866, 0.15296704746364975, 0.15008413705725923, 0.14138095819009722]","[0.094842500137884, 0.18551094463169, 0.12433392332862345, 0.11673622084481713, 0.10178817737847806, 0.15291732831569319, 0.15008413705331036, 0.14133868456993853]","[1.9152160603372326e-05, 6.668423529004874e-05, 2.101245351937564e-06, 1.0173914213165713e-05, 5.839808340596386e-06, 4.971914795656729e-05, 3.9488690095623724e-12, 4.2273620158683745e-05]","[1.9152160603372326e-05, 6.668423529004874e-05, 2.101245351937564e-06, 1.0173914213165713e-05, 5.839808340596386e-06, 4.971914795656729e-05, 3.9488690095623724e-12, 4.2273620158683745e-05]",6.668423529004874e-05,7.5071491107969734e-06,6.328271240363392e-15,0.0,0.9999615286884999,True,100,0.51,0.0001,0.004645877000029941,34,51,8,0.5*sum_train((z-y)^2)+lambda*sum(abs(Bz))
burgers,banded ADMM with dual certificate,8,0.1,0,0,1.0,0.013101109211693274,"[0.12046074021353853, 0.2477333082717829, 0.25080384953486007, 0.2327577677218331, 0.2746278246097627, 0.27459547676088303, 0.19732794167158507, 0.16636829697776714]","[0.12046069684673023, 0.24773305652298128, 0.25080378342735987, 0.23275776772176307, 0.2746278246095993, 0.274595476760854, 0.1973279416715672, 0.16634266225933464]","[4.336680829719608e-08, 2.5174880161071833e-07, 6.610750019619971e-08, 7.002731727823175e-14, 1.6342482922482304e-13, 2.9032332093947844e-14, 1.787459069646502e-14, 2.5634718432504533e-05]","[4.336680829719608e-08, 2.5174880161071833e-07, 6.610750019619971e-08, 7.002731727823175e-14, 1.6342482922482304e-13, 2.9032332093947844e-14, 1.787459069646502e-14, 2.5634718432504533e-05]",2.5634718432504533e-05,1.384572579921084e-07,5.9396931817445875e-15,0.0,0.9999995480361306,True,925,81.6,0.0001,0.03750997999986794,34,51,8,0.5*sum_train((z-y)^2)+lambda*sum(abs(Bz))
burgers,banded ADMM with dual certificate,8,0.1,0,0,10.0,0.024809515449904593,"[0.150663569758954, 0.38175965338249485, 0.6738764378537248, 0.5715378609005282, 0.8153320085985414, 0.7712187476574741, 0.3397926861872113, 0.1663891173923591]","[0.15057163761861977, 0.3817596532437978, 0.6738764378496606, 0.5715378608992212, 0.8153320085984488, 0.7712187476400656, 0.3397926861870944, 0.16636191125672434]","[9.193214033423325e-05, 1.3869705384195186e-10, 4.0641934262453105e-12, 1.3069545445887343e-12, 9.259260025373806e-14, 1.740851907072738e-11, 1.1690648449302898e-13, 2.720613563475527e-05]","[9.193214033423325e-05, 1.3869705384195186e-10, 4.0641934262453105e-12, 1.3069545445887343e-12, 9.259260025373806e-14, 1.740851907072738e-11, 1.1690648449302898e-13, 2.720613563475527e-05]",9.193214033423325e-05,7.547168445753982e-11,6.8833827526759706e-15,0.0,0.9999999997530707,True,550,408.0,0.0001,0.022708973999897353,34,51,8,0.5*sum_train((z-y)^2)+lambda*sum(abs(Bz))
burgers,affine exact solution,8,0.1,0,0,100.0,0.03555476340185444,"[0.1505716676934742, 0.38354600654318133, 0.8482090593532683, 0.6109013357160306, 0.8416544988971643, 1.0066522924263042, 0.3461651277871619, 0.16636191237171813]","[0.15057166769344815, 0.3835460065429659, 0.8482090593532278, 0.6109013357157286, 0.8416544988967627, 1.0066522924262322, 0.3461651277869131, 0.16636191237171175]","[2.603472992745992e-14, 2.1543877792851163e-13, 4.0523140398818214e-14, 3.019806626980426e-13, 4.015676680069191e-13, 7.194245199571014e-14, 2.488009798184976e-13, 6.38378239159465e-15]","[2.603472992745992e-14, 2.1543877792851163e-13, 4.0523140398818214e-14, 3.019806626980426e-13, 4.015676680069191e-13, 7.146703239736273e-14, 2.488009798184976e-13, 6.38378239159465e-15]",4.015676680069191e-13,2.338407245616736e-14,2.338407245616736e-14,0.0,1.0,True,0,0.0,0.0001,0.0002367670001603983,34,51,8,0.5*sum_train((z-y)^2)+lambda*sum(abs(Bz))
burgers,banded ADMM with dual certificate,8,0.1,0,1,0.0001,0.019673615728606625,"[0.00048669974417898574, 0.000372782942493421, 0.0006132305100127552, 0.0006050253882725779, 0.00046564276047507587, 0.000568111062726312, 0.0006176400050723651, 0.0005142690907457215]","[0.00047371943539807984, 0.00036020607435616387, 0.000566616922562669, 0.0005619868520046535, 0.00045357377237148304, 0.0005431392952575067, 0.0005975768915954096, 0.0004508857111394664]","[1.2980308780905902e-05, 1.2576868137257106e-05, 4.6613587450086225e-05, 4.30385362679244e-05, 1.2068988103592824e-05, 2.4971767468805347e-05, 2.006311347695544e-05, 6.33833796062551e-05]","[1.2980308780905902e-05, 1.2576868137257106e-05, 4.6613587450086225e-05, 4.30385362679244e-05, 1.2068988103592824e-05, 2.4971767468805347e-05, 2.006311347695544e-05, 6.33833796062551e-05]",6.33833796062551e-05,3.5705236220391905e-05,2.710505431213761e-20,0.0,0.8822139365899494,True,25,0.01,0.0001,0.0013309879998359975,35,51,8,0.5*sum_train((z-y)^2)+lambda*sum(abs(Bz))
burgers,banded ADMM with dual certificate,8,0.1,0,1,0.001,0.01861311491606959,"[0.004785820838096955, 0.0036647728149805385, 0.0060495904817873675, 0.005942373902036417, 0.004593749412212873, 0.005614981868809138, 0.006090088950171801, 0.005075254215270233]","[0.004757854046927903, 0.0036475197425987565, 0.006013903951613971, 0.005909493855926444, 0.004560999515361099, 0.005575537957669275, 0.006057886833828148, 0.005051505091237779]","[2.7966791169052076e-05, 1.725307238178205e-05, 3.5686530173396555e-05, 3.28800461099725e-05, 3.274989685177372e-05, 3.944391113986333e-05, 3.2202116343652866e-05, 2.374912403245357e-05]","[2.7966791169052076e-05, 1.725307238178205e-05, 3.5686530173396555e-05, 3.28800461099725e-05, 3.274989685177372e-05, 3.944391113986333e-05, 3.2202116343652866e-05, 2.374912403245357e-05]",3.944391113986333e-05,1.5983822330267912e-05,4.336808689942018e-19,0.0,0.9946802138255122,True,25,0.01,0.0001,0.0012572670000281505,35,51,8,0.5*sum_train((z-y)^2)+lambda*sum(abs(Bz))
burgers,banded ADMM with dual certificate,8,0.1,0,1,0.01,0.016495367252201742,"[0.039360163821162676, 0.030802166461667974, 0.052290780972092485, 0.04884462157409894, 0.03920600233998786, 0.048547488029117486, 0.05175386087426111, 0.04422091135151333]","[0.0393581674905441, 0.03080189116823073, 0.052278672520003525, 0.04883252873204, 0.039204716929736746, 0.04854262729865361, 0.05175305072945505, 0.044220030231478066]","[1.9963306185782903e-06, 2.7529343724422284e-07, 1.2108452088960275e-05, 1.2092842058941677e-05, 1.285410251114505e-06, 4.860730463879248e-06, 8.101448060598981e-07, 8.811200352606963e-07]","[1.9963306185782903e-06, 2.7529343724422284e-07, 1.2108452088960275e-05, 1.2092842058941677e-05, 1.285410251114505e-06, 4.860730463879248e-06, 8.101448060598981e-07, 8.811200352606963e-07]",1.2108452088960275e-05,5.680712201788091e-06,3.469446951953614e-18,0.0,0.9998106471491635,True,50,0.10200000000000001,0.0001,0.0024655390000134503,35,51,8,0.5*sum_train((z-y)^2)+lambda*sum(abs(Bz))
burgers,banded ADMM with dual certificate,8,0.1,0,1,0.1,0.01326036544579413,"[0.12598934022243757, 0.09095349695797039, 0.1770955082611563, 0.14375226269887753, 0.13127319401304274, 0.15911891267854505, 0.1398939810982237, 0.16244914510456931]","[0.12598925074907696, 0.09094958431060082, 0.17708418735805606, 0.14373325555085198, 0.13125151103462218, 0.15908485525854202, 0.1398919175687609, 0.1624360124639663]","[8.947336060938227e-08, 3.912647369569422e-06, 1.1320903100242585e-05, 1.900714802555159e-05, 2.1682978420561883e-05, 3.4057420003036354e-05, 2.063529462803526e-06, 1.3132640603014112e-05]","[8.947336060938227e-08, 3.912647369569422e-06, 1.1320903100242585e-05, 1.900714802555159e-05, 2.1682978420561883e-05, 3.4057420003036354e-05, 2.063529462803526e-06, 1.3132640603014112e-05]",3.4057420003036354e-05,7.415579600184019e-06,2.7755575615628914e-17,0.0,0.9999619183456949,True,100,0.51,0.0001,0.0045278800000687625,35,51,8,0.5*sum_train((z-y)^2)+lambda*sum(abs(Bz))
burgers,banded ADMM with dual certificate,8,0.1,0,1,1.0,0.012101249977999731,"[0.1511779091050752, 0.150816474107681, 0.2796699106383352, 0.2735932013694783, 0.30184428694255894, 0.2668485895369167, 0.1932999122457715, 0.2216662583537422]","[0.15108797653421638, 0.1508164740409793, 0.27963014296128325, 0.2735932013694697, 0.30184428694252347, 0.26684618268794963, 0.1932999122457667, 0.2216662583335663]","[8.993257085881945e-05, 6.670169971911832e-11, 3.97676770519384e-05, 8.604228440844963e-15, 3.547162563677375e-14, 2.4068489670736604e-06, 4.801714581503802e-15, 2.0175916493059276e-11]","[8.993257085881945e-05, 6.670169971911832e-11, 3.97676770519384e-05, 8.604228440844963e-15, 3.547162563677375e-14, 2.4068489670736604e-06, 4.801714581503802e-15, 2.0175916493059276e-11]",8.993257085881945e-05,1.9847220034119317e-07,2.220446049250313e-16,0.0,0.9999990020957529,True,725,5.1,0.0001,0.035565987999916615,35,51,8,0.5*sum_train((z-y)^2)+lambda*sum(abs(Bz))
burgers,banded ADMM with dual certificate,8,0.1,0,1,10.0,0.020510310674673744,"[0.16248952785754828, 0.30455248853730854, 0.6684669884697669, 0.6485920433179927, 0.9549977747277911, 0.795010253549004, 0.3780604110466102, 0.23001927194584548]","[0.16248234116732066, 0.30455248833002463, 0.668466988418177, 0.648592043307571, 0.9549977747269298, 0.7950102535332259, 0.37806041043268357, 0.23001490827314322]","[7.1866902276174205e-06, 2.072839122568837e-10, 5.1589954530584237e-11, 1.0421663532156344e-11, 8.613110225041964e-13, 1.5778156559065337e-11, 6.139266317539693e-10, 4.3636727022622335e-06]","[7.1866902276174205e-06, 2.072839122568837e-10, 5.1589954530584237e-11, 1.0421663532156344e-11, 8.613110225041964e-13, 1.5778156559065337e-11, 6.139266317539693e-10, 4.3636727022622335e-06]",7.1866902276174205e-06,7.771637222653283e-10,3.552713678800501e-15,0.0,0.9999999976878338,True,450,816.0,0.0001,0.021244935000140686,35,51,8,0.5*sum_train((z-y)^2)+lambda*sum(abs(Bz))
burgers,affine exact solution,8,0.1,0,1,100.0,0.030417728562099282,"[0.16248234131365358, 0.3143740882703937, 0.8325936718743456, 0.6992971129698246, 1.0230419488001703, 1.1673683957213685, 0.4008794227471774, 0.23001490830967322]","[0.16248234131362796, 0.3143740882702106, 0.8325936718742941, 0.6992971129695105, 1.0230419487998261, 1.167368395721286, 0.4008794227469484, 0.23001490830965857]","[2.5618396293225487e-14, 1.8307577676068831e-13, 5.1514348342607263e-14, 3.140820936664568e-13, 3.4416913763379853e-13, 8.260059303211165e-14, 2.290390099801698e-13, 1.4654943925052066e-14]","[2.5618396293225487e-14, 1.8307577676068831e-13, 5.1514348342607263e-14, 3.140820936664568e-13, 3.3641742456156577e-13, 7.07579486774345e-14, 2.290390099801698e-13, 1.4654943925052066e-14]",3.3641742456156577e-13,1.8790524691780774e-14,3.552713678800501e-15,0.0,1.0,True,0,0.0,0.0001,0.00026351700012128276,35,51,8,0.5*sum_train((z-y)^2)+lambda*sum(abs(Bz))
burgers,banded ADMM with dual certificate,8,0.1,0,2,0.0001,0.01864426976633069,"[0.000447532769733729, 0.0005411274478206315, 0.0006837122554662847, 0.0005375731704405955, 0.0006297682598188075, 0.0005993673620646836, 0.0004379102496392719, 0.0005509214087079048]","[0.0004292350693076675, 0.0004984892845438547, 0.0006563125181550667, 0.0004740775199878014, 0.0005897748069961325, 0.000567526306407288, 0.0004203463950621587, 0.0005345032823492025]","[1.8297700426061516e-05, 4.2638163276776764e-05, 2.739973731121794e-05, 6.349565045279411e-05, 3.999345282267497e-05, 3.1841055657395585e-05, 1.7563854577113183e-05, 1.6418126358702287e-05]","[1.8297700426061516e-05, 4.2638163276776764e-05, 2.739973731121794e-05, 6.349565045279411e-05, 3.999345282267497e-05, 3.1841055657395585e-05, 1.7563854577113183e-05, 1.6418126358702287e-05]",6.349565045279411e-05,3.456637199806699e-05,2.710505431213761e-20,0.0,0.8867610342040789,True,25,0.01,0.0001,0.0012745819999508967,35,51,8,0.5*sum_train((z-y)^2)+lambda*sum(abs(Bz))
burgers,banded ADMM with dual certificate,8,0.1,0,2,0.001,0.01808915389204164,"[0.0043809766695112485, 0.005351033632815272, 0.006743953986473036, 0.00527774968885172, 0.006205682709439196, 0.005917760861509375, 0.004299820182005663, 0.005431799179499183]","[0.004353000714107266, 0.005312716187529303, 0.006709386008798501, 0.00524303270355464, 0.006176654082890082, 0.005868901322554582, 0.004257446822672803, 0.005387081107224337]","[2.7975955403982886e-05, 3.8317445285969073e-05, 3.456797767453432e-05, 3.4716985297079776e-05, 2.9028626549114193e-05, 4.8859538954793176e-05, 4.2373359332860405e-05, 4.4718072274845845e-05]","[2.7975955403982886e-05, 3.8317445285969073e-05, 3.456797767453432e-05, 3.4716985297079776e-05, 2.9028626549114193e-05, 4.8859538954793176e-05, 4.2373359332860405e-05, 4.4718072274845845e-05]",4.8859538954793176e-05,2.2191794968860236e-05,2.168404344971009e-19,0.0,0.992611163369941,True,25,0.01,0.0001,0.001370376999830114,35,51,8,0.5*sum_train((z-y)^2)+lambda*sum(abs(Bz))
burgers,banded ADMM with dual certificate,8,0.1,0,2,0.01,0.016349213737692186,"[0.03530223515284727, 0.04670671711175704, 0.05791822065147198, 0.04263119235574807, 0.05277680024633524, 0.05090485584626635, 0.03505139301013148, 0.046174839433195114]","[0.035293902244071196, 0.04670476680058476, 0.05791593072214056, 0.042629592129406285, 0.052774789990308144, 0.0509011014237731, 0.035050699375032406, 0.04617330393435174]","[8.33290877607501e-06, 1.950311172282948e-06, 2.2899293314199154e-06, 1.6002263417830287e-06, 2.0102560270990333e-06, 3.7544224932503645e-06, 6.936350990735529e-07, 1.5354988433732841e-06]","[8.33290877607501e-06, 1.950311172282948e-06, 2.2899293314199154e-06, 1.6002263417830287e-06, 2.0102560270990333e-06, 3.7544224932503645e-06, 6.936350990735529e-07, 1.5354988433732841e-06]",8.33290877607501e-06,2.614047762420496e-06,3.469446951953614e-18,0.0,0.9999128658217858,True,50,0.10200000000000001,0.0001,0.0034578160000364733,35,51,8,0.5*sum_train((z-y)^2)+lambda*sum(abs(Bz))
burgers,banded ADMM with dual certificate,8,0.1,0,2,0.1,0.012778303772531838,"[0.09660677025654002, 0.16286614062052493, 0.17648874345240437, 0.13700626127406404, 0.14256365153488826, 0.19180088918898963, 0.09894864147305149, 0.15904486908230067]","[0.09658682748449121, 0.16286446409273764, 0.1764807852098999, 0.13699108963609669, 0.14256365038379248, 0.19179526854729792, 0.09894862991170128, 0.15898614483275547]","[1.9942772048808788e-05, 1.6765277872921036e-06, 7.958242504463309e-06, 1.517163796735388e-05, 1.1510957742544292e-09, 5.620641691711503e-06, 1.1561350210520516e-08, 5.872424954520006e-05]","[1.9942772048808788e-05, 1.6765277872921036e-06, 7.958242504463309e-06, 1.517163796735388e-05, 1.1510957742544292e-09, 5.620641691711503e-06, 1.1561350210520516e-08, 5.872424954520006e-05]",5.872424954520006e-05,1.570965761032994e-05,2.7755575615628914e-17,0.0,0.9999107651448379,True,150,1.02,0.0001,0.009368691999952716,35,51,8,0.5*sum_train((z-y)^2)+lambda*sum(abs(Bz))
burgers,banded ADMM with dual certificate,8,0.1,0,2,1.0,0.011813127829859413,"[0.11331575565289895, 0.2133461174012821, 0.2676065147546939, 0.2885475525716429, 0.3192949887254787, 0.3153019486400249, 0.15077556528567343, 0.2064584252188039]","[0.11331575050583108, 0.21334087329273715, 0.26760651475361924, 0.2885475525716374, 0.31929498872547124, 0.3153019486400216, 0.15077556528566863, 0.20637698960234876]","[5.147067869137878e-09, 5.244108544938397e-06, 1.0746403766859203e-12, 5.495603971894525e-15, 7.438494264988549e-15, 3.3306690738754696e-15, 4.801714581503802e-15, 8.143561645512776e-05]","[5.147067869137878e-09, 5.244108544938397e-06, 1.0746403766859203e-12, 5.495603971894525e-15, 7.438494264988549e-15, 3.3306690738754696e-15, 4.801714581503802e-15, 8.143561645512776e-05]",8.143561645512776e-05,2.970119461487286e-06,3.3306690738754696e-16,0.0,0.9999894216982514,True,1275,10.2,0.0001,0.05430603499985409,35,51,8,0.5*sum_train((z-y)^2)+lambda*sum(abs(Bz))
burgers,banded ADMM with dual certificate,8,0.1,0,2,10.0,0.02269386749857967,"[0.11886368736899028, 0.3820672874071449, 0.626339706083084, 0.602184786450368, 0.9541702861429648, 0.8536894227487399, 0.3126202256235422, 0.20645947774666246]","[0.11883216983311785, 0.3820672873859167, 0.626339701870852, 0.6021847864340193, 0.9541702861420264, 0.8536894111156696, 0.3126202254535473, 0.20644767101823452]","[3.151753587242456e-05, 2.1228185875799e-11, 4.212232007638761e-09, 1.6348700171420205e-11, 9.384715227156448e-13, 1.1633070284844393e-08, 1.699949070399498e-10, 1.1806728427932178e-05]","[3.151753587242456e-05, 2.1228185875799e-11, 4.212232007638761e-09, 1.6348700171420205e-11, 9.384715227156448e-13, 1.1633070284844393e-08, 1.699949070399498e-10, 1.1806728427932178e-05]",3.151753587242456e-05,5.6995376196411485e-09,3.552713678800501e-15,0.0,0.9999999835863977,True,500,408.0,0.0001,0.02067315299996153,35,51,8,0.5*sum_train((z-y)^2)+lambda*sum(abs(Bz))
burgers,affine exact solution,8,0.1,0,2,100.0,0.03388125863141909,"[0.11883217209046776, 0.3920861567579055, 0.7306729305345405, 0.6250445508448722, 1.04501463796408, 1.1837611346479682, 0.3224156320904135, 0.20644767124086214]","[0.11883217209043956, 0.39208615675771685, 0.7306729305345102, 0.6250445508445822, 1.045014637963756, 1.1837611346478722, 0.3224156320901508, 0.20644767124085225]","[2.8199664825478976e-14, 1.886268918838141e-13, 3.0309088572266774e-14, 2.899902540320909e-13, 3.239630785856207e-13, 9.592326932761353e-14, 2.627342787775433e-13, 9.880984919163893e-15]","[2.8199664825478976e-14, 1.886268918838141e-13, 3.0309088572266774e-14, 2.899902540320909e-13, 3.1000817291590534e-13, 8.103262264657775e-14, 2.627342787775433e-13, 9.880984919163893e-15]",3.1000817291590534e-13,1.892930256985892e-14,3.552713678800501e-15,0.0,1.0,True,0,0.0,0.0001,0.000261012999999366,35,51,8,0.5*sum_train((z-y)^2)+lambda*sum(abs(Bz))
burgers,banded ADMM with dual certificate,8,0.1,0,0,0.0001,0.012996210132617605,"[0.000493549420531069, 0.0004251174044860528, 0.00048058825398429464, 0.0006345657145330839, 0.0007390085308430742, 0.0011431433540442773, 0.0010465651020882885, 0.0009007927555181405]","[0.000493273123474617, 0.00042489444467017594, 0.0004801681851122492, 0.0006337079211986978, 0.0007380794551157082, 0.0011421981402713382, 0.0010346923362433828, 0.0008989222503439744]","[2.762970564519282e-07, 2.2295981587686867e-07, 4.2006887204543587e-07, 8.577933343860812e-07, 9.290757273659918e-07, 9.452137729390464e-07, 1.1872765844905733e-05, 1.870505174166124e-06]","[2.762970564519282e-07, 2.2295981587686867e-07, 4.2006887204543587e-07, 8.577933343860812e-07, 9.290757273659918e-07, 9.452137729390464e-07, 1.1872765844905733e-05, 1.870505174166124e-06]",1.1872765844905733e-05,3.601200686400381e-06,1.0986938897734888e-14,0.0,0.9880640776277236,True,50,0.02,0.0001,0.0025503370000024006,34,51,8,0.5*sum_train((z-y)^2)+lambda*sum(abs(Bz))
burgers,banded ADMM with dual certificate,8,0.1,0,0,0.001,0.012921191080882,"[0.0048495853483110155, 0.0041704123177622445, 0.004721822410547084, 0.006231935400172833, 0.007298838476993694, 0.011341876289245038, 0.010379113501205151, 0.008929888192507833]","[0.00484857722298042, 0.004169465197560986, 0.0047203266766716375, 0.006229573929671229, 0.007295364071437424, 0.011336799619520353, 0.010375322456694825, 0.008925576402507983]","[1.0081253305951193e-06, 9.471202012589428e-07, 1.4957338754463187e-06, 2.3614705016040266e-06, 3.4744055562698287e-06, 5.076669724685123e-06, 3.7910445103254975e-06, 4.3117899998501574e-06]","[1.0081253305951193e-06, 9.471202012589428e-07, 1.4957338754463187e-06, 2.3614705016040266e-06, 3.4744055562698287e-06, 5.076669724685123e-06, 3.7910445103254975e-06, 4.3117899998501574e-06]",5.076669724685123e-06,1.5143034054160114e-06,2.7400174143488165e-14,0.0,0.9994952874035353,True,50,0.02,0.0001,0.0024440770000637713,34,51,8,0.5*sum_train((z-y)^2)+lambda*sum(abs(Bz))
burgers,banded ADMM with dual certificate,8,0.1,0,0,0.01,0.012666165551725575,"[0.041034173592056085, 0.03477177348677145, 0.03895241204910607, 0.05213562464245916, 0.06475924875557974, 0.10482322175725654, 0.09540094763513664, 0.0817028847598044]","[0.04103324623605776, 0.034770541636987395, 0.038950256359084785, 0.05213350219014383, 0.06475647688329149, 0.10480987032891295, 0.09539728463218923, 0.08169704075038078]","[9.273559983258295e-07, 1.2318497840529963e-06, 2.155690021286849e-06, 2.122452315331258e-06, 2.7718722882541513e-06, 1.3351428343591487e-05, 3.663002947407179e-06, 5.844009423619512e-06]","[9.273559983258295e-07, 1.2318497840529963e-06, 2.155690021286849e-06, 2.122452315331258e-06, 2.7718722882541513e-06, 1.3351428343591487e-05, 3.663002947407179e-06, 5.844009423619512e-06]",1.3351428343591487e-05,3.978156191148524e-06,5.0877704826923775e-14,0.0,0.9998673973672365,True,50,0.10200000000000001,0.0001,0.002405188000011549,34,51,8,0.5*sum_train((z-y)^2)+lambda*sum(abs(Bz))
burgers,banded ADMM with dual certificate,8,0.1,0,0,0.1,0.011804392401245704,"[0.1397644869426724, 0.13511135016503467, 0.14719098913425602, 0.18373834404385694, 0.2580661604475454, 0.5301310855849788, 0.4549132947143174, 0.3803507372194779]","[0.13975336230617932, 0.1350890015699393, 0.14719098572642453, 0.18373834197890798, 0.2580661581684708, 0.5301256463169994, 0.45491329185273627, 0.38034944564270956]","[1.1124636493081708e-05, 2.234859509536724e-05, 3.4078314892216355e-09, 2.0649489618218553e-09, 2.279074595712416e-09, 5.439267979356899e-06, 2.861581138713376e-09, 1.291576768314151e-06]","[1.1124636493081708e-05, 2.234859509536724e-05, 3.4078314892216355e-09, 2.0649489618218553e-09, 2.279074595712416e-09, 5.439267979356899e-06, 2.861581138713376e-09, 1.291576768314151e-06]",2.234859509536724e-05,7.2712117760165285e-06,1.2878587085651816e-14,0.0,0.9999574596120081,True,75,0.51,0.0001,0.0033095119999870803,34,51,8,0.5*sum_train((z-y)^2)+lambda*sum(abs(Bz))
burgers,banded ADMM with dual certificate,8,0.1,0,0,1.0,0.011463335920437141,"[0.4295385247554409, 0.4965907120014783, 0.5649521288025728, 0.6266981867698568, 0.6238806303303692, 0.724906044387981, 0.6443486406560263, 0.6085319886709372]","[0.429538524755417, 0.4965907120014623, 0.5649521288025593, 0.6266981867698478, 0.6238806303303659, 0.7248256449076984, 0.6443416522603176, 0.6084359396112248]","[2.3925306180672123e-14, 1.5987211554602254e-14, 1.354472090042691e-14, 8.992806499463768e-15, 3.3306690738754696e-15, 8.039948028260024e-05, 6.9883957086736e-06, 9.604905971238864e-05]","[2.3925306180672123e-14, 1.5987211554602254e-14, 1.354472090042691e-14, 8.992806499463768e-15, 3.3306690738754696e-15, 8.039948028260024e-05, 6.9883957086736e-06, 9.604905971238864e-05]",9.604905971238864e-05,6.225189713715551e-07,6.827871601444713e-15,0.0,0.9999986083594661,True,1400,5.1,0.0001,0.05662529300002461,34,51,8,0.5*sum_train((z-y)^2)+lambda*sum(abs(Bz))
burgers,banded ADMM with dual certificate,8,0.1,0,0,10.0,0.014026890862230782,"[1.6370476330168535, 3.2707552196384833, 3.3740090953642508, 1.535855706353588, 0.8363728836291584, 0.7253163876798121, 0.6460149341966359, 0.6103128593767898]","[1.6370476330164245, 3.2707552016980634, 3.374009095364192, 1.5357347759621627, 0.8363188102781142, 0.7252688021539317, 0.6460025690786744, 0.610286061488951]","[4.289901767151605e-13, 1.7940419816397934e-08, 5.861977570020827e-14, 0.00012093039142535567, 5.407335104423705e-05, 4.758552588035592e-05, 1.2365117961543604e-05, 2.6797887838769796e-05]","[2.6205112671314923e-13, 5.4851001104206415e-09, 1.7373923437476626e-14, 7.87381203358402e-05, 5.407335104423705e-05, 4.758552588035592e-05, 1.2365117961543604e-05, 2.6797887838769796e-05]",7.87381203358402e-05,3.2904661773081045e-09,2.19824158875781e-14,0.0,0.9999999918612442,True,1075,51.0,0.0001,0.04489167399992766,34,51,8,0.5*sum_train((z-y)^2)+lambda*sum(abs(Bz))
burgers,banded ADMM with dual certificate,8,0.1,0,0,100.0,0.02868213834241844,"[2.311283582327625, 19.26359933073631, 4.611722102270319, 1.5357357761549304, 0.8363191692963866, 0.7252691134754881, 0.6460026444938449, 0.6102862294022503]","[2.311277842781014, 19.263397075562896, 4.6117201548410955, 1.5357348113997402, 0.8363188148934603, 0.7252688056272163, 0.6460025692833099, 0.6102860625018109]","[5.739546611316371e-06, 0.00020225517341287969, 1.9474292232146695e-06, 9.647551901803553e-07, 3.5440292633914794e-07, 3.078482717633335e-07, 7.521053502212993e-08, 1.6690043935785326e-07]","[2.4832723492702022e-06, 1.0499344901249507e-05, 4.2227809482621766e-07, 6.282038910338099e-07, 3.5440292633914794e-07, 3.078482717633335e-07, 7.521053502212993e-08, 1.6690043935785326e-07]",1.0499344901249507e-05,5.0182080713057076e-14,5.0182080713057076e-14,0.0,1.0,True,250,255.0,0.0001,0.01087740799994208,34,51,8,0.5*sum_train((z-y)^2)+lambda*sum(abs(Bz))
burgers,banded ADMM with dual certificate,8,0.1,0,1,0.0001,0.012863662116601015,"[0.0007065692015859409, 0.0003651436794155354, 0.00041517624048915253, 0.0005646119126668146, 0.0006796427609159596, 0.0010718674359242284, 0.001132393721427126, 0.0009650397575531654]","[0.0007059687804796868, 0.00036485581265181723, 0.00041493045227650893, 0.000563971487130364, 0.0006790166474935708, 0.0010713480582447135, 0.0011264394353176146, 0.0009637067411001824]","[6.004211062540484e-07, 2.8786676371816457e-07, 2.4578821264360047e-07, 6.404255364506886e-07, 6.261134223888758e-07, 5.193776795148729e-07, 5.954286109511372e-06, 1.333016452983028e-06]","[6.004211062540484e-07, 2.8786676371816457e-07, 2.4578821264360047e-07, 6.404255364506886e-07, 6.261134223888758e-07, 5.193776795148729e-07, 5.954286109511372e-06, 1.333016452983028e-06]",5.954286109511372e-06,1.6929566747939323e-06,2.710505431213761e-20,0.0,0.994366309347046,True,50,0.02,0.0001,0.002413760999843362,35,51,8,0.5*sum_train((z-y)^2)+lambda*sum(abs(Bz))
burgers,banded ADMM with dual certificate,8,0.1,0,1,0.001,0.012715562376557351,"[0.006975451103709556, 0.003585142224487934, 0.004056343529003905, 0.005562439821592574, 0.006716760480422356, 0.010636793756102773, 0.01124251655444491, 0.00956370674057997]","[0.006936469776310615, 0.0035626542876991732, 0.00402509202885849, 0.005522507774775948, 0.006656483554278499, 0.010575344650800891, 0.01115685272597919, 0.009519941960373802]","[3.8981327398940856e-05, 2.2487936788760567e-05, 3.1251500145415036e-05, 3.993204681662643e-05, 6.027692614385665e-05, 6.144910530188168e-05, 8.566382846571935e-05, 4.3764780206168724e-05]","[3.8981327398940856e-05, 2.2487936788760567e-05, 3.1251500145415036e-05, 3.993204681662643e-05, 6.027692614385665e-05, 6.144910530188168e-05, 8.566382846571935e-05, 4.3764780206168724e-05]",8.566382846571935e-05,2.4738147500476954e-05,4.336808689942018e-19,0.0,0.991768516140422,True,25,0.01,0.0001,0.0014224460001059924,35,51,8,0.5*sum_train((z-y)^2)+lambda*sum(abs(Bz))
burgers,banded ADMM with dual certificate,8,0.1,0,1,0.01,0.012324516248459868,"[0.059327344042057986, 0.029170262219034307, 0.032030137711236695, 0.04711879468085364, 0.05899258256733695, 0.09728874137639654, 0.10392821228924833, 0.08567488397147399]","[0.05932580602738145, 0.029168554923062626, 0.03202463667931259, 0.04711753144686962, 0.0589913477970057, 0.09727109426463494, 0.10392364195697887, 0.08566229742543978]","[1.5380146765331393e-06, 1.7072959716812885e-06, 5.501031924107225e-06, 1.263233984021006e-06, 1.2347703312529101e-06, 1.7647111761595613e-05, 4.570332269457356e-06, 1.2586546034212831e-05]","[1.5380146765331393e-06, 1.7072959716812885e-06, 5.501031924107225e-06, 1.263233984021006e-06, 1.2347703312529101e-06, 1.7647111761595613e-05, 4.570332269457356e-06, 1.2586546034212831e-05]",1.7647111761595613e-05,6.021186992409555e-06,3.469446951953614e-18,0.0,0.9997992958033268,True,50,0.10200000000000001,0.0001,0.0022641559999101446,35,51,8,0.5*sum_train((z-y)^2)+lambda*sum(abs(Bz))
burgers,banded ADMM with dual certificate,8,0.1,0,1,0.1,0.011445006741596724,"[0.18722109120999042, 0.10339528820500601, 0.1200185692763365, 0.18339000524196847, 0.2417353723783184, 0.4761764859759557, 0.5006420780355774, 0.36756829372455535]","[0.18719251921328794, 0.10338946200198908, 0.11995658962141935, 0.18338999125665686, 0.2417353682596033, 0.4761762364859633, 0.5006412540730114, 0.3675679822698401]","[2.8571996702475566e-05, 5.826203016937037e-06, 6.197965491715196e-05, 1.398531160323735e-08, 4.118715118961447e-09, 2.494899923877192e-07, 8.239625659545169e-07, 3.1145471524052226e-07]","[2.8571996702475566e-05, 5.826203016937037e-06, 6.197965491715196e-05, 1.398531160323735e-08, 4.118715118961447e-09, 2.494899923877192e-07, 8.239625659545169e-07, 3.1145471524052226e-07]",6.197965491715196e-05,9.862676564331707e-06,2.7755575615628914e-17,0.0,0.999944361272702,True,75,0.51,0.0001,0.003825219999953333,35,51,8,0.5*sum_train((z-y)^2)+lambda*sum(abs(Bz))
burgers,banded ADMM with dual certificate,8,0.1,0,1,1.0,0.011398752238101762,"[0.48497961851622284, 0.446114390100233, 0.5280985440198993, 0.622869681189484, 0.6025752288690983, 0.7031645389015827, 0.6516480062765689, 0.5629875798222623]","[0.48497961851457705, 0.4461143882042886, 0.5280985436187567, 0.6228696811890121, 0.6025752288690901, 0.7031645388955198, 0.651624532170135, 0.5629875798222479]","[1.645794611704332e-12, 1.8959444014754467e-09, 4.0114256361079015e-10, 4.71955807768154e-13, 8.215650382226158e-15, 6.06292793747798e-12, 2.3474106433885034e-05, 1.4432899320127035e-14]","[1.645794611704332e-12, 1.8959444014754467e-09, 4.0114256361079015e-10, 4.71955807768154e-13, 8.215650382226158e-15, 6.06292793747798e-12, 2.3474106433885034e-05, 1.4432899320127035e-14]",2.3474106433885034e-05,1.9133067352683497e-09,3.3306690738754696e-16,0.0,0.9999999931425083,True,475,326.4,0.0001,0.020730479000121704,35,51,8,0.5*sum_train((z-y)^2)+lambda*sum(abs(Bz))
burgers,banded ADMM with dual certificate,8,0.1,0,1,10.0,0.013563874921195936,"[1.8785097306875445, 3.1798864460087097, 3.3162909860699323, 1.4221083050320518, 0.9585670322320536, 0.7031994676712774, 0.6516506330735502, 0.5632440746192714]","[1.8785097306871712, 3.179882988161574, 3.316290986069853, 1.421967636906003, 0.9584707482527512, 0.7031945796038171, 0.6516247250620274, 0.5632363566139791]","[3.7325698087897763e-13, 3.457847135734937e-06, 7.949196856316121e-14, 0.00014066812604873746, 9.628397930239174e-05, 4.888067460240286e-06, 2.5908011522801644e-05, 7.718005292312036e-06]","[1.9869845483438811e-13, 1.08741214330943e-06, 2.3970142818307234e-14, 9.89151990400387e-05, 9.628397930239174e-05, 4.888067460240286e-06, 2.5908011522801644e-05, 7.718005292312036e-06]",9.89151990400387e-05,5.50505722451966e-07,3.552713678800501e-15,0.0,0.9999984208495605,True,1325,25.5,0.0001,0.05717985899991618,35,51,8,0.5*sum_train((z-y)^2)+lambda*sum(abs(Bz))
burgers,banded ADMM with dual certificate,8,0.1,0,1,100.0,0.025655128326994573,"[2.7453796688835834, 19.82454724442352, 4.688717305291427, 1.421998459993328, 0.9584892124501823, 0.7031953811912209, 0.6516290988038441, 0.5632376270244227]","[2.7451858819083887, 19.82454717983492, 4.688655189844502, 1.4219676891042734, 0.9584707665835449, 0.7031945796373542, 0.6516247260663898, 0.5632363566982825]","[0.00019378697519467636, 6.458860113411902e-08, 6.211544692558135e-05, 3.077088905456549e-05, 1.8445866637351038e-05, 8.0155386672498e-07, 4.372737454350073e-06, 1.2703261401680876e-06]","[7.058658494163046e-05, 3.25801141069122e-09, 1.3247854984876416e-05, 2.1639185920573967e-05, 1.8445866637351038e-05, 8.0155386672498e-07, 4.372737454350073e-06, 1.2703261401680876e-06]",7.058658494163046e-05,6.23945339839338e-14,2.842170943040401e-14,0.0,1.0,True,200,255.0,0.0001,0.012210096999979214,35,51,8,0.5*sum_train((z-y)^2)+lambda*sum(abs(Bz))
burgers,banded ADMM with dual certificate,8,0.1,0,2,0.0001,0.01304864916711419,"[0.00045036461020441643, 0.00043988147552468065, 0.0003628861478772812, 0.0006202276725884349, 0.0007983127658629373, 0.0012058725036435056, 0.0007945575125808087, 0.0009216364815804965]","[0.0004501495612494271, 0.0004396343148775837, 0.000362718717647654, 0.0006186186586476206, 0.0007978355762021041, 0.001204723319659539, 0.0007938484428805387, 0.0009185937139825079]","[2.1504895498933784e-07, 2.471606470969565e-07, 1.6743022962717935e-07, 1.609013940814287e-06, 4.771896608331836e-07, 1.1491839839665018e-06, 7.090697002700742e-07, 3.0427675979886187e-06]","[2.1504895498933784e-07, 2.471606470969565e-07, 1.6743022962717935e-07, 1.609013940814287e-06, 4.771896608331836e-07, 1.1491839839665018e-06, 7.090697002700742e-07, 3.0427675979886187e-06]",3.0427675979886187e-06,9.602505453046003e-07,2.710505431213761e-20,0.0,0.996802402406057,True,50,0.02,0.0001,0.0023191679999854387,35,51,8,0.5*sum_train((z-y)^2)+lambda*sum(abs(Bz))
burgers,banded ADMM with dual certificate,8,0.1,0,2,0.001,0.01296954609574727,"[0.0044220776387766106, 0.004314056492256564, 0.003563906192847563, 0.006112311362628828, 0.007909278308206607, 0.011979739656882225, 0.007873301168489838, 0.009149164312059225]","[0.004392894931652667, 0.0042910544068790624, 0.003530496770762634, 0.006092455446672266, 0.007871094567363417, 0.011920369206360228, 0.007817208348277857, 0.009076767089058259]","[2.9182707123943594e-05, 2.300208537750134e-05, 3.3409422084928943e-05, 1.9855915956561512e-05, 3.818374084318954e-05, 5.937045052199774e-05, 5.6092820211980574e-05, 7.239722300096674e-05]","[2.9182707123943594e-05, 2.300208537750134e-05, 3.3409422084928943e-05, 1.9855915956561512e-05, 3.818374084318954e-05, 5.937045052199774e-05, 5.6092820211980574e-05, 7.239722300096674e-05]",7.239722300096674e-05,2.285663147878758e-05,4.336808689942018e-19,0.0,0.9923975179620499,True,25,0.01,0.0001,0.0012401199999203527,35,51,8,0.5*sum_train((z-y)^2)+lambda*sum(abs(Bz))
burgers,banded ADMM with dual certificate,8,0.1,0,2,0.01,0.012723696456258484,"[0.036625708437812717, 0.0359697369865441, 0.02838718809675625, 0.05234713391551724, 0.07047153913335809, 0.11039811995420423, 0.07082182901320043, 0.08380663800530996]","[0.03662221409159966, 0.035963361944261696, 0.02838253689602808, 0.052342997406010644, 0.07045897254580857, 0.11037204126140514, 0.0708111311708191, 0.08379984605372802]","[3.4943462130579417e-06, 6.37504228240271e-06, 4.651200728168076e-06, 4.13650950659844e-06, 1.2566587549514563e-05, 2.6078692799094694e-05, 1.069784238133531e-05, 6.791951581944233e-06]","[3.4943462130579417e-06, 6.37504228240271e-06, 4.651200728168076e-06, 4.13650950659844e-06, 1.2566587549514563e-05, 2.6078692799094694e-05, 1.069784238133531e-05, 6.791951581944233e-06]",2.6078692799094694e-05,7.74331167868042e-06,3.469446951953614e-18,0.0,0.9997418937386957,True,50,0.10200000000000001,0.0001,0.0022433530000398605,35,51,8,0.5*sum_train((z-y)^2)+lambda*sum(abs(Bz))
burgers,banded ADMM with dual certificate,8,0.1,0,2,0.1,0.011791369174437476,"[0.13338352386638258, 0.1259990363649569, 0.10525021692801934, 0.2103616364529881, 0.2723553924399848, 0.5278925733379862, 0.3367759966302215, 0.4069721650497148]","[0.13338352386495717, 0.12594832783182597, 0.10525021692801059, 0.21036163645298234, 0.27235524315609344, 0.5278925733379416, 0.3367759944240965, 0.4069721650497099]","[1.4254153413162385e-12, 5.0708533130938704e-05, 8.743006318923108e-15, 5.773159728050814e-15, 1.4928389135970832e-07, 4.463096558993129e-14, 2.206125004899917e-09, 4.884981308350689e-15]","[1.4254153413162385e-12, 5.0708533130938704e-05, 8.743006318923108e-15, 5.773159728050814e-15, 1.4928389135970832e-07, 4.463096558993129e-14, 2.206125004899917e-09, 4.884981308350689e-15]",5.0708533130938704e-05,9.57349166055832e-06,4.163336342344337e-17,0.0,0.9999494577972838,True,125,0.51,0.0001,0.005380256000080408,35,51,8,0.5*sum_train((z-y)^2)+lambda*sum(abs(Bz))
burgers,banded ADMM with dual certificate,8,0.1,0,2,1.0,0.011400756402017303,"[0.3996029499126951, 0.46689767190396053, 0.5336115787063583, 0.6649217520944972, 0.6200391405622645, 0.7019927500170445, 0.6276326044336573, 0.6232818029072112]","[0.3996029499126606, 0.4668976719029454, 0.5336115787063307, 0.6649217520944858, 0.6200391405622603, 0.7018936442766752, 0.627632593385107, 0.6232795049149189]","[3.452793606584237e-14, 1.0151324225660119e-12, 2.7644553313166398e-14, 1.1435297153639112e-14, 4.218847493575595e-15, 9.910574036930964e-05, 1.1048550296877124e-08, 2.2979922923438423e-06]","[3.452793606584237e-14, 1.0151324225660119e-12, 2.7644553313166398e-14, 1.1435297153639112e-14, 4.218847493575595e-15, 9.910574036930964e-05, 1.1048550296877124e-08, 2.2979922923438423e-06]",9.910574036930964e-05,1.0717197561072034e-06,2.220446049250313e-16,0.0,0.9999974352096791,True,675,10.2,0.0001,0.02926260899994304,35,51,8,0.5*sum_train((z-y)^2)+lambda*sum(abs(Bz))
burgers,banded ADMM with dual certificate,8,0.1,0,2,10.0,0.0135409932245101,"[1.6733913288746747, 3.219492531765736, 3.411473422250954, 1.572879208120718, 0.8406195755685026, 0.7020854325091387, 0.64241214875645, 0.6293695574052234]","[1.6733913288736788, 3.2194921826421483, 3.411473422250769, 1.572774470415414, 0.8405544662002705, 0.7020651944701669, 0.642404712818092, 0.6293663575348715]","[9.958700530887654e-13, 3.4912358781724606e-07, 1.851852005074761e-13, 0.00010473770530383675, 6.51093682321191e-05, 2.0238038971776007e-05, 7.435938358058003e-06, 3.1998703519109384e-06]","[5.951208398805736e-13, 1.0844056458356456e-07, 5.428305532138293e-14, 6.658979581081611e-05, 6.51093682321191e-05, 2.0238038971776007e-05, 7.435938358058003e-06, 3.1998703519109384e-06]",6.658979581081611e-05,3.709740470370093e-08,1.7763568394002505e-15,0.0,0.9999998842816261,True,700,102.0,0.0001,0.030432924999786337,35,51,8,0.5*sum_train((z-y)^2)+lambda*sum(abs(Bz))
burgers,banded ADMM with dual certificate,8,0.1,0,2,100.0,0.025874961422857598,"[2.6205438283694633, 19.783198230235293, 4.905053863072915, 1.5728074784896797, 0.8405717602554287, 0.7020699993691419, 0.6424064343400923, 0.6293670925400187]","[2.6203391566554863, 19.78319817127693, 4.904979639918636, 1.5727745010606546, 0.840554474376821, 0.7020651950877543, 0.6424047128969546, 0.6293663575492231]","[0.00020467171397697825, 5.895836352465267e-08, 7.422315427874082e-05, 3.297742902508283e-05, 1.728587860772013e-05, 4.804281387604803e-06, 1.7214431377032824e-06, 7.34990795558943e-07]","[7.810276315978568e-05, 2.980224068853777e-09, 1.5131975376972017e-05, 2.0967238187823263e-05, 1.728587860772013e-05, 4.804281387604803e-06, 1.7214431377032824e-06, 7.34990795558943e-07]",7.810276315978568e-05,1.0969130048721354e-09,2.842170943040401e-14,0.0,0.9999999992480653,True,200,255.0,0.0001,0.008983840999917447,35,51,8,0.5*sum_train((z-y)^2)+lambda*sum(abs(Bz))
