setting,system,method,method_label,seed,noise,sparse_factor,equation,candidate_id,threshold,support_size,rss,bic,ebic,active_terms,coefficients,n_regression_rows,n_library_terms,delta_ebic_from_best,true_support_size,true_active_terms,support_f1,coef_error,exact_support,exact_k
ODE,vanderpol_mu2,baseline,Raw FD,0,0.01,8,dx/dt,9,1.0,0,521.3706017751651,184.0130468293987,184.0130468293987,,"[0.0, 0.0, 0.0, 0.0, 0.0, 0.0, 0.0, 0.0, 0.0, 0.0]",249,10,1213.1274620164495,1,2,0.0,1.0,0,0
ODE,vanderpol_mu2,baseline,Raw FD,0,0.01,8,dx/dt,5,0.01,1,3.8692376662853922,-1031.417000280045,-1029.1144151870508,2,"[0.0, 0.0, 0.9939632759372803, 0.0, 0.0, 0.0, 0.0, 0.0, 0.0, 0.0]",249,10,0.0,1,2,1.0,0.006036724062719712,1,1
ODE,vanderpol_mu2,baseline,Raw FD,0,0.01,8,dx/dt,4,0.003,8,3.6980017154640077,-1004.0657914312246,-1000.2591289414543,0;1;2;3;4;5;6;9,"[0.023905207210616217, 0.04501138342067474, 1.043023432378271, -0.0069528358927370935, 0.00989017213568095, -0.003954415844744235, -0.011103489783080515, 0.0, 0.0, -0.005474745849786821]",249,10,28.855286245596517,1,2,0.2222222222222222,0.0690185081468281,0,0
ODE,vanderpol_mu2,baseline,Raw FD,0,0.01,8,dx/dt,1,0.0001,9,3.694600086519638,-998.7774880790242,-996.4749029860302,0;1;2;3;4;5;6;7;9,"[0.02461799676455429, 0.041875305318205804, 1.0377742710148352, -0.007006625867322523, 0.010571853423858671, -0.004181336917229709, -0.010215166581714523, 0.002749518947956364, 0.0, -0.005193547556559085]",249,10,32.63951220102058,1,2,0.2,0.06406017014596467,0,0
ODE,vanderpol_mu2,baseline,Raw FD,0,0.01,8,dx/dt,0,0.0,10,3.694600084197788,-993.2600353390422,-993.2600353390422,0;1;2;3;4;5;6;7;8;9,"[0.024617467282824337, 0.041879447137199446, 1.0377647012750104, -0.007006439452189547, 0.010571742430079542, -0.004181277584058239, -0.010215857626546355, 0.0027557734836687452, -4.844414932617821e-06, -0.0051921086631278425]",249,10,35.854379848008534,1,2,0.18181818181818182,0.06405725185134399,0,0
ODE,vanderpol_mu2,baseline,Raw FD,0,0.01,8,dy/dt,9,1.0,2,566.0571213719072,215.52418814464582,219.33085063441615,2;7,"[0.0, 0.0, 1.9054418672331086, 0.0, 0.0, 0.0, 0.0, -1.9055389801017255, 0.0, 0.0]",249,10,1082.3056119451812,3,1;2;7,0.8,0.33629750796192076,0,0
ODE,vanderpol_mu2,baseline,Raw FD,0,0.01,8,dy/dt,7,0.1,3,8.669917575341433,-819.4884508476279,-814.7009591048458,1;2;7,"[0.0, -0.9980720835072798, 1.9236621224863675, 0.0, 0.0, 0.0, 0.0, -1.9363460896453306, 0.0, 0.0]",249,10,48.273802205919196,3,1;2;7,1.0,0.033137774197246984,1,1
ODE,vanderpol_mu2,baseline,Raw FD,0,0.01,8,dy/dt,6,0.03,5,6.835610647932799,-867.6442006682041,-862.1147715806927,1;2;7;8;9,"[0.0, -1.0158273630256456, 2.228498341060322, 0.0, 0.0, 0.0, 0.0, -2.0715305727560764, 0.09539135601607013, -0.04004628725243593]",249,10,0.8599897300722432,3,1;2;7,0.75,0.0871026444628318,0,0
ODE,vanderpol_mu2,baseline,Raw FD,0,0.01,8,dy/dt,5,0.01,6,6.667638859711571,-868.3218688414825,-862.974761310765,1;2;6;7;8;9,"[0.0, -0.9227714101034807, 2.2539939231950634, 0.0, 0.0, 0.0, -0.02672706139521117, -2.06488663244266, 0.0867245402523038, -0.04174983567962237]",249,10,0.0,3,1;2;7,0.6666666666666666,0.09699139346654866,0,0
ODE,vanderpol_mu2,baseline,Raw FD,0,0.01,8,dy/dt,0,0.0,10,6.634794785617907,-847.4816354344358,-847.4816354344358,0;1;2;3;4;5;6;7;8;9,"[0.03570017045375334, -0.923340334473034, 2.2550901883488956, -0.008132357093632091, 0.013971161312299403, -0.007300931224695246, -0.026464451575402052, -2.0642642118753702, 0.08698907093665359, -0.04203329434194528]",249,10,15.493125876329145,3,1;2;7,0.46153846153846156,0.09815010911799944,0,0
ODE,vanderpol_mu2,edmd_poly3,Polynomial EDMD,0,0.01,8,dx/dt,9,1.0,0,2833.3000707851434,1023.0545309622556,1023.0545309622556,,"[0.0, 0.0, 0.0, 0.0, 0.0, 0.0, 0.0, 0.0, 0.0, 0.0]",1249,10,3185.6722592571687,1,2,0.0,1.0,0,0
ODE,vanderpol_mu2,edmd_poly3,Polynomial EDMD,0,0.01,8,dx/dt,5,0.01,1,219.43739059610226,-2164.920313387907,-2162.617728294913,2,"[0.0, 0.0, 0.9989921444939882, 0.0, 0.0, 0.0, 0.0, 0.0, 0.0, 0.0]",1249,10,0.0,1,2,1.0,0.00100785550601179,1,1
ODE,vanderpol_mu2,edmd_poly3,Polynomial EDMD,0,0.01,8,dx/dt,0,0.0,10,218.86926499422714,-2103.987293550946,-2103.987293550946,0;1;2;3;4;5;6;7;8;9,"[0.024486360661610647, 0.0356952578071241, 1.0464740936714234, -0.00710234295576288, 0.010534496745578171, -0.0041133963166671275, -0.010529192011079045, -0.007695472493592262, 0.00974144559030519, -0.0065853099412894415]",1249,10,58.630434743966816,1,2,0.18181818181818182,0.0672328777300744,0,0
ODE,vanderpol_mu2,edmd_poly3,Polynomial EDMD,0,0.01,8,dy/dt,9,1.0,2,3039.9727773725463,1125.252353469494,1129.0590159592643,2;7,"[0.0, 0.0, 1.9680295212580987, 0.0, 0.0, 0.0, 0.0, -1.9678713471558107, 0.0, 0.0]",1249,10,3356.9203723558057,3,1;2;7,0.8,0.3336755513043852,0,0
ODE,vanderpol_mu2,edmd_poly3,Polynomial EDMD,0,0.01,8,dy/dt,6,0.03,3,205.49536011094318,-2232.6488481393235,-2227.8613563965414,1;2;7,"[0.0, -1.0041276407241517, 1.9870481749350906, 0.0, 0.0, 0.0, 0.0, -2.000109191593561, 0.0, 0.0]",1249,10,0.0,3,1;2;7,1.0,0.004531361253209516,1,1
ODE,vanderpol_mu2,edmd_poly3,Polynomial EDMD,0,0.01,8,dy/dt,5,0.01,4,204.49111426449352,-2231.637515243027,-2226.2904077123094,1;2;7;8,"[0.0, -0.9907057094350744, 2.0004370526716646, 0.0, 0.0, 0.0, 0.0, -1.9866103673756017, -0.013651533056715199, 0.0]",1249,10,1.5709486842320075,3,1;2;7,0.8571428571428571,0.007088499831558257,0,0
ODE,vanderpol_mu2,edmd_poly3,Polynomial EDMD,0,0.01,8,dy/dt,0,0.0,10,204.15240967220765,-2190.927394447239,-2190.927394447239,0;1;2;3;4;5;6;7;8;9,"[0.020987723269754656, -0.9560328475891849, 1.9664722954421867, -0.0039223316613534, 0.010511606574115324, -0.004915779896907621, -0.00839756387494209, -1.9614432190057507, -0.03280990296029236, 0.0051887185637859035]",1249,10,36.93396194930256,3,1;2;7,0.46153846153846156,0.026474940803155624,0,0
ODE,vanderpol_mu2,tv_diff,TV,0,0.01,8,dx/dt,9,1.0,0,520.2841868550245,183.49364747338126,183.49364747338126,,"[0.0, 0.0, 0.0, 0.0, 0.0, 0.0, 0.0, 0.0, 0.0, 0.0]",249,10,1286.855814602798,1,2,0.0,1.0,0,0
ODE,vanderpol_mu2,tv_diff,TV,0,0.01,8,dx/dt,5,0.01,1,2.8716126170367122,-1105.664752222411,-1103.3621671294168,2,"[0.0, 0.0, 0.9939198238677444, 0.0, 0.0, 0.0, 0.0, 0.0, 0.0, 0.0]",249,10,0.0,1,2,1.0,0.006080176132255644,1,1
ODE,vanderpol_mu2,tv_diff,TV,0,0.01,8,dx/dt,4,0.003,8,2.6950652878801757,-1082.8419630711123,-1079.035300581342,0;1;2;3;4;5;6;9,"[0.02308757377915324, 0.04542296032574893, 1.0437316055273884, -0.006690974955548616, 0.009546749009265608, -0.003813921357049891, -0.011165716649925345, 0.0, 0.0, -0.0055604760496963486]",249,10,24.326866548074804,1,2,0.2222222222222222,0.0693886330070757,0,0
ODE,vanderpol_mu2,tv_diff,TV,0,0.01,8,dx/dt,3,0.001,9,2.6919685601598395,-1077.610784703099,-1075.3081996101048,0;1;2;3;4;5;6;7;9,"[0.02377031091369376, 0.04242850366170245, 1.0387211202993238, -0.006742903007575232, 0.01019836025795527, -0.004031035269551336, -0.010317342500751961, 0.0026245596992142267, 0.0, -0.005291947658782873]",249,10,28.053967519311982,1,2,0.2,0.06458787718543094,0,0
ODE,vanderpol_mu2,tv_diff,TV,0,0.01,8,dx/dt,0,0.0,10,2.691897004420987,-1072.0999506119372,-1072.0999506119372,0;1;2;3;4;5;6;7;8;9,"[0.023679893024221958, 0.04314251076443402, 1.0370771849154605, -0.006711034806771468, 0.010179641483139842, -0.004020951470464948, -0.010436734722332601, 0.0036998046482084523, -0.0008328747360502855, -0.005044664955084188]",249,10,31.2622165174796,1,2,0.18181818181818182,0.06411176694272433,0,0
ODE,vanderpol_mu2,tv_diff,TV,0,0.01,8,dy/dt,9,1.0,2,564.9154961717927,215.0214973332728,218.82815982304314,2;7,"[0.0, 0.0, 1.9052596613087314, 0.0, 0.0, 0.0, 0.0, -1.9057305931715667, 0.0, 0.0]",249,10,1134.0642080503462,3,1;2;7,0.8,0.3362972317656446,0,0
ODE,vanderpol_mu2,tv_diff,TV,0,0.01,8,dy/dt,7,0.1,3,7.421523784826361,-858.2016974452823,-853.4142057025002,1;2;7,"[0.0, -0.9981991768980697, 1.9235692640200055, 0.0, 0.0, 0.0, 0.0, -1.9366341301592551, 0.0, 0.0]",249,10,61.821842524802946,3,1;2;7,1.0,0.0330994021882274,1,1
ODE,vanderpol_mu2,tv_diff,TV,0,0.01,8,dy/dt,6,0.03,5,5.569439384961761,-918.6522011736661,-913.1227720861547,1;2;7;8;9,"[0.0, -1.015981293408029, 2.229978290909055, 0.0, 0.0, 0.0, 0.0, -2.0724539270133784, 0.09581004185437317, -0.040251681235648644]",249,10,2.1132761411485035,3,1;2;7,0.75,0.08768298297499315,0,0
ODE,vanderpol_mu2,tv_diff,TV,0,0.01,8,dy/dt,5,0.01,6,5.405306286827675,-920.5831557580207,-915.2360482273032,1;2;6;7;8;9,"[0.0, -0.9239120028690211, 2.2550596565764827, 0.0, 0.0, 0.0, -0.02644064851329493, -2.065801932874639, 0.087174911967527, -0.04191735691290614]",249,10,0.0,3,1;2;7,0.6666666666666666,0.09731412143230307,0,0
ODE,vanderpol_mu2,tv_diff,TV,0,0.01,8,dy/dt,0,0.0,10,5.376347402893671,-899.85094592553,-899.85094592553,0;1;2;3;4;5;6;7;8;9,"[0.033093009290606934, -0.9245601938549107, 2.2560069025228633, -0.0073944032227489945, 0.012832559802929496, -0.006785743203834237, -0.026159815407452165, -2.065188481229522, 0.08740003142894705, -0.04217284779255243]",249,10,15.385102301773145,3,1;2;7,0.46153846153846156,0.0982866739397739,0,0
ODE,vanderpol_mu2,baseline,Raw FD,1,0.01,8,dx/dt,9,1.0,0,523.7609899622394,185.1520568854657,185.1520568854657,,"[0.0, 0.0, 0.0, 0.0, 0.0, 0.0, 0.0, 0.0, 0.0, 0.0]",249,10,1140.9796041958411,1,2,0.0,1.0,0,0
ODE,vanderpol_mu2,baseline,Raw FD,1,0.01,8,dx/dt,5,0.01,1,5.193367199150172,-958.1301324033695,-955.8275473103755,2,"[0.0, 0.0, 0.9956057963841349, 0.0, 0.0, 0.0, 0.0, 0.0, 0.0, 0.0]",249,10,0.0,1,2,1.0,0.004394203615865067,1,1
ODE,vanderpol_mu2,baseline,Raw FD,1,0.01,8,dx/dt,4,0.003,8,5.107899714761278,-923.6398601024742,-919.8331976127039,0;2;3;4;5;7;8;9,"[-0.029254792253310177, 0.0, 0.9694817237700231, 0.008903397906127503, -0.01540937667078764, 0.004817461945828652, 0.0, 0.015275325716114556, -0.015403226973554087, 0.004553549664534163]",249,10,35.99434969767162,1,2,0.2222222222222222,0.05117094066528056,0,0
ODE,vanderpol_mu2,baseline,Raw FD,1,0.01,8,dx/dt,0,0.0,10,5.084636964331693,-913.7415575118731,-913.7415575118731,0;1;2;3;4;5;6;7;8;9,"[-0.029142384470420397, 0.0022941792003151086, 0.9527694428980387, 0.009181015902549945, -0.01474464494535772, 0.004656091129020672, 0.0018939767853342051, 0.026349881763059763, -0.023732449230463148, 0.007033627372195627]",249,10,42.085989798502396,1,2,0.18181818181818182,0.06869677302926169,0,0
ODE,vanderpol_mu2,baseline,Raw FD,1,0.01,8,dy/dt,9,1.0,2,555.0515855683868,210.63533761611976,214.4420001058901,2;7,"[0.0, 0.0, 1.923276087114724, 0.0, 0.0, 0.0, 0.0, -1.9038085761552221, 0.0, 0.0]",249,10,1106.5334257582867,3,1;2;7,0.8,0.33584707975666434,0,0
ODE,vanderpol_mu2,baseline,Raw FD,1,0.01,8,dy/dt,7,0.1,3,7.817742289004746,-845.2508575767025,-840.4633658339204,1;2;7,"[0.0, -0.9886310702667682, 1.9388333394020654, 0.0, 0.0, 0.0, 0.0, -1.929642084478039, 0.0, 0.0]",249,10,51.628059818476345,3,1;2;7,1.0,0.03130645870277583,1,1
ODE,vanderpol_mu2,baseline,Raw FD,1,0.01,8,dy/dt,6,0.03,5,6.060289908019343,-897.6208547399082,-892.0914256523968,1;2;7;8;9,"[0.0, -1.0280640098684288, 2.247514316748594, 0.0, 0.0, 0.0, 0.0, -2.096180330047177, 0.12358680036685077, -0.04321725602764262]",249,10,0.0,3,1;2;7,0.75,0.09913123175136024,0,0
ODE,vanderpol_mu2,baseline,Raw FD,1,0.01,8,dy/dt,5,0.01,9,5.746648331954134,-888.7831154208151,-886.480530327821,0;1;2;4;5;6;7;8;9,"[-0.0369737419746639, -0.9710148572100069, 2.2715845520146947, 0.0, -0.03031848044741475, 0.010889954938298502, -0.01722397251683674, -2.0995886504224393, 0.12090690385603803, -0.04498097254266003]",249,10,5.610895324575722,3,1;2;7,0.5,0.10742413249438802,0,0
ODE,vanderpol_mu2,baseline,Raw FD,1,0.01,8,dy/dt,0,0.0,10,5.739980370501488,-883.5547504075256,-883.5547504075256,0;1;2;3;4;5;6;7;8;9,"[-0.056881545701965484, -0.9704537159326712, 2.269524016890571, 0.006264156630711612, -0.03551746181439983, 0.013570027435002843, -0.01734603125093587, -2.0988746452015223, 0.12033546365443798, -0.04471876476773887]",249,10,8.536675244871162,3,1;2;7,0.46153846153846156,0.10790635663504478,0,0
ODE,vanderpol_mu2,edmd_poly3,Polynomial EDMD,1,0.01,8,dx/dt,9,1.0,0,2848.4487975057436,1029.7147353981156,1029.7147353981156,,"[0.0, 0.0, 0.0, 0.0, 0.0, 0.0, 0.0, 0.0, 0.0, 0.0]",1249,10,3139.55372765412,1,2,0.0,1.0,0,0
ODE,vanderpol_mu2,edmd_poly3,Polynomial EDMD,1,0.01,8,dx/dt,5,0.01,1,228.90881800932004,-2112.1415773489985,-2109.8389922560045,2,"[0.0, 0.0, 1.0006952896858545, 0.0, 0.0, 0.0, 0.0, 0.0, 0.0, 0.0]",1249,10,0.0,1,2,1.0,0.0006952896858545277,1,1
ODE,vanderpol_mu2,edmd_poly3,Polynomial EDMD,1,0.01,8,dx/dt,0,0.0,10,228.30679352351817,-2051.2598567371224,-2051.2598567371224,0;1;2;3;4;5;6;7;8;9,"[-0.04238659910307392, -0.008318981883921023, 0.9400354383092107, 0.013426954875762152, -0.01900352389357041, 0.006856159230239606, 0.003835809904663743, 0.025063550380461437, -0.021225621981994174, 0.008627952598682544]",1249,10,58.57913551888214,1,2,0.18181818181818182,0.08495802168567793,0,0
ODE,vanderpol_mu2,edmd_poly3,Polynomial EDMD,1,0.01,8,dy/dt,9,1.0,2,2961.8355742736894,1092.7291953455556,1096.535857835326,2;7,"[0.0, 0.0, 1.985448475979017, 0.0, 0.0, 0.0, 0.0, -1.9650408982023602, 0.0, 0.0]",1249,10,3478.2546639320253,3,1;2;7,0.8,0.33357222866850006,0,0
ODE,vanderpol_mu2,edmd_poly3,Polynomial EDMD,1,0.01,8,dy/dt,6,0.03,3,181.67855564656404,-2386.5062978394817,-2381.7188060966996,1;2;7,"[0.0, -0.9941891386557371, 2.0016754884204193, 0.0, 0.0, 0.0, 0.0, -1.9921511602962505, 0.0, 0.0]",1249,10,0.0,3,1;2;7,1.0,0.003302821280601758,1,1
ODE,vanderpol_mu2,edmd_poly3,Polynomial EDMD,1,0.01,8,dy/dt,5,0.01,4,181.51617621713794,-2380.4930212602553,-2375.145913729538,0;1;2;7,"[-0.011508462814150714, -0.9939691018229473, 2.0008498342245598, 0.0, 0.0, 0.0, 0.0, -1.9923544069691654, 0.0, 0.0]",1249,10,6.572892367161785,3,1;2;7,0.8571428571428571,0.005033154082559261,0,0
ODE,vanderpol_mu2,edmd_poly3,Polynomial EDMD,1,0.01,8,dy/dt,4,0.003,8,180.57297271158262,-2358.4796647628564,-2354.6730022730862,0;1;2;3;4;5;7;8,"[-0.04783290246612407, -1.0018381811459955, 1.998214989606717, 0.004708002917263109, -0.027998527868727238, 0.011524476424600479, 0.0, -2.0026033234341436, 0.006940475819860504, 0.0]",1249,10,27.04580382361337,3,1;2;7,0.5454545454545454,0.019114844839136055,0,0
ODE,vanderpol_mu2,edmd_poly3,Polynomial EDMD,1,0.01,8,dy/dt,0,0.0,10,180.5314872997513,-2344.5064499615664,-2344.5064499615664,0;1;2;3;4;5;6;7;8;9,"[-0.045629140449368895, -1.0098569607006347, 2.017337293220961, 0.00400756236655464, -0.02759460835485267, 0.011231279869244312, 0.0016026800756815751, -2.0138337338928394, 0.015442310048610384, -0.0027622368001276386]",1249,10,37.21235613513318,3,1;2;7,0.46153846153846156,0.020611378063618586,0,0
ODE,vanderpol_mu2,tv_diff,TV,1,0.01,8,dx/dt,9,1.0,0,523.6085616409426,185.0795807432812,185.0795807432812,,"[0.0, 0.0, 0.0, 0.0, 0.0, 0.0, 0.0, 0.0, 0.0, 0.0]",249,10,1147.8657553043922,1,2,0.0,1.0,0,0
ODE,vanderpol_mu2,tv_diff,TV,1,0.01,8,dx/dt,5,0.01,1,5.050241069037216,-965.0887596541049,-962.7861745611109,2,"[0.0, 0.0, 0.9956011744208769, 0.0, 0.0, 0.0, 0.0, 0.0, 0.0, 0.0]",249,10,0.0,1,2,1.0,0.004398825579123078,1,1
ODE,vanderpol_mu2,tv_diff,TV,1,0.01,8,dx/dt,4,0.003,8,4.964723964870731,-930.7190808096565,-926.9124183198861,0;2;3;4;5;7;8;9,"[-0.029307469560731696, 0.0, 0.9697274160925613, 0.008924172317178453, -0.01543667155556838, 0.00482853846608455, 0.0, 0.015201997748105097, -0.015350598784142088, 0.004522283904310956]",249,10,35.87375624122478,1,2,0.2222222222222222,0.05102740678049459,0,0
ODE,vanderpol_mu2,tv_diff,TV,1,0.01,8,dx/dt,0,0.0,10,4.941424873698596,-920.8554645852595,-920.8554645852595,0;1;2;3;4;5;6;7;8;9,"[-0.029203605567706136, 0.0024854795440279694, 0.9530335713559669, 0.009203636972548114, -0.01477133799635651, 0.004667818121549947, 0.0018435809406297731, 0.02631055863668888, -0.023712947886049638, 0.007003845630452585]",249,10,41.930709975851414,1,2,0.18181818181818182,0.06853147838442518,0,0
ODE,vanderpol_mu2,tv_diff,TV,1,0.01,8,dy/dt,9,1.0,2,554.9287042850409,210.58020611521326,214.3868686049836,2;7,"[0.0, 0.0, 1.9232605237965728, 0.0, 0.0, 0.0, 0.0, -1.9038439152452262, 0.0, 0.0]",249,10,1111.472266573263,3,1;2;7,0.8,0.3358463504248704,0,0
ODE,vanderpol_mu2,tv_diff,TV,1,0.01,8,dy/dt,7,0.1,3,7.695177970821502,-849.1855326416164,-844.3980408988343,1;2;7,"[0.0, -0.9886341402217548, 1.9388248952863942, 0.0, 0.0, 0.0, 0.0, -1.9296848055596825, 0.0, 0.0]",249,10,52.687357069445056,3,1;2;7,1.0,0.03129750216231148,1,1
ODE,vanderpol_mu2,tv_diff,TV,1,0.01,8,dy/dt,6,0.03,5,5.939954805391709,-902.6148270557908,-897.0853979682794,1;2;7;8;9,"[0.0, -1.0280026874180495, 2.2474641437545584, 0.0, 0.0, 0.0, 0.0, -2.0961207114409306, 0.12350070557186518, -0.043205963643951184]",249,10,0.0,3,1;2;7,0.75,0.09909648703599232,0,0
ODE,vanderpol_mu2,tv_diff,TV,1,0.01,8,dy/dt,5,0.01,9,5.626352777802066,-894.0508033125486,-891.7482182195546,0;1;2;4;5;6;7;8;9,"[-0.036961265164704014, -0.9709023868350086, 2.2715468394937894, 0.0, -0.03031234350259506, 0.01088949112680923, -0.017238601319993826, -2.0995230922194392, 0.12081492566324523, -0.044970356167678235]",249,10,5.337179748724793,3,1;2;7,0.5,0.10739775804426638,0,0
ODE,vanderpol_mu2,tv_diff,TV,1,0.01,8,dy/dt,0,0.0,10,5.6195551237580466,-888.8343694316973,-888.8343694316973,0;1;2;3;4;5;6;7;8;9,"[-0.05706364400862859, -0.9703360373182893, 2.2694666790715057, 0.006325333803490177, -0.03556238590458258, 0.013595873802008211, -0.01736179363186363, -2.0988024642142142, 0.12023811128817835, -0.044705645074715715]",249,10,8.251028536582112,3,1;2;7,0.46153846153846156,0.10788738939970631,0,0
ODE,vanderpol_mu2,baseline,Raw FD,2,0.01,8,dx/dt,9,1.0,0,520.634447566267,183.66122045652716,183.66122045652716,,"[0.0, 0.0, 0.0, 0.0, 0.0, 0.0, 0.0, 0.0, 0.0, 0.0]",249,10,1150.0391086313227,1,2,0.0,1.0,0,0
ODE,vanderpol_mu2,baseline,Raw FD,2,0.01,8,dx/dt,5,0.01,1,4.977916479717758,-968.6804732677896,-966.3778881747955,2,"[0.0, 0.0, 0.99299885092701, 0.0, 0.0, 0.0, 0.0, 0.0, 0.0, 0.0]",249,10,0.0,1,2,1.0,0.007001149072989987,1,1
ODE,vanderpol_mu2,baseline,Raw FD,2,0.01,8,dx/dt,4,0.003,5,4.7907786587667935,-956.1519603315907,-950.6225312440793,1;2;6;7;8,"[0.0, 0.03848689836054854, 1.012769037037037, 0.0, 0.0, 0.0, -0.00693336266833726, 0.011252934216595054, -0.01570923840090301, 0.0]",249,10,15.755356930716289,1,2,0.3333333333333333,0.04545074113563531,0,0
ODE,vanderpol_mu2,baseline,Raw FD,2,0.01,8,dx/dt,3,0.001,8,4.784719321421415,-939.91473411959,-936.1080716298196,0;1;2;3;6;7;8;9,"[-0.0035883473272637447, 0.03806795247471078, 0.9950773880020013, 0.0018354126489613998, 0.0, 0.0, -0.006200885066424966, 0.020094631191743043, -0.02202050686052459, 0.0023741164454341383]",249,10,30.269816544975924,1,2,0.2222222222222222,0.04921819196458565,0,0
ODE,vanderpol_mu2,baseline,Raw FD,2,0.01,8,dx/dt,1,0.0001,9,4.784559380462294,-934.4056047969422,-932.1030197039481,0;1;2;3;4;6;7;8;9,"[-0.0035747641019199766, 0.037906717505497955, 0.9950763743677127, 0.0018214145594632294, -0.000563557195312464, 0.0, -0.0061624374613476335, 0.020060726427031456, -0.022036112844194083, 0.002374826263512039]",249,10,34.27486847084742,1,2,0.2,0.0490837433048038,0,0
ODE,vanderpol_mu2,baseline,Raw FD,2,0.01,8,dx/dt,0,0.0,10,4.7845557291673355,-928.8883419227386,-928.8883419227386,0;1;2;3;4;5;6;7;8;9,"[-0.0031418092964511893, 0.03790263002006045, 0.9950893565860495, 0.0017064304849368499, -0.0004057602189485977, -8.055153157054105e-05, -0.006160405396757706, 0.020065525046309325, -0.022033968766519106, 0.0023721947333543514]",249,10,37.489546252056925,1,2,0.18181818181818182,0.049044640474058265,0,0
ODE,vanderpol_mu2,baseline,Raw FD,2,0.01,8,dy/dt,9,1.0,2,570.0892496202733,217.2915733595339,221.09823584930425,2;7,"[0.0, 0.0, 1.9261218942140206, 0.0, 0.0, 0.0, 0.0, -1.9187823772150256, 0.0, 0.0]",249,10,1076.2807178536673,3,1;2;7,0.8,0.33533636127946503,0,0
ODE,vanderpol_mu2,baseline,Raw FD,2,0.01,8,dy/dt,7,0.1,3,7.869245267981847,-843.6158351994277,-838.8283434566456,1;2;7,"[0.0, -1.002869993250467, 1.947983486829679, 0.0, 0.0, 0.0, 0.0, -1.953219527919756, 0.0, 0.0]",249,10,16.354138547717525,3,1;2;7,1.0,0.02333896853787291,1,1
ODE,vanderpol_mu2,baseline,Raw FD,2,0.01,8,dy/dt,6,0.03,5,7.028591484281977,-860.7119110918745,-855.1824820043631,1;2;7;8;9,"[0.0, -1.0282708799007543, 2.1684319859032497, 0.0, 0.0, 0.0, 0.0, -2.0678776820608675, 0.08445658430138137, -0.03053304046412534]",249,10,0.0,3,1;2;7,0.75,0.06818368771966231,0,0
ODE,vanderpol_mu2,baseline,Raw FD,2,0.01,8,dy/dt,0,0.0,10,6.689520497617298,-845.4362351834573,-845.4362351834573,0;1;2;3;4;5;6;7;8;9,"[0.11549122590551265, -0.9780286023999826, 2.1878926315102056, -0.03248491741602806, 0.03997802663820517, -0.022099754044689373, -0.01440409060759913, -2.064560769839867, 0.08109157781166203, -0.032481057625262766]",249,10,9.746246820905867,3,1;2;7,0.46153846153846156,0.08450703591793855,0,0
ODE,vanderpol_mu2,edmd_poly3,Polynomial EDMD,2,0.01,8,dx/dt,9,1.0,0,2800.325193155143,1008.4330073134099,1008.4330073134099,,"[0.0, 0.0, 0.0, 0.0, 0.0, 0.0, 0.0, 0.0, 0.0, 0.0]",1249,10,3312.653670898978,1,2,0.0,1.0,0,0
ODE,vanderpol_mu2,edmd_poly3,Polynomial EDMD,2,0.01,8,dx/dt,5,0.01,1,195.9175502413476,-2306.5232486785617,-2304.2206635855678,2,"[0.0, 0.0, 0.9979882978395431, 0.0, 0.0, 0.0, 0.0, 0.0, 0.0, 0.0]",1249,10,0.0,1,2,1.0,0.002011702160456874,1,1
ODE,vanderpol_mu2,edmd_poly3,Polynomial EDMD,2,0.01,8,dx/dt,4,0.003,5,195.61116302612203,-2279.957642100448,-2274.428213012937,1;2;6;7;8,"[0.0, 0.030170587196740446, 1.0113232676206971, 0.0, 0.0, 0.0, -0.006386306907592884, 0.004909306620796199, -0.009240534412865998, 0.0]",1249,10,29.79245057263097,1,2,0.3333333333333333,0.034478317897721884,0,0
ODE,vanderpol_mu2,edmd_poly3,Polynomial EDMD,2,0.01,8,dx/dt,3,0.001,9,195.56965249307785,-2251.7023257626856,-2249.3997406696917,0;1;2;4;5;6;7;8;9,"[0.0030946056450387137, 0.029530998863183913, 0.9920889171255663, 0.0, 0.00199736402420627, -0.0013218651924253486, -0.005535209531345866, 0.014621338318909055, -0.016135647254285106, 0.002566265210103679]",1249,10,54.820922915876054,1,2,0.2,0.03822754777734479,0,0
ODE,vanderpol_mu2,edmd_poly3,Polynomial EDMD,2,0.01,8,dx/dt,0,0.0,10,195.56916806872448,-2244.5753210186886,-2244.5753210186886,0;1;2;3;4;5;6;7;8;9,"[0.005512864690815267, 0.029495529696151435, 0.9923062713236027, -0.0007602556920145533, 0.0026271960951923957, -0.0016464887038881036, -0.005529376106548309, 0.01455971045962688, -0.016086250687523562, 0.002540343548235679]",1249,10,59.64534256687921,1,2,0.18181818181818182,0.03843881447852448,0,0
ODE,vanderpol_mu2,edmd_poly3,Polynomial EDMD,2,0.01,8,dy/dt,6,0.03,3,193.62039202125084,-2306.9942681366183,-2302.206776393836,1;2;7,"[0.0, -1.008850590161049, 2.0110682265897366, 0.0, 0.0, 0.0, 0.0, -2.016490926915068, 0.0, 0.0]",1249,10,0.0,3,1;2;7,1.0,0.007247905878088899,1,1
ODE,vanderpol_mu2,edmd_poly3,Polynomial EDMD,2,0.01,8,dy/dt,0,0.0,10,190.87808862440164,-2274.9000079826656,-2274.9000079826656,0;1;2;3;4;5;6;7;8;9,"[0.10284506000021708, -1.0334863385570463, 1.8812224562907145, -0.028323161404404322, 0.03418772609952822, -0.02054292460690404, 0.010112174361634982, -1.9594208965167916, -0.0386931020300122, 0.01654793761603793]",1249,10,27.30676841117065,3,1;2;7,0.46153846153846156,0.059366535709277336,0,0
ODE,vanderpol_mu2,tv_diff,TV,2,0.01,8,dx/dt,9,1.0,0,520.4922302015018,183.5931939141227,183.5931939141227,,"[0.0, 0.0, 0.0, 0.0, 0.0, 0.0, 0.0, 0.0, 0.0, 0.0]",249,10,1156.6435394850714,1,2,0.0,1.0,0,0
ODE,vanderpol_mu2,tv_diff,TV,2,0.01,8,dx/dt,5,0.01,1,4.8462945773079085,-975.3529306639429,-973.0503455709488,2,"[0.0, 0.0, 0.9929928694822819, 0.0, 0.0, 0.0, 0.0, 0.0, 0.0, 0.0]",249,10,0.0,1,2,1.0,0.007007130517718063,1,1
ODE,vanderpol_mu2,tv_diff,TV,2,0.01,8,dx/dt,4,0.003,5,4.659466883182042,-963.0721480656246,-957.5427189781132,1;2;6;7;8,"[0.0, 0.03839759631208561, 1.01273468546957, 0.0, 0.0, 0.0, -0.006909767660628619, 0.011246558474324474, -0.01569191181769948, 0.0]",249,10,15.507626592835663,1,2,0.3333333333333333,0.04535431269118179,0,0
ODE,vanderpol_mu2,tv_diff,TV,2,0.01,8,dx/dt,3,0.001,8,4.6535841762375085,-946.8343574409087,-943.0276949511383,0;1;2;3;6;7;8;9,"[-0.0035807999338354638, 0.037988575927151956, 0.9953566207644474, 0.0018310623330655405, 0.0, 0.0, -0.006190644038061197, 0.019932764385701865, -0.02189041036919251, 0.0023315063755580175]",249,10,30.02265061981052,1,2,0.2222222222222222,0.04900135658228946,0,0
ODE,vanderpol_mu2,tv_diff,TV,2,0.01,8,dx/dt,2,0.0003,9,4.65342512176759,-941.3254152403604,-939.0228301473663,0;1;2;3;4;6;7;8;9,"[-0.003567252428436961, 0.03782774370539687, 0.9953555609716942, 0.0018171022650586466, -0.0005620049030302764, 0.0, -0.00615228777976755, 0.01989896429065791, -0.021905988781716696, 0.00233222169053775]",249,10,34.027515423582486,1,2,0.2,0.04886699330892184,0,0
ODE,vanderpol_mu2,tv_diff,TV,2,0.01,8,dx/dt,0,0.0,10,4.653418590261265,-935.8083118383378,-935.8083118383378,0;1;2;3;4;5;6;7;8;9,"[-0.002988137469092867, 0.03782228778894237, 0.9953729646221983, 0.0016632973856180906, -0.00035094198047847745, -0.00010774259974246131, -0.006149574569888, 0.01990536582956222, -0.021903107666681014, 0.0023286965522573695]",249,10,37.24203373261105,1,2,0.18181818181818182,0.048815725045682795,0,0
ODE,vanderpol_mu2,tv_diff,TV,2,0.01,8,dy/dt,9,1.0,2,569.9565940922596,217.2336261694158,221.04028865918613,2;7,"[0.0, 0.0, 1.92605821458477, 0.0, 0.0, 0.0, 0.0, -1.9187718170031975, 0.0, 0.0]",249,10,1081.0018926997232,3,1;2;7,0.8,0.335338204958542,0,0
ODE,vanderpol_mu2,tv_diff,TV,2,0.01,8,dy/dt,7,0.1,3,7.742932129297342,-847.6450819895097,-842.8575902467276,1;2;7,"[0.0, -1.0028662279130367, 1.9479194618439506, 0.0, 0.0, 0.0, 0.0, -1.9532094827844966, 0.0, 0.0]",249,10,17.104013793809372,3,1;2;7,1.0,0.023357012314571757,1,1
ODE,vanderpol_mu2,tv_diff,TV,2,0.01,8,dy/dt,6,0.03,5,6.894976249930108,-865.4910331280483,-859.9616040405369,1;2;7;8;9,"[0.0, -1.0283522581579818, 2.1693825179890562, 0.0, 0.0, 0.0, 0.0, -2.068354892275403, 0.08480686716626845, -0.03067000573887737]",249,10,0.0,3,1;2;7,0.75,0.06855616773576706,0,0
ODE,vanderpol_mu2,tv_diff,TV,2,0.01,8,dy/dt,0,0.0,10,6.556343888755976,-850.443396979483,-850.443396979483,0;1;2;3;4;5;6;7;8;9,"[0.11546581683798954, -0.9783077795114555, 2.1887778398056903, -0.03247557406413157, 0.039948782852408854, -0.02209698940311731, -0.014346994070851144, -2.065045159034427, 0.08145382200076798, -0.03261284534529419]",249,10,9.518207061053886,3,1;2;7,0.46153846153846156,0.08479639467249887,0,0
ODE,vanderpol_mu2,baseline,Raw FD,3,0.01,8,dx/dt,9,1.0,0,525.2666602374709,185.86683719828613,185.86683719828613,,"[0.0, 0.0, 0.0, 0.0, 0.0, 0.0, 0.0, 0.0, 0.0, 0.0]",249,10,1175.936695233555,1,2,0.0,1.0,0,0
ODE,vanderpol_mu2,baseline,Raw FD,3,0.01,8,dx/dt,5,0.01,1,4.526110460093053,-992.3724431282627,-990.0698580352687,2,"[0.0, 0.0, 0.9959200585789563, 0.0, 0.0, 0.0, 0.0, 0.0, 0.0, 0.0]",249,10,0.0,1,2,1.0,0.004079941421043731,1,1
ODE,vanderpol_mu2,baseline,Raw FD,3,0.01,8,dx/dt,4,0.003,5,4.47219217915769,-973.2867082457109,-967.7572791581995,1;2;7;8;9,"[0.0, -0.0031462976284572885, 1.0338047538985995, 0.0, 0.0, 0.0, 0.0, -0.014305014737942762, 0.014430756473462104, -0.005809755992347284]",249,10,22.3125788770692,1,2,0.3333333333333333,0.03999117425947201,0,0
ODE,vanderpol_mu2,baseline,Raw FD,3,0.01,8,dx/dt,0,0.0,10,4.461904037056606,-946.2729205770554,-946.2729205770554,0;1;2;3;4;5;6;7;8;9,"[-0.011318128028939367, -0.012933210068880105, 1.031197695547108, 0.002280207190796757, -0.007790226016483094, 0.002986707477805613, 0.002732829230276866, -0.015466291548022757, 0.015131868493816484, -0.0055300982707706245]",249,10,43.79693745821328,1,2,0.18181818181818182,0.043008156213013286,0,0
ODE,vanderpol_mu2,baseline,Raw FD,3,0.01,8,dy/dt,9,1.0,2,555.7516570709365,210.94919666968255,214.75585915945288,2;7,"[0.0, 0.0, 1.9076014774363221, 0.0, 0.0, 0.0, 0.0, -1.8932295492137992, 0.0, 0.0]",249,10,1073.6048075981528,3,1;2;7,0.8,0.33663983657662633,0,0
ODE,vanderpol_mu2,baseline,Raw FD,3,0.01,8,dy/dt,7,0.1,3,9.59610154029582,-794.2155378456176,-789.4280461028355,1;2;7,"[0.0, -0.9880025145094424, 1.9199263939630717, 0.0, 0.0, 0.0, 0.0, -1.915711027085275, 0.0, 0.0]",249,10,69.42090233586441,3,1;2;7,1.0,0.03895917093127762,1,1
ODE,vanderpol_mu2,baseline,Raw FD,3,0.01,8,dy/dt,6,0.03,6,6.779038873395294,-864.1960559694174,-858.8489484387,1;2;6;7;8;9,"[0.0, -0.8766224426512509, 2.3304931037454697, 0.0, 0.0, 0.0, -0.04135406937245245, -2.0850741198069054, 0.1172785099221649, -0.05270970786242381]",249,10,0.0,3,1;2;7,0.6666666666666666,0.12906847467214377,0,0
ODE,vanderpol_mu2,baseline,Raw FD,3,0.01,8,dy/dt,5,0.01,7,6.738677428087509,-860.1655450272409,-855.3780532844588,0;1;2;6;7;8;9,"[0.01290864037247344, -0.8797387843913516, 2.3305051822974594, 0.0, 0.0, 0.0, -0.04040067748390048, -2.084511642631371, 0.11699947052086225, -0.0525848263725578]",249,10,3.470895154241134,3,1;2;7,0.6,0.12870791266775647,0,0
ODE,vanderpol_mu2,baseline,Raw FD,3,0.01,8,dy/dt,4,0.003,9,6.5840564157721255,-854.9105881948036,-852.6080031018096,0;1;2;3;5;6;7;8;9,"[-0.02871757340108209, -0.8739170177441226, 2.327573841053859, 0.011192492559464825, 0.0, 0.007810918716699808, -0.04184686190050795, -2.0829008855770823, 0.11610964926921967, -0.05203015688849641]",249,10,6.240945336890377,3,1;2;7,0.5,0.12867911238594043,0,0
ODE,vanderpol_mu2,baseline,Raw FD,3,0.01,8,dy/dt,0,0.0,10,6.583809401308825,-849.4024772224174,-849.4024772224174,0;1;2;3;4;5;6;7;8;9,"[-0.031835923853328826, -0.87397658448464, 2.3274640467763423, 0.012016804945255049, -0.0014711023428050645, 0.008391791951551694, -0.04183999713958344, -2.082954480636236, 0.1160771283971028, -0.05200632846947795]",249,10,9.446471216282589,3,1;2;7,0.46153846153846156,0.12873560687976163,0,0
ODE,vanderpol_mu2,edmd_poly3,Polynomial EDMD,3,0.01,8,dx/dt,5,0.01,1,227.53792932524465,-2119.6440740795824,-2117.3414889865885,2,"[0.0, 0.0, 1.0011250652682835, 0.0, 0.0, 0.0, 0.0, 0.0, 0.0, 0.0]",1249,10,0.0,1,2,1.0,0.0011250652682834872,1,1
ODE,vanderpol_mu2,edmd_poly3,Polynomial EDMD,3,0.01,8,dx/dt,0,0.0,10,226.9290842065638,-2058.819736239114,-2058.819736239114,0;1;2;3;4;5;6;7;8;9,"[-0.020198731875441238, -0.023534907577171218, 1.0443905131567952, 0.0052424588119964624, -0.010560883923227852, 0.004463551937007369, 0.0037079210447821037, -0.029403037955041116, 0.027787349712814408, -0.007652749940837172]",1249,10,58.52175274747469,1,2,0.18181818181818182,0.06928438458321223,0,0
ODE,vanderpol_mu2,edmd_poly3,Polynomial EDMD,3,0.01,8,dy/dt,9,1.0,2,2991.620131769251,1105.2265496624655,1109.0332121522358,2;7,"[0.0, 0.0, 1.9714067205952357, 0.0, 0.0, 0.0, 0.0, -1.9562821345293342, 0.0, 0.0]",1249,10,3287.8102632812443,3,1;2;7,0.8,0.33378782804990065,0,0
ODE,vanderpol_mu2,edmd_poly3,Polynomial EDMD,3,0.01,8,dy/dt,5,0.01,3,213.73188131932739,-2183.5645428717903,-2178.777051129008,1;2;7,"[0.0, -0.9941286674813742, 1.9845206698418327, 0.0, 0.0, 0.0, 0.0, -1.9801359988866478, 0.0, 0.0]",1249,10,0.0,3,1;2;7,1.0,0.008619491786520677,1,1
ODE,vanderpol_mu2,edmd_poly3,Polynomial EDMD,3,0.01,8,dy/dt,0,0.0,10,211.9881868200165,-2143.8853963807114,-2143.8853963807114,0;1;2;3;4;5;6;7;8;9,"[-0.009946407853580074, -0.9174747002437352, 2.0300848013849992, 0.006344879789168317, 0.008846938277205833, 0.004295183992217206, -0.02072822224377833, -1.9783567179500572, -0.004710650970209135, -0.0038922569007142902]",1249,10,34.89165474829679,3,1;2;7,0.46153846153846156,0.03142337519356107,0,0
ODE,vanderpol_mu2,tv_diff,TV,3,0.01,8,dx/dt,9,1.0,0,525.1168419520293,185.79580646855712,185.79580646855712,,"[0.0, 0.0, 0.0, 0.0, 0.0, 0.0, 0.0, 0.0, 0.0, 0.0]",249,10,1183.625775275634,1,2,0.0,1.0,0,0
ODE,vanderpol_mu2,tv_diff,TV,3,0.01,8,dx/dt,5,0.01,1,4.3872291254153755,-1000.1325539000708,-997.8299688070767,2,"[0.0, 0.0, 0.9959142156093921, 0.0, 0.0, 0.0, 0.0, 0.0, 0.0, 0.0]",249,10,0.0,1,2,1.0,0.004085784390607916,1,1
ODE,vanderpol_mu2,tv_diff,TV,3,0.01,8,dx/dt,4,0.003,5,4.332936865938765,-981.1633592765044,-975.633930188993,1;2;7;8;9,"[0.0, -0.0031819687273545024, 1.0340541150599276, 0.0, 0.0, 0.0, 0.0, -0.014446305993598502, 0.014536969251386892, -0.005845941161805677]",249,10,22.196038618083776,1,2,0.3333333333333333,0.040298907397600656,0,0
ODE,vanderpol_mu2,tv_diff,TV,3,0.01,8,dx/dt,0,0.0,10,4.32267270458123,-954.1666430057642,-954.1666430057642,0;1;2;3;4;5;6;7;8;9,"[-0.011273424910350719, -0.013062901322417688, 1.0314166283406743, 0.0022763875574358557, -0.007766506713487211, 0.002977064058719698, 0.002760430171899652, -0.015609070438531476, 0.015244772677760766, -0.0055641346813739235]",249,10,43.66332580131257,1,2,0.18181818181818182,0.04328652512219764,0,0
ODE,vanderpol_mu2,tv_diff,TV,3,0.01,8,dy/dt,9,1.0,2,555.5797149039425,210.87214746365314,214.67880995342347,2;7,"[0.0, 0.0, 1.9075687067097897, 0.0, 0.0, 0.0, 0.0, -1.8932389687240272, 0.0, 0.0]",249,10,1080.0197163127843,3,1;2;7,0.8,0.33664050422741765,0,0
ODE,vanderpol_mu2,tv_diff,TV,3,0.01,8,dy/dt,7,0.1,3,9.434623108811145,-798.4412407745945,-793.6537490318124,1;2;7,"[0.0, -0.9879962178298586, 1.9198962288606731, 0.0, 0.0, 0.0, 0.0, -1.9157222907237121, 0.0, 0.0]",249,10,71.68715732754856,3,1;2;7,1.0,0.03896356876477815,1,1
ODE,vanderpol_mu2,tv_diff,TV,3,0.01,8,dy/dt,6,0.03,6,6.604579107670375,-870.6880138900784,-865.3409063593609,1;2;6;7;8;9,"[0.0, -0.876801138133531, 2.3315177672455762, 0.0, 0.0, 0.0, -0.04133509202640268, -2.085646713275881, 0.11769117836855245, -0.05285665069617154]",249,10,0.0,3,1;2;7,0.6666666666666666,0.12943079570053947,0,0
ODE,vanderpol_mu2,tv_diff,TV,3,0.01,8,dy/dt,5,0.01,7,6.564349458233995,-866.6919017497776,-861.9044100069955,0;1;2;6;7;8;9,"[0.012887554273069094, -0.8799129964830802, 2.3315296830442533, 0.0, 0.0, 0.0, -0.04038307164695197, -2.08508518986314, 0.11741266498875069, -0.05273196431499048]",249,10,3.4364963523654524,3,1;2;7,0.6,0.12907172174079745,0,0
ODE,vanderpol_mu2,tv_diff,TV,3,0.01,8,dy/dt,4,0.003,9,6.410464039251735,-861.5637114800306,-859.2611263870366,0;1;2;3;5;6;7;8;9,"[-0.02864778144667453, -0.8741040531426457, 2.3286055067207534, 0.011169347788273472, 0.0, 0.007792593815974021, -0.041826132616187894, -2.0834781882710023, 0.11652531225197134, -0.052178743990182117]",249,10,6.0797799723243315,3,1;2;7,0.5,0.12903761110577786,0,0
ODE,vanderpol_mu2,tv_diff,TV,3,0.01,8,dy/dt,0,0.0,10,6.410251373909472,-856.0545192255851,-856.0545192255851,0;1;2;3;4;5;6;7;8;9,"[-0.031541502497767104, -0.8741592746313702, 2.328503395799353, 0.011934303502873308, -0.001365067330153499, 0.008331613454009556, -0.04181976319206478, -2.0835277693484335, 0.11649502971053785, -0.05215660151189479]",249,10,9.286387133775861,3,1;2;7,0.46153846153846156,0.12908917084230428,0,0
ODE,vanderpol_mu2,baseline,Raw FD,4,0.01,8,dx/dt,9,1.0,0,523.0795433657235,184.8278810036626,184.8278810036626,,"[0.0, 0.0, 0.0, 0.0, 0.0, 0.0, 0.0, 0.0, 0.0, 0.0]",249,10,1167.0443398778568,1,2,0.0,1.0,0,0
ODE,vanderpol_mu2,baseline,Raw FD,4,0.01,8,dx/dt,6,0.03,1,4.6711379214260775,-984.5190439671883,-982.2164588741942,2,"[0.0, 0.0, 0.9946991691155097, 0.0, 0.0, 0.0, 0.0, 0.0, 0.0, 0.0]",249,10,0.0,1,2,1.0,0.005300830884490293,1,1
ODE,vanderpol_mu2,baseline,Raw FD,4,0.01,8,dx/dt,5,0.01,5,4.518729010597782,-970.7090470102113,-965.1796179226999,1;2;6;7;8,"[0.0, 0.04998509347724797, 1.0103438608614552, 0.0, 0.0, 0.0, -0.011472844249905741, 0.01643677325602165, -0.016251798702127566, 0.0]",249,10,17.036840951494355,1,2,0.3333333333333333,0.057196325570418434,0,0
ODE,vanderpol_mu2,baseline,Raw FD,4,0.01,8,dx/dt,4,0.003,7,4.487838728310897,-961.3821637786365,-956.5946720358544,1;2;4;6;7;8;9,"[0.0, 0.04780769071578609, 0.9839964775963909, 0.0, -0.006080243594230271, 0.0, -0.01007654070564606, 0.02914953134242247, -0.025944107652311865, 0.003600835798946466]",249,10,25.621786838339858,1,2,0.25,0.06493036249294618,0,0
ODE,vanderpol_mu2,baseline,Raw FD,4,0.01,8,dx/dt,0,0.0,10,4.482467824806142,-945.1279788750714,-945.1279788750714,0;1;2;3;4;5;6;7;8;9,"[-0.012855723472366395, 0.04798217693696184, 0.9836321903185493, 0.0030221156580594578, -0.011857212981802456, 0.002935577313354396, -0.010161889273998172, 0.02897660800505786, -0.02615954242536645, 0.0037351061430149473]",249,10,37.0884799991228,1,2,0.18181818181818182,0.06734232623829657,0,0
ODE,vanderpol_mu2,baseline,Raw FD,4,0.01,8,dy/dt,9,1.0,2,560.5735154706799,213.1002727862957,216.90693527606604,2;7,"[0.0, 0.0, 1.9264890897925167, 0.0, 0.0, 0.0, 0.0, -1.910546738212094, 0.0, 0.0]",249,10,1083.2096180788308,3,1;2;7,0.8,0.3355601850246554,0,0
ODE,vanderpol_mu2,baseline,Raw FD,4,0.01,8,dy/dt,7,0.1,3,7.954274805317768,-840.9397481478263,-836.1522564050442,1;2;7,"[0.0, -0.9932127125725528, 1.943777630464691, 0.0, 0.0, 0.0, 0.0, -1.9388216340439248, 0.0, 0.0]",249,10,30.15042639772048,3,1;2;7,1.0,0.027788515949025264,1,1
ODE,vanderpol_mu2,baseline,Raw FD,4,0.01,8,dy/dt,6,0.03,5,6.721604473247896,-871.8321118902761,-866.3026828027647,1;2;7;8;9,"[0.0, -1.025068702199605, 2.2053964048983015, 0.0, 0.0, 0.0, 0.0, -2.07755264511519, 0.10286077628737886, -0.03650089165791524]",249,10,0.0,3,1;2;7,0.75,0.08215377865776889,0,0
ODE,vanderpol_mu2,baseline,Raw FD,4,0.01,8,dy/dt,0,0.0,10,6.566440440999472,-850.0602401826434,-850.0602401826434,0;1;2;3;4;5;6;7;8;9,"[-0.04707091591671745, -0.9850968811524579, 2.215243071809117, 0.01024055667260458, -0.018379773658655556, 0.012348512110855985, -0.011572893034787894, -2.0755798342009895, 0.09871116131614704, -0.036691208612467816]",249,10,16.242442620121324,3,1;2;7,0.46153846153846156,0.08582857994564726,0,0
ODE,vanderpol_mu2,edmd_poly3,Polynomial EDMD,4,0.01,8,dx/dt,9,1.0,0,2822.0778535906893,1018.0976322861139,1018.0976322861139,,"[0.0, 0.0, 0.0, 0.0, 0.0, 0.0, 0.0, 0.0, 0.0, 0.0]",1249,10,3273.814378290115,1,2,0.0,1.0,0,0
ODE,vanderpol_mu2,edmd_poly3,Polynomial EDMD,4,0.01,8,dx/dt,5,0.01,1,203.67551406070055,-2258.0193310969953,-2255.7167460040014,2,"[0.0, 0.0, 0.9997254128016052, 0.0, 0.0, 0.0, 0.0, 0.0, 0.0, 0.0]",1249,10,0.0,1,2,1.0,0.0002745871983947934,1,1
ODE,vanderpol_mu2,edmd_poly3,Polynomial EDMD,4,0.01,8,dx/dt,0,0.0,10,203.18649425460242,-2196.850868027624,-2196.850868027624,0;1;2;3;4;5;6;7;8;9,"[-0.018253276213101216, 0.03852657733083258, 0.9723759085216017, 0.004583724019356304, -0.013703712961072256, 0.003861193102121571, -0.008893001743897285, 0.027296535364219655, -0.02301345461025583, 0.0050513657486019985]",1249,10,58.865877976377305,1,2,0.18181818181818182,0.06468077366772734,0,0
ODE,vanderpol_mu2,edmd_poly3,Polynomial EDMD,4,0.01,8,dy/dt,9,1.0,2,3030.576685936563,1121.3859068994195,1125.1925693891899,2;7,"[0.0, 0.0, 1.9874800569021687, 0.0, 0.0, 0.0, 0.0, -1.9707796487982954, 0.0, 0.0]",1249,10,3255.457374967725,3,1;2;7,0.8,0.33350172045192145,0,0
ODE,vanderpol_mu2,edmd_poly3,Polynomial EDMD,4,0.01,8,dy/dt,5,0.01,3,222.19674043804932,-2135.0522973213174,-2130.2648055785353,1;2;7,"[0.0, -0.9988986129274116, 2.005602750091331, 0.0, 0.0, 0.0, 0.0, -2.000541733554974, 0.0, 0.0]",1249,10,0.0,3,1;2;7,1.0,0.0019118733487271569,1,1
ODE,vanderpol_mu2,edmd_poly3,Polynomial EDMD,4,0.01,8,dy/dt,0,0.0,10,220.9660483665392,-2092.0787350890773,-2092.0787350890773,0;1;2;3;4;5;6;7;8;9,"[-0.053799988636046917, -1.0303732517716453, 1.9464545476424822, 0.012461176004607659, -0.01971370653436983, 0.013765133498073304, 0.008905449234716442, -1.9859986854285518, -0.009269925782375371, 0.007299613634137124]",1249,10,38.18607048945796,3,1;2;7,0.46153846153846156,0.02949960154264569,0,0
ODE,vanderpol_mu2,tv_diff,TV,4,0.01,8,dx/dt,9,1.0,0,522.9319122922379,184.75759470355922,184.75759470355922,,"[0.0, 0.0, 0.0, 0.0, 0.0, 0.0, 0.0, 0.0, 0.0, 0.0]",249,10,1174.3146124201648,1,2,0.0,1.0,0,0
ODE,vanderpol_mu2,tv_diff,TV,4,0.01,8,dx/dt,6,0.03,1,4.535442042081119,-991.8596028095996,-989.5570177166055,2,"[0.0, 0.0, 0.9946921194062456, 0.0, 0.0, 0.0, 0.0, 0.0, 0.0, 0.0]",249,10,0.0,1,2,1.0,0.0053078805937544216,1,1
ODE,vanderpol_mu2,tv_diff,TV,4,0.01,8,dx/dt,5,0.01,5,4.3824183043220755,-978.3359333591184,-972.806504271607,1;2;6;7;8,"[0.0, 0.050078153203660866, 1.0103621740204776, 0.0, 0.0, 0.0, -0.01149066020790082, 0.016475488157686655, -0.01628439236866969, 0.0]",249,10,16.750513444998546,1,2,0.3333333333333333,0.05730492557873438,0,0
ODE,vanderpol_mu2,tv_diff,TV,4,0.01,8,dx/dt,4,0.003,7,4.351558805493068,-969.0606033213776,-964.2731115785955,1;2;4;6;7;8;9,"[0.0, 0.047904266180283886, 0.9840266053466266, 0.0, -0.0060772793373372914, 0.0, -0.01009555668390319, 0.029183663188960134, -0.025973312373367308, 0.0035993768706801166]",249,10,25.283906138010025,1,2,0.25,0.0650236596213579,0,0
ODE,vanderpol_mu2,tv_diff,TV,4,0.01,8,dx/dt,0,0.0,10,4.346169654299567,-952.8168076838442,-952.8168076838442,0;1;2;3;4;5;6;7;8;9,"[-0.012909313162417302, 0.04807744971320731, 0.983657543656012, 0.003041428923116869, -0.011869535321264679, 0.0029435049055427836, -0.010180412315287119, 0.029012137808431357, -0.026189791977898218, 0.0037342715963374763]",249,10,36.7402100327613,1,2,0.18181818181818182,0.06744748119609822,0,0
ODE,vanderpol_mu2,tv_diff,TV,4,0.01,8,dy/dt,9,1.0,2,560.4311410413627,213.03702374823925,216.84368623800958,2;7,"[0.0, 0.0, 1.9264934460035588, 0.0, 0.0, 0.0, 0.0, -1.9105898849098721, 0.0, 0.0]",249,10,1089.0698502232399,3,1;2;7,0.8,0.3355588012986466,0,0
ODE,vanderpol_mu2,tv_diff,TV,4,0.01,8,dy/dt,7,0.1,3,7.7972541586930575,-845.9042739757687,-841.1167822329866,1;2;7,"[0.0, -0.9932282887953804, 1.9437939851363273, 0.0, 0.0, 0.0, 0.0, -1.9388780924156774, 0.0, 0.0]",249,10,31.10938175224385,3,1;2;7,1.0,0.027770607495937214,1,1
ODE,vanderpol_mu2,tv_diff,TV,4,0.01,8,dy/dt,6,0.03,5,6.563590633508319,-877.7555930727418,-872.2261639852304,1;2;7;8;9,"[0.0, -1.0250869688738091, 2.2055655370585283, 0.0, 0.0, 0.0, 0.0, -2.077669718512359, 0.10290194694513337, -0.03652098931321623]",249,10,0.0,3,1;2;7,0.75,0.08222038443701905,0,0
ODE,vanderpol_mu2,tv_diff,TV,4,0.01,8,dy/dt,0,0.0,10,6.408285845981402,-856.13087995997,-856.13087995997,0;1;2;3;4;5;6;7;8;9,"[-0.04726064338645816, -0.9851225884063973, 2.215391752941312, 0.010305340458859578, -0.018439813360624113, 0.012375150243671902, -0.01157055638834686, -2.0756917030855693, 0.09874770134169993, -0.03670875438879672]",249,10,16.095284025260412,3,1;2;7,0.46153846153846156,0.08590022441222538,0,0
PDE,burgers,baseline,Raw FD,0,0.01,4,u_t,15,0.05,1,129.27795810350636,-6815.52188725474,-6813.442445713061,4,"[0.0, 0.0, 0.0, 0.0, -0.8504164381089768, 0.0, 0.0, 0.0]",2352,8,1527.6697692748075,2,4;6,0.6666666666666666,0.15752209040509707,0,0
PDE,burgers,baseline,Raw FD,0,0.01,4,u_t,14,0.03,2,67.71203235943145,-8328.799395873943,-8325.467191363767,4;6,"[0.0, 0.0, 0.0, 0.0, -0.954842999170806, 0.0, 0.03894603568009475, 0.0]",2352,8,15.645023624101668,2,4;6,1.0,0.04643226209936803,1,1
PDE,burgers,baseline,Raw FD,0,0.01,4,u_t,13,0.02,3,67.02172289818246,-8345.137566678604,-8341.112214987868,1;4;6,"[0.0, -0.024996823760437877, 0.0, 0.0, -0.95080596564685, 0.0, 0.03743991231309314, 0.0]",2352,8,0.0,2,4;6,0.8,0.05652135311858862,0,0
PDE,burgers,baseline,Raw FD,0,0.01,4,u_t,8,0.005,5,66.70162792130787,-8340.87155933386,-8336.846207643124,1;3;4;5;6,"[0.0, -0.026300767749000167, 0.0, 0.01697674744851986, -0.9496475998634749, -0.02819194874687083, 0.0367776096035284, 0.0]",2352,8,4.266007344744139,2,4;6,0.5714285714285714,0.06688600582432376,0,0
PDE,burgers,baseline,Raw FD,0,0.01,4,u_t,4,0.0003,7,66.52039970113003,-8331.744594171652,-8329.665152629972,0;1;3;4;5;6;7,"[-0.0033453200165087784, -0.025462590455679494, 0.0, 0.015388473451370923, -0.9500106149330942, -0.015558074874378708, 0.03650993827881087, -0.003224206168252146]",2352,8,11.447062357896357,2,4;6,0.4444444444444444,0.06180743466817283,0,0
PDE,burgers,baseline,Raw FD,0,0.01,4,u_t,0,0.0,8,66.52038909888905,-8323.98194773219,-8323.98194773219,0;1;2;3;4;5;6;7,"[-0.003276174176778385, -0.025468625550155843, -0.00015573208545301376, 0.015380292535014859, -0.9500161117441415, -0.01550306882012105, 0.03651035576575997, -0.003237440644165301]",2352,8,17.13026725567761,2,4;6,0.4,0.06178675908402113,0,0
PDE,burgers,pod_edmd_rbf,POD-EDMD-RBF,0,0.01,4,u_t,15,0.05,1,251.76077972163313,-14935.052014717656,-14932.972573175975,4,"[0.0, 0.0, 0.0, 0.0, -0.8491582095790556, 0.0, 0.0, 0.0]",5000,8,4763.275052568981,2,4;6,0.6666666666666666,0.15871442928177798,0,0
PDE,burgers,pod_edmd_rbf,POD-EDMD-RBF,0,0.01,4,u_t,10,0.01,2,96.91849311315433,-19699.57983025513,-19696.247625744956,4;6,"[0.0, 0.0, 0.0, 0.0, -0.9781712676411355, 0.0, 0.047602542212746436, 0.0]",5000,8,0.0,2,4;6,1.0,0.021932595909474113,1,1
PDE,burgers,pod_edmd_rbf,POD-EDMD-RBF,0,0.01,4,u_t,9,0.007,3,96.78739503777444,-19697.830531248423,-19693.805179557687,4;5;6,"[0.0, 0.0, 0.0, 0.0, -0.9795611151164053, -0.00980910627077334, 0.04748409386348787, 0.0]",5000,8,2.4424461872695247,2,4;6,0.8,0.02278154664711798,0,0
PDE,burgers,pod_edmd_rbf,POD-EDMD-RBF,0,0.01,4,u_t,7,0.003,4,96.70901495524593,-19693.36406369157,-19689.11556844952,3;4;5;6,"[0.0, 0.0, 0.0, 0.005892224280003657, -0.9790022565537072, -0.018009721513170544, 0.04730241562708327, 0.0]",5000,8,7.132057295435516,2,4;6,0.6666666666666666,0.02837670653104912,0,0
PDE,burgers,pod_edmd_rbf,POD-EDMD-RBF,0,0.01,4,u_t,5,0.001,5,96.69857918991022,-19685.38644421193,-19681.361092521194,1;3;4;5;6,"[0.0, -0.002151433764125379, 0.0, 0.006037781575848352, -0.9785753485333355, -0.018354480309999532, 0.04713010221699732, 0.0]",5000,8,14.886533223761944,2,4;6,0.5714285714285714,0.02903643638958902,0,0
PDE,burgers,pod_edmd_rbf,POD-EDMD-RBF,0,0.01,4,u_t,0,0.0,8,96.68447847437334,-19660.564024458206,-19660.564024458206,0;1;2;3;4;5;6;7,"[-0.0007926045712773525, -0.002002131713209945, -0.0003814671799289781, 0.005728254818923393, -0.978664389406418, -0.015607408121460904, 0.047062247898897555, -0.0007326951661205161]",5000,8,35.68360128674976,2,4;6,0.4,0.02727091151083064,0,0
PDE,burgers,tv_diff,TV,0,0.01,4,u_t,15,0.05,1,89.05995169110649,-7692.006547950648,-7689.927106408969,4,"[0.0, 0.0, 0.0, 0.0, -0.8581844101556906, 0.0, 0.0, 0.0]",2352,8,4178.965401612956,2,4;6,0.6666666666666666,0.15018413145049825,0,0
PDE,burgers,tv_diff,TV,0,0.01,4,u_t,10,0.01,2,15.046238804225785,-11866.526910541248,-11863.194706031072,4;6,"[0.0, 0.0, 0.0, 0.0, -0.9837472161199043, 0.0, 0.04656990720128739, 0.0]",2352,8,5.697801990852895,2,4;6,1.0,0.016590070655364983,1,1
PDE,burgers,tv_diff,TV,0,0.01,4,u_t,8,0.005,3,14.955964777374884,-11872.917859712661,-11868.892508021925,1;4;6,"[0.0, -0.009144240290866188, 0.0, 0.0, -0.981995292600698, 0.0, 0.04592001045976157, 0.0]",2352,8,0.0,2,4;6,0.8,0.02057606613122261,0,0
PDE,burgers,tv_diff,TV,0,0.01,4,u_t,6,0.002,5,14.913717222605193,-11864.045139689735,-11860.019787999,1;3;4;5;6,"[0.0, -0.009739121091678545, 0.0, 0.0057911872902351655, -0.9817644051504232, -0.011582738851994484, 0.04561502221001449, 0.0]",2352,8,8.872720022925932,2,4;6,0.5714285714285714,0.024754417100873744,0,0
PDE,burgers,tv_diff,TV,0,0.01,4,u_t,5,0.001,7,14.876876795547169,-11854.3362841045,-11852.25684256282,1;2;3;4;5;6;7,"[0.0, -0.009518222968224936, -0.0030769901222830512, 0.004878295592238319, -0.9819560045381466, -0.004293255409626632, 0.0454519261892691, -0.001849246689353193]",2352,8,16.63566545910544,2,4;6,0.4444444444444444,0.022153054258586543,0,0
PDE,burgers,tv_diff,TV,0,0.01,4,u_t,0,0.0,8,14.876006604099688,-11846.710842085367,-11846.710842085367,0;1;2;3;4;5;6;7,"[-0.0009049553341649214, -0.009469081241743052, -0.002082245335981324, 0.00490715290734597, -0.9819225815068634, -0.004445561351283263, 0.045443382538751124, -0.001816864323664612]",2352,8,22.181665936557692,2,4;6,0.4,0.022097453002656798,0,0
PDE,burgers,pod_tv_diff,POD+TV,0,0.01,4,u_t,15,0.05,1,87.14594695261822,-7743.104907829447,-7741.025466287768,4,"[0.0, 0.0, 0.0, 0.0, -0.858086863757957, 0.0, 0.0, 0.0]",2352,8,4065.326589786443,2,4;6,0.6666666666666666,0.15027601616846253,0,0
PDE,burgers,pod_tv_diff,POD+TV,0,0.01,4,u_t,10,0.01,2,15.423828666008365,-11808.231219529047,-11804.899015018871,4;6,"[0.0, 0.0, 0.0, 0.0, -0.9838074286340367, 0.0, 0.04782202217182255, 0.0]",2352,8,1.4530410553397815,2,4;6,1.0,0.01631800421949873,1,1
PDE,burgers,pod_tv_diff,POD+TV,0,0.01,4,u_t,8,0.005,4,15.306920585521386,-11810.60055131626,-11806.35205607421,3;4;5;6,"[0.0, 0.0, 0.0, 0.00901077436846068, -0.983963238962512, -0.01965805861531119, 0.04740009449414591, 0.0]",2352,8,0.0,2,4;6,0.6666666666666666,0.02701381444793778,0,0
PDE,burgers,pod_tv_diff,POD+TV,0,0.01,4,u_t,6,0.002,5,15.28186111332279,-11806.691223323778,-11802.665871633042,1;3;4;5;6,"[0.0, -0.004869638482361014, 0.0, 0.009431214892637268, -0.9829682875703935, -0.020470353176203347, 0.047006938760694464, 0.0]",2352,8,3.6861844411687343,2,4;6,0.5714285714285714,0.02878649926572526,0,0
PDE,burgers,pod_tv_diff,POD+TV,0,0.01,4,u_t,5,0.001,7,15.276902672307626,-11791.928448058557,-11789.849006516877,0;1;2;3;4;5;6,"[-0.0017145200187477403, -0.004706643407403478, 0.00295852351243023, 0.009469963725315129, -0.9828704271992021, -0.020543581661105738, 0.04696900407646686, 0.0]",2352,8,16.503049557333725,2,4;6,0.4444444444444444,0.02908707528461437,0,0
PDE,burgers,pod_tv_diff,POD+TV,0,0.01,4,u_t,0,0.0,8,15.2747551592361,-11784.496076613477,-11784.496076613477,0;1;2;3;4;5;6;7,"[-0.0015464090545397255, -0.004658525122967222, 0.0016950065878314896, 0.009248430385435736, -0.9829419317069308, -0.018696321090459347, 0.046940853407228006, -0.0004915454783356788]",2352,8,21.85597946073358,2,4;6,0.4,0.02758129873943297,0,0
PDE,burgers,baseline,Raw FD,1,0.01,4,u_t,15,0.05,1,127.71157097160292,-6844.193780396652,-6842.114338854973,4,"[0.0, 0.0, 0.0, 0.0, -0.8503214462445522, 0.0, 0.0, 0.0]",2352,8,1566.748135933557,2,4;6,0.6666666666666666,0.15761207295277638,0,0
PDE,burgers,baseline,Raw FD,1,0.01,4,u_t,14,0.03,2,65.61329991154452,-8402.85323716434,-8399.521032654164,4;6,"[0.0, 0.0, 0.0, 0.0, -0.9564816105794858, 0.0, 0.039230821699490125, 0.0]",2352,8,9.341442134365934,2,4;6,1.0,0.0447751424962534,1,1
PDE,burgers,baseline,Raw FD,1,0.01,4,u_t,12,0.015,3,65.11867709676886,-8412.887826479266,-8408.86247478853,1;4;6,"[0.0, -0.02117030178165726, 0.0, 0.0, -0.9530060043137739, 0.0, 0.03794613153935977, 0.0]",2352,8,0.0,2,4;6,0.8,0.05286705721527713,0,0
PDE,burgers,baseline,Raw FD,1,0.01,4,u_t,8,0.005,5,64.82210486706958,-8408.098045178365,-8404.07269348763,1;3;4;5;6,"[0.0, -0.02247021714289749, 0.0, 0.0150695226318705, -0.9528095845915907, -0.030259352249129394, 0.03728625769450349, 0.0]",2352,8,4.7897813009003585,2,4;6,0.5714285714285714,0.06345186185003973,0,0
PDE,burgers,baseline,Raw FD,1,0.01,4,u_t,5,0.001,7,64.78598956468069,-8393.882772443792,-8391.803330902112,0;1;2;3;4;5;6,"[-0.004526317604905734, -0.021987675113012625, 0.00799176589595777, 0.015155925954054059, -0.9525983914578172, -0.030422510898772476, 0.037206830592208466, 0.0]",2352,8,17.059143886417587,2,4;6,0.4444444444444444,0.06421303902567511,0,0
PDE,burgers,baseline,Raw FD,1,0.01,4,u_t,0,0.0,8,64.7806185571146,-8386.314749058789,-8386.314749058789,0;1;2;3;4;5;6;7,"[-0.0043034717984764, -0.02194659539652461, 0.00631683108627842, 0.014851889729494633, -0.9526815261088132, -0.027921554046684657, 0.03715641082192874, -0.0006425483917438574]",2352,8,22.547725729740705,2,4;6,0.4,0.06272829193585114,0,0
PDE,burgers,pod_edmd_rbf,POD-EDMD-RBF,1,0.01,4,u_t,15,0.05,1,350.6393296276532,-13278.658042614148,-13276.578601072468,4,"[0.0, 0.0, 0.0, 0.0, -0.8362035101939921, 0.0, 0.0, 0.0]",5000,8,3086.953671685178,2,4;6,0.6666666666666666,0.17104429162799717,0,0
PDE,burgers,pod_edmd_rbf,POD-EDMD-RBF,1,0.01,4,u_t,10,0.01,2,188.74811827700842,-16366.864477267822,-16363.532272757646,4;6,"[0.0, 0.0, 0.0, 0.0, -0.9755530565319158, 0.0, 0.04638890528266806, 0.0]",5000,8,0.0,2,4;6,1.0,0.024681372017729332,1,1
PDE,burgers,pod_edmd_rbf,POD-EDMD-RBF,1,0.01,4,u_t,8,0.005,3,188.67382387014885,-16360.315754891764,-16356.290403201028,4;5;6,"[0.0, 0.0, 0.0, 0.0, -0.9768809451029333, -0.007425178750825766, 0.04631986281105181, 0.0]",5000,8,7.24186955661753,2,4;6,0.8,0.024528824481996787,0,0
PDE,burgers,pod_edmd_rbf,POD-EDMD-RBF,1,0.01,4,u_t,7,0.003,5,188.6358280669944,-16344.288387626722,-16340.263035935986,0;2;4;5;6,"[-0.003365424898675385, 0.0, 0.0055065525533072104, 0.0, -0.9766211934358558, -0.0074274244483268975, 0.046229873736678924, 0.0]",5000,8,23.269236821659433,2,4;6,0.5714285714285714,0.02561166520601604,0,0
PDE,burgers,pod_edmd_rbf,POD-EDMD-RBF,1,0.01,4,u_t,5,0.001,7,188.47435613894714,-16331.535825089495,-16329.456383547815,0;2;3;4;5;6;7,"[-0.00420016314081101, 0.0, 0.01208457698989728, 0.003888889774478947, -0.9763253710389124, -0.021348483312424824, 0.04635154128348846, 0.0024742656151115383]",5000,8,34.075889209831075,2,4;6,0.4444444444444444,0.03480592251375343,0,0
PDE,burgers,pod_edmd_rbf,POD-EDMD-RBF,1,0.01,4,u_t,0,0.0,8,188.47409643517653,-16323.025521534286,-16323.025521534286,0;1;2;3;4;5;6;7,"[-0.004185133691498176, -0.00034335310762565233, 0.01205244083804315, 0.003920224802994257, -0.9762595470928506, -0.021409625558417463, 0.04632657857055954, 0.002475749392419316]",5000,8,40.50675122335997,2,4;6,0.4,0.03488302159910493,0,0
PDE,burgers,tv_diff,TV,1,0.01,4,u_t,15,0.05,1,89.16443053940873,-7689.248964770607,-7687.169523228928,4,"[0.0, 0.0, 0.0, 0.0, -0.8583107992605999, 0.0, 0.0, 0.0]",2352,8,4282.971704481015,2,4;6,0.6666666666666666,0.1500650884757076,0,0
PDE,burgers,tv_diff,TV,1,0.01,4,u_t,9,0.007,2,14.377400826037995,-11973.473432220118,-11970.141227709943,4;6,"[0.0, 0.0, 0.0, 0.0, -0.9859053876104013, 0.0, 0.04682711649086135, 0.0]",2352,8,0.0,2,4;6,1.0,0.014429302693997621,1,1
PDE,burgers,tv_diff,TV,1,0.01,4,u_t,8,0.005,3,14.343413639164524,-11971.276959237019,-11967.251607546283,1;4;6,"[0.0, -0.005612383124107667, 0.0, 0.0, -0.9848164170471675, 0.0, 0.04642739295595197, 0.0]",2352,8,2.889620163659856,2,4;6,0.8,0.016556517177711515,0,0
PDE,burgers,tv_diff,TV,1,0.01,4,u_t,6,0.002,5,14.31402550908954,-11960.574858200713,-11956.549506509977,1;3;4;5;6,"[0.0, -0.006099394536655798, 0.0, 0.004366699634099521, -0.984839036583793, -0.010033873642020392, 0.046177967746347304, 0.0]",2352,8,13.591721199965832,2,4;6,0.5714285714285714,0.020010272721575077,0,0
PDE,burgers,tv_diff,TV,1,0.01,4,u_t,5,0.001,7,14.31121146893979,-11945.511248257631,-11943.431806715951,0;1;2;3;4;5;6,"[-0.0012036319387109648, -0.0059737481022053476, 0.0022384534998099873, 0.004397020133767302, -0.9847663614901918, -0.010091607326632652, 0.04615069433167892, 0.0]",2352,8,26.709420993991444,2,4;6,0.4444444444444444,0.02022813258314213,0,0
PDE,burgers,tv_diff,TV,1,0.01,4,u_t,0,0.0,8,14.310301073852553,-11937.897852112044,-11937.897852112044,0;1;2;3;4;5;6;7,"[-0.0013047767353067394, -0.005986527313912586, 0.003014368018684334, 0.0045396236331687115, -0.9847377543144797, -0.011275750164530165, 0.04617828364909307, 0.0003019937225543447]",2352,8,32.24337559789819,2,4;6,0.4,0.020997825563839268,0,0
PDE,burgers,pod_tv_diff,POD+TV,1,0.01,4,u_t,15,0.05,1,89.77714249864155,-7673.141984869982,-7671.062543328302,4,"[0.0, 0.0, 0.0, 0.0, -0.857186478545855, 0.0, 0.0, 0.0]",2352,8,3868.076448011103,2,4;6,0.6666666666666666,0.15112446988043313,0,0
PDE,burgers,pod_tv_diff,POD+TV,1,0.01,4,u_t,10,0.01,2,17.26889380078409,-11542.47119584958,-11539.138991339405,4;6,"[0.0, 0.0, 0.0, 0.0, -0.9843659069808577, 0.0, 0.04775878581726386, 0.0]",2352,8,0.0,2,4;6,1.0,0.015774214431842168,1,1
PDE,burgers,pod_tv_diff,POD+TV,1,0.01,4,u_t,9,0.007,3,17.235282234337486,-11539.29048534304,-11535.265133652303,4;5;6,"[0.0, 0.0, 0.0, 0.0, -0.9855778035585512, -0.007316107202515937, 0.04767881213256638, 0.0]",2352,8,3.8738576871019177,2,4;6,0.8,0.016317091322820755,0,0
PDE,burgers,pod_tv_diff,POD+TV,1,0.01,4,u_t,6,0.002,4,17.18643317465076,-11538.203079362747,-11533.954584120698,3;4;5;6,"[0.0, 0.0, 0.0, 0.006733994716610889, -0.9848543320887767, -0.016826485668381717, 0.04742647474401056, 0.0]",2352,8,5.184407218706838,2,4;6,0.6666666666666666,0.023729388609957214,0,0
PDE,burgers,pod_tv_diff,POD+TV,1,0.01,4,u_t,4,0.0003,7,17.1788613336841,-11515.950466337481,-11513.8710247958,0;1;2;3;4;5;6,"[-0.0012084320109015548, -0.0015386381916224362, 0.002787732274936783, 0.00691344008768042, -0.9844146828842533, -0.017168953407959795, 0.04725595702895864, 0.0]",2352,8,25.267966543604416,2,4;6,0.4444444444444444,0.024557930149125804,0,0
PDE,burgers,pod_tv_diff,POD+TV,1,0.01,4,u_t,0,0.0,8,17.178610942879843,-11508.221726896867,-11508.221726896867,0;1;2;3;4;5;6;7,"[-0.0012647730368221726, -0.0015541153444917919, 0.0032159624112760485, 0.006986104905740254, -0.9843946400290351, -0.01779636232797348, 0.047266212179416685, 0.0001667680116614633]",2352,8,30.917264442538,2,4;6,0.4,0.025086427775326638,0,0
PDE,burgers,baseline,Raw FD,2,0.01,4,u_t,15,0.05,1,127.16640072743533,-6854.255398206896,-6852.175956665216,4,"[0.0, 0.0, 0.0, 0.0, -0.8513337986103345, 0.0, 0.0, 0.0]",2352,8,1586.8373912596435,2,4;6,0.6666666666666666,0.156653403135227,0,0
PDE,burgers,baseline,Raw FD,2,0.01,4,u_t,14,0.03,2,64.80063774858964,-8432.166149297098,-8428.833944786922,4;6,"[0.0, 0.0, 0.0, 0.0, -0.9570982922247535, 0.0, 0.039299318906040055, 0.0]",2352,8,10.179403137937697,2,4;6,1.0,0.044160906261112555,1,1
PDE,burgers,baseline,Raw FD,2,0.01,4,u_t,13,0.02,3,64.28923236262062,-8443.038699615596,-8439.01334792486,1;4;6,"[0.0, -0.021535282060969795, 0.0, 0.0, -0.9535786982450504, 0.0, 0.037990949863061084, 0.0]",2352,8,0.0,2,4;6,0.8,0.052497931703812714,0,0
PDE,burgers,baseline,Raw FD,2,0.01,4,u_t,6,0.002,5,63.8841722295153,-8442.378527303752,-8438.353175613016,1;3;4;5;6,"[0.0, -0.023080400019893296, 0.0, 0.018264997166221066, -0.9530331946204723, -0.034536975797964956, 0.037208179624747, 0.0]",2352,8,0.6601723118437803,2,4;6,0.5714285714285714,0.06646491703830276,0,0
PDE,burgers,baseline,Raw FD,2,0.01,4,u_t,0,0.0,8,63.82144270847209,-8421.400087626564,-8421.400087626564,0;1;2;3;4;5;6;7,"[-0.0025780770178170835, -0.022567278280386165, 0.0011543264703342947, 0.017434003038624406, -0.9531519055566187, -0.02753523344633974, 0.037021246197087854, -0.0018213817312721777]",2352,8,17.613260298296154,2,4;6,0.4,0.06273805717193365,0,0
PDE,burgers,pod_edmd_rbf,POD-EDMD-RBF,2,0.01,4,u_t,15,0.05,1,269.6314540893786,-14592.168555370834,-14590.089113829154,4,"[0.0, 0.0, 0.0, 0.0, -0.8513699495923868, 0.0, 0.0, 0.0]",5000,8,4713.466347299558,2,4;6,0.6666666666666666,0.15661918134206615,0,0
PDE,burgers,pod_edmd_rbf,POD-EDMD-RBF,2,0.01,4,u_t,10,0.01,2,104.83721156112603,-19306.887665638886,-19303.55546112871,4;6,"[0.0, 0.0, 0.0, 0.0, -0.9883301397663353, 0.0, 0.048659687866093336, 0.0]",5000,8,0.0,2,4;6,1.0,0.011731921391686604,1,1
PDE,burgers,pod_edmd_rbf,POD-EDMD-RBF,2,0.01,4,u_t,6,0.002,4,104.57058767346517,-19302.585566817026,-19298.337071574977,3;4;5;6,"[0.0, 0.0, 0.0, 0.00766176173361233, -0.9891501321759069, -0.02065377900443315, 0.04826933841702148, 0.0]",5000,8,5.218389553734596,2,4;6,0.6666666666666666,0.024586272376435563,0,0
PDE,burgers,pod_edmd_rbf,POD-EDMD-RBF,2,0.01,4,u_t,5,0.001,6,104.54890853588603,-19286.587867020084,-19283.25566250991,0;1;3;4;5;6,"[0.001789443560726904, 0.0015877114778975092, 0.0, 0.007514009433415042, -0.9895064863363444, -0.0203582757442038, 0.048404300243959794, 0.0]",5000,8,20.299798618802015,2,4;6,0.5,0.024245271061285885,0,0
PDE,burgers,pod_edmd_rbf,POD-EDMD-RBF,2,0.01,4,u_t,0,0.0,8,104.54654973150821,-19269.666290566147,-19269.666290566147,0;1;2;3;4;5;6;7,"[0.0022108939293546386, 0.001582751823469696, -0.0013934129132672538, 0.0073758745883821825, -0.9895420814564658, -0.019166626897422517, 0.04840115982081495, -0.0003068595978845066]",5000,8,33.889170562564686,2,4;6,0.4,0.023275780877832223,0,0
PDE,burgers,tv_diff,TV,2,0.01,4,u_t,15,0.05,1,89.29909414035257,-7685.6994568238015,-7683.620015282122,4,"[0.0, 0.0, 0.0, 0.0, -0.857791797122925, 0.0, 0.0, 0.0]",2352,8,4266.448204450067,2,4;6,0.6666666666666666,0.15055399927859897,0,0
PDE,burgers,tv_diff,TV,2,0.01,4,u_t,9,0.007,2,14.500629015874953,-11953.400424242365,-11950.06821973219,4;6,"[0.0, 0.0, 0.0, 0.0, -0.9849644696297799, 0.0, 0.04686525448523162, 0.0]",2352,8,0.0,2,4;6,1.0,0.01533967206652086,1,1
PDE,burgers,tv_diff,TV,2,0.01,4,u_t,8,0.005,3,14.464615762209805,-11951.486013357035,-11947.460661666299,1;4;6,"[0.0, -0.005780830198334819, 0.0, 0.0, -0.983844152209819, 0.0, 0.04645223340127496, 0.0]",2352,8,2.607558065890771,2,4;6,0.8,0.01750001249562801,0,0
PDE,burgers,tv_diff,TV,2,0.01,4,u_t,6,0.002,5,14.420245143428929,-11943.185885919847,-11939.160534229111,1;3;4;5;6,"[0.0, -0.006403113785516968, 0.0, 0.006036172382464012, -0.9835540060391145, -0.0117268174785205, 0.046134107064975706, 0.0]",2352,8,10.907685503078028,2,4;6,0.5714285714285714,0.022341028021770012,0,0
PDE,burgers,tv_diff,TV,2,0.01,4,u_t,4,0.0003,7,14.390293814905297,-11932.550105866334,-11930.470664324654,1;2;3;4;5;6;7,"[0.0, -0.00624177883618844, -0.003597476787504291, 0.005192154151449782, -0.9837297707837496, -0.004921703639389938, 0.0459837695842032, -0.0017257630667770229]",2352,8,19.597555407535765,2,4;6,0.4444444444444444,0.01964553714113631,0,0
PDE,burgers,tv_diff,TV,2,0.01,4,u_t,0,0.0,8,14.390272094529678,-11924.790634614228,-11924.790634614228,0;1;2;3;4;5;6;7,"[0.0001429600751384895, -0.006249530079783141, -0.003755056570545492, 0.005187429288777498, -0.9837351400159053, -0.004896711096480566, 0.045985134923001506, -0.0017310646313873437]",2352,8,25.27758511796128,2,4;6,0.4,0.019666194711948793,0,0
PDE,burgers,pod_tv_diff,POD+TV,2,0.01,4,u_t,15,0.05,1,87.55506998315361,-7732.088839992081,-7730.009398450402,4,"[0.0, 0.0, 0.0, 0.0, -0.8567429313058248, 0.0, 0.0, 0.0]",2352,8,4200.175705544554,2,4;6,0.6666666666666666,0.1515426500819587,0,0
PDE,burgers,pod_tv_diff,POD+TV,2,0.01,4,u_t,10,0.01,2,14.623732673523849,-11933.517308505132,-11930.185103994956,4;6,"[0.0, 0.0, 0.0, 0.0, -0.9846039911184438, 0.0, 0.048519512143069966, 0.0]",2352,8,0.0,2,4;6,1.0,0.015447729700290673,1,1
PDE,burgers,pod_tv_diff,POD+TV,2,0.01,4,u_t,5,0.001,4,14.534695230349246,-11932.355326797933,-11928.106831555884,3;4;5;6,"[0.0, 0.0, 0.0, 0.007912781826360852, -0.9847601318055544, -0.017089207923464068, 0.04814449260004239, 0.0]",2352,8,2.0782724390719522,2,4;6,0.6666666666666666,0.024266797077022773,0,0
PDE,burgers,pod_tv_diff,POD+TV,2,0.01,4,u_t,4,0.0003,7,14.530894525681223,-11909.681372180901,-11907.60193063922,1;2;3;4;5;6;7,"[0.0, -0.000997771083373569, 0.0015084052258128697, 0.008243645510723924, -0.9845014662911306, -0.019325776399288185, 0.04810304775070327, 0.0005521722226708331]",2352,8,22.583173355735198,2,4;6,0.4444444444444444,0.02621267377929526,0,0
PDE,burgers,pod_tv_diff,POD+TV,2,0.01,4,u_t,0,0.0,8,14.53084429823922,-11901.926480801363,-11901.926480801363,0;1;2;3;4;5;6;7,"[-0.00021759151473044265, -0.0009865540587379676, 0.0017503354252693607, 0.008250686284973609, -0.9844930132112277, -0.019365270419221352, 0.04810074474786325, 0.0005611654783989144]",2352,8,28.25862319359294,2,4;6,0.4,0.02626472840598475,0,0
PDE,burgers,baseline,Raw FD,3,0.01,4,u_t,15,0.05,1,128.3220554306542,-6832.977580485858,-6830.898138944179,4,"[0.0, 0.0, 0.0, 0.0, -0.8505246453380345, 0.0, 0.0, 0.0]",2352,8,1522.3440113355346,2,4;6,0.6666666666666666,0.15741959639130182,0,0
PDE,burgers,baseline,Raw FD,3,0.01,4,u_t,14,0.03,2,67.3085784624405,-8342.855418642263,-8339.523214132087,4;6,"[0.0, 0.0, 0.0, 0.0, -0.9548105452061548, 0.0, 0.03879152113780099, 0.0]",2352,8,13.718936147626664,2,4;6,1.0,0.046500656397043996,1,1
PDE,burgers,baseline,Raw FD,3,0.01,4,u_t,11,0.013,3,66.6769625222903,-8357.26750197045,-8353.242150279713,1;4;6,"[0.0, -0.023905100115729667, 0.0, 0.0, -0.950929330003111, 0.0, 0.03734727835771891, 0.0]",2352,8,0.0,2,4;6,0.8,0.05596111787356953,0,0
PDE,burgers,baseline,Raw FD,3,0.01,4,u_t,7,0.003,5,66.43008515534702,-8350.466109819901,-8346.440758129165,1;3;4;5;6,"[0.0, -0.02508215998388144, 0.0, 0.01328206803300123, -0.9510276430713751, -0.028130944403000187, 0.03674963941303807, 0.0]",2352,8,6.801392150548054,2,4;6,0.5714285714285714,0.06450070588663698,0,0
PDE,burgers,baseline,Raw FD,3,0.01,4,u_t,6,0.002,7,66.31003429853389,-8339.194390512275,-8337.114948970595,0;1;3;4;5;6;7,"[-0.0030643203019566434, -0.024452784676566114, 0.0, 0.012050655157215245, -0.9512485591333937, -0.01799919308117385, 0.03650110730776906, -0.0026121935547738324]",2352,8,16.12720130911839,2,4;6,0.4444444444444444,0.060275879671074575,0,0
PDE,burgers,baseline,Raw FD,3,0.01,4,u_t,0,0.0,8,66.30832784566186,-8331.491897430124,-8331.491897430124,0;1;2;3;4;5;6;7,"[-0.003941189962270881, -0.02437406000245151, 0.001970941135869598, 0.0121504225577748, -0.9511826744744577, -0.018684816823358135, 0.03649732884287708, -0.002445749507680127]",2352,8,21.750252849589742,2,4;6,0.4,0.06060133103758915,0,0
PDE,burgers,pod_edmd_rbf,POD-EDMD-RBF,3,0.01,4,u_t,15,0.05,1,301.6404343759221,-14031.27029698532,-14029.19085544364,4,"[0.0, 0.0, 0.0, 0.0, -0.8437318264163213, 0.0, 0.0, 0.0]",5000,8,3773.7274681861436,2,4;6,0.6666666666666666,0.16386766169322953,0,0
PDE,burgers,pod_edmd_rbf,POD-EDMD-RBF,3,0.01,4,u_t,9,0.007,2,141.53346749434857,-17806.250528139957,-17802.918323629783,4;6,"[0.0, 0.0, 0.0, 0.0, -0.9814573529118524, 0.0, 0.04797965080058858, 0.0]",5000,8,0.0,2,4;6,1.0,0.018629115975217516,1,1
PDE,burgers,pod_edmd_rbf,POD-EDMD-RBF,3,0.01,4,u_t,7,0.003,4,141.39242525052458,-17794.201272461825,-17789.952777219776,3;4;5;6,"[0.0, 0.0, 0.0, 0.006297865115330564, -0.9818406217660948, -0.014918212913752024, 0.04771535000022702, 0.0]",5000,8,12.965546410006937,2,4;6,0.6666666666666666,0.024407161882049857,0,0
PDE,burgers,pod_edmd_rbf,POD-EDMD-RBF,3,0.01,4,u_t,6,0.002,5,141.35894255598458,-17786.868253725734,-17782.842902034998,0;3;4;5;6,"[-0.0025879626298023653, 0.0, 0.0, 0.00633839682950538, -0.9818523842834087, -0.015001573158469776, 0.04771319924650413, 0.0]",5000,8,20.07542159478544,2,4;6,0.5714285714285714,0.024596198965386028,0,0
PDE,burgers,pod_edmd_rbf,POD-EDMD-RBF,3,0.01,4,u_t,5,0.001,7,141.32975643775967,-17770.86631464032,-17768.78687309864,0;2;3;4;5;6;7,"[-0.0027427656737310643, 0.0, 0.0025496255472619257, 0.006773046502704903, -0.9817366561331792, -0.01936574506756644, 0.0477643706218183, 0.0011516750765917401]",5000,8,34.131450531142036,2,4;6,0.4444444444444444,0.027800567250862423,0,0
PDE,burgers,pod_edmd_rbf,POD-EDMD-RBF,3,0.01,4,u_t,0,0.0,8,141.32898232453374,-17762.376508298123,-17762.376508298123,0;1;2;3;4;5;6;7,"[-0.0027128960446290255, -0.0005910595521945597, 0.002498319908310257, 0.006821783158083282, -0.9816155499752162, -0.01947759311409576, 0.04771973157029606, 0.0011574093998615897]",5000,8,40.54181533166047,2,4;6,0.4,0.027972044131481983,0,0
PDE,burgers,tv_diff,TV,3,0.01,4,u_t,15,0.05,1,87.79631859052321,-7725.617068229603,-7723.537626687924,4,"[0.0, 0.0, 0.0, 0.0, -0.8579585484460345, 0.0, 0.0, 0.0]",2352,8,4212.259245170696,2,4;6,0.6666666666666666,0.1503968945650823,0,0
PDE,burgers,tv_diff,TV,3,0.01,4,u_t,10,0.01,2,14.596897026103672,-11937.837370127756,-11934.50516561758,4;6,"[0.0, 0.0, 0.0, 0.0, -0.9834748008969166, 0.0, 0.04650091121796606, 0.0]",2352,8,1.2917062410397193,2,4;6,1.0,0.01687051546252144,1,1
PDE,burgers,tv_diff,TV,3,0.01,4,u_t,9,0.007,3,14.536525311622713,-11939.822223549356,-11935.79687185862,1;4;6,"[0.0, -0.007480494577257947, 0.0, 0.0, -0.9820260361422799, 0.0, 0.04596408549412774, 0.0]",2352,8,0.0,2,4;6,0.8,0.019857592297358305,0,0
PDE,burgers,tv_diff,TV,3,0.01,4,u_t,8,0.005,4,14.515542001362556,-11935.45674044525,-11931.208245203201,1;4;5;6,"[0.0, -0.007641027200651522, 0.0, 0.0, -0.982932649838917, -0.005760418670561503, 0.04588221647134164, 0.0]",2352,8,4.588626655418921,2,4;6,0.6666666666666666,0.019970509495937764,0,0
PDE,burgers,tv_diff,TV,3,0.01,4,u_t,6,0.002,5,14.500606197858772,-11930.115061397257,-11926.08970970652,1;3;4;5;6,"[0.0, -0.007971557207278877, 0.0, 0.0037588067008501526, -0.9824441687711358, -0.011100671293029746, 0.045712568552523876, 0.0]",2352,8,9.707162152099045,2,4;6,0.5714285714285714,0.022938463354803023,0,0
PDE,burgers,tv_diff,TV,3,0.01,4,u_t,5,0.001,7,14.494338537500157,-11915.605853784606,-11913.526412242925,0;1;2;3;4;5;6,"[-0.0020260943310124097, -0.00778877977295934, 0.0032888375081914375, 0.0038043111463254603, -0.9823365016787359, -0.011187217718922858, 0.04567173983919031, 0.0]",2352,8,22.270459615694563,2,4;6,0.4444444444444444,0.023336340145152856,0,0
PDE,burgers,tv_diff,TV,3,0.01,4,u_t,0,0.0,8,14.490639301510269,-11908.443185054346,-11908.443185054346,0;1;2;3;4;5;6;7,"[-0.0018213176528754393, -0.007759865863309127, 0.0017434212634759208, 0.0035160995051603003, -0.9823965123254875, -0.008843609687327786, 0.045618365156952174, -0.0005989854671867563]",2352,8,27.35368680427382,2,4;6,0.4,0.022031147928330396,0,0
PDE,burgers,pod_tv_diff,POD+TV,3,0.01,4,u_t,15,0.05,1,86.95965882713094,-7748.138058099224,-7746.058616557544,4,"[0.0, 0.0, 0.0, 0.0, -0.8563828019801762, 0.0, 0.0, 0.0]",2352,8,4076.8661384747775,2,4;6,0.6666666666666666,0.15188228663862952,0,0
PDE,burgers,pod_tv_diff,POD+TV,3,0.01,4,u_t,10,0.01,2,15.306072183858925,-11826.256959542497,-11822.924755032322,4;6,"[0.0, 0.0, 0.0, 0.0, -0.9825955820362213, 0.0, 0.04803306274746607, 0.0]",2352,8,0.0,2,4;6,1.0,0.0174933576795892,1,1
PDE,burgers,pod_tv_diff,POD+TV,3,0.01,4,u_t,9,0.007,3,15.254984001638356,-11826.35750916389,-11822.332157473154,4;5;6,"[0.0, 0.0, 0.0, 0.0, -0.9840965852770113, -0.008988490527350035, 0.04793122777717184, 0.0]",2352,8,0.5925975591671886,2,4;6,0.8,0.018361604206848563,0,0
PDE,burgers,pod_tv_diff,POD+TV,3,0.01,4,u_t,7,0.003,4,15.210071757901526,-11825.529231360902,-11821.280736118853,3;4;5;6,"[0.0, 0.0, 0.0, 0.006466972947649704, -0.9834123310099736, -0.018093343808846928, 0.04768377016218455, 0.0]",2352,8,1.6440189134682441,2,4;6,0.6666666666666666,0.025457539094209586,0,0
PDE,burgers,pod_tv_diff,POD+TV,3,0.01,4,u_t,6,0.002,5,15.20259044259251,-11818.923363203798,-11814.898011513062,1;3;4;5;6,"[0.0, -0.00266236227309064, 0.0, 0.0066978209086471585, -0.9828627958763135, -0.01853546385538546, 0.04746635802173392, 0.0]",2352,8,8.02674351925998,2,4;6,0.5714285714285714,0.026341617318898215,0,0
PDE,burgers,pod_tv_diff,POD+TV,3,0.01,4,u_t,0,0.0,8,15.184874140121954,-11798.376795151546,-11798.376795151546,0;1;2;3;4;5;6;7,"[-0.002108099848543918, -0.00256344957676657, 0.006297354470290939, 0.0072206822351292615, -0.982627078443672, -0.022691063865522488, 0.047494094314415945, 0.0010919382592080391]",2352,8,24.547959880776034,2,4;6,0.4,0.030408440867590956,0,0
PDE,burgers,baseline,Raw FD,4,0.01,4,u_t,15,0.05,1,130.10924377318125,-6800.446428059173,-6798.366986517493,4,"[0.0, 0.0, 0.0, 0.0, -0.8507370144724326, 0.0, 0.0, 0.0]",2352,8,1502.1150105531497,2,4;6,0.6666666666666666,0.15721846181909077,0,0
PDE,burgers,baseline,Raw FD,4,0.01,4,u_t,14,0.03,2,68.81557040865519,-8290.776637605151,-8287.444433094975,4;6,"[0.0, 0.0, 0.0, 0.0, -0.9552980567189149, 0.0, 0.038598620116502225, 0.0]",2352,8,13.037563975667581,2,4;6,1.0,0.04607545796610397,1,1
PDE,burgers,baseline,Raw FD,4,0.01,4,u_t,13,0.02,3,68.18956462095404,-8304.507348761379,-8300.481997070643,1;4;6,"[0.0, -0.023787478088847694, 0.0, 0.0, -0.9514608542157277, 0.0, 0.037181672753722646, 0.0]",2352,8,0.0,2,4;6,0.8,0.0554842863845063,0,0
PDE,burgers,baseline,Raw FD,4,0.01,4,u_t,8,0.005,5,67.88195474459877,-8299.615414809901,-8295.590063119165,1;3;4;5;6,"[0.0, -0.025105468609885797, 0.0, 0.016819388986196785, -0.9499233251679065, -0.026283646416314456, 0.03651104148413454, 0.0]",2352,8,4.8919339514777676,2,4;6,0.5714285714285714,0.06544405642765815,0,0
PDE,burgers,baseline,Raw FD,4,0.01,4,u_t,7,0.003,6,67.86924872156399,-8292.292677866724,-8288.960473356548,1;2;3;4;5;6,"[0.0, -0.024909897637626893, 0.003215457460626363, 0.016855837485256348, -0.9498390552886782, -0.026353524767157282, 0.03647912943713621, 0.0]",2352,8,11.521523714094656,2,4;6,0.5,0.06555653939499152,0,0
PDE,burgers,baseline,Raw FD,4,0.01,4,u_t,6,0.002,7,67.85726304875094,-8284.94505517308,-8282.8656136314,0;1;2;3;4;5;6,"[-0.0033376577984381103, -0.02470403209170959, 0.0066165551997279266, 0.016894677525686352, -0.9497497777080961, -0.026428137857029816, 0.036445302716327954, 0.0]",2352,8,17.61638343924278,2,4;6,0.4444444444444444,0.06593202289401065,0,0
PDE,burgers,baseline,Raw FD,4,0.01,4,u_t,0,0.0,8,67.84104042475133,-8277.744393316643,-8277.744393316643,0;1;2;3;4;5;6;7,"[-0.00296108357161078, -0.024665190832106228, 0.0038023984481794972, 0.016384165742055104, -0.9498948028680849, -0.022235986959043812, 0.03634352250087771, -0.0010766775305013979]",2352,8,22.737603753999792,2,4;6,0.4,0.0638941400345665,0,0
PDE,burgers,pod_edmd_rbf,POD-EDMD-RBF,4,0.01,4,u_t,15,0.05,1,275.37134286121557,-14486.846141601232,-14484.766700059552,4,"[0.0, 0.0, 0.0, 0.0, -0.8477771624334641, 0.0, 0.0, 0.0]",5000,8,4270.97742565031,2,4;6,0.6666666666666666,0.16002428829617152,0,0
PDE,burgers,pod_edmd_rbf,POD-EDMD-RBF,4,0.01,4,u_t,7,0.003,2,116.97626466372874,-18759.076330220036,-18755.74412570986,4;6,"[0.0, 0.0, 0.0, 0.0, -0.9820860389269682, 0.0, 0.04790792870751141, 0.0]",5000,8,0.0,2,4;6,1.0,0.01801320556375925,1,1
PDE,burgers,pod_edmd_rbf,POD-EDMD-RBF,4,0.01,4,u_t,6,0.002,4,116.95659552257362,-18742.882746672072,-18738.634251430023,3;4;5;6,"[0.0, 0.0, 0.0, 0.002831115490172599, -0.9819784965182842, -0.005153407639998218, 0.047794328551302334, 0.0]",5000,8,17.10987427983855,2,4;6,0.6666666666666666,0.019060538795005067,0,0
PDE,burgers,pod_edmd_rbf,POD-EDMD-RBF,4,0.01,4,u_t,5,0.001,6,116.94034254030993,-18726.543238230974,-18723.2110337208,0;1;3;4;5;6,"[0.001647349412410549, -0.0011265497692871372, 0.0, 0.002907026138911614, -0.981726253396831, -0.0052988594758149885, 0.0477046415028117, 0.0]",5000,8,32.533091989062086,2,4;6,0.5,0.01946183868038663,0,0
PDE,burgers,pod_edmd_rbf,POD-EDMD-RBF,4,0.01,4,u_t,0,0.0,8,116.93480875612914,-18709.74546459435,-18709.74546459435,0;1;2;3;4;5;6;7,"[0.001243079439269315, -0.0012025164965878056, 0.0017511951319895904, 0.0031268953270199343, -0.9816050975950217, -0.00724269414725756, 0.047710011632902685, 0.0005064328741748947]",5000,8,45.99866111551091,2,4;6,0.4,0.020276518000255577,0,0
PDE,burgers,tv_diff,TV,4,0.01,4,u_t,15,0.05,1,88.40187740769122,-7709.450274493538,-7707.370832951859,4,"[0.0, 0.0, 0.0, 0.0, -0.8590646444809916, 0.0, 0.0, 0.0]",2352,8,4220.8692304348215,2,4;6,0.6666666666666666,0.14935530428469673,0,0
PDE,burgers,tv_diff,TV,4,0.01,4,u_t,10,0.01,2,14.653648220202461,-11928.71077266568,-11925.378568155504,4;6,"[0.0, 0.0, 0.0, 0.0, -0.984869139449369, 0.0, 0.04617428665453984, 0.0]",2352,8,2.8614952311763773,2,4;6,1.0,0.015587546138431402,1,1
PDE,burgers,tv_diff,TV,4,0.01,4,u_t,8,0.005,3,14.583305242092743,-11932.265415077416,-11928.24006338668,1;4;6,"[0.0, -0.008065171224745331, 0.0, 0.0, -0.9833254863591951, 0.0, 0.04560765221032136, 0.0]",2352,8,0.0,2,4;6,0.8,0.019012507004360708,0,0
PDE,burgers,tv_diff,TV,4,0.01,4,u_t,5,0.001,5,14.555293968090547,-11921.261383711353,-11917.236032020617,1;3;4;5;6,"[0.0, -0.008458933817275381, 0.0, 0.004967010538491403, -0.9823686823617741, -0.005287382292755734, 0.0454054698354102, 0.0]",2352,8,11.004031366062918,2,4;6,0.5714285714285714,0.021331120314763367,0,0
PDE,burgers,tv_diff,TV,4,0.01,4,u_t,4,0.0003,7,14.554426876552252,-11905.87545918717,-11903.796017645489,0;1;2;3;4;5;6,"[-0.0005285857181570924, -0.008390255664922604, 0.0012187436903019651, 0.004984426459718837, -0.9823290308029683, -0.005321040803724079, 0.04539052004126393, 0.0]",2352,8,24.444045741191076,2,4;6,0.4444444444444444,0.021393582121667695,0,0
PDE,burgers,tv_diff,TV,4,0.01,4,u_t,0,0.0,8,14.553534555791693,-11898.256641616663,-11898.256641616663,0;1;2;3;4;5;6;7,"[-0.0006258010163447911, -0.008395666865880162, 0.0019648237997649753, 0.005123143689679718, -0.9823010804440707, -0.006463213258589749, 0.04542124005812534, 0.0002903341194698263]",2352,8,29.98342177001723,2,4;6,0.4,0.021814456723427453,0,0
PDE,burgers,pod_tv_diff,POD+TV,4,0.01,4,u_t,15,0.05,1,86.76257577297332,-7753.474617847128,-7751.395176305448,4,"[0.0, 0.0, 0.0, 0.0, -0.8576487279988935, 0.0, 0.0, 0.0]",2352,8,4159.001595683963,2,4;6,0.6666666666666666,0.15068880797263107,0,0
PDE,burgers,pod_tv_diff,POD+TV,4,0.01,4,u_t,10,0.01,2,14.747287108562057,-11913.728976499588,-11910.396771989412,4;6,"[0.0, 0.0, 0.0, 0.0, -0.9842984951594471, 0.0, 0.04782610350301061, 0.0]",2352,8,0.0,2,4;6,1.0,0.015831503056090122,1,1
PDE,burgers,pod_tv_diff,POD+TV,4,0.01,4,u_t,7,0.003,4,14.662326557759231,-11911.792216192358,-11907.543720950309,3;4;5;6,"[0.0, 0.0, 0.0, 0.008063823718151895, -0.9842192070272582, -0.0163230925602458, 0.047457028343299824, 0.0]",2352,8,2.8530510391028656,2,4;6,0.6666666666666666,0.02419721002410654,0,0
PDE,burgers,pod_tv_diff,POD+TV,4,0.01,4,u_t,5,0.001,5,14.655347074211532,-11905.149048103644,-11901.123696412908,1;3;4;5;6,"[0.0, -0.002569908837193919, 0.0, 0.00828939212946257, -0.9836909513010759, -0.01675849854739532, 0.04724966470160373, 0.0]",2352,8,9.273075576504198,2,4;6,0.5714285714285714,0.02506281665418742,0,0
PDE,burgers,pod_tv_diff,POD+TV,4,0.01,4,u_t,0,0.0,8,14.65234136822746,-11882.342411885837,-11882.342411885837,0;1;2;3;4;5;6;7,"[-0.0007834041824834936, -0.002549611600846666, 0.002398703039812136, 0.008520196757585882, -0.9835908784413157, -0.018649670987642815, 0.04726896388925145, 0.0004986214920025071]",2352,8,28.054360103575164,2,4;6,0.4,0.026617048712986882,0,0
PDE,fisher_kpp,baseline,Raw FD,0,0.01,4,u_t,12,0.015,2,4.014636849493812,-14973.944979475413,-14970.612774965237,1;2,"[0.0, 1.023746587020233, -1.048057664212544, 0.0, 0.0, 0.0, 0.0, 0.0]",2352,8,9.092530258671104,3,1;2;6,0.8,0.04342661741768997,0,0
PDE,fisher_kpp,baseline,Raw FD,0,0.01,4,u_t,11,0.013,5,3.9585765549519776,-14983.730656914644,-14979.705305223908,0;1;2;4;5,"[0.017629665195641894, 0.9394811176805153, -0.9632181327902261, 0.0, -0.01382813354301951, 0.02857363078308936, 0.0, 0.0]",2352,8,0.0,3,1;2;6,0.5,0.06012762186856796,0,0
PDE,fisher_kpp,baseline,Raw FD,0,0.01,4,u_t,8,0.005,6,3.958158619650911,-14976.21596621347,-14972.883761703295,0;1;2;3;4;5,"[0.017629703510324668, 0.939480839211652, -0.9632178208632856, 0.011328542250025506, -0.06870325428787112, 0.08818199046351277, 0.0, 0.0]",2352,8,6.821543520612977,3,1;2;6,0.4444444444444444,0.09706276672642976,0,0
PDE,fisher_kpp,baseline,Raw FD,0,0.01,4,u_t,0,0.0,8,3.937698820115455,-14972.878987690467,-14972.878987690467,0;1;2;3;4;5;6;7,"[0.014112264122053257, 0.9516272202823586, -0.9716503293481433, 0.011443142296242015, -0.06939148038495892, 0.08904965938278775, 0.006737524750309302, -0.004692734043689924]",2352,8,6.826317533441397,3,1;2;6,0.5454545454545454,0.09158156631314307,0,0
PDE,fisher_kpp,pod_edmd_rbf,POD-EDMD-RBF,0,0.01,4,u_t,14,0.03,2,2.5408981268198687,-37906.34351186206,-37903.01130735189,1;2,"[0.0, 1.025588148771205, -1.0506620829087494, 0.0, 0.0, 0.0, 0.0, 0.0]",5000,8,581.614893188198,3,1;2;6,0.8,0.04538472323589427,0,0
PDE,fisher_kpp,pod_edmd_rbf,POD-EDMD-RBF,0,0.01,4,u_t,12,0.015,3,2.258960912083544,-38485.8897067988,-38481.86435510807,1;2;6,"[0.0, 1.0083041518148435, -1.0152259914768926, 0.0, 0.0, 0.0, 0.023492736559853823, 0.0]",5000,8,2.7618454320181627,3,1;2;6,1.0,0.013095416953025619,1,1
PDE,fisher_kpp,pod_edmd_rbf,POD-EDMD-RBF,0,0.01,4,u_t,8,0.005,4,2.2537702887348625,-38488.874695782135,-38484.626200540086,1;2;6;7,"[0.0, 1.0055780854205687, -1.0129245379338352, 0.0, 0.0, 0.0, 0.029759496311946954, -0.01583072774401123]",5000,8,0.0,3,1;2;6,0.8571428571428571,0.014977092820585361,0,0
PDE,fisher_kpp,pod_edmd_rbf,POD-EDMD-RBF,0,0.01,4,u_t,5,0.001,7,2.2526830149221135,-38465.735820302616,-38463.656378760934,1;2;3;4;5;6;7,"[0.0, 1.0054671209763923, -1.0127671499958004, 0.004322176567058032, -0.0035102876782197516, -0.008464559600363464, 0.029834770361207578, -0.015950857611411143]",5000,8,20.96982177915197,3,1;2;6,0.6,0.016579375759013273,0,0
PDE,fisher_kpp,pod_edmd_rbf,POD-EDMD-RBF,0,0.01,4,u_t,0,0.0,8,2.2526452271985162,-38457.302500519676,-38457.302500519676,0;1;2;3;4;5;6;7,"[0.00045473242547890353, 1.0036245602083407, -1.0110475198050115, 0.00431082294318521, -0.003506025955287059, -0.008441056687619665, 0.029239583386813848, -0.014955277110419784]",5000,8,27.323700020409888,3,1;2;6,0.5454545454545454,0.015191274010507424,0,0
PDE,fisher_kpp,tv_diff,TV,0,0.01,4,u_t,12,0.015,2,0.3153495640169415,-20957.48101501497,-20954.148810504797,1;2,"[0.0, 1.0193273687472577, -1.0386932439994376, 0.0, 0.0, 0.0, 0.0, 0.0]",2352,8,1410.5045802048844,3,1;2;6,0.8,0.03721201454684037,0,0
PDE,fisher_kpp,tv_diff,TV,0,0.01,4,u_t,11,0.013,3,0.19296424367974302,-22104.96593253134,-22100.940580840605,1;2;6,"[0.0, 1.0036186548671853, -1.0067686953072363, 0.0, 0.0, 0.0, 0.020389397091171803, 0.0]",2352,8,263.7128098690773,3,1;2;6,1.0,0.008694985479744637,1,1
PDE,fisher_kpp,tv_diff,TV,0,0.01,4,u_t,9,0.007,6,0.17084812518776754,-22367.985595219856,-22364.653390709682,0;1;2;4;5;6,"[0.012483139316154229, 0.9474324807769905, -0.9537614522011769, 0.0, -0.010921175193088717, 0.017474308405817755, 0.015872203589403396, 0.0]",2352,8,0.0,3,1;2;6,0.6666666666666666,0.05328620282399945,0,0
PDE,fisher_kpp,tv_diff,TV,0,0.01,4,u_t,8,0.005,7,0.170762323895767,-22361.404063783706,-22359.324622242028,0;1;2;3;4;5;6,"[0.012481456447441143, 0.9474383342163933, -0.9537651049287854, 0.005268971558417431, -0.03654643731186495, 0.04545081970199114, 0.015875048460401487, 0.0]",2352,8,5.3287684676542995,3,1;2;6,0.6,0.06588235712166667,0,0
PDE,fisher_kpp,tv_diff,TV,0,0.01,4,u_t,0,0.0,8,0.17064121976228255,-22355.309665657973,-22355.309665657973,0;1;2;3;4;5;6;7,"[0.013059658478996941, 0.945484839267831, -0.9518783580000943, 0.005248894311543097, -0.03647744033022475, 0.04540189048908513, 0.014202197018683315, 0.003657014559172458]",2352,8,9.343725051709043,3,1;2;6,0.5454545454545454,0.06758871572241135,0,0
PDE,fisher_kpp,pod_tv_diff,POD+TV,0,0.01,4,u_t,14,0.03,2,0.2312075363110242,-21687.461888889316,-21684.129684379142,1;2,"[0.0, 1.022913903639177, -1.0469036480946585, 0.0, 0.0, 0.0, 0.0, 0.0]",2352,8,2146.3077024691484,3,1;2;6,0.8,0.0425638853294207,0,0
PDE,fisher_kpp,pod_tv_diff,POD+TV,0,0.01,4,u_t,11,0.013,3,0.09466414854633905,-23779.98872955169,-23775.963377860953,1;2;6,"[0.0, 1.0047305117755547, -1.0099483097174884, 0.0, 0.0, 0.0, 0.02365425922466898, 0.0]",2352,8,54.474008987337584,3,1;2;6,1.0,0.008987278226151444,1,1
PDE,fisher_kpp,pod_tv_diff,POD+TV,0,0.01,4,u_t,9,0.007,6,0.09165307178516,-23832.72773416946,-23829.395529659287,1;2;4;5;6;7,"[0.0, 1.00178418722136, -1.0074503365201168, 0.0, -0.010540815646772122, 0.017788796666500305, 0.030376764915792425, -0.017025952199547698]",2352,8,1.0418571890040766,3,1;2;6,0.6666666666666666,0.01969665907213062,0,0
PDE,fisher_kpp,pod_tv_diff,POD+TV,0,0.01,4,u_t,7,0.003,7,0.0915627088486031,-23827.284749303584,-23825.205307761906,1;2;3;4;5;6;7,"[0.0, 1.001782666934224, -1.0074473380151132, 0.005406563968779675, -0.03684492545186517, 0.046518777924137465, 0.030378822287492297, -0.01702639013579259]",2352,8,5.232079086385056,3,1;2;6,0.6,0.04414580620151821,0,0
PDE,fisher_kpp,pod_tv_diff,POD+TV,0,0.01,4,u_t,0,0.0,8,0.09113874983171807,-23830.43738684829,-23830.43738684829,0;1;2;3;4;5;6;7,"[0.002232737905631219, 0.9927180351520272, -0.998954045339702, 0.005378600575425086, -0.03674143928361937, 0.04643602595383681, 0.027452860816560985, -0.012081773269969799]",2352,8,0.0,3,1;2;6,0.5454545454545454,0.04327265450560326,0,0
PDE,fisher_kpp,baseline,Raw FD,1,0.01,4,u_t,14,0.03,2,3.922423045435499,-15028.599128326608,-15025.266923816433,1;2,"[0.0, 1.022999829875097, -1.046909142575312, 0.0, 0.0, 0.0, 0.0, 0.0]",2352,8,2.2696406954601116,3,1;2;6,0.8,0.042590065209771925,0,0
PDE,fisher_kpp,baseline,Raw FD,1,0.01,4,u_t,12,0.015,5,3.9200665844700695,-15006.723492180536,-15002.6981404898,1;2;3;4;5,"[0.0, 1.022999603388986, -1.0469086806602934, -0.02257277814992998, 0.1074248533880024, -0.12591950046006362, 0.0, 0.0]",2352,8,24.838424022093022,3,1;2;6,0.5,0.12553997740751158,0,0
PDE,fisher_kpp,baseline,Raw FD,1,0.01,4,u_t,8,0.005,6,3.867244299918922,-15030.868769022069,-15027.536564511893,0;1;2;3;4;5,"[0.017158842787241155, 0.9410186982325629, -0.96439222824759, -0.022566326424097907, 0.10739653687444592, -0.12589326586805585, 0.0, 0.0]",2352,8,0.0,3,1;2;6,0.4444444444444444,0.1300351580090785,0,0
PDE,fisher_kpp,baseline,Raw FD,1,0.01,4,u_t,0,0.0,8,3.8488139108221633,-15026.578607837308,-15026.578607837308,0;1;2;3;4;5;6;7,"[0.013974559606482874, 0.9520533302175325, -0.9719125667362399, -0.02220822402929163, 0.10541696089361752, -0.12353401763174775, 0.005918456355208696, -0.003362225463104878]",2352,8,0.957956674585148,3,1;2;6,0.5454545454545454,0.12394972339911865,0,0
PDE,fisher_kpp,pod_edmd_rbf,POD-EDMD-RBF,1,0.01,4,u_t,14,0.03,2,2.460545211405912,-38067.016790495174,-38063.684585985,1;2,"[0.0, 1.0215833386863369, -1.0459789647406752, 0.0, 0.0, 0.0, 0.0, 0.0]",5000,8,608.2536849504977,3,1;2;6,0.8,0.04170335990222465,0,0
PDE,fisher_kpp,pod_edmd_rbf,POD-EDMD-RBF,1,0.01,4,u_t,10,0.01,3,2.1746987538610223,-38675.96362262623,-38671.9382709355,1;2;6,"[0.0, 1.003606108501153, -1.0085683455990668, 0.0, 0.0, 0.0, 0.024648845917988393, 0.0]",5000,8,0.0,3,1;2;6,1.0,0.007582996214825981,1,1
PDE,fisher_kpp,pod_edmd_rbf,POD-EDMD-RBF,1,0.01,4,u_t,7,0.003,6,2.1735408859139835,-38653.07488611107,-38649.742681600896,1;2;3;4;5;6,"[0.0, 1.0036055090856992, -1.0085619580603764, -0.007246857069626375, 0.03173739602228266, -0.03964609572140146, 0.02464927503874167, 0.0]",5000,8,22.19558933460212,3,1;2;6,0.6666666666666666,0.037049249969385994,0,0
PDE,fisher_kpp,pod_edmd_rbf,POD-EDMD-RBF,1,0.01,4,u_t,6,0.002,7,2.173418419028256,-38644.83942292255,-38642.75998138087,1;2;3;4;5;6;7,"[0.0, 1.0031650828819771, -1.0082123535681646, -0.007249963724551458, 0.03175518983656206, -0.03965918842220239, 0.02569728897279598, -0.0026966387382431553]",5000,8,29.178289554627554,3,1;2;6,0.6,0.03698526629880359,0,0
PDE,fisher_kpp,pod_edmd_rbf,POD-EDMD-RBF,1,0.01,4,u_t,0,0.0,8,2.1731171931867754,-38637.01525486388,-38637.01525486388,0;1;2;3;4;5;6;7,"[-0.0013597949100118158, 1.0085995659738096, -1.0133014567832337, -0.0074590882355990065, 0.03277695009954951, -0.040777743838222524, 0.027705674289851063, -0.006201966125650417]",5000,8,34.923016071617894,3,1;2;6,0.5454545454545454,0.03929287438372447,0,0
PDE,fisher_kpp,tv_diff,TV,1,0.01,4,u_t,11,0.013,2,0.46926164544567855,-20022.61101445931,-20019.278809949137,1;2,"[0.0, 1.0239719104588463, -1.0481876972873534, 0.0, 0.0, 0.0, 0.0, 0.0]",2352,8,614.3115086346006,3,1;2;6,0.8,0.04356029678155569,0,0
PDE,fisher_kpp,tv_diff,TV,1,0.01,4,u_t,10,0.01,3,0.3673932290162129,-20590.447659160032,-20586.422307469296,1;2;6,"[0.0, 1.0107413101050766, -1.0212969956773095, 0.0, 0.0, 0.0, 0.01717355399570471, 0.0]",2352,8,47.16801111444147,3,1;2;6,1.0,0.019145829549064367,1,1
PDE,fisher_kpp,tv_diff,TV,1,0.01,4,u_t,8,0.005,7,0.35566996711964527,-20635.669760125416,-20633.590318583738,0;1;2;3;4;5;6,"[0.008709793741895233, 0.9711952575548684, -0.9836152640460125, -0.00983839643963665, 0.040564403217528675, -0.04526080385939046, 0.014481880342243642, 0.0]",2352,8,0.0,3,1;2;6,0.6,0.05100641643059037,0,0
PDE,fisher_kpp,tv_diff,TV,1,0.01,4,u_t,0,0.0,8,0.3554952713935182,-20629.062263113326,-20629.062263113326,0;1;2;3;4;5;6;7,"[0.009300838446660674, 0.9692009793233788, -0.9816535796308963, -0.009848358144781822, 0.04060570881132143, -0.045293273062372526, 0.012737248853918146, 0.003922231007729838]",2352,8,4.528055470411346,3,1;2;6,0.5454545454545454,0.05234448998639136,0,0
PDE,fisher_kpp,pod_tv_diff,POD+TV,1,0.01,4,u_t,14,0.03,2,0.21923639408982437,-21812.50634531301,-21809.174140802836,1;2,"[0.0, 1.0240431663165213, -1.0483729544572018, 0.0, 0.0, 0.0, 0.0, 0.0]",2352,8,2440.2312604025974,3,1;2;6,0.8,0.043682371929571126,0,0
PDE,fisher_kpp,pod_tv_diff,POD+TV,1,0.01,4,u_t,10,0.01,3,0.0774042719329196,-24253.43075289617,-24249.405401205433,1;2;6,"[0.0, 1.0046800363473203, -1.0090122304306417, 0.0, 0.0, 0.0, 0.025241763074259523, 0.0]",2352,8,0.0,3,1;2;6,1.0,0.007928029008181804,1,1
PDE,fisher_kpp,pod_tv_diff,POD+TV,1,0.01,4,u_t,9,0.007,6,0.07717756095809902,-24237.04061861844,-24233.708414108267,1;2;3;4;5;6,"[0.0, 1.0046807143164855, -1.0090136109398997, -0.007337371166332589, 0.03139229259093483, -0.03343084974472317, 0.02524087729676048, 0.0]",2352,8,15.69698709716613,3,1;2;6,0.6666666666666666,0.03377655630621818,0,0
PDE,fisher_kpp,pod_tv_diff,POD+TV,1,0.01,4,u_t,5,0.001,7,0.0765627856454986,-24248.088004262823,-24246.008562721145,1;2;3;4;5;6;7,"[0.0, 1.0032198164613144, -1.0078186222060561, -0.0073418187549504224, 0.03144345342859784, -0.0335244961707296, 0.028611195393032272, -0.008659601115916753]",2352,8,3.3968384842883097,3,1;2;6,0.6,0.03401366794371511,0,0
PDE,fisher_kpp,pod_tv_diff,POD+TV,1,0.01,4,u_t,0,0.0,8,0.07649321105301529,-24242.46327817022,-24242.46327817022,0;1;2;3;4;5;6;7,"[0.0009628468769066869, 0.9993886491148299, -1.0042469638675864, -0.007345541427813126, 0.031460092362831496, -0.03353872375127716, 0.02719376431725661, -0.006199695163834002]",2352,8,6.942123035212717,3,1;2;6,0.5454545454545454,0.03341544667723622,0,0
PDE,fisher_kpp,baseline,Raw FD,2,0.01,4,u_t,12,0.015,2,3.990346701956049,-14988.218738311885,-14984.88653380171,1;2,"[0.0, 1.0213451870995613, -1.043986257601737, 0.0, 0.0, 0.0, 0.0, 0.0]",2352,8,27.933946939090674,3,1;2;6,0.8,0.040551990411001854,0,0
PDE,fisher_kpp,baseline,Raw FD,2,0.01,4,u_t,8,0.005,3,3.9348332316378283,-15013.406342430357,-15009.38099073962,0;1;2,"[0.017602011724640404, 0.9372469756950305, -0.9593313240361719, 0.0, 0.0, 0.0, 0.0, 0.0]",2352,8,3.439490001179365,3,1;2;6,0.6666666666666666,0.058303750677878886,0,1
PDE,fisher_kpp,baseline,Raw FD,2,0.01,4,u_t,7,0.003,4,3.9157647693038453,-15017.06897598285,-15012.8204807408,0;1;2;6,"[0.014878110664920471, 0.9466806564424464, -0.9651668728484313, 0.0, 0.0, 0.0, 0.004536036175378195, 0.0]",2352,8,0.0,3,1;2;6,0.8571428571428571,0.04961781454486317,0,0
PDE,fisher_kpp,baseline,Raw FD,2,0.01,4,u_t,5,0.001,5,3.915567414149299,-15009.424498827677,-15005.39914713694,0;1;2;6;7,"[0.014549259120386297, 0.9478176158349837, -0.9663044538670872, 0.0, 0.0, 0.0, 0.005476768332483426, -0.002134420738545492]",2352,8,7.421333603859239,3,1;2;6,0.75,0.04834207985587841,0,0
PDE,fisher_kpp,baseline,Raw FD,2,0.01,4,u_t,0,0.0,8,3.9154875250468,-14986.183423114353,-14986.183423114353,0;1;2;3;4;5;6;7,"[0.014548862475169814, 0.9478189512844475, -0.966305771811231, -0.0007227318058769842, -0.0007070891327297394, 0.0009998177869524423, 0.005477930523191897, -0.0021370406715593843]",2352,8,26.63705762644713,3,1;2;6,0.5454545454545454,0.04835105480613419,0,0
PDE,fisher_kpp,pod_edmd_rbf,POD-EDMD-RBF,2,0.01,4,u_t,14,0.03,2,3.216516865003789,-36727.436295032334,-36724.10409052216,1;2,"[0.0, 1.0234158747207336, -1.0482785071676082, 0.0, 0.0, 0.0, 0.0, 0.0]",5000,8,399.0018509940928,3,1;2;6,0.8,0.043459277521304226,0,0
PDE,fisher_kpp,pod_edmd_rbf,POD-EDMD-RBF,2,0.01,4,u_t,11,0.013,3,2.9643465397955975,-37127.131293206985,-37123.10594151625,1;2;6,"[0.0, 1.0056848203366358, -1.0123560308551944, 0.0, 0.0, 0.0, 0.02310074622509274, 0.0]",5000,8,0.0,3,1;2;6,1.0,0.010781552896274884,1,1
PDE,fisher_kpp,pod_edmd_rbf,POD-EDMD-RBF,2,0.01,4,u_t,6,0.002,4,2.9620600747818435,-37122.47219696352,-37118.22370172147,1;2;6;7,"[0.0, 1.0037984925970906, -1.0108554226277136, 0.0, 0.0, 0.0, 0.02752501327436021, -0.01138264937654268]",5000,8,4.882239794780617,3,1;2;6,0.8571428571428571,0.011572348189530738,0,0
PDE,fisher_kpp,pod_edmd_rbf,POD-EDMD-RBF,2,0.01,4,u_t,4,0.0003,7,2.9619206885872034,-37097.15590882628,-37095.0764672846,1;2;3;4;5;6;7,"[0.0, 1.0038151980321819, -1.0108837125692594, 0.0015276988347205469, -0.001144019372447046, -0.0035209311696617453, 0.027544536581477364, -0.011411767885024782]",5000,8,28.029474231654603,3,1;2;6,0.6,0.011941104462189446,0,0
PDE,fisher_kpp,pod_edmd_rbf,POD-EDMD-RBF,2,0.01,4,u_t,0,0.0,8,2.96190570806058,-37088.664004233186,-37088.664004233186,0;1;2;3;4;5;6;7,"[0.0002975562821392711, 1.002627525903704, -1.0097768714033217, 0.0015612087938202282, -0.00127423384415777, -0.003405727658545394, 0.027119186841160475, -0.010678334232701134]",5000,8,34.44193728306709,3,1;2;6,0.5454545454545454,0.010964884241251357,0,0
PDE,fisher_kpp,tv_diff,TV,2,0.01,4,u_t,12,0.015,2,0.3238272726716401,-20895.085950017874,-20891.7537455077,1;2,"[0.0, 1.0175138712975698, -1.0356009848825907, 0.0, 0.0, 0.0, 0.0, 0.0]",2352,8,1438.6203471081717,3,1;2;6,0.8,0.03516427831348107,0,0
PDE,fisher_kpp,tv_diff,TV,2,0.01,4,u_t,11,0.013,3,0.2338429054570256,-21653.04173955343,-21649.016387862695,0;1;2,"[0.022426250256911404, 0.9103602928937375, -0.9277223326925382, 0.0, 0.0, 0.0, 0.0, 0.0]",2352,8,681.3577047531762,3,1;2;6,0.6666666666666666,0.0856028034766488,0,1
PDE,fisher_kpp,tv_diff,TV,2,0.01,4,u_t,7,0.003,5,0.173878266304555,-22334.399444306608,-22330.37409261587,0;1;2;6;7,"[0.014210189919733099, 0.9391492739989378, -0.943824654217187, 0.0, 0.0, 0.0, 0.011822868917810822, 0.010471880181797691]",2352,8,0.0,3,1;2;6,0.75,0.06122542159155256,0,0
PDE,fisher_kpp,tv_diff,TV,2,0.01,4,u_t,5,0.001,7,0.1738431393286121,-22319.348601928534,-22317.269160386855,0;1;2;4;5;6;7,"[0.014209822492026899, 0.9391505050993589, -0.9438259431410696, 0.0, -0.004802467174254993, 0.008454833937255669, 0.011824034210776293, 0.010469022796276713]",2352,8,13.104932229016413,3,1;2;6,0.6,0.061608452286195964,0,0
PDE,fisher_kpp,tv_diff,TV,2,0.01,4,u_t,0,0.0,8,0.17384252639711184,-22311.593873252954,-22311.593873252954,0;1;2;3;4;5;6;7,"[0.014209703112494579, 0.9391509127528714, -0.9438262578092973, -0.00044570056227355583, -0.0026345806971226743, 0.006087679186346872, 0.011824304732758719, 0.010468675154865178]",2352,8,18.780219362917705,3,1;2;6,0.5454545454545454,0.06140346735364845,0,0
PDE,fisher_kpp,pod_tv_diff,POD+TV,2,0.01,4,u_t,14,0.03,2,0.22050078455366828,-21798.98074542794,-21795.648540917766,1;2,"[0.0, 1.0218864536570065, -1.045113196652414, 0.0, 0.0, 0.0, 0.0, 0.0]",2352,8,2484.7758475150986,3,1;2;6,0.8,0.041307878541103196,0,0
PDE,fisher_kpp,pod_tv_diff,POD+TV,2,0.01,4,u_t,8,0.005,3,0.07674992867317082,-24273.398091887593,-24269.372740196857,1;2;6,"[0.0, 1.0023250166685875, -1.0053543558100149, 0.0, 0.0, 0.0, 0.025481473557323258, 0.0]",2352,8,11.051648236007168,3,1;2;6,1.0,0.005218591741688028,1,1
PDE,fisher_kpp,pod_tv_diff,POD+TV,2,0.01,4,u_t,7,0.003,4,0.07613119856358935,-24284.672883674913,-24280.424388432864,1;2;6;7,"[0.0, 1.00089006583664, -1.0042038773584603, 0.0, 0.0, 0.0, 0.02882073562449916, -0.008635024755934575]",2352,8,0.0,3,1;2;6,0.8571428571428571,0.0068693758649953,0,0
PDE,fisher_kpp,pod_tv_diff,POD+TV,2,0.01,4,u_t,6,0.002,7,0.07607197803684329,-24263.21409279533,-24261.13465125365,1;2;3;4;5;6;7,"[0.0, 1.000890258353167, -1.0042040174011524, 0.0024705594648931164, -0.011975356217026707, 0.010427219173552663, 0.028820280625272896, -0.008633802415914719]",2352,8,19.28973717921326,3,1;2;6,0.6,0.013275573579394198,0,0
PDE,fisher_kpp,pod_tv_diff,POD+TV,2,0.01,4,u_t,0,0.0,8,0.07584192405265185,-24262.574677384193,-24262.574677384193,0;1;2;3;4;5;6;7,"[0.0017313936259450021, 0.9939744407770355, -0.9977504038211044, 0.002471888772724356, -0.011982373158768237, 0.010433374160292814, 0.026321571060095538, -0.004319243270815661]",2352,8,17.849711048671452,3,1;2;6,0.5454545454545454,0.01294110784763413,0,0
PDE,fisher_kpp,baseline,Raw FD,3,0.01,4,u_t,13,0.02,2,4.098704137510053,-14925.202214109582,-14921.870009599406,1;2,"[0.0, 1.0215431159407966, -1.044786198657275, 0.0, 0.0, 0.0, 0.0, 0.0]",2352,8,28.843269271224926,3,1;2;6,0.8,0.04103896719863728,0,0
PDE,fisher_kpp,baseline,Raw FD,3,0.01,4,u_t,8,0.005,3,4.034217098405276,-14954.738630561367,-14950.713278870631,0;1;2,"[0.01894913003704093, 0.9309945780518778, -0.9536432939605063, 0.0, 0.0, 0.0, 0.0, 0.0]",2352,8,0.0,3,1;2;6,0.6666666666666666,0.06389869812043031,0,1
PDE,fisher_kpp,baseline,Raw FD,3,0.01,4,u_t,7,0.003,6,4.018305260172809,-14940.744714307502,-14937.412509797326,0;1;2;3;4;6,"[0.01654127332791315, 0.9393157317297425, -0.9587679625936336, -0.004126021789812136, 0.00951296236811406, 0.0, 0.004019286570216848, 0.0]",2352,8,13.300769073304764,3,1;2;6,0.6666666666666666,0.056726963928277155,0,0
PDE,fisher_kpp,baseline,Raw FD,3,0.01,4,u_t,0,0.0,8,4.018089563996062,-14925.344926662978,-14925.344926662978,0;1;2;3;4;5;6;7,"[0.016198608358966225, 0.9405018110518234, -0.9599423344310483, -0.003781793444109814, 0.007599464100772292, 0.0023019952216106433, 0.004986737783178478, -0.002155824557936064]",2352,8,25.368352207653516,3,1;2;6,0.5454545454545454,0.05528091648337962,0,0
PDE,fisher_kpp,pod_edmd_rbf,POD-EDMD-RBF,3,0.01,4,u_t,14,0.03,2,2.949652582699839,-37160.49459649766,-37157.162391987484,1;2,"[0.0, 1.0185694659788487, -1.0403506172582606, 0.0, 0.0, 0.0, 0.0, 0.0]",5000,8,467.6954227331371,3,1;2;6,0.8,0.037892645147585065,0,0
PDE,fisher_kpp,pod_edmd_rbf,POD-EDMD-RBF,3,0.01,4,u_t,8,0.005,3,2.6830155277550674,-37625.70758307345,-37621.682231382714,1;2;6,"[0.0, 1.0010954707561368, -1.004900150802284, 0.0, 0.0, 0.0, 0.02251504467394581, 0.0]",5000,8,3.1755833379065734,3,1;2;6,1.0,0.006371795292457901,1,1
PDE,fisher_kpp,pod_edmd_rbf,POD-EDMD-RBF,3,0.01,4,u_t,6,0.002,4,2.6766290211672277,-37629.10630996267,-37624.85781472062,0;1;2;6,"[0.004715129682593727, 0.9802191812417373, -0.9855579276179165, 0.0, 0.0, 0.0, 0.0204793206531259, 0.0]",5000,8,0.0,3,1;2;6,0.8571428571428571,0.018873386610996645,0,0
PDE,fisher_kpp,pod_edmd_rbf,POD-EDMD-RBF,3,0.01,4,u_t,0,0.0,8,2.676541610661073,-37595.200824549815,-37595.200824549815,0;1;2;3;4;5;6;7,"[0.004471839040209918, 0.9810249355567968, -0.9863498734783829, 0.001811601117701386, -0.007571825105157337, 0.005903724940503289, 0.021214472269222594, -0.0016547680741456786]",5000,8,29.65699017080624,3,1;2;6,0.5454545454545454,0.019254024001212552,0,0
PDE,fisher_kpp,tv_diff,TV,3,0.01,4,u_t,13,0.02,2,0.3243251569515264,-20891.472528226637,-20888.140323716463,1;2,"[0.0, 1.017172717114337, -1.0346515527624771, 0.0, 0.0, 0.0, 0.0, 0.0]",2352,8,1438.6964677713513,3,1;2;6,0.8,0.03460169629001045,0,0
PDE,fisher_kpp,tv_diff,TV,3,0.01,4,u_t,12,0.015,3,0.230012270735175,-21691.889458205376,-21687.86410651464,0;1;2,"[0.02292579394762466, 0.907632632689753, -0.9243899903918137, 0.0, 0.0, 0.0, 0.0, 0.0]",2352,8,638.9726849731742,3,1;2;6,0.6666666666666666,0.08850747400430625,0,1
PDE,fisher_kpp,tv_diff,TV,3,0.01,4,u_t,10,0.01,4,0.1775973787208079,-22292.385594763018,-22288.13709952097,0;1;2;7,"[0.01942636075526361, 0.9203461189394515, -0.9267722253319403, 0.0, 0.0, 0.0, 0.0, 0.030706684105936164]",2352,8,38.69969196684542,3,1;2;6,0.5714285714285714,0.08342981245206754,0,0
PDE,fisher_kpp,tv_diff,TV,3,0.01,4,u_t,8,0.005,5,0.17413996806071272,-22330.86214317855,-22326.836791487814,0;1;2;6;7,"[0.01594113940519767, 0.9321897282809568, -0.937350475915812, 0.0, 0.0, 0.0, 0.009218366052520655, 0.013217744343910008]",2352,8,0.0,3,1;2;6,0.75,0.06848240636545352,0,0
PDE,fisher_kpp,tv_diff,TV,3,0.01,4,u_t,5,0.001,7,0.17408475819164612,-22316.081904079576,-22314.002462537897,0;1;2;4;5;6;7,"[0.015941556999353543, 0.9321883473571886, -0.9373488491978831, 0.0, -0.005758108899242721, 0.009595641340020467, 0.00921684816792833, 0.013221978519769475]",2352,8,12.834328949917108,3,1;2;6,0.6,0.06893995572841025,0,0
PDE,fisher_kpp,tv_diff,TV,3,0.01,4,u_t,0,0.0,8,0.17408411465965462,-22308.327577328644,-22308.327577328644,0;1;2;3;4;5;6;7,"[0.01594144806041169, 0.9321887074339811, -0.9373492347560138, -0.00045574615515704193, -0.0035405414180160353, 0.007173424465294705, 0.009217210384749054, 0.01322106541657658]",2352,8,18.50921415917037,3,1;2;6,0.5454545454545454,0.06871787137173233,0,0
PDE,fisher_kpp,pod_tv_diff,POD+TV,3,0.01,4,u_t,13,0.02,2,0.22892416269041121,-21710.80537447034,-21707.473169960165,1;2,"[0.0, 1.0203463804906654, -1.0425123269477283, 0.0, 0.0, 0.0, 0.0, 0.0]",2352,8,2150.7216916745238,3,1;2;6,0.8,0.03949600739594623,0,0
PDE,fisher_kpp,pod_tv_diff,POD+TV,3,0.01,4,u_t,9,0.007,3,0.0953208162961168,-23763.729667163654,-23759.704315472918,1;2;6,"[0.0, 1.0024226663386102, -1.0060784342612115, 0.0, 0.0, 0.0, 0.023364260099781344, 0.0]",2352,8,98.49054616177091,3,1;2;6,1.0,0.006588271946608611,1,1
PDE,fisher_kpp,pod_tv_diff,POD+TV,3,0.01,4,u_t,8,0.005,5,0.09081021462322303,-23862.220213325425,-23858.19486163469,0;1;2;6;7,"[0.006469035435135688, 0.9744942966373673, -0.9799878297859687, 0.0, 0.0, 0.0, 0.018637605755594863, 0.005048050520675128]",2352,8,0.0,3,1;2;6,0.75,0.02496900069373539,0,0
PDE,fisher_kpp,pod_tv_diff,POD+TV,3,0.01,4,u_t,0,0.0,8,0.09072838221647661,-23841.05157818932,-23841.05157818932,0;1;2;3;4;5;6;7,"[0.00646876380223064, 0.9744953100303559, -0.9799878768047099, 0.003952550055426075, -0.0233247068781467, 0.02975461146873847, 0.018637415064241457, 0.005051377030916981]",2352,8,17.14328344536989,3,1;2;6,0.5454545454545454,0.03668265521853744,0,0
PDE,fisher_kpp,baseline,Raw FD,4,0.01,4,u_t,13,0.02,2,4.156666127592132,-14892.174297374338,-14888.842092864163,1;2,"[0.0, 1.0238681657828763, -1.0481737965624829, 0.0, 0.0, 0.0, 0.0, 0.0]",2352,8,25.864438029091616,3,1;2;6,0.8,0.04352412605950885,0,0
PDE,fisher_kpp,baseline,Raw FD,4,0.01,4,u_t,8,0.005,3,4.096452055363491,-14918.73188258399,-14914.706530893254,0;1;2,"[0.018329329362062417, 0.9362927434696872, -0.9600358607416004, 0.0, 0.0, 0.0, 0.0, 0.0]",2352,8,0.0,3,1;2;6,0.6666666666666666,0.05868820750805202,0,1
PDE,fisher_kpp,baseline,Raw FD,4,0.01,4,u_t,4,0.0003,7,4.07736237970216,-14898.665855116837,-14896.586413575156,0;1;2;3;4;5;6,"[0.015638868836939757, 0.9456436371081595, -0.9658576353577762, 0.005259559172013679, -0.0293215329646817, 0.0366413809494596, 0.004460509448856247, 0.0]",2352,8,18.120117318097982,3,1;2;6,0.6,0.06018264428663486,0,0
PDE,fisher_kpp,baseline,Raw FD,4,0.01,4,u_t,0,0.0,8,4.077361038576413,-14890.903607427621,-14890.903607427621,0;1;2;3;4;5;6;7,"[0.015613848427851733, 0.9457299206277081, -0.9659464634143798, 0.00525833191105292, -0.029310704623536292, 0.036624835702474635, 0.004534442545879875, -0.0001753192732034076]",2352,8,23.802923465633285,3,1;2;6,0.5454545454545454,0.06009200691843268,0,0
PDE,fisher_kpp,pod_edmd_rbf,POD-EDMD-RBF,4,0.01,4,u_t,14,0.03,2,2.60488956132851,-37781.9801735826,-37778.64796907242,1;2,"[0.0, 1.0240207532738255, -1.0487768717692951, 0.0, 0.0, 0.0, 0.0, 0.0]",5000,8,581.1966291250355,3,1;2;6,0.8,0.043900144117372114,0,0
PDE,fisher_kpp,pod_edmd_rbf,POD-EDMD-RBF,4,0.01,4,u_t,12,0.015,3,2.3147666550975696,-38363.86994988819,-38359.84459819746,1;2;6,"[0.0, 1.0068187824412484, -1.0137117237163473, 0.0, 0.0, 0.0, 0.02364410835296198, 0.0]",5000,8,0.0,3,1;2;6,1.0,0.011721366569060662,1,1
PDE,fisher_kpp,pod_edmd_rbf,POD-EDMD-RBF,4,0.01,4,u_t,8,0.005,5,2.3138174490747776,-38348.88631167096,-38344.86095998023,1;2;4;5;6,"[0.0, 1.0068019379148847, -1.0136847604231638, 0.0, 0.013562439248842855, -0.019612662387762617, 0.023655078830449414, 0.0]",5000,8,14.983638217228872,3,1;2;6,0.75,0.020518460343148203,0,0
PDE,fisher_kpp,pod_edmd_rbf,POD-EDMD-RBF,4,0.01,4,u_t,7,0.003,6,2.31076538609158,-38346.968769810475,-38343.6365653003,0;1;2;4;5;6,"[0.0033170331138618545, 0.9921365812212044, -1.0001024716419642, 0.0, 0.013603279357256116, -0.019747428772583203, 0.02223642843190624, 0.0]",5000,8,16.208032897156954,3,1;2;6,0.6666666666666666,0.018812379499137152,0,0
PDE,fisher_kpp,pod_edmd_rbf,POD-EDMD-RBF,4,0.01,4,u_t,5,0.001,7,2.310719874278809,-38338.55005537688,-38336.4706138352,0;1;2;3;4;5;6,"[0.0033151259718534765, 0.9921415192793503, -1.0001065245445473, -0.0026533758624968516, 0.026510004278187314, -0.03385406982596776, 0.022238363790164466, 0.0]",5000,8,23.37398436226067,3,1;2;6,0.6,0.03152795812234091,0,0
PDE,fisher_kpp,pod_edmd_rbf,POD-EDMD-RBF,4,0.01,4,u_t,0,0.0,8,2.3107087147655356,-38330.0570095093,-38330.0570095093,0;1;2;3;4;5;6;7,"[0.003461137019020406, 0.9916464242013477, -0.9996250389602946, -0.0026535335491220547, 0.026513091786563286, -0.03385843519196549, 0.021807213585877897, 0.0009560602838045595]",5000,8,29.787588688159303,3,1;2;6,0.5454545454545454,0.03166555358615493,0,0
PDE,fisher_kpp,tv_diff,TV,4,0.01,4,u_t,12,0.015,2,0.32091193310776933,-20916.356334463046,-20913.02412995287,1;2,"[0.0, 1.018683754269341, -1.0373705075736797, 0.0, 0.0, 0.0, 0.0, 0.0]",2352,8,1369.0791847159126,3,1;2;6,0.8,0.0363623947817847,0,0
PDE,fisher_kpp,tv_diff,TV,4,0.01,4,u_t,11,0.013,3,0.23410579727361963,-21650.399049813845,-21646.37369812311,0;1;2,"[0.022014822145516432, 0.9135090407878204, -0.931515436042334, 0.0, 0.0, 0.0, 0.0, 0.0]",2352,8,635.7296165456755,3,1;2;6,0.6666666666666666,0.08230849500658502,0,1
PDE,fisher_kpp,tv_diff,TV,4,0.01,4,u_t,10,0.01,4,0.18070039898762785,-22251.64581575388,-22247.39732051183,0;1;2;7,"[0.01853993874898485, 0.9261284734921875, -0.93388067558878, 0.0, 0.0, 0.0, 0.0, 0.03046702123117917]",2352,8,34.70599415695324,3,1;2;6,0.5714285714285714,0.07744461988567546,0,0
PDE,fisher_kpp,tv_diff,TV,4,0.01,4,u_t,8,0.005,7,0.17646187714409,-22284.182756210463,-22282.103314668784,0;1;2;4;5;6;7,"[0.014888195896655921, 0.9385533783512299, -0.944941915057012, 0.0, -0.00727286004582217, 0.014405581487331271, 0.009607786196173133, 0.012384205908480078]",2352,8,0.0,3,1;2;6,0.6,0.06266909104278422,0,0
PDE,fisher_kpp,tv_diff,TV,4,0.01,4,u_t,0,0.0,8,0.17641213902832148,-22277.082770680227,-22277.082770680227,0;1;2;3;4;5;6;7,"[0.014889717910289223, 0.938548303140518, -0.9449366399651146, 0.004017025613580953, -0.02680573756670616, 0.035728514366771255, 0.009602940043468912, 0.01239600059826271]",2352,8,5.02054398855762,3,1;2;6,0.5454545454545454,0.06930576127145753,0,0
PDE,fisher_kpp,pod_tv_diff,POD+TV,4,0.01,4,u_t,13,0.02,2,0.2669910288667943,-21349.010675741392,-21345.67847123122,1;2,"[0.0, 1.0242673738094688, -1.049228669813531, 0.0, 0.0, 0.0, 0.0, 0.0]",2352,8,1628.1778657839495,3,1;2;6,0.8,0.04421881720378061,0,0
PDE,fisher_kpp,pod_tv_diff,POD+TV,4,0.01,4,u_t,8,0.005,3,0.1341705047844489,-22959.667423275318,-22955.64207158458,1;2;6,"[0.0, 1.0063209613476694, -1.012749591661395, 0.0, 0.0, 0.0, 0.023400033357778887, 0.0]",2352,8,18.214265430586238,3,1;2;6,1.0,0.011089533795107517,1,1
PDE,fisher_kpp,pod_tv_diff,POD+TV,4,0.01,4,u_t,6,0.002,5,0.13225951904473637,-22977.881688705904,-22973.856337015168,0;1;2;6;7,"[0.004384705180087342, 0.9876135743772719, -0.995278779881505, 0.0, 0.0, 0.0, 0.019710580171754515, 0.004587893441819496]",2352,8,0.0,3,1;2;6,0.75,0.012682966005676501,0,0
PDE,fisher_kpp,pod_tv_diff,POD+TV,4,0.01,4,u_t,3,0.0001,7,0.13224842310456866,-22962.552975900173,-22960.473534358494,0;1;2;4;5;6;7,"[0.004384980662536432, 0.9876126339811655, -0.9952779664843627, 0.0, -0.0017928661134530917, 0.004333181991503242, 0.019709877878314963, 0.004589130454835727]",2352,8,13.382802656673448,3,1;2;6,0.6,0.013110212995692165,0,0
PDE,fisher_kpp,pod_tv_diff,POD+TV,4,0.01,4,u_t,0,0.0,8,0.1322484187190454,-22954.790032586425,-22954.790032586425,0;1;2;3;4;5;6;7,"[0.004384939897442181, 0.9876127718698772, -0.9952780925200367, -3.7690778570153335e-05, -0.0016095269990245285, 0.004132969266533047, 0.019709989614014035, 0.004588908115245476]",2352,8,19.066304428743024,3,1;2;6,0.5454545454545454,0.01306578948397711,0,0
