setting,system,method,method_label,seed,noise,sparse_factor,fold,lam,cv_mse,solver_primal_objective,solver_dual_objective,solver_primal_dual_gap,solver_relative_primal_dual_gap,solver_max_relative_gap,solver_kkt_stationarity_max,solver_kkt_complementarity_gap,solver_kkt_subgradient_prox_max,solver_masked_dual_stationarity_max,solver_dual_box_violation,solver_dual_scale_min,solver_converged,solver_iterations,solver_rho,solver_tolerance,solver_method,solver_elapsed_seconds,solver_n_observed,solver_n_times,solver_n_channels,solver_objective
ODE,vanderpol_mu2,tv_diff,TV,0,0.01,8,0,0.0,0.0008181256776810528,"[0.0, 0.0]","[0.0, 0.0]","[0.0, 0.0]","[0.0, 0.0]",0.0,0.0,"[0.0, 0.0]",0.0,0.0,0.0,1.0,True,0,0.0,1e-05,zero-penalty interpolation,0.000531981999756681,168,251,2,0.5*sum_train((z-y)^2)+lambda*sum(abs(Bz))
ODE,vanderpol_mu2,tv_diff,TV,0,0.01,8,0,0.0001,0.00022700343450796632,"[0.0003323824121505776, 0.000992189474105658]","[0.0003322526980031222, 0.0009914237094837447]","[1.2971414745538987e-07, 7.657646219133216e-07]","[1.2971414745538987e-07, 7.657646219133216e-07]",7.657646219133216e-07,1.4856194684501316e-07,"[1.297136621340256e-07, 7.657638331191614e-07]",8.25876220145183e-06,1.3552527156068805e-20,0.0,0.9995048519377229,True,50,0.02,1e-05,banded ADMM with dual certificate,0.003048237000257359,168,251,2,0.5*sum_train((z-y)^2)+lambda*sum(abs(Bz))
ODE,vanderpol_mu2,tv_diff,TV,0,0.01,8,0,0.001,0.00022628853385760073,"[0.003048075144206617, 0.009643576064177775]","[0.003047843752478169, 0.009642310904398786]","[2.313917284481326e-07, 1.2651597789889446e-06]","[2.313917284481326e-07, 1.2651597789889446e-06]",1.2651597789889446e-06,2.9373811497382385e-07,"[2.3139044682055077e-07, 1.2651570311071614e-06]",5.834153740336134e-06,4.336808689942018e-19,0.0,0.999902088674217,True,50,0.0502,1e-05,banded ADMM with dual certificate,0.0029113710002093285,168,251,2,0.5*sum_train((z-y)^2)+lambda*sum(abs(Bz))
ODE,vanderpol_mu2,tv_diff,TV,0,0.01,8,0,0.01,0.0003177134947486719,"[0.021708306702733608, 0.08548681951432179]","[0.021706923602453583, 0.08547740362800621]","[1.3831002800245018e-06, 9.415886315575217e-06]","[1.3831002800245018e-06, 9.415886315575217e-06]",9.415886315575217e-06,1.6405432801055997e-06,"[1.383094264700846e-06, 9.415851090210925e-06]",4.329045925793862e-05,3.469446951953614e-18,0.0,0.9999179728359968,True,100,0.502,1e-05,banded ADMM with dual certificate,0.00640952699995978,168,251,2,0.5*sum_train((z-y)^2)+lambda*sum(abs(Bz))
ODE,vanderpol_mu2,tv_diff,TV,0,0.01,8,0,0.1,0.0010069007560905253,"[0.18131231948866466, 0.7469287089869455]","[0.18130842454836676, 0.7469189725169783]","[3.894940297899385e-06, 9.736469967269734e-06]","[3.894940297899385e-06, 9.736469967269734e-06]",9.736469967269734e-06,1.2053885475732384e-06,"[3.8949345188277196e-06, 9.73646485924462e-06]",5.301449913827638e-06,4.163336342344337e-17,0.0,0.9999763948416655,True,125,1.2550000000000001,1e-05,banded ADMM with dual certificate,0.007132296999770915,168,251,2,0.5*sum_train((z-y)^2)+lambda*sum(abs(Bz))
ODE,vanderpol_mu2,tv_diff,TV,0,0.01,8,0,1.0,0.00883660962365119,"[1.5246852259239208, 5.911346483222855]","[1.52467213963053, 5.911344070827743]","[1.3086293390696113e-05, 2.4123951112287045e-06]","[8.58294759350485e-06, 4.0809570511141336e-07]",8.58294759350485e-06,1.500802980003435e-06,"[1.3086276735130298e-05, 2.4123948545451412e-06]",2.4453569312798962e-05,2.220446049250313e-16,0.0,0.9999899100694079,True,675,12.55,1e-05,banded ADMM with dual certificate,0.053326156999901286,168,251,2,0.5*sum_train((z-y)^2)+lambda*sum(abs(Bz))
ODE,vanderpol_mu2,tv_diff,TV,0,0.01,8,0,10.0,0.11831450949050289,"[10.402617713460918, 26.878422586484497]","[10.402514369905251, 26.878422586477296]","[0.00010334355566676834, 7.201350626928615e-12]","[9.93437983720602e-06, 2.679231120709342e-13]",9.93437983720602e-06,6.671537848390585e-06,"[0.00010334302525638606, 7.219114195322618e-12]",0.00032440453985671525,3.552713678800501e-15,0.0,0.9999858391415657,True,1950,125.5,1e-05,banded ADMM with dual certificate,0.11196976500013989,168,251,2,0.5*sum_train((z-y)^2)+lambda*sum(abs(Bz))
ODE,vanderpol_mu2,tv_diff,TV,0,0.01,8,0,100.0,0.3696866655275408,"[49.76990658125604, 68.82304476209029]","[49.769413214226205, 68.82304476207378]","[0.0004933670298328252, 1.6513013179064728e-11]","[9.91295872792804e-06, 2.399343597213323e-13]",9.91295872792804e-06,1.0003684015935654e-05,"[0.0004933647434164357, 1.6505907751707127e-11]",0.0022537035791145854,4.263256414560601e-14,0.0,0.9999887060166986,True,1625,1255.0,1e-05,banded ADMM with dual certificate,0.09680019600000378,168,251,2,0.5*sum_train((z-y)^2)+lambda*sum(abs(Bz))
ODE,vanderpol_mu2,tv_diff,TV,0,0.01,8,0,1000.0,0.9932375996050115,"[82.19960654207492, 83.98521697051257]","[82.19960654207118, 83.98521697051238]","[3.737454790098127e-12, 1.8474111129762605e-13]","[4.546803746785653e-14, 2.1996860633519485e-15]",4.546803746785653e-14,1.039279773351609e-12,"[3.802925280155895e-12, 2.5492298796956585e-13]",0.0,2.2737367544323206e-13,0.0,1.0,True,0,0.0,1e-05,affine exact solution,0.000388586000099167,168,251,2,0.5*sum_train((z-y)^2)+lambda*sum(abs(Bz))
ODE,vanderpol_mu2,tv_diff,TV,0,0.01,8,1,0.0,0.0007326090666705686,"[0.0, 0.0]","[0.0, 0.0]","[0.0, 0.0]","[0.0, 0.0]",0.0,0.0,"[0.0, 0.0]",0.0,0.0,0.0,1.0,True,0,0.0,1e-05,zero-penalty interpolation,0.00044621300003200304,168,251,2,0.5*sum_train((z-y)^2)+lambda*sum(abs(Bz))
ODE,vanderpol_mu2,tv_diff,TV,0,0.01,8,1,0.0001,0.00024629684952107275,"[0.0003345184057203225, 0.0009438529598684893]","[0.0003344093265971839, 0.0009432920667478426]","[1.090791231385781e-07, 5.608931206467016e-07]","[1.090791231385781e-07, 5.608931206467016e-07]",5.608931206467016e-07,9.436167938795285e-08,"[1.0907878303454809e-07, 5.608928774988604e-07]",3.3240619121688297e-06,2.710505431213761e-20,0.0,0.9996854925294741,True,50,0.02,1e-05,banded ADMM with dual certificate,0.0027655010003400093,168,251,2,0.5*sum_train((z-y)^2)+lambda*sum(abs(Bz))
ODE,vanderpol_mu2,tv_diff,TV,0,0.01,8,1,0.001,0.00023508486155928904,"[0.0030799919735128244, 0.009209278785394627]","[0.003079446067746949, 0.00920795119675554]","[5.459057658752965e-07, 1.3275886390877456e-06]","[5.459057658752965e-07, 1.3275886390877456e-06]",1.3275886390877456e-06,5.57852908816478e-07,"[5.458970492181262e-07, 1.3275860898578212e-06]",3.903764720591951e-06,4.336808689942018e-19,0.0,0.9998140502206175,True,50,0.0502,1e-05,banded ADMM with dual certificate,0.0026971279999088438,168,251,2,0.5*sum_train((z-y)^2)+lambda*sum(abs(Bz))
ODE,vanderpol_mu2,tv_diff,TV,0,0.01,8,1,0.01,0.00027897692187371154,"[0.022018428561180216, 0.084544623045905]","[0.022017440917890534, 0.0845428405803772]","[9.876432896828435e-07, 1.7824655278025903e-06]","[9.876432896828435e-07, 1.7824655278025903e-06]",1.7824655278025903e-06,5.770339168119365e-07,"[9.87640581123772e-07, 1.7824640896474397e-06]",5.2177687714927146e-06,3.469446951953614e-18,0.0,0.9999693661039285,True,100,0.502,1e-05,banded ADMM with dual certificate,0.004963376999967295,168,251,2,0.5*sum_train((z-y)^2)+lambda*sum(abs(Bz))
ODE,vanderpol_mu2,tv_diff,TV,0,0.01,8,1,0.1,0.0008200222398668047,"[0.18179458968827378, 0.7545532545990632]","[0.18179440567104643, 0.754546626572643]","[1.8401722734484594e-07, 6.6280264201523664e-06]","[1.8401722734484594e-07, 6.6280264201523664e-06]",6.6280264201523664e-06,5.57884189122948e-07,"[1.8401721174621244e-07, 6.628024526666998e-06]",1.6497182011437905e-06,4.163336342344337e-17,0.0,0.9999933852583636,True,200,1.2550000000000001,1e-05,banded ADMM with dual certificate,0.009616542999992816,168,251,2,0.5*sum_train((z-y)^2)+lambda*sum(abs(Bz))
ODE,vanderpol_mu2,tv_diff,TV,0,0.01,8,1,1.0,0.00796368697945494,"[1.5220968030800575, 5.964479381505953]","[1.5220932098840074, 5.964426772629932]","[3.593196050033498e-06, 5.2608876020876494e-05]","[2.360688257647242e-06, 8.820363464412454e-06]",8.820363464412454e-06,3.994326450262875e-06,"[3.5931949329270907e-06, 5.260876528723202e-05]",2.7822580212055747e-05,3.3306690738754696e-16,0.0,0.9999892376859796,True,725,12.55,1e-05,banded ADMM with dual certificate,0.03352686600010202,168,251,2,0.5*sum_train((z-y)^2)+lambda*sum(abs(Bz))
ODE,vanderpol_mu2,tv_diff,TV,0,0.01,8,1,10.0,0.11869920926838964,"[10.383435870944242, 27.148267223263794]","[10.383344137550603, 27.14826722325531]","[9.173339363854893e-05, 8.483880264975596e-12]","[8.834589511478048e-06, 3.1250172230902533e-13]",8.834589511478048e-06,6.121992472074567e-06,"[9.173296898001837e-05, 8.492762049172597e-12]",0.00023337626610064888,3.552713678800501e-15,0.0,0.9999873804625111,True,2150,125.5,1e-05,banded ADMM with dual certificate,0.10152214700019613,168,251,2,0.5*sum_train((z-y)^2)+lambda*sum(abs(Bz))
ODE,vanderpol_mu2,tv_diff,TV,0,0.01,8,1,100.0,0.37222043844405733,"[49.77818624552231, 68.87035139524757]","[49.77772062380531, 68.87035115335183]","[0.0004656217170051491, 2.4189573366584227e-07]","[9.353930950970177e-06, 3.5123348257307486e-09]",9.353930950970177e-06,1.0281440059989322e-05,"[0.00046561921483601054, 2.41895758534838e-07]",0.0023641912380014674,2.842170943040401e-14,0.0,0.9999881630106081,True,1125,1255.0,1e-05,banded ADMM with dual certificate,0.07930331700026727,168,251,2,0.5*sum_train((z-y)^2)+lambda*sum(abs(Bz))
ODE,vanderpol_mu2,tv_diff,TV,0,0.01,8,1,1000.0,0.9949898637928452,"[82.19274888103949, 83.98892888661909]","[82.19274888103688, 83.98892888661875]","[2.6147972675971687e-12, 3.410605131648481e-13]","[3.18129920606702e-14, 4.0607794108823904e-15]",3.18129920606702e-14,1.431355034497983e-12,"[2.7022770641555826e-12, 2.8569236761831047e-13]",0.0,2.2737367544323206e-13,0.0,1.0,True,0,0.0,1e-05,affine exact solution,0.0005875759998161811,168,251,2,0.5*sum_train((z-y)^2)+lambda*sum(abs(Bz))
ODE,vanderpol_mu2,tv_diff,TV,0,0.01,8,2,0.0,0.0008149098606479909,"[0.0, 0.0]","[0.0, 0.0]","[0.0, 0.0]","[0.0, 0.0]",0.0,0.0,"[0.0, 0.0]",0.0,0.0,0.0,1.0,True,0,0.0,1e-05,zero-penalty interpolation,0.0006795750000492262,168,251,2,0.5*sum_train((z-y)^2)+lambda*sum(abs(Bz))
ODE,vanderpol_mu2,tv_diff,TV,0,0.01,8,2,0.0001,0.0002118734149390503,"[0.0003582761374718336, 0.0009891507845481528]","[0.00035812720686627684, 0.0009885726607769601]","[1.4893060555675255e-07, 5.781237711927241e-07]","[1.4893060555675255e-07, 5.781237711927241e-07]",5.781237711927241e-07,1.2006709036987279e-07,"[1.4893026232729294e-07, 5.781235192538463e-07]",9.667875101815326e-06,1.3471014126235914e-13,0.0,0.9995998257586052,True,50,0.02,1e-05,banded ADMM with dual certificate,0.004990786999769625,168,251,2,0.5*sum_train((z-y)^2)+lambda*sum(abs(Bz))
ODE,vanderpol_mu2,tv_diff,TV,0,0.01,8,2,0.001,0.00019540826273767222,"[0.00332530842941328, 0.00966002418992109]","[0.0033249642290094556, 0.009659061629201967]","[3.4420040382438996e-07, 9.625607191240948e-07]","[3.4420040382438996e-07, 9.625607191240948e-07]",9.625607191240948e-07,2.1282564870248738e-07,"[3.441998933178224e-07, 9.625595725239189e-07]",5.564631767607242e-05,5.615319407376029e-13,0.0,0.9999290587602749,True,50,0.0502,1e-05,banded ADMM with dual certificate,0.004835563000142429,168,251,2,0.5*sum_train((z-y)^2)+lambda*sum(abs(Bz))
ODE,vanderpol_mu2,tv_diff,TV,0,0.01,8,2,0.01,0.00018667521694335108,"[0.023009669325778827, 0.08665190984397698]","[0.02300960990061567, 0.08664722734126279]","[5.9425163158322025e-08, 4.682502714195569e-06]","[5.9425163158322025e-08, 4.682502714195569e-06]",4.682502714195569e-06,1.3004140830517874e-06,"[5.942561369376431e-08, 4.682489460478001e-06]",1.8409687647102935e-06,3.9819363084614423e-13,0.0,0.9999441691394673,True,150,1.004,1e-05,banded ADMM with dual certificate,0.008493230000112817,168,251,2,0.5*sum_train((z-y)^2)+lambda*sum(abs(Bz))
ODE,vanderpol_mu2,tv_diff,TV,0,0.01,8,2,0.1,0.00034393178726146116,"[0.18613159223305525, 0.7782776134997609]","[0.1861315883885119, 0.778269919503493]","[3.844543350339791e-09, 7.693996267876813e-06]","[3.844543350339791e-09, 7.693996267876813e-06]",7.693996267876813e-06,4.76208378785703e-07,"[3.844667195718188e-09, 7.693994573232388e-06]",3.912630159780273e-06,2.939523624512219e-13,0.0,0.9999942377322047,True,250,1.2550000000000001,1e-05,banded ADMM with dual certificate,0.012189483999918593,168,251,2,0.5*sum_train((z-y)^2)+lambda*sum(abs(Bz))
ODE,vanderpol_mu2,tv_diff,TV,0,0.01,8,2,1.0,0.007703376753328513,"[1.5299917072938378, 6.065350113809707]","[1.5299764496528059, 6.065303821915224]","[1.5257641031940494e-05, 4.629189448301929e-05]","[9.972368450890065e-06, 7.632188350944656e-06]",9.972368450890065e-06,3.6225640180909124e-06,"[1.5257615938235602e-05, 4.629179664394911e-05]",2.6944217420776795e-05,6.200595592531499e-14,0.0,0.9999878476224568,True,700,12.55,1e-05,banded ADMM with dual certificate,0.032305724999787344,168,251,2,0.5*sum_train((z-y)^2)+lambda*sum(abs(Bz))
ODE,vanderpol_mu2,tv_diff,TV,0,0.01,8,2,10.0,0.11981969349904284,"[10.362110497048699, 26.978682811072012]","[10.362007393649195, 26.97868281105738]","[0.00010310339950336811, 1.4633627642979263e-11]","[9.950038607746335e-06, 5.424144590548225e-13]",9.950038607746335e-06,6.671995410489906e-06,"[0.00010310284477910159, 1.4559020655724453e-11]",0.0002511310130941524,1.1812772982011666e-13,0.0,0.9999856299546992,True,1850,125.5,1e-05,banded ADMM with dual certificate,0.08837044199981392,168,251,2,0.5*sum_train((z-y)^2)+lambda*sum(abs(Bz))
ODE,vanderpol_mu2,tv_diff,TV,0,0.01,8,2,100.0,0.3752092278580166,"[49.74460770737063, 68.78550795272353]","[49.74414094988226, 68.78546956515773]","[0.0004667574883754355, 3.838756580876179e-05]","[9.383077078850423e-06, 5.5807635868802e-07]",9.383077078850423e-06,9.49880276457371e-06,"[0.000466755417438236, 3.8387529151862054e-05]",0.0021422219570865764,3.312905505481467e-13,0.0,0.9999892567323021,True,1625,1255.0,1e-05,banded ADMM with dual certificate,0.07917640499999834,168,251,2,0.5*sum_train((z-y)^2)+lambda*sum(abs(Bz))
ODE,vanderpol_mu2,tv_diff,TV,0,0.01,8,2,1000.0,0.9960182196824652,"[82.19532643780845, 83.99055021430891]","[82.19532643780508, 83.99055021430856]","[3.367972567502875e-12, 3.552713678800501e-13]","[4.0975231968342973e-14, 4.229896898800466e-15]",4.0975231968342973e-14,1.7297274723659939e-12,"[3.860896286553468e-12, 3.4744707369198317e-13]",0.0,1.7297274723659939e-12,0.0,1.0,True,0,0.0,1e-05,affine exact solution,0.0003697170000123151,168,251,2,0.5*sum_train((z-y)^2)+lambda*sum(abs(Bz))
ODE,vanderpol_mu2,tv_diff,TV,1,0.01,8,0,0.0,0.0007250225564457946,"[0.0, 0.0]","[0.0, 0.0]","[0.0, 0.0]","[0.0, 0.0]",0.0,0.0,"[0.0, 0.0]",0.0,0.0,0.0,1.0,True,0,0.0,1e-05,zero-penalty interpolation,0.000438922000284947,168,251,2,0.5*sum_train((z-y)^2)+lambda*sum(abs(Bz))
ODE,vanderpol_mu2,tv_diff,TV,1,0.01,8,0,0.0001,0.00018550035199747613,"[0.0003604531695071527, 0.0009781216827962173]","[0.00036029723124934626, 0.0009774775227911095]","[1.5593825780646497e-07, 6.441600051078529e-07]","[1.5593825780646497e-07, 6.441600051078529e-07]",6.441600051078529e-07,1.2648329696449264e-07,"[1.5593764280075152e-07, 6.441596268232097e-07]",9.474551404320408e-06,2.710505431213761e-20,0.0,0.9995784435662257,True,50,0.02,1e-05,banded ADMM with dual certificate,0.0028654410002673103,168,251,2,0.5*sum_train((z-y)^2)+lambda*sum(abs(Bz))
ODE,vanderpol_mu2,tv_diff,TV,1,0.01,8,0,0.001,0.0001752381122040421,"[0.0033248979532777526, 0.009594807542262844]","[0.003317486314587232, 0.009593473912797175]","[7.411638690520746e-06, 1.3336294656697556e-06]","[7.411638690520746e-06, 1.3336294656697556e-06]",7.411638690520746e-06,7.1505474791054915e-06,"[7.4100546117467775e-06, 1.333627599868839e-06]",4.775024361292068e-05,2.168404344971009e-19,0.0,0.9976165275693812,True,50,0.0502,1e-05,banded ADMM with dual certificate,0.003011422000327002,168,251,2,0.5*sum_train((z-y)^2)+lambda*sum(abs(Bz))
ODE,vanderpol_mu2,tv_diff,TV,1,0.01,8,0,0.01,0.00025266522530148754,"[0.023065584474494298, 0.08669932860606834]","[0.023062242543940837, 0.08669746101794137]","[3.341930553461131e-06, 1.867588126966413e-06]","[3.341930553461131e-06, 1.867588126966413e-06]",3.341930553461131e-06,3.0689288608165555e-06,"[3.3418483648441077e-06, 1.8675853843824752e-06]",1.0128773630713184e-05,3.469446951953614e-18,0.0,0.9998473635691439,True,75,0.502,1e-05,banded ADMM with dual certificate,0.004014605000065785,168,251,2,0.5*sum_train((z-y)^2)+lambda*sum(abs(Bz))
ODE,vanderpol_mu2,tv_diff,TV,1,0.01,8,0,0.1,0.0009564308302024721,"[0.18500130468600312, 0.7511797525010524]","[0.18500083347250182, 0.7511748035099023]","[4.7121350130185924e-07, 4.948991150111048e-06]","[4.7121350130185924e-07, 4.948991150111048e-06]",4.948991150111048e-06,4.398107970593479e-07,"[4.71213438268947e-07, 4.948990042441537e-06]",1.0709370874550928e-06,2.7755575615628914e-17,0.0,0.9999952356968521,True,150,1.2550000000000001,1e-05,banded ADMM with dual certificate,0.007291276999694674,168,251,2,0.5*sum_train((z-y)^2)+lambda*sum(abs(Bz))
ODE,vanderpol_mu2,tv_diff,TV,1,0.01,8,0,1.0,0.008601050281205601,"[1.5435604167569275, 5.948530203491688]","[1.5435461329618807, 5.948513589280102]","[1.4283795046754477e-05, 1.6614211586052363e-05]","[9.25379718972401e-06, 2.792994406635121e-06]",9.25379718972401e-06,1.626422913902914e-06,"[1.4283773478007689e-05, 1.6614200068154616e-05]",2.5142980314196706e-05,2.220446049250313e-16,0.0,0.9999889421153867,True,775,12.55,1e-05,banded ADMM with dual certificate,0.036868014999981824,168,251,2,0.5*sum_train((z-y)^2)+lambda*sum(abs(Bz))
ODE,vanderpol_mu2,tv_diff,TV,1,0.01,8,0,10.0,0.11782926048378231,"[10.415808281219604, 27.023340598795386]","[10.415728705837871, 27.02334059576291]","[7.957538173286594e-05, 3.0324756039590284e-09]","[7.63986620955242e-06, 1.1221690349024452e-10]",7.63986620955242e-06,5.011312881442187e-06,"[7.957509057199275e-05, 3.032488038456904e-09]",0.00023114981661720435,1.7763568394002505e-15,0.0,0.9999895524067085,True,1000,125.5,1e-05,banded ADMM with dual certificate,0.0483058660001916,168,251,2,0.5*sum_train((z-y)^2)+lambda*sum(abs(Bz))
ODE,vanderpol_mu2,tv_diff,TV,1,0.01,8,0,100.0,0.3699796179996853,"[49.77733897815815, 68.83492007629481]","[49.77684968340013, 68.8349200762779]","[0.0004892947580188434, 1.6910917111090384e-11]","[9.829668842553868e-06, 2.456735199568296e-13]",9.829668842553868e-06,9.488873340623982e-06,"[0.0004892926739721304, 1.695354967523599e-11]",0.00215165816246099,2.842170943040401e-14,0.0,0.9999892188964498,True,1625,1255.0,1e-05,banded ADMM with dual certificate,0.11609282300014456,168,251,2,0.5*sum_train((z-y)^2)+lambda*sum(abs(Bz))
ODE,vanderpol_mu2,tv_diff,TV,1,0.01,8,0,1000.0,0.994858284504632,"[82.21444292576048, 83.98461117373805]","[82.21444292575683, 83.98461117373778]","[3.652189661806915e-12, 2.7000623958883807e-13]","[4.442272588412278e-14, 3.2149489747625206e-15]",4.442272588412278e-14,1.7729151480239125e-12,"[3.65648339868371e-12, 3.2976894494006785e-13]",0.0,2.2737367544323206e-13,0.0,1.0,True,0,0.0,1e-05,affine exact solution,0.0005807259999528469,168,251,2,0.5*sum_train((z-y)^2)+lambda*sum(abs(Bz))
ODE,vanderpol_mu2,tv_diff,TV,1,0.01,8,1,0.0,0.0007679643609447856,"[0.0, 0.0]","[0.0, 0.0]","[0.0, 0.0]","[0.0, 0.0]",0.0,0.0,"[0.0, 0.0]",0.0,0.0,0.0,1.0,True,0,0.0,1e-05,zero-penalty interpolation,0.0006009759999869857,168,251,2,0.5*sum_train((z-y)^2)+lambda*sum(abs(Bz))
ODE,vanderpol_mu2,tv_diff,TV,1,0.01,8,1,0.0001,0.00022414986469402706,"[0.00034942858790670215, 0.0009475567531348103]","[0.00034930317669424043, 0.000947061158731947]","[1.25411212461722e-07, 4.95594402863289e-07]","[1.25411212461722e-07, 4.95594402863289e-07]",4.95594402863289e-07,1.0399348285527717e-07,"[1.254108111932396e-07, 4.955942156794702e-07]",6.542700361489295e-06,2.710505431213761e-20,0.0,0.9996533884399613,True,50,0.02,1e-05,banded ADMM with dual certificate,0.004906269999992219,168,251,2,0.5*sum_train((z-y)^2)+lambda*sum(abs(Bz))
ODE,vanderpol_mu2,tv_diff,TV,1,0.01,8,1,0.001,0.00023338227012299268,"[0.003237136179312397, 0.009240774174409406]","[0.0032368181851514227, 0.009238556898788403]","[3.1799416097414226e-07, 2.2172756210022543e-06]","[3.1799416097414226e-07, 2.2172756210022543e-06]",2.2172756210022543e-06,5.741553793610008e-07,"[3.1799291847064634e-07, 2.217266911316504e-06]",7.244379757370689e-05,4.336808689942018e-19,0.0,0.9998086168068708,True,50,0.0502,1e-05,banded ADMM with dual certificate,0.0050115479998567025,168,251,2,0.5*sum_train((z-y)^2)+lambda*sum(abs(Bz))
ODE,vanderpol_mu2,tv_diff,TV,1,0.01,8,1,0.01,0.00028964662933206423,"[0.023307602634612082, 0.08428136437870429]","[0.023305829201409074, 0.08427352132233511]","[1.77343320300824e-06, 7.84305636918059e-06]","[1.77343320300824e-06, 7.84305636918059e-06]",7.84305636918059e-06,1.8548519463909563e-06,"[1.7734222615764517e-06, 7.84302695427952e-06]",8.924587719838506e-06,3.469446951953614e-18,0.0,0.9999072574028823,True,75,0.502,1e-05,banded ADMM with dual certificate,0.0070912549999775365,168,251,2,0.5*sum_train((z-y)^2)+lambda*sum(abs(Bz))
ODE,vanderpol_mu2,tv_diff,TV,1,0.01,8,1,0.1,0.0008205194249205139,"[0.18778037392798536, 0.755181263307449]","[0.18777958974375802, 0.7551721272410981]","[7.841842273315081e-07, 9.136066350889926e-06]","[7.841842273315081e-07, 9.136066350889926e-06]",9.136066350889926e-06,6.10832325012578e-07,"[7.841841915823267e-07, 9.136064149983802e-06]",5.5842160523178475e-06,2.7755575615628914e-17,0.0,0.9999928646047338,True,150,1.2550000000000001,1e-05,banded ADMM with dual certificate,0.01323342900013813,168,251,2,0.5*sum_train((z-y)^2)+lambda*sum(abs(Bz))
ODE,vanderpol_mu2,tv_diff,TV,1,0.01,8,1,1.0,0.008200927701571341,"[1.5361376649934042, 5.973717765686824]","[1.5361349071085102, 5.973669704661452]","[2.7578848940112977e-06, 4.806102537191492e-05]","[1.7953370696259435e-06, 8.045412799375723e-06]",8.045412799375723e-06,3.6966362177981438e-06,"[2.7578841939046583e-06, 4.8060934844329495e-05]",1.5090519826621573e-05,2.220446049250313e-16,0.0,0.9999902692062034,True,325,12.55,1e-05,banded ADMM with dual certificate,0.017852185999799985,168,251,2,0.5*sum_train((z-y)^2)+lambda*sum(abs(Bz))
ODE,vanderpol_mu2,tv_diff,TV,1,0.01,8,1,10.0,0.11981238713526184,"[10.388257776861034, 27.186474060031237]","[10.38816123935678, 27.18647405494624]","[9.653750425364649e-05, 5.084999088467157e-09]","[9.292944623368476e-06, 1.8704150737748571e-10]",9.292944623368476e-06,6.571557303658437e-06,"[9.653701422784877e-05, 5.085036391960784e-09]",0.00029497963537927774,3.552713678800501e-15,0.0,0.999986502947593,True,1150,125.5,1e-05,banded ADMM with dual certificate,0.05316118799964897,168,251,2,0.5*sum_train((z-y)^2)+lambda*sum(abs(Bz))
ODE,vanderpol_mu2,tv_diff,TV,1,0.01,8,1,100.0,0.37233177377361687,"[49.73722386459593, 68.85170618331003]","[49.73674837836565, 68.85170597760478]","[0.0004754862302860374, 2.0570524839058635e-07]","[9.559967230589625e-06, 2.987656512721979e-09]",9.559967230589625e-06,1.0467652330370392e-05,"[0.00047548363248495207, 2.0570528747043682e-07]",0.002410561419466717,2.842170943040401e-14,0.0,0.9999879309247232,True,1100,1255.0,1e-05,banded ADMM with dual certificate,0.05124740200017186,168,251,2,0.5*sum_train((z-y)^2)+lambda*sum(abs(Bz))
ODE,vanderpol_mu2,tv_diff,TV,1,0.01,8,1,1000.0,0.9944128837165392,"[82.2088116032716, 83.98743390963644]","[82.20881160326853, 83.98743390963595]","[3.069544618483633e-12, 4.831690603168681e-13]","[3.7338389384544714e-14, 5.752873231449341e-15]",3.7338389384544714e-14,1.5592527269348011e-12,"[3.1774278718640183e-12, 4.2186293917189965e-13]",0.0,2.2737367544323206e-13,0.0,1.0,True,0,0.0,1e-05,affine exact solution,0.00036854599966318347,168,251,2,0.5*sum_train((z-y)^2)+lambda*sum(abs(Bz))
ODE,vanderpol_mu2,tv_diff,TV,1,0.01,8,2,0.0,0.0008381338793184493,"[0.0, 0.0]","[0.0, 0.0]","[0.0, 0.0]","[0.0, 0.0]",0.0,0.0,"[0.0, 0.0]",0.0,0.0,0.0,1.0,True,0,0.0,1e-05,zero-penalty interpolation,0.00040757500028121285,168,251,2,0.5*sum_train((z-y)^2)+lambda*sum(abs(Bz))
ODE,vanderpol_mu2,tv_diff,TV,1,0.01,8,2,0.0001,0.00021004243589704735,"[0.0003671940419771482, 0.000952088286361993]","[0.00036703539668885303, 0.0009515364792583733]","[1.5864528829517702e-07, 5.518071036196169e-07]","[1.5864528829517702e-07, 5.518071036196169e-07]",5.518071036196169e-07,1.2459242928976235e-07,"[1.586450944135909e-07, 5.518068565747193e-07]",9.508839170058181e-06,3.510067670547956e-13,0.0,0.9995847419963951,True,50,0.02,1e-05,banded ADMM with dual certificate,0.0026606530000208295,168,251,2,0.5*sum_train((z-y)^2)+lambda*sum(abs(Bz))
ODE,vanderpol_mu2,tv_diff,TV,1,0.01,8,2,0.001,0.0002140413789056014,"[0.00338525019847984, 0.009319378540405527]","[0.00338476586977451, 0.00931690709497575]","[4.843287053301303e-07, 2.471445429776814e-06]","[4.843287053301303e-07, 2.471445429776814e-06]",2.471445429776814e-06,6.672021815559877e-07,"[4.843254210839913e-07, 2.4714354606592687e-06]",7.964857499287437e-05,6.70020896403889e-13,0.0,0.999777627557051,True,50,0.0502,1e-05,banded ADMM with dual certificate,0.0027296870002828655,168,251,2,0.5*sum_train((z-y)^2)+lambda*sum(abs(Bz))
ODE,vanderpol_mu2,tv_diff,TV,1,0.01,8,2,0.01,0.00021954166571850185,"[0.023428210736037354, 0.08557573759735497]","[0.023421609851777544, 0.08557052117135902]","[6.600884259810175e-06, 5.216425995949181e-06]","[6.600884259810175e-06, 5.216425995949181e-06]",6.600884259810175e-06,5.496107925252736e-06,"[6.600681177391238e-06, 5.216416567616067e-06]",1.5102218796636535e-05,7.150590883298058e-13,0.0,0.9997597613666964,True,75,0.502,1e-05,banded ADMM with dual certificate,0.003862516000026517,168,251,2,0.5*sum_train((z-y)^2)+lambda*sum(abs(Bz))
ODE,vanderpol_mu2,tv_diff,TV,1,0.01,8,2,0.1,0.00039447975984841513,"[0.18775846367353846, 0.7778165412501106]","[0.1877548813060581, 0.7778087828725385]","[3.5823674803536765e-06, 7.758377572053554e-06]","[3.5823674803536765e-06, 7.758377572053554e-06]",7.758377572053554e-06,8.700201874906055e-07,"[3.5823623288355755e-06, 7.758373608779401e-06]",3.923755303517074e-06,3.1163266411837753e-13,0.0,0.9999796231548285,True,125,1.2550000000000001,1e-05,banded ADMM with dual certificate,0.006205980000231648,168,251,2,0.5*sum_train((z-y)^2)+lambda*sum(abs(Bz))
ODE,vanderpol_mu2,tv_diff,TV,1,0.01,8,2,1.0,0.007953061272086188,"[1.5320618557566512, 6.085762455381921]","[1.5320514700972838, 6.08575061687728]","[1.0385659367395661e-05, 1.1838504641481506e-05]","[6.778877320371909e-06, 1.945278792637095e-06]",6.778877320371909e-06,1.2567698268739491e-06,"[1.0385646096899848e-05, 1.1838498122251906e-05]",2.2675971464547473e-05,7.244205235679146e-14,0.0,0.9999912921057342,True,825,12.55,1e-05,banded ADMM with dual certificate,0.03822703500009084,168,251,2,0.5*sum_train((z-y)^2)+lambda*sum(abs(Bz))
ODE,vanderpol_mu2,tv_diff,TV,1,0.01,8,2,10.0,0.1210750402967765,"[10.33888100365468, 27.020084051253814]","[10.33877788133529, 27.020084051237433]","[0.00010312231939124672, 1.638156277294911e-11]","[9.974224420882116e-06, 6.062735682788876e-13]",9.974224420882116e-06,6.791586744991918e-06,"[0.00010312174865312329, 1.6209256159527285e-11]",0.00024558228306226226,2.2581936320875684e-13,0.0,0.999985380422656,True,1775,125.5,1e-05,banded ADMM with dual certificate,0.08193609799991464,168,251,2,0.5*sum_train((z-y)^2)+lambda*sum(abs(Bz))
ODE,vanderpol_mu2,tv_diff,TV,1,0.01,8,2,100.0,0.37565952308935596,"[49.69425595886277, 68.73562783318464]","[49.69379589659601, 68.73562783315204]","[0.0004600622667609855, 3.2599700716673397e-11]","[9.257856021465097e-06, 4.742766123529128e-13]",9.257856021465097e-06,9.514600746385327e-06,"[0.0004600601733386611, 3.2667202276570606e-11]",0.002156543020490176,2.212674488077937e-13,0.0,0.9999891853586031,True,1775,1255.0,1e-05,banded ADMM with dual certificate,0.08223318499995003,168,251,2,0.5*sum_train((z-y)^2)+lambda*sum(abs(Bz))
ODE,vanderpol_mu2,tv_diff,TV,1,0.01,8,2,1000.0,0.9955440695581511,"[82.1855239421399, 83.98922278446494]","[82.18552394213664, 83.98922278446463]","[3.254285729781259e-12, 3.126388037344441e-13]","[3.9596824035244154e-14, 3.722368101163942e-15]",3.9596824035244154e-14,2.183808689437683e-13,"[3.264045920089787e-12, 3.2000845613217213e-13]",0.0,1.1368683772161603e-13,0.0,1.0,True,0,0.0,1e-05,affine exact solution,0.00035842099987348774,168,251,2,0.5*sum_train((z-y)^2)+lambda*sum(abs(Bz))
ODE,vanderpol_mu2,tv_diff,TV,2,0.01,8,0,0.0,0.0008034131360823226,"[0.0, 0.0]","[0.0, 0.0]","[0.0, 0.0]","[0.0, 0.0]",0.0,0.0,"[0.0, 0.0]",0.0,0.0,0.0,1.0,True,0,0.0,1e-05,zero-penalty interpolation,0.00046114599990687566,168,251,2,0.5*sum_train((z-y)^2)+lambda*sum(abs(Bz))
ODE,vanderpol_mu2,tv_diff,TV,2,0.01,8,0,0.0001,0.00018141999637924752,"[0.0003351488341785411, 0.00095518697691282]","[0.00033497485800634385, 0.0009544168778488339]","[1.7397617219723407e-07, 7.700990639860532e-07]","[1.7397617219723407e-07, 7.700990639860532e-07]",7.700990639860532e-07,1.5993250377814355e-07,"[1.7397521864765753e-07, 7.700982603944849e-07]",7.037147924049414e-06,1.3552527156068805e-20,0.0,0.9994669303319926,True,50,0.02,1e-05,banded ADMM with dual certificate,0.0028424370002539945,168,251,2,0.5*sum_train((z-y)^2)+lambda*sum(abs(Bz))
ODE,vanderpol_mu2,tv_diff,TV,2,0.01,8,0,0.001,0.00018113198255063982,"[0.00308888025953451, 0.009328882177836683]","[0.0030886181246942406, 0.009327331009172544]","[2.6213484026959763e-07, 1.5511686641388883e-06]","[2.6213484026959763e-07, 1.5511686641388883e-06]",1.5511686641388883e-06,3.6920920398319373e-07,"[2.6213375858797835e-07, 1.5511653907382406e-06]",4.553768863271854e-05,3.2526065174565133e-19,0.0,0.9998769308497116,True,50,0.0502,1e-05,banded ADMM with dual certificate,0.00276900700009719,168,251,2,0.5*sum_train((z-y)^2)+lambda*sum(abs(Bz))
ODE,vanderpol_mu2,tv_diff,TV,2,0.01,8,0,0.01,0.00025986898900488505,"[0.021832908692428793, 0.08501410919628029]","[0.021832845590029445, 0.08500826610635089]","[6.310239934748108e-08, 5.843089929402634e-06]","[6.310239934748108e-08, 5.843089929402634e-06]",5.843089929402634e-06,1.38347368117131e-06,"[6.310239003548546e-08, 5.843071424885271e-06]",5.905831297559061e-06,3.469446951953614e-18,0.0,0.9999308263160805,True,100,0.502,1e-05,banded ADMM with dual certificate,0.005221075000008568,168,251,2,0.5*sum_train((z-y)^2)+lambda*sum(abs(Bz))
ODE,vanderpol_mu2,tv_diff,TV,2,0.01,8,0,0.1,0.0009478557888455157,"[0.18243197664654917, 0.7506243676389037]","[0.18243183314583247, 0.7506154309214618]","[1.4350071669833042e-07, 8.936717441954123e-06]","[1.4350071669833042e-07, 8.936717441954123e-06]",8.936717441954123e-06,7.554085332123206e-07,"[1.4350071020352573e-07, 8.93671446478006e-06]",3.365562523005572e-06,2.7755575615628914e-17,0.0,0.9999921009587686,True,150,1.2550000000000001,1e-05,banded ADMM with dual certificate,0.007355994999670656,168,251,2,0.5*sum_train((z-y)^2)+lambda*sum(abs(Bz))
ODE,vanderpol_mu2,tv_diff,TV,2,0.01,8,0,1.0,0.00886875521632643,"[1.5338308357925168, 5.926984431479178]","[1.5338216417248405, 5.926929108931279]","[9.194067676299156e-06, 5.5322547898306595e-05]","[5.994186230809907e-06, 9.334012690244225e-06]",9.334012690244225e-06,4.60114012512669e-06,"[9.194059626072004e-06, 5.5322414685754495e-05]",2.9740066008088206e-05,3.3306690738754696e-16,0.0,0.9999884758297231,True,725,12.55,1e-05,banded ADMM with dual certificate,0.03432757299970035,168,251,2,0.5*sum_train((z-y)^2)+lambda*sum(abs(Bz))
ODE,vanderpol_mu2,tv_diff,TV,2,0.01,8,0,10.0,0.11869698674729241,"[10.384688474085552, 26.97948238337207]","[10.384585769718829, 26.979482383364456]","[0.00010270436672321637, 7.613465413669473e-12]","[9.889980520793643e-06, 2.82194643525177e-13]",9.889980520793643e-06,7.013904701924645e-06,"[0.00010270376019061445, 7.636558052581677e-12]",0.0003962045629766209,3.552713678800501e-15,0.0,0.9999848844965242,True,3025,125.5,1e-05,banded ADMM with dual certificate,0.14356349500030774,168,251,2,0.5*sum_train((z-y)^2)+lambda*sum(abs(Bz))
ODE,vanderpol_mu2,tv_diff,TV,2,0.01,8,0,100.0,0.37074144086188526,"[49.72145871269879, 68.85750488820726]","[49.72098482402964, 68.85744074901405]","[0.00047388866914843675, 6.413919321346384e-05]","[9.530868188857183e-06, 9.314771616775285e-07]",9.530868188857183e-06,9.889150200281804e-06,"[0.0004738864040803037, 6.413899187407424e-05]",0.0019346749868844881,2.842170943040401e-14,0.0,0.9999887428587109,True,1700,1255.0,1e-05,banded ADMM with dual certificate,0.07986595500005933,168,251,2,0.5*sum_train((z-y)^2)+lambda*sum(abs(Bz))
ODE,vanderpol_mu2,tv_diff,TV,2,0.01,8,0,1000.0,0.9951408619337244,"[82.22052755771088, 83.9833874086511]","[82.2205275577086, 83.98338740865076]","[2.2737367544323206e-12, 3.410605131648481e-13]","[2.7654125094689726e-14, 4.061047353392602e-15]",2.7654125094689726e-14,4.3337555766242986e-13,"[2.219036381030445e-12, 3.6933879959333817e-13]",0.0,1.1368683772161603e-13,0.0,1.0,True,0,0.0,1e-05,affine exact solution,0.00035973300009572995,168,251,2,0.5*sum_train((z-y)^2)+lambda*sum(abs(Bz))
ODE,vanderpol_mu2,tv_diff,TV,2,0.01,8,1,0.0,0.0006842292073983573,"[0.0, 0.0]","[0.0, 0.0]","[0.0, 0.0]","[0.0, 0.0]",0.0,0.0,"[0.0, 0.0]",0.0,0.0,0.0,1.0,True,0,0.0,1e-05,zero-penalty interpolation,0.00038195600018298137,168,251,2,0.5*sum_train((z-y)^2)+lambda*sum(abs(Bz))
ODE,vanderpol_mu2,tv_diff,TV,2,0.01,8,1,0.0001,0.00018885277441031906,"[0.0003405801036490859, 0.0009485265939050077]","[0.0003404392714240267, 0.000947716540158834]","[1.408322250591931e-07, 8.100537461737042e-07]","[1.408322250591931e-07, 8.100537461737042e-07]",8.100537461737042e-07,1.7910573981946062e-07,"[1.4083166005921487e-07, 8.100527382657544e-07]",1.5848045072273538e-05,1.3552527156068805e-20,0.0,0.9994030566551775,True,50,0.02,1e-05,banded ADMM with dual certificate,0.0027857420000145794,168,251,2,0.5*sum_train((z-y)^2)+lambda*sum(abs(Bz))
ODE,vanderpol_mu2,tv_diff,TV,2,0.01,8,1,0.001,0.0001883549742911936,"[0.003115901725201084, 0.009262372655006876]","[0.0031152392452098486, 0.009261410831247268]","[6.624799912353582e-07, 9.61823759608113e-07]","[6.624799912353582e-07, 9.61823759608113e-07]",9.61823759608113e-07,4.792062860319371e-07,"[6.624723892624876e-07, 9.618228704495746e-07]",0.00010366093211011673,4.336808689942018e-19,0.0,0.9998402697082618,True,50,0.0502,1e-05,banded ADMM with dual certificate,0.0029265940002005664,168,251,2,0.5*sum_train((z-y)^2)+lambda*sum(abs(Bz))
ODE,vanderpol_mu2,tv_diff,TV,2,0.01,8,1,0.01,0.0002264946014480641,"[0.021953320393945763, 0.08489934846665985]","[0.021947919454093922, 0.08489536618088256]","[5.400939851841341e-06, 3.9822857772903175e-06]","[5.400939851841341e-06, 3.9822857772903175e-06]",5.400939851841341e-06,1.9257284288552723e-06,"[5.4009067600724325e-06, 3.98228222318886e-06]",2.9526774102173138e-05,3.469446951953614e-18,0.0,0.9998898528455562,True,100,0.251,1e-05,banded ADMM with dual certificate,0.00552265999976953,168,251,2,0.5*sum_train((z-y)^2)+lambda*sum(abs(Bz))
ODE,vanderpol_mu2,tv_diff,TV,2,0.01,8,1,0.1,0.0007393704992917953,"[0.18530959200673547, 0.7573603152001386]","[0.1853095919924488, 0.7573511915179126]","[1.4286655192208286e-11, 9.123682225942176e-06]","[1.4286655192208286e-11, 9.123682225942176e-06]",9.123682225942176e-06,5.379291127816099e-07,"[1.4286655192208286e-11, 9.123680527189926e-06]",5.362321360058431e-06,2.7755575615628914e-17,0.0,0.9999938556601498,True,175,1.2550000000000001,1e-05,banded ADMM with dual certificate,0.009399245999702543,168,251,2,0.5*sum_train((z-y)^2)+lambda*sum(abs(Bz))
ODE,vanderpol_mu2,tv_diff,TV,2,0.01,8,1,1.0,0.007997944163513921,"[1.5353074635356576, 5.965667681123156]","[1.5353074411857617, 5.965619559802288]","[2.2349895933970743e-08, 4.812132086762233e-05]","[1.455727693950057e-08, 8.066376378940794e-06]",8.066376378940794e-06,3.601903864947076e-06,"[2.234989904259521e-08, 4.812123110475852e-05]",2.3821058181217047e-05,2.220446049250313e-16,0.0,0.9999903548012684,True,525,12.55,1e-05,banded ADMM with dual certificate,0.02491007000026002,168,251,2,0.5*sum_train((z-y)^2)+lambda*sum(abs(Bz))
ODE,vanderpol_mu2,tv_diff,TV,2,0.01,8,1,10.0,0.11909905437356896,"[10.37956719316668, 27.16434081388235]","[10.37946554305416, 27.164340813823078]","[0.00010165011252105671, 5.927347501710756e-11]","[9.793290089010397e-06, 2.1820325191478902e-12]",9.793290089010397e-06,6.596212639764509e-06,"[0.00010164959277680907, 5.929479129918036e-11]",0.00021682672455192176,3.552713678800501e-15,0.0,0.9999861145561116,True,1425,125.5,1e-05,banded ADMM with dual certificate,0.06803116500032047,168,251,2,0.5*sum_train((z-y)^2)+lambda*sum(abs(Bz))
ODE,vanderpol_mu2,tv_diff,TV,2,0.01,8,1,100.0,0.37088311646254296,"[49.72846743492708, 68.87821138120094]","[49.72824205560246, 68.87754085978703]","[0.00022537932462540766, 0.0006705214139088866]","[4.5321992864616445e-06, 9.734884232082328e-06]",9.734884232082328e-06,4.903487056573397e-05,"[0.00022537876605355223, 0.0006704984060021957]",0.0031759239910229553,2.842170943040401e-14,0.0,0.9999772268210523,True,1025,1255.0,1e-05,banded ADMM with dual certificate,0.054661722000219015,168,251,2,0.5*sum_train((z-y)^2)+lambda*sum(abs(Bz))
ODE,vanderpol_mu2,tv_diff,TV,2,0.01,8,1,1000.0,0.9932119781338659,"[82.21239148284569, 83.9845931313658]","[82.21239148284293, 83.98459313136539]","[2.7569058147491887e-12, 4.121147867408581e-13]","[3.353394500541248e-14, 4.907028436706747e-15]",3.353394500541248e-14,1.8316459460265833e-12,"[2.7759201657717278e-12, 4.0087418084491483e-13]",0.0,1.1368683772161603e-13,0.0,1.0,True,0,0.0,1e-05,affine exact solution,0.00037571600023511564,168,251,2,0.5*sum_train((z-y)^2)+lambda*sum(abs(Bz))
ODE,vanderpol_mu2,tv_diff,TV,2,0.01,8,2,0.0,0.0008373439307508513,"[0.0, 0.0]","[0.0, 0.0]","[0.0, 0.0]","[0.0, 0.0]",0.0,0.0,"[0.0, 0.0]",0.0,0.0,0.0,1.0,True,0,0.0,1e-05,zero-penalty interpolation,0.000382075999823428,168,251,2,0.5*sum_train((z-y)^2)+lambda*sum(abs(Bz))
ODE,vanderpol_mu2,tv_diff,TV,2,0.01,8,2,0.0001,0.0002222313385666711,"[0.00032748705763570437, 0.0009284382864330262]","[0.0003273246427472663, 0.0009277586947135133]","[1.6241488843806101e-07, 6.79591719512972e-07]","[1.6241488843806101e-07, 6.79591719512972e-07]",6.79591719512972e-07,1.4139874989648913e-07,"[1.6241446450861478e-07, 6.795911517077291e-07]",8.2268990326817e-06,2.546778570368738e-13,0.0,0.9995287355530297,True,50,0.02,1e-05,banded ADMM with dual certificate,0.003018242000052851,168,251,2,0.5*sum_train((z-y)^2)+lambda*sum(abs(Bz))
ODE,vanderpol_mu2,tv_diff,TV,2,0.01,8,2,0.001,0.00022363731490482273,"[0.0030102108306809027, 0.009071303346984654]","[0.003009985338826985, 0.009070470082359896]","[2.2549185391780233e-07, 8.332646247583009e-07]","[2.2549185391780233e-07, 8.332646247583009e-07]",8.332646247583009e-07,2.0887563300471187e-07,"[2.2549126449649542e-07, 8.332640185019363e-07]",6.933989900537174e-06,5.904816566260074e-13,0.0,0.9999303761118029,True,50,0.0502,1e-05,banded ADMM with dual certificate,0.0032833830000527087,168,251,2,0.5*sum_train((z-y)^2)+lambda*sum(abs(Bz))
ODE,vanderpol_mu2,tv_diff,TV,2,0.01,8,2,0.01,0.0002446059966445139,"[0.02186026663539386, 0.08465886864147791]","[0.02185422208582328, 0.08465731076022937]","[6.044549570580204e-06, 1.5578812485456117e-06]","[6.044549570580204e-06, 1.5578812485456117e-06]",6.044549570580204e-06,2.313015134813856e-06,"[6.044515781053472e-06, 1.5578807993077426e-06]",2.5811178357093567e-05,4.274254561398294e-13,0.0,0.9998903873351429,True,75,0.502,1e-05,banded ADMM with dual certificate,0.004013382999801252,168,251,2,0.5*sum_train((z-y)^2)+lambda*sum(abs(Bz))
ODE,vanderpol_mu2,tv_diff,TV,2,0.01,8,2,0.1,0.00047691200205063827,"[0.18276536810045668, 0.7755516330824055]","[0.1827652123166149, 0.775544570012554]","[1.5578384177095117e-07, 7.063069851542814e-06]","[1.5578384177095117e-07, 7.063069851542814e-06]",7.063069851542814e-06,4.793014363596582e-07,"[1.557842043975466e-07, 7.0630685128358905e-06]",4.866347473098109e-06,3.0776423076694925e-13,0.0,0.9999945902082951,True,175,1.2550000000000001,1e-05,banded ADMM with dual certificate,0.008775816000252235,168,251,2,0.5*sum_train((z-y)^2)+lambda*sum(abs(Bz))
ODE,vanderpol_mu2,tv_diff,TV,2,0.01,8,2,1.0,0.00781760169094106,"[1.5203881597514275, 6.081679910122706]","[1.5203877016741152, 6.081639345732028]","[4.580773123041837e-07, 4.056439067845474e-05]","[3.0128971300268217e-07, 6.669931873747084e-06]",6.669931873747084e-06,3.238015219286794e-06,"[4.580773353968226e-07, 4.056431170695873e-05]",1.3219638276051882e-05,3.362587985833443e-14,0.0,0.9999915587831014,True,425,12.55,1e-05,banded ADMM with dual certificate,0.0257038059999104,168,251,2,0.5*sum_train((z-y)^2)+lambda*sum(abs(Bz))
ODE,vanderpol_mu2,tv_diff,TV,2,0.01,8,2,10.0,0.12052749745085241,"[10.351990271144006, 26.999797154429338]","[10.351892791192734, 26.99979715434829]","[9.74799512718505e-05, 8.104805715447583e-11]","[9.416542009663028e-06, 3.0018024465483746e-12]",9.416542009663028e-06,6.2285124010630355e-06,"[9.747946874494318e-05, 8.121503469737945e-11]",0.0002574455202424275,2.2570834090629432e-13,0.0,0.9999865742712171,True,1475,125.5,1e-05,banded ADMM with dual certificate,0.08866477099991243,168,251,2,0.5*sum_train((z-y)^2)+lambda*sum(abs(Bz))
ODE,vanderpol_mu2,tv_diff,TV,2,0.01,8,2,100.0,0.3756176649350086,"[49.70572722330337, 68.74644947959206]","[49.70552626376966, 68.74643910718389]","[0.0002009595337071346, 1.0372408169700975e-05]","[4.042985485441594e-06, 1.508791835537646e-07]",4.042985485441594e-06,2.174569516455449e-06,"[0.00020095942528186583, 1.0372405768066528e-05]",0.0004935454728780542,1.1300405056147156e-12,0.0,0.9999975251311081,True,1550,1255.0,1e-05,banded ADMM with dual certificate,0.0753042659998755,168,251,2,0.5*sum_train((z-y)^2)+lambda*sum(abs(Bz))
ODE,vanderpol_mu2,tv_diff,TV,2,0.01,8,2,1000.0,0.9961536539781826,"[82.21041956121009, 83.9892078371955]","[82.21041956120742, 83.9892078371951]","[2.6716406864579767e-12, 3.979039320256561e-13]","[3.2497592163105264e-14, 4.737560244608477e-15]",3.2497592163105264e-14,1.6582291095801338e-12,"[3.0597229276076314e-12, 3.880228669818968e-13]",0.0,1.6582291095801338e-12,0.0,1.0,True,0,0.0,1e-05,affine exact solution,0.00037244200029817875,168,251,2,0.5*sum_train((z-y)^2)+lambda*sum(abs(Bz))
ODE,vanderpol_mu2,tv_diff,TV,3,0.01,8,0,0.0,0.0009553868515694098,"[0.0, 0.0]","[0.0, 0.0]","[0.0, 0.0]","[0.0, 0.0]",0.0,0.0,"[0.0, 0.0]",0.0,0.0,0.0,1.0,True,0,0.0,1e-05,zero-penalty interpolation,0.00042572200027279905,168,251,2,0.5*sum_train((z-y)^2)+lambda*sum(abs(Bz))
ODE,vanderpol_mu2,tv_diff,TV,3,0.01,8,0,0.0001,0.00025481082707646413,"[0.000329795234144952, 0.0009643216987964092]","[0.00032960533099173447, 0.0009636270739659906]","[1.899031532175176e-07, 6.946248304186102e-07]","[1.899031532175176e-07, 6.946248304186102e-07]",6.946248304186102e-07,1.6836969263456713e-07,"[1.899021358545117e-07, 6.94624324423191e-07]",7.3405659164471615e-06,2.710505431213761e-20,0.0,0.9994388307624382,True,50,0.02,1e-05,banded ADMM with dual certificate,0.0029357380003602884,168,251,2,0.5*sum_train((z-y)^2)+lambda*sum(abs(Bz))
ODE,vanderpol_mu2,tv_diff,TV,3,0.01,8,0,0.001,0.000265378123791277,"[0.003040319197102133, 0.009417305839910028]","[0.0030401519431419682, 0.009416452648506806]","[1.6725396016466568e-07, 8.531914032217092e-07]","[1.6725396016466568e-07, 8.531914032217092e-07]",8.531914032217092e-07,1.7272148269444065e-07,"[1.672533642732739e-07, 8.531906172584008e-07]",6.080126012886211e-06,4.336808689942018e-19,0.0,0.9999424265702023,True,50,0.0502,1e-05,banded ADMM with dual certificate,0.0036013210001328844,168,251,2,0.5*sum_train((z-y)^2)+lambda*sum(abs(Bz))
ODE,vanderpol_mu2,tv_diff,TV,3,0.01,8,0,0.01,0.0003672689726735431,"[0.021905687176866733, 0.08499251078107009]","[0.021905519737900035, 0.08499250419274168]","[1.674389666986298e-07, 6.588328410606081e-09]","[1.674389666986298e-07, 6.588328410606081e-09]",1.674389666986298e-07,1.0807881393321006e-07,"[1.674388437032659e-07, 6.588328382850506e-09]",6.874928257794011e-07,3.469446951953614e-18,0.0,0.9999929653320301,True,75,0.502,1e-05,banded ADMM with dual certificate,0.0040583609998066095,168,251,2,0.5*sum_train((z-y)^2)+lambda*sum(abs(Bz))
ODE,vanderpol_mu2,tv_diff,TV,3,0.01,8,0,0.1,0.001138390776457673,"[0.18514875686656868, 0.7477322646609416]","[0.18514230366102172, 0.74772501900488]","[6.453205546957941e-06, 7.245656061583006e-06]","[6.453205546957941e-06, 7.245656061583006e-06]",7.245656061583006e-06,1.8845276146053913e-06,"[6.4531919156674e-06, 7.2456543381838046e-06]",8.089386644594132e-06,2.7755575615628914e-17,0.0,0.999964404328848,True,125,1.2550000000000001,1e-05,banded ADMM with dual certificate,0.006415787000150885,168,251,2,0.5*sum_train((z-y)^2)+lambda*sum(abs(Bz))
ODE,vanderpol_mu2,tv_diff,TV,3,0.01,8,0,1.0,0.009210276168571478,"[1.5444597710718848, 5.9309365408443675]","[1.5444512426028756, 5.93087904150282]","[8.52846900922799e-06, 5.7499341547639915e-05]","[5.521975495230328e-06, 9.694816518716946e-06]",9.694816518716946e-06,4.887700658429139e-06,"[8.52846117216366e-06, 5.749919962116934e-05]",3.07713736766857e-05,2.220446049250313e-16,0.0,0.9999880759536582,True,700,12.55,1e-05,banded ADMM with dual certificate,0.03419602499980101,168,251,2,0.5*sum_train((z-y)^2)+lambda*sum(abs(Bz))
ODE,vanderpol_mu2,tv_diff,TV,3,0.01,8,0,10.0,0.1199823108869195,"[10.429163814684257, 27.00553048872797]","[10.429068666851851, 27.005530488449317]","[9.514783240582858e-05, 2.786535446830385e-10]","[9.123246513000446e-06, 1.0318388109404022e-11]",9.123246513000446e-06,5.952229151895416e-06,"[9.514742094474116e-05, 2.786464392556809e-10]",0.0002860441752066123,3.552713678800501e-15,0.0,0.9999875671765741,True,1175,125.5,1e-05,banded ADMM with dual certificate,0.05487342100013848,168,251,2,0.5*sum_train((z-y)^2)+lambda*sum(abs(Bz))
ODE,vanderpol_mu2,tv_diff,TV,3,0.01,8,0,100.0,0.37277096669619,"[49.789255823007196, 68.89401422550054]","[49.7887932385241, 68.89400133506554]","[0.00046258448309544065, 1.2890435002077538e-05]","[9.290849510582247e-06, 1.8710529712908284e-07]",9.290849510582247e-06,9.285325664132316e-06,"[0.0004625825673372219, 1.2890427530720672e-05]",0.002059615786677682,2.842170943040401e-14,0.0,0.9999896802899502,True,1625,1255.0,1e-05,banded ADMM with dual certificate,0.07598247800024183,168,251,2,0.5*sum_train((z-y)^2)+lambda*sum(abs(Bz))
ODE,vanderpol_mu2,tv_diff,TV,3,0.01,8,0,1000.0,0.9969085212618223,"[82.22372478958282, 83.98295166286334]","[82.22372478958026, 83.98295166286292]","[2.5579538487363607e-12, 4.263256414560601e-13]","[3.1109680998791673e-14, 5.0763355301856844e-15]",3.1109680998791673e-14,6.869504964868156e-13,"[2.558348494680283e-12, 3.944700639492747e-13]",0.0,1.1368683772161603e-13,0.0,1.0,True,0,0.0,1e-05,affine exact solution,0.0003611550000641728,168,251,2,0.5*sum_train((z-y)^2)+lambda*sum(abs(Bz))
ODE,vanderpol_mu2,tv_diff,TV,3,0.01,8,1,0.0,0.0007512393581960446,"[0.0, 0.0]","[0.0, 0.0]","[0.0, 0.0]","[0.0, 0.0]",0.0,0.0,"[0.0, 0.0]",0.0,0.0,0.0,1.0,True,0,0.0,1e-05,zero-penalty interpolation,0.0006414980002773518,168,251,2,0.5*sum_train((z-y)^2)+lambda*sum(abs(Bz))
ODE,vanderpol_mu2,tv_diff,TV,3,0.01,8,1,0.0001,0.0002247300588213815,"[0.0003625513170894749, 0.0009714904210469074]","[0.00036239053160184054, 0.0009705945346208114]","[1.6078548763438002e-07, 8.958864260960424e-07]","[1.6078548763438002e-07, 8.958864260960424e-07]",8.958864260960424e-07,1.8783352521035013e-07,"[1.607848258698458e-07, 8.958853206720218e-07]",7.816101257551722e-06,2.710505431213761e-20,0.0,0.9993739573096471,True,50,0.02,1e-05,banded ADMM with dual certificate,0.00289945299982719,168,251,2,0.5*sum_train((z-y)^2)+lambda*sum(abs(Bz))
ODE,vanderpol_mu2,tv_diff,TV,3,0.01,8,1,0.001,0.00023339139687503184,"[0.003340266606764358, 0.009480954917873706]","[0.003339684444932772, 0.009479694828785946]","[5.821618315861657e-07, 1.2600890877591947e-06]","[5.821618315861657e-07, 1.2600890877591947e-06]",1.2600890877591947e-06,5.044889449172356e-07,"[5.821536253401531e-07, 1.2600865979661008e-06]",1.5120083150854668e-05,4.336808689942018e-19,0.0,0.9998318388931278,True,50,0.0502,1e-05,banded ADMM with dual certificate,0.002816217000145116,168,251,2,0.5*sum_train((z-y)^2)+lambda*sum(abs(Bz))
ODE,vanderpol_mu2,tv_diff,TV,3,0.01,8,1,0.01,0.0002872359992070603,"[0.02279187780630612, 0.08473642105604477]","[0.022789744093804135, 0.08473130201794685]","[2.1337125019858794e-06, 5.119038097925466e-06]","[2.1337125019858794e-06, 5.119038097925466e-06]",5.119038097925466e-06,1.1305715761286694e-06,"[2.1337102463700464e-06, 5.1190255753591485e-06]",1.9842821294302482e-05,3.469446951953614e-18,0.0,0.9999434714211954,True,100,0.251,1e-05,banded ADMM with dual certificate,0.00551687100005438,168,251,2,0.5*sum_train((z-y)^2)+lambda*sum(abs(Bz))
ODE,vanderpol_mu2,tv_diff,TV,3,0.01,8,1,0.1,0.0007929051810384295,"[0.18596875975585986, 0.7615505366513289]","[0.18596870671242602, 0.7615407762749792]","[5.304343383971677e-08, 9.760376349698952e-06]","[5.304343383971677e-08, 9.760376349698952e-06]",9.760376349698952e-06,5.952594498565e-07,"[5.304343320133853e-08, 9.760374357070667e-06]",5.438598020934826e-06,2.7755575615628914e-17,0.0,0.9999931519191344,True,150,1.2550000000000001,1e-05,banded ADMM with dual certificate,0.007751009999992675,168,251,2,0.5*sum_train((z-y)^2)+lambda*sum(abs(Bz))
ODE,vanderpol_mu2,tv_diff,TV,3,0.01,8,1,1.0,0.008027929860682754,"[1.537827211066387, 5.997953554794524]","[1.5378271730636217, 5.997896034071534]","[3.8002765379019365e-08, 5.75207229900343e-05]","[2.4711986564905965e-08, 9.590058086404244e-06]",9.590058086404244e-06,4.514769132990537e-06,"[3.800276560106397e-08, 5.7520593260029784e-05]",2.6231568537538053e-05,2.220446049250313e-16,0.0,0.9999884169467415,True,725,12.55,1e-05,banded ADMM with dual certificate,0.03501736299995173,168,251,2,0.5*sum_train((z-y)^2)+lambda*sum(abs(Bz))
ODE,vanderpol_mu2,tv_diff,TV,3,0.01,8,1,10.0,0.12004325837171853,"[10.387584086593886, 27.284164667124205]","[10.387481921835901, 27.284164667115657]","[0.00010216475798507929, 8.547829111194005e-12]","[9.835276146349768e-06, 3.13289016375628e-13]",9.835276146349768e-06,6.877127215698664e-06,"[0.00010216423425646326, 8.569145393266808e-12]",0.00035975161198997796,3.552713678800501e-15,0.0,0.9999860468050716,True,2150,125.5,1e-05,banded ADMM with dual certificate,0.10839595000015834,168,251,2,0.5*sum_train((z-y)^2)+lambda*sum(abs(Bz))
ODE,vanderpol_mu2,tv_diff,TV,3,0.01,8,1,100.0,0.3727187586061112,"[49.762196317776, 68.90995907330013]","[49.76172346495313, 68.90995899813328]","[0.00047285282287390373, 7.516685229802533e-08]","[9.502249857589017e-06, 1.0907980981104587e-09]",9.502249857589017e-06,1.0559379425623128e-05,"[0.0004728502158037884, 7.516682032360222e-08]",0.002412758898955758,2.842170943040401e-14,0.0,0.999987919827888,True,1125,1255.0,1e-05,banded ADMM with dual certificate,0.08582017500020811,168,251,2,0.5*sum_train((z-y)^2)+lambda*sum(abs(Bz))
ODE,vanderpol_mu2,tv_diff,TV,3,0.01,8,1,1000.0,0.9935685225221733,"[82.21792503340791, 83.98717398656899]","[82.2179250334062, 83.98717398656868]","[1.7053025658242404e-12, 3.126388037344441e-13]","[2.0741250343295805e-14, 3.722458905266183e-15]",2.0741250343295805e-14,2.6545432518787493e-13,"[1.7224237624333651e-12, 3.7312573760104913e-13]",0.0,2.2737367544323206e-13,0.0,1.0,True,0,0.0,1e-05,affine exact solution,0.0003660630000013043,168,251,2,0.5*sum_train((z-y)^2)+lambda*sum(abs(Bz))
ODE,vanderpol_mu2,tv_diff,TV,3,0.01,8,2,0.0,0.0006883112873760194,"[0.0, 0.0]","[0.0, 0.0]","[0.0, 0.0]","[0.0, 0.0]",0.0,0.0,"[0.0, 0.0]",0.0,0.0,0.0,1.0,True,0,0.0,1e-05,zero-penalty interpolation,0.0003828369999610004,168,251,2,0.5*sum_train((z-y)^2)+lambda*sum(abs(Bz))
ODE,vanderpol_mu2,tv_diff,TV,3,0.01,8,2,0.0001,0.0001728604868185594,"[0.000366147954978351, 0.0009888372483593958]","[0.0003659985887848743, 0.0009881237511357927]","[1.4936619347670705e-07, 7.134972236030619e-07]","[1.4936619347670705e-07, 7.134972236030619e-07]",7.134972236030619e-07,1.370343513515588e-07,"[1.493656411338676e-07, 7.134965778776182e-07]",9.81712988989969e-06,1.4747647276557724e-13,0.0,0.9995432799396672,True,50,0.02,1e-05,banded ADMM with dual certificate,0.0026751949999379576,168,251,2,0.5*sum_train((z-y)^2)+lambda*sum(abs(Bz))
ODE,vanderpol_mu2,tv_diff,TV,3,0.01,8,2,0.001,0.00016454382721878177,"[0.0033220354540750147, 0.009668548040521432]","[0.0033218360161712413, 0.009667707849779321]","[1.9943790377334458e-07, 8.401907421115573e-07]","[1.9943790377334458e-07, 8.401907421115573e-07]",8.401907421115573e-07,1.7103478018240525e-07,"[1.9943753624572166e-07, 8.401901189676597e-07]",3.932841210030347e-06,5.922300410493575e-13,0.0,0.999942988767153,True,50,0.0502,1e-05,banded ADMM with dual certificate,0.0027131320002808934,168,251,2,0.5*sum_train((z-y)^2)+lambda*sum(abs(Bz))
ODE,vanderpol_mu2,tv_diff,TV,3,0.01,8,2,0.01,0.00015846068043967948,"[0.023121518535325087, 0.0875203077874423]","[0.0231148645626957, 0.08751811808489184]","[6.6539726293855794e-06, 2.189702550461914e-06]","[6.6539726293855794e-06, 2.189702550461914e-06]",6.6539726293855794e-06,3.0191649683132538e-06,"[6.653896844437818e-06, 2.1897005421378513e-06]",3.749161907640186e-05,1.2361682857897627e-13,0.0,0.9998494582995241,True,75,0.251,1e-05,banded ADMM with dual certificate,0.003846660999897722,168,251,2,0.5*sum_train((z-y)^2)+lambda*sum(abs(Bz))
ODE,vanderpol_mu2,tv_diff,TV,3,0.01,8,2,0.1,0.00032454849023210553,"[0.18811290901415464, 0.7836117275930543]","[0.18811202262096452, 0.7836036520552296]","[8.863931901248456e-07, 8.075537824669965e-06]","[8.863931901248456e-07, 8.075537824669965e-06]",8.075537824669965e-06,7.787761610311694e-07,"[8.863931290070681e-07, 8.075533654339218e-06]",2.1125686016365552e-06,2.3602647614140437e-13,0.0,0.9999904996124361,True,150,1.2550000000000001,1e-05,banded ADMM with dual certificate,0.007619391999924119,168,251,2,0.5*sum_train((z-y)^2)+lambda*sum(abs(Bz))
ODE,vanderpol_mu2,tv_diff,TV,3,0.01,8,2,1.0,0.00753884408686218,"[1.5386257497072304, 6.109740356681005]","[1.5386112335654405, 6.109729543644148]","[1.4516141789933101e-05, 1.0813036857015845e-05]","[9.434485151893e-06, 1.7698030072901187e-06]",9.434485151893e-06,1.720963009210763e-06,"[1.4516118831187086e-05, 1.08130315989996e-05]",2.596334449334048e-05,4.191091917959966e-14,0.0,0.9999886108343398,True,800,12.55,1e-05,banded ADMM with dual certificate,0.037311273000341316,168,251,2,0.5*sum_train((z-y)^2)+lambda*sum(abs(Bz))
ODE,vanderpol_mu2,tv_diff,TV,3,0.01,8,2,10.0,0.11976166882835117,"[10.37689731655827, 27.1414231296205]","[10.376796786108436, 27.141423129423117]","[0.00010053044983493464, 1.9738166656679823e-10]","[9.687910246015407e-06, 7.2723403494412895e-12]",9.687910246015407e-06,7.112200868020224e-06,"[0.00010052981260244565, 1.9736923206892243e-10]",0.00033094333761773953,2.5202062658991053e-14,0.0,0.9999846124495777,True,1375,125.5,1e-05,banded ADMM with dual certificate,0.0637202640000396,168,251,2,0.5*sum_train((z-y)^2)+lambda*sum(abs(Bz))
ODE,vanderpol_mu2,tv_diff,TV,3,0.01,8,2,100.0,0.37510469147035713,"[49.76008632234232, 68.8175079700936]","[49.75962237658218, 68.81750797003951]","[0.00046394576013852884, 5.4086513046058826e-11]","[9.32365263864538e-06, 7.859411745854485e-13]",9.32365263864538e-06,9.243209883491588e-06,"[0.0004639438474391966, 5.396572078097961e-11]",0.0020558653613278466,2.60513832728293e-13,0.0,0.9999896827472529,True,1625,1255.0,1e-05,banded ADMM with dual certificate,0.07573372200022277,168,251,2,0.5*sum_train((z-y)^2)+lambda*sum(abs(Bz))
ODE,vanderpol_mu2,tv_diff,TV,3,0.01,8,2,1000.0,0.9945295052189365,"[82.20220837424537, 83.9900928402395]","[82.202208374242, 83.99009284023916]","[3.367972567502875e-12, 3.410605131648481e-13]","[4.097180153809698e-14, 4.060723135686863e-15]",4.097180153809698e-14,6.920020112488601e-13,"[3.3861813890450542e-12, 3.721572462247959e-13]",3.469446951953614e-18,6.920020112488601e-13,0.0,1.0,True,0,0.0,1e-05,affine exact solution,0.00036014399984196643,168,251,2,0.5*sum_train((z-y)^2)+lambda*sum(abs(Bz))
ODE,vanderpol_mu2,tv_diff,TV,4,0.01,8,0,0.0,0.0008539483380236666,"[0.0, 0.0]","[0.0, 0.0]","[0.0, 0.0]","[0.0, 0.0]",0.0,0.0,"[0.0, 0.0]",0.0,0.0,0.0,1.0,True,0,0.0,1e-05,zero-penalty interpolation,0.0004928230000587064,168,251,2,0.5*sum_train((z-y)^2)+lambda*sum(abs(Bz))
ODE,vanderpol_mu2,tv_diff,TV,4,0.01,8,0,0.0001,0.0002159723646663047,"[0.00034186787174050203, 0.000978374295219297]","[0.0003416770071755343, 0.0009776686044006759]","[1.9086456496775032e-07, 7.056908186212074e-07]","[1.9086456496775032e-07, 7.056908186212074e-07]",7.056908186212074e-07,1.6521856925475918e-07,"[1.9086345542273153e-07, 7.056902219578637e-07]",8.42472504603009e-06,1.3552527156068805e-20,0.0,0.9994493576103411,True,50,0.02,1e-05,banded ADMM with dual certificate,0.0027926520001528843,168,251,2,0.5*sum_train((z-y)^2)+lambda*sum(abs(Bz))
ODE,vanderpol_mu2,tv_diff,TV,4,0.01,8,0,0.001,0.00022447662319317443,"[0.003119185788808218, 0.009537089981636033]","[0.0031188050045335494, 0.009536089947733077]","[3.8078427466855733e-07, 1.0000339029560962e-06]","[3.8078427466855733e-07, 1.0000339029560962e-06]",1.0000339029560962e-06,3.7219711395992255e-07,"[3.8077965297056773e-07, 1.0000327887432076e-06]",2.2182948570204086e-05,2.168404344971009e-19,0.0,0.9998759349466896,True,50,0.0502,1e-05,banded ADMM with dual certificate,0.0027626460000647057,168,251,2,0.5*sum_train((z-y)^2)+lambda*sum(abs(Bz))
ODE,vanderpol_mu2,tv_diff,TV,4,0.01,8,0,0.01,0.00032099124104226445,"[0.021779427460831457, 0.08510548454088865]","[0.021775111311106685, 0.08510517639906602]","[4.316149724771512e-06, 3.0814182262750567e-07]","[4.316149724771512e-06, 3.0814182262750567e-07]",4.316149724771512e-06,2.634129530377366e-06,"[4.3161042425320095e-06, 3.081417609129833e-07]",3.2990466137583496e-05,3.469446951953614e-18,0.0,0.999874221833723,True,100,0.502,1e-05,banded ADMM with dual certificate,0.0051299769997967815,168,251,2,0.5*sum_train((z-y)^2)+lambda*sum(abs(Bz))
ODE,vanderpol_mu2,tv_diff,TV,4,0.01,8,0,0.1,0.0010719647807333982,"[0.18130833291129833, 0.7451630745854982]","[0.18130537351091897, 0.7451558166140738]","[2.9594003793653734e-06, 7.257971424423637e-06]","[2.9594003793653734e-06, 7.257971424423637e-06]",7.257971424423637e-06,5.590643934322292e-07,"[2.959398888363607e-06, 7.257969814933318e-06]",5.043995559783632e-06,2.7755575615628914e-17,0.0,0.9999874107363554,True,200,1.2550000000000001,1e-05,banded ADMM with dual certificate,0.010681791000024532,168,251,2,0.5*sum_train((z-y)^2)+lambda*sum(abs(Bz))
ODE,vanderpol_mu2,tv_diff,TV,4,0.01,8,0,1.0,0.009037684367186537,"[1.5297967956591916, 5.91172846545971]","[1.529796557935207, 5.911669598724811]","[2.3772398449750654e-07, 5.886673489907679e-05]","[1.5539579189343964e-07, 9.957618189505118e-06]",9.957618189505118e-06,4.9151714047734885e-06,"[2.3772397983456983e-07, 5.886658684861601e-05]",3.150383953653968e-05,2.220446049250313e-16,0.0,0.9999877966266862,True,650,12.55,1e-05,banded ADMM with dual certificate,0.03187692700021216,168,251,2,0.5*sum_train((z-y)^2)+lambda*sum(abs(Bz))
ODE,vanderpol_mu2,tv_diff,TV,4,0.01,8,0,10.0,0.11860803070375776,"[10.38304357116078, 26.9152738810468]","[10.382941868526208, 26.9152738810271]","[0.00010170263457176532, 1.9699797348948778e-11]","[9.795069612752805e-06, 7.319188887325788e-13]",9.795069612752805e-06,6.398871735591172e-06,"[0.00010170215869376165, 1.970512641946698e-11]",0.0002304738990499544,2.6645352591003757e-15,0.0,0.9999865360482216,True,1400,125.5,1e-05,banded ADMM with dual certificate,0.06531574000018736,168,251,2,0.5*sum_train((z-y)^2)+lambda*sum(abs(Bz))
ODE,vanderpol_mu2,tv_diff,TV,4,0.01,8,0,100.0,0.369298446611997,"[49.73737695455479, 68.80415999166054]","[49.73690001919058, 68.80415999164325]","[0.0004769353642117835, 1.729461018840084e-11]","[9.589073518041794e-06, 2.5135994960910856e-13]",9.589073518041794e-06,9.671646462594552e-06,"[0.00047693319407215995, 1.7394086171407253e-11]",0.0021961015122968774,2.1316282072803006e-14,0.0,0.9999889957468623,True,1675,1255.0,1e-05,banded ADMM with dual certificate,0.07857485800013819,168,251,2,0.5*sum_train((z-y)^2)+lambda*sum(abs(Bz))
ODE,vanderpol_mu2,tv_diff,TV,4,0.01,8,0,1000.0,0.9930224168543503,"[82.20456831960598, 83.98188818960917]","[82.20456831960364, 83.98188818960881]","[2.3447910280083306e-12, 3.552713678800501e-13]","[2.852385306485567e-14, 4.230333177052892e-15]",2.852385306485567e-14,6.447065103998284e-13,"[2.3699804526321027e-12, 4.701756211992568e-13]",0.0,1.1368683772161603e-13,0.0,1.0,True,0,0.0,1e-05,affine exact solution,0.0004240589996697963,168,251,2,0.5*sum_train((z-y)^2)+lambda*sum(abs(Bz))
ODE,vanderpol_mu2,tv_diff,TV,4,0.01,8,1,0.0,0.000702284396164042,"[0.0, 0.0]","[0.0, 0.0]","[0.0, 0.0]","[0.0, 0.0]",0.0,0.0,"[0.0, 0.0]",0.0,0.0,0.0,1.0,True,0,0.0,1e-05,zero-penalty interpolation,0.0003686159998324001,168,251,2,0.5*sum_train((z-y)^2)+lambda*sum(abs(Bz))
ODE,vanderpol_mu2,tv_diff,TV,4,0.01,8,1,0.0001,0.00020687459260138556,"[0.0003204461123340123, 0.000987517328265943]","[0.0003202878910401456, 0.0009867466473061641]","[1.5822129386674306e-07, 7.7068095977878e-07]","[1.5822129386674306e-07, 7.7068095977878e-07]",7.7068095977878e-07,1.4669775152682633e-07,"[1.582205070281041e-07, 7.706802262667876e-07]",6.055189871068123e-06,2.710505431213761e-20,0.0,0.9995110778008249,True,50,0.02,1e-05,banded ADMM with dual certificate,0.002855347000149777,168,251,2,0.5*sum_train((z-y)^2)+lambda*sum(abs(Bz))
ODE,vanderpol_mu2,tv_diff,TV,4,0.01,8,1,0.001,0.00020909185813771435,"[0.00295109640995757, 0.009613613474602297]","[0.0029499120340771164, 0.009612803606157426]","[1.1843758804534928e-06, 8.098684448707566e-07]","[1.1843758804534928e-06, 8.098684448707566e-07]",1.1843758804534928e-06,9.618915293532239e-07,"[1.1843522924048777e-06, 8.098678296285244e-07]",0.00011246291511346485,4.336808689942018e-19,0.0,0.999679412163348,True,50,0.0502,1e-05,banded ADMM with dual certificate,0.002750097999978607,168,251,2,0.5*sum_train((z-y)^2)+lambda*sum(abs(Bz))
ODE,vanderpol_mu2,tv_diff,TV,4,0.01,8,1,0.01,0.0002694435484187653,"[0.02193137556580912, 0.08584490166862237]","[0.02193131280795295, 0.0858448897887646]","[6.275785617224083e-08, 1.187985776418543e-08]","[6.275785617224083e-08, 1.187985776418543e-08]",6.275785617224083e-08,2.4502139407689416e-08,"[6.275785017356705e-08, 1.1879857667040916e-08]",2.1064785871161007e-07,3.469446951953614e-18,0.0,0.9999984467779727,True,125,0.502,1e-05,banded ADMM with dual certificate,0.006518612000036228,168,251,2,0.5*sum_train((z-y)^2)+lambda*sum(abs(Bz))
ODE,vanderpol_mu2,tv_diff,TV,4,0.01,8,1,0.1,0.0007353031131005549,"[0.18550535245450828, 0.758304494363823]","[0.18550389904969147, 0.7582985333865451]","[1.4534048168035607e-06, 5.960977277896795e-06]","[1.4534048168035607e-06, 5.960977277896795e-06]",5.960977277896795e-06,5.125849396464544e-07,"[1.4534039347868788e-06, 5.9609754221590094e-06]",1.961871445299579e-06,2.7755575615628914e-17,0.0,0.9999914477394197,True,200,2.5100000000000002,1e-05,banded ADMM with dual certificate,0.010409960000288265,168,251,2,0.5*sum_train((z-y)^2)+lambda*sum(abs(Bz))
ODE,vanderpol_mu2,tv_diff,TV,4,0.01,8,1,1.0,0.007887407540757618,"[1.5370872890864122, 5.985958487308599]","[1.5370851741804636, 5.985912695331431]","[2.114905948591428e-06, 4.5791977167475295e-05]","[1.375917921908293e-06, 7.649898886629975e-06]",7.649898886629975e-06,3.6065905780757745e-06,"[2.1149055329239275e-06, 4.579189500031333e-05]",1.4313200846993723e-05,2.220446049250313e-16,0.0,0.9999907726593402,True,375,12.55,1e-05,banded ADMM with dual certificate,0.018599661999814998,168,251,2,0.5*sum_train((z-y)^2)+lambda*sum(abs(Bz))
ODE,vanderpol_mu2,tv_diff,TV,4,0.01,8,1,10.0,0.12022619457060013,"[10.398041951240588, 27.188711267252323]","[10.397940005500725, 27.188711267243775]","[0.00010194573986233024, 8.547829111194005e-12]","[9.804320884680324e-06, 3.143889030698381e-13]",9.804320884680324e-06,6.860486224780082e-06,"[0.00010194520093165238, 8.57980353430321e-12]",0.0002612242853086144,3.552713678800501e-15,0.0,0.9999858469299958,True,1875,125.5,1e-05,banded ADMM with dual certificate,0.08905693099995915,168,251,2,0.5*sum_train((z-y)^2)+lambda*sum(abs(Bz))
ODE,vanderpol_mu2,tv_diff,TV,4,0.01,8,1,100.0,0.37495368452022776,"[49.77594564560268, 68.82970452703458]","[49.77547003342458, 68.82966424042657]","[0.00047561217809999334, 4.0286608012252145e-05]","[9.555060620772153e-06, 5.853084549626183e-07]",9.555060620772153e-06,1.0396627601050312e-05,"[0.0004756096287437117, 4.028659292032444e-05]",0.002384256686923436,2.842170943040401e-14,0.0,0.999988061874588,True,1000,1255.0,1e-05,banded ADMM with dual certificate,0.0455057819999638,168,251,2,0.5*sum_train((z-y)^2)+lambda*sum(abs(Bz))
ODE,vanderpol_mu2,tv_diff,TV,4,0.01,8,1,1000.0,0.9996150850968292,"[82.18806259738493, 83.98536379871322]","[82.1880625973822, 83.9853637987128]","[2.7284841053187847e-12, 4.263256414560601e-13]","[3.319805844170854e-14, 5.076189733223398e-15]",3.319805844170854e-14,1.287303597052869e-12,"[2.7423396441500317e-12, 3.9557522488966326e-13]",1.1102230246251565e-16,2.2737367544323206e-13,0.0,1.0,True,0,0.0,1e-05,affine exact solution,0.0003879349997077952,168,251,2,0.5*sum_train((z-y)^2)+lambda*sum(abs(Bz))
ODE,vanderpol_mu2,tv_diff,TV,4,0.01,8,2,0.0,0.0007965803622014279,"[0.0, 0.0]","[0.0, 0.0]","[0.0, 0.0]","[0.0, 0.0]",0.0,0.0,"[0.0, 0.0]",0.0,0.0,0.0,1.0,True,0,0.0,1e-05,zero-penalty interpolation,0.0003602639999371604,168,251,2,0.5*sum_train((z-y)^2)+lambda*sum(abs(Bz))
ODE,vanderpol_mu2,tv_diff,TV,4,0.01,8,2,0.0001,0.00019748861881017406,"[0.0003492603138204493, 0.0009501556871974355]","[0.00034909857906648405, 0.0009492474458519942]","[1.6173475396523114e-07, 9.082413454413385e-07]","[1.6173475396523114e-07, 9.082413454413385e-07]",9.082413454413385e-07,2.0497257251797735e-07,"[1.617345765467129e-07, 9.082401145988706e-07]",8.454807281621513e-06,4.981129170158333e-13,0.0,0.9993168730436504,True,50,0.02,1e-05,banded ADMM with dual certificate,0.0027124610001010296,168,251,2,0.5*sum_train((z-y)^2)+lambda*sum(abs(Bz))
ODE,vanderpol_mu2,tv_diff,TV,4,0.01,8,2,0.001,0.00019153221226486485,"[0.003196515731419492, 0.00929667300451052]","[0.0031959247051803565, 0.009294660282848198]","[5.910262391353033e-07, 2.012721662322803e-06]","[5.910262391353033e-07, 2.012721662322803e-06]",2.012721662322803e-06,5.365035641744995e-07,"[5.910175431144034e-07, 2.012715853490221e-06]",6.395979701540044e-05,5.030218862972502e-13,0.0,0.9998211671416535,True,50,0.0502,1e-05,banded ADMM with dual certificate,0.0026986299999407493,168,251,2,0.5*sum_train((z-y)^2)+lambda*sum(abs(Bz))
ODE,vanderpol_mu2,tv_diff,TV,4,0.01,8,2,0.01,0.00018592742892100015,"[0.022667998407488718, 0.08577073029540566]","[0.022662777136559918, 0.08576135561320997]","[5.221270928799926e-06, 9.37468219569526e-06]","[5.221270928799926e-06, 9.37468219569526e-06]",9.37468219569526e-06,1.1278107308436425e-06,"[5.2212651268854215e-06, 9.374674963660845e-06]",6.389860231031941e-05,2.7068278174446903e-13,0.0,0.9999523060615209,True,75,0.251,1e-05,banded ADMM with dual certificate,0.003791087000081461,168,251,2,0.5*sum_train((z-y)^2)+lambda*sum(abs(Bz))
ODE,vanderpol_mu2,tv_diff,TV,4,0.01,8,2,0.1,0.00035101607175291654,"[0.1843891197599537, 0.779158933427577]","[0.1843861479666303, 0.7791507417537107]","[2.971793323397476e-06, 8.191673866342342e-06]","[2.971793323397476e-06, 8.191673866342342e-06]",8.191673866342342e-06,9.718935298219655e-07,"[2.9717891303071564e-06, 8.191669121582201e-06]",4.488105197250625e-06,2.499077333961708e-13,0.0,0.9999821966661924,True,125,1.2550000000000001,1e-05,banded ADMM with dual certificate,0.006226642000001448,168,251,2,0.5*sum_train((z-y)^2)+lambda*sum(abs(Bz))
ODE,vanderpol_mu2,tv_diff,TV,4,0.01,8,2,1.0,0.007699263116455887,"[1.5240328174375444, 6.079073916057899]","[1.5240183104082792, 6.079066140000603]","[1.4507029265198312e-05, 7.776057295849625e-06]","[9.518843097873656e-06, 1.2791516278999566e-06]",9.518843097873656e-06,1.4306105600159214e-06,"[1.4507010156705746e-05, 7.776054518515707e-06]",2.6884929551718173e-05,2.88935542158697e-13,0.0,0.9999892359169528,True,525,12.55,1e-05,banded ADMM with dual certificate,0.024496425000052113,168,251,2,0.5*sum_train((z-y)^2)+lambda*sum(abs(Bz))
ODE,vanderpol_mu2,tv_diff,TV,4,0.01,8,2,10.0,0.11939967883897411,"[10.355804424934815, 27.02051966822069]","[10.355708285163592, 27.02051966820558]","[9.6139771223136e-05, 1.510969127593853e-11]","[9.283660378101545e-06, 5.591932154328366e-13]",9.283660378101545e-06,6.655845052994103e-06,"[9.613924705309529e-05, 1.517719283583574e-11]",0.00026654516250346205,1.4988010832439613e-13,0.0,0.9999860316277857,True,1425,125.5,1e-05,banded ADMM with dual certificate,0.06429094500026622,168,251,2,0.5*sum_train((z-y)^2)+lambda*sum(abs(Bz))
ODE,vanderpol_mu2,tv_diff,TV,4,0.01,8,2,100.0,0.37351253458899886,"[49.70745693573751, 68.71766929105078]","[49.70696657288818, 68.71766929099778]","[0.0004903628493337919, 5.3006488087703474e-11]","[9.864975590437866e-06, 7.713662095144225e-13]",9.864975590437866e-06,9.65942054342861e-06,"[0.0004903606701418539, 5.297451366459427e-11]",0.0021970517078955254,6.091238624605921e-13,0.0,0.9999889844909249,True,1675,1255.0,1e-05,banded ADMM with dual certificate,0.07644866100008585,168,251,2,0.5*sum_train((z-y)^2)+lambda*sum(abs(Bz))
ODE,vanderpol_mu2,tv_diff,TV,4,0.01,8,2,1000.0,0.9915397438441089,"[82.19783609665625, 83.98656646634868]","[82.19783609665411, 83.98656646634822]","[2.1316282072803006e-12, 4.547473508864641e-13]","[2.593289931347735e-14, 5.414524846288008e-15]",2.593289931347735e-14,6.358247262028272e-13,"[2.241262797278523e-12, 3.9935021604428493e-13]",1.1102230246251565e-16,6.358247262028272e-13,0.0,1.0,True,0,0.0,1e-05,affine exact solution,0.00038786500044807326,168,251,2,0.5*sum_train((z-y)^2)+lambda*sum(abs(Bz))
PDE,burgers,tv_diff,TV,0,0.01,4,0,0.0,0.00015253826482127685,"[0.0, 0.0, 0.0, 0.0, 0.0, 0.0, 0.0, 0.0]","[0.0, 0.0, 0.0, 0.0, 0.0, 0.0, 0.0, 0.0]","[0.0, 0.0, 0.0, 0.0, 0.0, 0.0, 0.0, 0.0]","[0.0, 0.0, 0.0, 0.0, 0.0, 0.0, 0.0, 0.0]",0.0,0.0,"[0.0, 0.0, 0.0, 0.0, 0.0, 0.0, 0.0, 0.0]",0.0,0.0,0.0,1.0,True,0,0.0,1e-05,zero-penalty interpolation,0.0004245400000399968,34,51,8,0.5*sum_train((z-y)^2)+lambda*sum(abs(Bz))
PDE,burgers,tv_diff,TV,0,0.01,4,0,0.0001,0.0001630270410475345,"[3.7967993251494233e-05, 5.9991737680504465e-05, 4.669735214436055e-05, 4.254109519948916e-05, 5.8521174433403205e-05, 4.7862197672685834e-05, 6.981244274228148e-05, 5.29784399266272e-05]","[3.765305123094509e-05, 5.959589941618037e-05, 4.634765777523187e-05, 4.220181159204591e-05, 5.830829999485878e-05, 4.756798024235831e-05, 6.940032296296694e-05, 5.257523102186657e-05]","[3.1494202054914216e-07, 3.958382643240964e-07, 3.4969436912868254e-07, 3.392836074432462e-07, 2.1287443854442527e-07, 2.9421743032752095e-07, 4.1211977931454114e-07, 4.032089047606262e-07]","[3.1494202054914216e-07, 3.958382643240964e-07, 3.4969436912868254e-07, 3.392836074432462e-07, 2.1287443854442527e-07, 2.9421743032752095e-07, 4.1211977931454114e-07, 4.032089047606262e-07]",4.1211977931454114e-07,1.971094202983764e-06,"[3.149060744219435e-07, 3.9581504789125795e-07, 3.496758096037465e-07, 3.3924939933602667e-07, 2.1286642050767667e-07, 2.941998563927751e-07, 4.1209605198034324e-07, 4.0317471948571505e-07]",0.00010049113759986837,2.088947233507693e-14,0.0,0.9934386023290103,True,25,0.01,1e-05,banded ADMM with dual certificate,0.0014309079997474328,34,51,8,0.5*sum_train((z-y)^2)+lambda*sum(abs(Bz))
PDE,burgers,tv_diff,TV,0,0.01,4,0,0.001,0.00015026901005133517,"[0.00030551276073468095, 0.0005142533523314383, 0.0003912920743774203, 0.0003555729290376227, 0.0005362057871452739, 0.0004091232263990359, 0.0006129027154019601, 0.0004613596507690722]","[0.0003049502024457218, 0.0005138130963572281, 0.0003905734015831614, 0.0003552669193931829, 0.0005360425933628797, 0.0004089521655739252, 0.0006125318115174748, 0.00046064775824734383]","[5.625582889591291e-07, 4.4025597421024163e-07, 7.186727942589191e-07, 3.0600964443975405e-07, 1.6319378239417533e-07, 1.7106082511071782e-07, 3.7090388448535096e-07, 7.118925217283723e-07]","[5.625582889591291e-07, 4.4025597421024163e-07, 7.186727942589191e-07, 3.0600964443975405e-07, 1.6319378239417533e-07, 1.7106082511071782e-07, 3.7090388448535096e-07, 7.118925217283723e-07]",7.186727942589191e-07,4.047419077430822e-06,"[5.625481050428103e-07, 4.402482284061892e-07, 7.18529688060153e-07, 3.060032896374902e-07, 1.6319361238639578e-07, 1.710602987468261e-07, 3.708842358996411e-07, 7.1185243484984e-07]",0.0003334983355131327,1.5572178962974803e-14,0.0,0.9986514837495624,True,50,0.02,1e-05,banded ADMM with dual certificate,0.0024966450000647455,34,51,8,0.5*sum_train((z-y)^2)+lambda*sum(abs(Bz))
PDE,burgers,tv_diff,TV,0,0.01,4,0,0.01,0.0001398799280685418,"[0.0008799233523741638, 0.0016955181774085015, 0.0016653238991436782, 0.0020967114275767564, 0.0033603634703798626, 0.0019001105608942997, 0.002173744232952076, 0.0019334689183720497]","[0.0008773773694927895, 0.001695378478660189, 0.0016613404683096305, 0.002094826962987922, 0.0033580745373832906, 0.0018992464736544354, 0.0021733741932839674, 0.0019334647457772767]","[2.545982881374336e-06, 1.3969874831259478e-07, 3.983430834047629e-06, 1.8844645888341574e-06, 2.2889329965719574e-06, 8.64087239864364e-07, 3.7003966810861266e-07, 4.172594772955049e-09]","[2.545982881374336e-06, 1.3969874831259478e-07, 3.983430834047629e-06, 1.8844645888341574e-06, 2.2889329965719574e-06, 8.64087239864364e-07, 3.7003966810861266e-07, 4.172594772955049e-09]",3.983430834047629e-06,4.666099873582019e-06,"[2.5459783786840418e-06, 1.396985940481897e-07, 3.983353142180367e-06, 1.8844624034275708e-06, 2.28891081351058e-06, 8.640862939413366e-07, 3.7003892251416277e-07, 4.172594600024802e-09]",4.521339650740558e-05,7.710845850716908e-15,0.0,0.9996486648440811,True,125,0.40800000000000003,1e-05,banded ADMM with dual certificate,0.005605364000075497,34,51,8,0.5*sum_train((z-y)^2)+lambda*sum(abs(Bz))
PDE,burgers,tv_diff,TV,0,0.01,4,0,0.1,0.00016173962039225728,"[0.0016494533470986544, 0.004905040028878121, 0.009349629189015564, 0.01672981708995829, 0.02464394022244167, 0.011403685628074249, 0.006140451049792722, 0.0029693560062840044]","[0.0016486456170503106, 0.00490504002887551, 0.009349629179944197, 0.01672981708995991, 0.024643940222071847, 0.011403685628075179, 0.006140451049795163, 0.0029607087371051662]","[8.077300483438476e-07, 2.6107588313450947e-15, 9.07136692152033e-12, 0.0, 3.6982222839654355e-13, 0.0, 0.0, 8.647269178838155e-06]","[8.077300483438476e-07, 2.6107588313450947e-15, 9.07136692152033e-12, 0.0, 3.6982222839654355e-13, 0.0, 0.0, 8.647269178838155e-06]",8.647269178838155e-06,4.879805852661678e-07,"[8.077300442180246e-07, 4.935288289154016e-16, 9.07116395887364e-12, 1.8821749714348357e-15, 3.713800100779707e-13, 5.967448757360216e-16, 4.4278816724308e-16, 8.647268778693177e-06]",5.204138435056793e-06,6.0645932720149176e-15,0.0,0.9999866746961831,True,525,4.08,1e-05,banded ADMM with dual certificate,0.023015721999854577,34,51,8,0.5*sum_train((z-y)^2)+lambda*sum(abs(Bz))
PDE,burgers,tv_diff,TV,0,0.01,4,0,1.0,0.0007482842032989268,"[0.003898647792243324, 0.029428660640163414, 0.07192963918212468, 0.13005907807122208, 0.1963637820373347, 0.08629834499567396, 0.03353982739770558, 0.006174411049568332]","[0.003890176465164592, 0.02942866064015983, 0.07192953074410138, 0.13005907807121134, 0.1963637820373172, 0.08629686978054682, 0.03353982739770084, 0.006170617193071832]","[8.471327078732067e-06, 3.5839387013680835e-15, 1.0843802329685293e-07, 1.074140776324839e-14, 1.7513768213461844e-14, 1.4752151271391067e-06, 4.739264536368637e-15, 3.7938564965006583e-06]","[8.471327078732067e-06, 3.5839387013680835e-15, 1.0843802329685293e-07, 1.074140776324839e-14, 1.7513768213461844e-14, 1.4752151271391067e-06, 4.739264536368637e-15, 3.7938564965006583e-06]",8.471327078732067e-06,1.4419953800470786e-08,"[8.471327078399e-06, 5.547645676173829e-15, 1.0843802340787523e-07, 1.1782241848834474e-14, 1.5959455978986625e-14, 1.475215127444418e-06, 6.099287741534454e-15, 3.7938564963519057e-06]",6.554845469741721e-07,3.816391647148976e-15,0.0,0.999999646692463,True,1425,10.2,1e-05,banded ADMM with dual certificate,0.06118281699991712,34,51,8,0.5*sum_train((z-y)^2)+lambda*sum(abs(Bz))
PDE,burgers,tv_diff,TV,0,0.01,4,0,10.0,0.012364601369274668,"[0.004102652572722566, 0.15047314789317015, 0.43712203188611004, 0.4288952175536629, 0.8232372066506035, 0.5088354917273801, 0.17938148790925065, 0.006796613417931675]","[0.004101852298282384, 0.15047314789147712, 0.4371220318841086, 0.4288952175425601, 0.8232372066505074, 0.5088354917244966, 0.17938148790913475, 0.006795615356383743]","[8.002744401819709e-07, 1.6930346014021325e-12, 2.001454557643001e-12, 1.1102785357763878e-11, 9.614531393253856e-14, 2.8834712395564566e-12, 1.1590728377086634e-13, 9.980615479319999e-07]","[8.002744401819709e-07, 1.6930346014021325e-12, 2.001454557643001e-12, 1.1102785357763878e-11, 9.614531393253856e-14, 2.8834712395564566e-12, 1.1590728377086634e-13, 9.980615479319999e-07]",9.980615479319999e-07,5.445643935786393e-14,"[8.002744401801096e-07, 1.6934093016729435e-12, 2.0050627824730327e-12, 1.1095603602573334e-11, 1.0619283230539622e-13, 2.8789748363067247e-12, 1.1166761959557903e-13, 9.98061547923427e-07]",4.2621788320929e-09,1.1837753000065732e-14,0.0,0.9999999999998259,True,550,816.0,1e-05,banded ADMM with dual certificate,0.023495656999784842,34,51,8,0.5*sum_train((z-y)^2)+lambda*sum(abs(Bz))
PDE,burgers,tv_diff,TV,0,0.01,4,0,100.0,0.0209564859338504,"[0.004101852299305555, 0.1532433686839395, 0.5476162241654211, 0.4323709913105892, 0.8984747545691605, 0.6477356152400062, 0.18818860819584726, 0.006795615358082201]","[0.004101852299291242, 0.15324336868377036, 0.5476162241653405, 0.43237099131027024, 0.8984747545688725, 0.6477356152399238, 0.188188608195626, 0.006795615358054964]","[1.4312336038546647e-14, 1.691424778016426e-13, 8.060219158778636e-14, 3.1896707497480747e-13, 2.879918525877656e-13, 8.237854842718662e-14, 2.212674488077937e-13, 2.7236893296311848e-14]","[1.4312336038546647e-14, 1.691424778016426e-13, 8.060219158778636e-14, 3.1896707497480747e-13, 2.879918525877656e-13, 8.237854842718662e-14, 2.212674488077937e-13, 2.7236893296311848e-14]",3.1896707497480747e-13,1.6431300764452317e-14,"[1.4244674727586925e-14, 1.6368012016113757e-13, 8.041841925259216e-14, 3.180715386122375e-13, 3.001393110312932e-13, 8.78741663018936e-14, 2.292391547621829e-13, 2.7354830884711455e-14]",4.440892098500626e-16,1.6431300764452317e-14,0.0,1.0,True,0,0.0,1e-05,affine exact solution,0.00034536099974502577,34,51,8,0.5*sum_train((z-y)^2)+lambda*sum(abs(Bz))
PDE,burgers,tv_diff,TV,0,0.01,4,0,1000.0,0.0209564859338504,"[0.0041018522994336675, 0.15324336868539848, 0.5476162241661424, 0.432370991313462, 0.8984747545718503, 0.6477356152407966, 0.1881886081979185, 0.006795615358328373]","[0.004101852299291242, 0.15324336868377036, 0.5476162241653405, 0.43237099131027024, 0.8984747545688725, 0.6477356152399238, 0.188188608195626, 0.006795615358054964]","[1.424251341863858e-13, 1.6281143100371764e-12, 8.019140906867506e-13, 3.1917801734948625e-12, 2.977840196649595e-12, 8.727463196578356e-13, 2.2924995235484857e-12, 2.734088996869666e-13]","[1.424251341863858e-13, 1.6281143100371764e-12, 8.019140906867506e-13, 3.1917801734948625e-12, 2.977840196649595e-12, 8.727463196578356e-13, 2.2924995235484857e-12, 2.734088996869666e-13]",3.1917801734948625e-12,1.6431300764452317e-14,"[1.423578667818169e-13, 1.6226586323827654e-12, 8.017455414752353e-13, 3.1908962630143306e-12, 2.989988685785419e-12, 8.782257894390174e-13, 2.300453249379544e-12, 2.7352663763328475e-13]",4.440892098500626e-16,1.6431300764452317e-14,0.0,1.0,True,0,0.0,1e-05,affine exact solution,0.00024620100020911195,34,51,8,0.5*sum_train((z-y)^2)+lambda*sum(abs(Bz))
PDE,burgers,tv_diff,TV,0,0.01,4,1,0.0,0.00015619566297875298,"[0.0, 0.0, 0.0, 0.0, 0.0, 0.0, 0.0, 0.0]","[0.0, 0.0, 0.0, 0.0, 0.0, 0.0, 0.0, 0.0]","[0.0, 0.0, 0.0, 0.0, 0.0, 0.0, 0.0, 0.0]","[0.0, 0.0, 0.0, 0.0, 0.0, 0.0, 0.0, 0.0]",0.0,0.0,"[0.0, 0.0, 0.0, 0.0, 0.0, 0.0, 0.0, 0.0]",0.0,0.0,0.0,1.0,True,0,0.0,1e-05,zero-penalty interpolation,0.0003142640002806729,35,51,8,0.5*sum_train((z-y)^2)+lambda*sum(abs(Bz))
PDE,burgers,tv_diff,TV,0,0.01,4,1,0.0001,0.0001835984058586574,"[4.3441985801277265e-05, 6.995005018937455e-05, 4.4197306184790565e-05, 5.0268853382209625e-05, 5.7779863785793025e-05, 4.667031459973934e-05, 5.983755170187074e-05, 4.099633439548308e-05]","[4.2985632343320104e-05, 6.933907464904375e-05, 4.3878844800950504e-05, 4.998297896677911e-05, 5.7400777668092045e-05, 4.629357695553594e-05, 5.9352592675686486e-05, 4.05338902413233e-05]","[4.5635345795716123e-07, 6.10975540330804e-07, 3.1846138384006165e-07, 2.858744154305131e-07, 3.790861177009806e-07, 3.7673764420340046e-07, 4.849590261842557e-07, 4.624441541597774e-07]","[4.5635345795716123e-07, 6.10975540330804e-07, 3.1846138384006165e-07, 2.858744154305131e-07, 3.790861177009806e-07, 3.7673764420340046e-07, 4.849590261842557e-07, 4.624441541597774e-07]",6.10975540330804e-07,2.838625130486129e-06,"[4.5626241195388477e-07, 6.109167429452645e-07, 3.184259935510347e-07, 2.858589515529117e-07, 3.790490490446154e-07, 3.766992701758392e-07, 4.849181856726733e-07, 4.6235466529500653e-07]",0.00010072566190027168,2.710505431213761e-20,0.0,0.9905515290910402,True,25,0.01,1e-05,banded ADMM with dual certificate,0.0013408020004135324,35,51,8,0.5*sum_train((z-y)^2)+lambda*sum(abs(Bz))
PDE,burgers,tv_diff,TV,0,0.01,4,1,0.001,0.00016332319691965568,"[0.0003560038899915712, 0.0006090537603910584, 0.0003676848857996921, 0.00044431600684782455, 0.0005193085941650835, 0.0003978310007392981, 0.0005223947254633828, 0.0003309296607581321]","[0.00034864450638769296, 0.0006047079128409459, 0.0003619795018923633, 0.00043815899886246997, 0.000513345941385594, 0.00039057847460113485, 0.0005149029950104715, 0.0003242577767349855]","[7.359383603878231e-06, 4.345847550112558e-06, 5.705383907328833e-06, 6.157007985354581e-06, 5.962652779489515e-06, 7.25252613816322e-06, 7.491730452911251e-06, 6.671884023146601e-06]","[7.359383603878231e-06, 4.345847550112558e-06, 5.705383907328833e-06, 6.157007985354581e-06, 5.962652779489515e-06, 7.25252613816322e-06, 7.491730452911251e-06, 6.671884023146601e-06]",7.491730452911251e-06,3.5021213927958345e-05,"[7.358521801117566e-06, 4.345527260011042e-06, 5.704418919772662e-06, 6.1560454997602095e-06, 5.962545755937656e-06, 7.248632435890125e-06, 7.489738750775189e-06, 6.66078431336021e-06]",0.0007430818302647556,4.336808689942018e-19,0.0,0.9883716772977661,True,25,0.01,1e-05,banded ADMM with dual certificate,0.0013311380002960504,35,51,8,0.5*sum_train((z-y)^2)+lambda*sum(abs(Bz))
PDE,burgers,tv_diff,TV,0,0.01,4,1,0.01,0.0001452941884740999,"[0.0011730148282182407, 0.001867820968103139, 0.0014615195230694316, 0.0024029053382677874, 0.003252678774540642, 0.001962803791064849, 0.0018600213159523178, 0.0011143772899111968]","[0.001169224176750882, 0.0018675181303877573, 0.0014564711889057467, 0.0024008290656485644, 0.00325241099561604, 0.001962799362638443, 0.0018594540332421907, 0.0011110555257303051]","[3.7906514673588347e-06, 3.028377153816396e-07, 5.048334163684906e-06, 2.0762726192229304e-06, 2.6777892460187747e-07, 4.428426405959918e-09, 5.672827101271555e-07, 3.321764180891666e-06]","[3.7906514673588347e-06, 3.028377153816396e-07, 5.048334163684906e-06, 2.0762726192229304e-06, 2.6777892460187747e-07, 4.428426405959918e-09, 5.672827101271555e-07, 3.321764180891666e-06]",5.048334163684906e-06,6.0309352353897505e-06,"[3.7906365818967227e-06, 3.0283713540546833e-07, 5.048228733580914e-06, 2.0762683680399744e-06, 2.6777892169881773e-07, 4.428426083735032e-09, 5.67282232255507e-07, 3.3217593317769038e-06]",0.00011466854009182723,3.469446951953614e-18,0.0,0.9995677985473492,True,125,0.40800000000000003,1e-05,banded ADMM with dual certificate,0.00559856400013814,35,51,8,0.5*sum_train((z-y)^2)+lambda*sum(abs(Bz))
PDE,burgers,tv_diff,TV,0,0.01,4,1,0.1,0.00015358500008660694,"[0.0020265813432097254, 0.004903996265605506, 0.009033533519476788, 0.017665490947469654, 0.024336487523935194, 0.01130451168872525, 0.0064626253514975356, 0.0023219534339365623]","[0.0020226840306721075, 0.004903996265605055, 0.009033533497370853, 0.017665490947464745, 0.0243364875239252, 0.0113045116265715, 0.00646262535147693, 0.002319064067584827]","[3.8973125376178495e-06, 4.510281037539698e-16, 2.2105935137961552e-11, 4.909267437014364e-15, 9.995476668578362e-15, 6.215375089602126e-11, 2.0605912809390503e-14, 2.8893663517352494e-06]","[3.8973125376178495e-06, 4.510281037539698e-16, 2.2105935137961552e-11, 4.909267437014364e-15, 9.995476668578362e-15, 6.215375089602126e-11, 2.0605912809390503e-14, 2.8893663517352494e-06]",3.8973125376178495e-06,1.6127633337449654e-06,"[3.897304736549627e-06, 4.761815941556335e-16, 2.2105919525450268e-11, 4.898859096158503e-15, 9.960782199058826e-15, 6.215377518214993e-11, 2.063149998066116e-14, 2.8893659335425337e-06]",1.677831638240146e-05,2.7755575615628914e-17,0.0,0.9999289552878653,True,575,4.08,1e-05,banded ADMM with dual certificate,0.02428940399977364,35,51,8,0.5*sum_train((z-y)^2)+lambda*sum(abs(Bz))
PDE,burgers,tv_diff,TV,0,0.01,4,1,1.0,0.0005293425506015077,"[0.004330730434624554, 0.029973785993865423, 0.07179386423071496, 0.13546664711309425, 0.19929709293510892, 0.08810796206197534, 0.03581922006098549, 0.006063069876536056]","[0.004321339378825812, 0.02997378599386158, 0.0717926519497688, 0.13546664711308504, 0.19929709293509293, 0.0881079620609619, 0.03581922006098144, 0.006056439370739655]","[9.391055798741582e-06, 3.8441472227646045e-15, 1.2122809461556638e-06, 9.2148511043888e-15, 1.5987211554602254e-14, 1.0134393324534585e-12, 4.052314039881821e-15, 6.630505796400947e-06]","[9.391055798741582e-06, 3.8441472227646045e-15, 1.2122809461556638e-06, 9.2148511043888e-15, 1.5987211554602254e-14, 1.0134393324534585e-12, 4.052314039881821e-15, 6.630505796400947e-06]",9.391055798741582e-06,1.6327983735908713e-08,"[9.391055798357124e-06, 3.816391647148976e-15, 1.2122809451842187e-06, 9.547918011776346e-15, 1.5459855617905305e-14, 1.013397699090035e-12, 3.712308238590367e-15, 6.630505796183239e-06]",7.32193744301668e-07,2.220446049250313e-16,0.0,0.9999996336566747,True,1275,10.2,1e-05,banded ADMM with dual certificate,0.05456084900015412,35,51,8,0.5*sum_train((z-y)^2)+lambda*sum(abs(Bz))
PDE,burgers,tv_diff,TV,0,0.01,4,1,10.0,0.010491411934583037,"[0.004787122981327199, 0.16046376426430914, 0.45081576811077917, 0.4635986241448672, 0.8765184918377988, 0.529722695999131, 0.1944244597995143, 0.007362768281546519]","[0.004785002954543163, 0.16046376426338577, 0.45081576810733814, 0.4635986241185045, 0.8765184918373988, 0.529722695504077, 0.194424459799353, 0.007360329627691509]","[2.1200267840354795e-06, 9.233724895807427e-13, 3.44102524252321e-12, 2.6362689808934192e-11, 4.000133557724439e-13, 4.950539977954804e-10, 1.6131540547803525e-13, 2.438653855010506e-06]","[2.1200267840354795e-06, 9.233724895807427e-13, 3.44102524252321e-12, 2.6362689808934192e-11, 4.000133557724439e-13, 4.950539977954804e-10, 1.6131540547803525e-13, 2.438653855010506e-06]",2.438653855010506e-06,3.0175473231253136e-10,"[2.1200267840253146e-06, 9.238998455174396e-13, 3.4423575101527604e-12, 2.636264817557077e-11, 3.9965253328944073e-13, 4.950527765501533e-10, 1.604966159973742e-13, 2.438653854968247e-06]",1.9210329327279396e-08,3.552713678800501e-15,0.0,0.9999999990653883,True,575,816.0,1e-05,banded ADMM with dual certificate,0.02450450800006365,35,51,8,0.5*sum_train((z-y)^2)+lambda*sum(abs(Bz))
PDE,burgers,tv_diff,TV,0,0.01,4,1,100.0,0.01904000263907843,"[0.004785002962718246, 0.16681371596083092, 0.591530563473909, 0.4672459088730729, 0.9535852083903479, 0.7021503485162371, 0.210937839764032, 0.007360329639094238]","[0.00478500296270159, 0.16681371596057565, 0.5915305634738577, 0.46724590887274353, 0.9535852083900316, 0.7021503485161332, 0.21093783976380928, 0.007360329639077798]","[1.6655947454591313e-14, 2.552680289369391e-13, 5.129230373768223e-14, 3.293476602550527e-13, 3.163025397157071e-13, 1.0391687510491465e-13, 2.227107387398064e-13, 1.64399743818322e-14]","[1.6655947454591313e-14, 2.552680289369391e-13, 5.129230373768223e-14, 3.293476602550527e-13, 3.163025397157071e-13, 1.0391687510491465e-13, 2.227107387398064e-13, 1.64399743818322e-14]",3.293476602550527e-13,1.5210055437364645e-14,"[1.66406399056308e-14, 2.537356913243126e-13, 5.1042256738141845e-14, 3.283440610535142e-13, 3.1797726864602673e-13, 1.0493150536808141e-13, 2.246433987966984e-13, 1.640860654584104e-14]",4.440892098500626e-16,3.552713678800501e-15,0.0,1.0,True,0,0.0,1e-05,affine exact solution,0.00031403399998453096,35,51,8,0.5*sum_train((z-y)^2)+lambda*sum(abs(Bz))
PDE,burgers,tv_diff,TV,0,0.01,4,1,1000.0,0.01904000263907843,"[0.004785002962868077, 0.16681371596312047, 0.591530563474368, 0.467245908876033, 0.953585208393219, 0.7021503485171848, 0.21093783976604757, 0.0073603296392418735]","[0.00478500296270159, 0.16681371596057565, 0.5915305634738577, 0.46724590887274353, 0.9535852083900316, 0.7021503485161332, 0.21093783976380928, 0.007360329639077798]","[1.664866161599221e-13, 2.544825461470168e-12, 5.103695244201845e-13, 3.2894797996618763e-12, 3.1874503036988244e-12, 1.0516032489249483e-12, 2.2382928843711625e-12, 1.6407535052831435e-13]","[1.664866161599221e-13, 2.544825461470168e-12, 5.103695244201845e-13, 3.2894797996618763e-12, 3.1874503036988244e-12, 1.0516032489249483e-12, 2.2382928843711625e-12, 1.6407535052831435e-13]",3.2894797996618763e-12,1.5210055437364645e-14,"[1.664719591322651e-13, 2.5433104710923013e-12, 5.10050088481605e-13, 3.2884762004603377e-12, 3.18911809373524e-12, 1.052610940294211e-12, 2.2402186055341504e-12, 1.6404441637319218e-13]",4.440892098500626e-16,3.552713678800501e-15,0.0,1.0,True,0,0.0,1e-05,affine exact solution,0.00024305599981744308,35,51,8,0.5*sum_train((z-y)^2)+lambda*sum(abs(Bz))
PDE,burgers,tv_diff,TV,0,0.01,4,2,0.0,0.00016181564155164384,"[0.0, 0.0, 0.0, 0.0, 0.0, 0.0, 0.0, 0.0]","[0.0, 0.0, 0.0, 0.0, 0.0, 0.0, 0.0, 0.0]","[0.0, 0.0, 0.0, 0.0, 0.0, 0.0, 0.0, 0.0]","[0.0, 0.0, 0.0, 0.0, 0.0, 0.0, 0.0, 0.0]",0.0,0.0,"[0.0, 0.0, 0.0, 0.0, 0.0, 0.0, 0.0, 0.0]",0.0,0.0,0.0,1.0,True,0,0.0,1e-05,zero-penalty interpolation,0.00031326299995271256,35,51,8,0.5*sum_train((z-y)^2)+lambda*sum(abs(Bz))
PDE,burgers,tv_diff,TV,0,0.01,4,2,0.0001,0.00017057180337662705,"[5.166865877133596e-05, 5.876454316822829e-05, 3.951807279622283e-05, 4.567133979718078e-05, 5.286129534713093e-05, 6.263685936508838e-05, 5.971926169511723e-05, 4.6575779484717916e-05]","[5.116740875004937e-05, 5.837200085636102e-05, 3.9307868731773375e-05, 4.536825854841101e-05, 5.2377461741296e-05, 6.224034781572799e-05, 5.9407121742249896e-05, 4.629088157766099e-05]","[5.012500212865864e-07, 3.9254231186727355e-07, 2.1020406444945393e-07, 3.0308124876977027e-07, 4.83833605834929e-07, 3.965115493603945e-07, 3.121399528673355e-07, 2.848979070569271e-07]","[5.012500212865864e-07, 3.9254231186727355e-07, 2.1020406444945393e-07, 3.0308124876977027e-07, 4.83833605834929e-07, 3.965115493603945e-07, 3.121399528673355e-07, 2.848979070569271e-07]",5.012500212865864e-07,2.5308973651791715e-06,"[5.011834477854597e-07, 3.925171507343172e-07, 2.1019218948934581e-07, 3.030553708132001e-07, 4.837843348765153e-07, 3.964779695365771e-07, 3.121166372041333e-07, 2.848700395959502e-07]",0.00010072793384402864,2.710505431213761e-20,0.0,0.9915811696601695,True,25,0.01,1e-05,banded ADMM with dual certificate,0.0013491439999597787,35,51,8,0.5*sum_train((z-y)^2)+lambda*sum(abs(Bz))
PDE,burgers,tv_diff,TV,0,0.01,4,2,0.001,0.00015569640324514098,"[0.00042348435206271125, 0.0004954017903752128, 0.0003291010110475918, 0.00039289513700949184, 0.00048719571633285176, 0.0005510239318770324, 0.0005147243159892602, 0.00040743543440447847]","[0.00041773249619625745, 0.0004894841057384725, 0.000323669185675954, 0.00038665059590080786, 0.00047797828313485356, 0.0005453367541603871, 0.0005105787494287615, 0.00039747742183685676]","[5.751855866453792e-06, 5.9176846367402355e-06, 5.4318253716378125e-06, 6.2445411086839864e-06, 9.217433197998201e-06, 5.687177716645316e-06, 4.145566560498706e-06, 9.95801256762171e-06]","[5.751855866453792e-06, 5.9176846367402355e-06, 5.4318253716378125e-06, 6.2445411086839864e-06, 9.217433197998201e-06, 5.687177716645316e-06, 4.145566560498706e-06, 9.95801256762171e-06]",9.95801256762171e-06,3.212817219695003e-05,"[5.750685296679813e-06, 5.916043628699465e-06, 5.430924073435617e-06, 6.243701843100307e-06, 9.216685239843317e-06, 5.685627542787277e-06, 4.145339852185397e-06, 9.950742125945547e-06]",0.0008595598272273255,4.336808689942018e-19,0.0,0.9893075388492163,True,25,0.01,1e-05,banded ADMM with dual certificate,0.0013512880000234873,35,51,8,0.5*sum_train((z-y)^2)+lambda*sum(abs(Bz))
PDE,burgers,tv_diff,TV,0,0.01,4,2,0.01,0.00014619520291252224,"[0.001114221788098291, 0.0015577702664366826, 0.0014325668516756767, 0.002292833241282088, 0.003279158329306764, 0.002403314698168943, 0.0019227240115606337, 0.0013821333697994606]","[0.0011051705491110708, 0.0015534609585814985, 0.001424241607284156, 0.002291627702583044, 0.0032744201882697697, 0.0024015974135267164, 0.001920674508034227, 0.0013774839852680322]","[9.051238987220142e-06, 4.309307855184137e-06, 8.325244391520692e-06, 1.2055386990439225e-06, 4.738141036994374e-06, 1.7172846422264937e-06, 2.049503526406829e-06, 4.649384531428416e-06]","[9.051238987220142e-06, 4.309307855184137e-06, 8.325244391520692e-06, 1.2055386990439225e-06, 4.738141036994374e-06, 1.7172846422264937e-06, 2.049503526406829e-06, 4.649384531428416e-06]",9.051238987220142e-06,2.9740973819044822e-05,"[9.047027427749128e-06, 4.3092964658045176e-06, 8.325221985824686e-06, 1.2055367868428393e-06, 4.738141036993507e-06, 1.7172840650120022e-06, 2.0495004077876423e-06, 4.64937995821752e-06]",0.0001698365078263292,3.469446951953614e-18,0.0,0.9978657522046928,True,100,0.20400000000000001,1e-05,banded ADMM with dual certificate,0.004612756999904377,35,51,8,0.5*sum_train((z-y)^2)+lambda*sum(abs(Bz))
PDE,burgers,tv_diff,TV,0,0.01,4,2,0.1,0.00016989255371311593,"[0.0019907337219009845, 0.004558569536634664, 0.008951007337077849, 0.01728996265722694, 0.024203693854251716, 0.011956643695173262, 0.005807230382738336, 0.002519132631755629]","[0.0019815121355548234, 0.0045585695324063865, 0.008951007337076265, 0.017289962657218903, 0.02420369385423725, 0.011956643695170854, 0.005807230381438044, 0.0025191094762935322]","[9.22158634616109e-06, 4.228277450391005e-12, 1.5838025335668249e-15, 8.03523914072457e-15, 1.446759378964657e-14, 2.4077961846558082e-15, 1.3002914717175074e-12, 2.3155462096791785e-08]","[9.22158634616109e-06, 4.228277450391005e-12, 1.5838025335668249e-15, 8.03523914072457e-15, 1.446759378964657e-14, 2.4077961846558082e-15, 1.3002914717175074e-12, 2.3155462096791785e-08]",9.22158634616109e-06,2.644311938825028e-07,"[9.221586107295088e-06, 4.2282952313066335e-12, 1.5785983631388945e-15, 8.076872504148014e-15, 1.442942987317508e-14, 2.418204525511669e-15, 1.3003096863140051e-12, 2.3155462026752324e-08]",8.81449999063158e-06,2.7755575615628914e-17,0.0,0.9999865589939627,True,625,4.08,1e-05,banded ADMM with dual certificate,0.02947156999971412,35,51,8,0.5*sum_train((z-y)^2)+lambda*sum(abs(Bz))
PDE,burgers,tv_diff,TV,0,0.01,4,2,1.0,0.0006354303929466815,"[0.004436504675602576, 0.02965153248405534, 0.07232570349867341, 0.13251724460392775, 0.19702296875940656, 0.08944681022760845, 0.03341997582023999, 0.006354527217351976]","[0.004427370122139751, 0.0296515324840513, 0.07232444094706145, 0.13251724460391742, 0.19702296875938904, 0.08944681022760535, 0.033419975820234774, 0.00635365880640845]","[9.134553462824234e-06, 4.038436252074007e-15, 1.2625516119663116e-06, 1.0325074129013956e-14, 1.7513768213461844e-14, 3.094746681142624e-15, 5.218048215738236e-15, 8.684109435259588e-07]","[9.134553462824234e-06, 4.038436252074007e-15, 1.2625516119663116e-06, 1.0325074129013956e-14, 1.7513768213461844e-14, 3.094746681142624e-15, 5.218048215738236e-15, 8.684109435259588e-07]",9.134553462824234e-06,3.1902119210225344e-09,"[9.13455346279496e-06, 4.128641872824801e-15, 1.2625516118552893e-06, 1.0227929614359255e-14, 1.7319479184152442e-14, 3.066991105526995e-15, 5.214578768786282e-15, 8.684109435003716e-07]",7.017280341248266e-07,2.220446049250313e-16,0.0,0.9999999106713529,True,1775,5.1,1e-05,banded ADMM with dual certificate,0.07421685499957675,35,51,8,0.5*sum_train((z-y)^2)+lambda*sum(abs(Bz))
PDE,burgers,tv_diff,TV,0,0.01,4,2,10.0,0.010733461880966511,"[0.004891180144012799, 0.15362543116022837, 0.45477614831087865, 0.4506312205680751, 0.8515125522823851, 0.5428036492581882, 0.18458640356972758, 0.007849134995056717]","[0.004888859160700927, 0.153625431142546, 0.4547761481368724, 0.4506312205404722, 0.8515125522815572, 0.5428036487379442, 0.1845864035681016, 0.007846331100384239]","[2.320983311872131e-06, 1.7682355579751174e-11, 1.7400625385022295e-10, 2.7602864438591723e-11, 8.278933094629792e-13, 5.202440700458055e-10, 1.625977130714773e-12, 2.8038946724776026e-06]","[2.320983311872131e-06, 1.7682355579751174e-11, 1.7400625385022295e-10, 2.7602864438591723e-11, 8.278933094629792e-13, 5.202440700458055e-10, 1.625977130714773e-12, 2.8038946724776026e-06]",2.8038946724776026e-06,8.426501163505407e-10,"[2.3209833118759096e-06, 1.768012819480802e-11, 1.7400531016065202e-10, 2.7604127317282234e-11, 8.301415110878452e-13, 5.202439035123518e-10, 1.624936296629187e-12, 2.8038946725232314e-06]",5.664126589977059e-08,3.552713678800501e-15,0.0,0.9999999972256293,True,550,816.0,1e-05,banded ADMM with dual certificate,0.023000410000349802,35,51,8,0.5*sum_train((z-y)^2)+lambda*sum(abs(Bz))
PDE,burgers,tv_diff,TV,0,0.01,4,2,100.0,0.01895898302375735,"[0.004888859170410601, 0.15829543009309027, 0.6026897176615796, 0.45635368481880595, 0.9410640900878432, 0.7372504224680019, 0.19787671218195482, 0.007846331115610325]","[0.004888859170398101, 0.1582954300929208, 0.6026897176614975, 0.45635368481857036, 0.941064090087506, 0.7372504224679266, 0.19787671218167385, 0.00784633111559458]","[1.2500417367888872e-14, 1.6947554470903015e-13, 8.215650382226158e-14, 2.355893258254582e-13, 3.3717473257866004e-13, 7.527312106958561e-14, 2.809696919570115e-13, 1.57443502679655e-14]","[1.2500417367888872e-14, 1.6947554470903015e-13, 8.215650382226158e-14, 2.355893258254582e-13, 3.3717473257866004e-13, 7.527312106958561e-14, 2.809696919570115e-13, 1.57443502679655e-14]",3.3717473257866004e-13,1.9317880628477724e-14,"[1.2509082127308198e-14, 1.7004249785149654e-13, 8.086635787988493e-14, 2.354405303824445e-13, 3.374267587451833e-13, 7.534964881428133e-14, 2.7975745085318455e-13, 1.5803068714595693e-14]",4.440892098500626e-16,3.552713678800501e-15,0.0,1.0,True,0,0.0,1e-05,affine exact solution,0.000301844999739842,35,51,8,0.5*sum_train((z-y)^2)+lambda*sum(abs(Bz))
PDE,burgers,tv_diff,TV,0,0.01,4,2,1000.0,0.01895898302375735,"[0.004888859170523256, 0.15829543009461872, 0.6026897176623096, 0.45635368482091987, 0.9410640900908799, 0.7372504224686737, 0.19787671218448327, 0.007846331115752496]","[0.004888859170398101, 0.1582954300929208, 0.6026897176614975, 0.45635368481857036, 0.941064090087506, 0.7372504224679266, 0.19787671218167385, 0.00784633111559458]","[1.251550946212987e-13, 1.6979195827104832e-12, 8.12128142513302e-13, 2.3495094758629875e-12, 3.3738567495333882e-12, 7.470690732702678e-13, 2.8094193638139586e-12, 1.579153474651207e-13]","[1.251550946212987e-13, 1.6979195827104832e-12, 8.12128142513302e-13, 2.3495094758629875e-12, 3.3738567495333882e-12, 7.470690732702678e-13, 2.8094193638139586e-12, 1.579153474651207e-13]",3.3738567495333882e-12,1.9317880628477724e-14,"[1.2516310885941454e-13, 1.6985073525346612e-12, 8.107512603971265e-13, 2.3493745582077815e-12, 3.374060203442584e-12, 7.470779467994004e-13, 2.8082036532631796e-12, 1.579744995926199e-13]",4.440892098500626e-16,3.552713678800501e-15,0.0,1.0,True,0,0.0,1e-05,affine exact solution,0.00022844500017527025,35,51,8,0.5*sum_train((z-y)^2)+lambda*sum(abs(Bz))
PDE,burgers,pod_tv_diff,POD+TV,0,0.01,4,0,0.0,0.00016067156263754195,"[0.0, 0.0, 0.0, 0.0, 0.0, 0.0]","[0.0, 0.0, 0.0, 0.0, 0.0, 0.0]","[0.0, 0.0, 0.0, 0.0, 0.0, 0.0]","[0.0, 0.0, 0.0, 0.0, 0.0, 0.0]",0.0,0.0,"[0.0, 0.0, 0.0, 0.0, 0.0, 0.0]",0.0,0.0,0.0,1.0,True,0,0.0,1e-05,zero-penalty interpolation,0.00040553200005888357,34,51,6,0.5*sum_train((z-y)^2)+lambda*sum(abs(Bz))
PDE,burgers,pod_tv_diff,POD+TV,0,0.01,4,0,0.0001,0.00016099479948537913,"[4.136955479546065e-05, 5.90604807350987e-05, 6.58611072562353e-05, 6.800264690666336e-05, 7.848770852457657e-05, 6.034405834894492e-05]","[4.111808770263005e-05, 5.880486036360305e-05, 6.562671725958166e-05, 6.767194193004508e-05, 7.795737450832133e-05, 5.961552258373684e-05]","[2.514670928305951e-07, 2.556203714956532e-07, 2.3438999665364893e-07, 3.3070497661827933e-07, 5.303340162552436e-07, 7.285357652080812e-07]","[2.514670928305951e-07, 2.556203714956532e-07, 2.3438999665364893e-07, 3.3070497661827933e-07, 5.303340162552436e-07, 7.285357652080812e-07]",7.285357652080812e-07,2.994748419115668e-06,"[2.5146018791280224e-07, 2.556101417490312e-07, 2.3438225381933468e-07, 3.30690856767632e-07, 5.303064988879661e-07, 7.284689959583858e-07]",0.00010046316430997852,1.4116773071684574e-14,0.0,0.9900508354490445,True,25,0.01,1e-05,banded ADMM with dual certificate,0.0012938310001118225,34,51,6,0.5*sum_train((z-y)^2)+lambda*sum(abs(Bz))
PDE,burgers,pod_tv_diff,POD+TV,0,0.01,4,0,0.001,0.00015999451067287763,"[0.00039463681765264564, 0.0005577818591920354, 0.0006358139706620464, 0.0006457903670986043, 0.0007294975822471624, 0.0005572578086599291]","[0.000387745367886667, 0.0005524882026196177, 0.0006286500929387585, 0.0006399508222427409, 0.0007209370425579529, 0.000551960577493772]","[6.891449765978664e-06, 5.2936565724177095e-06, 7.163877723287957e-06, 5.839544855863331e-06, 8.560539689209568e-06, 5.297231166157099e-06]","[6.891449765978664e-06, 5.2936565724177095e-06, 7.163877723287957e-06, 5.839544855863331e-06, 8.560539689209568e-06, 5.297231166157099e-06]",8.560539689209568e-06,3.69005347935665e-05,"[6.888638237249488e-06, 5.293252589084921e-06, 7.1628528682233204e-06, 5.8386133902240105e-06, 8.558289265199015e-06, 5.296418688237737e-06]",0.0008573742292922806,7.782186353666454e-15,0.0,0.9877014656968393,True,25,0.01,1e-05,banded ADMM with dual certificate,0.001240070000221749,34,51,6,0.5*sum_train((z-y)^2)+lambda*sum(abs(Bz))
PDE,burgers,pod_tv_diff,POD+TV,0,0.01,4,0,0.01,0.00015966354707857476,"[0.003380133376310955, 0.004650093850948301, 0.005387827240376673, 0.005310297020529335, 0.00477441767276427, 0.003938632586421289]","[0.003379725617922333, 0.004649953076048381, 0.0053876086249687915, 0.005310133586853621, 0.004774120474505248, 0.003938631631843117]","[4.0775838862187885e-07, 1.407748999194408e-07, 2.1861540788151862e-07, 1.6343367571346884e-07, 2.9719825902184416e-07, 9.545781725836533e-10]","[4.0775838862187885e-07, 1.407748999194408e-07, 2.1861540788151862e-07, 1.6343367571346884e-07, 2.9719825902184416e-07, 9.545781725836533e-10]",4.0775838862187885e-07,6.774455377396571e-07,"[4.0775777777109917e-07, 1.407748880478607e-07, 2.1861487843003596e-07, 1.6343362031507463e-07, 2.9719810189406115e-07, 9.545781751857385e-10]",1.440497705003721e-05,4.246082652148431e-14,0.0,0.9999319239226433,True,75,0.20400000000000001,1e-05,banded ADMM with dual certificate,0.003245664999667497,34,51,6,0.5*sum_train((z-y)^2)+lambda*sum(abs(Bz))
PDE,burgers,pod_tv_diff,POD+TV,0,0.01,4,0,0.1,0.00017588618114960155,"[0.03023188494048444, 0.04134829897849712, 0.04708726643675736, 0.04417865804256609, 0.03519276556085101, 0.026902567771875975]","[0.030227133746229054, 0.04134819321637195, 0.047086401343847076, 0.04417595174194083, 0.03519265887187261, 0.02689993532408664]","[4.751194255386837e-06, 1.0576212516877348e-07, 8.650929102863025e-07, 2.7063006252589505e-06, 1.0668897840182545e-07, 2.632447789335801e-06]","[4.751194255386837e-06, 1.0576212516877348e-07, 8.650929102863025e-07, 2.7063006252589505e-06, 1.0668897840182545e-07, 2.632447789335801e-06]",4.751194255386837e-06,1.3777786446456108e-07,"[4.751194210936283e-06, 1.0576211701557314e-07, 8.650929011963515e-07, 2.7063005737168466e-06, 1.0668897806875854e-07, 2.632447752663747e-06]",6.992697015872906e-06,6.189493362285248e-15,0.0,0.9999958730223166,True,125,0.51,1e-05,banded ADMM with dual certificate,0.0051307980002093245,34,51,6,0.5*sum_train((z-y)^2)+lambda*sum(abs(Bz))
PDE,burgers,pod_tv_diff,POD+TV,0,0.01,4,0,1.0,0.0005661218824666435,"[0.24658841425849484, 0.35027384847401305, 0.38399749806310923, 0.3439906394354196, 0.20724948401525178, 0.07665769383342155]","[0.24658840317126052, 0.3502738075833616, 0.38399746075847924, 0.34399063943538566, 0.20724948401525062, 0.07665047726304164]","[1.1087234325080075e-08, 4.0890651475944395e-08, 3.7304629996182115e-08, 3.391731340229853e-14, 1.1657341758564144e-15, 7.2165703799143e-06]","[1.1087234325080075e-08, 4.0890651475944395e-08, 3.7304629996182115e-08, 3.391731340229853e-14, 1.1657341758564144e-15, 7.2165703799143e-06]",7.2165703799143e-06,4.08903829546281e-07,"[1.108727784582264e-08, 4.089068011969843e-08, 3.7304629496581754e-08, 3.452793606584237e-14, 1.3739009929736312e-15, 7.216569574839164e-06]",3.7608923725285237e-07,2.120525977034049e-14,0.0,0.9999967504712998,True,450,40.8,1e-05,banded ADMM with dual certificate,0.017814178000207903,34,51,6,0.5*sum_train((z-y)^2)+lambda*sum(abs(Bz))
PDE,burgers,pod_tv_diff,POD+TV,0,0.01,4,0,10.0,0.003949213686849711,"[1.286238922329612, 2.7148200322389995, 2.5356316688130596, 0.9004450342751373, 0.23378021561003806, 0.0766586627031426]","[1.2862389223293467, 2.714820029377259, 2.5356316688130236, 0.9004362666992598, 0.23377806414170949, 0.07665749692892669]","[2.653433028854124e-13, 2.8617406222508635e-09, 3.597122599785507e-14, 8.767575877532963e-06, 2.151468328576156e-06, 1.1657742159110196e-06]","[2.0629394607716237e-13, 1.0541179850845191e-09, 1.4186297812999536e-14, 8.767575877532963e-06, 2.151468328576156e-06, 1.1657742159110196e-06]",8.767575877532963e-06,3.619757826811565e-10,"[2.552402733613235e-13, 2.861736625447975e-09, 3.3306690738754696e-14, 8.7675758773486e-06, 2.1514683285756258e-06, 1.1657742158970317e-06]",4.6134336018077704e-08,5.88418203051333e-15,0.0,0.9999999984910086,True,1375,51.0,1e-05,banded ADMM with dual certificate,0.06047357700026623,34,51,6,0.5*sum_train((z-y)^2)+lambda*sum(abs(Bz))
PDE,burgers,pod_tv_diff,POD+TV,0,0.01,4,0,100.0,0.0210853532148617,"[1.8369233956502653, 15.330996235088035, 3.170159381964201, 0.9004372917600544, 0.2337782573506014, 0.07665759916045181]","[1.8369180707767572, 15.330996234992895, 3.170157812230576, 0.9004362668950332, 0.23377806414833963, 0.07665749693077363]","[5.324873508127936e-06, 9.513989596143801e-11, 1.5697336253062133e-06, 1.024865021181931e-06, 1.9320226177232946e-07, 1.0222967818107609e-07]","[2.898799983024304e-06, 6.205721696264684e-12, 4.951592132044859e-07, 1.024865021181931e-06, 1.9320226177232946e-07, 1.0222967818107609e-07]",2.898799983024304e-06,3.863576125695545e-14,"[5.324873470390938e-06, 9.514256049669712e-11, 1.5697336290729013e-06, 1.0248650211834826e-06, 1.9320226173283682e-07, 1.0222967819644112e-07]",2.4200552672937192e-09,3.863576125695545e-14,0.0,1.0,True,250,255.0,1e-05,banded ADMM with dual certificate,0.009906540999963909,34,51,6,0.5*sum_train((z-y)^2)+lambda*sum(abs(Bz))
PDE,burgers,pod_tv_diff,POD+TV,0,0.01,4,0,1000.0,0.02654167241015382,"[1.8369180707886883, 15.727629168621785, 3.170157812230954, 0.9004362668950643, 0.23377806414836327, 0.07665749693077989]","[1.8369180707773025, 15.727629168621277, 3.170157812230606, 0.9004362668950476, 0.23377806414834007, 0.0766574969307738]","[1.138578120674083e-11, 5.080380560684716e-13, 3.481659405224491e-13, 1.6653345369377348e-14, 2.3203661214665772e-14, 6.0923488476305465e-15]","[6.198306493796045e-12, 3.230226568935508e-14, 1.0982605950377978e-13, 1.6653345369377348e-14, 2.3203661214665772e-14, 6.0923488476305465e-15]",6.198306493796045e-12,2.6201263381153694e-14,"[1.1350526973016996e-11, 5.193878415753902e-13, 3.4707127868009073e-13, 1.676467296330988e-14, 2.3221473522769878e-14, 6.133215292435328e-15]",1.3322676295501878e-15,2.6201263381153694e-14,0.0,1.0,True,0,0.0,1e-05,affine exact solution,0.0002606729999570234,34,51,6,0.5*sum_train((z-y)^2)+lambda*sum(abs(Bz))
PDE,burgers,pod_tv_diff,POD+TV,0,0.01,4,1,0.0,0.00015723386980373804,"[0.0, 0.0, 0.0, 0.0, 0.0, 0.0]","[0.0, 0.0, 0.0, 0.0, 0.0, 0.0]","[0.0, 0.0, 0.0, 0.0, 0.0, 0.0]","[0.0, 0.0, 0.0, 0.0, 0.0, 0.0]",0.0,0.0,"[0.0, 0.0, 0.0, 0.0, 0.0, 0.0]",0.0,0.0,0.0,1.0,True,0,0.0,1e-05,zero-penalty interpolation,0.0003545950003172038,35,51,6,0.5*sum_train((z-y)^2)+lambda*sum(abs(Bz))
PDE,burgers,pod_tv_diff,POD+TV,0,0.01,4,1,0.0001,0.00016184127375833918,"[5.770849692931048e-05, 7.676983146207872e-05, 7.42045202942458e-05, 6.118403429266741e-05, 6.383897234594067e-05, 5.059208221394787e-05]","[5.739475129501643e-05, 7.635521586035762e-05, 7.384314927191468e-05, 6.091034390414331e-05, 6.355703187115578e-05, 5.0209057774642465e-05]","[3.137456342940494e-07, 4.1461560172110156e-07, 3.6137102233110916e-07, 2.736903885240956e-07, 2.8194047478488854e-07, 3.8302443930540345e-07]","[3.137456342940494e-07, 4.1461560172110156e-07, 3.6137102233110916e-07, 2.736903885240956e-07, 2.8194047478488854e-07, 3.8302443930540345e-07]",4.1461560172110156e-07,1.958516712973336e-06,"[3.1372729102371953e-07, 4.1459243526000185e-07, 3.6135262956371106e-07, 2.7367867049283293e-07, 2.819337266404191e-07, 3.829968681051842e-07]",0.000100355733654765,2.710505431213761e-20,0.0,0.993485985549433,True,25,0.01,1e-05,banded ADMM with dual certificate,0.001309305000177119,35,51,6,0.5*sum_train((z-y)^2)+lambda*sum(abs(Bz))
PDE,burgers,pod_tv_diff,POD+TV,0,0.01,4,1,0.001,0.0001584017832259879,"[0.0005224371535620145, 0.0007078655580229975, 0.0007013507624978829, 0.000587085016770798, 0.0006030581884806813, 0.000463580376363011]","[0.0005144286857584474, 0.0007016724325926164, 0.0006970552684183159, 0.0005841773062491063, 0.0005982588004135377, 0.00045796608132312876]","[8.008467803567146e-06, 6.193125430381074e-06, 4.2954940795669446e-06, 2.907710521691631e-06, 4.799388067143625e-06, 5.6142950398822594e-06]","[8.008467803567146e-06, 6.193125430381074e-06, 4.2954940795669446e-06, 2.907710521691631e-06, 4.799388067143625e-06, 5.6142950398822594e-06]",8.008467803567146e-06,2.3153985244168517e-05,"[8.005079623686119e-06, 6.1918351849067025e-06, 4.295390644584794e-06, 2.9076603415447008e-06, 4.79899683137133e-06, 5.6137096292782065e-06]",0.0007920706829914193,3.2526065174565133e-19,0.0,0.9922832279730327,True,25,0.01,1e-05,banded ADMM with dual certificate,0.0012780980000570707,35,51,6,0.5*sum_train((z-y)^2)+lambda*sum(abs(Bz))
PDE,burgers,pod_tv_diff,POD+TV,0,0.01,4,1,0.01,0.00015615858444649518,"[0.003616016167901249, 0.004764819408929629, 0.005414128323689284, 0.005115476277167665, 0.0045792846238524925, 0.003664179018859182]","[0.0036122617511877547, 0.004764399284891479, 0.005412220045972254, 0.005115472237108074, 0.0045791803545541755, 0.0036640507675470635]","[3.7544167134943504e-06, 4.20124038149651e-07, 1.9082777170300463e-06, 4.0400595915576765e-09, 1.0426929831705567e-07, 1.2825131211853177e-07]","[3.7544167134943504e-06, 4.20124038149651e-07, 1.9082777170300463e-06, 4.0400595915576765e-09, 1.0426929831705567e-07, 1.2825131211853177e-07]",3.7544167134943504e-06,3.616890201660339e-06,"[3.754396927857246e-06, 4.2012373315317153e-07, 1.9082595162445495e-06, 4.040059562067377e-09, 1.0426917813714798e-07, 1.2825113551327358e-07]",6.017833205529399e-05,5.204170427930421e-18,0.0,0.9997908559971327,True,75,0.20400000000000001,1e-05,banded ADMM with dual certificate,0.0031767210002726642,35,51,6,0.5*sum_train((z-y)^2)+lambda*sum(abs(Bz))
PDE,burgers,pod_tv_diff,POD+TV,0,0.01,4,1,0.1,0.00016747354440923285,"[0.030507698929081145, 0.04023563223028501, 0.04639117981149643, 0.04343216851338869, 0.03524274278658408, 0.027820547229648766]","[0.030507698861457648, 0.04022639231214446, 0.046391177993616986, 0.04343204301299594, 0.03524274276901328, 0.027820546768342416]","[6.762349707978288e-11, 9.239918140543923e-06, 1.8178794441991997e-09, 1.2550039275166514e-07, 1.7570805921351962e-11, 4.613063507574733e-10]","[6.762349707978288e-11, 9.239918140543923e-06, 1.8178794441991997e-09, 1.2550039275166514e-07, 1.7570805921351962e-11, 4.613063507574733e-10]",9.239918140543923e-06,4.126142688770651e-07,"[6.762337911858651e-11, 9.239917603778847e-06, 1.817879499710351e-09, 1.2550039011488545e-07, 1.7570809390798914e-11, 4.613063368796855e-10]",1.615338182148207e-05,2.7755575615628914e-17,0.0,0.9999856470860206,True,175,1.02,1e-05,banded ADMM with dual certificate,0.0077348659997369396,35,51,6,0.5*sum_train((z-y)^2)+lambda*sum(abs(Bz))
PDE,burgers,pod_tv_diff,POD+TV,0,0.01,4,1,1.0,0.0005035440368399532,"[0.24761450981065006, 0.34310218444402263, 0.3799130980255404, 0.34735038549783787, 0.21084170336459354, 0.08410379504982342]","[0.24761450981062316, 0.34310218444398755, 0.37991309802552176, 0.34735038549783126, 0.21084170336459263, 0.08409405354618829]","[2.6895152771544417e-14, 3.5083047578154947e-14, 1.865174681370263e-14, 6.6058269965196814e-15, 9.159339953157541e-16, 9.741503635127269e-06]","[2.6895152771544417e-14, 3.5083047578154947e-14, 1.865174681370263e-14, 6.6058269965196814e-15, 9.159339953157541e-16, 9.741503635127269e-06]",9.741503635127269e-06,2.357125378216196e-08,"[2.65898414397725e-14, 3.547162563677375e-14, 1.84297022087776e-14, 6.6058269965196814e-15, 9.159339953157541e-16, 9.74150363072324e-06]",4.524403460770543e-07,2.220446049250313e-16,0.0,0.9999997698109045,True,1375,10.2,1e-05,banded ADMM with dual certificate,0.05687536100003854,35,51,6,0.5*sum_train((z-y)^2)+lambda*sum(abs(Bz))
PDE,burgers,pod_tv_diff,POD+TV,0,0.01,4,1,10.0,0.00346249238270901,"[1.3221380548259578, 2.6744706642632123, 2.5662665726467124, 0.9532714988853103, 0.24275714096321957, 0.0841940291116239]","[1.3221380548256663, 2.674470629742543, 2.566266572646623, 0.953264843420922, 0.2427554332327168, 0.08419306434310443]","[2.915445662665661e-13, 3.452066943410159e-08, 8.926193117986259e-14, 6.6554643882721365e-06, 1.707730502759075e-06, 9.647685194624778e-07]","[2.205099272367167e-13, 1.290747731705319e-08, 3.478279775424987e-14, 6.6554643882721365e-06, 1.707730502759075e-06, 9.647685194624778e-07]",6.6554643882721365e-06,2.991894926251959e-09,"[2.885469641000782e-13, 3.4520663660941864e-08, 8.770761894538737e-14, 6.655464388064183e-06, 1.7077305027575186e-06, 9.647685194591934e-07]",3.168142885812131e-07,3.552713678800501e-15,0.0,0.9999999867143045,True,925,102.0,1e-05,banded ADMM with dual certificate,0.04900776400018003,35,51,6,0.5*sum_train((z-y)^2)+lambda*sum(abs(Bz))
PDE,burgers,pod_tv_diff,POD+TV,0,0.01,4,1,100.0,0.01833901191063286,"[1.9651618862201317, 15.597016447034028, 3.3058728746076076, 0.9532659384626138, 0.24275564548077863, 0.08419318133044368]","[1.9651561027535758, 15.59701644675648, 3.3058711695624585, 0.9532648435482277, 0.2427554332372645, 0.08419306434447887]","[5.783466555886463e-06, 2.7754687437209213e-10, 1.7050451490696616e-06, 1.0949143860461419e-06, 2.1224351412496567e-07, 1.1698596480425039e-07]","[2.942997519156351e-06, 1.7794869635139176e-11, 5.157624669012849e-07, 1.0949143860461419e-06, 2.1224351412496567e-07, 1.1698596480425039e-07]",2.942997519156351e-06,2.7413626924044365e-12,"[5.783466577752427e-06, 2.7754598619367243e-10, 1.70504514754729e-06, 1.0949143858653408e-06, 2.122435140602921e-07, 1.1698596480368546e-07]",2.6420075016631017e-09,2.842170943040401e-14,0.0,0.9999999999981465,True,250,510.0,1e-05,banded ADMM with dual certificate,0.017264990000057878,35,51,6,0.5*sum_train((z-y)^2)+lambda*sum(abs(Bz))
PDE,burgers,pod_tv_diff,POD+TV,0,0.01,4,1,1000.0,0.02455977273600543,"[1.9651561027650717, 16.251437280858088, 3.305871169562819, 0.9532648435482818, 0.24275543323728832, 0.08419306434448502]","[1.965156102754281, 16.251437280857708, 3.3058711695625043, 0.9532648435482454, 0.2427554332372652, 0.08419306434447907]","[1.0790701665541746e-11, 3.801403636316536e-13, 3.148592497836944e-13, 3.6415315207705135e-14, 2.3120394487818885e-14, 5.953570969552402e-15]","[5.491015014206096e-12, 2.3391184241864293e-14, 9.524244401373105e-14, 3.6415315207705135e-14, 2.3120394487818885e-14, 5.953570969552402e-15]",5.491015014206096e-12,4.973799150320701e-14,"[1.0813857984246877e-11, 3.840835770447749e-13, 3.148647698812475e-13, 3.623109740750737e-14, 2.3216209300057008e-14, 5.946311263242856e-15]",8.881784197001252e-16,2.842170943040401e-14,0.0,1.0,True,0,0.0,1e-05,affine exact solution,0.0005096790000607143,35,51,6,0.5*sum_train((z-y)^2)+lambda*sum(abs(Bz))
PDE,burgers,pod_tv_diff,POD+TV,0,0.01,4,2,0.0,0.00016543547649416546,"[0.0, 0.0, 0.0, 0.0, 0.0, 0.0]","[0.0, 0.0, 0.0, 0.0, 0.0, 0.0]","[0.0, 0.0, 0.0, 0.0, 0.0, 0.0]","[0.0, 0.0, 0.0, 0.0, 0.0, 0.0]",0.0,0.0,"[0.0, 0.0, 0.0, 0.0, 0.0, 0.0]",0.0,0.0,0.0,1.0,True,0,0.0,1e-05,zero-penalty interpolation,0.0005936749998909363,35,51,6,0.5*sum_train((z-y)^2)+lambda*sum(abs(Bz))
PDE,burgers,pod_tv_diff,POD+TV,0,0.01,4,2,0.0001,0.00016772287217375965,"[5.303155579553115e-05, 6.09756560930167e-05, 6.546330246828095e-05, 5.9817609762383896e-05, 7.59659746653952e-05, 6.520234631092047e-05]","[5.275442273548731e-05, 6.075711060105882e-05, 6.51474441080955e-05, 5.957795727669756e-05, 7.556165752648238e-05, 6.462314688159522e-05]","[2.77133060043836e-07, 2.185454919578821e-07, 3.158583601854464e-07, 2.396524856863329e-07, 4.0431713891281925e-07, 5.791994293252495e-07]","[2.77133060043836e-07, 2.185454919578821e-07, 3.158583601854464e-07, 2.396524856863329e-07, 4.0431713891281925e-07, 5.791994293252495e-07]",5.791994293252495e-07,2.6233418157040967e-06,"[2.7711737432498535e-07, 2.1853608138722494e-07, 3.1583906462821537e-07, 2.3964392040145156e-07, 4.042917649408798e-07, 5.791445282977997e-07]",0.00010040792798183768,2.710505431213761e-20,0.0,0.9912747801754944,True,25,0.01,1e-05,banded ADMM with dual certificate,0.0021170730001358606,35,51,6,0.5*sum_train((z-y)^2)+lambda*sum(abs(Bz))
PDE,burgers,pod_tv_diff,POD+TV,0,0.01,4,2,0.001,0.00016629324304336945,"[0.0004885286426868052, 0.0005715865379136657, 0.0006140891055994494, 0.0005725451298206011, 0.0006856555924745354, 0.000603878150964099]","[0.0004816729546958821, 0.0005688458653966297, 0.0006096228240909302, 0.0005677298535561287, 0.0006810521074464952, 0.0005950754914610917]","[6.855687990923076e-06, 2.7406725170359744e-06, 4.46628150851914e-06, 4.815276264472481e-06, 4.603485028040243e-06, 8.802659503007355e-06]","[6.855687990923076e-06, 2.7406725170359744e-06, 4.46628150851914e-06, 4.815276264472481e-06, 4.603485028040243e-06, 8.802659503007355e-06]",8.802659503007355e-06,2.24642115226395e-05,"[6.8534538476486685e-06, 2.7404891191776595e-06, 4.466076413196687e-06, 4.815046722679789e-06, 4.602988676521654e-06, 8.799762163366146e-06]",0.0009050306283980682,2.168404344971009e-19,0.0,0.9925131772658548,True,25,0.01,1e-05,banded ADMM with dual certificate,0.002232817999811232,35,51,6,0.5*sum_train((z-y)^2)+lambda*sum(abs(Bz))
PDE,burgers,pod_tv_diff,POD+TV,0,0.01,4,2,0.01,0.0001647220541599225,"[0.0035561083091461164, 0.004592075763528738, 0.005273743019579697, 0.005033972758544467, 0.004511698726437405, 0.003722418066084537]","[0.0035558061161586087, 0.004592071793099794, 0.005273726018249933, 0.005033972603984128, 0.0045091732273286, 0.00372155786908985]","[3.0219298750768647e-07, 3.970428943955717e-09, 1.7001329764149142e-08, 1.5456033935351554e-10, 2.5254991088043827e-06, 8.601969946871527e-07]","[3.0219298750768647e-07, 3.970428943955717e-09, 1.7001329764149142e-08, 1.5456033935351554e-10, 2.5254991088043827e-06, 8.601969946871527e-07]",2.5254991088043827e-06,1.726619601476534e-06,"[3.0219184339857347e-07, 3.970428918802227e-09, 1.7001329092811157e-08, 1.5456034022087728e-10, 2.5254891662771124e-06, 8.601951941161756e-07]",6.0237335955282134e-05,3.469446951953614e-18,0.0,0.9998790635918146,True,75,0.20400000000000001,1e-05,banded ADMM with dual certificate,0.0047645710001233965,35,51,6,0.5*sum_train((z-y)^2)+lambda*sum(abs(Bz))
PDE,burgers,pod_tv_diff,POD+TV,0,0.01,4,2,0.1,0.00018088070757615553,"[0.029915452552694597, 0.04005352432321449, 0.04659621312564242, 0.04285468970564255, 0.034961524220151946, 0.026390058623533753]","[0.029905650730211262, 0.040051117899140336, 0.04659583884102471, 0.042844742434428255, 0.03495976458253091, 0.026390043066024722]","[9.801822483335165e-06, 2.406424074154201e-06, 3.742846177087755e-07, 9.947271214297282e-06, 1.759637621036314e-06, 1.555750903103892e-08]","[9.801822483335165e-06, 2.406424074154201e-06, 3.742846177087755e-07, 9.947271214297282e-06, 1.759637621036314e-06, 1.555750903103892e-08]",9.947271214297282e-06,4.847880500577495e-07,"[9.80182227703838e-06, 2.4064240641136214e-06, 3.742846154466961e-07, 9.947270711282985e-06, 1.7596373784005415e-06, 1.555750902756947e-08]",2.347968513385923e-05,2.7755575615628914e-17,0.0,0.999986972324208,True,125,0.51,1e-05,banded ADMM with dual certificate,0.005288106000080006,35,51,6,0.5*sum_train((z-y)^2)+lambda*sum(abs(Bz))
PDE,burgers,pod_tv_diff,POD+TV,0,0.01,4,2,1.0,0.0005254293519709941,"[0.24529423663064717, 0.3449186073122677, 0.3798854183805119, 0.34065413493924174, 0.21211583160359182, 0.07941973566230673]","[0.24529423656600619, 0.3449186073033663, 0.3798853662025504, 0.3406541349392199, 0.21211583160359038, 0.07941112006774192]","[6.464098700753595e-11, 8.901379633385886e-12, 5.21779614515161e-08, 2.1815882433884326e-14, 1.4432899320127035e-15, 8.615594564803652e-06]","[6.464098700753595e-11, 8.901379633385886e-12, 5.21779614515161e-08, 2.1815882433884326e-14, 1.4432899320127035e-15, 8.615594564803652e-06]",8.615594564803652e-06,8.167713939910559e-08,"[6.463998780681379e-11, 8.900713499571111e-12, 5.217796078538228e-08, 2.19824158875781e-14, 1.4016565685892601e-15, 8.615594511340125e-06]",3.930103923410755e-07,2.220446049250313e-16,0.0,0.9999991695019012,True,875,20.4,1e-05,banded ADMM with dual certificate,0.03775037600007636,35,51,6,0.5*sum_train((z-y)^2)+lambda*sum(abs(Bz))
PDE,burgers,pod_tv_diff,POD+TV,0,0.01,4,2,10.0,0.0034929739102866875,"[1.3003235063863938, 2.6786019108320356, 2.563639916498523, 0.9228739795829424, 0.24388103416121357, 0.07953549627225151]","[1.3003235063861203, 2.6786018908039106, 2.5636399164984667, 0.9228645793063392, 0.24387871065812738, 0.079534120243198]","[2.7355895326763857e-13, 2.0028124936288805e-08, 5.639932965095795e-14, 9.400276603122037e-06, 2.3235030861823436e-06, 1.3760290535069775e-06]","[2.1037761135908432e-13, 7.477081553364385e-09, 2.199970802763495e-14, 9.400276603122037e-06, 2.3235030861823436e-06, 1.3760290535069775e-06]",9.400276603122037e-06,2.156732681335427e-09,"[2.821076705572523e-13, 2.0028121827664336e-08, 5.773159728050814e-14, 9.400276603428577e-06, 2.32350308618011e-06, 1.3760290535200857e-06]",1.6831515736726033e-07,3.552713678800501e-15,0.0,0.9999999903028167,True,1125,204.0,1e-05,banded ADMM with dual certificate,0.05001014599974951,35,51,6,0.5*sum_train((z-y)^2)+lambda*sum(abs(Bz))
PDE,burgers,pod_tv_diff,POD+TV,0,0.01,4,2,100.0,0.018267556861271062,"[1.9700324057371499, 15.59727496237524, 3.2972566382781636, 0.9228678948733511, 0.24387933316126623, 0.07953448092041863]","[1.9700141278797418, 15.597274962064061, 3.2972513477190133, 0.9228645795556556, 0.2438787106664895, 0.07953412024599218]","[1.827785740804444e-05, 3.111786384124571e-10, 5.290559150328278e-06, 3.315317695484765e-06, 6.224947767252687e-07, 3.606744264500472e-07]","[9.27794758848406e-06, 1.9950833665694965e-11, 1.6045336261999375e-06, 3.315317695484765e-06, 6.224947767252687e-07, 3.606744264500472e-07]",9.27794758848406e-06,2.9531932455029164e-14,"[1.8277857414311447e-05, 3.111724211635192e-10, 5.290559150357295e-06, 3.3153176954899478e-06, 6.224947766616174e-07, 3.6067442644382226e-07]",8.412143870373257e-09,1.4210854715202004e-14,0.0,1.0,True,250,255.0,1e-05,banded ADMM with dual certificate,0.011004326999682235,35,51,6,0.5*sum_train((z-y)^2)+lambda*sum(abs(Bz))
PDE,burgers,pod_tv_diff,POD+TV,0,0.01,4,2,1000.0,0.024298595393662994,"[1.970014127898122, 16.240524744128304, 3.2972513477196923, 0.9228645795558593, 0.24387871066652148, 0.07953412024599947]","[1.9700141278869738, 16.240524744128, 3.297251347719441, 0.9228645795558172, 0.24387871066649486, 0.079534120245994]","[1.1148193479471047e-11, 3.055333763768431e-13, 2.5135449277513544e-13, 4.207745263329343e-14, 2.6617597015388128e-14, 5.467848396278896e-15]","[5.658940878442049e-12, 1.8813023667065157e-14, 7.62315232501055e-14, 4.207745263329343e-14, 2.6617597015388128e-14, 5.467848396278896e-15]",5.658940878442049e-12,4.107825191113079e-14,"[1.1164223095462265e-11, 3.114027038797702e-13, 2.499991155826148e-13, 4.201037728633813e-14, 2.6577686182846995e-14, 5.4787466173086574e-15]",8.881784197001252e-16,1.4210854715202004e-14,0.0,1.0,True,0,0.0,1e-05,affine exact solution,0.00029605600002469146,35,51,6,0.5*sum_train((z-y)^2)+lambda*sum(abs(Bz))
PDE,burgers,tv_diff,TV,1,0.01,4,0,0.0,0.00013427197782227689,"[0.0, 0.0, 0.0, 0.0, 0.0, 0.0, 0.0, 0.0]","[0.0, 0.0, 0.0, 0.0, 0.0, 0.0, 0.0, 0.0]","[0.0, 0.0, 0.0, 0.0, 0.0, 0.0, 0.0, 0.0]","[0.0, 0.0, 0.0, 0.0, 0.0, 0.0, 0.0, 0.0]",0.0,0.0,"[0.0, 0.0, 0.0, 0.0, 0.0, 0.0, 0.0, 0.0]",0.0,0.0,0.0,1.0,True,0,0.0,1e-05,zero-penalty interpolation,0.0005887080001230061,34,51,8,0.5*sum_train((z-y)^2)+lambda*sum(abs(Bz))
PDE,burgers,tv_diff,TV,1,0.01,4,0,0.0001,0.00015437403712292969,"[3.314320190559224e-05, 4.87567632872411e-05, 5.240174445587113e-05, 3.565518094044096e-05, 4.471172079712959e-05, 4.966372755289067e-05, 4.790147696490089e-05, 5.024632902256406e-05]","[3.294164128566673e-05, 4.852789595540583e-05, 5.2159409557812645e-05, 3.545781497132068e-05, 4.445973579261862e-05, 4.9384414194258535e-05, 4.7694969545568824e-05, 4.99089346165147e-05]","[2.0156061992551e-07, 2.2886733183527085e-07, 2.4233489805848546e-07, 1.97365969120275e-07, 2.519850045109681e-07, 2.7931335863213517e-07, 2.065074193320678e-07, 3.3739440604936484e-07]","[2.0156061992551e-07, 2.2886733183527085e-07, 2.4233489805848546e-07, 1.97365969120275e-07, 2.519850045109681e-07, 2.7931335863213517e-07, 2.065074193320678e-07, 3.3739440604936484e-07]",3.3739440604936484e-07,1.715340251534636e-06,"[2.015453244195932e-07, 2.2885508400868437e-07, 2.423227768992388e-07, 1.973470924353105e-07, 2.5196949981918577e-07, 2.792960243013328e-07, 2.0649568233779066e-07, 3.3737178616930863e-07]",0.00010042755887510961,2.4412736372367294e-14,0.0,0.9942920171595275,True,25,0.01,1e-05,banded ADMM with dual certificate,0.002163462999760668,34,51,8,0.5*sum_train((z-y)^2)+lambda*sum(abs(Bz))
PDE,burgers,tv_diff,TV,1,0.01,4,0,0.001,0.00013273328426943298,"[0.0002722763177094711, 0.0004175400468437522, 0.000445122374463804, 0.0003224170231576769, 0.0004001734242483702, 0.00042489451732163316, 0.000424872205535119, 0.0004197258588631952]","[0.0002668582792698508, 0.0004102281945208573, 0.0004405454291713356, 0.00031413803057333856, 0.0003916713342854731, 0.00041886904519412523, 0.00041815932044533366, 0.0004133627444372607]","[5.418038439620283e-06, 7.31185232289485e-06, 4.576945292468384e-06, 8.278992584338362e-06, 8.50208996289707e-06, 6.0254721275079305e-06, 6.712885089785344e-06, 6.3631144259345e-06]","[5.418038439620283e-06, 7.31185232289485e-06, 4.576945292468384e-06, 8.278992584338362e-06, 8.50208996289707e-06, 6.0254721275079305e-06, 6.712885089785344e-06, 6.3631144259345e-06]",8.50208996289707e-06,2.2997892866276e-05,"[5.416771725058129e-06, 7.309655743465164e-06, 4.576184763164625e-06, 8.277109618812998e-06, 8.501574017413306e-06, 6.025246952040574e-06, 6.71256090646323e-06, 6.361356344822928e-06]",0.0009433142667580885,2.7572995969782355e-14,0.0,0.9923521735618083,True,25,0.01,1e-05,banded ADMM with dual certificate,0.0020655759999499423,34,51,8,0.5*sum_train((z-y)^2)+lambda*sum(abs(Bz))
PDE,burgers,tv_diff,TV,1,0.01,4,0,0.01,0.00011758664095274559,"[0.0009584496668011834, 0.001352127370662499, 0.001817510224413336, 0.0020333423337942236, 0.0028618488934640217, 0.00195540023897069, 0.001550231564712538, 0.001475823696367804]","[0.0009541129540581729, 0.0013498001126984955, 0.0018172069509549732, 0.002032758073756274, 0.0028617649041536275, 0.001955395486168511, 0.001548126977429645, 0.0014757306589549364]","[4.33671274301052e-06, 2.3272579640035585e-06, 3.0327345836283354e-07, 5.842600379495945e-07, 8.398931039413707e-08, 4.752802179163601e-09, 2.1045872828930577e-06, 9.303741286756373e-08]","[4.33671274301052e-06, 2.3272579640035585e-06, 3.0327345836283354e-07, 5.842600379495945e-07, 8.398931039413707e-08, 4.752802179163601e-09, 2.1045872828930577e-06, 9.303741286756373e-08]",4.33671274301052e-06,2.9988484923360037e-06,"[4.336711666295793e-06, 2.3272333045692875e-06, 3.03271840014583e-07, 5.84256873952969e-07, 8.398930006862926e-08, 4.752802780678966e-09, 2.1045859391376556e-06, 9.303723359104822e-08]",8.712863192420622e-05,8.508818649666239e-15,0.0,0.9998321646966952,True,100,0.40800000000000003,1e-05,banded ADMM with dual certificate,0.007144805999814707,34,51,8,0.5*sum_train((z-y)^2)+lambda*sum(abs(Bz))
PDE,burgers,tv_diff,TV,1,0.01,4,0,0.1,0.00013895882746512198,"[0.0017298642988013506, 0.004493110503333094, 0.009271928545895947, 0.016098521394628366, 0.024458762475267053, 0.011245913442980952, 0.005281464133427705, 0.002895745924763076]","[0.0017213874873832791, 0.00449311050333282, 0.00927192853155197, 0.016098521394627113, 0.024458762475263695, 0.011245913442210001, 0.0052814641330874035, 0.0028956394190820488]","[8.476811418071505e-06, 2.740863092043355e-16, 1.4343977394748464e-11, 1.2524703496552547e-15, 3.3584246494910985e-15, 7.709510113640405e-13, 3.4030157164410824e-13, 1.0650568102715113e-07]","[8.476811418071505e-06, 2.740863092043355e-16, 1.4343977394748464e-11, 1.2524703496552547e-15, 3.3584246494910985e-15, 7.709510113640405e-13, 3.4030157164410824e-13, 1.0650568102715113e-07]",8.476811418071505e-06,2.472181345955504e-07,"[8.47681122866518e-06, 2.2794266474335245e-15, 1.4344456178427833e-11, 1.2472661792273243e-15, 2.903927098785175e-15, 7.711817295863455e-13, 3.3841722826832843e-13, 1.065056810221638e-07]",7.405584636528684e-06,4.6004866582904924e-15,0.0,0.99998736154706,True,600,4.08,1e-05,banded ADMM with dual certificate,0.03671812399988994,34,51,8,0.5*sum_train((z-y)^2)+lambda*sum(abs(Bz))
PDE,burgers,tv_diff,TV,1,0.01,4,0,1.0,0.0006736084225144917,"[0.003823129984137803, 0.028844536781756417, 0.06907749751100759, 0.12684443917009486, 0.19843471250490707, 0.08749280020166203, 0.03569573232699061, 0.007116197765424455]","[0.003814086705364351, 0.0288445367817495, 0.06907736058439787, 0.1268444391700781, 0.19843471250489092, 0.08749280019667627, 0.0356957323269858, 0.007116194464347119]","[9.04327877345205e-06, 6.918077222195507e-15, 1.3692660971731385e-07, 1.6764367671839864e-14, 1.6153745008296028e-14, 4.985761803411037e-12, 4.808653475407709e-15, 3.3010773359612444e-09]","[9.04327877345205e-06, 6.918077222195507e-15, 1.3692660971731385e-07, 1.6764367671839864e-14, 1.6153745008296028e-14, 4.985761803411037e-12, 4.808653475407709e-15, 3.3010773359612444e-09]",9.04327877345205e-06,7.851630672017773e-09,"[9.043278773296901e-06, 5.859895901849654e-15, 1.3692661082059798e-07, 1.444677710793485e-14, 1.8263168755083825e-14, 4.9849846472938e-12, 6.727257639838058e-15, 3.301077369788352e-09]",4.6952397325661366e-07,3.747002708109903e-15,0.0,0.999999799889986,True,1075,10.2,1e-05,banded ADMM with dual certificate,0.05238623900004313,34,51,8,0.5*sum_train((z-y)^2)+lambda*sum(abs(Bz))
PDE,burgers,tv_diff,TV,1,0.01,4,0,10.0,0.01241492604053724,"[0.003965064248632907, 0.14942655174303515, 0.4123596954511944, 0.4204079638765954, 0.8258235943070669, 0.5036340813312583, 0.18490265868835198, 0.008529356587620626]","[0.003964227253149134, 0.14942655174141461, 0.41235969544827905, 0.4204079638639923, 0.8258235943069565, 0.5036340813285439, 0.1849026586875815, 0.00852808315016469]","[8.369954837723903e-07, 1.6205370378941097e-12, 2.9153346403631986e-12, 1.2603085242091083e-11, 1.1035616864774056e-13, 2.7143842729060452e-12, 7.704947790898586e-13, 1.273437455935611e-06]","[8.369954837723903e-07, 1.6205370378941097e-12, 2.9153346403631986e-12, 1.2603085242091083e-11, 1.1035616864774056e-13, 2.7143842729060452e-12, 7.704947790898586e-13, 1.273437455935611e-06]",1.273437455935611e-06,4.8683279629813114e-14,"[8.369954837565386e-07, 1.6216750164943505e-12, 2.913641550250645e-12, 1.2603557086876549e-11, 1.0552669849062113e-13, 2.7120528045543324e-12, 7.663106260658026e-13, 1.2734374559128504e-06]",5.7174225354117425e-09,6.827871601444713e-15,0.0,0.9999999999998472,True,450,816.0,1e-05,banded ADMM with dual certificate,0.02333551499987152,34,51,8,0.5*sum_train((z-y)^2)+lambda*sum(abs(Bz))
PDE,burgers,tv_diff,TV,1,0.01,4,0,100.0,0.020809227850737147,"[0.003964227254281941, 0.15218785871877322, 0.5072905680636819, 0.42360843523044966, 0.8996558194757551, 0.6331274320274937, 0.1934661492968575, 0.008528083153200262]","[0.003964227254265213, 0.15218785871860765, 0.5072905680636025, 0.4236084352301439, 0.899655819475315, 0.6331274320273803, 0.19346614929664468, 0.008528083153171839]","[1.672793847884435e-14, 1.6556200854722647e-13, 7.938094626069869e-14, 3.057554209817681e-13, 4.4009240696141205e-13, 1.1335377081422848e-13, 2.1280199824502688e-13, 2.8423444153879984e-14]","[1.672793847884435e-14, 1.6556200854722647e-13, 7.938094626069869e-14, 3.057554209817681e-13, 4.4009240696141205e-13, 1.1335377081422848e-13, 2.1280199824502688e-13, 2.8423444153879984e-14]",4.4009240696141205e-13,1.6930901125533637e-14,"[1.6809256442295583e-14, 1.6692240172022188e-13, 8.057135332777266e-14, 3.0407562303283435e-13, 4.58321770759093e-13, 1.2131075106459098e-13, 2.13470749730481e-13, 2.8512672599615814e-14]",4.440892098500626e-16,1.6930901125533637e-14,0.0,1.0,True,0,0.0,1e-05,affine exact solution,0.0003097870003330172,34,51,8,0.5*sum_train((z-y)^2)+lambda*sum(abs(Bz))
PDE,burgers,tv_diff,TV,1,0.01,4,0,1000.0,0.020809227850737147,"[0.003964227254433228, 0.15218785872027865, 0.50729056806441, 0.4236084352332011, 0.8996558194798575, 0.633127432028573, 0.19346614929879147, 0.008528083153456866]","[0.003964227254265213, 0.15218785871860765, 0.5072905680636025, 0.4236084352301439, 0.899655819475315, 0.6331274320273803, 0.19346614929664468, 0.008528083153171839]","[1.6801490754225767e-13, 1.6709966743633231e-12, 8.074652058098764e-13, 3.0571656317590623e-12, 4.542477505253828e-12, 1.1927125953548057e-12, 2.146782751566434e-12, 2.8502721016732124e-13]","[1.6801490754225767e-13, 1.6709966743633231e-12, 8.074652058098764e-13, 3.0571656317590623e-12, 4.542477505253828e-12, 1.1927125953548057e-12, 2.146782751566434e-12, 2.8502721016732124e-13]",4.542477505253828e-12,1.6930901125533637e-14,"[1.6809586742197203e-13, 1.672335198409484e-12, 8.087194300820933e-13, 3.0554873804571456e-12, 4.560715461615498e-12, 1.2006888786325289e-12, 2.1474462945036647e-12, 2.8511630091766913e-13]",4.440892098500626e-16,1.6930901125533637e-14,0.0,1.0,True,0,0.0,1e-05,affine exact solution,0.0003773500002353103,34,51,8,0.5*sum_train((z-y)^2)+lambda*sum(abs(Bz))
PDE,burgers,tv_diff,TV,1,0.01,4,1,0.0,0.00013161056164048623,"[0.0, 0.0, 0.0, 0.0, 0.0, 0.0, 0.0, 0.0]","[0.0, 0.0, 0.0, 0.0, 0.0, 0.0, 0.0, 0.0]","[0.0, 0.0, 0.0, 0.0, 0.0, 0.0, 0.0, 0.0]","[0.0, 0.0, 0.0, 0.0, 0.0, 0.0, 0.0, 0.0]",0.0,0.0,"[0.0, 0.0, 0.0, 0.0, 0.0, 0.0, 0.0, 0.0]",0.0,0.0,0.0,1.0,True,0,0.0,1e-05,zero-penalty interpolation,0.0003241290000914887,35,51,8,0.5*sum_train((z-y)^2)+lambda*sum(abs(Bz))
PDE,burgers,tv_diff,TV,1,0.01,4,1,0.0001,0.0001396715667605849,"[4.519412854420057e-05, 4.2104242716805444e-05, 4.943507450942916e-05, 4.358902077754853e-05, 4.395573371494006e-05, 3.6695629612098074e-05, 5.534722268836807e-05, 5.272410716419715e-05]","[4.4926991789354504e-05, 4.1876724961434875e-05, 4.916270490423208e-05, 4.338075876805377e-05, 4.369052380265058e-05, 3.649533580868459e-05, 5.493031762043463e-05, 5.2387285010089495e-05]","[2.671367548460636e-07, 2.2751775537056937e-07, 2.723696051970816e-07, 2.0826200949476372e-07, 2.652099122894735e-07, 2.0029380341348091e-07, 4.16905067933438e-07, 3.368221541076566e-07]","[2.671367548460636e-07, 2.2751775537056937e-07, 2.723696051970816e-07, 2.0826200949476372e-07, 2.652099122894735e-07, 2.0029380341348091e-07, 4.16905067933438e-07, 3.368221541076566e-07]",4.16905067933438e-07,1.8234794580356917e-06,"[2.6712518882870045e-07, 2.275050736451215e-07, 2.7234878245398176e-07, 2.0825107997704263e-07, 2.651922660764169e-07, 2.0028322732099568e-07, 4.1687270364938116e-07, 3.3680269530813537e-07]",0.00010040118785454861,1.3552527156068805e-20,0.0,0.9939338020656442,True,25,0.01,1e-05,banded ADMM with dual certificate,0.0016036990000429796,35,51,8,0.5*sum_train((z-y)^2)+lambda*sum(abs(Bz))
PDE,burgers,tv_diff,TV,1,0.01,4,1,0.001,0.00012864307633109878,"[0.0003903263779375145, 0.0003483130471087704, 0.00041905703045916093, 0.00038269987332081943, 0.00040145406650010965, 0.0003085552021131889, 0.0004932685884800358, 0.0004551859693690233]","[0.00038197743358740706, 0.00033995499361004836, 0.0004132873917110335, 0.00037685537847025573, 0.0003930426459760793, 0.00030192883785219054, 0.00048420708644807993, 0.00044836636947160637]","[8.348944350107426e-06, 8.35805349872203e-06, 5.769638748127448e-06, 5.844494850563704e-06, 8.411420524030364e-06, 6.626364260998345e-06, 9.06150203195587e-06, 6.819599897416929e-06]","[8.348944350107426e-06, 8.35805349872203e-06, 5.769638748127448e-06, 5.844494850563704e-06, 8.411420524030364e-06, 6.626364260998345e-06, 9.06150203195587e-06, 6.819599897416929e-06]",9.06150203195587e-06,2.2738020055144623e-05,"[8.346642012561011e-06, 8.357583974775127e-06, 5.767677234784637e-06, 5.844190874050906e-06, 8.409944344117519e-06, 6.623078496628123e-06, 9.06052714108504e-06, 6.817700955979566e-06]",0.0009977299027298693,4.336808689942018e-19,0.0,0.9924222932367436,True,25,0.01,1e-05,banded ADMM with dual certificate,0.0018607760002851137,35,51,8,0.5*sum_train((z-y)^2)+lambda*sum(abs(Bz))
PDE,burgers,tv_diff,TV,1,0.01,4,1,0.01,0.00011201198200221297,"[0.001229602655294633, 0.001131940490250986, 0.0020313934022247737, 0.0021513215078499443, 0.002834358815580883, 0.0016515748525964729, 0.0017900624939459582, 0.0017744211731228463]","[0.0012244653168214568, 0.001131560667563159, 0.002031393331532027, 0.0021513215066312555, 0.0028343586396096677, 0.0016496254731126756, 0.0017863146735318716, 0.0017743706498016163]","[5.137338473176246e-06, 3.798226878269379e-07, 7.06927467952756e-11, 1.2186887783649514e-12, 1.759712154637827e-10, 1.949379483797255e-06, 3.747820414086618e-06, 5.052332123002025e-08]","[5.137338473176246e-06, 3.798226878269379e-07, 7.06927467952756e-11, 1.2186887783649514e-12, 1.759712154637827e-10, 1.949379483797255e-06, 3.747820414086618e-06, 5.052332123002025e-08]",5.137338473176246e-06,3.891835129218174e-06,"[5.137298402635828e-06, 3.798225537145444e-07, 7.069274701211603e-11, 1.2186924646523378e-12, 1.7597121199433574e-10, 1.9493758250859004e-06, 3.7477809781619317e-06, 5.052323917120304e-08]",9.619970403163675e-05,3.469446951953614e-18,0.0,0.9998057689637428,True,125,0.40800000000000003,1e-05,banded ADMM with dual certificate,0.006078788999730023,35,51,8,0.5*sum_train((z-y)^2)+lambda*sum(abs(Bz))
PDE,burgers,tv_diff,TV,1,0.01,4,1,0.1,0.0001214982533490694,"[0.001702561822307211, 0.004439606247453097, 0.009478563152553528, 0.01656324639237691, 0.024618997785059778, 0.011379003733760155, 0.005307256235943515, 0.0031975930133890935]","[0.0016938979403310936, 0.004439606247452532, 0.00947856314310892, 0.01656324639237222, 0.024618997785050035, 0.011379003733758745, 0.005307256235902917, 0.003196289978592559]","[8.663881976117473e-06, 5.646524914304507e-16, 9.444608289888023e-12, 4.690692279041286e-15, 9.742207041085749e-15, 1.4103301859691442e-15, 4.0598600870023205e-14, 1.3030347965343851e-06]","[8.663881976117473e-06, 5.646524914304507e-16, 9.444608289888023e-12, 4.690692279041286e-15, 9.742207041085749e-15, 1.4103301859691442e-15, 4.0598600870023205e-14, 1.3030347965343851e-06]",8.663881976117473e-06,1.827481923219465e-07,"[8.663881876692719e-06, 5.663872149064275e-16, 9.44461436142019e-12, 4.701100619897147e-15, 9.742207041085749e-15, 1.3999218451132833e-15, 4.060727448740309e-14, 1.3030347731789356e-06]",6.091059187886966e-06,2.7755575615628914e-17,0.0,0.9999911370637511,True,650,4.08,1e-05,banded ADMM with dual certificate,0.03357106200019189,35,51,8,0.5*sum_train((z-y)^2)+lambda*sum(abs(Bz))
PDE,burgers,tv_diff,TV,1,0.01,4,1,1.0,0.000579321211648808,"[0.0034076158204990863, 0.029315900267212962, 0.06886283451612775, 0.13103980740591967, 0.19967489243615633, 0.08996561367168512, 0.034709399963832155, 0.006916736020952278]","[0.003399726034240208, 0.029315900267207914, 0.06886270619193874, 0.13103980740591054, 0.19967489243613737, 0.08996561361420807, 0.034709399963827436, 0.0069167359849405564]","[7.88978625887839e-06, 5.048045315092509e-15, 1.2832418901098652e-07, 9.131584377541913e-15, 1.8957058145474548e-14, 5.747705089653721e-11, 4.718447854656915e-15, 3.6011721382678274e-11]","[7.88978625887839e-06, 5.048045315092509e-15, 1.2832418901098652e-07, 9.131584377541913e-15, 1.8957058145474548e-14, 5.747705089653721e-11, 4.718447854656915e-15, 3.6011721382678274e-11]",7.88978625887839e-06,4.6405061390752955e-09,"[7.889786258840552e-06, 5.159067617555024e-15, 1.2832418900404763e-07, 9.769962616701378e-15, 1.970645868709653e-14, 5.747691211865913e-11, 4.652528362569797e-15, 3.601174566880694e-11]",3.604460261374953e-07,2.220446049250313e-16,0.0,0.9999998640115971,True,975,10.2,1e-05,banded ADMM with dual certificate,0.0731722999998965,35,51,8,0.5*sum_train((z-y)^2)+lambda*sum(abs(Bz))
PDE,burgers,tv_diff,TV,1,0.01,4,1,10.0,0.010562260544685786,"[0.003545594217090165, 0.15721004029782903, 0.42721907138309023, 0.4515053421515494, 0.8657869400877563, 0.5337257670422908, 0.19542504478157258, 0.008001115604623842]","[0.003543821570178544, 0.1572100402967477, 0.42721907137853066, 0.45150534213270854, 0.8657869400873378, 0.5337257664571657, 0.19542504478142425, 0.007998556501613522]","[1.7726469116207712e-06, 1.0813294704092868e-12, 4.559574939833055e-12, 1.8840873305947525e-11, 4.184430579812215e-13, 5.851250595156898e-10, 1.4832579608992091e-13, 2.5591030103199602e-06]","[1.7726469116207712e-06, 1.0813294704092868e-12, 4.559574939833055e-12, 1.8840873305947525e-11, 4.184430579812215e-13, 5.851250595156898e-10, 1.4832579608992091e-13, 2.5591030103199602e-06]",2.5591030103199602e-06,2.9773228327201195e-10,"[1.7726469116289309e-06, 1.082058054269197e-12, 4.558048383174196e-12, 1.8842455373757616e-11, 4.165001676881275e-13, 5.851254480937484e-10, 1.4827028493868966e-13, 2.559103010370844e-06]",1.8609615182185735e-08,3.552713678800501e-15,0.0,0.9999999990945939,True,525,816.0,1e-05,banded ADMM with dual certificate,0.02279655099982847,35,51,8,0.5*sum_train((z-y)^2)+lambda*sum(abs(Bz))
PDE,burgers,tv_diff,TV,1,0.01,4,1,100.0,0.01891119998862538,"[0.003543821575609976, 0.16320639229062986, 0.5490016278579215, 0.45628725045114316, 0.9471055636094359, 0.7049851429833267, 0.21156365303539248, 0.007998556514440607]","[0.0035438215755867943, 0.1632063922904865, 0.5490016278578447, 0.45628725045086016, 0.947105563609038, 0.7049851429832653, 0.2115636530351603, 0.007998556514424016]","[2.3181543490347067e-14, 1.4335754805472334e-13, 7.682743330406083e-14, 2.829958489769524e-13, 3.979039320256561e-13, 6.139533326177116e-14, 2.3217539002473586e-13, 1.6590895324242183e-14]","[2.3181543490347067e-14, 1.4335754805472334e-13, 7.682743330406083e-14, 2.829958489769524e-13, 3.979039320256561e-13, 6.139533326177116e-14, 2.3217539002473586e-13, 1.6590895324242183e-14]",3.979039320256561e-13,1.7708057242771247e-14,"[2.3196509789718853e-14, 1.4356075509660357e-13, 7.664879717033871e-14, 2.824318760239605e-13, 3.960810181354624e-13, 6.082060178907291e-14, 2.336324673109512e-13, 1.6629492790172132e-14]",4.440892098500626e-16,3.552713678800501e-15,0.0,1.0,True,0,0.0,1e-05,affine exact solution,0.0003374289999555913,35,51,8,0.5*sum_train((z-y)^2)+lambda*sum(abs(Bz))
PDE,burgers,tv_diff,TV,1,0.01,4,1,1000.0,0.01891119998862538,"[0.0035438215758186956, 0.16320639229191633, 0.5490016278586107, 0.4562872504536825, 0.9471055636130096, 0.704985142983877, 0.21156365303748767, 0.007998556514590194]","[0.0035438215755867943, 0.1632063922904865, 0.5490016278578447, 0.45628725045086016, 0.947105563609038, 0.7049851429832653, 0.2115636530351603, 0.007998556514424016]","[2.3190130371553153e-13, 1.4298284778391235e-12, 7.66053886991358e-13, 2.8223534620508417e-12, 3.9716008259915725e-12, 6.117328865684613e-13, 2.3273605265217157e-12, 1.6617783538119824e-13]","[2.3190130371553153e-13, 1.4298284778391235e-12, 7.66053886991358e-13, 2.8223534620508417e-12, 3.9716008259915725e-12, 6.117328865684613e-13, 2.3273605265217157e-12, 1.6617783538119824e-13]",3.9716008259915725e-12,1.7708057242771247e-14,"[2.319162700149033e-13, 1.4300316848810037e-12, 7.65941170349723e-13, 2.8218068363326097e-12, 3.969784850995283e-12, 6.11161624542715e-13, 2.328831481595739e-12, 1.6621686652799717e-13]",4.440892098500626e-16,3.552713678800501e-15,0.0,1.0,True,0,0.0,1e-05,affine exact solution,0.00023604699981660815,35,51,8,0.5*sum_train((z-y)^2)+lambda*sum(abs(Bz))
PDE,burgers,tv_diff,TV,1,0.01,4,2,0.0,0.00013200988545963586,"[0.0, 0.0, 0.0, 0.0, 0.0, 0.0, 0.0, 0.0]","[0.0, 0.0, 0.0, 0.0, 0.0, 0.0, 0.0, 0.0]","[0.0, 0.0, 0.0, 0.0, 0.0, 0.0, 0.0, 0.0]","[0.0, 0.0, 0.0, 0.0, 0.0, 0.0, 0.0, 0.0]",0.0,0.0,"[0.0, 0.0, 0.0, 0.0, 0.0, 0.0, 0.0, 0.0]",0.0,0.0,0.0,1.0,True,0,0.0,1e-05,zero-penalty interpolation,0.0003801230000135547,35,51,8,0.5*sum_train((z-y)^2)+lambda*sum(abs(Bz))
PDE,burgers,tv_diff,TV,1,0.01,4,2,0.0001,0.00014159985589095588,"[5.112374084118749e-05, 3.88258409830412e-05, 3.908570408243022e-05, 4.3661916534911294e-05, 4.898264614699682e-05, 5.395413391755029e-05, 5.161739886363967e-05, 6.055018751976466e-05]","[5.087179752552329e-05, 3.854142565325995e-05, 3.888231643247524e-05, 4.324741646926607e-05, 4.873449582487986e-05, 5.3621126672624925e-05, 5.134642235868014e-05, 6.020649351777835e-05]","[2.519433156641964e-07, 2.8441532978125427e-07, 2.0338764995498054e-07, 4.145000656452237e-07, 2.4815032211695874e-07, 3.330072449253679e-07, 2.709765049595307e-07, 3.4369400198630415e-07]","[2.519433156641964e-07, 2.8441532978125427e-07, 2.0338764995498054e-07, 4.145000656452237e-07, 2.4815032211695874e-07, 3.330072449253679e-07, 2.709765049595307e-07, 3.4369400198630415e-07]",4.145000656452237e-07,2.499200198083254e-06,"[2.5193107960212507e-07, 2.8438397743646844e-07, 2.0338208190406382e-07, 4.144303241639569e-07, 2.4813693374013256e-07, 3.329892117715877e-07, 2.7096320741930383e-07, 3.436820957942549e-07]",0.0001000178788395368,2.710505431213761e-20,0.0,0.9916756867387593,True,25,0.01,1e-05,banded ADMM with dual certificate,0.0013618039997709275,35,51,8,0.5*sum_train((z-y)^2)+lambda*sum(abs(Bz))
PDE,burgers,tv_diff,TV,1,0.01,4,2,0.001,0.00012911288748155615,"[0.00043107215785756996, 0.00032884462980365797, 0.00034022321626241456, 0.00037046583724602473, 0.0004398502625803798, 0.00046304777261588865, 0.00043586411539311916, 0.0005208339077033363]","[0.0004254114835367834, 0.0003220999093010823, 0.00033306914675919124, 0.0003641210660283961, 0.0004322551162329036, 0.00045755534479313394, 0.0004299218579482761, 0.000515245986737344]","[5.660674320786543e-06, 6.744720502575667e-06, 7.154069503223319e-06, 6.344771217628637e-06, 7.595146347476182e-06, 5.492427822754715e-06, 5.94225744484305e-06, 5.58792096599231e-06]","[5.660674320786543e-06, 6.744720502575667e-06, 7.154069503223319e-06, 6.344771217628637e-06, 7.595146347476182e-06, 5.492427822754715e-06, 5.94225744484305e-06, 5.58792096599231e-06]",7.595146347476182e-06,1.7131177233491862e-05,"[5.658003614391141e-06, 6.744230400564663e-06, 7.153160587658057e-06, 6.344198546589738e-06, 7.593705409530559e-06, 5.491476097366492e-06, 5.940085776652939e-06, 5.587343012029898e-06]",0.0008503386639524405,3.5236570605778894e-19,0.0,0.9942996735617624,True,25,0.01,1e-05,banded ADMM with dual certificate,0.001319479999892792,35,51,8,0.5*sum_train((z-y)^2)+lambda*sum(abs(Bz))
PDE,burgers,tv_diff,TV,1,0.01,4,2,0.01,0.000116945616979654,"[0.0013742195725821348, 0.0011191756563889528, 0.0015987271385466436, 0.002062018163613813, 0.002962806566395005, 0.002036943438043665, 0.0015189882087242967, 0.001609163195199249]","[0.0013703743503485685, 0.0011158711378019383, 0.0015954823729694048, 0.002061710832433033, 0.002962431335126259, 0.002035916626534979, 0.001517910894529503, 0.0016033964634894727]","[3.845222233566335e-06, 3.3045185870144572e-06, 3.2447655772388766e-06, 3.073311807800204e-07, 3.7523126874584867e-07, 1.0268115086860957e-06, 1.0773141947938158e-06, 5.7667317097762506e-06]","[3.845222233566335e-06, 3.3045185870144572e-06, 3.2447655772388766e-06, 3.073311807800204e-07, 3.7523126874584867e-07, 1.0268115086860957e-06, 1.0773141947938158e-06, 5.7667317097762506e-06]",5.7667317097762506e-06,2.532943786430139e-05,"[3.845221820886733e-06, 3.3044984803544137e-06, 3.2447233444476108e-06, 3.073297509287743e-07, 3.752309785569688e-07, 1.0267888707791387e-06, 1.0773109551675836e-06, 5.76411414151477e-06]",6.665002328835878e-05,3.469446951953614e-18,0.0,0.998566761981623,True,100,0.40800000000000003,1e-05,banded ADMM with dual certificate,0.005145870999967883,35,51,8,0.5*sum_train((z-y)^2)+lambda*sum(abs(Bz))
PDE,burgers,tv_diff,TV,1,0.01,4,2,0.1,0.00013054749578266656,"[0.001867314720120873, 0.004642322043962964, 0.009033902231293595, 0.01631220682582766, 0.024718738843741518, 0.011600572763205402, 0.0053284816910215815, 0.0028358044778015092]","[0.0018597036475719634, 0.0046423220439595165, 0.00903390223129329, 0.016312206825825785, 0.024718738843737598, 0.01160057276320476, 0.005328481690851787, 0.002831440166657238]","[7.611072548909621e-06, 3.447762908503904e-15, 3.0531133177191805e-16, 1.8735013540549517e-15, 3.920475055707584e-15, 6.418476861114186e-16, 1.6979473382860988e-13, 4.364311144271129e-06]","[7.611072548909621e-06, 3.447762908503904e-15, 3.0531133177191805e-16, 1.8735013540549517e-15, 3.920475055707584e-15, 6.418476861114186e-16, 1.6979473382860988e-13, 4.364311144271129e-06]",7.611072548909621e-06,4.5632896138181334e-07,"[7.611071949315408e-06, 3.4269462267921824e-15, 3.174543961037557e-16, 1.8943180357666733e-15, 3.913536161803677e-15, 6.29704621779581e-16, 1.6979646855208586e-13, 4.364311047531022e-06]",1.324430737666138e-05,2.7755575615628914e-17,0.0,0.9999798321926681,True,675,2.04,1e-05,banded ADMM with dual certificate,0.029037645000244083,35,51,8,0.5*sum_train((z-y)^2)+lambda*sum(abs(Bz))
PDE,burgers,tv_diff,TV,1,0.01,4,2,1.0,0.0005685136759475825,"[0.003663615524847174, 0.029214062112618504, 0.06917895970559444, 0.12820999616449813, 0.20065889274354037, 0.09045739749928294, 0.03513789138749703, 0.007346185124129857]","[0.003656488569269715, 0.029214062112614184, 0.06917885315442951, 0.12820999616448842, 0.20065889274353071, 0.09045739745670964, 0.035137891387490516, 0.007346185122014938]","[7.126955577458835e-06, 4.31946145518225e-15, 1.0655116493285544e-07, 9.71445146547012e-15, 9.658940314238862e-15, 4.2573305991666643e-11, 6.5156213757688874e-15, 2.114919350759692e-12]","[7.126955577458835e-06, 4.31946145518225e-15, 1.0655116493285544e-07, 9.71445146547012e-15, 9.658940314238862e-15, 4.2573305991666643e-11, 6.5156213757688874e-15, 2.114919350759692e-12]",7.126955577458835e-06,7.37960247076952e-08,"[7.126955562768112e-06, 4.277828091758806e-15, 1.0655116466223857e-07, 1.0075273948473296e-14, 9.658940314238862e-15, 4.257313945821295e-11, 6.394190732450511e-15, 2.1149505757822595e-12]",3.77447851829249e-06,2.220446049250313e-16,0.0,0.9999976939421031,True,900,10.2,1e-05,banded ADMM with dual certificate,0.03766347400005543,35,51,8,0.5*sum_train((z-y)^2)+lambda*sum(abs(Bz))
PDE,burgers,tv_diff,TV,1,0.01,4,2,10.0,0.010016963068669688,"[0.0038418113258317627, 0.15548667896354182, 0.4353810161529567, 0.4460574327246497, 0.8644443747065536, 0.5406224116285067, 0.19964364431405587, 0.008454220418123172]","[0.003839310791160105, 0.15548667896067364, 0.43538101580855326, 0.44605743272083004, 0.864444374706379, 0.5406224096020196, 0.19964364431382164, 0.008450656891173344]","[2.5005346716575408e-06, 2.868177917392245e-12, 3.4440345020314567e-10, 3.81966680507162e-12, 1.745270594710746e-13, 2.0264870892461317e-09, 2.342293026202924e-13, 3.563526949827353e-06]","[2.5005346716575408e-06, 2.868177917392245e-12, 3.4440345020314567e-10, 3.81966680507162e-12, 1.745270594710746e-13, 2.0264870892461317e-09, 2.342293026202924e-13, 3.563526949827353e-06]",3.563526949827353e-06,1.8565384229951576e-09,"[2.500534671652408e-06, 2.868774662267981e-12, 3.444029506027846e-10, 3.82023579437174e-12, 1.7638668303732175e-13, 2.0264877553799465e-09, 2.341321581056377e-13, 3.563526949800153e-06]",1.1991818205103755e-07,3.552713678800501e-15,0.0,0.9999999941297631,True,550,408.0,1e-05,banded ADMM with dual certificate,0.024440160999802174,35,51,8,0.5*sum_train((z-y)^2)+lambda*sum(abs(Bz))
PDE,burgers,tv_diff,TV,1,0.01,4,2,100.0,0.018007534541009527,"[0.0038393108020588996, 0.16105006496244317, 0.5699104411138649, 0.45334636876230067, 0.958069072064172, 0.7289244184728645, 0.21812478819479442, 0.00845065691638019]","[0.003839310802043509, 0.16105006496229157, 0.5699104411137953, 0.4533463687620283, 0.958069072063842, 0.72892441847279, 0.2181247881945505, 0.008450656916360665]","[1.5390466678866233e-14, 1.5160095401256513e-13, 6.961098364399732e-14, 2.7239321909178216e-13, 3.3006930522105904e-13, 7.4495964952348e-14, 2.439159985101469e-13, 1.9524312722118964e-14]","[1.5390466678866233e-14, 1.5160095401256513e-13, 6.961098364399732e-14, 2.7239321909178216e-13, 3.3006930522105904e-13, 7.4495964952348e-14, 2.439159985101469e-13, 1.9524312722118964e-14]",3.3006930522105904e-13,1.2129186544029835e-14,"[1.539146608479227e-14, 1.511172192067154e-13, 6.870173123239922e-14, 2.718733406681315e-13, 3.2740583954178774e-13, 7.362838899594805e-14, 2.447192081754592e-13, 1.9502947983080254e-14]",4.440892098500626e-16,7.105427357601002e-15,0.0,1.0,True,0,0.0,1e-05,affine exact solution,0.000304509999750735,35,51,8,0.5*sum_train((z-y)^2)+lambda*sum(abs(Bz))
PDE,burgers,tv_diff,TV,1,0.01,4,2,1000.0,0.018007534541009527,"[0.0038393108021974607, 0.1610500649638132, 0.5699104411144857, 0.4533463687647448, 0.9580690720671259, 0.7289244184735334, 0.2181247881970036, 0.00845065691655583]","[0.003839310802043509, 0.16105006496229157, 0.5699104411137953, 0.4533463687620283, 0.958069072063842, 0.72892441847279, 0.2181247881945505, 0.008450656916360665]","[1.539515043225137e-13, 1.5216161664000083e-12, 6.904476990143849e-13, 2.7165492078040643e-12, 3.2839286845387505e-12, 7.434053372890048e-13, 2.4530932840605146e-12, 1.9516506466477068e-13]","[1.539515043225137e-13, 1.5216161664000083e-12, 6.904476990143849e-13, 2.7165492078040643e-12, 3.2839286845387505e-12, 7.434053372890048e-13, 2.4530932840605146e-12, 1.9516506466477068e-13]",3.2839286845387505e-12,1.2129186544029835e-14,"[1.5395250372843974e-13, 1.5211150843593989e-12, 6.894942111541493e-13, 2.716011982145654e-12, 3.2812929744350948e-12, 7.426244975064038e-13, 2.453889554831923e-12, 1.9514369992573197e-13]",4.440892098500626e-16,7.105427357601002e-15,0.0,1.0,True,0,0.0,1e-05,affine exact solution,0.00027077799995822716,35,51,8,0.5*sum_train((z-y)^2)+lambda*sum(abs(Bz))
PDE,burgers,pod_tv_diff,POD+TV,1,0.01,4,0,0.0,0.0001501964087489194,"[0.0, 0.0, 0.0, 0.0, 0.0, 0.0]","[0.0, 0.0, 0.0, 0.0, 0.0, 0.0]","[0.0, 0.0, 0.0, 0.0, 0.0, 0.0]","[0.0, 0.0, 0.0, 0.0, 0.0, 0.0]",0.0,0.0,"[0.0, 0.0, 0.0, 0.0, 0.0, 0.0]",0.0,0.0,0.0,1.0,True,0,0.0,1e-05,zero-penalty interpolation,0.0003823760002887866,34,51,6,0.5*sum_train((z-y)^2)+lambda*sum(abs(Bz))
PDE,burgers,pod_tv_diff,POD+TV,1,0.01,4,0,0.0001,0.0001514723401052585,"[4.9942276994819873e-05, 6.214747636328276e-05, 6.239263136894662e-05, 7.431522124220828e-05, 5.873005152173895e-05, 6.245448324034736e-05]","[4.957465517135918e-05, 6.182972647330214e-05, 6.207227677994801e-05, 7.389657724322792e-05, 5.835949839594048e-05, 6.226085809498346e-05]","[3.6762182346069503e-07, 3.1774988998062737e-07, 3.20354588998609e-07, 4.1864399898035873e-07, 3.705531257984713e-07, 1.9362514536390419e-07]","[3.6762182346069503e-07, 3.1774988998062737e-07, 3.20354588998609e-07, 4.1864399898035873e-07, 3.705531257984713e-07, 1.9362514536390419e-07]",4.1864399898035873e-07,1.9620995552265224e-06,"[3.676044921628737e-07, 3.1772355567821287e-07, 3.203394624818706e-07, 4.186145507365207e-07, 3.7052664221654224e-07, 1.9361606171123733e-07]",0.0001005500056959041,3.161557929516612e-14,0.0,0.9934682320434821,True,25,0.01,1e-05,banded ADMM with dual certificate,0.0016553469999962545,34,51,6,0.5*sum_train((z-y)^2)+lambda*sum(abs(Bz))
PDE,burgers,pod_tv_diff,POD+TV,1,0.01,4,0,0.001,0.00014897255171798421,"[0.00046234628386127334, 0.0005711432363773097, 0.0005987242627500928, 0.0006909803667764494, 0.0005453756450138573, 0.0005778363170434225]","[0.0004575013776644838, 0.0005651292897307818, 0.0005937713244721176, 0.0006829679143604947, 0.0005411971356136165, 0.0005743804033641496]","[4.844906196789533e-06, 6.013946646527902e-06, 4.9529382779751885e-06, 8.012452415954692e-06, 4.17850940024082e-06, 3.4559136792729466e-06]","[4.844906196789533e-06, 6.013946646527902e-06, 4.9529382779751885e-06, 8.012452415954692e-06, 4.17850940024082e-06, 3.4559136792729466e-06]",8.012452415954692e-06,1.2219394245865933e-05,"[4.844367551425056e-06, 6.0132173586632115e-06, 4.952710352466427e-06, 8.011460739472875e-06, 4.178190056485713e-06, 3.455771855615853e-06]",0.0008598426955817029,4.969332237370061e-14,0.0,0.9959322492888983,True,25,0.01,1e-05,banded ADMM with dual certificate,0.0013100159999339667,34,51,6,0.5*sum_train((z-y)^2)+lambda*sum(abs(Bz))
PDE,burgers,pod_tv_diff,POD+TV,1,0.01,4,0,0.01,0.00014946938087662213,"[0.0036881007602004774, 0.004604646089609698, 0.005162123733886307, 0.005222471623456327, 0.004276986820179646, 0.003942808918210505]","[0.0036875799247651792, 0.004604646051375174, 0.005162051485415691, 0.005222471611795314, 0.004276932221267184, 0.0039404034239922]","[5.208354352981455e-07, 3.82345240537707e-11, 7.224847061587658e-08, 1.166101243343931e-11, 5.4598912462358595e-08, 2.4054942183047642e-06]","[5.208354352981455e-07, 3.82345240537707e-11, 7.224847061587658e-08, 1.166101243343931e-11, 5.4598912462358595e-08, 2.4054942183047642e-06]",2.4054942183047642e-06,2.580458109278233e-06,"[5.208354321825821e-07, 3.8250074982371096e-11, 7.224845582475686e-08, 1.1662143473145647e-11, 5.459890809432488e-08, 2.4054807616284528e-06]",7.691851958107308e-05,5.541227199312715e-14,0.0,0.9998742818410704,True,75,0.20400000000000001,1e-05,banded ADMM with dual certificate,0.0034574549999888404,34,51,6,0.5*sum_train((z-y)^2)+lambda*sum(abs(Bz))
PDE,burgers,pod_tv_diff,POD+TV,1,0.01,4,0,0.1,0.0001633148804105456,"[0.03184652945253003, 0.04044190572429144, 0.046565244862686386, 0.04346605850271726, 0.03383133503280761, 0.02722495544667241]","[0.03184572911415641, 0.04043507869481802, 0.04656523901404541, 0.043465929844046, 0.03383098777652085, 0.02722490866319889]","[8.003383736229774e-07, 6.827029473417678e-06, 5.8486409743041534e-09, 1.2865867125844144e-07, 3.472562867604112e-07, 4.678347351877443e-08]","[8.003383736229774e-07, 6.827029473417678e-06, 5.8486409743041534e-09, 1.2865867125844144e-07, 3.472562867604112e-07, 4.678347351877443e-08]",6.827029473417678e-06,4.391863142640118e-07,"[8.003384457631879e-07, 6.827029013681263e-06, 5.848638025274244e-09, 1.2865866976657925e-07, 3.4725628057785674e-07, 4.678347204425948e-08]",9.33842656636319e-06,3.665123760043798e-14,0.0,0.9999858832930115,True,175,1.02,1e-05,banded ADMM with dual certificate,0.007171286000357213,34,51,6,0.5*sum_train((z-y)^2)+lambda*sum(abs(Bz))
PDE,burgers,pod_tv_diff,POD+TV,1,0.01,4,0,1.0,0.0005549679879806392,"[0.2519503184660038, 0.3475031735569422, 0.3827419979600361, 0.3426643992435478, 0.20603953405676936, 0.08185048389562673]","[0.2519502992035708, 0.347503173556888, 0.38274199795893304, 0.34266439924353514, 0.20603953405676817, 0.0818416136387629]","[1.9262432982003475e-08, 5.42343947529389e-14, 1.1030620861163243e-12, 1.2656542480726785e-14, 1.1934897514720433e-15, 8.870256863829917e-06]","[1.9262432982003475e-08, 5.42343947529389e-14, 1.1030620861163243e-12, 1.2656542480726785e-14, 1.1934897514720433e-15, 8.870256863829917e-06]",8.870256863829917e-06,1.1776339861602203e-07,"[1.9262425487998058e-08, 5.828670879282072e-14, 1.1036727087798681e-12, 1.2878587085651816e-14, 1.0408340855860843e-15, 8.870256792654647e-06]",4.359869748005174e-07,2.942091015256665e-15,0.0,0.9999990617480697,True,850,20.4,1e-05,banded ADMM with dual certificate,0.03333071999986714,34,51,6,0.5*sum_train((z-y)^2)+lambda*sum(abs(Bz))
PDE,burgers,pod_tv_diff,POD+TV,1,0.01,4,0,10.0,0.003959362840471048,"[1.2874781231385786, 2.710393571632249, 2.54535223869481, 0.9010856432121267, 0.23423549738904123, 0.08188293780705798]","[1.2874781231383192, 2.7103935702834225, 2.5453522386947753, 0.9010771554412104, 0.23423327716725426, 0.0818817546194755]","[2.5934809855243657e-13, 1.3488263839178671e-09, 3.4638958368304884e-14, 8.487770916332238e-06, 2.2202217869748964e-06, 1.1831875824791505e-06]","[2.0143883914718873e-13, 4.97649639533929e-10, 1.3608709176560504e-14, 8.487770916332238e-06, 2.2202217869748964e-06, 1.1831875824791505e-06]",8.487770916332238e-06,1.6352405540764892e-10,"[2.2792878695554464e-13, 1.3488175021336701e-09, 3.5083047578154947e-14, 8.487770916273784e-06, 2.220221786844312e-06, 1.1831875825196952e-06]",4.3747963307527726e-08,8.493206138382448e-15,0.0,0.9999999993170003,True,1600,51.0,1e-05,banded ADMM with dual certificate,0.062040661000082764,34,51,6,0.5*sum_train((z-y)^2)+lambda*sum(abs(Bz))
PDE,burgers,pod_tv_diff,POD+TV,1,0.01,4,0,100.0,0.021267656262532512,"[1.8222353594377652, 15.272494893050304, 3.187563855538038, 0.9010781295656488, 0.23423347702910047, 0.08188185848687457]","[1.8222300969436342, 15.272494892769696, 3.187562344150751, 0.9010771556172541, 0.23423327717434256, 0.08188175462137975]","[5.262494130908735e-06, 2.8060753720637877e-10, 1.5113872873229184e-06, 9.739483947113214e-07, 1.9985475790962326e-07, 1.0386549481600227e-07]","[2.8879332758269117e-06, 1.8373392112513867e-11, 4.7415121886799253e-07, 9.739483947113214e-07, 1.9985475790962326e-07, 1.0386549481600227e-07]",2.8879332758269117e-06,3.1536995237502197e-12,"[5.262494144451191e-06, 2.8057645096168926e-10, 1.5113872880031036e-06, 9.739483946557019e-07, 1.9985475783002585e-07, 1.0386549481892293e-07]",2.3840094343086093e-09,6.927791673660977e-14,0.0,0.9999999999980124,True,250,255.0,1e-05,banded ADMM with dual certificate,0.01082713000005242,34,51,6,0.5*sum_train((z-y)^2)+lambda*sum(abs(Bz))
PDE,burgers,pod_tv_diff,POD+TV,1,0.01,4,0,1000.0,0.026683967600571765,"[1.8222300969569425, 15.659207240277233, 3.187562344151021, 0.9010771556172998, 0.23423327717436945, 0.08188175462138755]","[1.8222300969441902, 15.659207240276904, 3.187562344150781, 0.9010771556172671, 0.23423327717434317, 0.08188175462137992]","[1.2752243705449473e-11, 3.2862601528904634e-13, 2.398081733190338e-13, 3.275157922644212e-14, 2.628453010800058e-14, 7.632783294297951e-15]","[6.998152278762848e-12, 2.0986120832719005e-14, 7.52324652595633e-14, 3.275157922644212e-14, 2.628453010800058e-14, 7.632783294297951e-15]",6.998152278762848e-12,5.3290705182007514e-14,"[1.2803301951685862e-11, 3.33249827512265e-13, 2.389905251686937e-13, 3.27766604701408e-14, 2.6292071190377465e-14, 7.666452571968456e-15]",1.3322676295501878e-15,5.3290705182007514e-14,0.0,1.0,True,0,0.0,1e-05,affine exact solution,0.00036794499965253635,34,51,6,0.5*sum_train((z-y)^2)+lambda*sum(abs(Bz))
PDE,burgers,pod_tv_diff,POD+TV,1,0.01,4,1,0.0,0.00016869885850222962,"[0.0, 0.0, 0.0, 0.0, 0.0, 0.0]","[0.0, 0.0, 0.0, 0.0, 0.0, 0.0]","[0.0, 0.0, 0.0, 0.0, 0.0, 0.0]","[0.0, 0.0, 0.0, 0.0, 0.0, 0.0]",0.0,0.0,"[0.0, 0.0, 0.0, 0.0, 0.0, 0.0]",0.0,0.0,0.0,1.0,True,0,0.0,1e-05,zero-penalty interpolation,0.00033418399971196777,35,51,6,0.5*sum_train((z-y)^2)+lambda*sum(abs(Bz))
PDE,burgers,pod_tv_diff,POD+TV,1,0.01,4,1,0.0001,0.00017090737671517686,"[6.63328632887187e-05, 7.029549098638115e-05, 7.130767001756286e-05, 6.939584935258441e-05, 5.827376279163686e-05, 4.5366571883729045e-05]","[6.56758450908312e-05, 6.972108864725012e-05, 7.09278250237342e-05, 6.912117548624993e-05, 5.7872011160389376e-05, 4.507675541519535e-05]","[6.570181978874962e-07, 5.74402339131031e-07, 3.7984499382865593e-07, 2.7467386633448225e-07, 4.0175163124748153e-07, 2.898164685336953e-07]","[6.570181978874962e-07, 5.74402339131031e-07, 3.7984499382865593e-07, 2.7467386633448225e-07, 4.0175163124748153e-07, 2.898164685336953e-07]",6.570181978874962e-07,2.6370478596453328e-06,"[6.569513182719624e-07, 5.743568475166492e-07, 3.798259532399159e-07, 2.7466649499691955e-07, 4.0172376368204175e-07, 2.898050307885148e-07]",0.00010088188213754836,3.3881317890172014e-20,0.0,0.991233510825999,True,25,0.01,1e-05,banded ADMM with dual certificate,0.0026001309997809585,35,51,6,0.5*sum_train((z-y)^2)+lambda*sum(abs(Bz))
PDE,burgers,pod_tv_diff,POD+TV,1,0.01,4,1,0.001,0.00016854630584356567,"[0.0005992767919473127, 0.0006466184877632633, 0.000657529095037528, 0.0006586667127257078, 0.0005346415914021001, 0.00042045999007905756]","[0.0005936192487935184, 0.0006394961565030475, 0.0006516622357746661, 0.0006548401460215565, 0.0005282939367196148, 0.0004133434693642733]","[5.657543153794243e-06, 7.122331260215795e-06, 5.866859262861914e-06, 3.826566704151339e-06, 6.347654682485279e-06, 7.11652071478427e-06]","[5.657543153794243e-06, 7.122331260215795e-06, 5.866859262861914e-06, 3.826566704151339e-06, 6.347654682485279e-06, 7.11652071478427e-06]",7.122331260215795e-06,1.6896587307659722e-05,"[5.655486568402566e-06, 7.121287491802732e-06, 5.865012889023371e-06, 3.826433461512737e-06, 6.347424429697414e-06, 7.1162617732762235e-06]",0.000997818898908128,4.336808689942018e-19,0.0,0.9943765674990479,True,25,0.01,1e-05,banded ADMM with dual certificate,0.001363536000098975,35,51,6,0.5*sum_train((z-y)^2)+lambda*sum(abs(Bz))
PDE,burgers,pod_tv_diff,POD+TV,1,0.01,4,1,0.01,0.00016850137915826508,"[0.003781546639405181, 0.00484576889273278, 0.005081998344204325, 0.005210940726978257, 0.004017808400127173, 0.0033990622353555875]","[0.0037815466293455308, 0.004845715192261976, 0.00508059904966486, 0.005210940407446185, 0.0040132447151260825, 0.003397935234326908]","[1.005965016148691e-11, 5.370047080448248e-08, 1.3992945394648848e-06, 3.195320718088479e-10, 4.563685001090535e-06, 1.1270010286793843e-06]","[1.005965016148691e-11, 5.370047080448248e-08, 1.3992945394648848e-06, 3.195320718088479e-10, 4.563685001090535e-06, 1.1270010286793843e-06]",4.563685001090535e-06,1.3029940604727258e-06,"[1.005962891112433e-11, 5.370046737927098e-08, 1.3992912855503858e-06, 3.1953207094148617e-10, 4.563677846226594e-06, 1.1269952018616233e-06]",0.00020525992577932143,3.469446951953614e-18,0.0,0.9998516021640492,True,75,0.20400000000000001,1e-05,banded ADMM with dual certificate,0.0036132700001871854,35,51,6,0.5*sum_train((z-y)^2)+lambda*sum(abs(Bz))
PDE,burgers,pod_tv_diff,POD+TV,1,0.01,4,1,0.1,0.0001782978647762714,"[0.030669372182433107, 0.040184493178573165, 0.0463927629894092, 0.04387789323533032, 0.033653039278646255, 0.026808625942713573]","[0.030666977645977575, 0.04017964823409745, 0.04639276213101125, 0.043877892542956314, 0.03365303670216397, 0.026808615719176313]","[2.394536455532087e-06, 4.8449444757167615e-06, 8.583979499432459e-10, 6.923740053510485e-10, 2.576482284466497e-09, 1.0223537259823612e-08]","[2.394536455532087e-06, 4.8449444757167615e-06, 8.583979499432459e-10, 6.923740053510485e-10, 2.576482284466497e-09, 1.0223537259823612e-08]",4.8449444757167615e-06,1.942941282306876e-07,"[2.3945364082331166e-06, 4.8449443597956e-06, 8.583979568821398e-10, 6.923739845343668e-10, 2.57648228099705e-09, 1.0223537256354165e-08]",6.172482313937522e-06,2.7755575615628914e-17,0.0,0.9999929139751983,True,175,1.02,1e-05,banded ADMM with dual certificate,0.007379720000244561,35,51,6,0.5*sum_train((z-y)^2)+lambda*sum(abs(Bz))
PDE,burgers,pod_tv_diff,POD+TV,1,0.01,4,1,1.0,0.0005079602826963172,"[0.2502962977006616, 0.3461552060819076, 0.3829192672105307, 0.3476651507768919, 0.20801476809251374, 0.08155149566391875]","[0.25029619284881016, 0.34615520580358483, 0.382919266383211, 0.34766515077686305, 0.20801476809251263, 0.08154419793419279]","[1.0485185142350417e-07, 2.783227537328514e-10, 8.273197127373066e-10, 2.886579864025407e-14, 1.1102230246251565e-15, 7.297729725963542e-06]","[1.0485185142350417e-07, 2.783227537328514e-10, 8.273197127373066e-10, 2.886579864025407e-14, 1.1102230246251565e-15, 7.297729725963542e-06]",7.297729725963542e-06,3.221959933158436e-07,"[1.048518391000286e-07, 2.783228647551539e-10, 8.273198792707603e-10, 2.90878432451791e-14, 1.124100812432971e-15, 7.297729005416548e-06]",1.2365187008755996e-06,2.220446049250313e-16,0.0,0.9999970169886239,True,600,40.8,1e-05,banded ADMM with dual certificate,0.025254233999930875,35,51,6,0.5*sum_train((z-y)^2)+lambda*sum(abs(Bz))
PDE,burgers,pod_tv_diff,POD+TV,1,0.01,4,1,10.0,0.0035029173178776386,"[1.3257201768896427, 2.6793070189196158, 2.57518844631025, 0.9564949026846619, 0.2392937317578898, 0.08156139459465758]","[1.3257201768892628, 2.67930701823168, 2.5751884463101917, 0.9564855215236531, 0.23929136489574568, 0.08156019552732995]","[3.7991831902672857e-13, 6.879359304434729e-10, 5.81756864903582e-14, 9.381161008792382e-06, 2.3668621441097493e-06, 1.1990673276368602e-06]","[2.86575044756488e-13, 2.5675890280049773e-10, 2.2590846341250396e-14, 9.381161008792382e-06, 2.3668621441097493e-06, 1.1990673276368602e-06]",9.381161008792382e-06,8.884165625389073e-11,"[3.695932448977146e-13, 6.879292691053251e-10, 5.595524044110789e-14, 9.38116100863295e-06, 2.3668621441927682e-06, 1.1990673276625666e-06]",4.994396762825204e-08,1.7763568394002505e-15,0.0,0.9999999996133264,True,1850,51.0,1e-05,banded ADMM with dual certificate,0.11975950800024293,35,51,6,0.5*sum_train((z-y)^2)+lambda*sum(abs(Bz))
PDE,burgers,pod_tv_diff,POD+TV,1,0.01,4,1,100.0,0.01824151585023383,"[1.934056100327259, 15.648486198219063, 3.3189685759822187, 0.9564889348963279, 0.2392920125096019, 0.08156051473487248]","[1.9340386112113555, 15.648486197985003, 3.318963499050997, 0.9564855217785566, 0.23929136490446365, 0.08156019552943565]","[1.748911590349067e-05, 2.340598825867346e-10, 5.0769312216480955e-06, 3.413117771300378e-06, 6.476051382375836e-07, 3.1920543683283675e-07]","[9.042713859505607e-06, 1.4957349843422728e-11, 1.5296713739284571e-06, 3.413117771300378e-06, 6.476051382375836e-07, 3.1920543683283675e-07]",9.042713859505607e-06,1.7763568394002505e-14,"[1.748911589301588e-05, 2.340563298730558e-10, 5.07693122065964e-06, 3.4131177714373423e-06, 6.476051383026173e-07, 3.1920543683324195e-07]",7.936602486324773e-09,1.4210854715202004e-14,0.0,1.0,True,250,255.0,1e-05,banded ADMM with dual certificate,0.011247795000144833,35,51,6,0.5*sum_train((z-y)^2)+lambda*sum(abs(Bz))
PDE,burgers,pod_tv_diff,POD+TV,1,0.01,4,1,1000.0,0.02449247844814295,"[1.9340386112305648, 16.31838398644929, 3.3189634990516974, 0.9564855217787815, 0.23929136490449635, 0.08156019552944413]","[1.9340386112178067, 16.318383986448925, 3.3189634990513897, 0.9564855217787285, 0.23929136490446948, 0.08156019552943707]","[1.2758016865177524e-11, 3.659295089164516e-13, 3.077538224260934e-13, 5.306866057708248e-14, 2.6867397195928788e-14, 7.0637939941775585e-15]","[6.596567819843069e-12, 2.2424371752761655e-14, 9.272588340125632e-14, 5.306866057708248e-14, 2.6867397195928788e-14, 7.0637939941775585e-15]",6.596567819843069e-12,9.636735853746359e-14,"[1.2758149191358472e-11, 3.579420420058704e-13, 3.0802921620734954e-13, 5.3058238783963365e-14, 2.683375241491515e-14, 7.032054439713612e-15]",1.3322676295501878e-15,2.842170943040401e-14,0.0,1.0,True,0,0.0,1e-05,affine exact solution,0.0003583000002436165,35,51,6,0.5*sum_train((z-y)^2)+lambda*sum(abs(Bz))
PDE,burgers,pod_tv_diff,POD+TV,1,0.01,4,2,0.0,0.0001546491535859885,"[0.0, 0.0, 0.0, 0.0, 0.0, 0.0]","[0.0, 0.0, 0.0, 0.0, 0.0, 0.0]","[0.0, 0.0, 0.0, 0.0, 0.0, 0.0]","[0.0, 0.0, 0.0, 0.0, 0.0, 0.0]",0.0,0.0,"[0.0, 0.0, 0.0, 0.0, 0.0, 0.0]",0.0,0.0,0.0,1.0,True,0,0.0,1e-05,zero-penalty interpolation,0.0004089169997314457,35,51,6,0.5*sum_train((z-y)^2)+lambda*sum(abs(Bz))
PDE,burgers,pod_tv_diff,POD+TV,1,0.01,4,2,0.0001,0.00015540461806828987,"[7.069873509030475e-05, 7.2909353870999e-05, 6.767701495821655e-05, 6.778364518154037e-05, 5.6707227026059245e-05, 6.484126884275273e-05]","[7.022505145517062e-05, 7.238135470588876e-05, 6.744669072044314e-05, 6.715391918906544e-05, 5.642564808034907e-05, 6.445600540502672e-05]","[4.7368363513413216e-07, 5.279991651102313e-07, 2.3032423777340617e-07, 6.297259924749283e-07, 2.8157894571017206e-07, 3.8526343772601033e-07]","[4.7368363513413216e-07, 5.279991651102313e-07, 2.3032423777340617e-07, 6.297259924749283e-07, 2.8157894571017206e-07, 3.8526343772601033e-07]",6.297259924749283e-07,2.486944310159801e-06,"[4.7365111918296467e-07, 5.279639077614736e-07, 2.3031236146426595e-07, 6.296822685266653e-07, 2.8156074771926734e-07, 3.8524661384488205e-07]",0.00010036713564262927,2.710505431213761e-20,0.0,0.9917376081585446,True,25,0.01,1e-05,banded ADMM with dual certificate,0.002586141000392672,35,51,6,0.5*sum_train((z-y)^2)+lambda*sum(abs(Bz))
PDE,burgers,pod_tv_diff,POD+TV,1,0.01,4,2,0.001,0.00015426213118579127,"[0.0006325246958415782, 0.0006688629101631708, 0.0006373983796233841, 0.0006308712734641039, 0.0005267374275303129, 0.0005908407533079496]","[0.000627394725558836, 0.0006641633186911643, 0.0006323155092485998, 0.0006239471960630182, 0.0005213020997166739, 0.0005816997010768099]","[5.1299702827422656e-06, 4.699591472006508e-06, 5.082870374784293e-06, 6.924077401085707e-06, 5.4353278136390045e-06, 9.141052231139714e-06]","[5.1299702827422656e-06, 4.699591472006508e-06, 5.082870374784293e-06, 6.924077401085707e-06, 5.4353278136390045e-06, 9.141052231139714e-06]",9.141052231139714e-06,2.1912275333312373e-05,"[5.127822640569658e-06, 4.698890204600926e-06, 5.082288309886818e-06, 6.922734437732228e-06, 5.434757716343949e-06, 9.137747863220236e-06]",0.0010035738236149837,4.336808689942018e-19,0.0,0.9927164634613869,True,25,0.01,1e-05,banded ADMM with dual certificate,0.0020697410000138916,35,51,6,0.5*sum_train((z-y)^2)+lambda*sum(abs(Bz))
PDE,burgers,pod_tv_diff,POD+TV,1,0.01,4,2,0.01,0.00015493197886017374,"[0.003931448484574244, 0.004851607426430629, 0.005200785252223235, 0.004930679856640032, 0.004113098590216407, 0.0038271839184026006]","[0.003930615489533627, 0.004849342318174488, 0.005200585014053519, 0.004929514123546561, 0.004112957948691159, 0.003825805875125323]","[8.329950406168324e-07, 2.2651082561405897e-06, 2.0023816971539987e-07, 1.1657330934704974e-06, 1.406415252478907e-07, 1.378043277277391e-06]","[8.329950406168324e-07, 2.2651082561405897e-06, 2.0023816971539987e-07, 1.1657330934704974e-06, 1.406415252478907e-07, 1.378043277277391e-06]",2.2651082561405897e-06,6.767967351432869e-06,"[8.329938021053689e-07, 2.265047533023083e-06, 2.002380803034151e-07, 1.165725889579368e-06, 1.4064151889186388e-07, 1.37803457565637e-06]",7.438512274537956e-05,3.469446951953614e-18,0.0,0.9997148827664654,True,75,0.20400000000000001,1e-05,banded ADMM with dual certificate,0.0033309440000266477,35,51,6,0.5*sum_train((z-y)^2)+lambda*sum(abs(Bz))
PDE,burgers,pod_tv_diff,POD+TV,1,0.01,4,2,0.1,0.0001699514079395919,"[0.030842096393724126, 0.039713662010703546, 0.04673741656028926, 0.042021659408742675, 0.03384596954996264, 0.026823232730020366]","[0.030841901669993288, 0.039705511045273735, 0.04673741646661555, 0.0420215815332609, 0.0338459688597625, 0.026823232040578005]","[1.9472373083764816e-07, 8.150965429810919e-06, 9.367371461843632e-11, 7.78754817715166e-08, 6.902001400965752e-10, 6.894423608405642e-10]","[1.9472373083764816e-07, 8.150965429810919e-06, 9.367371461843632e-11, 7.78754817715166e-08, 6.902001400965752e-10, 6.894423608405642e-10]",8.150965429810919e-06,2.0291472233729957e-07,"[1.9472373062254245e-07, 8.15096529963727e-06, 9.367376319069365e-11, 7.787548173682213e-08, 6.902001400965752e-10, 6.894423712489051e-10]",1.3386095828238354e-05,3.469446951953614e-17,0.0,0.9999918132432801,True,250,0.51,1e-05,banded ADMM with dual certificate,0.011189084999841725,35,51,6,0.5*sum_train((z-y)^2)+lambda*sum(abs(Bz))
PDE,burgers,pod_tv_diff,POD+TV,1,0.01,4,2,1.0,0.0005224374769516502,"[0.24744636571944492, 0.3441934822293217, 0.38383313769193417, 0.33870662763156, 0.208784414843973, 0.0814632245613332]","[0.24744635178064955, 0.3441934822247989, 0.383833113973675, 0.3387066276315374, 0.20878441484397148, 0.08145324857931475]","[1.3938795367929302e-08, 4.522826557717963e-12, 2.3718259190008695e-08, 2.2593038551121936e-14, 1.5265566588595902e-15, 9.97598201844807e-06]","[1.3938795367929302e-08, 4.522826557717963e-12, 2.3718259190008695e-08, 2.2593038551121936e-14, 1.5265566588595902e-15, 9.97598201844807e-06]",9.97598201844807e-06,1.129581240627564e-07,"[1.3938795395684878e-08, 4.521660823542106e-12, 2.3718258801430636e-08, 2.2537527399890678e-14, 1.5126788710517758e-15, 9.975981941940477e-06]",4.63054055876988e-07,2.220446049250313e-16,0.0,0.9999990214878238,True,875,20.4,1e-05,banded ADMM with dual certificate,0.04547200700017129,35,51,6,0.5*sum_train((z-y)^2)+lambda*sum(abs(Bz))
PDE,burgers,pod_tv_diff,POD+TV,1,0.01,4,2,10.0,0.003446606813951554,"[1.3087234415035756, 2.6777251464587417, 2.5868802429907793, 0.9158326690401626, 0.2411474186588645, 0.08153562665685316]","[1.3087234415026372, 2.6777251164336473, 2.586880242990677, 0.9158234996183198, 0.2411449509165462, 0.08153433767222444]","[9.383605004131823e-13, 3.002509441074608e-08, 1.021405182655144e-13, 9.169421842813996e-06, 2.467742318296162e-06, 1.2889846287139628e-06]","[7.170044263401533e-13, 1.12129112468671e-08, 3.948405363652486e-14, 9.169421842813996e-06, 2.467742318296162e-06, 1.2889846287139628e-06]",9.169421842813996e-06,2.737210430536763e-09,"[9.348077867343818e-13, 3.002509441074608e-08, 1.0058620603103918e-13, 9.169421842393814e-06, 2.4677423183433733e-06, 1.288984628708855e-06]",2.8756051406730876e-07,3.552713678800501e-15,0.0,0.9999999878551733,True,1000,102.0,1e-05,banded ADMM with dual certificate,0.053046269999867945,35,51,6,0.5*sum_train((z-y)^2)+lambda*sum(abs(Bz))
PDE,burgers,pod_tv_diff,POD+TV,1,0.01,4,2,100.0,0.01816712178240552,"[1.9656490824964308, 15.596653660447561, 3.3496774722048888, 0.9158268228529765, 0.24114563960150712, 0.08153468758581156]","[1.9656305318612293, 15.59665365427167, 3.3496720052843414, 0.9158234998507245, 0.24114495092606483, 0.08153433767466738]","[1.855063520150857e-05, 6.17589179796596e-09, 5.46692054737008e-06, 3.3230022519203928e-06, 6.886754422841257e-07, 3.4991114418458924e-07]","[9.437409437267781e-06, 3.959754401437889e-10, 1.6320737123898496e-06, 3.3230022519203928e-06, 6.886754422841257e-07, 3.4991114418458924e-07]",9.437409437267781e-06,1.3697842859983211e-10,"[1.8550635189206934e-05, 6.175882916181763e-09, 5.4669205472180655e-06, 3.3230022521093175e-06, 6.886754422800997e-07, 3.49911144183214e-07]",8.506450654977016e-09,1.4210854715202004e-14,0.0,0.9999999999038707,True,225,510.0,1e-05,banded ADMM with dual certificate,0.01379943199981426,35,51,6,0.5*sum_train((z-y)^2)+lambda*sum(abs(Bz))
PDE,burgers,pod_tv_diff,POD+TV,1,0.01,4,2,1000.0,0.02419217828561221,"[1.96563053187994, 16.239820026162427, 3.349672005285092, 0.9158234998509353, 0.24114495092610086, 0.0815343376746765]","[1.9656305318686549, 16.23982002616213, 3.3496720052847997, 0.9158234998508866, 0.24114495092607147, 0.0815343376746691]","[1.1285195000709791e-11, 2.984279490192421e-13, 2.922107000813412e-13, 4.8627768478581856e-14, 2.939315457695102e-14, 7.396860901565105e-15]","[5.74125951834731e-12, 1.837630888387145e-14, 8.723561579172317e-14, 4.8627768478581856e-14, 2.939315457695102e-14, 7.396860901565105e-15]",5.74125951834731e-12,4.8183679268731794e-14,"[1.13146264211285e-11, 2.943413518588095e-13, 2.926722203220242e-13, 4.8863540409049e-14, 2.944811321218402e-14, 7.409609554338992e-15]",1.3322676295501878e-15,1.4210854715202004e-14,0.0,1.0,True,0,0.0,1e-05,affine exact solution,0.00045639899963134667,35,51,6,0.5*sum_train((z-y)^2)+lambda*sum(abs(Bz))
PDE,burgers,tv_diff,TV,2,0.01,4,0,0.0,0.00015464303377733107,"[0.0, 0.0, 0.0, 0.0, 0.0, 0.0, 0.0, 0.0]","[0.0, 0.0, 0.0, 0.0, 0.0, 0.0, 0.0, 0.0]","[0.0, 0.0, 0.0, 0.0, 0.0, 0.0, 0.0, 0.0]","[0.0, 0.0, 0.0, 0.0, 0.0, 0.0, 0.0, 0.0]",0.0,0.0,"[0.0, 0.0, 0.0, 0.0, 0.0, 0.0, 0.0, 0.0]",0.0,0.0,0.0,1.0,True,0,0.0,1e-05,zero-penalty interpolation,0.0006975820001571265,34,51,8,0.5*sum_train((z-y)^2)+lambda*sum(abs(Bz))
PDE,burgers,tv_diff,TV,2,0.01,4,0,0.0001,0.00017873994902510167,"[5.0294176109035466e-05, 3.31858459152983e-05, 4.3197083147220235e-05, 5.577903158080946e-05, 4.891409877224309e-05, 5.376200844999733e-05, 6.569993550079309e-05, 3.5391104934370804e-05]","[5.001056335446242e-05, 3.294437243321567e-05, 4.283894326990593e-05, 5.495920490068241e-05, 4.8586103307493384e-05, 5.336702486757443e-05, 6.537941694441993e-05, 3.5042108078168954e-05]","[2.836127545730445e-07, 2.414734820826292e-07, 3.5813987731430654e-07, 8.198266801270494e-07, 3.2799546474970604e-07, 3.949835824229028e-07, 3.2051855637315837e-07, 3.489968562018505e-07]","[2.836127545730445e-07, 2.414734820826292e-07, 3.5813987731430654e-07, 8.198266801270494e-07, 3.2799546474970604e-07, 3.949835824229028e-07, 3.2051855637315837e-07, 3.489968562018505e-07]",8.198266801270494e-07,3.8901727219673625e-06,"[2.835984765842868e-07, 2.4146006505817297e-07, 3.5811507326961054e-07, 8.196858164425156e-07, 3.2796895892635877e-07, 3.949646232343068e-07, 3.205036474414845e-07, 3.48940349143439e-07]",0.00010085645406181564,1.7343873733033366e-14,0.0,0.9870900702692668,True,25,0.01,1e-05,banded ADMM with dual certificate,0.0015304680000554072,34,51,8,0.5*sum_train((z-y)^2)+lambda*sum(abs(Bz))
PDE,burgers,tv_diff,TV,2,0.01,4,0,0.001,0.00015235556233209112,"[0.00043591777768322605, 0.00027142853763700305, 0.00038201848857883963, 0.0004998531798034614, 0.00043177183585201457, 0.0004752204388692623, 0.0005839745267784608, 0.00028815222242919953]","[0.0004290648695945682, 0.000263337921950562, 0.00037369821181004563, 0.0004929237537302502, 0.00042485590325920574, 0.00046863099740141335, 0.0005786289794971987, 0.00028140398471348475]","[6.852908088657826e-06, 8.090615686441051e-06, 8.320276768794001e-06, 6.9294260732111375e-06, 6.915932592808829e-06, 6.589441467848972e-06, 5.345547281262108e-06, 6.7482377157147854e-06]","[6.852908088657826e-06, 8.090615686441051e-06, 8.320276768794001e-06, 6.9294260732111375e-06, 6.915932592808829e-06, 6.589441467848972e-06, 5.345547281262108e-06, 6.7482377157147854e-06]",8.320276768794001e-06,1.9552662292923132e-05,"[6.851286342510188e-06, 8.090019192836948e-06, 8.319983366031629e-06, 6.928483134661359e-06, 6.913743230004498e-06, 6.587544118334763e-06, 5.342811683245441e-06, 6.747884550624189e-06]",0.000955614094111056,1.690444659252499e-14,0.0,0.9934767730978104,True,25,0.01,1e-05,banded ADMM with dual certificate,0.0014101169999776175,34,51,8,0.5*sum_train((z-y)^2)+lambda*sum(abs(Bz))
PDE,burgers,tv_diff,TV,2,0.01,4,0,0.01,0.00012052392901716738,"[0.0015055386862048849, 0.0011028596897092078, 0.0017836472307253834, 0.0027186243603510335, 0.003053716036074571, 0.002165077525183056, 0.002052718320017454, 0.0009463278683111735]","[0.0015030191618232661, 0.0010973922944540453, 0.0017819445843719104, 0.0027186065307997645, 0.0030537100175565663, 0.002165052695251737, 0.002052674086942139, 0.0009416443050849148]","[2.5195243816187284e-06, 5.467395255162469e-06, 1.7026463534730411e-06, 1.7829551268982308e-08, 6.018518004715506e-09, 2.4829931318925275e-08, 4.423307531538356e-08, 4.68356322625861e-06]","[2.5195243816187284e-06, 5.467395255162469e-06, 1.7026463534730411e-06, 1.7829551268982308e-08, 6.018518004715506e-09, 2.4829931318925275e-08, 4.423307531538356e-08, 4.68356322625861e-06]",5.467395255162469e-06,1.7264889102745762e-05,"[2.519486983326041e-06, 5.466453109601683e-06, 1.702637241062779e-06, 1.7829543532766126e-08, 6.0185137069380945e-09, 2.4829931602986244e-08, 4.423302744297874e-08, 4.683541879354006e-06]",9.375345501499988e-05,6.6318478486593335e-15,0.0,0.9986797742914103,True,100,0.40800000000000003,1e-05,banded ADMM with dual certificate,0.004900400999758858,34,51,8,0.5*sum_train((z-y)^2)+lambda*sum(abs(Bz))
PDE,burgers,tv_diff,TV,2,0.01,4,0,0.1,0.00013786099667887898,"[0.0024164847387633864, 0.004717044885901149, 0.009407450679195014, 0.017453878715526266, 0.025220993362323574, 0.011506725062211232, 0.006121519419787695, 0.0019181694930031057]","[0.0024065242239365695, 0.0047170448858993, 0.009407450679194459, 0.017453878715525256, 0.025220993362322395, 0.011506725062210753, 0.006121519419786231, 0.0019143408269825968]","[9.960514826816858e-06, 1.8492152253912764e-15, 5.551115123125783e-16, 1.0096090630185017e-15, 1.1796119636642288e-15, 4.787836793695988e-16, 1.4641066137244252e-15, 3.828666020508917e-06]","[9.960514826816858e-06, 1.8492152253912764e-15, 5.551115123125783e-16, 1.0096090630185017e-15, 1.1796119636642288e-15, 4.787836793695988e-16, 1.4641066137244252e-15, 3.828666020508917e-06]",9.960514826816858e-06,2.3229707903082986e-07,"[9.960514622423227e-06, 5.538104697055957e-16, 4.111294638065033e-16, 2.105954299835844e-15, 2.6506574712925612e-15, 7.962380754733545e-16, 5.41667405373758e-16, 3.828665968478814e-06]",8.873461459613097e-06,2.886579864025407e-15,0.0,0.9999900659891693,True,725,4.08,1e-05,banded ADMM with dual certificate,0.03009881599973596,34,51,8,0.5*sum_train((z-y)^2)+lambda*sum(abs(Bz))
PDE,burgers,tv_diff,TV,2,0.01,4,0,1.0,0.000645652966614707,"[0.0037543863605788703, 0.03045378542339, 0.06975207065833151, 0.1324141625454486, 0.2069388208536395, 0.08690095189097458, 0.03586692519111108, 0.006263459436820587]","[0.0037483575946435583, 0.030453785423382427, 0.06975207024160451, 0.13241416254541977, 0.2069388208535986, 0.08690093103964369, 0.03586692519110331, 0.006263459434674897]","[6.028765935312073e-06, 7.57380269611474e-15, 4.167270001298462e-10, 2.883804306463844e-14, 4.088396288182139e-14, 2.0851330884141817e-08, 7.771561172376096e-15, 2.1456907431383065e-12]","[6.028765935312073e-06, 7.57380269611474e-15, 4.167270001298462e-10, 2.883804306463844e-14, 4.088396288182139e-14, 2.0851330884141817e-08, 7.771561172376096e-15, 2.1456907431383065e-12]",6.028765935312073e-06,2.4131832747353865e-07,"[6.028765788889661e-06, 6.5503158452884236e-15, 4.167287626088978e-10, 2.4841240175987878e-14, 4.549138843401579e-14, 2.085133073148615e-08, 6.123573870198129e-15, 2.145649109774883e-12]",6.683557559616915e-07,6.161737786669619e-15,0.0,0.9999936765865021,True,1725,40.8,1e-05,banded ADMM with dual certificate,0.07334787499985396,34,51,8,0.5*sum_train((z-y)^2)+lambda*sum(abs(Bz))
PDE,burgers,tv_diff,TV,2,0.01,4,0,10.0,0.012523319406871115,"[0.0037504485918439545, 0.15311318977976945, 0.4214246284562272, 0.4397177042092619, 0.8722646133183206, 0.5075243581058799, 0.1915717667756508, 0.008741992176966312]","[0.003749626964055068, 0.153113189778844, 0.4214246284560317, 0.4397177042064282, 0.8722646133182461, 0.5075243581057222, 0.19157176532337522, 0.008740359576107594]","[8.216277888866558e-07, 9.254541577519149e-13, 1.9551027463649007e-13, 2.8336777369020183e-12, 7.4495964952348e-14, 1.5776269179923474e-13, 1.4522755775736584e-09, 1.6326008587183582e-06]","[8.216277888866558e-07, 9.254541577519149e-13, 1.9551027463649007e-13, 2.8336777369020183e-12, 7.4495964952348e-14, 1.5776269179923474e-13, 1.4522755775736584e-09, 1.6326008587183582e-06]",1.6326008587183582e-06,1.0012250473145912e-09,"[8.216277889350175e-07, 9.20812037730201e-13, 1.9231838344069274e-13, 2.8350169434254724e-12, 9.856004901109827e-14, 1.5976109324356003e-13, 1.4522723024157358e-09, 1.63260085866006e-06]",1.262365465493076e-07,2.298161660974074e-14,0.0,0.9999999936657629,True,550,408.0,1e-05,banded ADMM with dual certificate,0.0233541630000218,34,51,8,0.5*sum_train((z-y)^2)+lambda*sum(abs(Bz))
PDE,burgers,tv_diff,TV,2,0.01,4,0,100.0,0.021211004588211634,"[0.0037496269650902406, 0.15609119054433976, 0.5205669135968949, 0.44296029483509586, 0.9487664077802948, 0.645304490288738, 0.20283226473904975, 0.008740359581192077]","[0.003749626965078735, 0.1560911905441406, 0.5205669135968103, 0.44296029483472626, 0.9487664077800022, 0.6453044902886499, 0.20283226473878443, 0.008740359581168897]","[1.1505553454416173e-14, 1.9914625504213745e-13, 8.459899447643693e-14, 3.695932448977146e-13, 2.9254376698872875e-13, 8.815170815523743e-14, 2.653155473097968e-13, 2.3179375086002096e-14]","[1.1505553454416173e-14, 1.9914625504213745e-13, 8.459899447643693e-14, 3.695932448977146e-13, 2.9254376698872875e-13, 8.815170815523743e-14, 2.653155473097968e-13, 2.3179375086002096e-14]",3.695932448977146e-13,1.6708856520608606e-14,"[1.150725514329822e-14, 1.9086716439259444e-13, 8.34815245458726e-14, 3.6773489695417643e-13, 2.8746488850663187e-13, 9.306133393442401e-14, 2.5469378148808136e-13, 2.320707722849998e-14]",4.440892098500626e-16,1.6708856520608606e-14,0.0,1.0,True,0,0.0,1e-05,affine exact solution,0.00029451399996105465,34,51,8,0.5*sum_train((z-y)^2)+lambda*sum(abs(Bz))
PDE,burgers,tv_diff,TV,2,0.01,4,0,1000.0,0.021211004588211634,"[0.003749626965193804, 0.15609119054604506, 0.5205669135976472, 0.44296029483842236, 0.9487664077828754, 0.6453044902895809, 0.20283226474136185, 0.008740359581400844]","[0.003749626965078735, 0.1560911905441406, 0.5205669135968103, 0.44296029483472626, 0.9487664077800022, 0.6453044902886499, 0.20283226473878443, 0.008740359581168897]","[1.1506897865110055e-13, 1.904448820866378e-12, 8.36886115962443e-13, 3.69609898243084e-12, 2.8731461654274426e-12, 9.310330284506563e-13, 2.5774105072429165e-12, 2.319464065259069e-13]","[1.1506897865110055e-13, 1.904448820866378e-12, 8.36886115962443e-13, 3.69609898243084e-12, 2.8731461654274426e-12, 9.310330284506563e-13, 2.5774105072429165e-12, 2.319464065259069e-13]",3.69609898243084e-12,1.6708856520608606e-14,"[1.1507033525733688e-13, 1.8961798223937736e-12, 8.358049397849611e-13, 3.694226957921439e-12, 2.8680540546364863e-12, 9.360314149728144e-13, 2.5667897767706913e-12, 2.3197402964415044e-13]",4.440892098500626e-16,1.6708856520608606e-14,0.0,1.0,True,0,0.0,1e-05,affine exact solution,0.00028387800011842046,34,51,8,0.5*sum_train((z-y)^2)+lambda*sum(abs(Bz))
PDE,burgers,tv_diff,TV,2,0.01,4,1,0.0,0.0001932824946975493,"[0.0, 0.0, 0.0, 0.0, 0.0, 0.0, 0.0, 0.0]","[0.0, 0.0, 0.0, 0.0, 0.0, 0.0, 0.0, 0.0]","[0.0, 0.0, 0.0, 0.0, 0.0, 0.0, 0.0, 0.0]","[0.0, 0.0, 0.0, 0.0, 0.0, 0.0, 0.0, 0.0]",0.0,0.0,"[0.0, 0.0, 0.0, 0.0, 0.0, 0.0, 0.0, 0.0]",0.0,0.0,0.0,1.0,True,0,0.0,1e-05,zero-penalty interpolation,0.0003154549999635492,35,51,8,0.5*sum_train((z-y)^2)+lambda*sum(abs(Bz))
PDE,burgers,tv_diff,TV,2,0.01,4,1,0.0001,0.0002129395868397478,"[5.0633742907663665e-05, 3.471837011245834e-05, 4.9436277558551046e-05, 3.455573214912827e-05, 4.371932783269647e-05, 4.61744137129967e-05, 4.460311387708198e-05, 5.042469301416823e-05]","[5.0329772576410566e-05, 3.451256756828337e-05, 4.920338752189719e-05, 3.4354634172252354e-05, 4.352279908325862e-05, 4.595026872096404e-05, 4.420319532062086e-05, 4.9991002793379267e-05]","[3.0397033125309855e-07, 2.058025441749713e-07, 2.32890036653855e-07, 2.0109797687591416e-07, 1.9652874943784545e-07, 2.241449920326589e-07, 3.9991855646111897e-07, 4.336902207889649e-07]","[3.0397033125309855e-07, 2.058025441749713e-07, 2.32890036653855e-07, 2.0109797687591416e-07, 1.9652874943784545e-07, 2.241449920326589e-07, 3.9991855646111897e-07, 4.336902207889649e-07]",4.336902207889649e-07,2.4999217221239635e-06,"[3.039495405339292e-07, 2.0577908235135513e-07, 2.32876223104599e-07, 2.0108454610743355e-07, 1.9652024630042872e-07, 2.2413314761939132e-07, 3.998768453629883e-07, 4.33648878808609e-07]",0.00010036753469268837,2.710505431213761e-20,0.0,0.99168563378002,True,25,0.01,1e-05,banded ADMM with dual certificate,0.0014109580001786526,35,51,8,0.5*sum_train((z-y)^2)+lambda*sum(abs(Bz))
PDE,burgers,tv_diff,TV,2,0.01,4,1,0.001,0.00018528485532549253,"[0.00043530647897119674, 0.000276731859531881, 0.0004318135385782162, 0.0003036993481870728, 0.00040253114810172123, 0.0003951713869848319, 0.0004025191847409374, 0.0004285136518281617]","[0.00042851055010476133, 0.00026938329949548255, 0.0004265403260166281, 0.0002987967889383951, 0.0003942193184319357, 0.00039036780005403097, 0.00039408243810982156, 0.00042169474168748375]","[6.795928866435406e-06, 7.3485600363984525e-06, 5.273212561588152e-06, 4.902559248677683e-06, 8.31182966978556e-06, 4.803586930800946e-06, 8.436746631115832e-06, 6.818910140677953e-06]","[6.795928866435406e-06, 7.3485600363984525e-06, 5.273212561588152e-06, 4.902559248677683e-06, 8.31182966978556e-06, 4.803586930800946e-06, 8.436746631115832e-06, 6.818910140677953e-06]",8.436746631115832e-06,4.0394263412173604e-05,"[6.795236882771406e-06, 7.348328681512195e-06, 5.2704680710194255e-06, 4.90206621609992e-06, 8.304664205085023e-06, 4.80285408399557e-06, 8.436323916486527e-06, 6.817563843783132e-06]",0.000726364783078163,2.710505431213761e-19,0.0,0.9865696663516802,True,25,0.01,1e-05,banded ADMM with dual certificate,0.0013210329998400994,35,51,8,0.5*sum_train((z-y)^2)+lambda*sum(abs(Bz))
PDE,burgers,tv_diff,TV,2,0.01,4,1,0.01,0.00014859192101529498,"[0.0013009711427476771, 0.0011903448375439143, 0.0020727355329844, 0.0021005352495955553, 0.002861384057210916, 0.001734184941057323, 0.0017312646052489934, 0.0013823282916315448]","[0.0012993682727482083, 0.001190108629576651, 0.002072735124655307, 0.00210052107905131, 0.002861381394322162, 0.0017340868214319972, 0.001731262243523131, 0.0013816146096012087]","[1.6028699994688044e-06, 2.3620796726323175e-07, 4.083290931940209e-10, 1.4170544245396127e-08, 2.662888754119408e-09, 9.811962532572938e-08, 2.3617258624025056e-09, 7.136820303361296e-07]","[1.6028699994688044e-06, 2.3620796726323175e-07, 4.083290931940209e-10, 1.4170544245396127e-08, 2.662888754119408e-09, 9.811962532572938e-08, 2.3617258624025056e-09, 7.136820303361296e-07]",1.6028699994688044e-06,5.140144849376249e-06,"[1.6027724404965105e-06, 2.3619280378371025e-07, 4.0832908538776524e-10, 1.4170541782522472e-08, 2.662888591489082e-09, 9.81185024613411e-08, 2.361725672883966e-09, 7.136618973884118e-07]",2.786583021292463e-05,3.469446951953614e-18,0.0,0.9996992046422523,True,125,0.8160000000000001,1e-05,banded ADMM with dual certificate,0.005546004000279936,35,51,8,0.5*sum_train((z-y)^2)+lambda*sum(abs(Bz))
PDE,burgers,tv_diff,TV,2,0.01,4,1,0.1,0.0001653295560252546,"[0.0018551982759779442, 0.0049365167550226375, 0.009843602403173717, 0.017382022383349204, 0.02471596576744471, 0.010803938786277077, 0.0056619267821143605, 0.0027178809293807293]","[0.0018458794318043158, 0.00493651675502218, 0.009843602403172438, 0.017382022383344534, 0.024715965767435618, 0.010803938786275589, 0.00566192678211371, 0.002717854766931217]","[9.318844173628483e-06, 4.570996359198887e-16, 1.2784912017949068e-15, 4.669875597329565e-15, 9.093420461070423e-15, 1.4883927423881005e-15, 6.505213034913027e-16, 2.6162449512368013e-08]","[9.318844173628483e-06, 4.570996359198887e-16, 1.2784912017949068e-15, 4.669875597329565e-15, 9.093420461070423e-15, 1.4883927423881005e-15, 6.505213034913027e-16, 2.6162449512368013e-08]",9.318844173628483e-06,2.1724806425690857e-07,"[9.3188439608711e-06, 4.887583393564654e-16, 1.2732870313669764e-15, 4.687222832089333e-15, 9.155870506205588e-15, 1.4797191250082165e-15, 6.461844948013606e-16, 2.6162449514102737e-08]",1.062398243824314e-05,2.7755575615628914e-17,0.0,0.9999877274313755,True,775,4.08,1e-05,banded ADMM with dual certificate,0.03305191900017235,35,51,8,0.5*sum_train((z-y)^2)+lambda*sum(abs(Bz))
PDE,burgers,tv_diff,TV,2,0.01,4,1,1.0,0.0006618075990433383,"[0.0035091242096277984, 0.030449793982631916, 0.07184573997836721, 0.13326447001835443, 0.20378935301770962, 0.08801785173540067, 0.035746519075618904, 0.006884609035176069]","[0.0035020207298964846, 0.030449793982559474, 0.07184572720323977, 0.13326447001833108, 0.20378935301766096, 0.08801785079011247, 0.035746519075608774, 0.006884537883415126]","[7.103479731313759e-06, 7.244205235679146e-14, 1.2775127442021805e-08, 2.3342439092743916e-14, 4.8655524054197485e-14, 9.452881949423286e-10, 1.0130785099704553e-14, 7.115176094314724e-08]","[7.103479731313759e-06, 7.244205235679146e-14, 1.2775127442021805e-08, 2.3342439092743916e-14, 4.8655524054197485e-14, 9.452881949423286e-10, 1.0130785099704553e-14, 7.115176094314724e-08]",7.103479731313759e-06,3.105277655846006e-08,"[7.103479728451248e-06, 7.244552180374342e-14, 1.277512728936614e-08, 2.3467339183014246e-14, 4.8183679268731794e-14, 9.452882643312677e-10, 1.0016293350290084e-14, 7.115176094444828e-08]",4.911045983213569e-07,2.220446049250313e-16,0.0,0.9999990177457212,True,1100,20.4,1e-05,banded ADMM with dual certificate,0.048811066999860486,35,51,8,0.5*sum_train((z-y)^2)+lambda*sum(abs(Bz))
PDE,burgers,tv_diff,TV,2,0.01,4,1,10.0,0.011001752174374137,"[0.0035718551914024933, 0.16138193493056002, 0.44205623960607077, 0.45650294146267506, 0.9049319396425511, 0.536962333542981, 0.20134874898802507, 0.009084005932492601]","[0.0035702335512743577, 0.1613819349296671, 0.44205623960221446, 0.4565029414410599, 0.9049319396421882, 0.5369623330231377, 0.2013487489878963, 0.00908119333879482]","[1.6216401281356554e-06, 8.929246231303978e-13, 3.85630416488425e-12, 2.1615154111032098e-11, 3.6293190674996367e-13, 5.198432795339158e-10, 1.2878587085651816e-13, 2.8125936977815152e-06]","[1.6216401281356554e-06, 8.929246231303978e-13, 3.85630416488425e-12, 2.1615154111032098e-11, 3.6293190674996367e-13, 5.198432795339158e-10, 1.2878587085651816e-13, 2.8125936977815152e-06]",2.8125936977815152e-06,3.085143251979616e-10,"[1.621640128127095e-06, 8.913633720020187e-13, 3.85630416488425e-12, 2.1616340661889666e-11, 3.641253965014357e-13, 5.198446673126966e-10, 1.2810585925393525e-13, 2.8125936978236276e-06]",1.8980557570102974e-08,3.552713678800501e-15,0.0,0.9999999990765449,True,575,816.0,1e-05,banded ADMM with dual certificate,0.02538318300003084,35,51,8,0.5*sum_train((z-y)^2)+lambda*sum(abs(Bz))
PDE,burgers,tv_diff,TV,2,0.01,4,1,100.0,0.019501433002584424,"[0.0035702335557195306, 0.16790095748266037, 0.5731039693781559, 0.46076639463024305, 0.9855652140898039, 0.7228685491209964, 0.21956131459098713, 0.009081193355047175]","[0.0035702335557031787, 0.16790095748242992, 0.5731039693780947, 0.4607663946299318, 0.9855652140894127, 0.7228685491209024, 0.2195613145907599, 0.009081193355031266]","[1.6351937165426378e-14, 2.3045454433656687e-13, 6.117328865684613e-14, 3.1125102495366264e-13, 3.9124259387790516e-13, 9.403589018575076e-14, 2.2723489756515391e-13, 1.5909148998183298e-14]","[1.6351937165426378e-14, 2.3045454433656687e-13, 6.117328865684613e-14, 3.1125102495366264e-13, 3.9124259387790516e-13, 9.403589018575076e-14, 2.2723489756515391e-13, 1.5909148998183298e-14]",3.9124259387790516e-13,2.5646151868841116e-14,"[1.6341046491516505e-14, 2.2880118120231763e-13, 6.169966781563907e-14, 3.095324515920538e-13, 3.933316758618251e-13, 9.368961265980147e-14, 2.285248608516568e-13, 1.5944028208630962e-14]",5.551115123125783e-16,3.552713678800501e-15,0.0,1.0,True,0,0.0,1e-05,affine exact solution,0.0002872230002139986,35,51,8,0.5*sum_train((z-y)^2)+lambda*sum(abs(Bz))
PDE,burgers,tv_diff,TV,2,0.01,4,1,1000.0,0.019501433002584424,"[0.0035702335558666786, 0.16790095748472358, 0.5731039693787117, 0.46076639463303376, 0.9855652140933526, 0.7228685491218402, 0.2195613145930339, 0.00908119335519042]","[0.0035702335557031787, 0.16790095748242992, 0.5731039693780947, 0.4607663946299318, 0.9855652140894127, 0.7228685491209024, 0.2195613145907599, 0.009081193355031266]","[1.6349985601515904e-13, 2.293665257724342e-12, 6.169509347841995e-13, 3.1019631308026874e-12, 3.9399594697897555e-12, 9.378053889008697e-13, 2.274014310188477e-12, 1.5915394002696814e-13]","[1.6349985601515904e-13, 2.293665257724342e-12, 6.169509347841995e-13, 3.1019631308026874e-12, 3.9399594697897555e-12, 9.378053889008697e-13, 2.274014310188477e-12, 1.5915394002696814e-13]",3.9399594697897555e-12,2.5646151868841116e-14,"[1.6348896534124916e-13, 2.291994547355333e-12, 6.17505069518608e-13, 3.100268843569742e-12, 3.942055490667579e-12, 9.375458475487193e-13, 2.2753250901566914e-12, 1.591888192374158e-13]",5.551115123125783e-16,3.552713678800501e-15,0.0,1.0,True,0,0.0,1e-05,affine exact solution,0.0002644690002853167,35,51,8,0.5*sum_train((z-y)^2)+lambda*sum(abs(Bz))
PDE,burgers,tv_diff,TV,2,0.01,4,2,0.0,0.00014210963947871964,"[0.0, 0.0, 0.0, 0.0, 0.0, 0.0, 0.0, 0.0]","[0.0, 0.0, 0.0, 0.0, 0.0, 0.0, 0.0, 0.0]","[0.0, 0.0, 0.0, 0.0, 0.0, 0.0, 0.0, 0.0]","[0.0, 0.0, 0.0, 0.0, 0.0, 0.0, 0.0, 0.0]",0.0,0.0,"[0.0, 0.0, 0.0, 0.0, 0.0, 0.0, 0.0, 0.0]",0.0,0.0,0.0,1.0,True,0,0.0,1e-05,zero-penalty interpolation,0.0003247200002078898,35,51,8,0.5*sum_train((z-y)^2)+lambda*sum(abs(Bz))
PDE,burgers,tv_diff,TV,2,0.01,4,2,0.0001,0.00017362364735652044,"[6.342877500850532e-05, 3.087906878909987e-05, 4.6308918947276155e-05, 6.545537934010512e-05, 5.8204673021856365e-05, 5.2063138331102086e-05, 6.602006945316567e-05, 5.7458569132761675e-05]","[6.317226353830019e-05, 3.075784978832256e-05, 4.600526838778627e-05, 6.511637255422882e-05, 5.796680113746933e-05, 5.158732361649938e-05, 6.569916919260452e-05, 5.714877245103692e-05]","[2.5651147020512967e-07, 1.2121900077731207e-07, 3.0365055948988496e-07, 3.3900678587630217e-07, 2.3787188438703302e-07, 4.75814714602705e-07, 3.209002605611503e-07, 3.0979668172475454e-07]","[2.5651147020512967e-07, 1.2121900077731207e-07, 3.0365055948988496e-07, 3.3900678587630217e-07, 2.3787188438703302e-07, 4.75814714602705e-07, 3.209002605611503e-07, 3.0979668172475454e-07]",4.75814714602705e-07,2.1975915092983084e-06,"[2.5649812990863796e-07, 1.212149559108331e-07, 3.036300232663115e-07, 3.3898755964527556e-07, 2.3786019130406873e-07, 4.7576502202067197e-07, 3.2088562546547046e-07, 3.0977747033379937e-07]",0.000130325900715392,2.710505431213761e-20,0.0,0.9926870067765083,True,25,0.01,1e-05,banded ADMM with dual certificate,0.0015014649998192908,35,51,8,0.5*sum_train((z-y)^2)+lambda*sum(abs(Bz))
PDE,burgers,tv_diff,TV,2,0.01,4,2,0.001,0.00013918833387539727,"[0.0005531149633918065, 0.00023344352540242202, 0.00039471124750264496, 0.0005758372352735857, 0.0005280446260933109, 0.0004506373019296027, 0.0005723977789867299, 0.0004972114473633856]","[0.0005491999447714613, 0.00022651472582464017, 0.000390013289734913, 0.000569222071858076, 0.0005239164320861236, 0.00044362721470313004, 0.0005660116956644937, 0.0004908689401535959]","[3.9150186203452345e-06, 6.928799577781845e-06, 4.6979577677319444e-06, 6.615163415509711e-06, 4.128194007187213e-06, 7.010087226472629e-06, 6.3860833222361985e-06, 6.342507209789686e-06]","[3.9150186203452345e-06, 6.928799577781845e-06, 4.6979577677319444e-06, 6.615163415509711e-06, 4.128194007187213e-06, 7.010087226472629e-06, 6.3860833222361985e-06, 6.342507209789686e-06]",7.010087226472629e-06,2.529342300260952e-05,"[3.914781672062408e-06, 6.923962936032088e-06, 4.6971228222361726e-06, 6.614665299767698e-06, 4.128065634824885e-06, 7.009652908732003e-06, 6.385376611946084e-06, 6.338649691648888e-06]",0.0009241596965142159,2.846030702774449e-19,0.0,0.9915680077254857,True,25,0.01,1e-05,banded ADMM with dual certificate,0.0014553649998561013,35,51,8,0.5*sum_train((z-y)^2)+lambda*sum(abs(Bz))
PDE,burgers,tv_diff,TV,2,0.01,4,2,0.01,9.926856362347896e-05,"[0.0018075163752534224, 0.0008749767448398084, 0.001957021132967862, 0.0028511437990951655, 0.003223569925178106, 0.0018578256249638398, 0.0021866258115186736, 0.0016061768790336499]","[0.0018053425385518257, 0.0008699108526856387, 0.001956938395046859, 0.002851138321807791, 0.0032233403580957556, 0.0018577999567259342, 0.0021866184528734154, 0.0016041053697148915]","[2.173836701596741e-06, 5.06589215416972e-06, 8.273792100315508e-08, 5.477287374523743e-09, 2.2956708235028975e-07, 2.5668237905616606e-08, 7.358645258241647e-09, 2.071509318758366e-06]","[2.173836701596741e-06, 5.06589215416972e-06, 8.273792100315508e-08, 5.477287374523743e-09, 2.2956708235028975e-07, 2.5668237905616606e-08, 7.358645258241647e-09, 2.071509318758366e-06]",5.06589215416972e-06,9.570992058661326e-06,"[2.1733789168398615e-06, 5.065868461395849e-06, 8.273581999086559e-08, 5.4772866702260115e-09, 2.2956617883995029e-07, 2.566820245459081e-08, 7.358640429205171e-09, 2.0715038993682233e-06]",0.00014880319225446526,3.469446951953614e-18,0.0,0.9994175416027105,True,125,0.40800000000000003,1e-05,banded ADMM with dual certificate,0.005552384000111488,35,51,8,0.5*sum_train((z-y)^2)+lambda*sum(abs(Bz))
PDE,burgers,tv_diff,TV,2,0.01,4,2,0.1,0.0001235465718291713,"[0.00257177946352714, 0.004137094903361924, 0.009675524793077588, 0.01786855053449308, 0.025237226903874813, 0.011082246444342098, 0.006360074606696137, 0.00279933399528764]","[0.0025631594766474817, 0.004137094903361158, 0.009675524792910985, 0.017868550534485224, 0.0252372269038593, 0.011082246435305011, 0.006360074606695186, 0.0027970225022091104]","[8.619986879658363e-06, 7.667477763817487e-16, 1.6660284263281255e-13, 7.854827899222983e-15, 1.551189732218461e-14, 9.037087050911552e-12, 9.514958265732787e-16, 2.311493078529462e-06]","[8.619986879658363e-06, 7.667477763817487e-16, 1.6660284263281255e-13, 7.854827899222983e-15, 1.551189732218461e-14, 9.037087050911552e-12, 9.514958265732787e-16, 2.311493078529462e-06]",8.619986879658363e-06,5.278958237278641e-07,"[8.619985993401963e-06, 7.316196259932184e-16, 1.666063120797645e-13, 7.827072323607354e-15, 1.5504958428280702e-14, 9.037061030059412e-12, 9.614704865601453e-16, 2.3114930028850017e-06]",7.944587296915273e-06,2.7755575615628914e-17,0.0,0.9999800294893166,True,700,4.08,1e-05,banded ADMM with dual certificate,0.031795805000001565,35,51,8,0.5*sum_train((z-y)^2)+lambda*sum(abs(Bz))
PDE,burgers,tv_diff,TV,2,0.01,4,2,1.0,0.0005652491401502402,"[0.004236015836989179, 0.0291584149073323, 0.07147550328904376, 0.1334494239187012, 0.20742870824044163, 0.08890662606589206, 0.036164761453702524, 0.007395555125777312]","[0.0042293872570050295, 0.029158414907327516, 0.07147538537559212, 0.13344942391869424, 0.20742870824043116, 0.08890662604375317, 0.03616476145369653, 0.007395271968628811]","[6.628579984149091e-06, 4.784367346744034e-15, 1.1791345164158251e-07, 6.966649479522857e-15, 1.04638520070921e-14, 2.2138887945111208e-11, 5.995204332975845e-15, 2.83157148501037e-07]","[6.628579984149091e-06, 4.784367346744034e-15, 1.1791345164158251e-07, 6.966649479522857e-15, 1.04638520070921e-14, 2.2138887945111208e-11, 5.995204332975845e-15, 2.83157148501037e-07]",6.628579984149091e-06,6.072653875935363e-08,"[6.6285799695610425e-06, 4.912736883966318e-15, 1.1791345130157671e-07, 7.105427357601002e-15, 9.96425164601078e-15, 2.2138665900506282e-11, 5.828670879282072e-15, 2.831571484919297e-07]",3.3623082132949733e-06,2.220446049250313e-16,0.0,0.9999979790593833,True,1125,10.2,1e-05,banded ADMM with dual certificate,0.048692978999952174,35,51,8,0.5*sum_train((z-y)^2)+lambda*sum(abs(Bz))
PDE,burgers,tv_diff,TV,2,0.01,4,2,10.0,0.010700841656035999,"[0.004324283527135947, 0.15792834158408622, 0.44467130226444157, 0.462713761368355, 0.897767293652649, 0.5426449907737625, 0.19809952013868515, 0.009809568451041528]","[0.004321960317335499, 0.1579283415835735, 0.4446713015463782, 0.4627137613641391, 0.8977672936524725, 0.54264498204685, 0.19809952013839907, 0.009805633014818883]","[2.3232098004481033e-06, 5.127287483475129e-13, 7.18063386528911e-10, 4.215905402560338e-12, 1.7641443861293737e-13, 8.726912525958141e-09, 2.860767178702872e-13, 3.935436222644861e-06]","[2.3232098004481033e-06, 5.127287483475129e-13, 7.18063386528911e-10, 4.215905402560338e-12, 1.7641443861293737e-13, 8.726912525958141e-09, 2.860767178702872e-13, 3.935436222644861e-06]",3.935436222644861e-06,5.8675579950318024e-09,"[2.3232098004313524e-06, 5.117156698375425e-13, 7.180638306181208e-10, 4.21729318134112e-12, 1.8041124150158794e-13, 8.726912192891234e-09, 2.856881398116684e-13, 3.935436222694709e-06]",3.593389106271161e-07,3.552713678800501e-15,0.0,0.9999999816560102,True,525,408.0,1e-05,banded ADMM with dual certificate,0.02243787199995495,35,51,8,0.5*sum_train((z-y)^2)+lambda*sum(abs(Bz))
PDE,burgers,tv_diff,TV,2,0.01,4,2,100.0,0.01908069640256485,"[0.004321960326570176, 0.16388473006544182, 0.5808639137908369, 0.4693483960916569, 0.9905513647906307, 0.7386350979773642, 0.2149789172699363, 0.009805633047256885]","[0.004321960326550633, 0.16388473006525953, 0.5808639137907566, 0.46934839609133655, 0.9905513647903758, 0.7386350979772717, 0.2149789172697037, 0.009805633047229811]","[1.954339468035471e-14, 1.822986206434507e-13, 8.026912468039882e-14, 3.203548537555889e-13, 2.5490720645393594e-13, 9.248157795127554e-14, 2.325917236589703e-13, 2.7073829289570028e-14]","[1.954339468035471e-14, 1.822986206434507e-13, 8.026912468039882e-14, 3.203548537555889e-13, 2.5490720645393594e-13, 9.248157795127554e-14, 2.325917236589703e-13, 2.7073829289570028e-14]",3.203548537555889e-13,1.1324274851176597e-14,"[1.953284273073701e-14, 1.8361232075339081e-13, 8.00757643108339e-14, 3.203076035993583e-13, 2.5227320642681044e-13, 9.312061167099765e-14, 2.327884743973451e-13, 2.711392384678419e-14]",4.440892098500626e-16,7.105427357601002e-15,0.0,1.0,True,0,0.0,1e-05,affine exact solution,0.0002928909998445306,35,51,8,0.5*sum_train((z-y)^2)+lambda*sum(abs(Bz))
PDE,burgers,tv_diff,TV,2,0.01,4,2,1000.0,0.01908069640256485,"[0.0043219603267460605, 0.1638847300670905, 0.5808639137915613, 0.4693483960945358, 0.9905513647929116, 0.7386350979781963, 0.2149789172720346, 0.00980563304750054]","[0.004321960326550633, 0.16388473006525953, 0.5808639137907566, 0.46934839609133655, 0.9905513647903758, 0.7386350979772717, 0.2149789172697037, 0.009805633047229811]","[1.9542787527138117e-13, 1.830979812211808e-12, 8.046896482483135e-13, 3.1992741789110823e-12, 2.53586041054632e-12, 9.245937349078304e-13, 2.330913240200516e-12, 2.707278845548444e-13]","[1.9542787527138117e-13, 1.830979812211808e-12, 8.046896482483135e-13, 3.1992741789110823e-12, 2.53586041054632e-12, 9.245937349078304e-13, 2.330913240200516e-12, 2.707278845548444e-13]",3.1992741789110823e-12,1.1324274851176597e-14,"[1.9541754016219796e-13, 1.8322935123217483e-12, 8.044962878787486e-13, 3.1992546843304673e-12, 2.533261104988714e-12, 9.25267463097072e-13, 2.331109990938891e-12, 2.707666780694516e-13]",4.440892098500626e-16,7.105427357601002e-15,0.0,1.0,True,0,0.0,1e-05,affine exact solution,0.00023549499974251376,35,51,8,0.5*sum_train((z-y)^2)+lambda*sum(abs(Bz))
PDE,burgers,pod_tv_diff,POD+TV,2,0.01,4,0,0.0,0.0001603602884872683,"[0.0, 0.0, 0.0, 0.0, 0.0, 0.0]","[0.0, 0.0, 0.0, 0.0, 0.0, 0.0]","[0.0, 0.0, 0.0, 0.0, 0.0, 0.0]","[0.0, 0.0, 0.0, 0.0, 0.0, 0.0]",0.0,0.0,"[0.0, 0.0, 0.0, 0.0, 0.0, 0.0]",0.0,0.0,0.0,1.0,True,0,0.0,1e-05,zero-penalty interpolation,0.0004053410002597957,34,51,6,0.5*sum_train((z-y)^2)+lambda*sum(abs(Bz))
PDE,burgers,pod_tv_diff,POD+TV,2,0.01,4,0,0.0001,0.00016410872939493724,"[4.50491209430623e-05, 6.203742645816605e-05, 8.059824589855205e-05, 7.631253088529507e-05, 6.301125510868243e-05, 6.445123628352791e-05]","[4.481764992033833e-05, 6.163679967721119e-05, 8.018470757488898e-05, 7.581436512660655e-05, 6.267738868538398e-05, 6.389467979655189e-05]","[2.314710227239696e-07, 4.006267809548655e-07, 4.1353832366306897e-07, 4.981657586885211e-07, 3.33866423298448e-07, 5.565564869760198e-07]","[2.314710227239696e-07, 4.006267809548655e-07, 4.1353832366306897e-07, 4.981657586885211e-07, 3.33866423298448e-07, 5.565564869760198e-07]",5.565564869760198e-07,2.3067168131999305e-06,"[2.3146065450329684e-07, 4.005846264364913e-07, 4.1352115200882016e-07, 4.981348221903934e-07, 3.3385531117107576e-07, 5.565255511560198e-07]",9.999316402418107e-05,5.970283946041266e-14,0.0,0.9923233844954479,True,25,0.01,1e-05,banded ADMM with dual certificate,0.0017728440002429124,34,51,6,0.5*sum_train((z-y)^2)+lambda*sum(abs(Bz))
PDE,burgers,pod_tv_diff,POD+TV,2,0.01,4,0,0.001,0.00016128792746075392,"[0.00041657586949600225, 0.0005653712671864324, 0.0007631448934131419, 0.0007185380194819685, 0.0005855260014010702, 0.0005866268682093531]","[0.0004108240773418785, 0.0005590928198126497, 0.0007554811876373941, 0.000715210393009164, 0.0005818274453822016, 0.0005796003082224507]","[5.751792154123729e-06, 6.278447373782737e-06, 7.663705775747725e-06, 3.3276264728044225e-06, 3.6985560188685382e-06, 7.026559986902372e-06]","[5.751792154123729e-06, 6.278447373782737e-06, 7.663705775747725e-06, 3.3276264728044225e-06, 3.6985560188685382e-06, 7.026559986902372e-06]",7.663705775747725e-06,1.9467843421343625e-05,"[5.7502125344861626e-06, 6.277946547130668e-06, 7.661970110011047e-06, 3.327351676503691e-06, 3.69811382717653e-06, 7.0245902156699635e-06]",0.0009105376340958204,4.394379825300998e-14,0.0,0.9935152467530628,True,25,0.01,1e-05,banded ADMM with dual certificate,0.0017873859997052932,34,51,6,0.5*sum_train((z-y)^2)+lambda*sum(abs(Bz))
PDE,burgers,pod_tv_diff,POD+TV,2,0.01,4,0,0.01,0.00016059296771894907,"[0.003347035277410793, 0.004611658014776083, 0.005935819037161047, 0.00542420556986329, 0.004212246759976944, 0.0038708867526323384]","[0.0033467291067285545, 0.004610978983764332, 0.00593544979923718, 0.005418600492810533, 0.004211790289435237, 0.003870574515901076]","[3.0617068223857263e-07, 6.79031011751284e-07, 3.6923792386730353e-07, 5.6050770527570765e-06, 4.564705417065343e-07, 3.1223673126233933e-07]","[3.0617068223857263e-07, 6.79031011751284e-07, 3.6923792386730353e-07, 5.6050770527570765e-06, 4.564705417065343e-07, 3.1223673126233933e-07]",5.6050770527570765e-06,1.7823631219410219e-06,"[3.061708320857212e-07, 6.790308714954216e-07, 3.6923774391576375e-07, 5.605069864048247e-06, 4.5647049196507333e-07, 3.122366462244598e-07]",0.00021905533145405442,5.6007282145387194e-14,0.0,0.999900756902332,True,75,0.10200000000000001,1e-05,banded ADMM with dual certificate,0.003740421000202332,34,51,6,0.5*sum_train((z-y)^2)+lambda*sum(abs(Bz))
PDE,burgers,pod_tv_diff,POD+TV,2,0.01,4,0,0.1,0.000173838122955258,"[0.030325768005522755, 0.040520791487865394, 0.04773648234605793, 0.04449443239097649, 0.03423084643901923, 0.02720645020216833]","[0.03032208756775223, 0.04051322762314037, 0.04773648234569941, 0.04449442643977207, 0.03423084643815253, 0.027206361364211]","[3.6804377705236535e-06, 7.563864725022851e-06, 3.585187702270787e-13, 5.951204418153111e-09, 8.667025430675324e-13, 8.883795733077848e-08]","[3.6804377705236535e-06, 7.563864725022851e-06, 3.585187702270787e-13, 5.951204418153111e-09, 8.667025430675324e-13, 8.883795733077848e-08]",7.563864725022851e-06,1.9200796215479432e-07,"[3.680437723169172e-06, 7.5638646808914856e-06, 3.5743630277806915e-13, 5.951204584686565e-09, 8.664909068034632e-13, 8.883795732037014e-08]",1.0708996883379562e-05,9.56179579958416e-15,0.0,0.9999941587132782,True,225,0.51,1e-05,banded ADMM with dual certificate,0.009653168999648187,34,51,6,0.5*sum_train((z-y)^2)+lambda*sum(abs(Bz))
PDE,burgers,pod_tv_diff,POD+TV,2,0.01,4,0,1.0,0.0005565823227029926,"[0.25332844479413547, 0.34905661595001675, 0.38187346863300653, 0.3542625547397622, 0.20671444060325134, 0.07766619768586709]","[0.25332839943872393, 0.34905660854938025, 0.38187343038914867, 0.3542625546368627, 0.20671444060325012, 0.07765634861018919]","[4.535541153760647e-08, 7.4006364925160995e-09, 3.8243857858333286e-08, 1.0289952223629939e-10, 1.2212453270876722e-15, 9.84907567790072e-06]","[4.535541153760647e-08, 7.4006364925160995e-09, 3.8243857858333286e-08, 1.0289952223629939e-10, 1.2212453270876722e-15, 9.84907567790072e-06]",9.84907567790072e-06,5.999374767806653e-07,"[4.5355390804191487e-08, 7.400633272869328e-09, 3.8243854083575e-08, 1.0289979979205555e-10, 1.2073675392798577e-15, 9.849074098996287e-06]",5.227854399381116e-07,6.439293542825908e-15,0.0,0.9999954829759338,True,450,40.8,1e-05,banded ADMM with dual certificate,0.0239028099999814,34,51,6,0.5*sum_train((z-y)^2)+lambda*sum(abs(Bz))
PDE,burgers,pod_tv_diff,POD+TV,2,0.01,4,0,10.0,0.003984524064490044,"[1.317885575834804, 2.706211593661124, 2.528369570684263, 0.9510024482056482, 0.23293379188948704, 0.07766055824237446]","[1.317885575834586, 2.706211575355163, 2.528369570684182, 0.9509953815222381, 0.232932159697866, 0.07765964227596737]","[2.1804780203638074e-13, 1.8305960747255767e-08, 8.08242361927114e-14, 7.0666834101063e-06, 1.632191621053769e-06, 9.159664070834683e-07]","[1.6545275707889898e-13, 6.764423295700383e-09, 3.1966939141273405e-14, 7.0666834101063e-06, 1.632191621053769e-06, 9.159664070834683e-07]",7.0666834101063e-06,1.289391565739706e-09,"[2.7988722450800196e-13, 1.830594964502552e-08, 7.993605777301127e-14, 7.066683409939972e-06, 1.6321916210822249e-06, 9.159664071227827e-07]",9.50849727843206e-08,2.298161660974074e-14,0.0,0.9999999945196981,True,1125,102.0,1e-05,banded ADMM with dual certificate,0.06362132499998552,34,51,6,0.5*sum_train((z-y)^2)+lambda*sum(abs(Bz))
PDE,burgers,pod_tv_diff,POD+TV,2,0.01,4,0,100.0,0.021340231549495266,"[1.859905835308142, 15.233451828617909, 3.1611404744464857, 0.9509964608629086, 0.23293234691699763, 0.07765974505157659]","[1.8599005727439781, 15.23345182833683, 3.161138922998101, 0.9509953816553043, 0.23293215970166836, 0.07765964227710787]","[5.262564163777128e-06, 2.8107827176881983e-10, 1.5514483848733107e-06, 1.0792076042820398e-06, 1.872153292670209e-07, 1.0277446872708484e-07]","[2.829478817622639e-06, 1.845138415974637e-11, 4.907875488022938e-07, 1.0792076042820398e-06, 1.872153292670209e-07, 1.0277446872708484e-07]",2.829478817622639e-06,2.743583138453687e-12,"[5.2625640522010025e-06, 2.8110402894299114e-10, 1.5514483866088876e-06, 1.0792076040732131e-06, 1.8721532927463114e-07, 1.0277446871694366e-07]",2.384052066872755e-09,8.526512829121202e-14,0.0,0.9999999999982659,True,250,255.0,1e-05,banded ADMM with dual certificate,0.014714292000007845,34,51,6,0.5*sum_train((z-y)^2)+lambda*sum(abs(Bz))
PDE,burgers,pod_tv_diff,POD+TV,2,0.01,4,0,1000.0,0.026731298397442836,"[1.8599005727550968, 15.61318751803096, 3.1611389229984765, 0.9509953816553585, 0.23293215970168898, 0.0776596422771157]","[1.8599005727448192, 15.613187518030385, 3.16113892299813, 0.9509953816553203, 0.23293215970166883, 0.07765964227710798]","[1.0277556583559999e-11, 5.755396159656812e-13, 3.4638958368304884e-13, 3.8191672047105385e-14, 2.015054789694659e-14, 7.729927808952652e-15]","[5.525863443514999e-12, 3.686240335620235e-14, 1.0957746309816823e-13, 3.8191672047105385e-14, 2.015054789694659e-14, 7.729927808952652e-15]",5.525863443514999e-12,6.772360450213455e-14,"[1.0487525272638675e-11, 5.66436239762457e-13, 3.44147228084869e-13, 3.8117197215217776e-14, 2.0180564640684288e-14, 7.706764685596884e-15]",8.881784197001252e-16,6.772360450213455e-14,0.0,1.0,True,0,0.0,1e-05,affine exact solution,0.0008298319999084924,34,51,6,0.5*sum_train((z-y)^2)+lambda*sum(abs(Bz))
PDE,burgers,pod_tv_diff,POD+TV,2,0.01,4,1,0.0,0.00015885464365481333,"[0.0, 0.0, 0.0, 0.0, 0.0, 0.0]","[0.0, 0.0, 0.0, 0.0, 0.0, 0.0]","[0.0, 0.0, 0.0, 0.0, 0.0, 0.0]","[0.0, 0.0, 0.0, 0.0, 0.0, 0.0]",0.0,0.0,"[0.0, 0.0, 0.0, 0.0, 0.0, 0.0]",0.0,0.0,0.0,1.0,True,0,0.0,1e-05,zero-penalty interpolation,0.0004874950000157696,35,51,6,0.5*sum_train((z-y)^2)+lambda*sum(abs(Bz))
PDE,burgers,pod_tv_diff,POD+TV,2,0.01,4,1,0.0001,0.00016066537633278852,"[5.49225803542485e-05, 6.439724211070217e-05, 7.046724923104482e-05, 6.078540136380763e-05, 6.062923561987476e-05, 6.370523855795415e-05]","[5.466468611288694e-05, 6.405331556056914e-05, 7.029689334574686e-05, 6.051292619582645e-05, 6.017814938400414e-05, 6.324618549312123e-05]","[2.5789424136155715e-07, 3.4392655013303856e-07, 1.7035588529796337e-07, 2.7247516798118153e-07, 4.5108623587061683e-07, 4.5905306483292685e-07]","[2.5789424136155715e-07, 3.4392655013303856e-07, 1.7035588529796337e-07, 2.7247516798118153e-07, 4.5108623587061683e-07, 4.5905306483292685e-07]",4.5905306483292685e-07,2.027868548586066e-06,"[2.5788200005233354e-07, 3.4391020211169967e-07, 1.7035118637405552e-07, 2.7246410788048383e-07, 4.510611334378501e-07, 4.5902168814833757e-07]",9.983734099682896e-05,2.710505431213761e-20,0.0,0.9932440065940287,True,25,0.01,1e-05,banded ADMM with dual certificate,0.0023408900001413713,35,51,6,0.5*sum_train((z-y)^2)+lambda*sum(abs(Bz))
PDE,burgers,pod_tv_diff,POD+TV,2,0.01,4,1,0.001,0.00015796199888544154,"[0.0004947172077447553, 0.0006085097821297947, 0.000670469798712075, 0.0005694667312504908, 0.0005637668647103708, 0.0005780038918115066]","[0.0004895889869827546, 0.0006035159174824507, 0.0006676306855502337, 0.0005651497673482635, 0.0005546482341067658, 0.0005717130205595568]","[5.128220762000662e-06, 4.993864647343969e-06, 2.8391131618413657e-06, 4.316963902227327e-06, 9.11863060360505e-06, 6.290871251949759e-06]","[5.128220762000662e-06, 4.993864647343969e-06, 2.8391131618413657e-06, 4.316963902227327e-06, 9.11863060360505e-06, 6.290871251949759e-06]",9.11863060360505e-06,2.5901219431331227e-05,"[5.126822103329522e-06, 4.992823784981848e-06, 2.8388778012256033e-06, 4.316878277068996e-06, 9.115343902336916e-06, 6.290538252509237e-06]",0.0011258000994307984,4.336808689942018e-19,0.0,0.9913897121481475,True,25,0.01,1e-05,banded ADMM with dual certificate,0.002027316999829054,35,51,6,0.5*sum_train((z-y)^2)+lambda*sum(abs(Bz))
PDE,burgers,pod_tv_diff,POD+TV,2,0.01,4,1,0.01,0.00015628898261264165,"[0.00345204093031552, 0.004683254230393306, 0.005423541194928883, 0.004933249849268561, 0.004219785529079027, 0.0038396001891263555]","[0.003450061485290805, 0.0046820135626695954, 0.005423451820728828, 0.004932136375170899, 0.004212598782588908, 0.003837810501194667]","[1.979445024715039e-06, 1.240667723710967e-06, 8.93742000554823e-08, 1.1134740976618054e-06, 7.1867464901190226e-06, 1.7896879316884814e-06]","[1.979445024715039e-06, 1.240667723710967e-06, 8.93742000554823e-08, 1.1134740976618054e-06, 7.1867464901190226e-06, 1.7896879316884814e-06]",7.1867464901190226e-06,1.3451047144215009e-05,"[1.9794402837270547e-06, 1.240665660055297e-06, 8.937417641206868e-08, 1.1134738533763108e-06, 7.18631951249259e-06, 1.789679918538442e-06]",0.00015308374698245336,3.469446951953614e-18,0.0,0.9989623004109158,True,75,0.20400000000000001,1e-05,banded ADMM with dual certificate,0.003491925999696832,35,51,6,0.5*sum_train((z-y)^2)+lambda*sum(abs(Bz))
PDE,burgers,pod_tv_diff,POD+TV,2,0.01,4,1,0.1,0.0001690650995458896,"[0.02967057995165411, 0.040446130690187494, 0.0453754614664914, 0.04451568342475011, 0.03539590080811112, 0.026807941594988463]","[0.02967051271110232, 0.04043963882991714, 0.04537546141423871, 0.04451562069411912, 0.035395900808110406, 0.026807874598534183]","[6.724055178972121e-08, 6.491860270352312e-06, 5.2252688287346416e-11, 6.273063098832798e-08, 7.147060721024445e-16, 6.699645428015488e-08]","[6.724055178972121e-08, 6.491860270352312e-06, 5.2252688287346416e-11, 6.273063098832798e-08, 7.147060721024445e-16, 6.699645428015488e-08]",6.491860270352312e-06,3.5664192657436367e-07,"[6.724055155032937e-08, 6.491859992310833e-06, 5.2252688287346416e-11, 6.273063030137749e-08, 7.147060721024445e-16, 6.699645383606567e-08]",1.1560251901188145e-05,2.7755575615628914e-17,0.0,0.9999897166354441,True,200,1.02,1e-05,banded ADMM with dual certificate,0.00806261000025188,35,51,6,0.5*sum_train((z-y)^2)+lambda*sum(abs(Bz))
PDE,burgers,pod_tv_diff,POD+TV,2,0.01,4,1,1.0,0.0005039594655186407,"[0.24746823182307523, 0.34816156373932017, 0.376518779968985, 0.35401166782066634, 0.2179412262675294, 0.07772591637997044]","[0.24746821394077537, 0.3481615289157286, 0.3765187799686298, 0.35401166782064253, 0.21794122626752754, 0.07771643385192335]","[1.7882299863103412e-08, 3.4823591565924517e-08, 3.551603455775876e-13, 2.3814283878209608e-14, 1.8596235662471372e-15, 9.482528047083383e-06]","[1.7882299863103412e-08, 3.4823591565924517e-08, 3.551603455775876e-13, 2.3814283878209608e-14, 1.8596235662471372e-15, 9.482528047083383e-06]",9.482528047083383e-06,1.0743030597060166e-07,"[1.788230000188129e-08, 3.482359167694682e-08, 3.553823901825126e-13, 2.3814283878209608e-14, 1.790234627208065e-15, 9.482527971674194e-06]",4.854627252415256e-07,2.220446049250313e-16,0.0,0.9999990112858653,True,950,20.4,1e-05,banded ADMM with dual certificate,0.039978555999823584,35,51,6,0.5*sum_train((z-y)^2)+lambda*sum(abs(Bz))
PDE,burgers,pod_tv_diff,POD+TV,2,0.01,4,1,10.0,0.0035759050289524094,"[1.3291443993400982, 2.683939273351255, 2.5543687657617813, 0.9781039156563442, 0.2533668672989933, 0.07773414407336503]","[1.3291443993397745, 2.6839392703431315, 2.5543687657617324, 0.9780953947459762, 0.25336470029508296, 0.07773300206177317]","[3.2374103398069565e-13, 3.0081235280476903e-09, 4.884981308350689e-14, 8.520910368070567e-06, 2.1670039103693917e-06, 1.1420115918620022e-06]","[2.4357100262501846e-13, 1.1207867323658364e-09, 1.9124025371073846e-14, 8.520910368070567e-06, 2.1670039103693917e-06, 1.1420115918620022e-06]",8.520910368070567e-06,2.6254221019428314e-10,"[3.111955138024314e-13, 3.0081235280476903e-09, 4.9960036108132044e-14, 8.5209103681835e-06, 2.167003910420989e-06, 1.1420115918537514e-06]",4.609707193736767e-08,1.7763568394002505e-15,0.0,0.9999999987687502,True,1650,51.0,1e-05,banded ADMM with dual certificate,0.07085605600013878,35,51,6,0.5*sum_train((z-y)^2)+lambda*sum(abs(Bz))
PDE,burgers,pod_tv_diff,POD+TV,2,0.01,4,1,100.0,0.01843165528858842,"[1.9575150949910625, 15.60456654349764, 3.295546427319684, 0.9780965378678668, 0.25336491600288424, 0.07773311269059581]","[1.9575093683388047, 15.604566543220574, 3.2955446888927553, 0.9780953949632515, 0.25336470030242086, 0.07773300206369221]","[5.7266522577315015e-06, 2.7706548166861467e-10, 1.7384269286324638e-06, 1.142904615281104e-06, 2.157004633795978e-07, 1.106269035960894e-07]","[2.9254702926097477e-06, 1.775541030866165e-11, 5.275079465490498e-07, 1.142904615281104e-06, 2.157004633795978e-07, 1.106269035960894e-07]",2.9254702926097477e-06,3.631983602758737e-12,"[5.726652274271492e-06, 2.7705926441967677e-10, 1.7384269271880228e-06, 1.1429046151566424e-06, 2.1570046336193603e-07, 1.1062690359399551e-07]",2.6079263193423685e-09,1.4210854715202004e-14,0.0,0.9999999999975272,True,250,510.0,1e-05,banded ADMM with dual certificate,0.016915751999931672,35,51,6,0.5*sum_train((z-y)^2)+lambda*sum(abs(Bz))
PDE,burgers,pod_tv_diff,POD+TV,2,0.01,4,1,1000.0,0.02464432073231669,"[1.9575093683512819, 16.258458212329078, 3.29554468889305, 0.9780953949633064, 0.2533647003024485, 0.07773300206370097]","[1.9575093683395117, 16.25845821232858, 3.2955446888928024, 0.9780953949632711, 0.25336470030242136, 0.0777330020636924]","[1.177014041786606e-11, 4.973799150320701e-13, 2.4780177909633494e-13, 3.530509218307998e-14, 2.7144952952085077e-14, 8.576472865229334e-15]","[6.012814348765797e-12, 3.0592071433618353e-14, 7.519296580364983e-14, 3.530509218307998e-14, 2.7144952952085077e-14, 8.576472865229334e-15]",6.012814348765797e-12,6.394884621840902e-14,"[1.1782766147642617e-11, 4.971930968985303e-13, 2.482350504781476e-13, 3.558801207293861e-14, 2.7020314507377116e-14, 8.583533726051306e-15]",8.881784197001252e-16,2.842170943040401e-14,0.0,1.0,True,0,0.0,1e-05,affine exact solution,0.0004918119998365,35,51,6,0.5*sum_train((z-y)^2)+lambda*sum(abs(Bz))
PDE,burgers,pod_tv_diff,POD+TV,2,0.01,4,2,0.0,0.00017124331914840818,"[0.0, 0.0, 0.0, 0.0, 0.0, 0.0]","[0.0, 0.0, 0.0, 0.0, 0.0, 0.0]","[0.0, 0.0, 0.0, 0.0, 0.0, 0.0]","[0.0, 0.0, 0.0, 0.0, 0.0, 0.0]",0.0,0.0,"[0.0, 0.0, 0.0, 0.0, 0.0, 0.0]",0.0,0.0,0.0,1.0,True,0,0.0,1e-05,zero-penalty interpolation,0.0005621180002890469,35,51,6,0.5*sum_train((z-y)^2)+lambda*sum(abs(Bz))
PDE,burgers,pod_tv_diff,POD+TV,2,0.01,4,2,0.0001,0.00017370048665634003,"[4.8593234541852174e-05, 6.158308592973179e-05, 7.905019628722177e-05, 6.858830176230084e-05, 5.244756848598155e-05, 5.600286415100279e-05]","[4.8333334023010436e-05, 6.133869861631619e-05, 7.875747674088848e-05, 6.831518957092246e-05, 5.20083269796935e-05, 5.561833204478676e-05]","[2.5990051884173837e-07, 2.44387313415599e-07, 2.9271954633328643e-07, 2.7311219137838216e-07, 4.3924150628805173e-07, 3.845321062160312e-07]","[2.5990051884173837e-07, 2.44387313415599e-07, 2.9271954633328643e-07, 2.7311219137838216e-07, 4.3924150628805173e-07, 3.845321062160312e-07]",4.3924150628805173e-07,2.4244083111976808e-06,"[2.5988820549238293e-07, 2.4437031337303747e-07, 2.927069473938437e-07, 2.731019925681342e-07, 4.392064862434686e-07, 3.844978377087963e-07]",0.00010044086123609119,2.710505431213761e-20,0.0,0.9919476107228423,True,25,0.01,1e-05,banded ADMM with dual certificate,0.00226467499987848,35,51,6,0.5*sum_train((z-y)^2)+lambda*sum(abs(Bz))
PDE,burgers,pod_tv_diff,POD+TV,2,0.01,4,2,0.001,0.00017084867990883879,"[0.00044510892713653383, 0.0005774040898844, 0.0007515218149099403, 0.0006445367743865545, 0.0004947048001608708, 0.0005122312039802692]","[0.0004410630323791159, 0.0005723385644395378, 0.0007474450837550506, 0.0006380432820801386, 0.0004912012653982014, 0.0005070020614024906]","[4.045894757417944e-06, 5.0655254448621605e-06, 4.076731154889664e-06, 6.493492306415896e-06, 3.503534762669446e-06, 5.2291425777786175e-06]","[4.045894757417944e-06, 5.0655254448621605e-06, 4.076731154889664e-06, 6.493492306415896e-06, 3.503534762669446e-06, 5.2291425777786175e-06]",6.493492306415896e-06,1.3166746631160763e-05,"[4.045691457017992e-06, 5.065418590151534e-06, 4.076382332327032e-06, 6.492594303993582e-06, 3.503307537060024e-06, 5.228897874376274e-06]",0.000725448165980247,4.336808689942018e-19,0.0,0.9956164170492786,True,25,0.01,1e-05,banded ADMM with dual certificate,0.0021373530003074848,35,51,6,0.5*sum_train((z-y)^2)+lambda*sum(abs(Bz))
PDE,burgers,pod_tv_diff,POD+TV,2,0.01,4,2,0.01,0.0001686803937447943,"[0.0033881164731319516, 0.004640057507637902, 0.0056165703302071875, 0.005045226317729336, 0.004095531965588485, 0.0035121710295488093]","[0.0033845643950529674, 0.004638512780457576, 0.005616552387307647, 0.005045223218500025, 0.004094164228388902, 0.0035119948270058814]","[3.5520780789842325e-06, 1.544727180325528e-06, 1.7942899540289436e-08, 3.0992293106879565e-09, 1.3677371995830107e-06, 1.7620254292791127e-07]","[3.5520780789842325e-06, 1.544727180325528e-06, 1.7942899540289436e-08, 3.0992293106879565e-09, 1.3677371995830107e-06, 1.7620254292791127e-07]",3.5520780789842325e-06,7.843540307228211e-06,"[3.551944712909972e-06, 1.5447210043048956e-06, 1.7942897299026705e-08, 3.099229249972635e-09, 1.367730439278455e-06, 1.762024508140947e-07]",0.00016556895556130158,3.469446951953614e-18,0.0,0.999343689321122,True,75,0.20400000000000001,1e-05,banded ADMM with dual certificate,0.006149253999865323,35,51,6,0.5*sum_train((z-y)^2)+lambda*sum(abs(Bz))
PDE,burgers,pod_tv_diff,POD+TV,2,0.01,4,2,0.1,0.00018124010968660381,"[0.029156252066124207, 0.04040605368908784, 0.04687017327269054, 0.04369302716344667, 0.035133785091420254, 0.025979010171497115]","[0.029149448505650884, 0.040402714362229676, 0.04686995229328415, 0.04368547926111767, 0.035133759174454667, 0.02597770523239036]","[6.803560473323672e-06, 3.3393268581635716e-06, 2.2097940638454716e-07, 7.547902328999823e-06, 2.5916965587513552e-08, 1.3049391067547489e-06]","[6.803560473323672e-06, 3.3393268581635716e-06, 2.2097940638454716e-07, 7.547902328999823e-06, 2.5916965587513552e-08, 1.3049391067547489e-06]",7.547902328999823e-06,2.474885795952786e-07,"[6.80356038067903e-06, 3.339326851779789e-06, 2.2097940557269657e-07, 7.547902176351096e-06, 2.5916965587513552e-08, 1.3049391048083891e-06]",1.5009046165304074e-05,2.7755575615628914e-17,0.0,0.9999916711315476,True,125,0.51,1e-05,banded ADMM with dual certificate,0.009763335000116058,35,51,6,0.5*sum_train((z-y)^2)+lambda*sum(abs(Bz))
PDE,burgers,pod_tv_diff,POD+TV,2,0.01,4,2,1.0,0.0005323610762128499,"[0.24365197551279355, 0.34790101963219483, 0.3786077781230338, 0.3519459425083815, 0.2175931019301731, 0.07621078429961586]","[0.2436519044848176, 0.34790096863058706, 0.37860775080575426, 0.3519459425079777, 0.21759310193015885, 0.0762028755037876]","[7.102797594527033e-08, 5.100160777038454e-08, 2.7317279549521345e-08, 4.0378811405616943e-13, 1.4238610290817633e-14, 7.908795828265314e-06]","[7.102797594527033e-08, 5.100160777038454e-08, 2.7317279549521345e-08, 4.0378811405616943e-13, 1.4238610290817633e-14, 7.908795828265314e-06]",7.908795828265314e-06,4.740698454630543e-08,"[7.102797167091168e-08, 5.100160693771727e-08, 2.73172797160548e-08, 4.0389913635863195e-13, 1.4155343563970746e-14, 7.90879582828653e-06]",7.973939215588643e-07,2.220446049250313e-16,0.0,0.9999995823879361,True,400,163.2,1e-05,banded ADMM with dual certificate,0.027784284000063053,35,51,6,0.5*sum_train((z-y)^2)+lambda*sum(abs(Bz))
PDE,burgers,pod_tv_diff,POD+TV,2,0.01,4,2,10.0,0.003593492950739108,"[1.3055510428080148, 2.68413225097203, 2.5498891291155195, 0.9726163549750928, 0.25303025131161333, 0.07620397699431335]","[1.3055510428077821, 2.6841322434541537, 2.549889129115466, 0.9726079041053658, 0.2530281216321356, 0.0762028922929538]","[2.327027459614328e-13, 7.517876099427667e-09, 5.3290705182007514e-14, 8.450869727005816e-06, 2.1296794777136974e-06, 1.084701359552187e-06]","[1.7824101726496224e-13, 2.8008590473532548e-09, 2.0899224430394144e-14, 8.450869727005816e-06, 2.1296794777136974e-06, 1.084701359552187e-06]",8.450869727005816e-06,5.675795111681481e-10,"[2.403632848313464e-13, 7.517874767160038e-09, 5.46229728115577e-14, 8.450869727153256e-06, 2.1296794777492008e-06, 1.0847013595402145e-06]",4.697867161951308e-08,1.7763568394002505e-15,0.0,0.9999999973757474,True,1375,51.0,1e-05,banded ADMM with dual certificate,0.08708603400009451,35,51,6,0.5*sum_train((z-y)^2)+lambda*sum(abs(Bz))
PDE,burgers,pod_tv_diff,POD+TV,2,0.01,4,2,100.0,0.01840082006385121,"[1.9610869901659165, 15.590483245176387, 3.289764887783565, 0.972611378541952, 0.2530287753520558, 0.07620321619640588]","[1.9610688758114239, 15.590483244817172, 3.28975940400911, 0.972607904315651, 0.25302812163920085, 0.07620289229467815]","[1.8114354492615448e-05, 3.5921488006351865e-10, 5.483774454972945e-06, 3.4742263009812646e-06, 6.537128549588545e-07, 3.2390172773066883e-07]","[9.236894938088848e-06, 2.3040650787694977e-11, 1.6669198687531634e-06, 3.4742263009812646e-06, 6.537128549588545e-07, 3.2390172773066883e-07]",9.236894938088848e-06,2.963407297329468e-12,"[1.8114354517956037e-05, 3.5921843277719745e-10, 5.4837744542816476e-06, 3.474226301148006e-06, 6.537128549973474e-07, 3.2390172773256915e-07]",8.312099453178234e-09,2.842170943040401e-14,0.0,0.9999999999979126,True,250,255.0,1e-05,banded ADMM with dual certificate,0.016424951999852055,35,51,6,0.5*sum_train((z-y)^2)+lambda*sum(abs(Bz))
PDE,burgers,pod_tv_diff,POD+TV,2,0.01,4,2,1000.0,0.02442595923812037,"[1.9610688758256385, 16.229410213520712, 3.289759404009881, 0.9726079043158707, 0.253028121639226, 0.07620289229468495]","[1.9610688758184756, 16.229410213520346, 3.2897594040095712, 0.9726079043158293, 0.25302812163920674, 0.07620289229467964]","[7.162936910276585e-12, 3.659295089164516e-13, 3.099742684753437e-13, 4.141131881851834e-14, 1.9262369477246466e-14, 5.315192730392937e-15]","[3.652567739244183e-12, 2.2547307887479236e-14, 9.422399343171318e-14, 4.141131881851834e-14, 1.9262369477246466e-14, 5.315192730392937e-15]",3.652567739244183e-12,3.5083047578154947e-14,"[7.153604813518502e-12, 3.734979082230648e-13, 3.088538848005393e-13, 4.165428846077376e-14, 1.9191502183736575e-14, 5.341650728282719e-15]",8.881784197001252e-16,1.4210854715202004e-14,0.0,1.0,True,0,0.0,1e-05,affine exact solution,0.0005243310001787904,35,51,6,0.5*sum_train((z-y)^2)+lambda*sum(abs(Bz))
PDE,burgers,tv_diff,TV,3,0.01,4,0,0.0,0.00020291233100679483,"[0.0, 0.0, 0.0, 0.0, 0.0, 0.0, 0.0, 0.0]","[0.0, 0.0, 0.0, 0.0, 0.0, 0.0, 0.0, 0.0]","[0.0, 0.0, 0.0, 0.0, 0.0, 0.0, 0.0, 0.0]","[0.0, 0.0, 0.0, 0.0, 0.0, 0.0, 0.0, 0.0]",0.0,0.0,"[0.0, 0.0, 0.0, 0.0, 0.0, 0.0, 0.0, 0.0]",0.0,0.0,0.0,1.0,True,0,0.0,1e-05,zero-penalty interpolation,0.0003855109998767148,34,51,8,0.5*sum_train((z-y)^2)+lambda*sum(abs(Bz))
PDE,burgers,tv_diff,TV,3,0.01,4,0,0.0001,0.00022880171574513245,"[5.357280607210959e-05, 5.1364445694896433e-05, 4.6034875050224256e-05, 4.294948845042238e-05, 7.675702935956888e-05, 5.6463014867550724e-05, 5.370836943001084e-05, 4.4681008543284984e-05]","[5.319536784018535e-05, 5.093569590857801e-05, 4.580307551698487e-05, 4.2657818260630526e-05, 7.633279120755913e-05, 5.60514527403613e-05, 5.32076280819591e-05, 4.425844579041082e-05]","[3.7743823192423943e-07, 4.28749786318424e-07, 2.3179953323938416e-07, 2.916701897918541e-07, 4.242381520097447e-07, 4.115621271894211e-07, 5.007413480517391e-07, 4.225627528741638e-07]","[3.7743823192423943e-07, 4.28749786318424e-07, 2.3179953323938416e-07, 2.916701897918541e-07, 4.242381520097447e-07, 4.115621271894211e-07, 5.007413480517391e-07, 4.225627528741638e-07]",5.007413480517391e-07,2.131935991319875e-06,"[3.7741527621283134e-07, 4.2870326494751456e-07, 2.317905374869312e-07, 2.9165290836946726e-07, 4.2420824282444103e-07, 4.1153918602552603e-07, 5.007022511174783e-07, 4.225147136356221e-07]",0.00010069214196894186,2.6107466340706542e-14,0.0,0.9929091739704333,True,25,0.01,1e-05,banded ADMM with dual certificate,0.0014235370003916614,34,51,8,0.5*sum_train((z-y)^2)+lambda*sum(abs(Bz))
PDE,burgers,tv_diff,TV,3,0.01,4,0,0.001,0.0001995667115050296,"[0.00043845771722135214, 0.00043273220926609926, 0.0003960957932256565, 0.0003673553955480116, 0.0006913039727426981, 0.0005034356632176877, 0.0004631468920160971, 0.0003716496365780241]","[0.0004380994035300832, 0.0004325791970961427, 0.0003959044496590926, 0.0003672152676595311, 0.0006911684076541903, 0.000503299397217177, 0.00046292509627053505, 0.00037080779857820716]","[3.5831369126892304e-07, 1.5301216995658104e-07, 1.9134356656389613e-07, 1.4012788848049478e-07, 1.3556508850784497e-07, 1.362660005106535e-07, 2.2179574556206423e-07, 8.418379998169595e-07]","[3.5831369126892304e-07, 1.5301216995658104e-07, 1.9134356656389613e-07, 1.4012788848049478e-07, 1.3556508850784497e-07, 1.362660005106535e-07, 2.2179574556206423e-07, 8.418379998169595e-07]",8.418379998169595e-07,2.409749346160301e-06,"[3.582960066654127e-07, 1.530117767154773e-07, 1.9134263109154767e-07, 1.4012712048388012e-07, 1.3556404538945382e-07, 1.3626568253150353e-07, 2.2179403881024537e-07, 8.417912996856757e-07]",0.00022607718872820828,7.560141748741422e-15,0.0,0.9991968401335894,True,50,0.02,1e-05,banded ADMM with dual certificate,0.0024304549997395952,34,51,8,0.5*sum_train((z-y)^2)+lambda*sum(abs(Bz))
PDE,burgers,tv_diff,TV,3,0.01,4,0,0.01,0.00016408860958533035,"[0.0013172348774969469, 0.0017156165998434797, 0.0016927332423354515, 0.0021196424535898767, 0.003914102438818265, 0.0023000946292149153, 0.0017585998116967582, 0.0012315749304572885]","[0.0013170436980554391, 0.0017155800470199738, 0.001692733099164915, 0.0021195911486830525, 0.0039141024026562495, 0.002299589354785049, 0.001758540155041607, 0.0012307450399246895]","[1.9117944150773974e-07, 3.655282350585598e-08, 1.431705364072361e-10, 5.1304906824225366e-08, 3.616201522255169e-11, 5.052744298664549e-07, 5.965665515121447e-08, 8.298905325989855e-07]","[1.9117944150773974e-07, 3.655282350585598e-08, 1.431705364072361e-10, 5.1304906824225366e-08, 3.616201522255169e-11, 5.052744298664549e-07, 5.965665515121447e-08, 8.298905325989855e-07]",8.298905325989855e-07,2.286570700619356e-06,"[1.9117719989036625e-07, 3.6552700768749044e-08, 1.431711090828236e-10, 5.1304884190637653e-08, 3.616452059693187e-11, 5.052648809689749e-07, 5.965641668734343e-08, 8.298731559467309e-07]",9.36793975112038e-06,7.684824998577255e-15,0.0,0.999850830786342,True,125,0.8160000000000001,1e-05,banded ADMM with dual certificate,0.005677852999724564,34,51,8,0.5*sum_train((z-y)^2)+lambda*sum(abs(Bz))
PDE,burgers,tv_diff,TV,3,0.01,4,0,0.1,0.00016181699505796027,"[0.0018898017171048269, 0.005907974668462211, 0.009547145085957574, 0.017332903101680248, 0.026414349574075922, 0.011859960402919012, 0.005879400048557169, 0.002309178288267897]","[0.001881075966015583, 0.005907955280702853, 0.00954714508595763, 0.017332903101677156, 0.026414349574073202, 0.011859960400600745, 0.005879400048559364, 0.002309065745673331]","[8.725751089243977e-06, 1.938775935801662e-08, 0.0, 3.0912772341906702e-15, 2.7200464103316335e-15, 2.3182671060606452e-12, 0.0, 1.1254259456566079e-07]","[8.725751089243977e-06, 1.938775935801662e-08, 0.0, 3.0912772341906702e-15, 2.7200464103316335e-15, 2.3182671060606452e-12, 0.0, 1.1254259456566079e-07]",8.725751089243977e-06,5.929316083744252e-07,"[8.725750163207169e-06, 1.9387758173200487e-08, 4.2674197509029455e-16, 1.5334955527634975e-15, 3.854555563620465e-15, 2.319620190371907e-12, 5.672545766444159e-16, 1.1254259077127845e-07]",1.2713930730212653e-05,5.981326545168031e-15,0.0,0.9999746487448298,True,500,4.08,1e-05,banded ADMM with dual certificate,0.02111017900006118,34,51,8,0.5*sum_train((z-y)^2)+lambda*sum(abs(Bz))
PDE,burgers,tv_diff,TV,3,0.01,4,0,1.0,0.0007037739459641822,"[0.0041441722709084595, 0.031348885937081405, 0.07114631885367403, 0.12991724768838214, 0.20303991922700487, 0.08658972085441147, 0.03564184628446368, 0.00476525854446384]","[0.004134649688018801, 0.03134888593707758, 0.07114456446777637, 0.12991724768837706, 0.20303991922699116, 0.08658971988564787, 0.03564184628445496, 0.004755750787397768]","[9.522582889658938e-06, 3.823330541052883e-15, 1.7543858976676319e-06, 5.079270337660091e-15, 1.3711254354120683e-14, 9.687635971200592e-10, 8.722189637211386e-15, 9.507757066071904e-06]","[9.522582889658938e-06, 3.823330541052883e-15, 1.7543858976676319e-06, 5.079270337660091e-15, 1.3711254354120683e-14, 9.687635971200592e-10, 8.722189637211386e-15, 9.507757066071904e-06]",9.522582889658938e-06,1.9885286497295374e-07,"[9.52258284732106e-06, 4.062722380737682e-15, 1.7543858970917037e-06, 1.0255685189974884e-14, 1.5126788710517758e-14, 9.68764402031752e-10, 6.987466161234579e-15, 9.507756985362376e-06]",8.508857111122481e-06,6.938893903907228e-15,0.0,0.9999952943794148,True,1050,10.2,1e-05,banded ADMM with dual certificate,0.04616940899995825,34,51,8,0.5*sum_train((z-y)^2)+lambda*sum(abs(Bz))
PDE,burgers,tv_diff,TV,3,0.01,4,0,10.0,0.012147648066899216,"[0.004433952357713784, 0.15241690789683002, 0.423915448256211, 0.4263380421071004, 0.852837539382462, 0.5065863265005781, 0.18788492208538154, 0.005029116651771273]","[0.00443300980106436, 0.15241690789461543, 0.4239154482537178, 0.42633804209196474, 0.8528375393823693, 0.506586326497831, 0.1878849220852873, 0.005028174181877747]","[9.425566494239077e-07, 2.2145896227954154e-12, 2.493227846400714e-12, 1.513567049471476e-11, 9.270362255620057e-14, 2.7471358521324873e-12, 9.425793479067579e-14, 9.424698935263029e-07]","[9.425566494239077e-07, 2.2145896227954154e-12, 2.493227846400714e-12, 1.513567049471476e-11, 9.270362255620057e-14, 2.7471358521324873e-12, 9.425793479067579e-14, 9.424698935263029e-07]",9.425566494239077e-07,5.5067062021407764e-14,"[9.425566493475068e-07, 2.2103985308774554e-12, 2.4966140266258208e-12, 1.5133137798439833e-11, 9.064970996064403e-14, 2.744915406083237e-12, 1.0084988399938766e-13, 9.424698934894826e-07]",3.988380292696547e-09,1.2378986724570495e-14,0.0,0.99999999999983,True,500,816.0,1e-05,banded ADMM with dual certificate,0.02116306799962331,34,51,8,0.5*sum_train((z-y)^2)+lambda*sum(abs(Bz))
PDE,burgers,tv_diff,TV,3,0.01,4,0,100.0,0.020683842329938973,"[0.004433009802539032, 0.1549578355835375, 0.5253999968381372, 0.4291848590899733, 0.9289701603948346, 0.6462330987263885, 0.1985665744462404, 0.005028174183366464]","[0.004433009802527632, 0.1549578355833496, 0.5253999968380401, 0.42918485908955467, 0.9289701603945881, 0.6462330987263163, 0.19856657444595757, 0.005028174183340756]","[1.1399735322381588e-14, 1.8790524691780774e-13, 9.71445146547012e-14, 4.1860959143491527e-13, 2.4646951146678475e-13, 7.216449660063518e-14, 2.8282931552325863e-13, 2.570860191397628e-14]","[1.1399735322381588e-14, 1.8790524691780774e-13, 9.71445146547012e-14, 4.1860959143491527e-13, 2.4646951146678475e-13, 7.216449660063518e-14, 2.8282931552325863e-13, 2.570860191397628e-14]",4.1860959143491527e-13,2.475797344914099e-14,"[1.13037855616454e-14, 1.8120570976733891e-13, 9.410677901373659e-14, 4.154544288687362e-13, 2.6874722060346134e-13, 7.475583076658737e-14, 2.847312729729164e-13, 2.5709972570451e-14]",4.440892098500626e-16,2.453592884421596e-14,0.0,1.0,True,0,0.0,1e-05,affine exact solution,0.0003172479996464972,34,51,8,0.5*sum_train((z-y)^2)+lambda*sum(abs(Bz))
PDE,burgers,tv_diff,TV,3,0.01,4,0,1000.0,0.020683842329938973,"[0.004433009802640706, 0.1549578355851706, 0.5253999968389869, 0.4291848590937244, 0.9289701603972432, 0.6462330987270528, 0.1985665744488084, 0.005028174183597983]","[0.004433009802527632, 0.1549578355833496, 0.5253999968380401, 0.42918485908955467, 0.9289701603945881, 0.6462330987263163, 0.19856657444595757, 0.005028174183340756]","[1.1307448033459622e-13, 1.8209878049901818e-12, 9.467981954003335e-13, 4.169720124735932e-12, 2.655098363391062e-12, 7.365219545363288e-13, 2.850830682632477e-12, 2.572273991030549e-13]","[1.1307448033459622e-13, 1.8209878049901818e-12, 9.467981954003335e-13, 4.169720124735932e-12, 2.655098363391062e-12, 7.365219545363288e-13, 2.850830682632477e-12, 2.572273991030549e-13]",4.169720124735932e-12,2.475797344914099e-14,"[1.1297881719046777e-13, 1.814296266090501e-12, 9.43678902590815e-13, 4.166574365465382e-12, 2.6774525167876833e-12, 7.391252518720944e-13, 2.8527311281972166e-12, 2.572283345921104e-13]",4.440892098500626e-16,2.453592884421596e-14,0.0,1.0,True,0,0.0,1e-05,affine exact solution,0.0002324600000065402,34,51,8,0.5*sum_train((z-y)^2)+lambda*sum(abs(Bz))
PDE,burgers,tv_diff,TV,3,0.01,4,1,0.0,0.00020648615006373187,"[0.0, 0.0, 0.0, 0.0, 0.0, 0.0, 0.0, 0.0]","[0.0, 0.0, 0.0, 0.0, 0.0, 0.0, 0.0, 0.0]","[0.0, 0.0, 0.0, 0.0, 0.0, 0.0, 0.0, 0.0]","[0.0, 0.0, 0.0, 0.0, 0.0, 0.0, 0.0, 0.0]",0.0,0.0,"[0.0, 0.0, 0.0, 0.0, 0.0, 0.0, 0.0, 0.0]",0.0,0.0,0.0,1.0,True,0,0.0,1e-05,zero-penalty interpolation,0.0003114099999947939,35,51,8,0.5*sum_train((z-y)^2)+lambda*sum(abs(Bz))
PDE,burgers,tv_diff,TV,3,0.01,4,1,0.0001,0.00022632880491896243,"[3.346950472395702e-05, 5.685527585414059e-05, 5.490913986489307e-05, 4.703070346965853e-05, 7.541386546077286e-05, 6.211797481996489e-05, 4.8505776555349576e-05, 5.86613011337898e-05]","[3.306362278859826e-05, 5.6389066932540326e-05, 5.4547858347922664e-05, 4.678208382772998e-05, 7.493584926396947e-05, 6.165519520224898e-05, 4.828191557783853e-05, 5.83157349540994e-05]","[4.0588193535876166e-07, 4.662089216002672e-07, 3.6128151697040553e-07, 2.486196419285489e-07, 4.780161968033974e-07, 4.627796177159081e-07, 2.238609775110479e-07, 3.455661796904021e-07]","[4.0588193535876166e-07, 4.662089216002672e-07, 3.6128151697040553e-07, 2.486196419285489e-07, 4.780161968033974e-07, 4.627796177159081e-07, 2.238609775110479e-07, 3.455661796904021e-07]",4.780161968033974e-07,2.826236357095994e-06,"[4.058076007102177e-07, 4.6616261883799045e-07, 3.6125275606998565e-07, 2.486076868067402e-07, 4.779785400955673e-07, 4.6273398844293796e-07, 2.2385163272495387e-07, 3.455450450194777e-07]",0.00010092467727527041,1.3552527156068805e-20,0.0,0.9905874633280999,True,25,0.01,1e-05,banded ADMM with dual certificate,0.0014488550000351097,35,51,8,0.5*sum_train((z-y)^2)+lambda*sum(abs(Bz))
PDE,burgers,tv_diff,TV,3,0.01,4,1,0.001,0.0001997185365245273,"[0.00027389152971776174, 0.0004898793498495009, 0.00047976563805297374, 0.0004148145151889305, 0.0006743875689823377, 0.0005405160584776573, 0.00040769725255217833, 0.000504528081192085]","[0.00026516553402846136, 0.00048058753519785916, 0.0004740047029413077, 0.00040628976611881953, 0.0006660666450296661, 0.0005324589499060932, 0.0004023651652840728, 0.0004964307127222505]","[8.725995689300387e-06, 9.291814651641694e-06, 5.760935111666051e-06, 8.52474907011094e-06, 8.32092395267167e-06, 8.057108571564073e-06, 5.332087268105539e-06, 8.097368469834492e-06]","[8.725995689300387e-06, 9.291814651641694e-06, 5.760935111666051e-06, 8.52474907011094e-06, 8.32092395267167e-06, 8.057108571564073e-06, 5.332087268105539e-06, 8.097368469834492e-06]",9.291814651641694e-06,4.1267216522253465e-05,"[8.721710500863601e-06, 9.278462031148734e-06, 5.759164700109654e-06, 8.513145226596893e-06, 8.319292591324771e-06, 8.0538556303881e-06, 5.330525442818221e-06, 8.090981381730531e-06]",0.0009659143682648752,2.168404344971009e-19,0.0,0.986287067935373,True,25,0.01,1e-05,banded ADMM with dual certificate,0.001354563000404596,35,51,8,0.5*sum_train((z-y)^2)+lambda*sum(abs(Bz))
PDE,burgers,tv_diff,TV,3,0.01,4,1,0.01,0.0001718175491676905,"[0.0007884228687893972, 0.0016933891534178333, 0.0022383516677788773, 0.002430653571733671, 0.0038326060449349122, 0.002370640067149356, 0.0014025113886804168, 0.0016194994080381642]","[0.0007829839934835646, 0.0016933192146864708, 0.0022383378569730866, 0.0024306534268177422, 0.003832602909892655, 0.002370625184625862, 0.0014024009862012962, 0.0016192139111239458]","[5.43887530583256e-06, 6.99387313625021e-08, 1.3810805790659408e-08, 1.449159286494306e-10, 3.1350422570464165e-09, 1.4882523494390981e-08, 1.1040247912055823e-07, 2.854969142183656e-07]","[5.43887530583256e-06, 6.99387313625021e-08, 1.3810805790659408e-08, 1.449159286494306e-10, 3.1350422570464165e-09, 1.4882523494390981e-08, 1.1040247912055823e-07, 2.854969142183656e-07]",5.43887530583256e-06,2.376378669368545e-06,"[5.4388621910103705e-06, 6.993868408391481e-08, 1.3810723275501507e-08, 1.4491592452946234e-10, 3.13504214905988e-09, 1.488251851811985e-08, 1.1040227488310662e-07, 2.8549634690106787e-07]",5.977018757880037e-05,3.469446951953614e-18,0.0,0.9998588873174555,True,125,0.40800000000000003,1e-05,banded ADMM with dual certificate,0.005900740000015503,35,51,8,0.5*sum_train((z-y)^2)+lambda*sum(abs(Bz))
PDE,burgers,tv_diff,TV,3,0.01,4,1,0.1,0.00019412905684166608,"[0.0015591266427979014, 0.005950390222807448, 0.010035016212128984, 0.017610616355571332, 0.02586779384116067, 0.011431781526997618, 0.0049049796285440825, 0.002479471882969002]","[0.0015581409728423676, 0.005950390222802716, 0.010035004910728304, 0.017610616355569528, 0.02586779384115567, 0.01143178150055217, 0.00490497962854348, 0.0024698833374665005]","[9.85669955533763e-07, 4.731458280726741e-15, 1.1301400679869511e-08, 1.8041124150158794e-15, 4.999473057765158e-15, 2.6445448261802618e-11, 6.028164079019405e-16, 9.588545502501721e-06]","[9.85669955533763e-07, 4.731458280726741e-15, 1.1301400679869511e-08, 1.8041124150158794e-15, 4.999473057765158e-15, 2.6445448261802618e-11, 6.028164079019405e-16, 9.588545502501721e-06]",9.588545502501721e-06,4.3852212960188153e-07,"[9.856699554252344e-07, 4.712810003359991e-15, 1.13014006347667e-08, 1.8110513089197866e-15, 5.027228633380787e-15, 2.6445413567333098e-11, 5.928417479150738e-16, 9.588544793274014e-06]",2.107435241574529e-05,4.163336342344337e-17,0.0,0.9999807718919456,True,650,2.04,1e-05,banded ADMM with dual certificate,0.0306505170001401,35,51,8,0.5*sum_train((z-y)^2)+lambda*sum(abs(Bz))
PDE,burgers,tv_diff,TV,3,0.01,4,1,1.0,0.0006738028801593075,"[0.0048156810714201125, 0.03150094375197554, 0.07332830837858083, 0.13244892477608813, 0.2028313743806199, 0.08594187839783739, 0.03395624139430689, 0.005318575130836919]","[0.004815592057520975, 0.03150094375197137, 0.0733276465725674, 0.13244892477607575, 0.20283137438060322, 0.08593305517883541, 0.033956241394301236, 0.005312640117726804]","[8.901389913790886e-08, 4.170275236248244e-15, 6.618060134216952e-07, 1.2378986724570495e-14, 1.6681100944992977e-14, 8.823219001974358e-06, 5.655198531684391e-15, 5.9350131101148715e-06]","[8.901389913790886e-08, 4.170275236248244e-15, 6.618060134216952e-07, 1.2378986724570495e-14, 1.6681100944992977e-14, 8.823219001974358e-06, 5.655198531684391e-15, 5.9350131101148715e-06]",8.823219001974358e-06,9.986115904331294e-08,"[8.901389914484775e-08, 4.135580766728708e-15, 6.618060133800618e-07, 1.2448375663609568e-14, 1.6653345369377348e-14, 8.82321896539251e-06, 5.512951206654293e-15, 5.935013109997344e-06]",3.4052352606561698e-06,2.220446049250313e-16,0.0,0.9999983445808159,True,1075,10.2,1e-05,banded ADMM with dual certificate,0.04647839900007966,35,51,8,0.5*sum_train((z-y)^2)+lambda*sum(abs(Bz))
PDE,burgers,tv_diff,TV,3,0.01,4,1,10.0,0.01102065911329647,"[0.006022181156192814, 0.16211520421797776, 0.4509205998524961, 0.4503407650939098, 0.8734315962705035, 0.5238048567245123, 0.1909396553583708, 0.006352177232047496]","[0.006019914542890266, 0.16211520421759235, 0.4509205998502556, 0.45034076507370485, 0.8734315962702723, 0.5238048565034378, 0.19093965535827878, 0.006350003676745258]","[2.2666133025475363e-06, 3.854139229986231e-13, 2.240485574844797e-12, 2.0204948825153224e-11, 2.311484337269576e-13, 2.2107449204611385e-10, 9.200973316580985e-14, 2.1735553022384987e-06]","[2.2666133025475363e-06, 3.854139229986231e-13, 2.240485574844797e-12, 2.0204948825153224e-11, 2.311484337269576e-13, 2.2107449204611385e-10, 9.200973316580985e-14, 2.1735553022384987e-06]",2.2666133025475363e-06,1.4083811894494147e-10,"[2.2666133025580467e-06, 3.8538616742300746e-13, 2.2410406863571097e-12, 2.0206850082082894e-11, 2.3131496718065137e-13, 2.2107377040114784e-10, 9.016398738737053e-14, 2.173555302222059e-06]",9.900487540903669e-09,3.552713678800501e-15,0.0,0.9999999995525849,True,600,816.0,1e-05,banded ADMM with dual certificate,0.026867211000080715,35,51,8,0.5*sum_train((z-y)^2)+lambda*sum(abs(Bz))
PDE,burgers,tv_diff,TV,3,0.01,4,1,100.0,0.01949197331530983,"[0.006019914552923592, 0.16870994686771418, 0.5900410077721859, 0.45327783001447575, 0.9473444409383265, 0.6973866736168125, 0.206888015234011, 0.0063500036858186466]","[0.006019914552913672, 0.16870994686741933, 0.5900410077720896, 0.4532778300142669, 0.9473444409380065, 0.6973866736167125, 0.2068880152338025, 0.0063500036857926856]","[9.920016197373371e-15, 2.9484747976482595e-13, 9.636735853746359e-14, 2.0883295093199195e-13, 3.199662756969701e-13, 1.000310945187266e-13, 2.084998840246044e-13, 2.5961004179730907e-14]","[9.920016197373371e-15, 2.9484747976482595e-13, 9.636735853746359e-14, 2.0883295093199195e-13, 3.199662756969701e-13, 1.000310945187266e-13, 2.084998840246044e-13, 2.5961004179730907e-14]",3.199662756969701e-13,2.120525977034049e-14,"[9.932407220523968e-15, 2.945879204042769e-13, 9.636479216352953e-14, 2.0884574022667947e-13, 3.155049091016266e-13, 1.0097865748325664e-13, 2.1068968931645738e-13, 2.5963595816358066e-14]",4.440892098500626e-16,3.552713678800501e-15,0.0,1.0,True,0,0.0,1e-05,affine exact solution,0.00031414400018547894,35,51,8,0.5*sum_train((z-y)^2)+lambda*sum(abs(Bz))
PDE,burgers,tv_diff,TV,3,0.01,4,1,1000.0,0.01949197331530983,"[0.006019914553012925, 0.16870994687036442, 0.5900410077730551, 0.453277830016357, 0.9473444409411758, 0.6973866736177208, 0.206888015235897, 0.006350003686052444]","[0.006019914552913672, 0.16870994686741933, 0.5900410077720896, 0.4532778300142669, 0.9473444409380065, 0.6973866736167125, 0.2068880152338025, 0.0063500036857926856]","[9.9253071039751e-14, 2.9450886174231528e-12, 9.655609645164986e-13, 2.0901058661593197e-12, 3.169242646094972e-12, 1.0083045509645672e-12, 2.094491247106589e-12, 2.597583606545051e-13]","[9.9253071039751e-14, 2.9450886174231528e-12, 9.655609645164986e-13, 2.0901058661593197e-12, 3.169242646094972e-12, 1.0083045509645672e-12, 2.094491247106589e-12, 2.597583606545051e-13]",3.169242646094972e-12,2.120525977034049e-14,"[9.92652452224671e-14, 2.944811710827844e-12, 9.655913578886081e-13, 2.090153349923527e-12, 3.1647882183935323e-12, 1.0092365014178135e-12, 2.0966810523984422e-12, 2.5976095229113226e-13]",4.440892098500626e-16,3.552713678800501e-15,0.0,1.0,True,0,0.0,1e-05,affine exact solution,0.0002414640002825763,35,51,8,0.5*sum_train((z-y)^2)+lambda*sum(abs(Bz))
PDE,burgers,tv_diff,TV,3,0.01,4,2,0.0,0.00018383169568662812,"[0.0, 0.0, 0.0, 0.0, 0.0, 0.0, 0.0, 0.0]","[0.0, 0.0, 0.0, 0.0, 0.0, 0.0, 0.0, 0.0]","[0.0, 0.0, 0.0, 0.0, 0.0, 0.0, 0.0, 0.0]","[0.0, 0.0, 0.0, 0.0, 0.0, 0.0, 0.0, 0.0]",0.0,0.0,"[0.0, 0.0, 0.0, 0.0, 0.0, 0.0, 0.0, 0.0]",0.0,0.0,0.0,1.0,True,0,0.0,1e-05,zero-penalty interpolation,0.00036335799995868,35,51,8,0.5*sum_train((z-y)^2)+lambda*sum(abs(Bz))
PDE,burgers,tv_diff,TV,3,0.01,4,2,0.0001,0.00021431311828880664,"[6.782573982786539e-05, 5.4762926825353506e-05, 5.871096686420235e-05, 4.98543540313952e-05, 6.653008060484852e-05, 6.210080817222496e-05, 5.553570393063303e-05, 5.7945617240322854e-05]","[6.744249437224221e-05, 5.432848753479791e-05, 5.8250136577133486e-05, 4.959226787921593e-05, 6.611629968938227e-05, 6.171149556233052e-05, 5.517773821593596e-05, 5.75614436357158e-05]","[3.832454556231793e-07, 4.344392905555948e-07, 4.6083028706886056e-07, 2.620861521792679e-07, 4.1378091546625487e-07, 3.893126098944449e-07, 3.579657146970697e-07, 3.8417360460705075e-07]","[3.832454556231793e-07, 4.344392905555948e-07, 4.6083028706886056e-07, 2.620861521792679e-07, 4.1378091546625487e-07, 3.893126098944449e-07, 3.579657146970697e-07, 3.8417360460705075e-07]",4.6083028706886056e-07,2.187815283758213e-06,"[3.8322402515800235e-07, 4.3438777072433337e-07, 4.6078058285896253e-07, 2.620752429262612e-07, 4.137564687452266e-07, 3.892797397909959e-07, 3.5794404698323616e-07, 3.8414204159223505e-07]",0.00010082872972262021,2.710505431213761e-20,0.0,0.9927224937766725,True,25,0.01,1e-05,banded ADMM with dual certificate,0.0014971990003687097,35,51,8,0.5*sum_train((z-y)^2)+lambda*sum(abs(Bz))
PDE,burgers,tv_diff,TV,3,0.01,4,2,0.001,0.00018172672126406058,"[0.0005848668189693156, 0.00047101960870808837, 0.0005061435467532177, 0.00043813877461901544, 0.0005982271490542564, 0.0005414215937077943, 0.000486428058730962, 0.0004978954069538989]","[0.0005782419691352552, 0.00046128328028790784, 0.0004986525735940638, 0.0004306918856602092, 0.000594333110368573, 0.0005349413813073873, 0.0004818820039445096, 0.0004929292592317227]","[6.624849834060433e-06, 9.736328420180526e-06, 7.490973159153926e-06, 7.4468889588062345e-06, 3.8940386856834005e-06, 6.4802124004070556e-06, 4.5460547864524135e-06, 4.9661477221762e-06]","[6.624849834060433e-06, 9.736328420180526e-06, 7.490973159153926e-06, 7.4468889588062345e-06, 3.8940386856834005e-06, 6.4802124004070556e-06, 4.5460547864524135e-06, 4.9661477221762e-06]",9.736328420180526e-06,3.536075214057282e-05,"[6.623855795602821e-06, 9.725846070591604e-06, 7.488665707624164e-06, 7.445180383333725e-06, 3.893470652922924e-06, 6.476729060838932e-06, 4.544833759490853e-06, 4.963800941158801e-06]",0.0009029727983029144,3.2526065174565133e-19,0.0,0.9882444438119399,True,25,0.01,1e-05,banded ADMM with dual certificate,0.0014014929997756553,35,51,8,0.5*sum_train((z-y)^2)+lambda*sum(abs(Bz))
PDE,burgers,tv_diff,TV,3,0.01,4,2,0.01,0.00014468481635253628,"[0.0016675241765461298, 0.0018987420937621533, 0.001979017094757827, 0.002329853006356629, 0.003688140361520844, 0.002637056029506275, 0.0019400970011393497, 0.0016972086873225422]","[0.0016646351132434615, 0.0018986300803809873, 0.001978513744323179, 0.0023278895617688156, 0.0036880981738634778, 0.0026370058827392805, 0.0019400473118801104, 0.0016903432269351794]","[2.8890633026682887e-06, 1.1201338116599568e-07, 5.033504346481019e-07, 1.963444587813404e-06, 4.218765736621957e-08, 5.014676699452783e-08, 4.968925923932305e-08, 6.865460387362778e-06]","[2.8890633026682887e-06, 1.1201338116599568e-07, 5.033504346481019e-07, 1.963444587813404e-06, 4.218765736621957e-08, 5.014676699452783e-08, 4.968925923932305e-08, 6.865460387362778e-06]",6.865460387362778e-06,2.099704816543868e-06,"[2.889054222341358e-06, 1.1201234757991004e-07, 5.033396968115922e-07, 1.9634409896775087e-06, 4.218759672332262e-08, 5.014666797195817e-08, 4.96892076718488e-08, 6.865457044530961e-06]",0.00012899410240812398,3.469446951953614e-18,0.0,0.9998982118674349,True,100,0.40800000000000003,1e-05,banded ADMM with dual certificate,0.0044990360001975205,35,51,8,0.5*sum_train((z-y)^2)+lambda*sum(abs(Bz))
PDE,burgers,tv_diff,TV,3,0.01,4,2,0.1,0.00017088044666132952,"[0.0024722102789412736, 0.0056768742927065545, 0.009921749516855184, 0.01688217834016077, 0.025505563831010183, 0.01193212870558489, 0.005868642099966244, 0.00266092305420983]","[0.00247220681228365, 0.005676874292705833, 0.00992174951529894, 0.016882178340154014, 0.025505563830996572, 0.01193212514668516, 0.0058686420999654165, 0.002651245248883629]","[3.466657623723418e-09, 7.216449660063518e-16, 1.5562447164274573e-12, 6.755013215453687e-15, 1.3610640392514028e-14, 3.5588997287366864e-09, 8.27463098040937e-16, 9.677805326201161e-06]","[3.466657623723418e-09, 7.216449660063518e-16, 1.5562447164274573e-12, 6.755013215453687e-15, 1.3610640392514028e-14, 3.5588997287366864e-09, 8.27463098040937e-16, 9.677805326201161e-06]",9.677805326201161e-06,6.822802872188949e-07,"[3.4666576249160405e-09, 7.324869877312068e-16, 1.5562291039161735e-12, 6.770625726737478e-15, 1.359329315775426e-14, 3.5588996992463873e-09, 8.452440136696993e-16, 9.67780429197442e-06]",1.0149819574312158e-05,2.7755575615628914e-17,0.0,0.9999770511265207,True,525,4.08,1e-05,banded ADMM with dual certificate,0.022174784000071668,35,51,8,0.5*sum_train((z-y)^2)+lambda*sum(abs(Bz))
PDE,burgers,tv_diff,TV,3,0.01,4,2,1.0,0.000605777661864643,"[0.005321028775621359, 0.03126589437222306, 0.07452618871008188, 0.12880596916410647, 0.20279232217948287, 0.08813953297096914, 0.036312688396826893, 0.006099691220688211]","[0.005311943108306669, 0.031265894372217835, 0.07452455088416726, 0.12880596916409554, 0.20279232217946128, 0.08813953296236446, 0.0363126883968221, 0.006098605222788788]","[9.085667314690307e-06, 5.224987109642143e-15, 1.6378259146132557e-06, 1.0935696792557792e-14, 2.1593837828959295e-14, 8.604686407842621e-12, 4.794775687599895e-15, 1.0859978994224445e-06]","[9.085667314690307e-06, 5.224987109642143e-15, 1.6378259146132557e-06, 1.0935696792557792e-14, 2.1593837828959295e-14, 8.604686407842621e-12, 4.794775687599895e-15, 1.0859978994224445e-06]",9.085667314690307e-06,4.103388874521219e-08,"[9.085667311599897e-06, 5.2111093218343285e-15, 1.6378259144883556e-06, 1.1102230246251565e-14, 2.1788126858268697e-14, 8.604547629964543e-12, 4.73232564246473e-15, 1.0859978994172403e-06]",1.7125376483573262e-06,3.3306690738754696e-16,0.0,0.9999990611723696,True,1450,5.1,1e-05,banded ADMM with dual certificate,0.06364626699996734,35,51,8,0.5*sum_train((z-y)^2)+lambda*sum(abs(Bz))
PDE,burgers,tv_diff,TV,3,0.01,4,2,10.0,0.010517241066335475,"[0.006031820562792081, 0.15870353760840647, 0.4601321124857287, 0.43622260243094496, 0.8711411047607162, 0.5360289603927141, 0.1991763582134587, 0.007505467434319313]","[0.0060292222856372715, 0.15870353760762407, 0.4601321124052298, 0.43622260239410043, 0.8711411047598293, 0.5360289602868668, 0.19917635821340313, 0.007502569518750339]","[2.5982771548098763e-06, 7.824019210289634e-13, 8.049894084649623e-11, 3.684452742902522e-11, 8.86846152070575e-13, 1.0584733090013287e-10, 5.5566662382489085e-14, 2.8979155689739036e-06]","[2.5982771548098763e-06, 7.824019210289634e-13, 8.049894084649623e-11, 3.684452742902522e-11, 8.86846152070575e-13, 1.0584733090013287e-10, 5.5566662382489085e-14, 2.8979155689739036e-06]",2.8979155689739036e-06,4.2814229939125426e-10,"[2.598277154793521e-06, 7.807435253859296e-13, 8.049877431304253e-11, 3.684461069575207e-11, 8.89538442905291e-13, 1.0584838561200627e-10, 5.510869538483121e-14, 2.897915569013682e-06]",2.8789127526351876e-08,3.552713678800501e-15,0.0,0.999999998589806,True,550,816.0,1e-05,banded ADMM with dual certificate,0.023201823999897897,35,51,8,0.5*sum_train((z-y)^2)+lambda*sum(abs(Bz))
PDE,burgers,tv_diff,TV,3,0.01,4,2,100.0,0.01869391662758807,"[0.0060292222983015864, 0.16409784117031767, 0.6092832781133249, 0.4407503619068405, 0.9540016010470224, 0.727182915935686, 0.21669725058352995, 0.0075025695352670205]","[0.006029222298289972, 0.16409784117009973, 0.6092832781132623, 0.4407503619064853, 0.9540016010467512, 0.7271829159355784, 0.21669725058332973, 0.007502569535245542]","[1.1614841033402712e-14, 2.1793677973391823e-13, 6.261657858885883e-14, 3.5521585672881884e-13, 2.7111646261346323e-13, 1.0758061108617767e-13, 2.0022872249114698e-13, 2.1478478717806837e-14]","[1.1614841033402712e-14, 2.1793677973391823e-13, 6.261657858885883e-14, 3.5521585672881884e-13, 2.7111646261346323e-13, 1.0758061108617767e-13, 2.0022872249114698e-13, 2.1478478717806837e-14]",3.5521585672881884e-13,2.0816681711721685e-14,"[1.1590830209273514e-14, 2.16662995422825e-13, 6.316267992074551e-14, 3.5823141897539323e-13, 2.7376833776066913e-13, 1.0884980886419401e-13, 1.9907791789958488e-13, 2.149158691828468e-14]",4.440892098500626e-16,7.105427357601002e-15,0.0,1.0,True,0,0.0,1e-05,affine exact solution,0.00029588600000352017,35,51,8,0.5*sum_train((z-y)^2)+lambda*sum(abs(Bz))
PDE,burgers,tv_diff,TV,3,0.01,4,2,1000.0,0.01869391662758807,"[0.006029222298405995, 0.16409784117228327, 0.6092832781138972, 0.44075036191005434, 0.9540016010494985, 0.7271829159366575, 0.21669725058531913, 0.007502569535460323]","[0.006029222298289972, 0.16409784117009973, 0.6092832781132623, 0.4407503619064853, 0.9540016010467512, 0.7271829159355784, 0.21669725058332973, 0.007502569535245542]","[1.160235102437568e-13, 2.1835311336815266e-12, 6.348255254806645e-13, 3.5690339572624907e-12, 2.74724687443495e-12, 1.0791367799356522e-12, 1.989408637825818e-12, 2.1478131773111642e-13]","[1.160235102437568e-13, 2.1835311336815266e-12, 6.348255254806645e-13, 3.5690339572624907e-12, 2.74724687443495e-12, 1.0791367799356522e-12, 1.989408637825818e-12, 2.1478131773111642e-13]",3.5690339572624907e-12,2.0816681711721685e-14,"[1.1599949941962758e-13, 2.182278166052145e-12, 6.353612184716954e-13, 3.572066866743825e-12, 2.7499126273699636e-12, 1.0803383234981054e-12, 1.988271711022064e-12, 2.1479399225072526e-13]",4.440892098500626e-16,7.105427357601002e-15,0.0,1.0,True,0,0.0,1e-05,affine exact solution,0.0002494459999979881,35,51,8,0.5*sum_train((z-y)^2)+lambda*sum(abs(Bz))
PDE,burgers,pod_tv_diff,POD+TV,3,0.01,4,0,0.0,0.00017264735190923879,"[0.0, 0.0, 0.0, 0.0, 0.0, 0.0]","[0.0, 0.0, 0.0, 0.0, 0.0, 0.0]","[0.0, 0.0, 0.0, 0.0, 0.0, 0.0]","[0.0, 0.0, 0.0, 0.0, 0.0, 0.0]",0.0,0.0,"[0.0, 0.0, 0.0, 0.0, 0.0, 0.0]",0.0,0.0,0.0,1.0,True,0,0.0,1e-05,zero-penalty interpolation,0.0003635779999058286,34,51,6,0.5*sum_train((z-y)^2)+lambda*sum(abs(Bz))
PDE,burgers,pod_tv_diff,POD+TV,3,0.01,4,0,0.0001,0.00017510279226834935,"[4.704421875974088e-05, 6.293637913789939e-05, 6.636635316420084e-05, 6.932343966947312e-05, 7.215146306992787e-05, 6.058881612750383e-05]","[4.6757271593997454e-05, 6.25590209446932e-05, 6.594800003381144e-05, 6.898864888209765e-05, 7.17772551023364e-05, 6.015639166919006e-05]","[2.869471657434235e-07, 3.773581932061884e-07, 4.183531303893998e-07, 3.347907873754697e-07, 3.7420796759146484e-07, 4.3242445831377137e-07]","[2.869471657434235e-07, 3.773581932061884e-07, 4.183531303893998e-07, 3.347907873754697e-07, 3.7420796759146484e-07, 4.3242445831377137e-07]",4.3242445831377137e-07,2.076682283661045e-06,"[2.8693529333568315e-07, 3.773382018287791e-07, 4.183295102929476e-07, 3.347759723310961e-07, 3.741888272176493e-07, 4.3239912087754103e-07]",0.00010011284985067113,7.241481177720777e-14,0.0,0.9930842526838666,True,25,0.01,1e-05,banded ADMM with dual certificate,0.0012838459997510654,34,51,6,0.5*sum_train((z-y)^2)+lambda*sum(abs(Bz))
PDE,burgers,pod_tv_diff,POD+TV,3,0.01,4,0,0.001,0.00017343678014031065,"[0.0004418554776404619, 0.000581790350644929, 0.0006308783606485179, 0.0006493082079939141, 0.0006741520341379831, 0.0005531694771629239]","[0.00043500178968598107, 0.0005767430148275572, 0.0006269099380321236, 0.0006450756697442584, 0.0006670045901744694, 0.0005466525435083446]","[6.853687954480841e-06, 5.047335817371843e-06, 3.9684226163942725e-06, 4.232538249655739e-06, 7.14744396351373e-06, 6.5169336545793525e-06]","[6.853687954480841e-06, 5.047335817371843e-06, 3.9684226163942725e-06, 4.232538249655739e-06, 7.14744396351373e-06, 6.5169336545793525e-06]",7.14744396351373e-06,2.0236128811247558e-05,"[6.853197438334098e-06, 5.0469652867093755e-06, 3.968221275758377e-06, 4.231932508575397e-06, 7.1450842906298825e-06, 6.5152720962213286e-06]",0.0008868065338848319,8.64859399374307e-14,0.0,0.9932697072513227,True,25,0.01,1e-05,banded ADMM with dual certificate,0.0012994199996683164,34,51,6,0.5*sum_train((z-y)^2)+lambda*sum(abs(Bz))
PDE,burgers,pod_tv_diff,POD+TV,3,0.01,4,0,0.01,0.00017223639950793488,"[0.003477173335788815, 0.00483338470368861, 0.00530846387504327, 0.00517224092294509, 0.004516121519901929, 0.0037615301912540863]","[0.0034771732581847428, 0.004831963231651062, 0.005308452054967268, 0.005171141077828784, 0.004514796831067028, 0.003761529897619957]","[7.760407204002173e-11, 1.4214720375476525e-06, 1.1820076002179436e-08, 1.0998451163059947e-06, 1.3246888349010416e-06, 2.9363412916427745e-10]","[7.760407204002173e-11, 1.4214720375476525e-06, 1.1820076002179436e-08, 1.0998451163059947e-06, 1.3246888349010416e-06, 2.9363412916427745e-10]",1.4214720375476525e-06,1.1561390253836401e-06,"[7.773257081414298e-11, 1.421471431291288e-06, 1.1820070576831765e-08, 1.0998437294596278e-06, 1.324684467117563e-06, 2.936341564861722e-10]",2.3476316411197296e-05,4.641946549366338e-14,0.0,0.9999225457580788,True,75,0.20400000000000001,1e-05,banded ADMM with dual certificate,0.0036036650003552495,34,51,6,0.5*sum_train((z-y)^2)+lambda*sum(abs(Bz))
PDE,burgers,pod_tv_diff,POD+TV,3,0.01,4,0,0.1,0.00018406607892830577,"[0.030143438328978832, 0.041952957763890596, 0.04636778231899716, 0.04461185503070074, 0.035100400467157886, 0.026514773061578026]","[0.030143224564631012, 0.0419457551434823, 0.04636778166639717, 0.04461128201434607, 0.03510039884979578, 0.02651439626307469]","[2.137643478200557e-07, 7.202620408298943e-06, 6.525999879380961e-10, 5.730163546713296e-07, 1.6173621053550136e-09, 3.7679850333621756e-07]","[2.137643478200557e-07, 7.202620408298943e-06, 6.525999879380961e-10, 5.730163546713296e-07, 1.6173621053550136e-09, 3.7679850333621756e-07]",7.202620408298943e-06,1.4867640990290365e-06,"[2.1376441303525007e-07, 7.202615791693234e-06, 6.526001267159742e-10, 5.730163303713232e-07, 1.617362285766255e-09, 3.767984674343805e-07]",1.3893482116500433e-05,2.5403290582204363e-14,0.0,0.9999647060295453,True,125,1.02,1e-05,banded ADMM with dual certificate,0.005319422999946255,34,51,6,0.5*sum_train((z-y)^2)+lambda*sum(abs(Bz))
PDE,burgers,pod_tv_diff,POD+TV,3,0.01,4,0,1.0,0.0005420936709584262,"[0.2469193033464388, 0.34816999176551416, 0.37798494267590405, 0.34876110296870527, 0.20925966678299102, 0.07499442834187138]","[0.24691916768932737, 0.34816996807777223, 0.3779849349868132, 0.34876110296776025, 0.20925966678298719, 0.07498894263024196]","[1.356571114330407e-07, 2.368774193461931e-08, 7.689090864015924e-09, 9.450218385609332e-13, 3.83026943495679e-15, 5.485711629421575e-06]","[1.356571114330407e-07, 2.368774193461931e-08, 7.689090864015924e-09, 9.450218385609332e-13, 3.83026943495679e-15, 5.485711629421575e-06]",5.485711629421575e-06,6.667558408168794e-08,"[1.3565703066431567e-07, 2.3687739436617505e-08, 7.689087477835699e-09, 9.443001935949269e-13, 3.802513859341161e-15, 5.485711629444473e-06]",9.91896100588363e-07,2.528532938583794e-14,0.0,0.999999473737358,True,400,163.2,1e-05,banded ADMM with dual certificate,0.01625770000009652,34,51,6,0.5*sum_train((z-y)^2)+lambda*sum(abs(Bz))
PDE,burgers,pod_tv_diff,POD+TV,3,0.01,4,0,10.0,0.003907682168035155,"[1.2938590293771548, 2.7027848497103975, 2.522290747067095, 0.907804867595286, 0.23820498932786713, 0.07499020262789638]","[1.2938590293769587, 2.7027848490193906, 2.522290747067059, 0.9077950520895166, 0.23820240884114444, 0.07498894977321992]","[1.9606538614880265e-13, 6.910068073295861e-10, 3.6415315207705135e-14, 9.815505769394939e-06, 2.5804867226919548e-06, 1.2528546764617454e-06]","[1.5153535408195568e-13, 2.556647479371609e-10, 1.443739792886631e-14, 9.815505769394939e-06, 2.5804867226919548e-06, 1.2528546764617454e-06]",9.815505769394939e-06,6.943626229549693e-11,"[2.580158309228864e-13, 6.909823824230443e-10, 3.774758283725532e-14, 9.815505769245763e-06, 2.580486722638927e-06, 1.2528546764445295e-06]",5.120385249135495e-08,1.7763568394002505e-14,0.0,0.9999999996853186,True,1725,51.0,1e-05,banded ADMM with dual certificate,0.06898493399967265,34,51,6,0.5*sum_train((z-y)^2)+lambda*sum(abs(Bz))
PDE,burgers,pod_tv_diff,POD+TV,3,0.01,4,0,100.0,0.02121165775341377,"[1.8447758785027284, 15.206362027343912, 3.152400136280073, 0.9077960560691075, 0.2382026138448956, 0.07498904652577822]","[1.844770572174717, 15.206362027135725, 3.1523985626982283, 0.9077950523306835, 0.23820240885074898, 0.0749889497753465]","[5.306328011434047e-06, 2.0818724522086995e-10, 1.5735818448270322e-06, 1.0037384240435543e-06, 2.0499414662977777e-07, 9.675043172174824e-08]","[2.876407954629595e-06, 1.3690798946290372e-11, 4.991694508311708e-07, 1.0037384240435543e-06, 2.0499414662977777e-07, 9.675043172174824e-08]",2.876407954629595e-06,3.9745984281580604e-14,"[5.306328067443291e-06, 2.0817481072299415e-10, 1.5735818408238942e-06, 1.0037384241876511e-06, 2.0499414667717626e-07, 9.675043171670357e-08]",2.4093083084153477e-09,3.9745984281580604e-14,0.0,1.0,True,250,255.0,1e-05,banded ADMM with dual certificate,0.010726458000135608,34,51,6,0.5*sum_train((z-y)^2)+lambda*sum(abs(Bz))
PDE,burgers,pod_tv_diff,POD+TV,3,0.01,4,0,1000.0,0.026542708959366487,"[1.8447705721826406, 15.580483612260272, 3.1523985626985924, 0.9077950523307359, 0.23820240885076416, 0.07498894977535378]","[1.8447705721751317, 15.580483612259771, 3.1523985626982642, 0.9077950523306973, 0.23820240885074945, 0.07498894977534662]","[7.508882404749784e-12, 5.009326287108706e-13, 3.2818192607919627e-13, 3.852473895449293e-14, 1.4710455076283324e-14, 7.16093850883226e-15]","[4.070361115889684e-12, 3.215128882884528e-14, 1.0410546748830453e-13, 3.852473895449293e-14, 1.4710455076283324e-14, 7.16093850883226e-15]",4.070361115889684e-12,3.0753177782116836e-14,"[7.43698262273121e-12, 5.044626035777442e-13, 3.2361852153995423e-13, 3.857308205184197e-14, 1.4656130083198143e-14, 7.199587632870168e-15]",8.881784197001252e-16,2.9976021664879227e-14,0.0,1.0,True,0,0.0,1e-05,affine exact solution,0.0002895869997701084,34,51,6,0.5*sum_train((z-y)^2)+lambda*sum(abs(Bz))
PDE,burgers,pod_tv_diff,POD+TV,3,0.01,4,1,0.0,0.00016885959559087893,"[0.0, 0.0, 0.0, 0.0, 0.0, 0.0]","[0.0, 0.0, 0.0, 0.0, 0.0, 0.0]","[0.0, 0.0, 0.0, 0.0, 0.0, 0.0]","[0.0, 0.0, 0.0, 0.0, 0.0, 0.0]",0.0,0.0,"[0.0, 0.0, 0.0, 0.0, 0.0, 0.0]",0.0,0.0,0.0,1.0,True,0,0.0,1e-05,zero-penalty interpolation,0.0008372120000785799,35,51,6,0.5*sum_train((z-y)^2)+lambda*sum(abs(Bz))
PDE,burgers,pod_tv_diff,POD+TV,3,0.01,4,1,0.0001,0.00016959199199222165,"[6.202287330243411e-05, 7.128876342325235e-05, 6.763267713860659e-05, 7.422333212598e-05, 6.145124311944384e-05, 7.208581519939745e-05]","[6.168437447156194e-05, 7.098654637489153e-05, 6.699638841846614e-05, 7.363865564352043e-05, 6.124654042943923e-05, 7.174652615783498e-05]","[3.3849883087216654e-07, 3.0221704836082275e-07, 6.362887201404456e-07, 5.846764824595608e-07, 2.047026900046131e-07, 3.3928904156246527e-07]","[3.3849883087216654e-07, 3.0221704836082275e-07, 6.362887201404456e-07, 5.846764824595608e-07, 2.047026900046131e-07, 3.3928904156246527e-07]",6.362887201404456e-07,2.8246592280710154e-06,"[3.3847521355277624e-07, 3.0219870757280086e-07, 6.362411893496189e-07, 5.846535978633788e-07, 2.0469154809727005e-07, 3.3926930333493335e-07]",9.992950103417121e-05,2.710505431213761e-20,0.0,0.9906162809630726,True,25,0.01,1e-05,banded ADMM with dual certificate,0.0014170680001370783,35,51,6,0.5*sum_train((z-y)^2)+lambda*sum(abs(Bz))
PDE,burgers,pod_tv_diff,POD+TV,3,0.01,4,1,0.001,0.00016752075340007466,"[0.0005438448606636057, 0.0006624576609464028, 0.0006312513904396649, 0.0007059039894940477, 0.0005640987378708251, 0.0006423685596980563]","[0.0005398826493273625, 0.0006562328823739405, 0.0006269383728088905, 0.0007011183179219411, 0.0005578236524980357, 0.0006379208200388627]","[3.962211336243251e-06, 6.224778572462347e-06, 4.313017630774374e-06, 4.7856715721066164e-06, 6.275085372789381e-06, 4.447739659193574e-06]","[3.962211336243251e-06, 6.224778572462347e-06, 4.313017630774374e-06, 4.7856715721066164e-06, 6.275085372789381e-06, 4.447739659193574e-06]",6.275085372789381e-06,1.4185600841560425e-05,"[3.961625273417595e-06, 6.223709334903719e-06, 4.3122004792274255e-06, 4.785221293445363e-06, 6.273892680283642e-06, 4.447162072700834e-06]",0.000690092265194675,4.336808689942018e-19,0.0,0.9952743114303932,True,25,0.01,1e-05,banded ADMM with dual certificate,0.0013922389998697327,35,51,6,0.5*sum_train((z-y)^2)+lambda*sum(abs(Bz))
PDE,burgers,pod_tv_diff,POD+TV,3,0.01,4,1,0.01,0.00016564733173051043,"[0.0034269236927497756, 0.005041179395854381, 0.005234461830826072, 0.00563813032952052, 0.004207069092424235, 0.0041329768516655575]","[0.003426337687048682, 0.005040907732513823, 0.005234278209094836, 0.005638111407987159, 0.0042041806804423345, 0.00413297582758345]","[5.860057010935796e-07, 2.7166334055830216e-07, 1.8362173123589315e-07, 1.8921533360971576e-08, 2.888411981900353e-06, 1.0240821073093098e-09]","[5.860057010935796e-07, 2.7166334055830216e-07, 1.8362173123589315e-07, 1.8921533360971576e-08, 2.888411981900353e-06, 1.0240821073093098e-09]",2.888411981900353e-06,2.1428136546611243e-06,"[5.860052125264935e-07, 2.716627773933361e-07, 1.8362170273438644e-07, 1.8921531962784455e-08, 2.888401726311874e-06, 1.024082096467288e-09]",9.801202252466418e-05,3.469446951953614e-18,0.0,0.9998431733529979,True,75,0.20400000000000001,1e-05,banded ADMM with dual certificate,0.003345125999658194,35,51,6,0.5*sum_train((z-y)^2)+lambda*sum(abs(Bz))
PDE,burgers,pod_tv_diff,POD+TV,3,0.01,4,1,0.1,0.00017929780321574774,"[0.029068089329163712, 0.0415009213083722, 0.04560298665079305, 0.04546133383819294, 0.034757919139804236, 0.026795387867954507]","[0.029062074750025854, 0.041500759578032426, 0.045602905470279294, 0.04545989950564999, 0.03475791911775407, 0.02679538785486358]","[6.014579137857828e-06, 1.6173033977329165e-07, 8.118051375571866e-08, 1.4343325429461151e-06, 2.205016724765585e-11, 1.3090927647452233e-11]","[6.014579137857828e-06, 1.6173033977329165e-07, 8.118051375571866e-08, 1.4343325429461151e-06, 2.205016724765585e-11, 1.3090927647452233e-11]",6.014579137857828e-06,1.2152377516783108e-07,"[6.01457909512465e-06, 1.6173033975247497e-07, 8.118051374877977e-08, 1.4343325156623843e-06, 2.2050198472678417e-11, 1.3090934586346137e-11]",8.918154602716166e-06,4.163336342344337e-17,0.0,0.9999949123647031,True,150,0.51,1e-05,banded ADMM with dual certificate,0.006134492000001046,35,51,6,0.5*sum_train((z-y)^2)+lambda*sum(abs(Bz))
PDE,burgers,pod_tv_diff,POD+TV,3,0.01,4,1,1.0,0.000525174926077707,"[0.24153371884856706, 0.3462386515838177, 0.3769722356372814, 0.34989617572510834, 0.20977611040258215, 0.07592851247976287]","[0.24153370205780753, 0.34623865073629245, 0.3769722033555562, 0.34989617572507886, 0.20977611040258098, 0.07591913291127404]","[1.679075953275877e-08, 8.475252721851234e-10, 3.228172518188188e-08, 2.9476421303797906e-14, 1.1657341758564144e-15, 9.37956848882926e-06]","[1.679075953275877e-08, 8.475252721851234e-10, 3.228172518188188e-08, 2.9476421303797906e-14, 1.1657341758564144e-15, 9.37956848882926e-06]",9.37956848882926e-06,4.4096059063913895e-07,"[1.679075706251254e-08, 8.475254387185771e-10, 3.228172507085958e-08, 2.936539900133539e-14, 1.1934897514720433e-15, 9.379567371725129e-06]",4.715674805089165e-07,2.220446049250313e-16,0.0,0.9999961465551194,True,575,40.8,1e-05,banded ADMM with dual certificate,0.02304923299971051,35,51,6,0.5*sum_train((z-y)^2)+lambda*sum(abs(Bz))
PDE,burgers,pod_tv_diff,POD+TV,3,0.01,4,1,10.0,0.003565349238150753,"[1.3013122232292749, 2.6724219015517154, 2.563648858016318, 0.9417290161350678, 0.24038865565336529, 0.07594361517079223]","[1.3013122232289995, 2.6724218971906364, 2.5636488580162724, 0.9417207105380987, 0.24038657958572457, 0.07594248804749464]","[2.753353101070388e-13, 4.361079053438743e-09, 4.574118861455645e-14, 8.305596969071516e-06, 2.076067640716106e-06, 1.1271232975978984e-06]","[2.1158282016577062e-13, 1.6318826944602294e-09, 1.7842220658077853e-14, 8.305596969071516e-06, 2.076067640716106e-06, 1.1271232975978984e-06]",8.305596969071516e-06,3.689420158270451e-10,"[2.645661467681748e-13, 4.361072392100596e-09, 4.596323321948148e-14, 8.305596969002456e-06, 2.0760676407136226e-06, 1.1271232975974832e-06]",4.3978095831676e-08,3.552713678800501e-15,0.0,0.9999999982607057,True,1575,51.0,1e-05,banded ADMM with dual certificate,0.0626722530000734,35,51,6,0.5*sum_train((z-y)^2)+lambda*sum(abs(Bz))
PDE,burgers,pod_tv_diff,POD+TV,3,0.01,4,1,100.0,0.018444068158190465,"[1.9251291718467436, 15.553532714431103, 3.3078480494091402, 0.9417240834912055, 0.2403872162187123, 0.07594282513970173]","[1.925111454844116, 15.553532714183488, 3.307842919796853, 0.941720710735708, 0.24038657959241694, 0.07594248804936098]","[1.7717002627648526e-05, 2.476152616281979e-10, 5.12961228738007e-06, 3.3727554975548912e-06, 6.366262953749757e-07, 3.370903407518e-07]","[9.20302018521329e-06, 1.5920194220471338e-11, 1.5507400009792892e-06, 3.3727554975548912e-06, 6.366262953749757e-07, 3.370903407518e-07]",9.20302018521329e-06,6.923350781562476e-13,"[1.771700262172463e-05, 2.476125970929388e-10, 5.129612286629463e-06, 3.372755497770787e-06, 6.366262953754142e-07, 3.3709034078616376e-07]",8.072198909303552e-09,2.842170943040401e-14,0.0,0.999999999999528,True,250,255.0,1e-05,banded ADMM with dual certificate,0.010498043000097823,35,51,6,0.5*sum_train((z-y)^2)+lambda*sum(abs(Bz))
PDE,burgers,pod_tv_diff,POD+TV,3,0.01,4,1,1000.0,0.024611713078712304,"[1.925111454861376, 16.198698242465603, 3.307842919797508, 0.9417207107359137, 0.2403865795924545, 0.07594248804936918]","[1.9251114548507777, 16.198698242465163, 3.3078429197972543, 0.9417207107358755, 0.24038657959242266, 0.07594248804936254]","[1.0598188993071744e-11, 4.405364961712621e-13, 2.5357493882438575e-13, 3.8191672047105385e-14, 3.1835645231126364e-14, 6.63358257213531e-15]","[5.5052339781723974e-12, 2.7195796203942872e-14, 7.665870023837423e-14, 3.8191672047105385e-14, 3.1835645231126364e-14, 6.63358257213531e-15]",5.5052339781723974e-12,2.842170943040401e-14,"[1.0586639289088227e-11, 4.3790010711388775e-13, 2.5278416128607e-13, 3.805711678038125e-14, 3.187460149748653e-14, 6.610533517697864e-15]",8.881784197001252e-16,2.842170943040401e-14,0.0,1.0,True,0,0.0,1e-05,affine exact solution,0.0002817149998008972,35,51,6,0.5*sum_train((z-y)^2)+lambda*sum(abs(Bz))
PDE,burgers,pod_tv_diff,POD+TV,3,0.01,4,2,0.0,0.00015640863667440303,"[0.0, 0.0, 0.0, 0.0, 0.0, 0.0]","[0.0, 0.0, 0.0, 0.0, 0.0, 0.0]","[0.0, 0.0, 0.0, 0.0, 0.0, 0.0]","[0.0, 0.0, 0.0, 0.0, 0.0, 0.0]",0.0,0.0,"[0.0, 0.0, 0.0, 0.0, 0.0, 0.0]",0.0,0.0,0.0,1.0,True,0,0.0,1e-05,zero-penalty interpolation,0.0003536340000209748,35,51,6,0.5*sum_train((z-y)^2)+lambda*sum(abs(Bz))
PDE,burgers,pod_tv_diff,POD+TV,3,0.01,4,2,0.0001,0.0001611327625600918,"[5.7786709273554316e-05, 7.415798477361723e-05, 6.056905661974912e-05, 7.096833153199422e-05, 5.7660769113794584e-05, 5.854436724637297e-05]","[5.743850914265131e-05, 7.377119228272434e-05, 6.022455983493072e-05, 7.069454269780276e-05, 5.7175028014873455e-05, 5.812624514935976e-05]","[3.482001309030038e-07, 3.867924908928887e-07, 3.4449678481840326e-07, 2.7378883419145123e-07, 4.857410989211289e-07, 4.181220970132064e-07]","[3.482001309030038e-07, 3.867924908928887e-07, 3.4449678481840326e-07, 2.7378883419145123e-07, 4.857410989211289e-07, 4.181220970132064e-07]",4.857410989211289e-07,2.251463511649624e-06,"[3.4818150013055544e-07, 3.8676787852589395e-07, 3.444786718872925e-07, 2.7377819661703886e-07, 4.857084853642068e-07, 4.180922921754026e-07]",0.00010017504319831143,2.710505431213761e-20,0.0,0.9924985155053863,True,25,0.01,1e-05,banded ADMM with dual certificate,0.0013246680000520428,35,51,6,0.5*sum_train((z-y)^2)+lambda*sum(abs(Bz))
PDE,burgers,pod_tv_diff,POD+TV,3,0.01,4,2,0.001,0.00015665248083397937,"[0.0005169368468181194, 0.0006864277734913947, 0.0005815691099512186, 0.000667891944079664, 0.000531094222231071, 0.0005372873485269081]","[0.0005091813445758011, 0.0006816521227039107, 0.0005740437610385219, 0.0006650888254469379, 0.0005242613813284789, 0.000532606006193859]","[7.755502242318287e-06, 4.775650787484063e-06, 7.525348912696675e-06, 2.803118632726154e-06, 6.832840902592043e-06, 4.681342333049039e-06]","[7.755502242318287e-06, 4.775650787484063e-06, 7.525348912696675e-06, 2.803118632726154e-06, 6.832840902592043e-06, 4.681342333049039e-06]",7.755502242318287e-06,1.9459621404752624e-05,"[7.753748854373956e-06, 4.775484246919955e-06, 7.524465444776001e-06, 2.8030000842812217e-06, 6.8316168260918885e-06, 4.680954802170883e-06]",0.0009981519175539476,2.168404344971009e-19,0.0,0.9935279429535365,True,25,0.01,1e-05,banded ADMM with dual certificate,0.0013608619997285132,35,51,6,0.5*sum_train((z-y)^2)+lambda*sum(abs(Bz))
PDE,burgers,pod_tv_diff,POD+TV,3,0.01,4,2,0.01,0.0001564882469293845,"[0.0035230855571710185, 0.005046893688120565, 0.0050527832550822434, 0.0054330468150724535, 0.004079953348177963, 0.003665034323691479]","[0.003523085512116886, 0.005044656734812752, 0.005051860932214268, 0.005433046766734653, 0.00407936988169402, 0.0036646531288577217]","[4.505413273361847e-11, 2.2369533078129764e-06, 9.223228679758333e-07, 4.8337800775954953e-11, 5.834664839428003e-07, 3.8119483375745333e-07]","[4.505413273361847e-11, 2.2369533078129764e-06, 9.223228679758333e-07, 4.8337800775954953e-11, 5.834664839428003e-07, 3.8119483375745333e-07]",2.2369533078129764e-06,1.6230648993663388e-06,"[4.5054130131533254e-11, 2.2369470916716594e-06, 9.223203667006047e-07, 4.833780337804017e-11, 5.834658849609986e-07, 3.811946765147449e-07]",6.0202575430545746e-05,3.469446951953614e-18,0.0,0.9999019097609383,True,75,0.20400000000000001,1e-05,banded ADMM with dual certificate,0.003200257000116835,35,51,6,0.5*sum_train((z-y)^2)+lambda*sum(abs(Bz))
PDE,burgers,pod_tv_diff,POD+TV,3,0.01,4,2,0.1,0.00017085729161917416,"[0.029043251380159753, 0.04049645816928326, 0.045487798651880955, 0.04520589193752796, 0.03383136912788531, 0.02584299113123921]","[0.029040590752055825, 0.040487042559705484, 0.0454877957975257, 0.04520369041240658, 0.03382982025680415, 0.025840089899947207]","[2.660628103928059e-06, 9.415609577775874e-06, 2.8543552521576032e-09, 2.2015251213841625e-06, 1.548871081155645e-06, 2.9012312920025096e-06]","[2.660628103928059e-06, 9.415609577775874e-06, 2.8543552521576032e-09, 2.2015251213841625e-06, 1.548871081155645e-06, 2.9012312920025096e-06]",9.415609577775874e-06,3.147694784197408e-07,"[2.660628098432455e-06, 9.41560947115283e-06, 2.8543553007298605e-09, 2.2015251114892997e-06, 1.548870858823076e-06, 2.9012312813270213e-06]",2.1646297408861592e-05,2.7755575615628914e-17,0.0,0.9999920572249092,True,125,0.51,1e-05,banded ADMM with dual certificate,0.005258319999938976,35,51,6,0.5*sum_train((z-y)^2)+lambda*sum(abs(Bz))
PDE,burgers,pod_tv_diff,POD+TV,3,0.01,4,2,1.0,0.0005076087405169986,"[0.24027657937704477, 0.3440618176754838, 0.3773621462495966, 0.3473304052429801, 0.20898988936079643, 0.0748773062367366]","[0.2402764781902752, 0.34406178504667817, 0.37736214624921927, 0.3473304052429347, 0.20898988936079424, 0.0748683156226729]","[1.0118676957437955e-07, 3.2628805657353155e-08, 3.7730929491885945e-13, 4.54081217071689e-14, 2.192690473634684e-15, 8.990614063689173e-06]","[1.0118676957437955e-07, 3.2628805657353155e-08, 3.7730929491885945e-13, 4.54081217071689e-14, 2.192690473634684e-15, 8.990614063689173e-06]",8.990614063689173e-06,4.3810315174253045e-07,"[1.01186759277061e-07, 3.2628804824685886e-08, 3.77642361826247e-13, 4.546363285840016e-14, 2.2343238370581275e-15, 8.990613004715165e-06]",1.362939866744739e-06,2.220446049250313e-16,0.0,0.9999962335746655,True,700,40.8,1e-05,banded ADMM with dual certificate,0.027878566999788745,35,51,6,0.5*sum_train((z-y)^2)+lambda*sum(abs(Bz))
PDE,burgers,pod_tv_diff,POD+TV,3,0.01,4,2,10.0,0.003470837619015008,"[1.2838420313008467, 2.6619888600415678, 2.567898354631162, 0.9390242927423791, 0.2416779713077484, 0.07487256234334798]","[1.28384203130059, 2.661988844551684, 2.567898354631111, 0.939014957791761, 0.24167555835810897, 0.07487132594949503]","[2.566835632933362e-13, 1.5489883598007737e-08, 5.062616992290714e-14, 9.334950618056226e-06, 2.41294963942984e-06, 1.2363938529519336e-06]","[1.999339147926578e-13, 5.8189137567487256e-09, 1.9715020974877643e-14, 9.334950618056226e-06, 2.41294963942984e-06, 1.2363938529519336e-06]",9.334950618056226e-06,1.0346130063787484e-09,"[2.7122748491592574e-13, 1.5489878268937218e-08, 5.084821452783217e-14, 9.334950617725436e-06, 2.4129496393865384e-06, 1.2363938529529155e-06]",8.925138139659339e-08,3.552713678800501e-15,0.0,0.999999995027468,True,1125,51.0,1e-05,banded ADMM with dual certificate,0.043953321000117285,35,51,6,0.5*sum_train((z-y)^2)+lambda*sum(abs(Bz))
PDE,burgers,pod_tv_diff,POD+TV,3,0.01,4,2,100.0,0.018344022749873932,"[1.9418061513027436, 15.48689666500921, 3.314311656466524, 0.9390183320692035, 0.24167621815443266, 0.07487165479890413]","[1.9417879893675019, 15.486896664787897, 3.3143064400815287, 0.9390149580415135, 0.24167555836719062, 0.07487132595173782]","[1.816193524173393e-05, 2.213127459071984e-10, 5.216384995065937e-06, 3.3740276900173782e-06, 6.597872420355255e-07, 3.288471663170922e-07]","[9.353114485474886e-06, 1.4290322373444131e-11, 1.5738969462598047e-06, 3.3740276900173782e-06, 6.597872420355255e-07, 3.288471663170922e-07]",9.353114485474886e-06,8.1601392309949e-14,"[1.81619352589749e-05, 2.213056404798408e-10, 5.216384995607874e-06, 3.374027689845699e-06, 6.597872419949004e-07, 3.288471662943912e-07]",8.341132229361392e-09,1.4210854715202004e-14,0.0,1.0,True,250,255.0,1e-05,banded ADMM with dual certificate,0.01087970900016444,35,51,6,0.5*sum_train((z-y)^2)+lambda*sum(abs(Bz))
PDE,burgers,pod_tv_diff,POD+TV,3,0.01,4,2,1000.0,0.02428520787352743,"[1.9417879893850325, 16.10607629700706, 3.3143064400822837, 0.9390149580417179, 0.2416755583672274, 0.07487132595174394]","[1.9417879893746002, 16.106076297006695, 3.3143064400819444, 0.939014958041681, 0.24167555836719673, 0.07487132595173934]","[1.0432321673192746e-11, 3.659295089164516e-13, 3.3928415632544784e-13, 3.68594044175552e-14, 3.066991105526995e-14, 4.593547764386585e-15]","[5.3725338349098965e-12, 2.2719966189682778e-14, 1.0236957941554267e-13, 3.68594044175552e-14, 3.066991105526995e-14, 4.593547764386585e-15]",5.3725338349098965e-12,3.042011087472929e-14,"[1.0436794816697839e-11, 3.658448199135131e-13, 3.4025031111033507e-13, 3.653538568373107e-14, 3.060063744040349e-14, 4.609524337338288e-15]",8.881784197001252e-16,2.842170943040401e-14,0.0,1.0,True,0,0.0,1e-05,affine exact solution,0.0002689859998099564,35,51,6,0.5*sum_train((z-y)^2)+lambda*sum(abs(Bz))
PDE,burgers,tv_diff,TV,4,0.01,4,0,0.0,0.00018614157642497166,"[0.0, 0.0, 0.0, 0.0, 0.0, 0.0, 0.0, 0.0]","[0.0, 0.0, 0.0, 0.0, 0.0, 0.0, 0.0, 0.0]","[0.0, 0.0, 0.0, 0.0, 0.0, 0.0, 0.0, 0.0]","[0.0, 0.0, 0.0, 0.0, 0.0, 0.0, 0.0, 0.0]",0.0,0.0,"[0.0, 0.0, 0.0, 0.0, 0.0, 0.0, 0.0, 0.0]",0.0,0.0,0.0,1.0,True,0,0.0,1e-05,zero-penalty interpolation,0.0006303999998635845,34,51,8,0.5*sum_train((z-y)^2)+lambda*sum(abs(Bz))
PDE,burgers,tv_diff,TV,4,0.01,4,0,0.0001,0.00019588050268846562,"[6.058844700667542e-05, 5.435922680098409e-05, 5.837582467672589e-05, 4.9311912395521856e-05, 5.0951498211158256e-05, 3.446341473914228e-05, 5.484754429503309e-05, 4.632634266765516e-05]","[6.0259919899397155e-05, 5.398467464797693e-05, 5.8046410254308884e-05, 4.906326633824953e-05, 5.0718777530765566e-05, 3.416019580222979e-05, 5.454836102729987e-05, 4.609539363157395e-05]","[3.2852710727826354e-07, 3.74552153007161e-07, 3.294144224170068e-07, 2.486460572723246e-07, 2.3272068039268952e-07, 3.032189369124908e-07, 2.9918326773321544e-07, 2.3094903608121033e-07]","[3.2852710727826354e-07, 3.74552153007161e-07, 3.294144224170068e-07, 2.486460572723246e-07, 2.3272068039268952e-07, 3.032189369124908e-07, 2.9918326773321544e-07, 2.3094903608121033e-07]",3.74552153007161e-07,2.2307140764738246e-06,"[3.285172090808353e-07, 3.7453326223735995e-07, 3.2939620796044566e-07, 2.4863412340224054e-07, 2.3270985762962752e-07, 3.031689765439324e-07, 2.9916773614959395e-07, 2.3093626698978916e-07]",0.00010001883242834024,1.1169084862712453e-14,0.0,0.9925757918332977,True,25,0.01,1e-05,banded ADMM with dual certificate,0.002252977999887662,34,51,8,0.5*sum_train((z-y)^2)+lambda*sum(abs(Bz))
PDE,burgers,tv_diff,TV,4,0.01,4,0,0.001,0.00018312333692913923,"[0.0005381934567682717, 0.00047117548042487865, 0.0005154719921190734, 0.000427869189424884, 0.0004606393160682625, 0.0002735018733868008, 0.000473298328990707, 0.0004028269371685781]","[0.0005292721058517835, 0.0004642731899470367, 0.0005113714185003317, 0.00042112533148525803, 0.0004546989154189594, 0.0002662825927625985, 0.00046804894472053085, 0.0003947613111929485]","[8.921350916488201e-06, 6.9022904778419576e-06, 4.100573618741744e-06, 6.7438579396259446e-06, 5.940400649303082e-06, 7.219280624202302e-06, 5.249384270176148e-06, 8.065625975629592e-06]","[8.921350916488201e-06, 6.9022904778419576e-06, 4.100573618741744e-06, 6.7438579396259446e-06, 5.940400649303082e-06, 7.219280624202302e-06, 5.249384270176148e-06, 8.065625975629592e-06]",8.921350916488201e-06,3.0053939619098177e-05,"[8.919393431060653e-06, 6.901426007002265e-06, 4.099234510514661e-06, 6.7424995363803706e-06, 5.938897610570544e-06, 7.214241435534721e-06, 5.248053195479286e-06, 8.059026842040077e-06]",0.0009725611821268389,1.811766882353627e-14,0.0,0.9899866124083265,True,25,0.01,1e-05,banded ADMM with dual certificate,0.002259346999835543,34,51,8,0.5*sum_train((z-y)^2)+lambda*sum(abs(Bz))
PDE,burgers,tv_diff,TV,4,0.01,4,0,0.01,0.00017556466145001408,"[0.0016575106307064307, 0.0016672362850491025, 0.0021260073314404307, 0.0022149935070096176, 0.0029749050325322906, 0.0013678752476000658, 0.001525601698693934, 0.001235961095681179]","[0.001655810310383209, 0.0016639925360039162, 0.0021259735769581334, 0.0022148681404846366, 0.0029742037244207212, 0.0013675359339938558, 0.0015254202520126733, 0.0012345531820221222]","[1.700320323221819e-06, 3.2437490451863327e-06, 3.375448229736219e-08, 1.2536652498106385e-07, 7.013081115693313e-07, 3.393136062100361e-07, 1.8144668126069546e-07, 1.407913659056759e-06]","[1.700320323221819e-06, 3.2437490451863327e-06, 3.375448229736219e-08, 1.2536652498106385e-07, 7.013081115693313e-07, 3.393136062100361e-07, 1.8144668126069546e-07, 1.407913659056759e-06]",3.2437490451863327e-06,3.2465209821638114e-06,"[1.7003053154008782e-06, 3.2437047565680955e-06, 3.375437965334044e-08, 1.2536622294293844e-07, 7.013059419923133e-07, 3.393133872523716e-07, 1.8144641952409953e-07, 1.4079096325948152e-06]",5.695182943535326e-05,8.998010669891698e-15,0.0,0.9997866384967875,True,100,0.40800000000000003,1e-05,banded ADMM with dual certificate,0.0075507980000111274,34,51,8,0.5*sum_train((z-y)^2)+lambda*sum(abs(Bz))
PDE,burgers,tv_diff,TV,4,0.01,4,0,0.1,0.00020290391890824801,"[0.0024908708141222905, 0.0049934113912396775, 0.009554837608618309, 0.016196850323739083, 0.02443772602143199, 0.010632831087833907, 0.005111776569222406, 0.0023515278416735693]","[0.0024861896042059563, 0.004993411391225865, 0.009554748533810421, 0.016196848137683514, 0.02443772602142849, 0.010632831074745941, 0.005111776569219746, 0.0023438463324026693]","[4.681209916334184e-06, 1.3812735677465326e-14, 8.907480788730715e-08, 2.18605556920326e-09, 3.5006719745211967e-15, 1.308796647447874e-11, 2.6601984504104337e-15, 7.681509270900024e-06]","[4.681209916334184e-06, 1.3812735677465326e-14, 8.907480788730715e-08, 2.18605556920326e-09, 3.5006719745211967e-15, 1.308796647447874e-11, 2.6601984504104337e-15, 7.681509270900024e-06]",7.681509270900024e-06,2.497660509595545e-06,"[4.681209886864485e-06, 1.6816843056988162e-14, 8.907480671810353e-08, 2.186055447772617e-09, 2.040034807748725e-15, 1.3087938718903125e-11, 2.593845277454321e-15, 7.681482141596555e-06]",2.691779363837854e-05,6.673481212082777e-15,0.0,0.999859581260827,True,450,2.04,1e-05,banded ADMM with dual certificate,0.031608461999894644,34,51,8,0.5*sum_train((z-y)^2)+lambda*sum(abs(Bz))
PDE,burgers,tv_diff,TV,4,0.01,4,0,1.0,0.0007736410636896747,"[0.004348671300853807, 0.02817003928103302, 0.06943037957349395, 0.12860300575900258, 0.1985287751027262, 0.08724173646039769, 0.03373737963956554, 0.006078720337186256]","[0.004340354745958186, 0.02817003928102723, 0.06943035790841631, 0.1286030057589891, 0.1985287751027107, 0.08724117547897184, 0.03373737963955671, 0.006078719195057633]","[8.316554895621171e-06, 5.790506962810582e-15, 2.1665077634680507e-08, 1.3489209749195652e-14, 1.5515366769136563e-14, 5.609814258539236e-07, 8.826273045769994e-15, 1.1421286225804517e-09]","[8.316554895621171e-06, 5.790506962810582e-15, 2.1665077634680507e-08, 1.3489209749195652e-14, 1.5515366769136563e-14, 5.609814258539236e-07, 8.826273045769994e-15, 1.1421286225804517e-09]",8.316554895621171e-06,1.6879798635238696e-08,"[8.316554894954387e-06, 5.863365348801608e-15, 2.166507841877552e-08, 1.4960255256823984e-14, 1.6681100944992977e-14, 5.609814247992118e-07, 6.0923488476305465e-15, 1.1421285809470882e-09]",6.32094879104983e-07,5.100087019371813e-15,0.0,0.9999995855671192,True,1525,10.2,1e-05,banded ADMM with dual certificate,0.10597426100002849,34,51,8,0.5*sum_train((z-y)^2)+lambda*sum(abs(Bz))
PDE,burgers,tv_diff,TV,4,0.01,4,0,10.0,0.012968979277188736,"[0.004400579773040329, 0.13503925159687843, 0.4212107346421215, 0.425851023503911, 0.8315058785419875, 0.5202352647941142, 0.18425218796992368, 0.007467688030481958]","[0.004399847973109246, 0.13503925157794222, 0.4212107346406195, 0.4258510234934989, 0.831505878541901, 0.5202352647924846, 0.18425218796984216, 0.00746659498881137]","[7.317999310826537e-07, 1.893621370818721e-11, 1.5020207300153743e-12, 1.0412115614144568e-11, 8.659739592076221e-14, 1.6295853555448048e-12, 8.151812558310212e-14, 1.0930416705886084e-06]","[7.317999310826537e-07, 1.893621370818721e-11, 1.5020207300153743e-12, 1.0412115614144568e-11, 8.659739592076221e-14, 1.6295853555448048e-12, 8.151812558310212e-14, 1.0930416705886084e-06]",1.0930416705886084e-06,4.96269692007445e-14,"[7.317999310946595e-07, 1.8935547574372436e-11, 1.4976075934924893e-12, 1.0408840456221924e-11, 7.210898544940392e-14, 1.6301404670571173e-12, 8.003320228766597e-14, 1.0930416705260379e-06]",4.876426373812137e-09,1.3322676295501878e-14,0.0,0.9999999999998371,True,575,816.0,1e-05,banded ADMM with dual certificate,0.040630850000070495,34,51,8,0.5*sum_train((z-y)^2)+lambda*sum(abs(Bz))
PDE,burgers,tv_diff,TV,4,0.01,4,0,100.0,0.02163586399583929,"[0.00439984797397556, 0.13586974499529741, 0.5185484699221697, 0.4282346185109738, 0.9067180722003194, 0.6648907305732881, 0.19389530601593252, 0.007466594991019619]","[0.0043998479739607976, 0.13586974499512203, 0.5185484699220696, 0.4282346185107144, 0.9067180721999832, 0.6648907305732018, 0.193895306015739, 0.007466594990998915]","[1.4762496780562628e-14, 1.753874823151591e-13, 1.0014211682118912e-13, 2.5934809855243657e-13, 3.361755318564974e-13, 8.626432901337466e-14, 1.9351187319216478e-13, 2.0703924685783193e-14]","[1.4762496780562628e-14, 1.753874823151591e-13, 1.0014211682118912e-13, 2.5934809855243657e-13, 3.361755318564974e-13, 8.626432901337466e-14, 1.9351187319216478e-13, 2.0703924685783193e-14]",3.361755318564974e-13,2.148281552649678e-14,"[1.4821303398843564e-14, 1.7397515199103162e-13, 1.0475739942862825e-13, 2.53123438906407e-13, 3.1487377578961585e-13, 9.052396897218716e-14, 1.8682334436887508e-13, 2.0739276503783187e-14]",4.440892098500626e-16,2.148281552649678e-14,0.0,1.0,True,0,0.0,1e-05,affine exact solution,0.0004866839999522199,34,51,8,0.5*sum_train((z-y)^2)+lambda*sum(abs(Bz))
PDE,burgers,tv_diff,TV,4,0.01,4,0,1000.0,0.02163586399583929,"[0.004399847974108802, 0.13586974499686358, 0.5185484699231114, 0.4282346185132622, 0.9067180722031423, 0.664890730574104, 0.19389530601761631, 0.0074665949912062195]","[0.0043998479739607976, 0.13586974499512203, 0.5185484699220696, 0.4282346185107144, 0.9067180721999832, 0.6648907305732018, 0.193895306015739, 0.007466594990998915]","[1.4800400488512722e-13, 1.7415513475782518e-12, 1.0418332863082469e-12, 2.5477953080610405e-12, 3.1590285942684204e-12, 9.021672298104022e-13, 1.877303867914293e-12, 2.0730465954965638e-13]","[1.4800400488512722e-13, 1.7415513475782518e-12, 1.0418332863082469e-12, 2.5477953080610405e-12, 3.1590285942684204e-12, 9.021672298104022e-13, 1.877303867914293e-12, 2.0730465954965638e-13]",3.1590285942684204e-12,2.148281552649678e-14,"[1.4806353006788254e-13, 1.7401421609611403e-12, 1.0463900500803914e-12, 2.541573806513049e-12, 3.1377083245388393e-12, 9.063252379711105e-13, 1.8706190394337162e-12, 2.0734010126400464e-13]",4.440892098500626e-16,2.148281552649678e-14,0.0,1.0,True,0,0.0,1e-05,affine exact solution,0.00048695400028009317,34,51,8,0.5*sum_train((z-y)^2)+lambda*sum(abs(Bz))
PDE,burgers,tv_diff,TV,4,0.01,4,1,0.0,0.00017356529066655797,"[0.0, 0.0, 0.0, 0.0, 0.0, 0.0, 0.0, 0.0]","[0.0, 0.0, 0.0, 0.0, 0.0, 0.0, 0.0, 0.0]","[0.0, 0.0, 0.0, 0.0, 0.0, 0.0, 0.0, 0.0]","[0.0, 0.0, 0.0, 0.0, 0.0, 0.0, 0.0, 0.0]",0.0,0.0,"[0.0, 0.0, 0.0, 0.0, 0.0, 0.0, 0.0, 0.0]",0.0,0.0,0.0,1.0,True,0,0.0,1e-05,zero-penalty interpolation,0.0006223079999472247,35,51,8,0.5*sum_train((z-y)^2)+lambda*sum(abs(Bz))
PDE,burgers,tv_diff,TV,4,0.01,4,1,0.0001,0.00017924504544677205,"[5.8514936657045784e-05, 5.7145064338803364e-05, 4.3508033794445037e-05, 5.302926440236089e-05, 5.6536567681310693e-05, 5.330988950052466e-05, 5.3000680703074766e-05, 4.6817298743824115e-05]","[5.81503366562139e-05, 5.683361299923046e-05, 4.323539647790395e-05, 5.266491420094407e-05, 5.6222807198396264e-05, 5.302900591670923e-05, 5.25888915039509e-05, 4.652149150694936e-05]","[3.646000008318811e-07, 3.114513395729044e-07, 2.726373165410872e-07, 3.6435020141682104e-07, 3.1376048291442953e-07, 2.8088358381543225e-07, 4.117891991238645e-07, 2.9580723687475314e-07]","[3.646000008318811e-07, 3.114513395729044e-07, 2.726373165410872e-07, 3.6435020141682104e-07, 3.1376048291442953e-07, 2.8088358381543225e-07, 4.117891991238645e-07, 2.9580723687475314e-07]",4.117891991238645e-07,1.9152182569049108e-06,"[3.645839140216321e-07, 3.1143152056196325e-07, 2.726193402613207e-07, 3.643242105136861e-07, 3.1374069799064886e-07, 2.808700549988968e-07, 4.1175870427025363e-07, 2.957891506616162e-07]",0.00010028227887189693,2.710505431213761e-20,0.0,0.9936244156982376,True,25,0.01,1e-05,banded ADMM with dual certificate,0.0022161919996506185,35,51,8,0.5*sum_train((z-y)^2)+lambda*sum(abs(Bz))
PDE,burgers,tv_diff,TV,4,0.01,4,1,0.001,0.00017166660972826962,"[0.0005066832365699991, 0.00048015727892236187, 0.0003890379670302155, 0.00045387431710494733, 0.0005112436058392503, 0.0004728480515037473, 0.00046809456269896106, 0.00037594054673320684]","[0.0005012494516098188, 0.0004745593793197732, 0.0003838316120209019, 0.0004489449126050231, 0.0005022779509304213, 0.0004679301475454964, 0.000463990054230709, 0.0003690905196375398]","[5.433784960180298e-06, 5.5978996025886915e-06, 5.206355009313617e-06, 4.929404499924258e-06, 8.965654908828983e-06, 4.917903958250871e-06, 4.104508468252041e-06, 6.85002709566705e-06]","[5.433784960180298e-06, 5.5978996025886915e-06, 5.206355009313617e-06, 4.929404499924258e-06, 8.965654908828983e-06, 4.917903958250871e-06, 4.104508468252041e-06, 6.85002709566705e-06]",8.965654908828983e-06,2.5180313658118222e-05,"[5.4332747144920945e-06, 5.595877385939079e-06, 5.20537749304869e-06, 4.928894641791331e-06, 8.963139373987844e-06, 4.917218794715263e-06, 4.103643783780772e-06, 6.8435168322144246e-06]",0.0008222156185980559,4.336808689942018e-19,0.0,0.9916177550897084,True,25,0.01,1e-05,banded ADMM with dual certificate,0.0022705640003550798,35,51,8,0.5*sum_train((z-y)^2)+lambda*sum(abs(Bz))
PDE,burgers,tv_diff,TV,4,0.01,4,1,0.01,0.000161272863320764,"[0.0017227933330969656, 0.0015505258622196096, 0.0018704234178823188, 0.0023385050443208892, 0.0032345280138470736, 0.0020825753052265772, 0.0017779156912047398, 0.0010012555295634792]","[0.001722455532601845, 0.001550500703647163, 0.0018663033206863752, 0.0023385047523466294, 0.0032325425466268763, 0.0020823541472426714, 0.0017773088585726926, 0.0009970420608384077]","[3.3780049512070406e-07, 2.5158572446691563e-08, 4.120097195943603e-06, 2.919742598736508e-10, 1.9854672201973476e-06, 2.2115798390580713e-07, 6.068326320472946e-07, 4.213468725071433e-06]","[3.3780049512070406e-07, 2.5158572446691563e-08, 4.120097195943603e-06, 2.919742598736508e-10, 1.9854672201973476e-06, 2.2115798390580713e-07, 6.068326320472946e-07, 4.213468725071433e-06]",4.213468725071433e-06,3.901107538851686e-06,"[3.3779766741106644e-07, 2.515855123525184e-08, 4.120084161767217e-06, 2.919742626925764e-10, 1.9854647734258296e-06, 2.211577593111587e-07, 6.067953695480018e-07, 4.213414057586647e-06]",8.711677524490813e-05,3.469446951953614e-18,0.0,0.9997264260782666,True,125,0.40800000000000003,1e-05,banded ADMM with dual certificate,0.009240146000138338,35,51,8,0.5*sum_train((z-y)^2)+lambda*sum(abs(Bz))
PDE,burgers,tv_diff,TV,4,0.01,4,1,0.1,0.0001605899940750974,"[0.0026383027514281523, 0.004387365530273333, 0.009476516501131434, 0.016835468905137048, 0.024927790788719487, 0.011501312195764911, 0.006020401198277616, 0.0022946273665848914]","[0.0026372395520135295, 0.004387344579047498, 0.009476515813176652, 0.016835468905134775, 0.024927777830758266, 0.01150131219376119, 0.006020401198234975, 0.0022868110759619305]","[1.0631994146227675e-06, 2.0951225834960063e-08, 6.879547816834863e-10, 2.2724877535296173e-15, 1.2957961221388148e-08, 2.0037201065026267e-12, 4.2641237762985895e-14, 7.816290622960926e-06]","[1.0631994146227675e-06, 2.0951225834960063e-08, 6.879547816834863e-10, 2.2724877535296173e-15, 1.2957961221388148e-08, 2.0037201065026267e-12, 4.2641237762985895e-14, 7.816290622960926e-06]",7.816290622960926e-06,3.635709555048494e-07,"[1.0631994111181381e-06, 2.0951225819347552e-08, 6.879547626015281e-10, 2.319325287380991e-15, 1.2957961210979807e-08, 2.0036767384157272e-12, 4.2677233275112414e-14, 7.816290351746451e-06]",8.59497979521437e-06,2.7755575615628914e-17,0.0,0.9999855313015708,True,525,2.04,1e-05,banded ADMM with dual certificate,0.02656747900027767,35,51,8,0.5*sum_train((z-y)^2)+lambda*sum(abs(Bz))
PDE,burgers,tv_diff,TV,4,0.01,4,1,1.0,0.0005974638683373145,"[0.0045515650326768626, 0.027877202116321387, 0.07096686425364762, 0.1299536811922857, 0.20096060277191286, 0.08966867496302464, 0.03658093791397211, 0.006885525489210461]","[0.00454414703951022, 0.02787720211626892, 0.07096473550448386, 0.1299536811922751, 0.200960602771898, 0.08965896973351875, 0.036580937913967486, 0.006885525475632033]","[7.4179931666426904e-06, 5.246844625439451e-14, 2.128749163762822e-06, 1.0602629885170245e-14, 1.484923295436147e-14, 9.70522950588526e-06, 4.621303340002214e-15, 1.3578428312288615e-11]","[7.4179931666426904e-06, 5.246844625439451e-14, 2.128749163762822e-06, 1.0602629885170245e-14, 1.484923295436147e-14, 9.70522950588526e-06, 4.621303340002214e-15, 1.3578428312288615e-11]",9.70522950588526e-06,1.3162653429710236e-07,"[7.41799315749918e-06, 5.2388648974499574e-14, 2.1287491612995146e-06, 1.1129985821867194e-14, 1.5182299861749016e-14, 9.705229456397069e-06, 4.541506060107281e-15, 1.3578428745969484e-11]",3.901534523453876e-06,2.7755575615628914e-16,0.0,0.9999981036851662,True,1225,10.2,1e-05,banded ADMM with dual certificate,0.06511137100005726,35,51,8,0.5*sum_train((z-y)^2)+lambda*sum(abs(Bz))
PDE,burgers,tv_diff,TV,4,0.01,4,1,10.0,0.010916636350351384,"[0.0047722745572814996, 0.1511480804560566, 0.4422457566743119, 0.4387247019502317, 0.87477410804976, 0.5441559903835763, 0.20724012683624773, 0.008361083085950363]","[0.004770718440803151, 0.15114808045572511, 0.4422457566730026, 0.43872470193093865, 0.8747741080496085, 0.5441559902695784, 0.20724012683618517, 0.008358864183119123]","[1.5561164783484474e-06, 3.314848395774561e-13, 1.3092860129404471e-12, 1.929306714387735e-11, 1.5143442055887135e-13, 1.13997922213116e-10, 6.256106743762757e-14, 2.2189028312403353e-06]","[1.5561164783484474e-06, 3.314848395774561e-13, 1.3092860129404471e-12, 1.929306714387735e-11, 1.5143442055887135e-13, 1.13997922213116e-10, 6.256106743762757e-14, 2.2189028312403353e-06]",2.2189028312403353e-06,6.042394362637538e-11,"[1.5561164783388205e-06, 3.310129947919904e-13, 1.308175789915822e-12, 1.929358062202624e-11, 1.501299085049368e-13, 1.1399897692498939e-10, 6.121492202026957e-14, 2.218902831209449e-06]",9.924545629758086e-09,4.440892098500626e-15,0.0,0.9999999998218476,True,575,816.0,1e-05,banded ADMM with dual certificate,0.03638060000002952,35,51,8,0.5*sum_train((z-y)^2)+lambda*sum(abs(Bz))
PDE,burgers,tv_diff,TV,4,0.01,4,1,100.0,0.01949172994109517,"[0.004770718445106636, 0.15606503436499722, 0.5735509123456896, 0.44083768959121433, 0.9522236586146241, 0.7323275449753295, 0.2279511007064995, 0.008358864193219974]","[0.00477071844509028, 0.15606503436478075, 0.5735509123455872, 0.4408376895908469, 0.9522236586141617, 0.7323275449752225, 0.22795110070629288, 0.008358864193191335]","[1.6355840293247326e-14, 2.164657342262899e-13, 1.0236256287043943e-13, 3.6742830999969556e-13, 4.624078897563777e-13, 1.0702549957386509e-13, 2.0661250488274163e-13, 2.863854986490111e-14]","[1.6355840293247326e-14, 2.164657342262899e-13, 1.0236256287043943e-13, 3.6742830999969556e-13, 4.624078897563777e-13, 1.0702549957386509e-13, 2.0661250488274163e-13, 2.863854986490111e-14]",4.624078897563777e-13,1.7208456881689926e-14,"[1.634325341053144e-14, 2.164160554983424e-13, 1.0231173771662102e-13, 3.668665408398716e-13, 4.618118203508085e-13, 1.0519655594941489e-13, 2.0981723741437492e-13, 2.863237790188382e-14]",4.440892098500626e-16,3.552713678800501e-15,0.0,1.0,True,0,0.0,1e-05,affine exact solution,0.00031557600004816777,35,51,8,0.5*sum_train((z-y)^2)+lambda*sum(abs(Bz))
PDE,burgers,tv_diff,TV,4,0.01,4,1,1000.0,0.01949172994109517,"[0.004770718445253882, 0.15606503436694724, 0.5735509123466189, 0.44083768959451874, 0.952223658618788, 0.7323275449762814, 0.22795110070837923, 0.008358864193477873]","[0.00477071844509028, 0.15606503436478075, 0.5735509123455872, 0.4408376895908469, 0.9522236586141617, 0.7323275449752225, 0.22795110070629288, 0.008358864193191335]","[1.6360177101937268e-13, 2.1664892102535305e-12, 1.031730256784158e-12, 3.67184060934278e-12, 4.626299343613027e-12, 1.0589307208874743e-12, 2.08635886345121e-12, 2.8653815431489704e-13]","[1.6360177101937268e-13, 2.1664892102535305e-12, 1.031730256784158e-12, 3.67184060934278e-12, 4.626299343613027e-12, 1.0589307208874743e-12, 2.08635886345121e-12, 2.8653815431489704e-13]",4.626299343613027e-12,1.7208456881689926e-14,"[1.635887504557878e-13, 2.1664187148438712e-12, 1.031646471884296e-12, 3.6712545540542924e-12, 4.625668579737939e-12, 1.0571694314785873e-12, 2.0895635959828433e-12, 2.865315486710108e-13]",4.440892098500626e-16,3.552713678800501e-15,0.0,1.0,True,0,0.0,1e-05,affine exact solution,0.0003235080002923496,35,51,8,0.5*sum_train((z-y)^2)+lambda*sum(abs(Bz))
PDE,burgers,tv_diff,TV,4,0.01,4,2,0.0,0.00012045323359043865,"[0.0, 0.0, 0.0, 0.0, 0.0, 0.0, 0.0, 0.0]","[0.0, 0.0, 0.0, 0.0, 0.0, 0.0, 0.0, 0.0]","[0.0, 0.0, 0.0, 0.0, 0.0, 0.0, 0.0, 0.0]","[0.0, 0.0, 0.0, 0.0, 0.0, 0.0, 0.0, 0.0]",0.0,0.0,"[0.0, 0.0, 0.0, 0.0, 0.0, 0.0, 0.0, 0.0]",0.0,0.0,0.0,1.0,True,0,0.0,1e-05,zero-penalty interpolation,0.00032655299992256914,35,51,8,0.5*sum_train((z-y)^2)+lambda*sum(abs(Bz))
PDE,burgers,tv_diff,TV,4,0.01,4,2,0.0001,0.00013515823006993863,"[6.185074437245158e-05, 6.497061358210756e-05, 6.654318749573742e-05, 5.036875724640957e-05, 6.276723079374156e-05, 6.273820304261062e-05, 5.409554684188146e-05, 6.431696657473251e-05]","[6.153071495529384e-05, 6.452331954889874e-05, 6.603537158972493e-05, 5.012171043852522e-05, 6.233221340082917e-05, 6.200519990139599e-05, 5.37149341501872e-05, 6.395597418015716e-05]","[3.2002941715773934e-07, 4.4729403320882305e-07, 5.078159060124848e-07, 2.4704680788435024e-07, 4.350173929123922e-07, 7.330031412146321e-07, 3.80612691694261e-07, 3.6099239457534687e-07]","[3.2002941715773934e-07, 4.4729403320882305e-07, 5.078159060124848e-07, 2.4704680788435024e-07, 4.350173929123922e-07, 7.330031412146321e-07, 3.80612691694261e-07, 3.6099239457534687e-07]",7.330031412146321e-07,3.103668215361313e-06,"[3.2001544193954664e-07, 4.472598797503058e-07, 5.077821283196973e-07, 2.470367435128068e-07, 4.3498664778521777e-07, 7.329138406612842e-07, 3.805828287040811e-07, 3.60975834597579e-07]",0.00010058661728248671,2.710505431213761e-20,0.0,0.9896906085700499,True,25,0.01,1e-05,banded ADMM with dual certificate,0.0015966680002748035,35,51,8,0.5*sum_train((z-y)^2)+lambda*sum(abs(Bz))
PDE,burgers,tv_diff,TV,4,0.01,4,2,0.001,0.00011852166418530944,"[0.0005309766596598693, 0.0005767333482534369, 0.000589372774894177, 0.00044832184152485333, 0.0005622374215200072, 0.0005657436370338926, 0.0004552267394831282, 0.0005592070243081108]","[0.0005243376755264372, 0.0005671107952744815, 0.0005823713301599141, 0.00044357289843417204, 0.0005547645344150761, 0.0005595447125900015, 0.00044847975183250023, 0.0005533374977437543]","[6.638984133432082e-06, 9.622552978955415e-06, 7.001444734262949e-06, 4.7489430906812896e-06, 7.472887104931084e-06, 6.198924443891131e-06, 6.746987650627968e-06, 5.869526564356497e-06]","[6.638984133432082e-06, 9.622552978955415e-06, 7.001444734262949e-06, 4.7489430906812896e-06, 7.472887104931084e-06, 6.198924443891131e-06, 6.746987650627968e-06, 5.869526564356497e-06]",9.622552978955415e-06,2.133004901025068e-05,"[6.638104985972389e-06, 9.619486071421168e-06, 7.000747462970161e-06, 4.748156106675495e-06, 7.471504156680701e-06, 6.197495344854322e-06, 6.742961467960976e-06, 5.868874279005114e-06]",0.00084458312547741,4.336808689942018e-19,0.0,0.9928940993644485,True,25,0.01,1e-05,banded ADMM with dual certificate,0.0017950770002244099,35,51,8,0.5*sum_train((z-y)^2)+lambda*sum(abs(Bz))
PDE,burgers,tv_diff,TV,4,0.01,4,2,0.01,0.00011092100961224895,"[0.0014953779231256974, 0.002427287563985492, 0.0024688766836404993, 0.0023988444106465877, 0.0034558884656377144, 0.002369136313736607, 0.0016279868994513239, 0.0018337126207822337]","[0.0014930449445353204, 0.002427221452667442, 0.0024684687022942025, 0.0023987286947572154, 0.003455453882466135, 0.0023661959208778538, 0.0016278840815655941, 0.0018334674449173847]","[2.33297859037699e-06, 6.611131805021875e-08, 4.0798134629677074e-07, 1.1571588937227262e-07, 4.3458317157928084e-07, 2.9403928587532283e-06, 1.0281788572971684e-07, 2.4517586484900517e-07]","[2.33297859037699e-06, 6.611131805021875e-08, 4.0798134629677074e-07, 1.1571588937227262e-07, 4.3458317157928084e-07, 2.9403928587532283e-06, 1.0281788572971684e-07, 2.4517586484900517e-07]",2.9403928587532283e-06,4.533293068490624e-06,"[2.332911869077931e-06, 6.611125421564744e-08, 4.079811159493456e-07, 1.1571586306280586e-07, 4.34578666083478e-07, 2.9403168083444193e-06, 1.028175811913128e-07, 2.451749539821371e-07]",6.713524118228623e-05,3.469446951953614e-18,0.0,0.999749287204882,True,125,0.40800000000000003,1e-05,banded ADMM with dual certificate,0.006090073999985179,35,51,8,0.5*sum_train((z-y)^2)+lambda*sum(abs(Bz))
PDE,burgers,tv_diff,TV,4,0.01,4,2,0.1,0.00012269445539989993,"[0.002188111052353364, 0.005667653486722532, 0.010247177993249952, 0.0167407885443788, 0.024983894138660354, 0.01172728676587782, 0.005572070495264713, 0.0029925819442507447]","[0.0021835927472352544, 0.005667653332287867, 0.010247177982690259, 0.016740788544377307, 0.024983894138657994, 0.01172728670769239, 0.005572070495252572, 0.0029831222838675986]","[4.518305118109394e-06, 1.544346647092132e-10, 1.0559693744416343e-11, 1.4918621893400541e-15, 2.3592239273284576e-15, 5.818542869739929e-11, 1.2141329608361673e-14, 9.459660383146027e-06]","[4.518305118109394e-06, 1.544346647092132e-10, 1.0559693744416343e-11, 1.4918621893400541e-15, 2.3592239273284576e-15, 5.818542869739929e-11, 1.2141329608361673e-14, 9.459660383146027e-06]",9.459660383146027e-06,2.307769403631088e-07,"[4.518305032521065e-06, 1.5443469159742707e-10, 1.0559698948586771e-11, 1.547373340571312e-15, 2.338407245616736e-15, 5.818539747237672e-11, 1.2179493524833163e-14, 9.459660202490732e-06]",1.233656110555953e-05,3.469446951953614e-17,0.0,0.9999905816688353,True,650,2.04,1e-05,banded ADMM with dual certificate,0.02832868600034999,35,51,8,0.5*sum_train((z-y)^2)+lambda*sum(abs(Bz))
PDE,burgers,tv_diff,TV,4,0.01,4,2,1.0,0.0005304150207364359,"[0.004962883561148345, 0.02988209985668652, 0.07152250351613859, 0.1306261203151614, 0.20030806054071915, 0.08993344623268378, 0.03542512639924788, 0.007617547541408575]","[0.004954185013869088, 0.02988209985666428, 0.07152181368928254, 0.13062612031515242, 0.20030806054070086, 0.08992400729330223, 0.03542512639924322, 0.007611372722002107]","[8.698547279257195e-06, 2.2239154962022667e-14, 6.8982685605401e-07, 8.992806499463768e-15, 1.8290924330699454e-14, 9.438939381545275e-06, 4.65599780952175e-15, 6.174819406467441e-06]","[8.698547279257195e-06, 2.2239154962022667e-14, 6.8982685605401e-07, 8.992806499463768e-15, 1.8290924330699454e-14, 9.438939381545275e-06, 4.65599780952175e-15, 6.174819406467441e-06]",9.438939381545275e-06,7.496966786257886e-08,"[8.698547268223703e-06, 2.2475077354755513e-14, 6.898268560123766e-07, 8.770761894538737e-15, 1.8290924330699454e-14, 9.438939378922373e-06, 4.44436154545258e-15, 6.174819405725413e-06]",3.364065416677775e-06,2.220446049250313e-16,0.0,0.9999981935565098,True,1350,5.1,1e-05,banded ADMM with dual certificate,0.06769227499989938,35,51,8,0.5*sum_train((z-y)^2)+lambda*sum(abs(Bz))
PDE,burgers,tv_diff,TV,4,0.01,4,2,10.0,0.009975292540795183,"[0.005555190204754415, 0.15321450261609887, 0.4536813601673929, 0.45201354569602326, 0.8706701468001172, 0.5558059956249352, 0.20228725736352904, 0.009662606987520087]","[0.005552669491558612, 0.15321450261437883, 0.45368136001752946, 0.452013545667448, 0.8706701467994415, 0.5558059947688175, 0.202287257362778, 0.009659391787478286]","[2.5207131958025417e-06, 1.7200407764761394e-12, 1.4986345497902676e-10, 2.8575253274709667e-11, 6.756817327868703e-13, 8.561176212396049e-10, 7.510381205833028e-13, 3.2152000418016885e-06]","[2.5207131958025417e-06, 1.7200407764761394e-12, 1.4986345497902676e-10, 2.8575253274709667e-11, 6.756817327868703e-13, 8.561176212396049e-10, 7.510381205833028e-13, 3.2152000418016885e-06]",3.2152000418016885e-06,1.0599270905409242e-09,"[2.520713195781427e-06, 1.7200477153700433e-12, 1.4986345497902676e-10, 2.8576918609246604e-11, 6.74876821094017e-13, 8.561187314626295e-10, 7.493172748951338e-13, 3.2152000418390287e-06]",6.798246587891299e-08,2.6645352591003757e-15,0.0,0.9999999966701404,True,550,816.0,1e-05,banded ADMM with dual certificate,0.024216333999902417,35,51,8,0.5*sum_train((z-y)^2)+lambda*sum(abs(Bz))
PDE,burgers,tv_diff,TV,4,0.01,4,2,100.0,0.018188822555968827,"[0.0055526695033482195, 0.15783585976922274, 0.5971243108985302, 0.45750938301885635, 0.9683592319167699, 0.7673505809520977, 0.2219548614901401, 0.009659391808941455]","[0.005552669503330346, 0.15783585976899545, 0.5971243108984531, 0.4575093830185246, 0.9683592319163836, 0.7673505809520204, 0.22195486148998889, 0.009659391808915016]","[1.7873723334727032e-14, 2.2729040871638517e-13, 7.716050021144838e-14, 3.3173463975799677e-13, 3.8624659026709196e-13, 7.738254481637341e-14, 1.5121237595394632e-13, 2.6438920497362517e-14]","[1.7873723334727032e-14, 2.2729040871638517e-13, 7.716050021144838e-14, 3.3173463975799677e-13, 3.8624659026709196e-13, 7.738254481637341e-14, 1.5121237595394632e-13, 2.6438920497362517e-14]",3.8624659026709196e-13,3.430589146091734e-14,"[1.785551435397643e-14, 2.2571929328543905e-13, 7.555552001399001e-14, 3.3108475036326856e-13, 3.7987259627868715e-13, 7.739102010026757e-14, 1.5315443111812093e-13, 2.6478842751246147e-14]",4.440892098500626e-16,3.552713678800501e-15,0.0,1.0,True,0,0.0,1e-05,affine exact solution,0.0003650300000117568,35,51,8,0.5*sum_train((z-y)^2)+lambda*sum(abs(Bz))
PDE,burgers,tv_diff,TV,4,0.01,4,2,1000.0,0.018188822555968827,"[0.005552669503509028, 0.1578358597712602, 0.5971243108992139, 0.4575093830218282, 0.9683592319201875, 0.7673505809527928, 0.22195486149151636, 0.009659391809179838]","[0.005552669503330346, 0.15783585976899545, 0.5971243108984531, 0.4575093830185246, 0.9683592319163836, 0.7673505809520204, 0.22195486148998889, 0.009659391808915016]","[1.7868258955777705e-13, 2.264743947932857e-12, 7.608358387756198e-13, 3.303579632074616e-12, 3.803846126970711e-12, 7.724931805341839e-13, 1.527472592854906e-12, 2.648211511191434e-13]","[1.7868258955777705e-13, 2.264743947932857e-12, 7.608358387756198e-13, 3.303579632074616e-12, 3.803846126970711e-12, 7.724931805341839e-13, 1.527472592854906e-12, 2.648211511191434e-13]",3.803846126970711e-12,3.430589146091734e-14,"[1.7866438057702645e-13, 2.263152015820199e-12, 7.59188357853e-13, 3.3029262732329356e-12, 3.7974513163005945e-12, 7.725380850110736e-13, 1.5293973007843209e-12, 2.64862374415634e-13]",4.440892098500626e-16,3.552713678800501e-15,0.0,1.0,True,0,0.0,1e-05,affine exact solution,0.00043453599982967717,35,51,8,0.5*sum_train((z-y)^2)+lambda*sum(abs(Bz))
PDE,burgers,pod_tv_diff,POD+TV,4,0.01,4,0,0.0,0.00017009718853383502,"[0.0, 0.0, 0.0, 0.0, 0.0, 0.0]","[0.0, 0.0, 0.0, 0.0, 0.0, 0.0]","[0.0, 0.0, 0.0, 0.0, 0.0, 0.0]","[0.0, 0.0, 0.0, 0.0, 0.0, 0.0]",0.0,0.0,"[0.0, 0.0, 0.0, 0.0, 0.0, 0.0]",0.0,0.0,0.0,1.0,True,0,0.0,1e-05,zero-penalty interpolation,0.00040531200011173496,34,51,6,0.5*sum_train((z-y)^2)+lambda*sum(abs(Bz))
PDE,burgers,pod_tv_diff,POD+TV,4,0.01,4,0,0.0001,0.00017086557986222044,"[5.1293333152504836e-05, 5.689374801375462e-05, 6.0508065495105945e-05, 6.0868619622523016e-05, 6.811377956412064e-05, 5.975606700998041e-05]","[5.096619099897461e-05, 5.66336946997887e-05, 6.0205316285197276e-05, 6.052134044565624e-05, 6.73866217427748e-05, 5.920449747656273e-05]","[3.2714215353022455e-07, 2.600533139659206e-07, 3.027492099086696e-07, 3.4727917686677294e-07, 7.271578213458442e-07, 5.515695334176824e-07]","[3.2714215353022455e-07, 2.600533139659206e-07, 3.027492099086696e-07, 3.4727917686677294e-07, 7.271578213458442e-07, 5.515695334176824e-07]",7.271578213458442e-07,2.666689069957199e-06,"[3.2712628255621525e-07, 2.600477734077147e-07, 3.0273612224953933e-07, 3.4726078806636217e-07, 7.271001573574054e-07, 5.515271030230896e-07]",0.00010082511962454113,6.277782655696174e-14,0.0,0.9911406363245708,True,25,0.01,1e-05,banded ADMM with dual certificate,0.0013678629998139513,34,51,6,0.5*sum_train((z-y)^2)+lambda*sum(abs(Bz))
PDE,burgers,pod_tv_diff,POD+TV,4,0.01,4,0,0.001,0.00016948396823187684,"[0.00045695409326909056, 0.0005418853118915454, 0.0005808974868133141, 0.0005692410703946647, 0.0006348006653308575, 0.000539246041179017]","[0.00045269069638188874, 0.0005367899815354448, 0.0005766940273408318, 0.0005614746733060297, 0.0006275732650196893, 0.0005296724933350884]","[4.263396887201824e-06, 5.095330356100648e-06, 4.203459472482238e-06, 7.766397088634957e-06, 7.2274003111681695e-06, 9.573547843928559e-06]","[4.263396887201824e-06, 5.095330356100648e-06, 4.203459472482238e-06, 7.766397088634957e-06, 7.2274003111681695e-06, 9.573547843928559e-06]",9.573547843928559e-06,3.351391952105412e-05,"[4.262928998751076e-06, 5.094745952569004e-06, 4.203253838326376e-06, 7.764089740740828e-06, 7.226666349557172e-06, 9.565589680925462e-06]",0.0008975509917800782,2.9468181367287016e-14,0.0,0.9888643201717415,True,25,0.01,1e-05,banded ADMM with dual certificate,0.0012577470001815527,34,51,6,0.5*sum_train((z-y)^2)+lambda*sum(abs(Bz))
PDE,burgers,pod_tv_diff,POD+TV,4,0.01,4,0,0.01,0.0001676406203273622,"[0.0033789335299157937, 0.004706756783003046, 0.005210805853498131, 0.004952450653021662, 0.004546731186270917, 0.0037872730425677105]","[0.0033777354796680117, 0.004706756592945278, 0.005209635467402679, 0.00495073691146684, 0.004546597065328436, 0.00378727300643215]","[1.1980502477820613e-06, 1.900577681346327e-10, 1.1703860954524747e-06, 1.7137415548214296e-06, 1.341209424814485e-07, 3.6135560689543045e-11]","[1.1980502477820613e-06, 1.900577681346327e-10, 1.1703860954524747e-06, 1.7137415548214296e-06, 1.341209424814485e-07, 3.6135560689543045e-11]",1.7137415548214296e-06,1.8688238591409861e-06,"[1.1980493804077466e-06, 1.9007215332905725e-10, 1.1703857791698843e-06, 1.7137364832532642e-06, 1.341208731714394e-07, 3.613560709339603e-11]",3.538377465020525e-05,5.089678678515952e-14,0.0,0.9998596661252027,True,75,0.20400000000000001,1e-05,banded ADMM with dual certificate,0.003549514000042109,34,51,6,0.5*sum_train((z-y)^2)+lambda*sum(abs(Bz))
PDE,burgers,pod_tv_diff,POD+TV,4,0.01,4,0,0.1,0.00018048019138873364,"[0.029659903425912147, 0.040841090031289246, 0.0471309446485698, 0.04344515809895831, 0.03504998868730135, 0.02668366374394323]","[0.029651086895069595, 0.04083442754203623, 0.04713046868477158, 0.04344369095270756, 0.03504873534842685, 0.026677125542049953]","[8.81653084255224e-06, 6.6624892530176005e-06, 4.759637982215681e-07, 1.4671462507526156e-06, 1.253338874504517e-06, 6.538201893276779e-06]","[8.81653084255224e-06, 6.6624892530176005e-06, 4.759637982215681e-07, 1.4671462507526156e-06, 1.253338874504517e-06, 6.538201893276779e-06]",8.81653084255224e-06,2.4960219507583203e-07,"[8.81653077115449e-06, 6.662489209649514e-06, 4.759638018714263e-07, 1.4671462431614657e-06, 1.2533388623961472e-06, 6.538201854720815e-06]",1.77623640524871e-05,2.6270652320192767e-14,0.0,0.9999905548928495,True,125,0.51,1e-05,banded ADMM with dual certificate,0.005345913000383007,34,51,6,0.5*sum_train((z-y)^2)+lambda*sum(abs(Bz))
PDE,burgers,pod_tv_diff,POD+TV,4,0.01,4,0,1.0,0.0005498064690271756,"[0.24680999642866397, 0.34573450098808867, 0.38263904421815476, 0.34514241554966496, 0.21339411275811807, 0.07671976206810087]","[0.2468099557289814, 0.3457344792754869, 0.3826390335610626, 0.34514241554963393, 0.21339411275811673, 0.07671003892861003]","[4.0699682568590134e-08, 2.1712601772083673e-08, 1.0657092153198988e-08, 3.1030733538273125e-14, 1.3322676295501878e-15, 9.723139490838695e-06]","[4.0699682568590134e-08, 2.1712601772083673e-08, 1.0657092153198988e-08, 3.1030733538273125e-14, 1.3322676295501878e-15, 9.723139490838695e-06]",9.723139490838695e-06,5.805962849103619e-07,"[4.069967138309316e-08, 2.1712626363523668e-08, 1.0657089821730636e-08, 3.1585845050585704e-14, 1.1934897514720433e-15, 9.723138069893627e-06]",4.99776392548501e-07,1.7486012637846216e-14,0.0,0.9999956817777491,True,525,40.8,1e-05,banded ADMM with dual certificate,0.022503744999994524,34,51,6,0.5*sum_train((z-y)^2)+lambda*sum(abs(Bz))
PDE,burgers,pod_tv_diff,POD+TV,4,0.01,4,0,10.0,0.003973642508396994,"[1.2896748006254244, 2.701738926082361, 2.5510852156377184, 0.9061200767950841, 0.24388356489143848, 0.0767222714820071]","[1.2896748006251246, 2.7017389198792525, 2.551085215637686, 0.9061103515482649, 0.24388102765301806, 0.07672094950168674]","[2.9976021664879227e-13, 6.203108693370041e-09, 3.241851231905457e-14, 9.72524681919218e-06, 2.5372384204191967e-06, 1.321980320351246e-06]","[2.3243085505231577e-13, 2.295968952990146e-09, 1.2707733995060066e-14, 9.72524681919218e-06, 2.5372384204191967e-06, 1.321980320351246e-06]",9.72524681919218e-06,5.136331360233726e-10,"[2.901012763345534e-13, 6.203116686975818e-09, 3.6193270602780103e-14, 9.725246819034582e-06, 2.5372384203504544e-06, 1.3219803203802002e-06]",5.0395664641378346e-08,7.299716386910404e-15,0.0,0.9999999978179733,True,1325,51.0,1e-05,banded ADMM with dual certificate,0.053039554999941174,34,51,6,0.5*sum_train((z-y)^2)+lambda*sum(abs(Bz))
PDE,burgers,pod_tv_diff,POD+TV,4,0.01,4,0,100.0,0.021265682305501105,"[1.822077394400425, 15.228182720584371, 3.1973862981176646, 0.906111339062184, 0.24388122878843305, 0.07672105161911871]","[1.822072147051478, 15.228182720299612, 3.1973848267469407, 0.9061103517818786, 0.24388102766228226, 0.07672094950406168]","[5.247348946912922e-06, 2.8475888314005715e-10, 1.4713707239266682e-06, 9.87280305397853e-07, 2.0112615078948792e-07, 1.021150570351681e-07]","[2.8798716031706333e-06, 1.8699465876196798e-11, 4.6017921725406774e-07, 9.87280305397853e-07, 2.0112615078948792e-07, 1.021150570351681e-07]",2.8798716031706333e-06,3.3957281431185038e-12,"[5.247348866785016e-06, 2.8478286395738905e-10, 1.4713707228904016e-06, 9.872803053317028e-07, 2.011261508093989e-07, 1.0211505706831761e-07]",2.375305285795548e-09,1.0125233984581428e-13,0.0,0.9999999999978493,True,250,255.0,1e-05,banded ADMM with dual certificate,0.015010469000117155,34,51,6,0.5*sum_train((z-y)^2)+lambda*sum(abs(Bz))
PDE,burgers,pod_tv_diff,POD+TV,4,0.01,4,0,1000.0,0.026625967151374025,"[1.8220721470629133, 15.608084805612512, 3.1973848267472578, 0.9061103517819291, 0.24388102766230804, 0.07672094950406941]","[1.8220721470520833, 15.608084805612073, 3.197384826746969, 0.9061103517818917, 0.2438810276622827, 0.0767209495040618]","[1.0830003560613477e-11, 4.3876013933186186e-13, 2.886579864025407e-13, 3.7414515929867775e-14, 2.5340840537069198e-14, 7.605027718682322e-15]","[5.943784156994489e-12, 2.8111081199026294e-14, 9.027940083652561e-14, 3.7414515929867775e-14, 2.5340840537069198e-14, 7.605027718682322e-15]",5.943784156994489e-12,9.414691248821327e-14,"[1.0850546869829016e-11, 4.2897486684664426e-13, 2.8572624355256494e-13, 3.704211697893917e-14, 2.5300475991297788e-14, 7.584916800300222e-15]",8.881784197001252e-16,9.370282327836321e-14,0.0,1.0,True,0,0.0,1e-05,affine exact solution,0.00029040800018265145,34,51,6,0.5*sum_train((z-y)^2)+lambda*sum(abs(Bz))
PDE,burgers,pod_tv_diff,POD+TV,4,0.01,4,1,0.0,0.00016876174347814975,"[0.0, 0.0, 0.0, 0.0, 0.0, 0.0]","[0.0, 0.0, 0.0, 0.0, 0.0, 0.0]","[0.0, 0.0, 0.0, 0.0, 0.0, 0.0]","[0.0, 0.0, 0.0, 0.0, 0.0, 0.0]",0.0,0.0,"[0.0, 0.0, 0.0, 0.0, 0.0, 0.0]",0.0,0.0,0.0,1.0,True,0,0.0,1e-05,zero-penalty interpolation,0.0003394119999029499,35,51,6,0.5*sum_train((z-y)^2)+lambda*sum(abs(Bz))
PDE,burgers,pod_tv_diff,POD+TV,4,0.01,4,1,0.0001,0.00017243503200878532,"[6.411316882150808e-05, 7.046327058246313e-05, 6.150085720888823e-05, 6.372765042664315e-05, 5.936988119388168e-05, 6.422388176616998e-05]","[6.378542797423576e-05, 7.027866234783414e-05, 6.11843340999566e-05, 6.33490112819649e-05, 5.909075164139089e-05, 6.393141151303012e-05]","[3.2774084727232183e-07, 1.846082346289871e-07, 3.1652310893162086e-07, 3.786391446782521e-07, 2.7912955249078704e-07, 2.9247025313985757e-07]","[3.2774084727232183e-07, 1.846082346289871e-07, 3.1652310893162086e-07, 3.786391446782521e-07, 2.7912955249078704e-07, 2.9247025313985757e-07]",3.786391446782521e-07,1.8053779884126108e-06,"[3.2773195996057755e-07, 1.8460381315508502e-07, 3.1651223934021363e-07, 3.78625168163523e-07, 2.791140810628017e-07, 2.9245936150605774e-07]",9.992954690256036e-05,2.710505431213761e-20,0.0,0.9939833257150802,True,25,0.01,1e-05,banded ADMM with dual certificate,0.0013261600001897023,35,51,6,0.5*sum_train((z-y)^2)+lambda*sum(abs(Bz))
PDE,burgers,pod_tv_diff,POD+TV,4,0.01,4,1,0.001,0.0001698366216210771,"[0.0005900557860928531, 0.0006697706769142894, 0.0005842512363294675, 0.0006064697836081319, 0.0005536643752149881, 0.0006022927302646721]","[0.0005849119447137816, 0.0006663974379046577, 0.0005771109322257476, 0.0006031382573646877, 0.0005449997801744114, 0.0005927994835599022]","[5.143841379071437e-06, 3.373239009631622e-06, 7.140304103719951e-06, 3.3315262434441923e-06, 8.664595040576732e-06, 9.49324670476996e-06]","[5.143841379071437e-06, 3.373239009631622e-06, 7.140304103719951e-06, 3.3315262434441923e-06, 8.664595040576732e-06, 9.49324670476996e-06]",9.49324670476996e-06,2.9633161906484143e-05,"[5.142284321279925e-06, 3.3729480673567926e-06, 7.13798634067325e-06, 3.331245410826615e-06, 8.663606999679695e-06, 9.489487235623162e-06]",0.0010907296011762463,4.336808689942018e-19,0.0,0.9901256444635784,True,25,0.01,1e-05,banded ADMM with dual certificate,0.0012395400003697432,35,51,6,0.5*sum_train((z-y)^2)+lambda*sum(abs(Bz))
PDE,burgers,pod_tv_diff,POD+TV,4,0.01,4,1,0.01,0.00016702686032246672,"[0.0036597854856791107, 0.004849851344753072, 0.005260718459866029, 0.004937413166275738, 0.004321197242020281, 0.004126789040411933]","[0.0036593714456752053, 0.004849091181404946, 0.005260242697275072, 0.004937266886105621, 0.00432004351495991, 0.004125449879410172]","[4.1404000390536655e-07, 7.601633481265149e-07, 4.7576259095717666e-07, 1.462801701166208e-07, 1.1537270603713748e-06, 1.3391610017609093e-06]","[4.1404000390536655e-07, 7.601633481265149e-07, 4.7576259095717666e-07, 1.462801701166208e-07, 1.1537270603713748e-06, 1.3391610017609093e-06]",1.3391610017609093e-06,2.652352546456127e-06,"[4.140395720485593e-07, 7.60156511955129e-07, 4.757624378253292e-07, 1.462801550037099e-07, 1.1537243278171745e-06, 1.339144987677187e-06]",3.38362335054708e-05,3.469446951953614e-18,0.0,0.9998702915465324,True,75,0.20400000000000001,1e-05,banded ADMM with dual certificate,0.0032509729999219417,35,51,6,0.5*sum_train((z-y)^2)+lambda*sum(abs(Bz))
PDE,burgers,pod_tv_diff,POD+TV,4,0.01,4,1,0.1,0.00017798149189254345,"[0.03004038308448611, 0.03964303795518367, 0.04701832144660243, 0.042818018928890096, 0.03460725956026004, 0.02708261346321455]","[0.030039750095950626, 0.03963814190741638, 0.04701832136057704, 0.04281796663978673, 0.03460725955991686, 0.02708261346321427]","[6.329885354830478e-07, 4.896047767287415e-06, 8.602538820179362e-11, 5.228910336663173e-08, 3.431838146994437e-13, 2.7755575615628914e-16]","[6.329885354830478e-07, 4.896047767287415e-06, 8.602538820179362e-11, 5.228910336663173e-08, 3.431838146994437e-13, 2.7755575615628914e-16]",4.896047767287415e-06,2.7723787573291636e-07,"[6.329885291651849e-07, 4.896047583531626e-06, 8.602547146852046e-11, 5.228910322785385e-08, 3.431768758055398e-13, 2.914335439641036e-16]",6.55371244850933e-06,2.7755575615628914e-17,0.0,0.9999916798610197,True,225,1.02,1e-05,banded ADMM with dual certificate,0.01007969200009029,35,51,6,0.5*sum_train((z-y)^2)+lambda*sum(abs(Bz))
PDE,burgers,pod_tv_diff,POD+TV,4,0.01,4,1,1.0,0.0005216939287218475,"[0.24767849067836506, 0.33990758066550186, 0.38388631221024955, 0.34515117413772994, 0.20861964852547382, 0.0795324840687115]","[0.2476784904530281, 0.33990758066547033, 0.3838863122102332, 0.34515117413772395, 0.20861964852547266, 0.0795230031828798]","[2.253369713045572e-10, 3.1530333899354446e-14, 1.63202784619898e-14, 5.995204332975845e-15, 1.1657341758564144e-15, 9.480885831691932e-06]","[2.253369713045572e-10, 3.1530333899354446e-14, 1.63202784619898e-14, 5.995204332975845e-15, 1.1657341758564144e-15, 9.480885831691932e-06]",9.480885831691932e-06,2.4349953955948855e-08,"[2.2533638843746928e-10, 3.0531133177191805e-14, 1.6486811915683575e-14, 6.050715484207103e-15, 1.1379786002407855e-15, 9.48088582796618e-06]",4.3108504782507495e-07,2.220446049250313e-16,0.0,0.999999780675885,True,1300,10.2,1e-05,banded ADMM with dual certificate,0.0576757369999541,35,51,6,0.5*sum_train((z-y)^2)+lambda*sum(abs(Bz))
PDE,burgers,pod_tv_diff,POD+TV,4,0.01,4,1,10.0,0.0035049300928806496,"[1.318520548352515, 2.669239544859299, 2.5879166600313637, 0.9503897880040316, 0.23818486356857607, 0.07962904649174693]","[1.3185205483522344, 2.6692395441371493, 2.587916660031319, 0.9503815301288195, 0.2381828520398623, 0.07962788326252981]","[2.8066438062523957e-13, 7.221498954379513e-10, 4.4853010194856324e-14, 8.25787521208099e-06, 2.011528713763422e-06, 1.1632292171159797e-06]","[2.1286310704518663e-13, 2.705451808657425e-10, 1.7331705803197208e-14, 8.25787521208099e-06, 2.011528713763422e-06, 1.1632292171159797e-06]",8.25787521208099e-06,8.632308756695295e-11,"[2.787770014833768e-13, 7.221454545458528e-10, 4.440892098500626e-14, 8.257875212300014e-06, 2.0115287138002424e-06, 1.1632292171131883e-06]",4.3552458084406e-08,1.7763568394002505e-15,0.0,0.9999999996025972,True,1850,51.0,1e-05,banded ADMM with dual certificate,0.08868559599977743,35,51,6,0.5*sum_train((z-y)^2)+lambda*sum(abs(Bz))
PDE,burgers,pod_tv_diff,POD+TV,4,0.01,4,1,100.0,0.01839475900709577,"[1.941510168554339, 15.53017765129464, 3.343774414766811, 0.9503848735244094, 0.23818346820407393, 0.07962823170026913]","[1.9414924575923633, 15.5301776510616, 3.3437692380168924, 0.9503815303226215, 0.23818285204612097, 0.07962788326452179]","[1.7710961975669903e-05, 2.3304025376091886e-10, 5.176749918511803e-06, 3.3432017878531894e-06, 6.161579529651018e-07, 3.4843574733822713e-07]","[9.122260734208567e-06, 1.500563992205794e-11, 1.5481755873393213e-06, 3.3432017878531894e-06, 6.161579529651018e-07, 3.4843574733822713e-07]",9.122260734208567e-06,7.560618797697316e-14,"[1.771096198685859e-05, 2.3303758922565976e-10, 5.176749918273668e-06, 3.343201787615682e-06, 6.161579529738511e-07, 3.484357473736688e-07]",8.068585799492212e-09,1.4210854715202004e-14,0.0,1.0,True,250,255.0,1e-05,banded ADMM with dual certificate,0.01011108000011518,35,51,6,0.5*sum_train((z-y)^2)+lambda*sum(abs(Bz))
PDE,burgers,pod_tv_diff,POD+TV,4,0.01,4,1,1000.0,0.024521107345959293,"[1.9414924576123906, 16.167051881553498, 3.343769238017631, 0.9503815303228164, 0.23818285204615086, 0.07962788326453303]","[1.9414924575990193, 16.167051881553004, 3.343769238017302, 0.9503815303227864, 0.23818285204612633, 0.07962788326452347]","[1.337130406398046e-11, 4.938272013532696e-13, 3.290701044988964e-13, 2.9976021664879227e-14, 2.453592884421596e-14, 9.56179579958416e-15]","[6.8871264534420225e-12, 3.054528463020047e-14, 9.841292298447818e-14, 2.9976021664879227e-14, 2.453592884421596e-14, 9.56179579958416e-15]",6.8871264534420225e-12,2.842170943040401e-14,"[1.3367015367646838e-11, 4.932558317309137e-13, 3.296828830340065e-13, 2.98516178987828e-14, 2.4559564618103586e-14, 9.581684135784933e-15]",1.3322676295501878e-15,2.842170943040401e-14,0.0,1.0,True,0,0.0,1e-05,affine exact solution,0.0003051900002901675,35,51,6,0.5*sum_train((z-y)^2)+lambda*sum(abs(Bz))
PDE,burgers,pod_tv_diff,POD+TV,4,0.01,4,2,0.0,0.00015503975477243036,"[0.0, 0.0, 0.0, 0.0, 0.0, 0.0]","[0.0, 0.0, 0.0, 0.0, 0.0, 0.0]","[0.0, 0.0, 0.0, 0.0, 0.0, 0.0]","[0.0, 0.0, 0.0, 0.0, 0.0, 0.0]",0.0,0.0,"[0.0, 0.0, 0.0, 0.0, 0.0, 0.0]",0.0,0.0,0.0,1.0,True,0,0.0,1e-05,zero-penalty interpolation,0.0003948149997086148,35,51,6,0.5*sum_train((z-y)^2)+lambda*sum(abs(Bz))
PDE,burgers,pod_tv_diff,POD+TV,4,0.01,4,2,0.0001,0.00015600352986831965,"[5.955411547218674e-05, 6.169115848731777e-05, 6.498661317412262e-05, 5.903375591510976e-05, 6.873081922907938e-05, 5.917394118905892e-05]","[5.913335997990689e-05, 6.0868964131115683e-05, 6.467511814459538e-05, 5.852885116389907e-05, 6.80693517493487e-05, 5.88218953308043e-05]","[4.207554922798463e-07, 8.221943562020849e-07, 3.114950295272348e-07, 5.049047512106918e-07, 6.614674797306792e-07, 3.520458582546184e-07]","[4.207554922798463e-07, 8.221943562020849e-07, 3.114950295272348e-07, 5.049047512106918e-07, 6.614674797306792e-07, 3.520458582546184e-07]",8.221943562020849e-07,3.938253560607666e-06,"[4.2071929205161326e-07, 8.221238875601904e-07, 3.1147076364807956e-07, 5.048703819103241e-07, 6.613964447577992e-07, 3.5201999460345896e-07]",0.00010053020876498475,2.710505431213761e-20,0.0,0.9868875599918288,True,25,0.01,1e-05,banded ADMM with dual certificate,0.001271137000003364,35,51,6,0.5*sum_train((z-y)^2)+lambda*sum(abs(Bz))
PDE,burgers,pod_tv_diff,POD+TV,4,0.01,4,2,0.001,0.00015409914236097703,"[0.0005281644414682655, 0.0005844853055408909, 0.0006123036634995085, 0.0005630231963993347, 0.0006263229980122727, 0.0005345749548090932]","[0.0005221476458743255, 0.0005800028047694341, 0.0006090993729764801, 0.0005533432221159315, 0.0006188044887022633, 0.0005278296292393469]","[6.016795593939976e-06, 4.482500771456842e-06, 3.20429052302841e-06, 9.679974283403154e-06, 7.5185093100094006e-06, 6.745325569746351e-06]","[6.016795593939976e-06, 4.482500771456842e-06, 3.20429052302841e-06, 9.679974283403154e-06, 7.5185093100094006e-06, 6.745325569746351e-06]",9.679974283403154e-06,3.282445798907189e-05,"[6.016018590657569e-06, 4.482188537375913e-06, 3.204210045296401e-06, 9.676655372659916e-06, 7.517369104943837e-06, 6.743872050753467e-06]",0.0010303199825911211,2.168404344971009e-19,0.0,0.9890639080750541,True,25,0.01,1e-05,banded ADMM with dual certificate,0.0012800199997400341,35,51,6,0.5*sum_train((z-y)^2)+lambda*sum(abs(Bz))
PDE,burgers,pod_tv_diff,POD+TV,4,0.01,4,2,0.01,0.00015369734847425304,"[0.003470817280021885, 0.004677835599243284, 0.005174280111836195, 0.004840084408829544, 0.004395884613701947, 0.003609482967373233]","[0.0034708170798187603, 0.004677065081540136, 0.005174236141149702, 0.004839900004918719, 0.004391327581611542, 0.0036078891545658206]","[2.0020312491153547e-10, 7.705177031483434e-07, 4.397068649290847e-08, 1.844039108243531e-07, 4.557032090404638e-06, 1.5938128074123419e-06]","[2.0020312491153547e-10, 7.705177031483434e-07, 4.397068649290847e-08, 1.844039108243531e-07, 4.557032090404638e-06, 1.5938128074123419e-06]",4.557032090404638e-06,1.2194608129088846e-06,"[2.0020308978338508e-10, 7.705161300646662e-07, 4.397068305642127e-08, 1.8440374873352622e-07, 4.557031175525354e-06, 1.5938082266390811e-06]",9.400615450621402e-05,3.469446951953614e-18,0.0,0.9999054626412432,True,75,0.20400000000000001,1e-05,banded ADMM with dual certificate,0.0033508530000290193,35,51,6,0.5*sum_train((z-y)^2)+lambda*sum(abs(Bz))
PDE,burgers,pod_tv_diff,POD+TV,4,0.01,4,2,0.1,0.00016437933087393996,"[0.0295733384876617, 0.0401704269730571, 0.04633315022516518, 0.04231717749798383, 0.03421739024140035, 0.02686659751617771]","[0.029570657483371635, 0.040164576730652525, 0.04633312249312583, 0.04231593824647133, 0.034217334822851685, 0.02686659744982988]","[2.681004290065736e-06, 5.850242404577266e-06, 2.7732039352412752e-08, 1.2392515125053682e-06, 5.541854866675244e-08, 6.634783000780686e-11]","[2.681004290065736e-06, 5.850242404577266e-06, 2.7732039352412752e-08, 1.2392515125053682e-06, 5.541854866675244e-08, 6.634783000780686e-11]",5.850242404577266e-06,8.805319170329673e-08,"[2.681004272878096e-06, 5.850242381956472e-06, 2.7732039380168327e-08, 1.2392515079950872e-06, 5.541854853491346e-08, 6.634783347725381e-11]",7.078482687328247e-06,2.7755575615628914e-17,0.0,0.9999969040001002,True,175,0.51,1e-05,banded ADMM with dual certificate,0.006912625000040862,35,51,6,0.5*sum_train((z-y)^2)+lambda*sum(abs(Bz))
PDE,burgers,pod_tv_diff,POD+TV,4,0.01,4,2,1.0,0.000497131224670202,"[0.24296994578895437, 0.34459469848694557, 0.37989194611854815, 0.3442266554980371, 0.20847553344705436, 0.08146651493344666]","[0.24296994577821812, 0.3445946984063027, 0.37989190802239886, 0.34422665549801273, 0.20847553344705297, 0.08145762821032745]","[1.0736245226183883e-11, 8.064288126163888e-11, 3.8096149290733905e-08, 2.4369395390522186e-14, 1.3877787807814457e-15, 8.886723119203022e-06]","[1.0736245226183883e-11, 8.064288126163888e-11, 3.8096149290733905e-08, 2.4369395390522186e-14, 1.3877787807814457e-15, 8.886723119203022e-06]",8.886723119203022e-06,1.0613933543179854e-07,"[1.0736522781940039e-11, 8.064204859437041e-11, 3.809614912420045e-08, 2.4369395390522186e-14, 1.3600232051658168e-15, 8.8867230492941e-06]",4.405933022866293e-07,2.220446049250313e-16,0.0,0.9999990689511793,True,900,20.4,1e-05,banded ADMM with dual certificate,0.03864932099986618,35,51,6,0.5*sum_train((z-y)^2)+lambda*sum(abs(Bz))
PDE,burgers,pod_tv_diff,POD+TV,4,0.01,4,2,10.0,0.0035073859540902495,"[1.295597002987328, 2.679075283691548, 2.5587098549745884, 0.9466073730441404, 0.24049258962220393, 0.08148014633281508]","[1.2955970029744868, 2.6790752415702204, 2.5587098549745475, 0.9465980714502333, 0.24049020406951285, 0.08147890829508378]","[1.284128359202441e-11, 4.21213277590482e-08, 4.085620730620576e-14, 9.301593907107275e-06, 2.3855526910809832e-06, 1.2380377313048196e-06]","[9.911479852466136e-12, 1.5722338231947117e-08, 1.596750300811716e-14, 9.301593907107275e-06, 2.3855526910809832e-06, 1.2380377313048196e-06]",9.301593907107275e-06,2.969951146125638e-09,"[1.2836731677623447e-11, 4.212132820313741e-08, 4.218847493575595e-14, 9.301593907289924e-06, 2.3855526911326086e-06, 1.2380377313396136e-06]",3.1949547718568283e-07,3.552713678800501e-15,0.0,0.9999999859209933,True,975,25.5,1e-05,banded ADMM with dual certificate,0.06482873899994956,35,51,6,0.5*sum_train((z-y)^2)+lambda*sum(abs(Bz))
PDE,burgers,pod_tv_diff,POD+TV,4,0.01,4,2,100.0,0.018166506378107253,"[1.9418516766506198, 15.585850777989151, 3.293855557412716, 0.9466014231620491, 0.24049085571305087, 0.08147923748582865]","[1.9418336745605864, 15.585850777708096, 3.2938502190246046, 0.9465980716967066, 0.24049020407837582, 0.08147890829733265]","[1.8002090033331086e-05, 2.8105517912990763e-10, 5.338388111564285e-06, 3.351465342471549e-06, 6.516346750529145e-07, 3.291884960038294e-07]","[9.270579339191232e-06, 1.8032713332968835e-11, 1.6207110538136422e-06, 3.351465342471549e-06, 6.516346750529145e-07, 3.291884960038294e-07]",9.270579339191232e-06,4.340972026284362e-14,"[1.800209002701241e-05, 2.8104985005938943e-10, 5.338388111727967e-06, 3.3514653422335844e-06, 6.516346751337772e-07, 3.291884959772385e-07]",8.243862481549513e-09,1.4210854715202004e-14,0.0,1.0,True,250,255.0,1e-05,banded ADMM with dual certificate,0.019619880999925954,35,51,6,0.5*sum_train((z-y)^2)+lambda*sum(abs(Bz))
PDE,burgers,pod_tv_diff,POD+TV,4,0.01,4,2,1000.0,0.02413701344803289,"[1.941833674576584, 16.225352511528346, 3.2938502190253467, 0.946598071696923, 0.24049020407840213, 0.08147890829733828]","[1.9418336745675493, 16.225352511527895, 3.293850219025041, 0.946598071696872, 0.2404902040783817, 0.08147890829733417]","[9.034772929794599e-12, 4.511946372076636e-13, 3.055333763768431e-13, 5.0959236830294685e-14, 2.042810365310288e-14, 4.107825191113079e-15]","[4.652701746849985e-12, 2.780800213043651e-14, 9.275873402259641e-14, 5.0959236830294685e-14, 2.042810365310288e-14, 4.107825191113079e-15]",4.652701746849985e-12,9.836575998178887e-14,"[9.054006544979603e-12, 4.520835791361994e-13, 3.058171304413622e-13, 5.0639844038719214e-14, 2.0385515241331877e-14, 4.136670100662769e-15]",8.881784197001252e-16,1.4210854715202004e-14,0.0,1.0,True,0,0.0,1e-05,affine exact solution,0.0005670049999935145,35,51,6,0.5*sum_train((z-y)^2)+lambda*sum(abs(Bz))
PDE,fisher_kpp,tv_diff,TV,0,0.01,4,0,0.0,0.0001453908044959662,"[0.0, 0.0, 0.0, 0.0, 0.0, 0.0, 0.0, 0.0]","[0.0, 0.0, 0.0, 0.0, 0.0, 0.0, 0.0, 0.0]","[0.0, 0.0, 0.0, 0.0, 0.0, 0.0, 0.0, 0.0]","[0.0, 0.0, 0.0, 0.0, 0.0, 0.0, 0.0, 0.0]",0.0,0.0,"[0.0, 0.0, 0.0, 0.0, 0.0, 0.0, 0.0, 0.0]",0.0,0.0,0.0,1.0,True,0,0.0,1e-05,zero-penalty interpolation,0.00039860099968791474,34,51,8,0.5*sum_train((z-y)^2)+lambda*sum(abs(Bz))
PDE,fisher_kpp,tv_diff,TV,0,0.01,4,0,0.0001,0.0001562016839215272,"[3.777899672257296e-05, 5.747192722760121e-05, 4.3193017613107056e-05, 3.713186001009914e-05, 4.3458689964286154e-05, 4.543393705863013e-05, 6.716198009035524e-05, 5.301970221802665e-05]","[3.7513343534351056e-05, 5.70296325355929e-05, 4.2865432622748644e-05, 3.6926112107376244e-05, 4.320218280487696e-05, 4.513990099409402e-05, 6.6844446720114e-05, 5.2648664017446356e-05]","[2.656531882219064e-07, 4.422946920083109e-07, 3.275849903584127e-07, 2.0574790272289594e-07, 2.5650715940919423e-07, 2.9403606453611047e-07, 3.175333702412473e-07, 3.7103820058029296e-07]","[2.656531882219064e-07, 4.422946920083109e-07, 3.275849903584127e-07, 2.0574790272289594e-07, 2.5650715940919423e-07, 2.9403606453611047e-07, 3.175333702412473e-07, 3.7103820058029296e-07]",4.422946920083109e-07,1.7556395002857198e-06,"[2.6563169153126195e-07, 4.4225872523832974e-07, 3.275674751926084e-07, 2.0574019208297587e-07, 2.5648569893986734e-07, 2.940109374123808e-07, 3.175171829223602e-07, 3.710115935872424e-07]",0.00010035313488816606,1.517049561059608e-14,0.0,0.9941629783996423,True,25,0.01,1e-05,banded ADMM with dual certificate,0.0014373979997799324,34,51,8,0.5*sum_train((z-y)^2)+lambda*sum(abs(Bz))
PDE,fisher_kpp,tv_diff,TV,0,0.01,4,0,0.001,0.0001441822119692742,"[0.00030516698521584743, 0.0004919088658174817, 0.000362639501015019, 0.0003035588396846967, 0.0003755152647383846, 0.0003745863117532559, 0.0005881849491345322, 0.00047079916822500824]","[0.00029804375007201725, 0.00048388782717336454, 0.0003549443339899888, 0.00029616878683903596, 0.00036816870976657265, 0.0003685736642632304, 0.0005781974031482857, 0.0004623338299418044]","[7.123235143830181e-06, 8.021038644117186e-06, 7.6951670250302e-06, 7.390052845660758e-06, 7.346554971811921e-06, 6.012647490025527e-06, 9.987545986246487e-06, 8.465338283203839e-06]","[7.123235143830181e-06, 8.021038644117186e-06, 7.6951670250302e-06, 7.390052845660758e-06, 7.346554971811921e-06, 6.012647490025527e-06, 9.987545986246487e-06, 8.465338283203839e-06]",9.987545986246487e-06,2.7829054171980318e-05,"[7.117148545935135e-06, 8.019511284636325e-06, 7.694723217481492e-06, 7.388869464206027e-06, 7.345306900034972e-06, 6.011694105169873e-06, 9.984735514372164e-06, 8.4625863709797e-06]",0.0009887967593613656,2.1508619538201934e-14,0.0,0.9907354919005145,True,25,0.01,1e-05,banded ADMM with dual certificate,0.0013604220002889633,34,51,8,0.5*sum_train((z-y)^2)+lambda*sum(abs(Bz))
PDE,fisher_kpp,tv_diff,TV,0,0.01,4,0,0.01,0.00012482255664222406,"[0.000877339402564022, 0.0014093998861382114, 0.0011735384791108248, 0.0007038348174392914, 0.001198544481778344, 0.0013387235826960008, 0.001923599072924009, 0.0019446144531670905]","[0.000877112650551101, 0.0014069984614599733, 0.0011695870156802905, 0.0006967193534186274, 0.0011973636996518325, 0.0013387038853170797, 0.0019235987099944624, 0.0019445772235224213]","[2.2675201292099087e-07, 2.401424678238071e-06, 3.951463430534267e-06, 7.115464020663936e-06, 1.1807821265114905e-06, 1.969737892107762e-08, 3.629295466586746e-10, 3.722964466920664e-08]","[2.2675201292099087e-07, 2.401424678238071e-06, 3.951463430534267e-06, 7.115464020663936e-06, 1.1807821265114905e-06, 1.969737892107762e-08, 3.629295466586746e-10, 3.722964466920664e-08]",7.115464020663936e-06,2.4764740221353e-06,"[2.267508880311774e-07, 2.4013987098029863e-06, 3.951452348148932e-06, 7.115460546658212e-06, 1.180780496875069e-06, 1.9697376170565127e-08, 3.6293244977262176e-10, 3.722960149150564e-08]",0.00011531053764263222,9.081277396738585e-15,0.0,0.9998425140311675,True,150,0.40800000000000003,1e-05,banded ADMM with dual certificate,0.00652814600016427,34,51,8,0.5*sum_train((z-y)^2)+lambda*sum(abs(Bz))
PDE,fisher_kpp,tv_diff,TV,0,0.01,4,0,0.1,0.00011590560926066969,"[0.002035200147057893, 0.003418790048099793, 0.0027274185450501375, 0.001975817925909598, 0.0031823987971113478, 0.0037446018340829687, 0.004428282523107186, 0.0030169975585087353]","[0.0020350431665185457, 0.003417939144214916, 0.002724861274010077, 0.001968243228909858, 0.0031823900012514263, 0.0037446017483646205, 0.004428282523100598, 0.003013527106245431]","[1.5698053934705414e-07, 8.509038848768247e-07, 2.557271040060441e-06, 7.574696999740251e-06, 8.795859921494065e-09, 8.571834821807789e-11, 6.587612400021925e-15, 3.470452263304273e-06]","[1.5698053934705414e-07, 8.509038848768247e-07, 2.557271040060441e-06, 7.574696999740251e-06, 8.795859921494065e-09, 8.571834821807789e-11, 6.587612400021925e-15, 3.470452263304273e-06]",7.574696999740251e-06,9.511376077540878e-07,"[1.569805298826197e-07, 8.509038631769519e-07, 2.557271034025555e-06, 7.574695301120491e-06, 8.795861888236806e-09, 8.571934481671484e-11, 5.175981171445798e-15, 3.470452212314245e-06]",2.1400755992107e-05,9.728329253277934e-15,0.0,0.9999533517951527,True,300,2.04,1e-05,banded ADMM with dual certificate,0.013255321999622538,34,51,8,0.5*sum_train((z-y)^2)+lambda*sum(abs(Bz))
PDE,fisher_kpp,tv_diff,TV,0,0.01,4,0,1.0,0.00023063388422574742,"[0.0054946915224461275, 0.013580630118779366, 0.013269460865541958, 0.009859953883153753, 0.012436071635265271, 0.021216501140570165, 0.024198580599418252, 0.005144357652929565]","[0.005493666775559167, 0.013580630118772537, 0.01326946086553732, 0.009859953882967051, 0.012436071635129407, 0.021216501140567647, 0.024198580599415546, 0.005137373037188888]","[1.0247468869607756e-06, 6.8296063249206895e-15, 4.638650574761982e-15, 1.8670134882547984e-13, 1.3586354263850353e-13, 2.518818487118324e-15, 2.706168622523819e-15, 6.984615740677005e-06]","[1.0247468869607756e-06, 6.8296063249206895e-15, 4.638650574761982e-15, 1.8670134882547984e-13, 1.3586354263850353e-13, 2.518818487118324e-15, 2.706168622523819e-15, 6.984615740677005e-06]",6.984615740677005e-06,4.0623494332314714e-08,"[1.02474688829738e-06, 8.628514569508638e-15, 1.0356299151581538e-14, 1.8945435498185503e-13, 1.4526921332524978e-13, 3.2890357104520263e-15, 3.514549762329011e-15, 6.984615730238686e-06]",4.560816997956074e-07,9.38832345198648e-15,0.0,0.9999990166359951,True,850,20.4,1e-05,banded ADMM with dual certificate,0.03563824000002569,34,51,8,0.5*sum_train((z-y)^2)+lambda*sum(abs(Bz))
PDE,fisher_kpp,tv_diff,TV,0,0.01,4,0,10.0,0.001967538928810752,"[0.0057027109508836025, 0.03045312443276099, 0.032054191523559504, 0.020563630647758093, 0.024740404948008794, 0.07653135040242022, 0.08573258542789226, 0.005176523869675948]","[0.00570271095086624, 0.030453124432718068, 0.03205419152352944, 0.020563630647729966, 0.024740404947988733, 0.07653135040240173, 0.08573258542787508, 0.005176523869647415]","[1.7362847271051862e-14, 4.292052824261816e-14, 3.006622728563002e-14, 2.812680643948795e-14, 2.0060342276195797e-14, 1.8485213360008856e-14, 1.7180701306074297e-14, 2.853273173286652e-14]","[1.7362847271051862e-14, 4.292052824261816e-14, 3.006622728563002e-14, 2.812680643948795e-14, 2.0060342276195797e-14, 1.8485213360008856e-14, 1.7180701306074297e-14, 2.853273173286652e-14]",4.292052824261816e-14,1.3350431871117507e-14,"[2.164983761426275e-14, 3.066945702111024e-14, 2.929457842940137e-14, 2.822502824781399e-14, 3.1563918946108476e-14, 1.8046824243280103e-14, 1.8745983758931566e-14, 2.7666244498710662e-14]",4.440892098500626e-16,1.3350431871117507e-14,0.0,1.0,True,0,0.0,1e-05,affine exact solution,0.00033164999967993936,34,51,8,0.5*sum_train((z-y)^2)+lambda*sum(abs(Bz))
PDE,fisher_kpp,tv_diff,TV,0,0.01,4,0,100.0,0.001967538928810752,"[0.005702710951077896, 0.030453124433036712, 0.03205419152382641, 0.02056363064801053, 0.02474040494828971, 0.07653135040258327, 0.08573258542806103, 0.005176523869924849]","[0.00570271095086624, 0.030453124432718068, 0.03205419152352944, 0.020563630647729966, 0.024740404947988733, 0.07653135040240173, 0.08573258542787508, 0.005176523869647415]","[2.116562133891442e-13, 3.186444164082758e-13, 2.9697078129942156e-13, 2.805637666636329e-13, 3.00977992528928e-13, 1.815353423140209e-13, 1.859484788369059e-13, 2.7743345815123277e-13]","[2.116562133891442e-13, 3.186444164082758e-13, 2.9697078129942156e-13, 2.805637666636329e-13, 3.00977992528928e-13, 1.815353423140209e-13, 1.859484788369059e-13, 2.7743345815123277e-13]",3.186444164082758e-13,1.3350431871117507e-14,"[2.159438530268877e-13, 3.063918924094468e-13, 2.9620290890264206e-13, 2.806652808992914e-13, 3.1248296404895223e-13, 1.8108533094899758e-13, 1.8751335698206509e-13, 2.7656686383303716e-13]",4.440892098500626e-16,1.3350431871117507e-14,0.0,1.0,True,0,0.0,1e-05,affine exact solution,0.0002345540001442714,34,51,8,0.5*sum_train((z-y)^2)+lambda*sum(abs(Bz))
PDE,fisher_kpp,tv_diff,TV,0,0.01,4,0,1000.0,0.001967538928810752,"[0.0057027109530208364, 0.030453124435793937, 0.032054191526495496, 0.020563630650534934, 0.0247404049510989, 0.07653135040421365, 0.08573258542974871, 0.005176523872413854]","[0.00570271095086624, 0.030453124432718068, 0.03205419152352944, 0.020563630647729966, 0.024740404947988733, 0.07653135040240173, 0.08573258542787508, 0.005176523869647415]","[2.1545968134639715e-12, 3.0758694202770442e-12, 2.9660579548007604e-12, 2.804968063374602e-12, 3.1101683728440577e-12, 1.8119117317638711e-12, 1.873626254145222e-12, 2.7664389876114193e-12]","[2.1545968134639715e-12, 3.0758694202770442e-12, 2.9660579548007604e-12, 2.804968063374602e-12, 3.1101683728440577e-12, 1.8119117317638711e-12, 1.873626254145222e-12, 2.7664389876114193e-12]",3.1101683728440577e-12,1.3350431871117507e-14,"[2.1588840071531373e-12, 3.0636162462928125e-12, 2.9652862136350493e-12, 2.805067807414065e-12, 3.12167341507739e-12, 1.8114703980061722e-12, 1.8751870892134e-12, 2.765573057176302e-12]",4.440892098500626e-16,1.3350431871117507e-14,0.0,1.0,True,0,0.0,1e-05,affine exact solution,0.00022234500011109049,34,51,8,0.5*sum_train((z-y)^2)+lambda*sum(abs(Bz))
PDE,fisher_kpp,tv_diff,TV,0,0.01,4,1,0.0,0.0001562954313859989,"[0.0, 0.0, 0.0, 0.0, 0.0, 0.0, 0.0, 0.0]","[0.0, 0.0, 0.0, 0.0, 0.0, 0.0, 0.0, 0.0]","[0.0, 0.0, 0.0, 0.0, 0.0, 0.0, 0.0, 0.0]","[0.0, 0.0, 0.0, 0.0, 0.0, 0.0, 0.0, 0.0]",0.0,0.0,"[0.0, 0.0, 0.0, 0.0, 0.0, 0.0, 0.0, 0.0]",0.0,0.0,0.0,1.0,True,0,0.0,1e-05,zero-penalty interpolation,0.00034817499999917345,35,51,8,0.5*sum_train((z-y)^2)+lambda*sum(abs(Bz))
PDE,fisher_kpp,tv_diff,TV,0,0.01,4,1,0.0001,0.00017470519270637125,"[4.270885228974148e-05, 6.93264753913891e-05, 4.1377707658138936e-05, 4.210482268700579e-05, 5.155250578562221e-05, 4.44895141931594e-05, 5.82890995658517e-05, 4.095901888331588e-05]","[4.2245169044212696e-05, 6.878621393976699e-05, 4.093688865898664e-05, 4.183146523604573e-05, 5.1322816952289815e-05, 4.413973741640992e-05, 5.7928337782605765e-05, 4.0602145665433805e-05]","[4.636832455287836e-07, 5.402614516221167e-07, 4.4081899915229914e-07, 2.7335745096005533e-07, 2.2968883333239536e-07, 3.49776776749476e-07, 3.6076178324593683e-07, 3.5687321788207773e-07]","[4.636832455287836e-07, 5.402614516221167e-07, 4.4081899915229914e-07, 2.7335745096005533e-07, 2.2968883333239536e-07, 3.49776776749476e-07, 3.6076178324593683e-07, 3.5687321788207773e-07]",5.402614516221167e-07,2.874776558202711e-06,"[4.6358590548789617e-07, 5.402195565105505e-07, 4.407279338933956e-07, 2.7333573879534894e-07, 2.2967287080070422e-07, 3.4972866259622333e-07, 3.607412470052872e-07, 3.568330809625465e-07]",0.0001006934083741236,2.710505431213761e-20,0.0,0.990437958291292,True,25,0.01,1e-05,banded ADMM with dual certificate,0.0014196510001056595,35,51,8,0.5*sum_train((z-y)^2)+lambda*sum(abs(Bz))
PDE,fisher_kpp,tv_diff,TV,0,0.01,4,1,0.001,0.0001575109799303693,"[0.000350284291932155, 0.0006036664895854503, 0.0003408900681041114, 0.00034755309382116076, 0.00044797738833272477, 0.0003747274329855434, 0.0004957234478332834, 0.0003306163861025633]","[0.0003428244389607559, 0.0005979979055436005, 0.00033287459607860177, 0.00033844175022367873, 0.0004421804608682907, 0.0003669230618241327, 0.0004884180596746298, 0.0003229151965969464]","[7.459852971399103e-06, 5.668584041849836e-06, 8.015472025509605e-06, 9.111343597482024e-06, 5.796927464434053e-06, 7.804371161410724e-06, 7.305388158653533e-06, 7.701189505616914e-06]","[7.459852971399103e-06, 5.668584041849836e-06, 8.015472025509605e-06, 9.111343597482024e-06, 5.796927464434053e-06, 7.804371161410724e-06, 7.305388158653533e-06, 7.701189505616914e-06]",9.111343597482024e-06,4.723318255561975e-05,"[7.4581281574647926e-06, 5.6676246547499075e-06, 8.010679334160458e-06, 9.105899276273214e-06, 5.796324292402038e-06, 7.803267286035664e-06, 7.303170537494453e-06, 7.680862125376657e-06]",0.0008368612008483045,2.168404344971009e-19,0.0,0.9843315956946537,True,25,0.01,1e-05,banded ADMM with dual certificate,0.0013637170000038168,35,51,8,0.5*sum_train((z-y)^2)+lambda*sum(abs(Bz))
PDE,fisher_kpp,tv_diff,TV,0,0.01,4,1,0.01,0.00013513974342722743,"[0.001130016853271, 0.0017065232791020886, 0.000984956924487562, 0.0009274570496269235, 0.0016548130268011778, 0.0012769136120182893, 0.001558417489166189, 0.0011499062501695726]","[0.0011247138146657492, 0.0017053472297854219, 0.0009807669620227359, 0.0009190487548740383, 0.0016526749599806642, 0.0012733361337826923, 0.0015542711061722284, 0.0011494132117376432]","[5.3030386052508455e-06, 1.1760493166667208e-06, 4.189962464826082e-06, 8.40829475288519e-06, 2.138066820513585e-06, 3.5774782355970074e-06, 4.1463829939605585e-06, 4.930384319293615e-07]","[5.3030386052508455e-06, 1.1760493166667208e-06, 4.189962464826082e-06, 8.40829475288519e-06, 2.138066820513585e-06, 3.5774782355970074e-06, 4.1463829939605585e-06, 4.930384319293615e-07]",8.40829475288519e-06,7.19170789101678e-06,"[5.302972916503598e-06, 1.176032864936118e-06, 4.189905607250279e-06, 8.408177270213297e-06, 2.1378928337670257e-06, 3.577431083336938e-06, 4.146278230824025e-06, 4.929979375291023e-07]",0.00013203258673335355,3.469446951953614e-18,0.0,0.9995894172182518,True,100,0.40800000000000003,1e-05,banded ADMM with dual certificate,0.004763464000006934,35,51,8,0.5*sum_train((z-y)^2)+lambda*sum(abs(Bz))
PDE,fisher_kpp,tv_diff,TV,0,0.01,4,1,0.1,0.00013305339173430033,"[0.00211362982785299, 0.0032830733521545547, 0.0025591379239732464, 0.002347342637092655, 0.0034961659718848914, 0.0036832790899352427, 0.004140160148923369, 0.00241653660738089]","[0.0021135911143701884, 0.0032749123909732065, 0.002558367332606809, 0.002346728331406367, 0.0034951002130022384, 0.003683279089326256, 0.0041401601486789575, 0.0024116967955745486]","[3.8713482801433496e-08, 8.160961181348167e-06, 7.705913664373537e-07, 6.143056862882579e-07, 1.065758882653079e-06, 6.0898681930599e-13, 2.4441126206253827e-13, 4.839811806341306e-06]","[3.8713482801433496e-08, 8.160961181348167e-06, 7.705913664373537e-07, 6.143056862882579e-07, 1.065758882653079e-06, 6.0898681930599e-13, 2.4441126206253827e-13, 4.839811806341306e-06]",8.160961181348167e-06,4.058422038433207e-07,"[3.8713482755354904e-08, 8.160960767014886e-06, 7.705913650474065e-07, 6.143056843687864e-07, 1.0657588770371287e-06, 6.089920234764179e-13, 2.4439738427473046e-13, 4.8398116805712516e-06]",1.1197663333240016e-05,2.7755575615628914e-17,0.0,0.9999851156295266,True,400,2.04,1e-05,banded ADMM with dual certificate,0.01717996099978336,35,51,8,0.5*sum_train((z-y)^2)+lambda*sum(abs(Bz))
PDE,fisher_kpp,tv_diff,TV,0,0.01,4,1,1.0,0.0002412240736678049,"[0.004095538192973411, 0.013664139431889297, 0.013555061848637289, 0.01131312291836631, 0.013173784321192504, 0.021647369627380626, 0.022617108248333916, 0.004462385913240545]","[0.004094328723548271, 0.01366413939838404, 0.013555061844050198, 0.011313122914732639, 0.013173784321183478, 0.021647369627376234, 0.022617108248328147, 0.004456762055635277]","[1.2094694251396643e-06, 3.350525759615586e-11, 4.5870911236089995e-12, 3.6336714887008625e-12, 9.025766245507327e-15, 4.3923198411732756e-15, 5.7696902810988604e-15, 5.62385760526779e-06]","[1.2094694251396643e-06, 3.350525759615586e-11, 4.5870911236089995e-12, 3.6336714887008625e-12, 9.025766245507327e-15, 4.3923198411732756e-15, 5.7696902810988604e-15, 5.62385760526779e-06]",5.62385760526779e-06,1.224518659664886e-07,"[1.2094694240241829e-06, 3.3505042490444836e-11, 4.587228166763602e-12, 3.6333019926004795e-12, 8.886988367429183e-15, 4.152928001488476e-15, 5.873773689657469e-15, 5.623857566872342e-06]",3.8126308093966443e-07,2.220446049250313e-16,0.0,0.999996972248707,True,725,40.8,1e-05,banded ADMM with dual certificate,0.030251856000177213,35,51,8,0.5*sum_train((z-y)^2)+lambda*sum(abs(Bz))
PDE,fisher_kpp,tv_diff,TV,0,0.01,4,1,10.0,0.001771050038608825,"[0.004121941620156075, 0.03439817823983754, 0.03536637911872309, 0.02435532758729758, 0.02645353223979122, 0.08087926139374052, 0.0886313800499396, 0.004470999616593638]","[0.004121941620122867, 0.034398178239811186, 0.03536637911869113, 0.024355327587262332, 0.02645353223975052, 0.08087926139372081, 0.0886313800499259, 0.004470999616566329]","[3.3208678862362007e-14, 2.6353919047039653e-14, 3.1960545321396694e-14, 3.524958103184872e-14, 4.070008219336785e-14, 1.970645868709653e-14, 1.3697376566312869e-14, 2.7308884320564886e-14]","[3.3208678862362007e-14, 2.6353919047039653e-14, 3.1960545321396694e-14, 3.524958103184872e-14, 4.070008219336785e-14, 1.970645868709653e-14, 1.3697376566312869e-14, 2.7308884320564886e-14]",4.070008219336785e-14,2.1788126858268697e-14,"[3.3510657821575487e-14, 2.694238824972291e-14, 3.2572566063414375e-14, 3.549584793224913e-14, 4.056977481648861e-14, 1.9219339312631763e-14, 1.3210369095486006e-14, 2.7325156758830018e-14]",5.551115123125783e-16,1.7763568394002505e-15,0.0,1.0,True,0,0.0,1e-05,affine exact solution,0.00029759800008832826,35,51,8,0.5*sum_train((z-y)^2)+lambda*sum(abs(Bz))
PDE,fisher_kpp,tv_diff,TV,0,0.01,4,1,100.0,0.001771050038608825,"[0.004121941620457397, 0.03439817824008453, 0.03536637911901286, 0.024355327587614828, 0.02645353224015499, 0.08087926139391725, 0.08863138005006427, 0.004470999616840003]","[0.004121941620122867, 0.034398178239811186, 0.03536637911869113, 0.024355327587262332, 0.02645353223975052, 0.08087926139372081, 0.0886313800499259, 0.004470999616566329]","[3.345301466395334e-13, 2.7334384755661745e-13, 3.2172875474856255e-13, 3.524958103184872e-13, 4.044715951057043e-13, 1.9644008641961364e-13, 1.3836154444391013e-13, 2.7367431237879103e-13]","[3.345301466395334e-13, 2.7334384755661745e-13, 3.2172875474856255e-13, 3.524958103184872e-13, 4.044715951057043e-13, 1.9644008641961364e-13, 1.3836154444391013e-13, 2.7367431237879103e-13]",4.044715951057043e-13,2.1788126858268697e-14,"[3.348321255987469e-13, 2.739323167593007e-13, 3.223407754905802e-13, 3.527420772188876e-13, 4.0434128772882505e-13, 1.9595296704514886e-13, 1.3787627169655924e-13, 2.7369058481705615e-13]",5.551115123125783e-16,1.7763568394002505e-15,0.0,1.0,True,0,0.0,1e-05,affine exact solution,0.00025937100008377456,35,51,8,0.5*sum_train((z-y)^2)+lambda*sum(abs(Bz))
PDE,fisher_kpp,tv_diff,TV,0,0.01,4,1,1000.0,0.001771050038608825,"[0.004121941623470612, 0.03439817824255443, 0.03536637912191054, 0.02435532759078729, 0.026453532243792707, 0.08087926139568459, 0.08863138005131094, 0.004470999619303658]","[0.004121941620122867, 0.034398178239811186, 0.03536637911869113, 0.024355327587262332, 0.02645353223975052, 0.08087926139372081, 0.0886313800499259, 0.004470999616566329]","[3.3477448244112473e-12, 2.7432431326523954e-12, 3.219410849020221e-12, 3.524958103184872e-12, 4.042186724229069e-12, 1.9637763637447847e-12, 1.3850309787954984e-12, 2.7373285929610525e-12]","[3.3477448244112473e-12, 2.7432431326523954e-12, 3.219410849020221e-12, 3.524958103184872e-12, 4.042186724229069e-12, 1.9637763637447847e-12, 1.3850309787954984e-12, 2.7373285929610525e-12]",4.042186724229069e-12,2.1788126858268697e-14,"[3.3480468033704607e-12, 2.7438316018550787e-12, 3.220022869762239e-12, 3.5252043700852725e-12, 4.0420564168521896e-12, 1.96328924437032e-12, 1.3845352977072916e-12, 2.7373448653993174e-12]",5.551115123125783e-16,1.7763568394002505e-15,0.0,1.0,True,0,0.0,1e-05,affine exact solution,0.0002421549997961847,35,51,8,0.5*sum_train((z-y)^2)+lambda*sum(abs(Bz))
PDE,fisher_kpp,tv_diff,TV,0,0.01,4,2,0.0,0.0001476375745856398,"[0.0, 0.0, 0.0, 0.0, 0.0, 0.0, 0.0, 0.0]","[0.0, 0.0, 0.0, 0.0, 0.0, 0.0, 0.0, 0.0]","[0.0, 0.0, 0.0, 0.0, 0.0, 0.0, 0.0, 0.0]","[0.0, 0.0, 0.0, 0.0, 0.0, 0.0, 0.0, 0.0]",0.0,0.0,"[0.0, 0.0, 0.0, 0.0, 0.0, 0.0, 0.0, 0.0]",0.0,0.0,0.0,1.0,True,0,0.0,1e-05,zero-penalty interpolation,0.00030325699981403886,35,51,8,0.5*sum_train((z-y)^2)+lambda*sum(abs(Bz))
PDE,fisher_kpp,tv_diff,TV,0,0.01,4,2,0.0001,0.00015928744694393318,"[5.129354192595897e-05, 5.831104981168661e-05, 3.7815170340841316e-05, 4.136682138049836e-05, 4.598396962819539e-05, 5.996802927943463e-05, 5.796677084703804e-05, 4.618323173272958e-05]","[5.084467293401056e-05, 5.7986342873466405e-05, 3.756753468104022e-05, 4.112297487765205e-05, 4.569462684412091e-05, 5.959323696395957e-05, 5.7607855639460345e-05, 4.589105700646511e-05]","[4.488689919484066e-07, 3.2470693822020825e-07, 2.476356598010948e-07, 2.438465028463117e-07, 2.893427840744848e-07, 3.747923154750563e-07, 3.589152075776975e-07, 2.9217472626446607e-07]","[4.488689919484066e-07, 3.2470693822020825e-07, 2.476356598010948e-07, 2.438465028463117e-07, 2.893427840744848e-07, 3.747923154750563e-07, 3.589152075776975e-07, 2.9217472626446607e-07]",4.488689919484066e-07,1.9473330943999088e-06,"[4.48819477403646e-07, 3.246889161708064e-07, 2.4762236919906387e-07, 2.4383416458721485e-07, 2.893248192678338e-07, 3.747707909397419e-07, 3.588889307434598e-07, 2.921478375957385e-07]",0.0001007117344007713,1.3552527156068805e-20,0.0,0.9935206084550002,True,25,0.01,1e-05,banded ADMM with dual certificate,0.0014059099999030877,35,51,8,0.5*sum_train((z-y)^2)+lambda*sum(abs(Bz))
PDE,fisher_kpp,tv_diff,TV,0,0.01,4,2,0.001,0.00014436247570554224,"[0.00042039598540056556, 0.0004954006266629059, 0.0003180977450696346, 0.0003412324291704081, 0.0004030977206867001, 0.0005254316761493944, 0.0005020655470327994, 0.00040942343735270495]","[0.00041493173095212793, 0.0004881706857744395, 0.00031376946418541513, 0.00033385850364144845, 0.00039440338907209636, 0.0005192860610229733, 0.000493745337317029, 0.000399540402145165]","[5.464254448437635e-06, 7.2299408884664036e-06, 4.328280884219478e-06, 7.37392552895965e-06, 8.694331614603733e-06, 6.145615126421089e-06, 8.320209715770386e-06, 9.883035207539981e-06]","[5.464254448437635e-06, 7.2299408884664036e-06, 4.328280884219478e-06, 7.37392552895965e-06, 8.694331614603733e-06, 6.145615126421089e-06, 8.320209715770386e-06, 9.883035207539981e-06]",9.883035207539981e-06,2.8243285738662176e-05,"[5.463328190020826e-06, 7.227516790847262e-06, 4.327290723994291e-06, 7.373567300297476e-06, 8.692581915750806e-06, 6.144191166609914e-06, 8.31328777092669e-06, 9.881460016833866e-06]",0.0009965253408925623,4.336808689942018e-19,0.0,0.9905976205619705,True,25,0.01,1e-05,banded ADMM with dual certificate,0.0013167860001885856,35,51,8,0.5*sum_train((z-y)^2)+lambda*sum(abs(Bz))
PDE,fisher_kpp,tv_diff,TV,0,0.01,4,2,0.01,0.00012614211048667085,"[0.0011136926302664216, 0.0014458604532904672, 0.0011123112471732222, 0.0009402064004014005, 0.0015456325415354314, 0.0017427710989234195, 0.0016534547255460186, 0.001410294880616804]","[0.0011053475800382045, 0.0014434785764801256, 0.0011047593133281571, 0.0009316114237650311, 0.0015436614628751427, 0.0017380657617196513, 0.0016439877129718564, 0.0014059444031913368]","[8.345050228217082e-06, 2.3818768103416477e-06, 7.551933845065034e-06, 8.59497663636933e-06, 1.9710786602887033e-06, 4.705337203768194e-06, 9.46701257416218e-06, 4.350477425467186e-06]","[8.345050228217082e-06, 2.3818768103416477e-06, 7.551933845065034e-06, 8.59497663636933e-06, 1.9710786602887033e-06, 4.705337203768194e-06, 9.46701257416218e-06, 4.350477425467186e-06]",9.46701257416218e-06,4.8601129995197445e-05,"[8.345003279592596e-06, 2.3818694478368904e-06, 7.551931836092944e-06, 8.594969429633254e-06, 1.971077027308494e-06, 4.705149208393501e-06, 9.459387750578464e-06, 4.350474543148995e-06]",0.0001605980180675176,3.469446951953614e-18,0.0,0.9975896867802003,True,100,0.20400000000000001,1e-05,banded ADMM with dual certificate,0.005009224999867001,35,51,8,0.5*sum_train((z-y)^2)+lambda*sum(abs(Bz))
PDE,fisher_kpp,tv_diff,TV,0,0.01,4,2,0.1,0.00012064350825784995,"[0.0022755122793643775, 0.0029412316991107752, 0.0027990680646329874, 0.0024115936916676278, 0.0032481005904639424, 0.0041223382302045765, 0.004179417133037551, 0.0027007304312479095]","[0.002275503574628829, 0.0029409485410056124, 0.002799023935388934, 0.0024115066361457306, 0.003248100590448097, 0.004122338230204277, 0.004179417133037006, 0.0026913258004726374]","[8.704735548689668e-09, 2.831581051628701e-07, 4.4129244053218997e-08, 8.705552189715304e-08, 1.584539791044115e-14, 2.992397996059992e-16, 5.447031714567174e-16, 9.404630775272042e-06]","[8.704735548689668e-09, 2.831581051628701e-07, 4.4129244053218997e-08, 8.705552189715304e-08, 1.584539791044115e-14, 2.992397996059992e-16, 5.447031714567174e-16, 9.404630775272042e-06]",9.404630775272042e-06,1.481001853237407e-07,"[8.7047355343782e-09, 2.831581046055902e-07, 4.412924403955805e-08, 8.705552187460164e-08, 1.5832387484371324e-14, 2.7798943702528334e-16, 5.486062992776652e-16, 9.404630717819735e-06]",7.1705867784876975e-06,2.7755575615628914e-17,0.0,0.999994569311052,True,625,2.04,1e-05,banded ADMM with dual certificate,0.025977620000048773,35,51,8,0.5*sum_train((z-y)^2)+lambda*sum(abs(Bz))
PDE,fisher_kpp,tv_diff,TV,0,0.01,4,2,1.0,0.0002045390171638886,"[0.004763615249087845, 0.01343471709621932, 0.01332688570601817, 0.010958969203346332, 0.012928074141820064, 0.02175143877185272, 0.024522310044151226, 0.004668364029251051]","[0.004763289201797992, 0.013434717000272982, 0.013326885706010136, 0.010958969203327139, 0.01292807410561659, 0.02175143877184868, 0.02452231004414723, 0.004660909803063235]","[3.26047289852735e-07, 9.594633768039706e-11, 8.033504417248594e-15, 1.9192980538207394e-14, 3.62034742462658e-11, 4.038436252074007e-15, 3.9968028886505635e-15, 7.454226187815494e-06]","[3.26047289852735e-07, 9.594633768039706e-11, 8.033504417248594e-15, 1.9192980538207394e-14, 3.62034742462658e-11, 4.038436252074007e-15, 3.9968028886505635e-15, 7.454226187815494e-06]",7.454226187815494e-06,4.5027280765053135e-08,"[3.2604728984330245e-07, 9.594658227640718e-11, 7.894726539170449e-15, 1.9285788244172153e-14, 3.620325914055478e-11, 3.9968028886505635e-15, 4.260480856999038e-15, 7.4542261830936305e-06]",5.320364052097126e-07,2.220446049250313e-16,0.0,0.9999989427967829,True,850,20.4,1e-05,banded ADMM with dual certificate,0.035839734000091994,35,51,8,0.5*sum_train((z-y)^2)+lambda*sum(abs(Bz))
PDE,fisher_kpp,tv_diff,TV,0,0.01,4,2,10.0,0.0016069593535395258,"[0.00480893914327663, 0.035714671564144616, 0.0323351927752211, 0.024310097289754008, 0.027636651995476012, 0.08079191758175835, 0.09868081748055549, 0.004685259149901463]","[0.004808939143241292, 0.03571467156411254, 0.03233519277519929, 0.02431009728973224, 0.02763665199544712, 0.0807919175817375, 0.0986808174805365, 0.004685259149872192]","[3.533805192912354e-14, 3.2078506517763117e-14, 2.180894353998042e-14, 2.1767310176556975e-14, 2.88935542158697e-14, 2.085831507514513e-14, 1.8984813721090177e-14, 2.927172393363264e-14]","[3.533805192912354e-14, 3.2078506517763117e-14, 2.180894353998042e-14, 2.1767310176556975e-14, 2.88935542158697e-14, 2.085831507514513e-14, 1.8984813721090177e-14, 2.927172393363264e-14]",3.533805192912354e-14,1.6986412276764895e-14,"[3.502578596180164e-14, 3.06035728172677e-14, 2.2173716595934572e-14, 2.2184845609254006e-14, 2.9780339518868555e-14, 2.096613121292501e-14, 1.995342156947831e-14, 2.9443567226873733e-14]",4.440892098500626e-16,3.552713678800501e-15,0.0,1.0,True,0,0.0,1e-05,affine exact solution,0.00030837500025882036,35,51,8,0.5*sum_train((z-y)^2)+lambda*sum(abs(Bz))
PDE,fisher_kpp,tv_diff,TV,0,0.01,4,2,100.0,0.0016069593535395258,"[0.004808939143592627, 0.03571467156442377, 0.03233519277541626, 0.024310097289952443, 0.02763665199574564, 0.08079191758194476, 0.09868081748073183, 0.004685259150165939]","[0.004808939143241292, 0.03571467156411254, 0.03233519277519929, 0.02431009728973224, 0.02763665199544712, 0.0807919175817375, 0.0986808174805365, 0.004685259149872192]","[3.513352803130587e-13, 3.112302082719509e-13, 2.1696533458737122e-13, 2.2020232859354394e-13, 2.9852162408694483e-13, 2.072647609097089e-13, 1.9532986339498848e-13, 2.9374766508105665e-13]","[3.513352803130587e-13, 3.112302082719509e-13, 2.1696533458737122e-13, 2.2020232859354394e-13, 2.9852162408694483e-13, 2.072647609097089e-13, 1.9532986339498848e-13, 2.9374766508105665e-13]",3.513352803130587e-13,1.6986412276764895e-14,"[3.5102301434573684e-13, 3.097552745714555e-13, 2.1733010764332536e-13, 2.2061986402624097e-13, 2.994084093899437e-13, 2.073795159413927e-13, 1.9629673651990065e-13, 2.9391950837429775e-13]",4.440892098500626e-16,3.552713678800501e-15,0.0,1.0,True,0,0.0,1e-05,affine exact solution,0.00024855499987097573,35,51,8,0.5*sum_train((z-y)^2)+lambda*sum(abs(Bz))
PDE,fisher_kpp,tv_diff,TV,0,0.01,4,2,1000.0,0.0016069593535395258,"[0.0048089391467526, 0.035714671567215285, 0.03233519277736782, 0.024310097291936793, 0.02763665199844192, 0.0807919175838089, 0.09868081748249527, 0.004685259152810699]","[0.004808939143241292, 0.03571467156411254, 0.03233519277519929, 0.02431009728973224, 0.02763665199544712, 0.0807919175817375, 0.0986808174805365, 0.004685259149872192]","[3.5113075641524105e-12, 3.102747225813829e-12, 2.168529245061279e-12, 2.2045525127634136e-12, 2.994802322797696e-12, 2.071398608194386e-12, 1.9587664823461637e-12, 2.9385070765552967e-12]","[3.5113075641524105e-12, 3.102747225813829e-12, 2.168529245061279e-12, 2.2045525127634136e-12, 2.994802322797696e-12, 2.071398608194386e-12, 1.9587664823461637e-12, 2.9385070765552967e-12]",3.5113075641524105e-12,1.6986412276764895e-14,"[3.5109952981850886e-12, 3.1012722921133336e-12, 2.1688940181172332e-12, 2.2049700481961106e-12, 2.995689108100695e-12, 2.0715133632260697e-12, 1.9597298860241237e-12, 2.938678919848538e-12]",4.440892098500626e-16,3.552713678800501e-15,0.0,1.0,True,0,0.0,1e-05,affine exact solution,0.0004387520002637757,35,51,8,0.5*sum_train((z-y)^2)+lambda*sum(abs(Bz))
PDE,fisher_kpp,pod_tv_diff,POD+TV,0,0.01,4,0,0.0,0.00011804658046366524,"[0.0, 0.0]","[0.0, 0.0]","[0.0, 0.0]","[0.0, 0.0]",0.0,0.0,"[0.0, 0.0]",0.0,0.0,0.0,1.0,True,0,0.0,1e-05,zero-penalty interpolation,0.00036317800004326273,34,51,2,0.5*sum_train((z-y)^2)+lambda*sum(abs(Bz))
PDE,fisher_kpp,pod_tv_diff,POD+TV,0,0.01,4,0,0.0001,0.00011796044264665307,"[1.744631030307189e-05, 2.065488835405947e-05]","[1.7233752220842624e-05, 2.045522073145256e-05]","[2.1255808222926437e-07, 1.9966762260690974e-07]","[2.1255808222926437e-07, 1.9966762260690974e-07]",2.1255808222926437e-07,2.3899177644654923e-06,"[2.1249220420819495e-07, 1.99642656037418e-07]",0.0001005373549505287,3.1411911917064717e-15,0.0,0.9920571566437174,True,25,0.01,1e-05,banded ADMM with dual certificate,0.0010716660003708967,34,51,2,0.5*sum_train((z-y)^2)+lambda*sum(abs(Bz))
PDE,fisher_kpp,pod_tv_diff,POD+TV,0,0.01,4,0,0.001,0.00011797583891248391,"[0.00011261983416635388, 0.00014299811869039714]","[0.0001108142242516989, 0.00014213224782895267]","[1.805609914654982e-06, 8.658708614444667e-07]","[1.805609914654982e-06, 8.658708614444667e-07]",1.805609914654982e-06,1.6263320822408438e-06,"[1.8055964301614175e-06, 8.658629729229114e-07]",0.00032439082222368576,1.826436137747356e-14,0.0,0.9994579230472084,True,50,0.02,1e-05,banded ADMM with dual certificate,0.001835728000060044,34,51,2,0.5*sum_train((z-y)^2)+lambda*sum(abs(Bz))
PDE,fisher_kpp,pod_tv_diff,POD+TV,0,0.01,4,0,0.01,0.00011788624804977982,"[0.0003598512757210401, 0.000648454287907302]","[0.0003575528708878086, 0.0006468609057344642]","[2.2984048332314695e-06, 1.5933821728377926e-06]","[2.2984048332314695e-06, 1.5933821728377926e-06]",2.2984048332314695e-06,3.391586078262468e-06,"[2.298367912759771e-06, 1.5933721341649916e-06]",4.620502171885643e-05,2.2461199566947698e-14,0.0,0.9994433925082213,True,125,0.40800000000000003,1e-05,banded ADMM with dual certificate,0.004014405000361876,34,51,2,0.5*sum_train((z-y)^2)+lambda*sum(abs(Bz))
PDE,fisher_kpp,pod_tv_diff,POD+TV,0,0.01,4,0,0.1,0.00012163019523781546,"[0.0020500528531286278, 0.004929152254659054]","[0.002041856688030228, 0.004929138915083826]","[8.196165098399606e-06, 1.3339575228275835e-08]","[8.196165098399606e-06, 1.3339575228275835e-08]",8.196165098399606e-06,1.1096144406259889e-07,"[8.196165085381157e-06, 1.3339575352308564e-08]",1.1463536099154403e-05,9.652001420334955e-15,0.0,0.9999914776260097,True,300,1.02,1e-05,banded ADMM with dual certificate,0.009260636999897542,34,51,2,0.5*sum_train((z-y)^2)+lambda*sum(abs(Bz))
PDE,fisher_kpp,pod_tv_diff,POD+TV,0,0.01,4,0,1.0,0.00020606018213421867,"[0.006986175866183499, 0.04020242591005732]","[0.006978789489380424, 0.04020242435304346]","[7.386376803074704e-06, 1.557013858122236e-09]","[7.386376803074704e-06, 1.557013858122236e-09]",7.386376803074704e-06,3.126226442995428e-08,"[7.38637681238014e-06, 1.5570141287390982e-09]",3.0824855601352397e-07,4.884981308350689e-15,0.0,0.999999362386371,True,575,20.4,1e-05,banded ADMM with dual certificate,0.017313112000010733,34,51,2,0.5*sum_train((z-y)^2)+lambda*sum(abs(Bz))
PDE,fisher_kpp,pod_tv_diff,POD+TV,0,0.01,4,0,10.0,0.0011331559836569222,"[0.007008031043233, 0.22766220829377812]","[0.007007670258672327, 0.2276622082935111]","[3.6078456067296927e-07, 2.6700863742235015e-13]","[3.6078456067296927e-07, 2.6700863742235015e-13]",3.6078456067296927e-07,1.3301859613790157e-14,"[3.607845919662891e-07, 2.669392484833111e-13]",1.3982094371201015e-09,1.3183898417423734e-14,0.0,1.0,True,275,816.0,1e-05,banded ADMM with dual certificate,0.008473809999941295,34,51,2,0.5*sum_train((z-y)^2)+lambda*sum(abs(Bz))
PDE,fisher_kpp,pod_tv_diff,POD+TV,0,0.01,4,0,100.0,0.0021538811691516517,"[0.007007670259513186, 0.2528398038778969]","[0.0070076702587971995, 0.25283980387789684]","[7.159862980277154e-13, 5.551115123125783e-17]","[7.159862980277154e-13, 5.551115123125783e-17]",7.159862980277154e-13,1.9206858326015208e-14,"[6.922357064971745e-13, 1.3926045305010437e-16]",8.881784197001252e-16,1.9206858326015208e-14,0.0,1.0,True,0,0.0,1e-05,affine exact solution,0.00024855499987097573,34,51,2,0.5*sum_train((z-y)^2)+lambda*sum(abs(Bz))
PDE,fisher_kpp,pod_tv_diff,POD+TV,0,0.01,4,0,1000.0,0.0021538811691516517,"[0.007007670265741491, 0.2528398038778981]","[0.0070076702587971995, 0.25283980387789684]","[6.94429149600273e-12, 1.27675647831893e-15]","[6.94429149600273e-12, 1.27675647831893e-15]",6.94429149600273e-12,1.9206858326015208e-14,"[6.920541096034322e-12, 1.3954629086293537e-15]",8.881784197001252e-16,1.9206858326015208e-14,0.0,1.0,True,0,0.0,1e-05,affine exact solution,0.0002731320000748383,34,51,2,0.5*sum_train((z-y)^2)+lambda*sum(abs(Bz))
PDE,fisher_kpp,pod_tv_diff,POD+TV,0,0.01,4,1,0.0,0.00011283971015239034,"[0.0, 0.0]","[0.0, 0.0]","[0.0, 0.0]","[0.0, 0.0]",0.0,0.0,"[0.0, 0.0]",0.0,0.0,0.0,1.0,True,0,0.0,1e-05,zero-penalty interpolation,0.0002970780001305684,35,51,2,0.5*sum_train((z-y)^2)+lambda*sum(abs(Bz))
PDE,fisher_kpp,pod_tv_diff,POD+TV,0,0.01,4,1,0.0001,0.0001128188910754249,"[1.7368767136634548e-05, 2.1257397814270705e-05]","[1.7246651600024375e-05, 2.1033473474193158e-05]","[1.2211553661017256e-07, 2.23924340077547e-07]","[1.2211553661017256e-07, 2.23924340077547e-07]",2.23924340077547e-07,2.4192190952343918e-06,"[1.22099736578371e-07, 2.238601329736359e-07]",0.00010028994303929477,2.710505431213761e-20,0.0,0.9919539203238275,True,25,0.01,1e-05,banded ADMM with dual certificate,0.001023052999698848,35,51,2,0.5*sum_train((z-y)^2)+lambda*sum(abs(Bz))
PDE,fisher_kpp,pod_tv_diff,POD+TV,0,0.01,4,1,0.001,0.00011276634470641892,"[0.00012030601168877768, 0.00014603503181299785]","[0.00011866143765936789, 0.00014536487739339604]","[1.6445740294097937e-06, 6.701544196018126e-07]","[1.6445740294097937e-06, 6.701544196018126e-07]",1.6445740294097937e-06,6.352872645457464e-06,"[1.6443651841157756e-06, 6.701519741274476e-07]",0.0004851321448639328,2.303929616531697e-19,0.0,0.9978825249843052,True,50,0.02,1e-05,banded ADMM with dual certificate,0.0018005360002462112,35,51,2,0.5*sum_train((z-y)^2)+lambda*sum(abs(Bz))
PDE,fisher_kpp,pod_tv_diff,POD+TV,0,0.01,4,1,0.01,0.00011288516106240593,"[0.0003691597781245346, 0.0006253287489442913]","[0.00035966074578747467, 0.0006244773171182863]","[9.499032337059949e-06, 8.514318260050306e-07]","[9.499032337059949e-06, 8.514318260050306e-07]",9.499032337059949e-06,2.249485225747777e-06,"[9.499016265813564e-06, 8.514229278893878e-07]",0.0002444036727470289,3.469446951953614e-18,0.0,0.99966210089604,True,100,0.40800000000000003,1e-05,banded ADMM with dual certificate,0.0032650250000187953,35,51,2,0.5*sum_train((z-y)^2)+lambda*sum(abs(Bz))
PDE,fisher_kpp,pod_tv_diff,POD+TV,0,0.01,4,1,0.1,0.00011519346869040964,"[0.0019815151030828536, 0.004880246139638145]","[0.001972585646124351, 0.004880246137481692]","[8.92945695850269e-06, 2.1564529675832667e-12]","[8.92945695850269e-06, 2.1564529675832667e-12]",8.92945695850269e-06,3.7834241259013246e-08,"[8.929456954113405e-06, 2.1564555696684806e-12]",8.133761490392022e-06,2.7755575615628914e-17,0.0,0.9999969386505332,True,500,1.02,1e-05,banded ADMM with dual certificate,0.014916297000127088,35,51,2,0.5*sum_train((z-y)^2)+lambda*sum(abs(Bz))
PDE,fisher_kpp,pod_tv_diff,POD+TV,0,0.01,4,1,1.0,0.00017855411921227055,"[0.007333593238957341, 0.03990857556630194]","[0.007324630480809988, 0.03990857556629987]","[8.962758147353436e-06, 2.067790383364354e-15]","[8.962758147353436e-06, 2.067790383364354e-15]",8.962758147353436e-06,7.867547280326903e-09,"[8.962758148208872e-06, 2.0747292772682613e-15]",3.5167947298742064e-07,2.220446049250313e-16,0.0,0.999999828081922,True,900,10.2,1e-05,banded ADMM with dual certificate,0.026659667999865633,35,51,2,0.5*sum_train((z-y)^2)+lambda*sum(abs(Bz))
PDE,fisher_kpp,pod_tv_diff,POD+TV,0,0.01,4,1,10.0,0.0008458331403783824,"[0.007372997585484753, 0.2327512384722576]","[0.007372246192646814, 0.23275123846783372]","[7.513928379386178e-07, 4.423877930648246e-12]","[7.513928379386178e-07, 4.423877930648246e-12]",7.513928379386178e-07,4.9412418601235686e-12,"[7.513928386700617e-07, 4.423711397194552e-12]",2.8684926656197263e-09,1.7763568394002505e-15,0.0,0.9999999999728912,True,325,816.0,1e-05,banded ADMM with dual certificate,0.010857816000225284,35,51,2,0.5*sum_train((z-y)^2)+lambda*sum(abs(Bz))
PDE,fisher_kpp,pod_tv_diff,POD+TV,0,0.01,4,1,100.0,0.0018229532346525502,"[0.007372246194341474, 0.266369886561923]","[0.007372246193487683, 0.26636988656192295]","[8.53790996235837e-13, 5.551115123125783e-17]","[8.53790996235837e-13, 5.551115123125783e-17]",8.53790996235837e-13,2.3744894939170536e-14,"[8.538916516995479e-13, 1.2601177103631144e-16]",4.440892098500626e-16,1.7763568394002505e-15,0.0,1.0,True,0,0.0,1e-05,affine exact solution,0.0002714000002015382,35,51,2,0.5*sum_train((z-y)^2)+lambda*sum(abs(Bz))
PDE,fisher_kpp,pod_tv_diff,POD+TV,0,0.01,4,1,1000.0,0.0018229532346525502,"[0.007372246202019707, 0.2663698865619242]","[0.007372246193487683, 0.26636988656192295]","[8.53202404560438e-12, 1.2212453270876722e-15]","[8.53202404560438e-12, 1.2212453270876722e-15]",8.53202404560438e-12,2.3744894939170536e-14,"[8.532124701068091e-12, 1.2531161623002463e-15]",4.440892098500626e-16,1.7763568394002505e-15,0.0,1.0,True,0,0.0,1e-05,affine exact solution,0.00021715699995183968,35,51,2,0.5*sum_train((z-y)^2)+lambda*sum(abs(Bz))
PDE,fisher_kpp,pod_tv_diff,POD+TV,0,0.01,4,2,0.0,0.00010767189504333859,"[0.0, 0.0]","[0.0, 0.0]","[0.0, 0.0]","[0.0, 0.0]",0.0,0.0,"[0.0, 0.0]",0.0,0.0,0.0,1.0,True,0,0.0,1e-05,zero-penalty interpolation,0.00030082400007813703,35,51,2,0.5*sum_train((z-y)^2)+lambda*sum(abs(Bz))
PDE,fisher_kpp,pod_tv_diff,POD+TV,0,0.01,4,2,0.0001,0.00010788287834178737,"[1.707678540125396e-05, 1.7472251194076266e-05]","[1.6852896023627237e-05, 1.738098028266303e-05]","[2.238893776267218e-07, 9.127091141323637e-08]","[2.238893776267218e-07, 9.127091141323637e-08]",2.238893776267218e-07,2.8882048434196146e-06,"[2.2379450388518876e-07, 9.126223623680764e-08]",9.443440706032036e-05,1.3552527156068805e-20,0.0,0.9904045016166114,True,25,0.01,1e-05,banded ADMM with dual certificate,0.0011436849999881815,35,51,2,0.5*sum_train((z-y)^2)+lambda*sum(abs(Bz))
PDE,fisher_kpp,pod_tv_diff,POD+TV,0,0.01,4,2,0.001,0.00010792686586820644,"[0.00010464254048865029, 0.00011310546225613523]","[0.00010255364482253913, 0.00011258154245284645]","[2.088895666111154e-06, 5.239198032887867e-07]","[2.088895666111154e-06, 5.239198032887867e-07]",2.088895666111154e-06,3.251785607844091e-06,"[2.0888321535779563e-06, 5.239044254388872e-07]",0.00029098381507663973,2.168404344971009e-19,0.0,0.9987675631544196,True,50,0.02,1e-05,banded ADMM with dual certificate,0.0018345070002396824,35,51,2,0.5*sum_train((z-y)^2)+lambda*sum(abs(Bz))
PDE,fisher_kpp,pod_tv_diff,POD+TV,0,0.01,4,2,0.01,0.00010759566275027706,"[0.0003685385491834427, 0.0005715441299953926]","[0.00036275592922505213, 0.0005657237592371894]","[5.78261995839058e-06, 5.820370758203241e-06]","[5.78261995839058e-06, 5.820370758203241e-06]",5.820370758203241e-06,1.8999603840844093e-06,"[5.782608508688553e-06, 5.820369417643091e-06]",0.00019807662709250828,5.204170427930421e-18,0.0,0.999710519537465,True,100,0.20400000000000001,1e-05,banded ADMM with dual certificate,0.003307379000034416,35,51,2,0.5*sum_train((z-y)^2)+lambda*sum(abs(Bz))
PDE,fisher_kpp,pod_tv_diff,POD+TV,0,0.01,4,2,0.1,0.0001088938199678169,"[0.002052911959085925, 0.004796246758402597]","[0.0020502544548517895, 0.004796044210999601]","[2.6575042341354417e-06, 2.025474029965571e-07]","[2.6575042341354417e-06, 2.025474029965571e-07]",2.6575042341354417e-06,6.8214749638848e-08,"[2.657504222717275e-06, 2.0254740265568394e-07]",3.7123916540038326e-06,2.7755575615628914e-17,0.0,0.9999951110495,True,200,1.02,1e-05,banded ADMM with dual certificate,0.00619989999995596,35,51,2,0.5*sum_train((z-y)^2)+lambda*sum(abs(Bz))
PDE,fisher_kpp,pod_tv_diff,POD+TV,0,0.01,4,2,1.0,0.000153923980049778,"[0.007953540315582179, 0.03999292653202797]","[0.007944301771675807, 0.03999292653202343]","[9.238543906371285e-06, 4.538036613155327e-15]","[9.238543906371285e-06, 4.538036613155327e-15]",9.238543906371285e-06,7.198742123237789e-09,"[9.238543905762397e-06, 4.4825254619240695e-15]",3.630086390371545e-07,2.220446049250313e-16,0.0,0.9999998243934638,True,975,10.2,1e-05,banded ADMM with dual certificate,0.029141901999992115,35,51,2,0.5*sum_train((z-y)^2)+lambda*sum(abs(Bz))
PDE,fisher_kpp,pod_tv_diff,POD+TV,0,0.01,4,2,10.0,0.0007811545794783707,"[0.008117675927337609, 0.23416193296995738]","[0.008116900570948021, 0.234161932958301]","[7.753563895877141e-07, 1.1656370313417597e-11]","[7.753563895877141e-07, 1.1656370313417597e-11]",7.753563895877141e-07,9.3119956190435e-15,"[7.753563886056175e-07, 1.1656522969083483e-11]",2.995498071811653e-09,1.7763568394002505e-15,0.0,1.0,True,375,816.0,1e-05,banded ADMM with dual certificate,0.011375446999863925,35,51,2,0.5*sum_train((z-y)^2)+lambda*sum(abs(Bz))
PDE,fisher_kpp,pod_tv_diff,POD+TV,0,0.01,4,2,100.0,0.0017521019204427798,"[0.00811690057269741, 0.26896760726093943]","[0.008116900571865746, 0.26896760726093927]","[8.316645982997528e-13, 1.6653345369377348e-16]","[8.316645982997528e-13, 1.6653345369377348e-16]",8.316645982997528e-13,1.9997892231060632e-14,"[8.308793072614004e-13, 1.6397527602832586e-16]",8.881784197001252e-16,3.552713678800501e-15,0.0,1.0,True,0,0.0,1e-05,affine exact solution,0.0013278820001687563,35,51,2,0.5*sum_train((z-y)^2)+lambda*sum(abs(Bz))
PDE,fisher_kpp,pod_tv_diff,POD+TV,0,0.01,4,2,1000.0,0.0017521019204427798,"[0.008116900580182048, 0.26896760726094093]","[0.008116900571865746, 0.26896760726093927]","[8.316302507749285e-12, 1.6653345369377348e-15]","[8.316302507749285e-12, 1.6653345369377348e-15]",8.316302507749285e-12,1.9997892231060632e-14,"[8.315517216710933e-12, 1.6421324722818055e-15]",8.881784197001252e-16,3.552713678800501e-15,0.0,1.0,True,0,0.0,1e-05,affine exact solution,0.00023477400009142002,35,51,2,0.5*sum_train((z-y)^2)+lambda*sum(abs(Bz))
PDE,fisher_kpp,tv_diff,TV,1,0.01,4,0,0.0,0.0001255229466977865,"[0.0, 0.0, 0.0, 0.0, 0.0, 0.0, 0.0, 0.0]","[0.0, 0.0, 0.0, 0.0, 0.0, 0.0, 0.0, 0.0]","[0.0, 0.0, 0.0, 0.0, 0.0, 0.0, 0.0, 0.0]","[0.0, 0.0, 0.0, 0.0, 0.0, 0.0, 0.0, 0.0]",0.0,0.0,"[0.0, 0.0, 0.0, 0.0, 0.0, 0.0, 0.0, 0.0]",0.0,0.0,0.0,1.0,True,0,0.0,1e-05,zero-penalty interpolation,0.00044236700023247977,34,51,8,0.5*sum_train((z-y)^2)+lambda*sum(abs(Bz))
PDE,fisher_kpp,tv_diff,TV,1,0.01,4,0,0.0001,0.00014782483457182938,"[3.267394723876627e-05, 4.889700683691061e-05, 4.938930686239835e-05, 3.225669004118651e-05, 3.840631648773319e-05, 4.689076318672441e-05, 4.497140605592575e-05, 4.9523194915778105e-05]","[3.2460719565387084e-05, 4.8589385600447485e-05, 4.910897833617114e-05, 3.208434813683538e-05, 3.8174385217153915e-05, 4.657431774871627e-05, 4.4717728283446034e-05, 4.921324385539133e-05]","[2.1322767337918599e-07, 3.0762123646312605e-07, 2.80328526227209e-07, 1.723419043511286e-07, 2.319312705792727e-07, 3.1644543800813567e-07, 2.5367777247971377e-07, 3.099510603867759e-07]","[2.1322767337918599e-07, 3.0762123646312605e-07, 2.80328526227209e-07, 1.723419043511286e-07, 2.319312705792727e-07, 3.1644543800813567e-07, 2.5367777247971377e-07, 3.099510603867759e-07]",3.1644543800813567e-07,1.4883481454543157e-06,"[2.1321159540744122e-07, 3.075983115265798e-07, 2.8031188968994806e-07, 1.7232660883714128e-07, 2.3191533366063137e-07, 3.164252622474357e-07, 2.536649700379221e-07, 3.099266445779372e-07]",0.00010044378998524496,1.7982197762084207e-14,0.0,0.9950485032883926,True,25,0.01,1e-05,banded ADMM with dual certificate,0.0014086040000620415,34,51,8,0.5*sum_train((z-y)^2)+lambda*sum(abs(Bz))
PDE,fisher_kpp,tv_diff,TV,1,0.01,4,0,0.001,0.00012538383120366814,"[0.0002674463102166532, 0.0004100900229910696, 0.00041490792178693785, 0.0002778298970777285, 0.00030929531014285276, 0.00038569808198426385, 0.0003910981310838723, 0.0004119236302237174]","[0.00026218312705030407, 0.00040693442364109753, 0.0004091850760354884, 0.0002717435988415489, 0.0003027274551655909, 0.0003797515894662012, 0.0003843008931878069, 0.0004042602540975356]","[5.263183166349147e-06, 3.1555993499720702e-06, 5.7228457514494485e-06, 6.086298236179604e-06, 6.56785497726186e-06, 5.9464925180626295e-06, 6.797237896065433e-06, 7.663376126181834e-06]","[5.263183166349147e-06, 3.1555993499720702e-06, 5.7228457514494485e-06, 6.086298236179604e-06, 6.56785497726186e-06, 5.9464925180626295e-06, 6.797237896065433e-06, 7.663376126181834e-06]",7.663376126181834e-06,2.6813455335741865e-05,"[5.26267401404002e-06, 3.155196749209609e-06, 5.716720323252337e-06, 6.084807117294228e-06, 6.565086580537704e-06, 5.945609304814324e-06, 6.797008977996145e-06, 7.656517186244985e-06]",0.0007540956422213766,2.0234681985531466e-14,0.0,0.9910706593114816,True,25,0.01,1e-05,banded ADMM with dual certificate,0.0013402120002865558,34,51,8,0.5*sum_train((z-y)^2)+lambda*sum(abs(Bz))
PDE,fisher_kpp,tv_diff,TV,1,0.01,4,0,0.01,0.00010494866335036815,"[0.000960587508854648, 0.0012501799227616528, 0.0013162701109018004, 0.0008595711717309185, 0.00080676049829142, 0.0012640731559053673, 0.0012199768621650746, 0.0013698634668591636]","[0.0009604882419680352, 0.0012454708700389075, 0.001313646566610026, 0.0008543821814278743, 0.0008033011661111333, 0.001263759718262539, 0.0012175208404142021, 0.0013697883915022328]","[9.926688661278556e-08, 4.709052722745317e-06, 2.6235442917744035e-06, 5.18899030304415e-06, 3.459332180286677e-06, 3.1343764282827646e-07, 2.4560217508724433e-06, 7.507535693075315e-08]","[9.926688661278556e-08, 4.709052722745317e-06, 2.6235442917744035e-06, 5.18899030304415e-06, 3.459332180286677e-06, 3.1343764282827646e-07, 2.4560217508724433e-06, 7.507535693075315e-08]",5.18899030304415e-06,1.2154227736224307e-05,"[9.926683897787522e-08, 4.70884724207009e-06, 2.6234832348050272e-06, 5.188984469454869e-06, 3.4589450132916256e-06, 3.13433972826474e-07, 2.456016867639682e-06, 7.507531577460131e-08]",0.00013051342073527872,7.61717078301416e-15,0.0,0.9992155768033242,True,125,0.40800000000000003,1e-05,banded ADMM with dual certificate,0.00559435700006361,34,51,8,0.5*sum_train((z-y)^2)+lambda*sum(abs(Bz))
PDE,fisher_kpp,tv_diff,TV,1,0.01,4,0,0.1,0.00011097148559736433,"[0.002089084393275545, 0.0026754983317704316, 0.002991957324728022, 0.0019771153257728243, 0.0019694573642303316, 0.0038130023215894185, 0.0035176806933083548, 0.0027733622840600994]","[0.0020881979705904205, 0.002670202917286473, 0.0029835047297635357, 0.0019696760647716955, 0.0019636582297263986, 0.0038130022943683776, 0.003517680649649772, 0.0027704358265689755]","[8.864226851246042e-07, 5.295414483958653e-06, 8.45259496448647e-06, 7.439261001128839e-06, 5.799134503933073e-06, 2.7221040959507503e-11, 4.3658582825345515e-11, 2.9264574911238607e-06]","[8.864226851246042e-07, 5.295414483958653e-06, 8.45259496448647e-06, 7.439261001128839e-06, 5.799134503933073e-06, 2.7221040959507503e-11, 4.3658582825345515e-11, 2.9264574911238607e-06]",8.45259496448647e-06,4.235266503754831e-07,"[8.864226749657382e-07, 5.29541443567501e-06, 8.452594474502983e-06, 7.439260780250185e-06, 5.799134469673369e-06, 2.722098197890932e-11, 4.365830483590849e-11, 2.9264574718896805e-06]",1.2574774457263516e-05,1.0009354456386177e-14,0.0,0.9999816311208654,True,350,2.04,1e-05,banded ADMM with dual certificate,0.01489256100012426,34,51,8,0.5*sum_train((z-y)^2)+lambda*sum(abs(Bz))
PDE,fisher_kpp,tv_diff,TV,1,0.01,4,0,1.0,0.0002759575692239299,"[0.004494703013673041, 0.012842348830727868, 0.01272346454145633, 0.00969510142935517, 0.010373251116996527, 0.02088138788324566, 0.020638292760381448, 0.006228544103498916]","[0.004494701236241717, 0.012842348830706025, 0.012723464541442499, 0.009695101429346393, 0.010373251116594012, 0.020881387879117783, 0.02063829276037541, 0.00622024644796099]","[1.7774313236518235e-09, 2.1843638009499955e-14, 1.3830950273963083e-14, 8.777700788442644e-15, 4.0251482702480246e-13, 4.127875125048419e-12, 6.036837696399289e-15, 8.297655537926017e-06]","[1.7774313236518235e-09, 2.1843638009499955e-14, 1.3830950273963083e-14, 8.777700788442644e-15, 4.0251482702480246e-13, 4.127875125048419e-12, 6.036837696399289e-15, 8.297655537926017e-06]",8.297655537926017e-06,1.5866720437518467e-10,"[1.7774335964106276e-09, 9.457712391025552e-15, 8.47585890362268e-15, 7.221653830491448e-15, 4.0218522956436686e-13, 4.130281186509599e-12, 6.1201044232461754e-15, 8.297655538941024e-06]",4.5093830880471586e-07,1.3877787807814457e-14,0.0,0.9999999955107182,True,975,163.2,1e-05,banded ADMM with dual certificate,0.041273558999819215,34,51,8,0.5*sum_train((z-y)^2)+lambda*sum(abs(Bz))
PDE,fisher_kpp,tv_diff,TV,1,0.01,4,0,10.0,0.0018857737357754747,"[0.004534258506079097, 0.02987477275991028, 0.02946568438974721, 0.0209092464701834, 0.02326930187013478, 0.06738192486202496, 0.0816384115776362, 0.0062202651535341056]","[0.004534258506048855, 0.029874772759871687, 0.029465684389706745, 0.020909246470162846, 0.02326930187010217, 0.06738192486201211, 0.08163841157761069, 0.006220265153515987]","[3.0242301718441666e-14, 3.8594127893532004e-14, 4.0464159800635e-14, 2.055300374337321e-14, 3.260933190141202e-14, 1.2850831510036187e-14, 2.550737399076297e-14, 1.8118319344839762e-14]","[3.0242301718441666e-14, 3.8594127893532004e-14, 4.0464159800635e-14, 2.055300374337321e-14, 3.260933190141202e-14, 1.2850831510036187e-14, 2.550737399076297e-14, 1.8118319344839762e-14]",4.0464159800635e-14,1.3322676295501878e-14,"[3.1311956023622815e-14, 3.618481930929217e-14, 2.727532658321823e-14, 2.8108634697991032e-14, 2.719508032201941e-14, 1.3270837769548993e-14, 2.64279850131642e-14, 1.7730939526791214e-14]",4.440892098500626e-16,1.3322676295501878e-14,0.0,1.0,True,0,0.0,1e-05,affine exact solution,0.00033231099996555713,34,51,8,0.5*sum_train((z-y)^2)+lambda*sum(abs(Bz))
PDE,fisher_kpp,tv_diff,TV,1,0.01,4,0,100.0,0.0018857737357754747,"[0.004534258506361494, 0.029874772760240215, 0.029465684389991496, 0.020909246470435496, 0.023269301870377162, 0.067381924862144, 0.08163841157786932, 0.00622026515369315]","[0.004534258506048855, 0.029874772759871687, 0.029465684389706745, 0.020909246470162846, 0.02326930187010217, 0.06738192486201211, 0.08163841157761069, 0.006220265153515987]","[3.126388037344441e-13, 3.6852812468346485e-13, 2.8475138913464093e-13, 2.726499581662267e-13, 2.749918348587954e-13, 1.318944953254686e-13, 2.586264535864302e-13, 1.7716297179282137e-13]","[3.126388037344441e-13, 3.6852812468346485e-13, 2.8475138913464093e-13, 2.726499581662267e-13, 2.749918348587954e-13, 1.318944953254686e-13, 2.586264535864302e-13, 1.7716297179282137e-13]",3.6852812468346485e-13,1.3322676295501878e-14,"[3.137090137366284e-13, 3.661182661959449e-13, 2.7156147975927064e-13, 2.8020727228734773e-13, 2.6958029654064906e-13, 1.323193566845453e-13, 2.5955472106592587e-13, 1.7677524258002887e-13]",4.440892098500626e-16,1.3322676295501878e-14,0.0,1.0,True,0,0.0,1e-05,affine exact solution,0.000243086999944353,34,51,8,0.5*sum_train((z-y)^2)+lambda*sum(abs(Bz))
PDE,fisher_kpp,tv_diff,TV,1,0.01,4,0,1000.0,0.0018857737357754747,"[0.004534258509185465, 0.029874772763539552, 0.029465684392434358, 0.020909246472956482, 0.023269301872801015, 0.0673819248633345, 0.08163841158020059, 0.006220265155283593]","[0.004534258506048855, 0.029874772759871687, 0.029465684389706745, 0.020909246470162846, 0.02326930187010217, 0.06738192486201211, 0.08163841157761069, 0.006220265153515987]","[3.136609895426634e-12, 3.667864623135841e-12, 2.7276132741338444e-12, 2.7936368496295216e-12, 2.698844620008245e-12, 1.322386644631024e-12, 2.5899005162699495e-12, 1.7676060268256855e-12]","[3.136609895426634e-12, 3.667864623135841e-12, 2.7276132741338444e-12, 2.7936368496295216e-12, 2.698844620008245e-12, 1.322386644631024e-12, 2.5899005162699495e-12, 1.7676060268256855e-12]",3.667864623135841e-12,1.3322676295501878e-14,"[3.1376795908666846e-12, 3.665452735062472e-12, 2.714423011519795e-12, 2.801193648180915e-12, 2.6934324587269453e-12, 1.3228045458345082e-12, 2.590822081593542e-12, 1.7672182731124054e-12]",4.440892098500626e-16,1.3322676295501878e-14,0.0,1.0,True,0,0.0,1e-05,affine exact solution,0.00022749299978386262,34,51,8,0.5*sum_train((z-y)^2)+lambda*sum(abs(Bz))
PDE,fisher_kpp,tv_diff,TV,1,0.01,4,1,0.0,0.00012486665514331629,"[0.0, 0.0, 0.0, 0.0, 0.0, 0.0, 0.0, 0.0]","[0.0, 0.0, 0.0, 0.0, 0.0, 0.0, 0.0, 0.0]","[0.0, 0.0, 0.0, 0.0, 0.0, 0.0, 0.0, 0.0]","[0.0, 0.0, 0.0, 0.0, 0.0, 0.0, 0.0, 0.0]",0.0,0.0,"[0.0, 0.0, 0.0, 0.0, 0.0, 0.0, 0.0, 0.0]",0.0,0.0,0.0,1.0,True,0,0.0,1e-05,zero-penalty interpolation,0.00040697400027056574,35,51,8,0.5*sum_train((z-y)^2)+lambda*sum(abs(Bz))
PDE,fisher_kpp,tv_diff,TV,1,0.01,4,1,0.0001,0.00013319855120863533,"[4.4357149301396417e-05, 4.2476350253873645e-05, 4.875656719768194e-05, 3.745132994381993e-05, 3.590028425387651e-05, 3.0132318661840868e-05, 5.548926499968549e-05, 5.1927140288086065e-05]","[4.397748172034894e-05, 4.213824146939486e-05, 4.846462518575144e-05, 3.720641654050957e-05, 3.554725673594581e-05, 2.9824894167402872e-05, 5.5154465983061505e-05, 5.158302072243894e-05]","[3.7966758104747363e-07, 3.381087844787827e-07, 2.919420119305044e-07, 2.4491340331035753e-07, 3.53027517930705e-07, 3.074244944379956e-07, 3.347990166239833e-07, 3.441195656471259e-07]","[3.7966758104747363e-07, 3.381087844787827e-07, 2.919420119305044e-07, 2.4491340331035753e-07, 3.53027517930705e-07, 3.074244944379956e-07, 3.347990166239833e-07, 3.441195656471259e-07]",3.7966758104747363e-07,2.3515221271444087e-06,"[3.796354452887386e-07, 3.380650830691516e-07, 2.919192052604997e-07, 2.4488558536637107e-07, 3.529733388999906e-07, 3.0737222390260206e-07, 3.347788107847165e-07, 3.4410022532499647e-07]",0.00010061671959934119,2.710505431213761e-20,0.0,0.9921817636174697,True,25,0.01,1e-05,banded ADMM with dual certificate,0.0013555350001297484,35,51,8,0.5*sum_train((z-y)^2)+lambda*sum(abs(Bz))
PDE,fisher_kpp,tv_diff,TV,1,0.01,4,1,0.001,0.00012083039162186212,"[0.0003826539678533036, 0.0003578922067298079, 0.00040396689695856695, 0.0003059005985068271, 0.0002910701631523986, 0.00023712257389669347, 0.0004836449426373155, 0.0004464733840636723]","[0.0003730678388321339, 0.0003504851779659944, 0.0003984801562646779, 0.0002992568489760313, 0.00028311290950704853, 0.00022905521921243123, 0.0004746615528988153, 0.00043941940015626373]","[9.586129021169683e-06, 7.407028763813507e-06, 5.486740693889057e-06, 6.643749530795798e-06, 7.957253645350063e-06, 8.067354684262242e-06, 8.983389738500213e-06, 7.0539839074085925e-06]","[9.586129021169683e-06, 7.407028763813507e-06, 5.486740693889057e-06, 6.643749530795798e-06, 7.957253645350063e-06, 8.067354684262242e-06, 8.983389738500213e-06, 7.0539839074085925e-06]",9.586129021169683e-06,1.7587597661425456e-05,"[9.584391975711636e-06, 7.406059447506545e-06, 5.484988460630069e-06, 6.641381876989279e-06, 7.95684753369076e-06, 8.067068481442552e-06, 8.982099784963322e-06, 7.052923635350616e-06]",0.0008582223039257653,2.981555974335137e-19,0.0,0.9941450320411513,True,25,0.01,1e-05,banded ADMM with dual certificate,0.0014252689998102142,35,51,8,0.5*sum_train((z-y)^2)+lambda*sum(abs(Bz))
PDE,fisher_kpp,tv_diff,TV,1,0.01,4,1,0.01,9.99737320011521e-05,"[0.0012006639176779994, 0.0010632380001962343, 0.0013943168302986142, 0.0007941213416881991, 0.0007331910489419928, 0.0009692455565304111, 0.0014850066667509954, 0.001630239076390302]","[0.0011992868073175487, 0.001060059980117344, 0.001393055064461034, 0.0007897365579151005, 0.0007329384620148251, 0.0009689314026502833, 0.0014843475136364272, 0.0016276458759068948]","[1.3771103604507014e-06, 3.1780200788903215e-06, 1.261765837580215e-06, 4.384783773098578e-06, 2.5258692716773924e-07, 3.1415388012788915e-07, 6.591531145681926e-07, 2.5932004834071723e-06]","[1.3771103604507014e-06, 3.1780200788903215e-06, 1.261765837580215e-06, 4.384783773098578e-06, 2.5258692716773924e-07, 3.1415388012788915e-07, 6.591531145681926e-07, 2.5932004834071723e-06]",4.384783773098578e-06,2.794445492985964e-05,"[1.3771081856396702e-06, 3.178015572885567e-06, 1.2617604644771024e-06, 4.384220198916817e-06, 2.525868786601546e-07, 3.1415379536192754e-07, 6.591431546148661e-07, 2.589959707102469e-06]",5.397141780771886e-05,3.469446951953614e-18,0.0,0.9983168396624531,True,150,0.40800000000000003,1e-05,banded ADMM with dual certificate,0.0065405340001234435,35,51,8,0.5*sum_train((z-y)^2)+lambda*sum(abs(Bz))
PDE,fisher_kpp,tv_diff,TV,1,0.01,4,1,0.1,9.823980412747632e-05,"[0.002018551902717641, 0.002414611886125864, 0.0032037429399832005, 0.0019143975371727943, 0.001974111427744847, 0.003674545137855552, 0.003932976653370264, 0.003176255167356557]","[0.0020088083377393876, 0.002414611857682509, 0.003203626517405825, 0.0019082426338036195, 0.001968593113090522, 0.003674545137854965, 0.003932976645236145, 0.003176141121966557]","[9.743564978253409e-06, 2.8443355309937246e-11, 1.164225773755273e-07, 6.1549033691747895e-06, 5.518314654325094e-06, 5.872038966181492e-16, 8.134118378855248e-12, 1.1404538999976177e-07]","[9.743564978253409e-06, 2.8443355309937246e-11, 1.164225773755273e-07, 6.1549033691747895e-06, 5.518314654325094e-06, 5.872038966181492e-16, 8.134118378855248e-12, 1.1404538999976177e-07]",9.743564978253409e-06,3.85653656426177e-07,"[9.743564866154276e-06, 2.844336853720375e-11, 1.1642257420705487e-07, 6.1549031046700085e-06, 5.5183144996209365e-06, 5.885049392251318e-16, 8.134107536833524e-12, 1.1404538997786089e-07]",9.164706716163762e-06,4.163336342344337e-17,0.0,0.9999812563059978,True,450,2.04,1e-05,banded ADMM with dual certificate,0.020635031999972853,35,51,8,0.5*sum_train((z-y)^2)+lambda*sum(abs(Bz))
PDE,fisher_kpp,tv_diff,TV,1,0.01,4,1,1.0,0.0001734588954889408,"[0.004541808480297853, 0.01277112204192074, 0.0140650999165771, 0.009426194124037945, 0.010127485038564737, 0.021988980405653027, 0.022492051770274343, 0.007579261161248519]","[0.004532408379553321, 0.012771122041913052, 0.014065096968814673, 0.009426193800658914, 0.010127484999599643, 0.02198898040564841, 0.02249205177027098, 0.007574269398886932]","[9.400100744532194e-06, 7.688294445529209e-15, 2.9477624265139557e-09, 3.233790318857288e-10, 3.8965093304699217e-11, 4.6178338930502605e-15, 3.361894096443052e-15, 4.99176236158725e-06]","[9.400100744532194e-06, 7.688294445529209e-15, 2.9477624265139557e-09, 3.233790318857288e-10, 3.8965093304699217e-11, 4.6178338930502605e-15, 3.361894096443052e-15, 4.99176236158725e-06]",9.400100744532194e-06,2.255596020378503e-08,"[9.400100742675932e-06, 7.78543896018391e-15, 2.9477622513068846e-09, 3.233789763745776e-10, 3.896492416916031e-11, 4.6004866582904924e-15, 3.535366444040733e-15, 4.991762361621728e-06]",1.3572107379067333e-06,2.220446049250313e-16,0.0,0.9999992762720342,True,1175,5.1,1e-05,banded ADMM with dual certificate,0.09178821500017875,35,51,8,0.5*sum_train((z-y)^2)+lambda*sum(abs(Bz))
PDE,fisher_kpp,tv_diff,TV,1,0.01,4,1,10.0,0.0015793764964073173,"[0.004693296794772392, 0.032399915782360206, 0.03402369440779435, 0.020767463265705267, 0.021647743840387448, 0.07710300829018818, 0.08852582419431687, 0.007773890254975611]","[0.004693296794741404, 0.032399915782349686, 0.03402369440775768, 0.020767463265682858, 0.021647743840352965, 0.07710300829016614, 0.08852582419429844, 0.0077738902549367925]","[3.0987365451373705e-14, 1.0519363158323358e-14, 3.6665115388245795e-14, 2.2409157862668394e-14, 3.448283325546697e-14, 2.2037927038809357e-14, 1.84297022087776e-14, 3.8818774583671e-14]","[3.0987365451373705e-14, 1.0519363158323358e-14, 3.6665115388245795e-14, 2.2409157862668394e-14, 3.448283325546697e-14, 2.2037927038809357e-14, 1.84297022087776e-14, 3.8818774583671e-14]",3.8818774583671e-14,2.0872192862952943e-14,"[3.09068836477549e-14, 1.1561414346450097e-14, 3.55609192713481e-14, 2.251415482200625e-14, 3.482939780382982e-14, 2.111822666846902e-14, 1.725740225127494e-14, 3.889926646382251e-14]",5.551115123125783e-16,2.6645352591003757e-15,0.0,1.0,True,0,0.0,1e-05,affine exact solution,0.0005116610000186483,35,51,8,0.5*sum_train((z-y)^2)+lambda*sum(abs(Bz))
PDE,fisher_kpp,tv_diff,TV,1,0.01,4,1,100.0,0.0015793764964073173,"[0.004693296795049514, 0.03239991578246559, 0.03402369440811737, 0.020767463265907136, 0.021647743840700166, 0.07710300829038225, 0.08852582419447566, 0.007773890255324863]","[0.004693296794741404, 0.032399915782349686, 0.03402369440775768, 0.020767463265682858, 0.021647743840352965, 0.07710300829016614, 0.08852582419429844, 0.0077738902549367925]","[3.0810944073866864e-13, 1.1590034487696244e-13, 3.59691443296839e-13, 2.2427892876208944e-13, 3.47201434269806e-13, 2.1610491174328672e-13, 1.7721935030579061e-13, 3.8807065200208157e-13]","[3.0810944073866864e-13, 1.1590034487696244e-13, 3.59691443296839e-13, 2.2427892876208944e-13, 3.47201434269806e-13, 2.1610491174328672e-13, 1.7721935030579061e-13, 3.8807065200208157e-13]",3.8807065200208157e-13,2.0872192862952943e-14,"[3.0802895893504983e-13, 1.1694586551204113e-13, 3.5858377773298933e-13, 2.243839257214273e-13, 3.4754799881816886e-13, 2.1518174192599442e-13, 1.760366420074321e-13, 3.881511438822331e-13]",5.551115123125783e-16,2.6645352591003757e-15,0.0,1.0,True,0,0.0,1e-05,affine exact solution,0.0004641499999706866,35,51,8,0.5*sum_train((z-y)^2)+lambda*sum(abs(Bz))
PDE,fisher_kpp,tv_diff,TV,1,0.01,4,1,1000.0,0.0015793764964073173,"[0.004693296797820734, 0.03239991578351943, 0.0340236944113476, 0.020767463267925834, 0.021647743843827352, 0.07710300829232287, 0.08852582419606345, 0.007773890258817382]","[0.004693296794741404, 0.032399915782349686, 0.03402369440775768, 0.020767463265682858, 0.021647743840352965, 0.07710300829016614, 0.08852582419429844, 0.0077738902549367925]","[3.079330193611618e-12, 1.1697448565328727e-12, 3.5899200279132515e-12, 2.2429766377563e-12, 3.474387444413196e-12, 2.156733125424637e-12, 1.7650048089734582e-12, 3.880589426186187e-12]","[3.079330193611618e-12, 1.1697448565328727e-12, 3.5899200279132515e-12, 2.2429766377563e-12, 3.474387444413196e-12, 2.156733125424637e-12, 1.7650048089734582e-12, 3.880589426186187e-12]",3.880589426186187e-12,2.0872192862952943e-14,"[3.0792497118079993e-12, 1.1707903771679514e-12, 3.588812362349402e-12, 2.2430816347156377e-12, 3.474734008961559e-12, 2.1558168945012484e-12, 1.7638290395690037e-12, 3.880669918066339e-12]",5.551115123125783e-16,2.6645352591003757e-15,0.0,1.0,True,0,0.0,1e-05,affine exact solution,0.0005895990002500184,35,51,8,0.5*sum_train((z-y)^2)+lambda*sum(abs(Bz))
PDE,fisher_kpp,tv_diff,TV,1,0.01,4,2,0.0,0.0001268788906285266,"[0.0, 0.0, 0.0, 0.0, 0.0, 0.0, 0.0, 0.0]","[0.0, 0.0, 0.0, 0.0, 0.0, 0.0, 0.0, 0.0]","[0.0, 0.0, 0.0, 0.0, 0.0, 0.0, 0.0, 0.0]","[0.0, 0.0, 0.0, 0.0, 0.0, 0.0, 0.0, 0.0]",0.0,0.0,"[0.0, 0.0, 0.0, 0.0, 0.0, 0.0, 0.0, 0.0]",0.0,0.0,0.0,1.0,True,0,0.0,1e-05,zero-penalty interpolation,0.0006099699999140284,35,51,8,0.5*sum_train((z-y)^2)+lambda*sum(abs(Bz))
PDE,fisher_kpp,tv_diff,TV,1,0.01,4,2,0.0001,0.0001381524458793364,"[5.001332469935715e-05, 3.8852685734534965e-05, 3.4195072387553905e-05, 4.1497103310408005e-05, 3.788477169180453e-05, 4.932018838157425e-05, 4.987768507460464e-05, 6.005252901132486e-05]","[4.974310136064358e-05, 3.864007747999778e-05, 3.390097573371053e-05, 4.1228349395622087e-05, 3.7603980994615455e-05, 4.888647230378879e-05, 4.9619864889180484e-05, 5.9733742741863326e-05]","[2.7022333871356695e-07, 2.1260825453718233e-07, 2.9409665384337705e-07, 2.68753914785918e-07, 2.8079069718907676e-07, 4.337160777854608e-07, 2.5782018542415614e-07, 3.1878626946153245e-07]","[2.7022333871356695e-07, 2.1260825453718233e-07, 2.9409665384337705e-07, 2.68753914785918e-07, 2.8079069718907676e-07, 4.337160777854608e-07, 2.5782018542415614e-07, 3.1878626946153245e-07]",4.337160777854608e-07,2.2579795710056115e-06,"[2.7020725225056084e-07, 2.1259415242271375e-07, 2.94068086067716e-07, 2.687321959115045e-07, 2.807749213733576e-07, 4.3365285537089323e-07, 2.578090666880838e-07, 3.187747970640511e-07]",0.00010041156302797102,2.710505431213761e-20,0.0,0.9924870005759722,True,25,0.01,1e-05,banded ADMM with dual certificate,0.002599039999950037,35,51,8,0.5*sum_train((z-y)^2)+lambda*sum(abs(Bz))
PDE,fisher_kpp,tv_diff,TV,1,0.01,4,2,0.001,0.0001256745413402271,"[0.00041811879830591853, 0.0003213105191052694, 0.00028464384845403045, 0.00033115538936150633, 0.0003093466011287854, 0.000403984670996828, 0.0004120722252334564, 0.0005109736805501341]","[0.0004178904478361674, 0.00032095176448776745, 0.00028363226731610233, 0.0003308178111578042, 0.0003089398710917797, 0.00040306811481398126, 0.000410534279986642, 0.0005108276569389411]","[2.2835046975110563e-07, 3.587546175019482e-07, 1.0115811379281248e-06, 3.375782037021418e-07, 4.067300370057237e-07, 9.165561828467427e-07, 1.5379452468143834e-06, 1.4602361119299238e-07]","[2.2835046975110563e-07, 3.587546175019482e-07, 1.0115811379281248e-06, 3.375782037021418e-07, 4.067300370057237e-07, 9.165561828467427e-07, 1.5379452468143834e-06, 1.4602361119299238e-07]",1.5379452468143834e-06,7.854625518466298e-06,"[2.2835002288238088e-07, 3.587538734793204e-07, 1.011578471211722e-06, 3.3757545146468476e-07, 4.067181994224826e-07, 9.165544213727466e-07, 1.5373589478232018e-06, 1.460226305301216e-07]",0.00048220499418025415,4.336808689942018e-19,0.0,0.9973820933477622,True,50,0.02,1e-05,banded ADMM with dual certificate,0.004228076999879704,35,51,8,0.5*sum_train((z-y)^2)+lambda*sum(abs(Bz))
PDE,fisher_kpp,tv_diff,TV,1,0.01,4,2,0.01,0.00010648563810140892,"[0.0013519592938200271, 0.0010745058719087465, 0.0009557975451403594, 0.0007456937275136769, 0.0008631554693848671, 0.001277780353302926, 0.0011980416020454727, 0.0015077462999598475]","[0.0013506829641692255, 0.0010742163213287974, 0.0009554838579998895, 0.0007401688532601002, 0.000861920762324313, 0.0012764235870953225, 0.0011980392662978086, 0.0015043585266674455]","[1.2763296508015894e-06, 2.8955057994914206e-07, 3.1368714046989873e-07, 5.524874253576674e-06, 1.234707060554117e-06, 1.3567662076035408e-06, 2.3357476640773617e-09, 3.387773292401995e-06]","[1.2763296508015894e-06, 2.8955057994914206e-07, 3.1368714046989873e-07, 5.524874253576674e-06, 1.234707060554117e-06, 1.3567662076035408e-06, 2.3357476640773617e-09, 3.387773292401995e-06]",5.524874253576674e-06,2.9244981590084707e-06,"[1.2763159011967276e-06, 2.895504641755404e-07, 3.1368572727048013e-07, 5.524847016390901e-06, 1.234706229639597e-06, 1.3567596626720604e-06, 2.3357473195179113e-09, 3.3877439485095534e-06]",5.662663745154006e-05,3.469446951953614e-18,0.0,0.9997906917950512,True,125,0.40800000000000003,1e-05,banded ADMM with dual certificate,0.005794870000045194,35,51,8,0.5*sum_train((z-y)^2)+lambda*sum(abs(Bz))
PDE,fisher_kpp,tv_diff,TV,1,0.01,4,2,0.1,0.00011000107469925894,"[0.002167262299455133, 0.0025454385414899697, 0.0027716633085690095, 0.0017152398082079714, 0.0021673585150877583, 0.0038612580336042754, 0.0036386371296706597, 0.002749929500936367]","[0.002157362918498886, 0.0025454385414893843, 0.0027716614045654488, 0.0017094554581160268, 0.002166345076084818, 0.0038612580336038127, 0.0036386371292738144, 0.0027499233552915016]","[9.899380956247296e-06, 5.854691731421724e-16, 1.9040035607181816e-09, 5.784350091944581e-06, 1.0134390029401322e-06, 4.627374872168133e-16, 3.9684531702444126e-13, 6.145644865403199e-09]","[9.899380956247296e-06, 5.854691731421724e-16, 1.9040035607181816e-09, 5.784350091944581e-06, 1.0134390029401322e-06, 4.627374872168133e-16, 3.9684531702444126e-13, 6.145644865403199e-09]",9.899380956247296e-06,1.3359477819829824e-07,"[9.899380930364029e-06, 5.917575457425883e-16, 1.9040035771980546e-09, 5.7843500291308945e-06, 1.0134389971821513e-06, 4.488596994089988e-16, 3.9683187291750244e-13, 6.14564486063271e-09]",8.039752387611898e-06,2.7755575615628914e-17,0.0,0.9999903193585139,True,450,2.04,1e-05,banded ADMM with dual certificate,0.01907261499991364,35,51,8,0.5*sum_train((z-y)^2)+lambda*sum(abs(Bz))
PDE,fisher_kpp,tv_diff,TV,1,0.01,4,2,1.0,0.00023155889545345442,"[0.0043892030710099795, 0.012946005729356447, 0.013471043749308399, 0.009263919232221487, 0.010448668701148028, 0.021191124376241474, 0.021990301906117754, 0.006453452926344657]","[0.004380289542394809, 0.012946005653618343, 0.01347104374916186, 0.009263919228592734, 0.010448668700036568, 0.02119112437623763, 0.021990301906113074, 0.006450913206062586]","[8.913528615170883e-06, 7.573810328898034e-11, 1.465390309096648e-13, 3.6287535476464683e-12, 1.111459882463528e-12, 3.8441472227646045e-15, 4.6802839381854255e-15, 2.5397202820711534e-06]","[8.913528615170883e-06, 7.573810328898034e-11, 1.465390309096648e-13, 3.6287535476464683e-12, 1.111459882463528e-12, 3.8441472227646045e-15, 4.6802839381854255e-15, 2.5397202820711534e-06]",8.913528615170883e-06,9.9267825071081e-09,"[8.913528615051946e-06, 7.573790032633365e-11, 1.4630831268735989e-13, 3.6284525731233863e-12, 1.1115917214477022e-12, 3.729655473350135e-15, 4.274358644806853e-15, 2.5397202819658774e-06]",6.028742792207886e-07,2.220446049250313e-16,0.0,0.9999997011017571,True,1200,10.2,1e-05,banded ADMM with dual certificate,0.050089216000287706,35,51,8,0.5*sum_train((z-y)^2)+lambda*sum(abs(Bz))
PDE,fisher_kpp,tv_diff,TV,1,0.01,4,2,10.0,0.0016642813796997815,"[0.004459632446303524, 0.03413405376133542, 0.0325302958648751, 0.02107004778088804, 0.023909501676856997, 0.07504385415324907, 0.08561569221232825, 0.006583933887826248]","[0.004459632446268569, 0.034134053761310706, 0.03253029586484289, 0.021070047780869558, 0.02390950167682345, 0.07504385415323464, 0.0856156922123031, 0.006583933887793898]","[3.495554540267065e-14, 2.4716340085717547e-14, 3.2210345501937354e-14, 1.8481743913056903e-14, 3.3546082578439496e-14, 1.4432899320127035e-14, 2.5146551507759796e-14, 3.2350858103491476e-14]","[3.495554540267065e-14, 2.4716340085717547e-14, 3.2210345501937354e-14, 1.8481743913056903e-14, 3.3546082578439496e-14, 1.4432899320127035e-14, 2.5146551507759796e-14, 3.2350858103491476e-14]",3.495554540267065e-14,1.4460654895742664e-14,"[3.4649262521940664e-14, 2.4186521805462304e-14, 3.102643133002642e-14, 1.8180761222722513e-14, 3.240266644278757e-14, 1.4278557238452243e-14, 2.4959592854430095e-14, 3.245269139588177e-14]",4.440892098500626e-16,1.7763568394002505e-15,0.0,1.0,True,0,0.0,1e-05,affine exact solution,0.0003150649999952293,35,51,8,0.5*sum_train((z-y)^2)+lambda*sum(abs(Bz))
PDE,fisher_kpp,tv_diff,TV,1,0.01,4,2,100.0,0.0016642813796997815,"[0.0044596324466168675, 0.03413405376155462, 0.032530295865160035, 0.02107004778104994, 0.023909501677155665, 0.07504385415337929, 0.0856156922125547, 0.006583933888118983]","[0.004459632446268569, 0.034134053761310706, 0.03253029586484289, 0.021070047780869558, 0.02390950167682345, 0.07504385415323464, 0.0856156922123031, 0.006583933887793898]","[3.482986468683613e-13, 2.439159985101469e-13, 3.1714214587807987e-13, 1.803834859259723e-13, 3.3221342343736637e-13, 1.4464818232085008e-13, 2.516042929556761e-13, 3.2508544467457767e-13]","[3.482986468683613e-13, 2.439159985101469e-13, 3.1714214587807987e-13, 1.803834859259723e-13, 3.3221342343736637e-13, 1.4464818232085008e-13, 2.516042929556761e-13, 3.2508544467457767e-13]",3.482986468683613e-13,1.4460654895742664e-14,"[3.4799236398763134e-13, 2.4338618022989163e-13, 3.15954762259217e-13, 1.8008250323563791e-13, 3.3107000730171443e-13, 1.4448690134527139e-13, 2.514190690258224e-13, 3.2518727796696796e-13]",4.440892098500626e-16,1.7763568394002505e-15,0.0,1.0,True,0,0.0,1e-05,affine exact solution,0.0002980790000037814,35,51,8,0.5*sum_train((z-y)^2)+lambda*sum(abs(Bz))
PDE,fisher_kpp,tv_diff,TV,1,0.01,4,2,1000.0,0.0016642813796997815,"[0.0044596324497502985, 0.03413405376374662, 0.03253029586800932, 0.02107004778266896, 0.023909501680142338, 0.07504385415468137, 0.0856156922148193, 0.006583933891046329]","[0.004459632446268569, 0.034134053761310706, 0.03253029586484289, 0.021070047780869558, 0.02390950167682345, 0.07504385415323464, 0.0856156922123031, 0.006583933887793898]","[3.481729661525268e-12, 2.4359125827544403e-12, 3.1664254551699855e-12, 1.7994009060551264e-12, 3.318886832026635e-12, 1.4467316233890415e-12, 2.516195585222647e-12, 3.2524313103854396e-12]","[3.481729661525268e-12, 2.4359125827544403e-12, 3.1664254551699855e-12, 1.7994009060551264e-12, 3.318886832026635e-12, 1.4467316233890415e-12, 2.516195585222647e-12, 3.2524313103854396e-12]",3.481729661525268e-12,1.4460654895742664e-14,"[3.481423378644538e-12, 2.435382764474185e-12, 3.1652380715511226e-12, 1.799099923364792e-12, 3.3177434158909832e-12, 1.4465703424134627e-12, 2.5160138307397454e-12, 3.2525331436778298e-12]",4.440892098500626e-16,1.7763568394002505e-15,0.0,1.0,True,0,0.0,1e-05,affine exact solution,0.0002452099997753976,35,51,8,0.5*sum_train((z-y)^2)+lambda*sum(abs(Bz))
PDE,fisher_kpp,pod_tv_diff,POD+TV,1,0.01,4,0,0.0,0.00011020926079672203,"[0.0, 0.0]","[0.0, 0.0]","[0.0, 0.0]","[0.0, 0.0]",0.0,0.0,"[0.0, 0.0]",0.0,0.0,0.0,1.0,True,0,0.0,1e-05,zero-penalty interpolation,0.00034878599990406656,34,51,2,0.5*sum_train((z-y)^2)+lambda*sum(abs(Bz))
PDE,fisher_kpp,pod_tv_diff,POD+TV,1,0.01,4,0,0.0001,0.00011084057123263234,"[1.5326742803210083e-05, 2.1521405370606554e-05]","[1.5140757941929577e-05, 2.140322234778317e-05]","[1.8598486128050643e-07, 1.1818302282338593e-07]","[1.8598486128050643e-07, 1.1818302282338593e-07]",1.8598486128050643e-07,2.478216535818016e-06,"[1.8592732519259254e-07, 1.181776093701682e-07]",0.00010045753937625386,1.4038859593064335e-14,0.0,0.9917638664334014,True,25,0.01,1e-05,banded ADMM with dual certificate,0.0010910949999924924,34,51,2,0.5*sum_train((z-y)^2)+lambda*sum(abs(Bz))
PDE,fisher_kpp,pod_tv_diff,POD+TV,1,0.01,4,0,0.001,0.00010997539847113114,"[9.533888109308722e-05, 0.0001485868294210992]","[9.383954908099689e-05, 0.00014772684572958967]","[1.4993320120903266e-06, 8.599836915095145e-07]","[1.4993320120903266e-06, 8.599836915095145e-07]",1.4993320120903266e-06,3.2429158988321258e-06,"[1.4992811572610068e-06, 8.599361081134424e-07]",0.0002794586222344686,2.376029061001983e-14,0.0,0.9989189920916283,True,50,0.02,1e-05,banded ADMM with dual certificate,0.0017934849997800484,34,51,2,0.5*sum_train((z-y)^2)+lambda*sum(abs(Bz))
PDE,fisher_kpp,pod_tv_diff,POD+TV,1,0.01,4,0,0.01,0.00010968232346169497,"[0.0003347797485915308, 0.0006499235804136289]","[0.0003303865051291627, 0.000648465228676709]","[4.393243462368101e-06, 1.4583517369199436e-06]","[4.393243462368101e-06, 1.4583517369199436e-06]",4.393243462368101e-06,3.729324424153399e-06,"[4.393195529808324e-06, 1.4583436720065146e-06]",0.00015639897526975588,3.958638972179074e-15,0.0,0.9993449117469944,True,100,0.40800000000000003,1e-05,banded ADMM with dual certificate,0.003368801000306121,34,51,2,0.5*sum_train((z-y)^2)+lambda*sum(abs(Bz))
PDE,fisher_kpp,pod_tv_diff,POD+TV,1,0.01,4,0,0.1,0.00011216043971186976,"[0.0019290382980389905, 0.005093555351092109]","[0.001920014291886367, 0.005093555350969037]","[9.024006152623604e-06, 1.2307169172665056e-13]","[9.024006152623604e-06, 1.2307169172665056e-13]",9.024006152623604e-06,1.4626438217188453e-07,"[9.024006198147302e-06, 1.2333363497152305e-13]",1.0979202504840524e-05,3.6137759451548845e-14,0.0,0.9999906969448618,True,275,1.02,1e-05,banded ADMM with dual certificate,0.008396843999889825,34,51,2,0.5*sum_train((z-y)^2)+lambda*sum(abs(Bz))
PDE,fisher_kpp,pod_tv_diff,POD+TV,1,0.01,4,0,1.0,0.00019897571192418415,"[0.006860982380586657, 0.0402247569495289]","[0.006853589758154796, 0.04022475639367146]","[7.392622431860556e-06, 5.558574434072483e-10]","[7.392622431860556e-06, 5.558574434072483e-10]",7.392622431860556e-06,2.993503125936492e-08,"[7.392622446040402e-06, 5.558572421793251e-10]",2.980075242131619e-07,7.341349750333848e-15,0.0,0.9999993835699542,True,575,20.4,1e-05,banded ADMM with dual certificate,0.017636198999753105,34,51,2,0.5*sum_train((z-y)^2)+lambda*sum(abs(Bz))
PDE,fisher_kpp,pod_tv_diff,POD+TV,1,0.01,4,0,10.0,0.0010883537673021092,"[0.006865141479394769, 0.22809344333255446]","[0.006864816646130159, 0.22809344332871404]","[3.248332646095531e-07, 3.84042797563211e-12]","[3.248332646095531e-07, 3.84042797563211e-12]",3.248332646095531e-07,4.107825191113079e-15,"[3.248332554174753e-07, 3.8404834867833415e-12]",1.2489087541922572e-09,4.107825191113079e-15,0.0,1.0,True,275,816.0,1e-05,banded ADMM with dual certificate,0.008645228000204952,34,51,2,0.5*sum_train((z-y)^2)+lambda*sum(abs(Bz))
PDE,fisher_kpp,pod_tv_diff,POD+TV,1,0.01,4,0,100.0,0.0021076499615956547,"[0.0068648166468882775, 0.25404284129319]","[0.006864816646242583, 0.2540428412931898]","[6.456944354193972e-13, 1.6653345369377348e-16]","[6.456944354193972e-13, 1.6653345369377348e-16]",6.456944354193972e-13,1.7680301667155618e-14,"[6.052760486249195e-13, 9.755154247315924e-17]",8.881784197001252e-16,1.7680301667155618e-14,0.0,1.0,True,0,0.0,1e-05,affine exact solution,0.00024868500031516305,34,51,2,0.5*sum_train((z-y)^2)+lambda*sum(abs(Bz))
PDE,fisher_kpp,pod_tv_diff,POD+TV,1,0.01,4,0,1000.0,0.0021076499615956547,"[0.006864816652334118, 0.2540428412931909]","[0.006864816646242583, 0.2540428412931898]","[6.091535262320313e-12, 1.0547118733938987e-15]","[6.091535262320313e-12, 1.0547118733938987e-15]",6.091535262320313e-12,1.7680301667155618e-14,"[6.051116900669204e-12, 9.773402522197506e-16]",8.881784197001252e-16,1.7680301667155618e-14,0.0,1.0,True,0,0.0,1e-05,affine exact solution,0.0002146639999409672,34,51,2,0.5*sum_train((z-y)^2)+lambda*sum(abs(Bz))
PDE,fisher_kpp,pod_tv_diff,POD+TV,1,0.01,4,1,0.0,0.0001174778235960992,"[0.0, 0.0]","[0.0, 0.0]","[0.0, 0.0]","[0.0, 0.0]",0.0,0.0,"[0.0, 0.0]",0.0,0.0,0.0,1.0,True,0,0.0,1e-05,zero-penalty interpolation,0.0002966270003526006,35,51,2,0.5*sum_train((z-y)^2)+lambda*sum(abs(Bz))
PDE,fisher_kpp,pod_tv_diff,POD+TV,1,0.01,4,1,0.0001,0.00011765131656371872,"[1.7317765337042975e-05, 1.582497784195425e-05]","[1.717860085196561e-05, 1.5631748557948327e-05]","[1.3916448507736301e-07, 1.9322928400592165e-07]","[1.3916448507736301e-07, 1.9322928400592165e-07]",1.9322928400592165e-07,2.2992024942634763e-06,"[1.3913956836067302e-07, 1.931787398626863e-07]",9.977321059181671e-05,2.710505431213761e-20,0.0,0.9923443547149418,True,25,0.01,1e-05,banded ADMM with dual certificate,0.0010770240000965714,35,51,2,0.5*sum_train((z-y)^2)+lambda*sum(abs(Bz))
PDE,fisher_kpp,pod_tv_diff,POD+TV,1,0.01,4,1,0.001,0.0001168761367675706,"[0.0001186459443171908, 0.00010838426513063958]","[0.00011737990778896328, 0.00010605785929181731]","[1.2660365282275162e-06, 2.3264058388222696e-06]","[1.2660365282275162e-06, 2.3264058388222696e-06]",2.3264058388222696e-06,8.175650062318233e-06,"[1.26568191125001e-06, 2.326403578560576e-06]",0.00044565916449909593,4.336808689942018e-19,0.0,0.9972751939603147,True,50,0.02,1e-05,banded ADMM with dual certificate,0.0018223890001536347,35,51,2,0.5*sum_train((z-y)^2)+lambda*sum(abs(Bz))
PDE,fisher_kpp,pod_tv_diff,POD+TV,1,0.01,4,1,0.01,0.00011702800179397781,"[0.0003782015838038737, 0.0005800130276782488]","[0.0003743503823404777, 0.0005799303375875649]","[3.851201463396015e-06, 8.269009068391422e-08]","[3.851201463396015e-06, 8.269009068391422e-08]",3.851201463396015e-06,2.0401101822704534e-06,"[3.8511832698355335e-06, 8.269006403910373e-08]",0.00011717755777861452,1.734723475976807e-18,0.0,0.9996458942765312,True,125,0.40800000000000003,1e-05,banded ADMM with dual certificate,0.004040364000047703,35,51,2,0.5*sum_train((z-y)^2)+lambda*sum(abs(Bz))
PDE,fisher_kpp,pod_tv_diff,POD+TV,1,0.01,4,1,0.1,0.00011862887801705848,"[0.0019777083518887307, 0.004865473321302128]","[0.001971399110869708, 0.004865442137040014]","[6.309241019022797e-06, 3.118426211354275e-08]","[6.309241019022797e-06, 3.118426211354275e-08]",6.309241019022797e-06,5.477597364439424e-07,"[6.309240322057309e-06, 3.1184259505386e-08]",7.166907699543423e-06,2.7755575615628914e-17,0.0,0.9999609272091533,True,200,2.04,1e-05,banded ADMM with dual certificate,0.00621945999955642,35,51,2,0.5*sum_train((z-y)^2)+lambda*sum(abs(Bz))
PDE,fisher_kpp,pod_tv_diff,POD+TV,1,0.01,4,1,1.0,0.00016525783932269496,"[0.007614365611917601, 0.040290665374777504]","[0.007605032557645386, 0.04029066537477671]","[9.333054272215452e-06, 7.91033905045424e-16]","[9.333054272215452e-06, 7.91033905045424e-16]",9.333054272215452e-06,1.8020845857225076e-09,"[9.333054272938832e-06, 8.951173136040325e-16]",3.501605797540108e-07,3.3306690738754696e-16,0.0,0.9999999572098546,True,1550,5.1,1e-05,banded ADMM with dual certificate,0.0461674610000955,35,51,2,0.5*sum_train((z-y)^2)+lambda*sum(abs(Bz))
PDE,fisher_kpp,pod_tv_diff,POD+TV,1,0.01,4,1,10.0,0.0007861352503128147,"[0.007674335134612544, 0.23447246396449467]","[0.007673698000771986, 0.23447246393321083]","[6.371338405579408e-07, 3.1283836632312045e-11]","[6.371338405579408e-07, 3.1283836632312045e-11]",6.371338405579408e-07,1.9687113050892435e-11,"[6.371338411100087e-07, 3.128391989903889e-11]",2.427754497436041e-09,1.7763568394002505e-15,0.0,0.99999999988816,True,350,816.0,1e-05,banded ADMM with dual certificate,0.010729692000040814,35,51,2,0.5*sum_train((z-y)^2)+lambda*sum(abs(Bz))
PDE,fisher_kpp,pod_tv_diff,POD+TV,1,0.01,4,1,100.0,0.001753687438657607,"[0.007673698001896071, 0.2690585012789375]","[0.007673698001374449, 0.26905850127893727]","[5.21621808247108e-13, 2.220446049250313e-16]","[5.21621808247108e-13, 2.220446049250313e-16]",5.21621808247108e-13,3.519406988061746e-14,"[5.216534701440677e-13, 1.500554876795974e-16]",4.440892098500626e-16,3.552713678800501e-15,0.0,1.0,True,0,0.0,1e-05,affine exact solution,0.00037079899993841536,35,51,2,0.5*sum_train((z-y)^2)+lambda*sum(abs(Bz))
PDE,fisher_kpp,pod_tv_diff,POD+TV,1,0.01,4,1,1000.0,0.001753687438657607,"[0.007673698006586069, 0.2690585012789388]","[0.007673698001374449, 0.26905850127893727]","[5.211620197898004e-12, 1.5543122344752192e-15]","[5.211620197898004e-12, 1.5543122344752192e-15]",5.211620197898004e-12,3.519406988061746e-14,"[5.211651859794963e-12, 1.4932803354354668e-15]",4.440892098500626e-16,3.552713678800501e-15,0.0,1.0,True,0,0.0,1e-05,affine exact solution,0.00022460899981524562,35,51,2,0.5*sum_train((z-y)^2)+lambda*sum(abs(Bz))
PDE,fisher_kpp,pod_tv_diff,POD+TV,1,0.01,4,2,0.0,0.00011988320952084583,"[0.0, 0.0]","[0.0, 0.0]","[0.0, 0.0]","[0.0, 0.0]",0.0,0.0,"[0.0, 0.0]",0.0,0.0,0.0,1.0,True,0,0.0,1e-05,zero-penalty interpolation,0.0003282049997324066,35,51,2,0.5*sum_train((z-y)^2)+lambda*sum(abs(Bz))
PDE,fisher_kpp,pod_tv_diff,POD+TV,1,0.01,4,2,0.0001,0.00012014874830326873,"[1.3948342594429618e-05, 2.1411983110193973e-05]","[1.3830001876655808e-05, 2.1222028397463567e-05]","[1.1834071777380991e-07, 1.8995471273040575e-07]","[1.1834071777380991e-07, 1.8995471273040575e-07]",1.8995471273040575e-07,1.9011803002967273e-06,"[1.1831725957478833e-07, 1.8991674541775892e-07]",9.999248268317022e-05,2.710505431213761e-20,0.0,0.9936745843683409,True,25,0.01,1e-05,banded ADMM with dual certificate,0.0010635939997882815,35,51,2,0.5*sum_train((z-y)^2)+lambda*sum(abs(Bz))
PDE,fisher_kpp,pod_tv_diff,POD+TV,1,0.01,4,2,0.001,0.00011942777058058809,"[8.4951169112263e-05, 0.00014175036785933417]","[8.320363380260459e-05, 0.00014034919135568174]","[1.7475353096584121e-06, 1.4011765036524282e-06]","[1.7475353096584121e-06, 1.4011765036524282e-06]",1.7475353096584121e-06,1.158729166888129e-06,"[1.7475298047653755e-06, 1.401173554992747e-06]",0.0003860593751481983,3.2526065174565133e-19,0.0,0.9996137594699906,True,50,0.02,1e-05,banded ADMM with dual certificate,0.001822328999878664,35,51,2,0.5*sum_train((z-y)^2)+lambda*sum(abs(Bz))
PDE,fisher_kpp,pod_tv_diff,POD+TV,1,0.01,4,2,0.01,0.00011937384342703329,"[0.0003196406815910793, 0.0006340221524464498]","[0.00031536237213948895, 0.0006340179618243807]","[4.278309451590358e-06, 4.1906220690822796e-09]","[4.278309451590358e-06, 4.1906220690822796e-09]",4.278309451590358e-06,2.3136192787362453e-06,"[4.278291578185752e-06, 4.190621921739204e-09]",0.00016251785037013633,3.469446951953614e-18,0.0,0.9995680421588548,True,125,0.40800000000000003,1e-05,banded ADMM with dual certificate,0.00403905199982546,35,51,2,0.5*sum_train((z-y)^2)+lambda*sum(abs(Bz))
PDE,fisher_kpp,pod_tv_diff,POD+TV,1,0.01,4,2,0.1,0.00012197836361174288,"[0.0018217593083253956, 0.004994098330385353]","[0.0018151816241198451, 0.004994095843359394]","[6.577684205550521e-06, 2.4870259593065547e-09]","[6.577684205550521e-06, 2.4870259593065547e-09]",6.577684205550521e-06,2.5142252166321377e-07,"[6.577684078584592e-06, 2.4870259627760016e-09]",1.5482484002876662e-05,2.7755575615628914e-17,0.0,0.999981767606675,True,225,1.02,1e-05,banded ADMM with dual certificate,0.006974638999963645,35,51,2,0.5*sum_train((z-y)^2)+lambda*sum(abs(Bz))
PDE,fisher_kpp,pod_tv_diff,POD+TV,1,0.01,4,2,1.0,0.00018134994350146836,"[0.007288196730976867, 0.03997055937967675]","[0.00728170341133022, 0.03997055408169283]","[6.493319646646602e-06, 5.297983919627658e-09]","[6.493319646646602e-06, 5.297983919627658e-09]",6.493319646646602e-06,7.965249818053799e-08,"[6.493319621460694e-06, 5.297983815544249e-09]",2.970394336054838e-07,2.220446049250313e-16,0.0,0.9999980341924838,True,475,40.8,1e-05,banded ADMM with dual certificate,0.014308680999874923,35,51,2,0.5*sum_train((z-y)^2)+lambda*sum(abs(Bz))
PDE,fisher_kpp,pod_tv_diff,POD+TV,1,0.01,4,2,10.0,0.0008686771779808474,"[0.007355343326743922, 0.23105504689107953]","[0.007350867159087213, 0.23105504630813584]","[4.476167656709482e-06, 5.829436933169063e-10]","[4.476167656709482e-06, 5.829436933169063e-10]",4.476167656709482e-06,1.7540302543750386e-10,"[4.476167656103132e-06, 5.829439153615112e-10]",1.8954080971411713e-08,1.7763568394002505e-15,0.0,0.9999999990507913,True,550,204.0,1e-05,banded ADMM with dual certificate,0.016612786000223423,35,51,2,0.5*sum_train((z-y)^2)+lambda*sum(abs(Bz))
PDE,fisher_kpp,pod_tv_diff,POD+TV,1,0.01,4,2,100.0,0.0018516326147517918,"[0.0073508671899681355, 0.26418490569651815]","[0.0073508671889704336, 0.264184905696518]","[9.97701921079397e-13, 1.6653345369377348e-16]","[9.97701921079397e-13, 1.6653345369377348e-16]",9.97701921079397e-13,1.5640266859406893e-14,"[9.966865673309764e-13, 1.4497359388406966e-16]",8.881784197001252e-16,2.6645352591003757e-15,0.0,1.0,True,0,0.0,1e-05,affine exact solution,0.00029530499978136504,35,51,2,0.5*sum_train((z-y)^2)+lambda*sum(abs(Bz))
PDE,fisher_kpp,pod_tv_diff,POD+TV,1,0.01,4,2,1000.0,0.0018516326147517918,"[0.0073508671989453295, 0.2641849056965194]","[0.0073508671889704336, 0.264184905696518]","[9.974895909259374e-12, 1.4432899320127035e-15]","[9.974895909259374e-12, 1.4432899320127035e-15]",9.974895909259374e-12,1.5640266859406893e-14,"[9.973880555510953e-12, 1.4516066183185534e-15]",8.881784197001252e-16,2.6645352591003757e-15,0.0,1.0,True,0,0.0,1e-05,affine exact solution,0.0002458009998917987,35,51,2,0.5*sum_train((z-y)^2)+lambda*sum(abs(Bz))
PDE,fisher_kpp,tv_diff,TV,2,0.01,4,0,0.0,0.00014966422695021235,"[0.0, 0.0, 0.0, 0.0, 0.0, 0.0, 0.0, 0.0]","[0.0, 0.0, 0.0, 0.0, 0.0, 0.0, 0.0, 0.0]","[0.0, 0.0, 0.0, 0.0, 0.0, 0.0, 0.0, 0.0]","[0.0, 0.0, 0.0, 0.0, 0.0, 0.0, 0.0, 0.0]",0.0,0.0,"[0.0, 0.0, 0.0, 0.0, 0.0, 0.0, 0.0, 0.0]",0.0,0.0,0.0,1.0,True,0,0.0,1e-05,zero-penalty interpolation,0.00038521100032085087,34,51,8,0.5*sum_train((z-y)^2)+lambda*sum(abs(Bz))
PDE,fisher_kpp,tv_diff,TV,2,0.01,4,0,0.0001,0.00017365139168037274,"[4.984274187224208e-05, 3.3790182835787065e-05, 3.9798908912852596e-05, 5.1323970797009326e-05, 4.00312219781017e-05, 4.941105691317831e-05, 6.477184524945464e-05, 3.500427584764502e-05]","[4.956371887880088e-05, 3.357329961646406e-05, 3.93786497773954e-05, 5.078833566391677e-05, 3.978102825957078e-05, 4.9054384677363085e-05, 6.446606614600063e-05, 3.4681904984919416e-05]","[2.7902299344119836e-07, 2.1688321932300818e-07, 4.2025913545719844e-07, 5.356351330925568e-07, 2.5019371853092113e-07, 3.566722358152257e-07, 3.0577910345401115e-07, 3.223708627256015e-07]","[2.7902299344119836e-07, 2.1688321932300818e-07, 4.2025913545719844e-07, 5.356351330925568e-07, 2.5019371853092113e-07, 3.566722358152257e-07, 3.0577910345401115e-07, 3.223708627256015e-07]",5.356351330925568e-07,2.842750856035846e-06,"[2.790074960540046e-07, 2.1686992233179418e-07, 4.2022355588705845e-07, 5.355499746153902e-07, 2.501771795434835e-07, 3.566507415766603e-07, 3.057645889745762e-07, 3.2232561880745855e-07]",0.00010082794394561479,1.9951867848838623e-14,0.0,0.9905380782286307,True,25,0.01,1e-05,banded ADMM with dual certificate,0.0014640780000263476,34,51,8,0.5*sum_train((z-y)^2)+lambda*sum(abs(Bz))
PDE,fisher_kpp,tv_diff,TV,2,0.01,4,0,0.001,0.000146493062208641,"[0.00042724700959411317, 0.0002686153149273629, 0.00033180228550677194, 0.00043805407563526455, 0.00032185493510729715, 0.0004262974802659594, 0.0005643616100688415, 0.00028009960670747464]","[0.0004270211706775167, 0.00026803407444098083, 0.00033112260560418414, 0.0004368882564177118, 0.0003215444615767809, 0.000425287040992575, 0.000564157290111531, 0.0002785272848674109]","[2.258389165964744e-07, 5.812404863820425e-07, 6.796799025878008e-07, 1.1658192175527556e-06, 3.1047353051623285e-07, 1.0104392733843964e-06, 2.0431995731049705e-07, 1.5723218400637458e-06]","[2.258389165964744e-07, 5.812404863820425e-07, 6.796799025878008e-07, 1.1658192175527556e-06, 3.1047353051623285e-07, 1.0104392733843964e-06, 2.0431995731049705e-07, 1.5723218400637458e-06]",1.5723218400637458e-06,2.143151002880362e-06,"[2.2583791668993663e-07, 5.81239463342913e-07, 6.796785935409629e-07, 1.1657826153042882e-06, 3.104649841605524e-07, 1.010437488655673e-06, 2.0431941589180765e-07, 1.572297491509052e-06]",0.00036409271097102847,1.2903523735618982e-14,0.0,0.9992857486092304,True,50,0.02,1e-05,banded ADMM with dual certificate,0.0023970560000634578,34,51,8,0.5*sum_train((z-y)^2)+lambda*sum(abs(Bz))
PDE,fisher_kpp,tv_diff,TV,2,0.01,4,0,0.01,0.00011014577564342424,"[0.0014835139501897738, 0.0008228152949036617, 0.0011274837144368134, 0.0015113664190917631, 0.0010244122572036047, 0.001539093525805306, 0.0017425180911341438, 0.0008752987821971447]","[0.0014814159974564202, 0.0008186961984860937, 0.0011254371656186934, 0.001505065309319144, 0.0010223120081953487, 0.001537214019853822, 0.0017393758528496317, 0.0008723064660385617]","[2.097952733353531e-06, 4.119096417567959e-06, 2.0465488181199785e-06, 6.301109772619169e-06, 2.1002490082559604e-06, 1.8795059514840375e-06, 3.1422382845121624e-06, 2.9923161585829845e-06]","[2.097952733353531e-06, 4.119096417567959e-06, 2.0465488181199785e-06, 6.301109772619169e-06, 2.1002490082559604e-06, 1.8795059514840375e-06, 3.1422382845121624e-06, 2.9923161585829845e-06]",6.301109772619169e-06,3.2839441371730616e-05,"[2.0979381867089345e-06, 4.119043708761402e-06, 2.0465033094328277e-06, 6.298159990916904e-06, 2.100238407464123e-06, 1.8794581663179682e-06, 3.1421989321791925e-06, 2.992299896318934e-06]",0.0001397154449371829,8.042178034628478e-15,0.0,0.9983816963588253,True,100,0.40800000000000003,1e-05,banded ADMM with dual certificate,0.004588509999848611,34,51,8,0.5*sum_train((z-y)^2)+lambda*sum(abs(Bz))
PDE,fisher_kpp,tv_diff,TV,2,0.01,4,0,0.1,0.00010351579843070746,"[0.002791707102959454, 0.002389928141864738, 0.002897895211520729, 0.002971850897811547, 0.0025439564249977826, 0.004098071337092163, 0.004189438897028715, 0.0018891839169574904]","[0.0027852179740421677, 0.002388107073742266, 0.0028972214240818757, 0.0029718135219211107, 0.0025438752063298292, 0.004098071337091581, 0.004189438897025747, 0.0018794635155313065]","[6.489128917286282e-06, 1.8210681224720138e-06, 6.737874388533516e-07, 3.7375890436439074e-08, 8.121866795340188e-08, 5.819997261902188e-16, 2.968111867396317e-15, 9.720401426183915e-06]","[6.489128917286282e-06, 1.8210681224720138e-06, 6.737874388533516e-07, 3.7375890436439074e-08, 8.121866795340188e-08, 5.819997261902188e-16, 2.968111867396317e-15, 9.720401426183915e-06]",9.720401426183915e-06,3.5098949184575456e-07,"[6.489128897481269e-06, 1.8210681219663419e-06, 6.737874332623378e-07, 3.737589261568544e-08, 8.121867071941846e-08, 4.649058915617843e-16, 5.204170427930421e-16, 9.720401027745254e-06]",1.710966858610441e-05,5.467848396278896e-15,0.0,0.9999817805586048,True,475,2.04,1e-05,banded ADMM with dual certificate,0.019741305000025022,34,51,8,0.5*sum_train((z-y)^2)+lambda*sum(abs(Bz))
PDE,fisher_kpp,tv_diff,TV,2,0.01,4,0,1.0,0.00023540713748491758,"[0.005549458059210536, 0.012385404976785388, 0.012469314104138547, 0.011763672543006105, 0.011483087868831425, 0.021317301289643036, 0.021717273683493805, 0.0031159498463462355]","[0.00554945647984173, 0.012385404976778182, 0.012469314104131365, 0.011763672542999107, 0.011483087868828923, 0.021317301289637942, 0.021717273683484077, 0.0031071118256822024]","[1.57936880587628e-09, 7.206041319207657e-15, 7.181755190543981e-15, 6.99787450209044e-15, 2.501471252358556e-15, 5.093148125467906e-15, 9.728329253277934e-15, 8.838020664033146e-06]","[1.57936880587628e-09, 7.206041319207657e-15, 7.181755190543981e-15, 6.99787450209044e-15, 2.501471252358556e-15, 5.093148125467906e-15, 9.728329253277934e-15, 8.838020664033146e-06]",8.838020664033146e-06,1.7240105870675038e-10,"[1.579378818049662e-09, 7.613701336062206e-15, 5.859895901849654e-15, 6.849555644894423e-15, 7.7637549167342e-15, 3.969047313034935e-15, 5.422745585903499e-15, 8.838020669510089e-06]",4.200847240620753e-07,1.0283440765590512e-14,0.0,0.9999999957152594,True,925,163.2,1e-05,banded ADMM with dual certificate,0.039224598000146216,34,51,8,0.5*sum_train((z-y)^2)+lambda*sum(abs(Bz))
PDE,fisher_kpp,tv_diff,TV,2,0.01,4,0,10.0,0.0019268633816906522,"[0.005749770223939509, 0.02785081879927711, 0.028114626809160687, 0.023351917682415083, 0.02326624806906989, 0.07438144187279626, 0.07701973264282248, 0.003107128059131949]","[0.005749770223921112, 0.027850818799242977, 0.028114626809132, 0.023351917682380263, 0.023266248069038008, 0.0743814418727712, 0.07701973264280443, 0.0031071280590921624]","[1.839674246273404e-14, 3.4132419113319656e-14, 2.868538739875248e-14, 3.481936960980647e-14, 3.188074804150176e-14, 2.506328478091291e-14, 1.8055001937966608e-14, 3.978675028326606e-14]","[1.839674246273404e-14, 3.4132419113319656e-14, 2.868538739875248e-14, 3.481936960980647e-14, 3.188074804150176e-14, 2.506328478091291e-14, 1.8055001937966608e-14, 3.978675028326606e-14]",3.978675028326606e-14,1.2490009027033011e-14,"[3.0022983687692625e-14, 3.331968842822903e-14, 3.464428699471492e-14, 2.691598310536374e-14, 2.5103689437406446e-14, 2.5384323306597716e-14, 1.94389347564121e-14, 3.0751551305867336e-14]",4.440892098500626e-16,1.2490009027033011e-14,0.0,1.0,True,0,0.0,1e-05,affine exact solution,0.0002983599997605779,34,51,8,0.5*sum_train((z-y)^2)+lambda*sum(abs(Bz))
PDE,fisher_kpp,tv_diff,TV,2,0.01,4,0,100.0,0.0019268633816906522,"[0.005749770224209888, 0.027850818799578507, 0.028114626809478998, 0.023351917682664196, 0.023266248069293324, 0.07438144187302474, 0.07701973264299816, 0.00310712805940826]","[0.005749770223921112, 0.027850818799242977, 0.028114626809132, 0.023351917682380263, 0.023266248069038008, 0.0743814418727712, 0.07701973264280443, 0.0031071280590921624]","[2.887759475989071e-13, 3.3553021472343403e-13, 3.469967368996407e-13, 2.839325996539799e-13, 2.5531660119426647e-13, 2.535471832487701e-13, 1.9373391779708982e-13, 3.1609740866467284e-13]","[2.887759475989071e-13, 3.3553021472343403e-13, 3.469967368996407e-13, 2.839325996539799e-13, 2.5531660119426647e-13, 2.535471832487701e-13, 1.9373391779708982e-13, 3.1609740866467284e-13]",3.469967368996407e-13,1.2490009027033011e-14,"[3.0040174233513054e-13, 3.3471607092330105e-13, 3.5295552494700186e-13, 2.7602779981823673e-13, 2.485421156391083e-13, 2.538692129028915e-13, 1.951280421837342e-13, 3.0706233553608525e-13]",4.440892098500626e-16,1.2490009027033011e-14,0.0,1.0,True,0,0.0,1e-05,affine exact solution,0.00023182999984783237,34,51,8,0.5*sum_train((z-y)^2)+lambda*sum(abs(Bz))
PDE,fisher_kpp,tv_diff,TV,2,0.01,4,0,1000.0,0.0019268633816906522,"[0.005749770226913676, 0.02785081880259247, 0.02811462681266211, 0.02335191768515531, 0.02326624807152771, 0.0743814418753096, 0.07701973264475506, 0.0031071280621713677]","[0.005749770223921112, 0.027850818799242977, 0.028114626809132, 0.023351917682380263, 0.023266248069038008, 0.0743814418727712, 0.07701973264280443, 0.0031071280590921624]","[2.992563662151948e-12, 3.34949429303677e-12, 3.530110231908523e-12, 2.775047552860954e-12, 2.489702888297529e-12, 2.53840004571515e-12, 1.9506340986907844e-12, 3.0792052935213476e-12]","[2.992563662151948e-12, 3.34949429303677e-12, 3.530110231908523e-12, 2.775047552860954e-12, 2.489702888297529e-12, 2.53840004571515e-12, 1.9506340986907844e-12, 3.0792052935213476e-12]",3.530110231908523e-12,1.2490009027033011e-14,"[3.0041893288095096e-12, 3.3486798958740217e-12, 3.536067904469871e-12, 2.7671459669469667e-12, 2.4829263776561268e-12, 2.5387181088658293e-12, 1.9520191164569553e-12, 3.070170177838264e-12]",4.440892098500626e-16,1.2490009027033011e-14,0.0,1.0,True,0,0.0,1e-05,affine exact solution,0.0003509190000841045,34,51,8,0.5*sum_train((z-y)^2)+lambda*sum(abs(Bz))
PDE,fisher_kpp,tv_diff,TV,2,0.01,4,1,0.0,0.00018194527541924422,"[0.0, 0.0, 0.0, 0.0, 0.0, 0.0, 0.0, 0.0]","[0.0, 0.0, 0.0, 0.0, 0.0, 0.0, 0.0, 0.0]","[0.0, 0.0, 0.0, 0.0, 0.0, 0.0, 0.0, 0.0]","[0.0, 0.0, 0.0, 0.0, 0.0, 0.0, 0.0, 0.0]",0.0,0.0,"[0.0, 0.0, 0.0, 0.0, 0.0, 0.0, 0.0, 0.0]",0.0,0.0,0.0,1.0,True,0,0.0,1e-05,zero-penalty interpolation,0.00030947700042815995,35,51,8,0.5*sum_train((z-y)^2)+lambda*sum(abs(Bz))
PDE,fisher_kpp,tv_diff,TV,2,0.01,4,1,0.0001,0.00020500464745136404,"[4.9775994283295003e-05, 3.458209481106946e-05, 4.57588571657024e-05, 2.6861176762601967e-05, 2.9316338377485454e-05, 4.357961104878498e-05, 4.320281476483962e-05, 4.9321245569425754e-05]","[4.9488846846264714e-05, 3.4362391972418384e-05, 4.551670601720881e-05, 2.6682746680933744e-05, 2.910786701904379e-05, 4.336844708276931e-05, 4.289923378531162e-05, 4.900817657766082e-05]","[2.8714743703028926e-07, 2.1970283865107454e-07, 2.4215114849359174e-07, 1.7843008166822346e-07, 2.084713584416636e-07, 2.111639660156732e-07, 3.0358097952799595e-07, 3.130689917649329e-07]","[2.8714743703028926e-07, 2.1970283865107454e-07, 2.4215114849359174e-07, 1.7843008166822346e-07, 2.084713584416636e-07, 2.111639660156732e-07, 3.0358097952799595e-07, 3.130689917649329e-07]",3.130689917649329e-07,1.916154798733212e-06,"[2.871317908349446e-07, 2.1968185940238823e-07, 2.421346531151643e-07, 1.784110675894124e-07, 2.084520634064556e-07, 2.1115225607041069e-07, 3.0354927980492214e-07, 3.130531861281923e-07]",0.00010053500204547143,1.3552527156068805e-20,0.0,0.9936275282410895,True,25,0.01,1e-05,banded ADMM with dual certificate,0.0013907269999435812,35,51,8,0.5*sum_train((z-y)^2)+lambda*sum(abs(Bz))
PDE,fisher_kpp,tv_diff,TV,2,0.01,4,1,0.001,0.0001762255880281453,"[0.0004263695599597112, 0.00027309855901451707, 0.000382112017731634, 0.00020854013033058932, 0.00022358049510844025, 0.0003605566239004122, 0.0003799295462674571, 0.0004194133700215312]","[0.00041913545438086025, 0.00026721603597099064, 0.000376877941709248, 0.0002015665056785106, 0.00021701390190374256, 0.00035613234473050813, 0.0003713258590157618, 0.00041345036160084095]","[7.234105578850952e-06, 5.8825230435264274e-06, 5.234076022386043e-06, 6.973624652078722e-06, 6.566593204697689e-06, 4.424279169904042e-06, 8.603687251695317e-06, 5.963008420690249e-06]","[7.234105578850952e-06, 5.8825230435264274e-06, 5.234076022386043e-06, 6.973624652078722e-06, 6.566593204697689e-06, 4.424279169904042e-06, 8.603687251695317e-06, 5.963008420690249e-06]",8.603687251695317e-06,1.8293750571040605e-05,"[7.232797785514003e-06, 5.88161419579094e-06, 5.231200700758819e-06, 6.972806637294557e-06, 6.566047659644546e-06, 4.4235330596946736e-06, 8.6034183367031e-06, 5.962022768415769e-06]",0.0008566199150315534,3.2526065174565133e-19,0.0,0.9939071647760276,True,25,0.01,1e-05,banded ADMM with dual certificate,0.0014779690000068513,35,51,8,0.5*sum_train((z-y)^2)+lambda*sum(abs(Bz))
PDE,fisher_kpp,tv_diff,TV,2,0.01,4,1,0.01,0.0001395581114776293,"[0.0012934951572460016, 0.0009339546307656069, 0.0012975331800808212, 0.0006286309496417121, 0.0006020630037261692, 0.0012006862978656107, 0.0014233456021119405, 0.0013151209232627917]","[0.0012925609077431212, 0.000932862328274347, 0.0012955013317703119, 0.0006252854231417046, 0.0005994799348727004, 0.0011998192644000632, 0.0014226983923959634, 0.001314528498258507]","[9.342495028803396e-07, 1.0923024912599683e-06, 2.0318483105092894e-06, 3.345526500007521e-06, 2.5830688534688373e-06, 8.670334655474891e-07, 6.472097159771102e-07, 5.924250042845837e-07]","[9.342495028803396e-07, 1.0923024912599683e-06, 2.0318483105092894e-06, 3.345526500007521e-06, 2.5830688534688373e-06, 8.670334655474891e-07, 6.472097159771102e-07, 5.924250042845837e-07]",3.345526500007521e-06,3.467333943039941e-06,"[9.342466341737653e-07, 1.0922844861215725e-06, 2.0318189032050068e-06, 3.345525473377704e-06, 2.5830682055125664e-06, 8.67007137535182e-07, 6.472068728650797e-07, 5.924230281353048e-07]",6.189256673311272e-05,1.734723475976807e-18,0.0,0.9998162929009782,True,150,0.40800000000000003,1e-05,banded ADMM with dual certificate,0.006693705999623489,35,51,8,0.5*sum_train((z-y)^2)+lambda*sum(abs(Bz))
PDE,fisher_kpp,tv_diff,TV,2,0.01,4,1,0.1,0.00013603563332318435,"[0.0022707614878873677, 0.0025684088183104883, 0.0028617264879157367, 0.0021641659352252063, 0.0020133920594906517, 0.0036661924500591228, 0.003767304727220417, 0.0026168054034683068]","[0.0022707422499747016, 0.00256829500302729, 0.0028526069427905684, 0.002162759102203579, 0.0020133920467633845, 0.0036661700918018928, 0.003767304727219851, 0.00261406723015703]","[1.9237912666104223e-08, 1.138152831980932e-07, 9.119545125168237e-06, 1.4068330216271754e-06, 1.2727267156842359e-11, 2.2358257230001288e-08, 5.659535340374333e-16, 2.7381733112767474e-06]","[1.9237912666104223e-08, 1.138152831980932e-07, 9.119545125168237e-06, 1.4068330216271754e-06, 1.2727267156842359e-11, 2.2358257230001288e-08, 5.659535340374333e-16, 2.7381733112767474e-06]",9.119545125168237e-06,2.5742272706866243e-07,"[1.9237912646913845e-08, 1.138152830463049e-07, 9.119544854826545e-06, 1.4068330147995207e-06, 1.2727262603193235e-11, 2.235825721091933e-08, 5.585809592645319e-16, 2.7381732685386904e-06]",9.355223145934843e-06,2.7755575615628914e-17,0.0,0.9999863263642548,True,525,2.04,1e-05,banded ADMM with dual certificate,0.02271543999995629,35,51,8,0.5*sum_train((z-y)^2)+lambda*sum(abs(Bz))
PDE,fisher_kpp,tv_diff,TV,2,0.01,4,1,1.0,0.00020951186960371093,"[0.005204119800514382, 0.013321883990864213, 0.013000066567636144, 0.010500171683441237, 0.010772801559817458, 0.02193355107896096, 0.02125618338116237, 0.0046565981184528635]","[0.005204119660286263, 0.013321883990851095, 0.013000066567492394, 0.010500171683431328, 0.010772801559797183, 0.021933551078949454, 0.02125618338114897, 0.004651288017387876]","[1.402281190471255e-10, 1.3117978925336615e-14, 1.437495955602941e-13, 9.908740494779522e-15, 2.027544798721692e-14, 1.1504686092678185e-14, 1.3399004128444858e-14, 5.310101064987666e-06]","[1.402281190471255e-10, 1.3117978925336615e-14, 1.437495955602941e-13, 9.908740494779522e-15, 2.027544798721692e-14, 1.1504686092678185e-14, 1.3399004128444858e-14, 5.310101064987666e-06]",5.310101064987666e-06,1.186852838230834e-10,"[1.4022833285179392e-10, 1.3072876114961218e-14, 1.4373571777248628e-13, 9.652868782072943e-15, 2.003085197710419e-14, 1.1646933417708283e-14, 1.3600232051658168e-14, 5.310101064891773e-06]",3.1312608972378086e-07,3.3306690738754696e-16,0.0,0.99999999639884,True,1050,326.4,1e-05,banded ADMM with dual certificate,0.044139652000012575,35,51,8,0.5*sum_train((z-y)^2)+lambda*sum(abs(Bz))
PDE,fisher_kpp,tv_diff,TV,2,0.01,4,1,10.0,0.001539431796044362,"[0.005549220910432058, 0.03207954567338339, 0.03256712860427147, 0.022573782066908566, 0.02252423539877895, 0.08891312632501787, 0.0836545485364102, 0.004651298043711414]","[0.005549220910391318, 0.03207954567336274, 0.032567128604240034, 0.022573782066875978, 0.02252423539874711, 0.08891312632500512, 0.0836545485363879, 0.0046512980436909206]","[4.0739980833315315e-14, 2.0650148258027912e-14, 3.1433189384699745e-14, 3.25885152197003e-14, 3.184258412503027e-14, 1.2753686995381486e-14, 2.2301605007157832e-14, 2.049315578345201e-14]","[4.0739980833315315e-14, 2.0650148258027912e-14, 3.1433189384699745e-14, 3.25885152197003e-14, 3.184258412503027e-14, 1.2753686995381486e-14, 2.2301605007157832e-14, 2.049315578345201e-14]",4.0739980833315315e-14,1.366962099069724e-14,"[4.072374313967407e-14, 2.1499004358046186e-14, 3.318201384059702e-14, 3.257822774910251e-14, 3.18699687038043e-14, 1.277626949953625e-14, 2.2039986224490186e-14, 2.0451215549166563e-14]",6.661338147750939e-16,1.7763568394002505e-15,0.0,1.0,True,0,0.0,1e-05,affine exact solution,0.0003590609999264416,35,51,8,0.5*sum_train((z-y)^2)+lambda*sum(abs(Bz))
PDE,fisher_kpp,tv_diff,TV,2,0.01,4,1,100.0,0.001539431796044362,"[0.005549220910798328, 0.03207954567358042, 0.03256712860456733, 0.022573782067201145, 0.02252423539906544, 0.08891312632513262, 0.08365454853661261, 0.0046512980438957975]","[0.005549220910391318, 0.03207954567336274, 0.032567128604240034, 0.022573782066875978, 0.02252423539874711, 0.08891312632500512, 0.0836545485363879, 0.0046512980436909206]","[4.0700949555105836e-13, 2.1768004065947366e-13, 3.2729374765949615e-13, 3.251669766779486e-13, 3.1833216618259996e-13, 1.2750911437819923e-13, 2.2470914018413168e-13, 2.0487691404502684e-13]","[4.0700949555105836e-13, 2.1768004065947366e-13, 3.2729374765949615e-13, 3.251669766779486e-13, 3.1833216618259996e-13, 1.2750911437819923e-13, 2.2470914018413168e-13, 2.0487691404502684e-13]",4.0700949555105836e-13,1.366962099069724e-14,"[4.0699325785741714e-13, 2.1852889675949193e-13, 3.2903910266844145e-13, 3.2515668920735077e-13, 3.1835955076137397e-13, 1.2752822743540203e-13, 2.2445619501884393e-13, 2.0483497381074139e-13]",6.661338147750939e-16,1.7763568394002505e-15,0.0,1.0,True,0,0.0,1e-05,affine exact solution,0.00027419300022302195,35,51,8,0.5*sum_train((z-y)^2)+lambda*sum(abs(Bz))
PDE,fisher_kpp,tv_diff,TV,2,0.01,4,1,1000.0,0.001539431796044362,"[0.005549220914461023, 0.03207954567555072, 0.0325671286075259, 0.02257378207012693, 0.022524235401930336, 0.08891312632628014, 0.08365454853863677, 0.004651298045739635]","[0.005549220910391318, 0.03207954567336274, 0.032567128604240034, 0.022573782066875978, 0.02252423539874711, 0.08891312632500512, 0.0836545485363879, 0.0046512980436909206]","[4.069704642728489e-12, 2.187978964673931e-12, 3.2858646359379406e-12, 3.2509515912604314e-12, 3.183227986758297e-12, 1.2750217548429532e-12, 2.248867758680717e-12, 2.048714496660775e-12]","[4.069704642728489e-12, 2.187978964673931e-12, 3.2858646359379406e-12, 3.2509515912604314e-12, 3.183227986758297e-12, 1.2750217548429532e-12, 2.248867758680717e-12, 2.048714496660775e-12]",4.069704642728489e-12,1.366962099069724e-14,"[4.069688405034848e-12, 2.1888278207739496e-12, 3.287609990946886e-12, 3.2509413037898336e-12, 3.183255371337071e-12, 1.27504780679406e-12, 2.248618282962381e-12, 2.0486725564264896e-12]",6.661338147750939e-16,1.7763568394002505e-15,0.0,1.0,True,0,0.0,1e-05,affine exact solution,0.0002347240001654427,35,51,8,0.5*sum_train((z-y)^2)+lambda*sum(abs(Bz))
PDE,fisher_kpp,tv_diff,TV,2,0.01,4,2,0.0,0.00013567725599516166,"[0.0, 0.0, 0.0, 0.0, 0.0, 0.0, 0.0, 0.0]","[0.0, 0.0, 0.0, 0.0, 0.0, 0.0, 0.0, 0.0]","[0.0, 0.0, 0.0, 0.0, 0.0, 0.0, 0.0, 0.0]","[0.0, 0.0, 0.0, 0.0, 0.0, 0.0, 0.0, 0.0]",0.0,0.0,"[0.0, 0.0, 0.0, 0.0, 0.0, 0.0, 0.0, 0.0]",0.0,0.0,0.0,1.0,True,0,0.0,1e-05,zero-penalty interpolation,0.00035588699984145933,35,51,8,0.5*sum_train((z-y)^2)+lambda*sum(abs(Bz))
PDE,fisher_kpp,tv_diff,TV,2,0.01,4,2,0.0001,0.00016568626275430837,"[6.23825578536127e-05, 2.9652889740589097e-05, 4.388478492661965e-05, 6.085616912208736e-05, 5.009065014031067e-05, 5.2062464426881695e-05, 6.418117914152459e-05, 5.678796218565292e-05]","[6.212924379446957e-05, 2.9438639889194947e-05, 4.3478834840022395e-05, 6.049550139726672e-05, 4.979034431091967e-05, 5.174064581582385e-05, 6.385508336660159e-05, 5.6514405424821707e-05]","[2.533140591431249e-07, 2.1424985139414994e-07, 4.0595008659725267e-07, 3.606677248206428e-07, 3.0030582939100076e-07, 3.2181861105784546e-07, 3.26095774922996e-07, 2.7355676083121383e-07]","[2.533140591431249e-07, 2.1424985139414994e-07, 4.0595008659725267e-07, 3.606677248206428e-07, 3.0030582939100076e-07, 3.2181861105784546e-07, 3.26095774922996e-07, 2.7355676083121383e-07]",4.0595008659725267e-07,2.199875095127313e-06,"[2.532999425639492e-07, 2.1422661962207677e-07, 4.0589811284042496e-07, 3.606452688153055e-07, 3.002863921592355e-07, 3.2179499540406075e-07, 3.2607899869316304e-07, 2.735414062302342e-07]",0.00010048758593299592,1.3552527156068805e-20,0.0,0.9926787040775225,True,25,0.01,1e-05,banded ADMM with dual certificate,0.0014110880001680925,35,51,8,0.5*sum_train((z-y)^2)+lambda*sum(abs(Bz))
PDE,fisher_kpp,tv_diff,TV,2,0.01,4,2,0.001,0.0001309903287135659,"[0.0005427483839076667, 0.0002278009587430213, 0.00035763349717028627, 0.0005225805734505113, 0.0004184743568088766, 0.00043565855414778713, 0.0005474871265432107, 0.0004902985201016335]","[0.0005392310711181331, 0.0002216601609207929, 0.0003519484472126775, 0.0005177228116378497, 0.00041360501384540664, 0.0004289868925297309, 0.0005408138805588953, 0.0004840347019214647]","[3.5173127895336137e-06, 6.140797822228386e-06, 5.685049957608753e-06, 4.857761812661603e-06, 4.869342963469971e-06, 6.671661618056217e-06, 6.673245984315391e-06, 6.263818180168856e-06]","[3.5173127895336137e-06, 6.140797822228386e-06, 5.685049957608753e-06, 4.857761812661603e-06, 4.869342963469971e-06, 6.671661618056217e-06, 6.673245984315391e-06, 6.263818180168856e-06]",6.673245984315391e-06,1.6884340378802397e-05,"[3.517183413676364e-06, 6.140649481584798e-06, 5.684263495141066e-06, 4.856953435901758e-06, 4.8675426368703124e-06, 6.670079164942629e-06, 6.671190421706755e-06, 6.261214379490261e-06]",0.0008511209807580923,2.168404344971009e-19,0.0,0.9943808904217706,True,25,0.01,1e-05,banded ADMM with dual certificate,0.0013488240001606755,35,51,8,0.5*sum_train((z-y)^2)+lambda*sum(abs(Bz))
PDE,fisher_kpp,tv_diff,TV,2,0.01,4,2,0.01,9.08954874519991e-05,"[0.0017876833487666978, 0.0006698703199468243, 0.0012821647612947247, 0.0017018621073633475, 0.0011826833953598975, 0.0012763221592257303, 0.0018841845358390863, 0.0015114716196830695]","[0.0017830757546698842, 0.0006646794971401573, 0.0012818367394577769, 0.0016937673391031775, 0.001179521784309032, 0.0012745716053513332, 0.0018824910968749558, 0.0015057793571151496]","[4.607594096813633e-06, 5.190822806666953e-06, 3.2802183694779184e-07, 8.094768260170047e-06, 3.1616110508655114e-06, 1.7505538743971e-06, 1.6934389641305465e-06, 5.692262567919947e-06]","[4.607594096813633e-06, 5.190822806666953e-06, 3.2802183694779184e-07, 8.094768260170047e-06, 3.1616110508655114e-06, 1.7505538743971e-06, 1.6934389641305465e-06, 5.692262567919947e-06]",8.094768260170047e-06,1.0521402515636588e-05,"[4.6069274566599636e-06, 5.190743112169641e-06, 3.280213780547771e-07, 8.094746855163049e-06, 3.161565020652938e-06, 1.7505066996326797e-06, 1.6934342993570961e-06, 5.692192176764315e-06]",0.0001791561305889422,2.6020852139652106e-18,0.0,0.999283488663067,True,100,0.40800000000000003,1e-05,banded ADMM with dual certificate,0.004494047999742179,35,51,8,0.5*sum_train((z-y)^2)+lambda*sum(abs(Bz))
PDE,fisher_kpp,tv_diff,TV,2,0.01,4,2,0.1,9.65144704558756e-05,"[0.0030454827835219972, 0.002301203369070642, 0.0027528264604911173, 0.0030661132450692926, 0.00260330997235718, 0.0037103837847869635, 0.0043976088648191155, 0.002541684285085969]","[0.0030438728076915287, 0.0023001188721266837, 0.0027430609449508453, 0.003065354664750164, 0.0026032662072642096, 0.0037103837847865884, 0.0043976088648186515, 0.0025403377947233567]","[1.6099758304685859e-06, 1.0844969439583602e-06, 9.765515540272052e-06, 7.585803191286974e-07, 4.376509297023337e-08, 3.7513395167998453e-16, 4.640385298237959e-16, 1.3464903626122203e-06]","[1.6099758304685859e-06, 1.0844969439583602e-06, 9.765515540272052e-06, 7.585803191286974e-07, 4.376509297023337e-08, 3.7513395167998453e-16, 4.640385298237959e-16, 1.3464903626122203e-06]",9.765515540272052e-06,1.7060195786622323e-07,"[1.6099758217929085e-06, 1.084496940228271e-06, 9.765515444042387e-06, 7.585803172291752e-07, 4.376509291602326e-08, 3.616898447411643e-16, 4.453902524570452e-16, 1.346490356061037e-06]",7.840905077494131e-06,2.7755575615628914e-17,0.0,0.9999917763863555,True,375,2.04,1e-05,banded ADMM with dual certificate,0.01569871699985015,35,51,8,0.5*sum_train((z-y)^2)+lambda*sum(abs(Bz))
PDE,fisher_kpp,tv_diff,TV,2,0.01,4,2,1.0,0.00018932269917998684,"[0.005554883408834693, 0.013074483923883946, 0.011922251458076447, 0.01199399691766968, 0.011547940360617492, 0.02118717282188128, 0.022579718054999507, 0.004201889227134419]","[0.005554883265551362, 0.013074483923847982, 0.011922251458032815, 0.011993996917640574, 0.011547940360570753, 0.02118717282187542, 0.02257971805499208, 0.004196715537943527]","[1.4328333051288888e-10, 3.5964287103951165e-14, 4.363176486776865e-14, 2.910519047993887e-14, 4.6738654613243114e-14, 5.859895901849654e-15, 7.428085924132688e-15, 5.173689190892533e-06]","[1.4328333051288888e-10, 3.5964287103951165e-14, 4.363176486776865e-14, 2.910519047993887e-14, 4.6738654613243114e-14, 5.859895901849654e-15, 7.428085924132688e-15, 5.173689190892533e-06]",5.173689190892533e-06,1.6663645463488308e-10,"[1.4328362303063502e-10, 3.591398012314784e-14, 4.357798844001337e-14, 2.9340245510933727e-14, 4.6835799127897815e-14, 5.72111802377151e-15, 7.414208136324874e-15, 5.173689190970826e-06]",3.159833452115457e-07,2.220446049250313e-16,0.0,0.9999999953777148,True,1125,326.4,1e-05,banded ADMM with dual certificate,0.046691301000009844,35,51,8,0.5*sum_train((z-y)^2)+lambda*sum(abs(Bz))
PDE,fisher_kpp,tv_diff,TV,2,0.01,4,2,10.0,0.0016001012999440757,"[0.005702269789813948, 0.032303252820889916, 0.028775249778721142, 0.024534421411677703, 0.025125210578169566, 0.07983788913400569, 0.0891807572342391, 0.004196725748089115]","[0.00570226978978558, 0.03230325282085671, 0.028775249778688894, 0.024534421411646995, 0.025125210578131503, 0.07983788913398464, 0.08918075723421715, 0.004196725748060112]","[2.8367933002648726e-14, 3.3209546224099995e-14, 3.2248509418408844e-14, 3.070807497174144e-14, 3.80633025098831e-14, 2.105260410445453e-14, 2.195466031196247e-14, 2.900284179485624e-14]","[2.8367933002648726e-14, 3.3209546224099995e-14, 3.2248509418408844e-14, 3.070807497174144e-14, 3.80633025098831e-14, 2.105260410445453e-14, 2.195466031196247e-14, 2.900284179485624e-14]",3.80633025098831e-14,1.346839306748393e-14,"[2.842524298554027e-14, 3.26427071224422e-14, 3.3715687944919814e-14, 3.206143050423188e-14, 3.782527984020395e-14, 2.222933564158976e-14, 2.1516800495285857e-14, 2.907711890558493e-14]",4.440892098500626e-16,1.7763568394002505e-15,0.0,1.0,True,0,0.0,1e-05,affine exact solution,0.00032188600016525015,35,51,8,0.5*sum_train((z-y)^2)+lambda*sum(abs(Bz))
PDE,fisher_kpp,tv_diff,TV,2,0.01,4,2,100.0,0.0016001012999440757,"[0.005702269790070618, 0.03230325282118234, 0.028775249779016687, 0.024534421411968252, 0.025125210578510856, 0.0798378891342007, 0.08918075723443401, 0.004196725748350781]","[0.00570226978978558, 0.03230325282085671, 0.028775249778688894, 0.024534421411646995, 0.025125210578131503, 0.07983788913398464, 0.08918075723421715, 0.004196725748060112]","[2.850376185081771e-13, 3.256353520164623e-13, 3.2779334802057747e-13, 3.2125690996309686e-13, 3.7935279917356013e-13, 2.1606327837986328e-13, 2.1686819007271652e-13, 2.906685309111978e-13]","[2.850376185081771e-13, 3.256353520164623e-13, 3.2779334802057747e-13, 3.2125690996309686e-13, 3.7935279917356013e-13, 2.1606327837986328e-13, 2.1686819007271652e-13, 2.906685309111978e-13]",3.7935279917356013e-13,1.346839306748393e-14,"[2.8509492849106864e-13, 3.2506504346785256e-13, 3.2926052654708846e-13, 3.226102654955873e-13, 3.7911477650388096e-13, 2.1722960157614265e-13, 2.164390038734198e-13, 2.9074280802192653e-13]",4.440892098500626e-16,1.7763568394002505e-15,0.0,1.0,True,0,0.0,1e-05,affine exact solution,0.0002567980000094394,35,51,8,0.5*sum_train((z-y)^2)+lambda*sum(abs(Bz))
PDE,fisher_kpp,tv_diff,TV,2,0.01,4,2,1000.0,0.0016001012999440757,"[0.0057022697926373146, 0.032303252824106565, 0.028775249781972136, 0.02453442141487374, 0.02512521058192375, 0.0798378891361507, 0.08918075723638325, 0.004196725750967438]","[0.00570226978978558, 0.03230325282085671, 0.028775249778688894, 0.024534421411646995, 0.025125210578131503, 0.07983788913398464, 0.08918075723421715, 0.004196725748060112]","[2.851734473563461e-12, 3.249858715470566e-12, 3.2832417340422637e-12, 3.226745259876651e-12, 3.7922477658103304e-12, 2.1660589988314882e-12, 2.1661006321949117e-12, 2.9073254220746136e-12]","[2.851734473563461e-12, 3.249858715470566e-12, 3.2832417340422637e-12, 3.226745259876651e-12, 3.7922477658103304e-12, 2.1660589988314882e-12, 2.1661006321949117e-12, 2.9073254220746136e-12]",3.7922477658103304e-12,1.346839306748393e-14,"[2.8517917835463523e-12, 3.2492884069219565e-12, 3.2847089125687746e-12, 3.2280986154091417e-12, 3.7920097431406516e-12, 2.1672322609216715e-12, 2.165661037654759e-12, 2.9073996991853423e-12]",4.440892098500626e-16,1.7763568394002505e-15,0.0,1.0,True,0,0.0,1e-05,affine exact solution,0.00026845499996852595,35,51,8,0.5*sum_train((z-y)^2)+lambda*sum(abs(Bz))
PDE,fisher_kpp,pod_tv_diff,POD+TV,2,0.01,4,0,0.0,0.00011557404110009292,"[0.0, 0.0]","[0.0, 0.0]","[0.0, 0.0]","[0.0, 0.0]",0.0,0.0,"[0.0, 0.0]",0.0,0.0,0.0,1.0,True,0,0.0,1e-05,zero-penalty interpolation,0.0004375800003799668,34,51,2,0.5*sum_train((z-y)^2)+lambda*sum(abs(Bz))
PDE,fisher_kpp,pod_tv_diff,POD+TV,2,0.01,4,0,0.0001,0.00011661858573743108,"[1.9376662784193605e-05, 2.118006448136802e-05]","[1.921706294461033e-05, 2.0950796843076455e-05]","[1.5959983958327713e-07, 2.2926763829156504e-07]","[1.5959983958327713e-07, 2.2926763829156504e-07]",2.2926763829156504e-07,2.3538318926661045e-06,"[1.595732713386669e-07, 2.2920946884706715e-07]",0.00010022135767082666,1.8879578347723303e-14,0.0,0.9921687661738481,True,25,0.01,1e-05,banded ADMM with dual certificate,0.0014477039999292174,34,51,2,0.5*sum_train((z-y)^2)+lambda*sum(abs(Bz))
PDE,fisher_kpp,pod_tv_diff,POD+TV,2,0.01,4,0,0.001,0.00011450742359663412,"[0.00013452013102998846, 0.00015423537199065816]","[0.00012470179920424018, 0.0001460097137536897]","[9.818331825748282e-06, 8.225658236968455e-06]","[9.818331825748282e-06, 8.225658236968455e-06]",9.818331825748282e-06,7.4326983277540545e-06,"[9.81800279993641e-06, 8.225465097170612e-06]",0.0007549032696043262,3.386895798540568e-14,0.0,0.9975208185692487,True,25,0.01,1e-05,banded ADMM with dual certificate,0.0011576460001379019,34,51,2,0.5*sum_train((z-y)^2)+lambda*sum(abs(Bz))
PDE,fisher_kpp,pod_tv_diff,POD+TV,2,0.01,4,0,0.01,0.0001137283813800008,"[0.00038561382813660495, 0.0006940497644489986]","[0.0003790625245973073, 0.0006940016264542336]","[6.551303539297632e-06, 4.813799476502574e-08]","[6.551303539297632e-06, 4.813799476502574e-08]",6.551303539297632e-06,2.7172228608896357e-06,"[6.5512840773917765e-06, 4.813772167845936e-08]",0.0001039218030950001,4.93572197002301e-15,0.0,0.999648937790608,True,100,0.40800000000000003,1e-05,banded ADMM with dual certificate,0.003808563999882608,34,51,2,0.5*sum_train((z-y)^2)+lambda*sum(abs(Bz))
PDE,fisher_kpp,pod_tv_diff,POD+TV,2,0.01,4,0,0.1,0.00011608893339295484,"[0.0019685602721222313, 0.0050702903003770495]","[0.0019633847980830774, 0.005070233606959736]","[5.175474039153909e-06, 5.669341731316668e-08]","[5.175474039153909e-06, 5.669341731316668e-08]",5.175474039153909e-06,2.6796055212219283e-07,"[5.175473915609288e-06, 5.669341671728917e-08]",1.0547027907592543e-05,8.295447662121092e-15,0.0,0.9999837544993203,True,200,1.02,1e-05,banded ADMM with dual certificate,0.011366894000275352,34,51,2,0.5*sum_train((z-y)^2)+lambda*sum(abs(Bz))
PDE,fisher_kpp,pod_tv_diff,POD+TV,2,0.01,4,0,1.0,0.00018842003112544016,"[0.006665216797892473, 0.04009038425915719]","[0.006656413835908426, 0.0400903731138139]","[8.80296198404757e-06, 1.1145343287166654e-08]","[8.80296198404757e-06, 1.1145343287166654e-08]",8.80296198404757e-06,1.443351738808496e-06,"[8.802956694314835e-06, 1.1145342156126947e-08]",8.64025722635553e-07,7.16093850883226e-15,0.0,0.9999712804739693,True,400,81.6,1e-05,banded ADMM with dual certificate,0.022502528999666538,34,51,2,0.5*sum_train((z-y)^2)+lambda*sum(abs(Bz))
PDE,fisher_kpp,pod_tv_diff,POD+TV,2,0.01,4,0,10.0,0.0011264327526714017,"[0.006664126163753285, 0.223859585883815]","[0.0066638281584718295, 0.22385958588255092]","[2.980052814550993e-07, 1.2640721802625876e-12]","[2.980052814550993e-07, 1.2640721802625876e-12]",2.980052814550993e-07,2.0761170560490427e-14,"[2.980053282195786e-07, 1.2643636138065517e-12]",1.147194839123955e-09,2.0761170560490427e-14,0.0,1.0,True,300,816.0,1e-05,banded ADMM with dual certificate,0.017163605999940046,34,51,2,0.5*sum_train((z-y)^2)+lambda*sum(abs(Bz))
PDE,fisher_kpp,pod_tv_diff,POD+TV,2,0.01,4,0,100.0,0.0021096653935280063,"[0.006663828159319575, 0.24728290538927433]","[0.006663828158553695, 0.24728290538927417]","[7.658804146437603e-13, 1.6653345369377348e-16]","[7.658804146437603e-13, 1.6653345369377348e-16]",7.658804146437603e-13,4.773959005888173e-15,"[7.734485259174805e-13, 1.1827289131128852e-16]",8.881784197001252e-16,4.773959005888173e-15,0.0,1.0,True,0,0.0,1e-05,affine exact solution,0.0004137739997531753,34,51,2,0.5*sum_train((z-y)^2)+lambda*sum(abs(Bz))
PDE,fisher_kpp,pod_tv_diff,POD+TV,2,0.01,4,0,1000.0,0.0021096653935280063,"[0.006663828166278559, 0.24728290538927541]","[0.006663828158553695, 0.24728290538927417]","[7.724864151126276e-12, 1.2490009027033011e-15]","[7.724864151126276e-12, 1.2490009027033011e-15]",7.724864151126276e-12,4.773959005888173e-15,"[7.732431731926422e-12, 1.181495104598579e-15]",8.881784197001252e-16,4.773959005888173e-15,0.0,1.0,True,0,0.0,1e-05,affine exact solution,0.0003876250002576853,34,51,2,0.5*sum_train((z-y)^2)+lambda*sum(abs(Bz))
PDE,fisher_kpp,pod_tv_diff,POD+TV,2,0.01,4,1,0.0,0.00011688431488056654,"[0.0, 0.0]","[0.0, 0.0]","[0.0, 0.0]","[0.0, 0.0]",0.0,0.0,"[0.0, 0.0]",0.0,0.0,0.0,1.0,True,0,0.0,1e-05,zero-penalty interpolation,0.0004833990001316124,35,51,2,0.5*sum_train((z-y)^2)+lambda*sum(abs(Bz))
PDE,fisher_kpp,pod_tv_diff,POD+TV,2,0.01,4,1,0.0001,0.0001171402588235659,"[1.725492991633678e-05, 1.750199649977503e-05]","[1.699364787987115e-05, 1.7376024802111514e-05]","[2.612820364656301e-07, 1.2597169766351762e-07]","[2.612820364656301e-07, 1.2597169766351762e-07]",2.612820364656301e-07,3.7047685419372206e-06,"[2.6113336338920987e-07, 1.2595713839474223e-07]",0.00010049625134415691,1.3552527156068805e-20,0.0,0.9876705391796758,True,25,0.01,1e-05,banded ADMM with dual certificate,0.0018618980002429453,35,51,2,0.5*sum_train((z-y)^2)+lambda*sum(abs(Bz))
PDE,fisher_kpp,pod_tv_diff,POD+TV,2,0.01,4,1,0.001,0.00011568759020989323,"[0.00010892126520928106, 0.00011928448029181868]","[0.0001075930211871471, 0.00011792545637367719]","[1.3282440221339592e-06, 1.3590239181414865e-06]","[1.3282440221339592e-06, 1.3590239181414865e-06]",1.3590239181414865e-06,1.180410088403314e-05,"[1.32824273143376e-06, 1.3584036780620701e-06]",0.0003472294879295349,4.336808689942018e-19,0.0,0.9960655002287295,True,50,0.02,1e-05,banded ADMM with dual certificate,0.0033175529997606645,35,51,2,0.5*sum_train((z-y)^2)+lambda*sum(abs(Bz))
PDE,fisher_kpp,pod_tv_diff,POD+TV,2,0.01,4,1,0.01,0.00011558723732202617,"[0.00037208610186176977, 0.0006389410577164904]","[0.0003686280664823905, 0.0006385405458126175]","[3.4580353793792424e-06, 4.005119038729245e-07]","[3.4580353793792424e-06, 4.005119038729245e-07]",3.4580353793792424e-06,1.5869069883642228e-06,"[3.4580320113446314e-06, 4.005074315597797e-07]",3.7691868497669034e-05,3.469446951953614e-18,0.0,0.9998046464031493,True,100,0.40800000000000003,1e-05,banded ADMM with dual certificate,0.006003403999784496,35,51,2,0.5*sum_train((z-y)^2)+lambda*sum(abs(Bz))
PDE,fisher_kpp,pod_tv_diff,POD+TV,2,0.01,4,1,0.1,0.0001176077802081894,"[0.001955866160900842, 0.004832281769208966]","[0.0019459926887964475, 0.004832281769104236]","[9.873472104394293e-06, 1.0473046041514777e-13]","[9.873472104394293e-06, 1.0473046041514777e-13]",9.873472104394293e-06,7.647399123678067e-08,"[9.873472084559248e-06, 1.0473392986209973e-13]",1.1362489730826209e-05,2.7755575615628914e-17,0.0,0.9999935159839101,True,375,1.02,1e-05,banded ADMM with dual certificate,0.020860280999841052,35,51,2,0.5*sum_train((z-y)^2)+lambda*sum(abs(Bz))
PDE,fisher_kpp,pod_tv_diff,POD+TV,2,0.01,4,1,1.0,0.00017355712710849646,"[0.006987334164327716, 0.03940328593984563]","[0.006977395870813113, 0.03940328593984465]","[9.938293514602514e-06, 9.783840404509192e-16]","[9.938293514602514e-06, 9.783840404509192e-16]",9.938293514602514e-06,2.200945571628754e-09,"[9.938293514950652e-06, 1.061650767297806e-15]",3.922558022839695e-07,2.220446049250313e-16,0.0,0.9999999520657442,True,1725,5.1,1e-05,banded ADMM with dual certificate,0.07066404699980922,35,51,2,0.5*sum_train((z-y)^2)+lambda*sum(abs(Bz))
PDE,fisher_kpp,pod_tv_diff,POD+TV,2,0.01,4,1,10.0,0.000784437976089112,"[0.007010476519542002, 0.23126972210370378]","[0.0070097809277949175, 0.23126972209790136]","[6.95591747084702e-07, 5.802414104749687e-12]","[6.95591747084702e-07, 5.802414104749687e-12]",6.95591747084702e-07,7.292333403796647e-12,"[6.955917473849728e-07, 5.802108793417915e-12]",2.6478236270222055e-09,1.7763568394002505e-15,0.0,0.9999999999598082,True,325,816.0,1e-05,banded ADMM with dual certificate,0.010244091000004119,35,51,2,0.5*sum_train((z-y)^2)+lambda*sum(abs(Bz))
PDE,fisher_kpp,pod_tv_diff,POD+TV,2,0.01,4,1,100.0,0.0017205160240439138,"[0.007009780929288637, 0.264468249696858]","[0.0070097809285120105, 0.26446824969685795]","[7.766261592156987e-13, 5.551115123125783e-17]","[7.766261592156987e-13, 5.551115123125783e-17]",7.766261592156987e-13,1.2753686995381486e-14,"[7.771810327968471e-13, 1.2462748471688835e-16]",8.881784197001252e-16,1.7763568394002505e-15,0.0,1.0,True,0,0.0,1e-05,affine exact solution,0.00025758900028449716,35,51,2,0.5*sum_train((z-y)^2)+lambda*sum(abs(Bz))
PDE,fisher_kpp,pod_tv_diff,POD+TV,2,0.01,4,1,1000.0,0.0017205160240439138,"[0.007009780936276797, 0.2644682496968591]","[0.0070097809285120105, 0.26446824969685795]","[7.764786209840668e-12, 1.1657341758564144e-15]","[7.764786209840668e-12, 1.1657341758564144e-15]",7.764786209840668e-12,1.2753686995381486e-14,"[7.765341083421817e-12, 1.2425839201504766e-15]",8.881784197001252e-16,1.7763568394002505e-15,0.0,1.0,True,0,0.0,1e-05,affine exact solution,0.00021147899997231434,35,51,2,0.5*sum_train((z-y)^2)+lambda*sum(abs(Bz))
PDE,fisher_kpp,pod_tv_diff,POD+TV,2,0.01,4,2,0.0,0.00012151283501421684,"[0.0, 0.0]","[0.0, 0.0]","[0.0, 0.0]","[0.0, 0.0]",0.0,0.0,"[0.0, 0.0]",0.0,0.0,0.0,1.0,True,0,0.0,1e-05,zero-penalty interpolation,0.0002949849999822618,35,51,2,0.5*sum_train((z-y)^2)+lambda*sum(abs(Bz))
PDE,fisher_kpp,pod_tv_diff,POD+TV,2,0.01,4,2,0.0001,0.00012340160824334857,"[2.0400371930722983e-05, 1.977351650182304e-05]","[2.018378410159941e-05, 1.9593134020244633e-05]","[2.1658782912357234e-07, 1.803824815784069e-07]","[2.1658782912357234e-07, 1.803824815784069e-07]",2.1658782912357234e-07,2.629304323294732e-06,"[2.165009071549024e-07, 1.8033173871809455e-07]",9.983332762075303e-05,1.3552527156068805e-20,0.0,0.9912624052723568,True,25,0.01,1e-05,banded ADMM with dual certificate,0.0010592580001684837,35,51,2,0.5*sum_train((z-y)^2)+lambda*sum(abs(Bz))
PDE,fisher_kpp,pod_tv_diff,POD+TV,2,0.01,4,2,0.001,0.00012069878577218579,"[0.00013088583286779184, 0.00014445895940662552]","[0.00012452098770341594, 0.00013624425656627532]","[6.364845164375898e-06, 8.214702840350196e-06]","[6.364845164375898e-06, 8.214702840350196e-06]",8.214702840350196e-06,7.788826521454035e-06,"[6.3645917728358346e-06, 8.214417886171467e-06]",0.0007951195296792945,2.168404344971009e-19,0.0,0.9974020190288156,True,25,0.01,1e-05,banded ADMM with dual certificate,0.0010389469998699497,35,51,2,0.5*sum_train((z-y)^2)+lambda*sum(abs(Bz))
PDE,fisher_kpp,pod_tv_diff,POD+TV,2,0.01,4,2,0.01,0.00011958214430149955,"[0.00038316177374892607, 0.0006629191560632141]","[0.0003767867284553122, 0.0006625458382282267]","[6.37504529361389e-06, 3.7331783498740535e-07]","[6.37504529361389e-06, 3.7331783498740535e-07]",6.37504529361389e-06,2.0425034885380305e-06,"[6.375030482595566e-06, 3.73316698160011e-07]",0.00012462434419827084,1.734723475976807e-18,0.0,0.9996814331785421,True,100,0.40800000000000003,1e-05,banded ADMM with dual certificate,0.0032397859999946377,35,51,2,0.5*sum_train((z-y)^2)+lambda*sum(abs(Bz))
PDE,fisher_kpp,pod_tv_diff,POD+TV,2,0.01,4,2,0.1,0.00012013616684060256,"[0.0020148944726204277, 0.004908870109770531]","[0.0020081186391232297, 0.004908870109130125]","[6.775833497198007e-06, 6.404061309028819e-13]","[6.775833497198007e-06, 6.404061309028819e-13]",6.775833497198007e-06,6.09388736472205e-07,"[6.775832357139256e-06, 6.404174066054757e-13]",9.78598472974046e-06,2.7755575615628914e-17,0.0,0.9999504497226577,True,200,2.04,1e-05,banded ADMM with dual certificate,0.0061677620001319156,35,51,2,0.5*sum_train((z-y)^2)+lambda*sum(abs(Bz))
PDE,fisher_kpp,pod_tv_diff,POD+TV,2,0.01,4,2,1.0,0.00016940897634888302,"[0.006974436332255253, 0.03973886398415294]","[0.006965155045366642, 0.03973885194231455]","[9.281286888611698e-06, 1.2041838387544246e-08]","[9.281286888611698e-06, 1.2041838387544246e-08]",9.281286888611698e-06,1.979289764031389e-08,"[9.281286887587669e-06, 1.2041837797738264e-08]",9.271379873831975e-07,2.220446049250313e-16,0.0,0.9999996286286115,True,850,10.2,1e-05,banded ADMM with dual certificate,0.02832477900028607,35,51,2,0.5*sum_train((z-y)^2)+lambda*sum(abs(Bz))
PDE,fisher_kpp,pod_tv_diff,POD+TV,2,0.01,4,2,10.0,0.0008155468679703297,"[0.007013391634350745, 0.23032024723499342]","[0.0070131169311037495, 0.23032024719852784]","[2.7470324699511994e-07, 3.646558055514504e-11]","[2.7470324699511994e-07, 3.646558055514504e-11]",2.7470324699511994e-07,3.998976150221267e-11,"[2.7470324655230224e-07, 3.646538626611573e-11]",4.174898649011993e-09,1.7763568394002505e-15,0.0,0.999999999790855,True,500,816.0,1e-05,banded ADMM with dual certificate,0.01559716399970057,35,51,2,0.5*sum_train((z-y)^2)+lambda*sum(abs(Bz))
PDE,fisher_kpp,pod_tv_diff,POD+TV,2,0.01,4,2,100.0,0.0017580675573686852,"[0.007013116932170079, 0.2626878094004688]","[0.007013116931216465, 0.2626878094004687]","[9.536139239374464e-13, 1.1102230246251565e-16]","[9.536139239374464e-13, 1.1102230246251565e-16]",9.536139239374464e-13,8.139322549283179e-15,"[9.530043581647062e-13, 1.4908555782060767e-16]",1.3322676295501878e-15,3.552713678800501e-15,0.0,1.0,True,0,0.0,1e-05,affine exact solution,0.0002797420002025319,35,51,2,0.5*sum_train((z-y)^2)+lambda*sum(abs(Bz))
PDE,fisher_kpp,pod_tv_diff,POD+TV,2,0.01,4,2,1000.0,0.0017580675573686852,"[0.0070131169407538375, 0.26268780940047015]","[0.007013116931216465, 0.2626878094004687]","[9.537372627765883e-12, 1.4432899320127035e-15]","[9.537372627765883e-12, 1.4432899320127035e-15]",9.537372627765883e-12,8.139322549283179e-15,"[9.536763061993142e-12, 1.4945973945340638e-15]",1.3322676295501878e-15,3.552713678800501e-15,0.0,1.0,True,0,0.0,1e-05,affine exact solution,0.0002640490001795115,35,51,2,0.5*sum_train((z-y)^2)+lambda*sum(abs(Bz))
PDE,fisher_kpp,tv_diff,TV,3,0.01,4,0,0.0,0.00019792250598569289,"[0.0, 0.0, 0.0, 0.0, 0.0, 0.0, 0.0, 0.0]","[0.0, 0.0, 0.0, 0.0, 0.0, 0.0, 0.0, 0.0]","[0.0, 0.0, 0.0, 0.0, 0.0, 0.0, 0.0, 0.0]","[0.0, 0.0, 0.0, 0.0, 0.0, 0.0, 0.0, 0.0]",0.0,0.0,"[0.0, 0.0, 0.0, 0.0, 0.0, 0.0, 0.0, 0.0]",0.0,0.0,0.0,1.0,True,0,0.0,1e-05,zero-penalty interpolation,0.00038083399977040244,34,51,8,0.5*sum_train((z-y)^2)+lambda*sum(abs(Bz))
PDE,fisher_kpp,tv_diff,TV,3,0.01,4,0,0.0001,0.000221813614111895,"[5.3033594312838036e-05, 4.9588246648463515e-05, 4.4013858271968646e-05, 3.913228912603812e-05, 7.021094779826123e-05, 5.355162312903312e-05, 5.13154819908334e-05, 4.5323558850366645e-05]","[5.265385198659758e-05, 4.9289294268667636e-05, 4.3750972132816066e-05, 3.8897863212633484e-05, 6.983726510401735e-05, 5.317480175962529e-05, 5.0744711972397326e-05, 4.492147078809659e-05]","[3.797423262404595e-07, 2.989523797958791e-07, 2.6288613915258056e-07, 2.344259134046337e-07, 3.7368269424387394e-07, 3.768213694078297e-07, 5.707700184360746e-07, 4.020880622700553e-07]","[3.797423262404595e-07, 2.989523797958791e-07, 2.6288613915258056e-07, 2.344259134046337e-07, 3.7368269424387394e-07, 3.768213694078297e-07, 5.707700184360746e-07, 4.020880622700553e-07]",5.707700184360746e-07,2.8379004103891523e-06,"[3.7971943084493263e-07, 2.989283413559461e-07, 2.6287262439763905e-07, 2.3440891023352546e-07, 3.736633516798109e-07, 3.767968621567767e-07, 5.706938501394697e-07, 4.0205161168155643e-07]",0.00010069967319348198,2.0950336734534836e-14,0.0,0.9905627243510577,True,25,0.01,1e-05,banded ADMM with dual certificate,0.0014729519998581964,34,51,8,0.5*sum_train((z-y)^2)+lambda*sum(abs(Bz))
PDE,fisher_kpp,tv_diff,TV,3,0.01,4,0,0.001,0.00019268270929310635,"[0.0004326954886157634, 0.0004116028706410422, 0.0003722819890691142, 0.00031679523198616577, 0.000610106011656973, 0.0004624240761634649, 0.0004428629557970585, 0.0003762705983876415]","[0.0004323660182910154, 0.00041134566855624403, 0.0003718365659218767, 0.00031652692685064037, 0.0006099188513474343, 0.00046229000881429377, 0.00044268492234713676, 0.0003752094386724825]","[3.294703247479821e-07, 2.572020847981492e-07, 4.4542314723747777e-07, 2.6830513552539943e-07, 1.8716030953877267e-07, 1.3406734917110336e-07, 1.7803344992174414e-07, 1.0611597151590217e-06]","[3.294703247479821e-07, 2.572020847981492e-07, 4.4542314723747777e-07, 2.6830513552539943e-07, 1.8716030953877267e-07, 1.3406734917110336e-07, 1.7803344992174414e-07, 1.0611597151590217e-06]",1.0611597151590217e-06,1.0942870670403726e-06,"[3.2946667810227967e-07, 2.572018231058429e-07, 4.4541420081200883e-07, 2.683039198861836e-07, 1.8715727955137887e-07, 1.340667152434057e-07, 1.7803241559953943e-07, 1.061156602888435e-06]",0.0004395606179287137,1.4624369423787975e-14,0.0,0.9996352724075667,True,50,0.02,1e-05,banded ADMM with dual certificate,0.0027093159997093608,34,51,8,0.5*sum_train((z-y)^2)+lambda*sum(abs(Bz))
PDE,fisher_kpp,tv_diff,TV,3,0.01,4,0,0.01,0.00015426211142452483,"[0.001285579485404057, 0.0013674069102723651, 0.0013186703178856359, 0.001090001123409982, 0.002071660357948116, 0.0016195508646669949, 0.0015411327507331126, 0.0013141580605860626]","[0.0012771958283085921, 0.0013643254456531379, 0.0013168745232893736, 0.001087625784179801, 0.002068469460266933, 0.0016158208842720467, 0.001537711778715795, 0.001309279125676797]","[8.38365709546489e-06, 3.0814646192272536e-06, 1.795794596262234e-06, 2.375339230181045e-06, 3.190897681182997e-06, 3.729980394948226e-06, 3.420972017317619e-06, 4.878934909265499e-06]","[8.38365709546489e-06, 3.0814646192272536e-06, 1.795794596262234e-06, 2.375339230181045e-06, 3.190897681182997e-06, 3.729980394948226e-06, 3.420972017317619e-06, 4.878934909265499e-06]",8.38365709546489e-06,4.309246262504396e-06,"[8.383650650083986e-06, 3.081463128880291e-06, 1.7957932324617768e-06, 2.375328906033692e-06, 3.190896225969931e-06, 3.7299255382027777e-06, 3.4209693260735816e-06, 4.8789322859406565e-06]",0.0001984308653741329,1.312730306401999e-14,0.0,0.9997716758863401,True,100,0.20400000000000001,1e-05,banded ADMM with dual certificate,0.004910897000172554,34,51,8,0.5*sum_train((z-y)^2)+lambda*sum(abs(Bz))
PDE,fisher_kpp,tv_diff,TV,3,0.01,4,0,0.1,0.00014899517292737082,"[0.0020787640956010114, 0.003126406783160374, 0.0030293374207343974, 0.002343537032602472, 0.0036219837049332433, 0.004011084417475845, 0.0037977465298103864, 0.002840758953244306]","[0.0020767308104309833, 0.0031206502228669445, 0.0030293184320983463, 0.0023348260629697144, 0.0036218708572503446, 0.0040110634035384896, 0.003797746527637217, 0.002840528484955321]","[2.0332851700280256e-06, 5.756560293429698e-06, 1.8988636051129465e-08, 8.710969632757647e-06, 1.1284768289872987e-07, 2.1013937355832124e-08, 2.173169196678648e-12, 2.3046828898521526e-07]","[2.0332851700280256e-06, 5.756560293429698e-06, 1.8988636051129465e-08, 8.710969632757647e-06, 1.1284768289872987e-07, 2.1013937355832124e-08, 2.173169196678648e-12, 2.3046828898521526e-07]",8.710969632757647e-06,1.8093587662165733e-07,"[2.0332851181140404e-06, 5.756560216274619e-06, 1.8988636561571848e-08, 8.710969588259605e-06, 1.128476801992833e-07, 2.1013937799921334e-08, 2.1739610979454316e-12, 2.304682856385e-07]",8.790005945613633e-06,2.751271432899216e-15,0.0,0.9999930422157666,True,400,2.04,1e-05,banded ADMM with dual certificate,0.018763288999707584,34,51,8,0.5*sum_train((z-y)^2)+lambda*sum(abs(Bz))
PDE,fisher_kpp,tv_diff,TV,3,0.01,4,0,1.0,0.00028311293145582466,"[0.0037925947953520315, 0.013893886432871407, 0.012924349894630444, 0.010619119507532752, 0.01252616779563945, 0.021754496145056944, 0.021058748129393352, 0.006367959354176904]","[0.0037880239681630165, 0.013893886432842284, 0.012924349894552135, 0.010619119507511345, 0.012526167795631439, 0.021754496145050983, 0.02105874812938102, 0.006367959244750306]","[4.570827189014949e-06, 2.912253771469864e-14, 7.830888715254503e-14, 2.14064876935538e-14, 8.010953012060895e-15, 5.960509863456309e-15, 1.2333883914195098e-14, 1.0942659799118015e-10]","[4.570827189014949e-06, 2.912253771469864e-14, 7.830888715254503e-14, 2.14064876935538e-14, 8.010953012060895e-15, 5.960509863456309e-15, 1.2333883914195098e-14, 1.0942659799118015e-10]",4.570827189014949e-06,1.5943670689244627e-10,"[4.5708271873467295e-06, 2.8787736083835114e-14, 7.887267228223749e-14, 2.2133336829988082e-14, 1.0253083104760918e-14, 6.727257639838058e-15, 1.0592221544314384e-14, 1.0942540493510955e-10]",3.5406683585037513e-07,2.4077961846558082e-15,0.0,0.999999996863016,True,975,326.4,1e-05,banded ADMM with dual certificate,0.04426185600004828,34,51,8,0.5*sum_train((z-y)^2)+lambda*sum(abs(Bz))
PDE,fisher_kpp,tv_diff,TV,3,0.01,4,0,10.0,0.0020845933433370693,"[0.0037880355002570852, 0.03075517648258759, 0.02854112314295956, 0.022625207918684498, 0.02444369420946225, 0.07526531836436971, 0.07692952257118225, 0.006620460434542784]","[0.003788035500219375, 0.030755176482568078, 0.028541123142920302, 0.0226252079186557, 0.024443694209420497, 0.07526531836435223, 0.07692952257115855, 0.006620460434519665]","[3.771028628252182e-14, 1.9512169657787126e-14, 3.9256792261355145e-14, 2.8796409701215e-14, 4.1754794066761747e-14, 1.7486012637846216e-14, 2.3703261575747092e-14, 2.3118659764342908e-14]","[3.771028628252182e-14, 1.9512169657787126e-14, 3.9256792261355145e-14, 2.8796409701215e-14, 4.1754794066761747e-14, 1.7486012637846216e-14, 2.3703261575747092e-14, 2.3118659764342908e-14]",4.1754794066761747e-14,1.2073675392798577e-14,"[3.300574529377658e-14, 3.050812032798291e-14, 4.048470919467537e-14, 2.7587294490956786e-14, 3.711030178154168e-14, 1.8838440414679403e-14, 2.7674914815199493e-14, 2.9694345479731047e-14]",4.440892098500626e-16,1.2073675392798577e-14,0.0,1.0,True,0,0.0,1e-05,affine exact solution,0.0003080950000367011,34,51,8,0.5*sum_train((z-y)^2)+lambda*sum(abs(Bz))
PDE,fisher_kpp,tv_diff,TV,3,0.01,4,0,100.0,0.0020845933433370693,"[0.0037880355005550934, 0.03075517648285988, 0.02854112314332792, 0.02262520791893382, 0.024443694209795946, 0.07526531836454116, 0.07692952257143248, 0.0066204604348095875]","[0.003788035500219375, 0.030755176482568078, 0.028541123142920302, 0.0226252079186557, 0.024443694209420497, 0.07526531836435223, 0.07692952257115855, 0.006620460434519665]","[3.357184322205775e-13, 2.918013053410107e-13, 4.076183834911262e-13, 2.781178065625056e-13, 3.754496713526123e-13, 1.8893220321558601e-13, 2.7393365353844956e-13, 2.899225998165278e-13]","[3.357184322205775e-13, 2.918013053410107e-13, 4.076183834911262e-13, 2.781178065625056e-13, 3.754496713526123e-13, 1.8893220321558601e-13, 2.7393365353844956e-13, 2.899225998165278e-13]",4.076183834911262e-13,1.2073675392798577e-14,"[3.310138269377824e-13, 3.027954874894638e-13, 4.0884671555799134e-13, 2.769099615041685e-13, 3.708069616807092e-13, 1.902944586858982e-13, 2.778984388775857e-13, 2.964984980884807e-13]",4.440892098500626e-16,1.2073675392798577e-14,0.0,1.0,True,0,0.0,1e-05,affine exact solution,0.00023546500005977578,34,51,8,0.5*sum_train((z-y)^2)+lambda*sum(abs(Bz))
PDE,fisher_kpp,tv_diff,TV,3,0.01,4,0,1000.0,0.0020845933433370693,"[0.003788035503535174, 0.030755176485582753, 0.02854112314701154, 0.022625207921427047, 0.024443694213132913, 0.07526531836625573, 0.07692952257393472, 0.0066204604374776295]","[0.003788035500219375, 0.030755176482568078, 0.028541123142920302, 0.0226252079186557, 0.024443694209420497, 0.07526531836435223, 0.07692952257115855, 0.006620460434519665]","[3.3157990242393964e-12, 3.0146753149384864e-12, 4.091237765235789e-12, 2.7713456529632197e-12, 3.712415791445878e-12, 1.9035051312954465e-12, 2.776168184226435e-12, 2.9579646024235906e-12]","[3.3157990242393964e-12, 3.0146753149384864e-12, 4.091237765235789e-12, 2.7713456529632197e-12, 3.712415791445878e-12, 1.9035051312954465e-12, 2.776168184226435e-12, 2.9579646024235906e-12]",4.091237765235789e-12,1.2073675392798577e-14,"[3.311094643377841e-12, 3.0256691591042724e-12, 4.092466779191151e-12, 2.770136631636286e-12, 3.7077735606723845e-12, 1.9048546413980864e-12, 2.7801336795014477e-12, 2.9645400241759773e-12]",4.440892098500626e-16,1.2073675392798577e-14,0.0,1.0,True,0,0.0,1e-05,affine exact solution,0.00031381300004795776,34,51,8,0.5*sum_train((z-y)^2)+lambda*sum(abs(Bz))
PDE,fisher_kpp,tv_diff,TV,3,0.01,4,1,0.0,0.00019285490946009432,"[0.0, 0.0, 0.0, 0.0, 0.0, 0.0, 0.0, 0.0]","[0.0, 0.0, 0.0, 0.0, 0.0, 0.0, 0.0, 0.0]","[0.0, 0.0, 0.0, 0.0, 0.0, 0.0, 0.0, 0.0]","[0.0, 0.0, 0.0, 0.0, 0.0, 0.0, 0.0, 0.0]",0.0,0.0,"[0.0, 0.0, 0.0, 0.0, 0.0, 0.0, 0.0, 0.0]",0.0,0.0,0.0,1.0,True,0,0.0,1e-05,zero-penalty interpolation,0.00039869100010037073,35,51,8,0.5*sum_train((z-y)^2)+lambda*sum(abs(Bz))
PDE,fisher_kpp,tv_diff,TV,3,0.01,4,1,0.0001,0.00021464384692953224,"[3.272228880146612e-05, 5.402596582743799e-05, 5.1610608375686467e-05, 3.936210036114219e-05, 6.974344422493915e-05, 5.72544838288984e-05, 4.621882572526697e-05, 5.876279145639753e-05]","[3.2364730886622726e-05, 5.3585834685407213e-05, 5.1237743627345476e-05, 3.91042456325723e-05, 6.93642805334209e-05, 5.692646024382156e-05, 4.583031285198111e-05, 5.840950545375313e-05]","[3.5755791484339683e-07, 4.4013114203077686e-07, 3.728647483409908e-07, 2.578547285698844e-07, 3.7916369151825733e-07, 3.2802358507683815e-07, 3.8851287328585686e-07, 3.532860026444001e-07]","[3.5755791484339683e-07, 4.4013114203077686e-07, 3.728647483409908e-07, 2.578547285698844e-07, 3.7916369151825733e-07, 3.2802358507683815e-07, 3.8851287328585686e-07, 3.532860026444001e-07]",4.4013114203077686e-07,2.5606574556988533e-06,"[3.574971843098865e-07, 4.4008410056426344e-07, 3.728293183036417e-07, 2.5784370523114166e-07, 3.791434040431612e-07, 3.279976235061357e-07, 3.884746070305801e-07, 3.532632783700404e-07]",0.00010083399176379483,2.710505431213761e-20,0.0,0.9914745503368727,True,25,0.01,1e-05,banded ADMM with dual certificate,0.0013487139999597275,35,51,8,0.5*sum_train((z-y)^2)+lambda*sum(abs(Bz))
PDE,fisher_kpp,tv_diff,TV,3,0.01,4,1,0.001,0.0001864195014590077,"[0.0002656400967538941, 0.0004660776445721733, 0.0004466221562041395, 0.0003402137169101308, 0.0005954979351047798, 0.0004809840524145587, 0.00038178445124250883, 0.0005054639450459505]","[0.00025633643320604256, 0.0004592556422015592, 0.0004385094974930613, 0.00033226317172173553, 0.0005909814153445084, 0.0004720813589682212, 0.00037814563038535804, 0.0005001058919085035]","[9.303663547851541e-06, 6.8220023706141455e-06, 8.112658711078202e-06, 7.950545188395246e-06, 4.516519760271371e-06, 8.902693446337492e-06, 3.6388208571507875e-06, 5.358053137447037e-06]","[9.303663547851541e-06, 6.8220023706141455e-06, 8.112658711078202e-06, 7.950545188395246e-06, 4.516519760271371e-06, 8.902693446337492e-06, 3.6388208571507875e-06, 5.358053137447037e-06]",9.303663547851541e-06,2.976391552403628e-05,"[9.297816479019718e-06, 6.820490312522021e-06, 8.111814069279859e-06, 7.949069136827165e-06, 4.515477184324464e-06, 8.899078520944396e-06, 3.6384527019767436e-06, 5.357015388751793e-06]",0.0010301674982686275,4.336808689942018e-19,0.0,0.9900948774945385,True,25,0.01,1e-05,banded ADMM with dual certificate,0.0013274719999571971,35,51,8,0.5*sum_train((z-y)^2)+lambda*sum(abs(Bz))
PDE,fisher_kpp,tv_diff,TV,3,0.01,4,1,0.01,0.00015070128771910334,"[0.0007848330884048946, 0.0014176452069534315, 0.0017477474335294647, 0.001231856945905295, 0.0020267139726583136, 0.001573878866704547, 0.0012839564905876028, 0.0016448077449247114]","[0.0007799653115377529, 0.0014141631993254663, 0.0017465453304907163, 0.0012297131759313237, 0.002025866995599769, 0.0015693226809743322, 0.0012835689472453574, 0.0016405522889243228]","[4.867776867141667e-06, 3.482007627965281e-06, 1.2021030387483842e-06, 2.143769973971324e-06, 8.469770585444077e-07, 4.556185730214806e-06, 3.875433422454583e-07, 4.255456000388591e-06]","[4.867776867141667e-06, 3.482007627965281e-06, 1.2021030387483842e-06, 2.143769973971324e-06, 8.469770585444077e-07, 4.556185730214806e-06, 3.875433422454583e-07, 4.255456000388591e-06]",4.867776867141667e-06,9.85595954774987e-06,"[4.867559888789878e-06, 3.481733327605728e-06, 1.2020914512319019e-06, 2.1436690837703994e-06, 8.469761951041205e-07, 4.556173210485141e-06, 3.8753950247223234e-07, 4.255338379005038e-06]",8.254419752790065e-05,3.0357660829594124e-18,0.0,0.9994115684996306,True,100,0.40800000000000003,1e-05,banded ADMM with dual certificate,0.0047299140001086926,35,51,8,0.5*sum_train((z-y)^2)+lambda*sum(abs(Bz))
PDE,fisher_kpp,tv_diff,TV,3,0.01,4,1,0.1,0.00014749220282779725,"[0.0018781479585487978, 0.0030530978175986705, 0.003216218298084699, 0.002694623208877198, 0.003436055179524076, 0.003982691979260796, 0.003647221833967376, 0.00312398432392616]","[0.0018699228956660157, 0.0030530777855456766, 0.003213361922531678, 0.0026946232085534195, 0.0034267939509809906, 0.00398269190375204, 0.003647221833966576, 0.0031225140675889065]","[8.22506288278204e-06, 2.0032052993820826e-08, 2.8563755530212724e-06, 3.2377833053542915e-13, 9.26122854308549e-06, 7.550875549822145e-11, 8.001412032943023e-16, 1.4702563372534505e-06]","[8.22506288278204e-06, 2.0032052993820826e-08, 2.8563755530212724e-06, 3.2377833053542915e-13, 9.26122854308549e-06, 7.550875549822145e-11, 8.001412032943023e-16, 1.4702563372534505e-06]",9.26122854308549e-06,6.096374845152019e-07,"[8.225062219814963e-06, 2.0032052979075676e-08, 2.856375525890414e-06, 3.2374775603416506e-13, 9.261227620513575e-06, 7.55087589676684e-11, 7.832276494035284e-16, 1.4702563333338428e-06]",1.6607764180553986e-05,4.163336342344337e-17,0.0,0.9999722170683882,True,500,2.04,1e-05,banded ADMM with dual certificate,0.021806087999721058,35,51,8,0.5*sum_train((z-y)^2)+lambda*sum(abs(Bz))
PDE,fisher_kpp,tv_diff,TV,3,0.01,4,1,1.0,0.00021849937390571882,"[0.00396570055773913, 0.01293114959325484, 0.01390292575484217, 0.011396662802172355, 0.01219578229755873, 0.02226334036226775, 0.022158688108388832, 0.0071813981510776455]","[0.0039560336321603565, 0.012931149593233496, 0.013902925754820147, 0.011396662802151111, 0.012195782297549904, 0.022263340362262088, 0.02215868810837862, 0.007181394821754998]","[9.666925578773536e-06, 2.1344037648418634e-14, 2.2022314527525566e-14, 2.124342368681198e-14, 8.826273045769994e-15, 5.662137425588298e-15, 1.0210582379599487e-14, 3.3293226474329085e-09]","[9.666925578773536e-06, 2.1344037648418634e-14, 2.2022314527525566e-14, 2.124342368681198e-14, 8.826273045769994e-15, 5.662137425588298e-15, 1.0210582379599487e-14, 3.3293226474329085e-09]",9.666925578773536e-06,8.198516518453935e-10,"[9.666925578691441e-06, 2.1059542998358438e-14, 2.2018845080573612e-14, 2.0946785972419946e-14, 8.628514569508638e-15, 5.72111802377151e-15, 1.0207112932647533e-14, 3.3293229278075903e-09]",5.194013324438806e-07,2.220446049250313e-16,0.0,0.9999999838122511,True,1175,163.2,1e-05,banded ADMM with dual certificate,0.05170917899977212,35,51,8,0.5*sum_train((z-y)^2)+lambda*sum(abs(Bz))
PDE,fisher_kpp,tv_diff,TV,3,0.01,4,1,10.0,0.0016323928167496114,"[0.003956061219453748, 0.03151095464462139, 0.03617800290107463, 0.02575965459002838, 0.02663552717768315, 0.08336821595296076, 0.08928425085204096, 0.0073429092587296236]","[0.00395606121941184, 0.03151095464458807, 0.03617800290105844, 0.025759654589988967, 0.026635527177647667, 0.08336821595293994, 0.08928425085201872, 0.007342909258704143]","[4.1908317094385694e-14, 3.332056852656251e-14, 1.619537837171947e-14, 3.941291737419306e-14, 3.548203397762961e-14, 2.0816681711721685e-14, 2.2246093855926574e-14, 2.548048577688533e-14]","[4.1908317094385694e-14, 3.332056852656251e-14, 1.619537837171947e-14, 3.941291737419306e-14, 3.548203397762961e-14, 2.0816681711721685e-14, 2.2246093855926574e-14, 2.548048577688533e-14]",4.1908317094385694e-14,8.090750291955828e-15,"[4.192040853991566e-14, 3.3386180828992875e-14, 1.6321483686566653e-14, 3.826445244084943e-14, 3.632313407020577e-14, 2.1794068211578507e-14, 2.04452873213915e-14, 2.535915876859001e-14]",4.440892098500626e-16,3.552713678800501e-15,0.0,1.0,True,0,0.0,1e-05,affine exact solution,0.00032594100002825144,35,51,8,0.5*sum_train((z-y)^2)+lambda*sum(abs(Bz))
PDE,fisher_kpp,tv_diff,TV,3,0.01,4,1,100.0,0.0016323928167496114,"[0.003956061219829853, 0.031510954644923025, 0.03617800290122154, 0.025759654590378413, 0.026635527178008357, 0.08336821595315529, 0.08928425085223565, 0.007342909258958191]","[0.00395606121941184, 0.03151095464458807, 0.03617800290105844, 0.025759654589988967, 0.026635527177647667, 0.08336821595293994, 0.08928425085201872, 0.007342909258704143]","[4.1801371392091724e-13, 3.3495428652940973e-13, 1.631056401052433e-13, 3.894454203567932e-13, 3.6069064401900164e-13, 2.1534163341385693e-13, 2.169375790117556e-13, 2.5404765097158943e-13]","[4.1801371392091724e-13, 3.3495428652940973e-13, 1.631056401052433e-13, 3.894454203567932e-13, 3.6069064401900164e-13, 2.1534163341385693e-13, 2.169375790117556e-13, 2.5404765097158943e-13]",4.1801371392091724e-13,8.090750291955828e-15,"[4.180258053664472e-13, 3.350198988318401e-13, 1.6323521486704243e-13, 3.8829695542344955e-13, 3.615317441115778e-13, 2.1632595880761765e-13, 2.1513330303026856e-13, 2.539263239632941e-13]",4.440892098500626e-16,3.552713678800501e-15,0.0,1.0,True,0,0.0,1e-05,affine exact solution,0.00028614100028789835,35,51,8,0.5*sum_train((z-y)^2)+lambda*sum(abs(Bz))
PDE,fisher_kpp,tv_diff,TV,3,0.01,4,1,1000.0,0.0016323928167496114,"[0.003956061223590907, 0.03151095464793936, 0.03617800290269068, 0.025759654593878738, 0.026635527181260443, 0.0833682159551006, 0.08928425085418253, 0.007342909261243862]","[0.00395606121941184, 0.03151095464458807, 0.03617800290105844, 0.025759654589988967, 0.026635527177647667, 0.08336821595293994, 0.08928425085201872, 0.007342909258704143]","[4.179067682186233e-12, 3.351291466557882e-12, 1.6322429519100012e-12, 3.8897704501827945e-12, 3.612776744432722e-12, 2.1606605393742484e-12, 2.1638107972066223e-12, 2.5397193029186305e-12]","[4.179067682186233e-12, 3.351291466557882e-12, 1.6322429519100012e-12, 3.8897704501827945e-12, 3.612776744432722e-12, 2.1606605393742484e-12, 2.1638107972066223e-12, 2.5397193029186305e-12]",4.179067682186233e-12,8.090750291955828e-15,"[4.179079773631762e-12, 3.351357078860312e-12, 1.6323725266718004e-12, 3.888621985249451e-12, 3.613617844525298e-12, 2.1616448647680093e-12, 2.1620134601190393e-12, 2.539597975910335e-12]",4.440892098500626e-16,3.552713678800501e-15,0.0,1.0,True,0,0.0,1e-05,affine exact solution,0.00024201499991249875,35,51,8,0.5*sum_train((z-y)^2)+lambda*sum(abs(Bz))
PDE,fisher_kpp,tv_diff,TV,3,0.01,4,2,0.0,0.00017560503389444222,"[0.0, 0.0, 0.0, 0.0, 0.0, 0.0, 0.0, 0.0]","[0.0, 0.0, 0.0, 0.0, 0.0, 0.0, 0.0, 0.0]","[0.0, 0.0, 0.0, 0.0, 0.0, 0.0, 0.0, 0.0]","[0.0, 0.0, 0.0, 0.0, 0.0, 0.0, 0.0, 0.0]",0.0,0.0,"[0.0, 0.0, 0.0, 0.0, 0.0, 0.0, 0.0, 0.0]",0.0,0.0,0.0,1.0,True,0,0.0,1e-05,zero-penalty interpolation,0.00040006300014283624,35,51,8,0.5*sum_train((z-y)^2)+lambda*sum(abs(Bz))
PDE,fisher_kpp,tv_diff,TV,3,0.01,4,2,0.0001,0.0002015538911607975,"[6.699818767315311e-05, 5.303213258869495e-05, 5.743997080311551e-05, 4.452186721652417e-05, 5.508993894650464e-05, 6.0652627189015866e-05, 5.497642295105493e-05, 5.730917632361481e-05]","[6.663047161947242e-05, 5.275126788049965e-05, 5.691968975515645e-05, 4.4246863052786555e-05, 5.4754915731253465e-05, 6.0393928183577635e-05, 5.471886917469324e-05, 5.701206474994808e-05]","[3.677160536806964e-07, 2.808647081952966e-07, 5.202810479590635e-07, 2.7500416373761225e-07, 3.35023215251176e-07, 2.586990054382314e-07, 2.575537763616889e-07, 2.971115736667289e-07]","[3.677160536806964e-07, 2.808647081952966e-07, 5.202810479590635e-07, 2.7500416373761225e-07, 3.35023215251176e-07, 2.586990054382314e-07, 2.575537763616889e-07, 2.971115736667289e-07]",5.202810479590635e-07,2.317209423829893e-06,"[3.67694178181712e-07, 2.808458859957942e-07, 5.202216223185687e-07, 2.749933431539525e-07, 3.349958056703928e-07, 2.5868140634074553e-07, 2.575419446992623e-07, 2.9709366324996754e-07]",0.00010029009922737243,2.710505431213761e-20,0.0,0.9922938233362782,True,25,0.01,1e-05,banded ADMM with dual certificate,0.0014456410003731435,35,51,8,0.5*sum_train((z-y)^2)+lambda*sum(abs(Bz))
PDE,fisher_kpp,tv_diff,TV,3,0.01,4,2,0.001,0.00017239412216009652,"[0.0005756273748819493, 0.00044871520223627035, 0.0004889248413861829, 0.00038103072412330264, 0.0004659624890129034, 0.0005226404107965299, 0.00047936872797070713, 0.0004915654203553993]","[0.0005688273591233573, 0.0004402767822416279, 0.00048429348484425774, 0.00037298426109828127, 0.0004603513587320622, 0.0005188896239538217, 0.00047506714096620694, 0.0004868562777318806]","[6.800015758591971e-06, 8.43841999464246e-06, 4.631356541925165e-06, 8.04646302502137e-06, 5.611130280841221e-06, 3.7507868427082407e-06, 4.301587004500195e-06, 4.709142623518666e-06]","[6.800015758591971e-06, 8.43841999464246e-06, 4.631356541925165e-06, 8.04646302502137e-06, 5.611130280841221e-06, 3.7507868427082407e-06, 4.301587004500195e-06, 4.709142623518666e-06]",8.43841999464246e-06,2.3202760297112105e-05,"[6.7991836730286505e-06, 8.433406388624973e-06, 4.629775352267226e-06, 8.044445952219833e-06, 5.608192835735164e-06, 3.7498158968825475e-06, 4.300058906522397e-06, 4.707630948238488e-06]",0.000900688733590907,4.336808689942018e-19,0.0,0.992280121281533,True,25,0.01,1e-05,banded ADMM with dual certificate,0.0013418139997156686,35,51,8,0.5*sum_train((z-y)^2)+lambda*sum(abs(Bz))
PDE,fisher_kpp,tv_diff,TV,3,0.01,4,2,0.01,0.00013251728946829663,"[0.001637535761451828, 0.0014839542185573144, 0.0014312329685209923, 0.0011438749607257702, 0.0015925032651023675, 0.00185349560875244, 0.0016846608674642933, 0.0016893210071931284]","[0.0016341625132941496, 0.0014767129200981327, 0.0014250173703656203, 0.0011396953567245661, 0.0015916364580573124, 0.001851585870929602, 0.0016819739745028645, 0.001685185462954551]","[3.3732481576785253e-06, 7.241298459181693e-06, 6.215598155371975e-06, 4.179604001204075e-06, 8.668070450551079e-07, 1.9097378228380077e-06, 2.6868929614287662e-06, 4.135544238577328e-06]","[3.3732481576785253e-06, 7.241298459181693e-06, 6.215598155371975e-06, 4.179604001204075e-06, 8.668070450551079e-07, 1.9097378228380077e-06, 2.6868929614287662e-06, 4.135544238577328e-06]",7.241298459181693e-06,7.949620583411199e-06,"[3.373244384909915e-06, 7.2412633335923525e-06, 6.2154093138590185e-06, 4.179564561574182e-06, 8.668006021533945e-07, 1.9097178279175748e-06, 2.686809015565051e-06, 4.135543382926545e-06]",0.00011490534525643303,3.469446951953614e-18,0.0,0.9996106151924129,True,100,0.40800000000000003,1e-05,banded ADMM with dual certificate,0.004880169999978534,35,51,8,0.5*sum_train((z-y)^2)+lambda*sum(abs(Bz))
PDE,fisher_kpp,tv_diff,TV,3,0.01,4,2,0.1,0.00013832788516116387,"[0.002701970093152169, 0.003112242382181867, 0.002728024624493798, 0.002404875980190231, 0.003172638686260822, 0.004514426995466663, 0.004016447000375064, 0.002871120416953961]","[0.002696746232338919, 0.003111624476886841, 0.0027196807283549106, 0.002404757729204592, 0.0031703189836013316, 0.004514426575175522, 0.004016447000374494, 0.0028702314333094534]","[5.223860813250054e-06, 6.179052950260749e-07, 8.343896138887554e-06, 1.182509856388625e-07, 2.319702659490247e-06, 4.202911412995447e-10, 5.698566618583811e-16, 8.889836445075301e-07]","[5.223860813250054e-06, 6.179052950260749e-07, 8.343896138887554e-06, 1.182509856388625e-07, 2.319702659490247e-06, 4.202911412995447e-10, 5.698566618583811e-16, 8.889836445075301e-07]",8.343896138887554e-06,3.020771611461637e-07,"[5.223860773459076e-06, 6.17905294036632e-07, 8.343895844984415e-06, 1.1825098563322464e-07, 2.319702634253273e-06, 4.202911538762899e-10, 5.572799166575493e-16, 8.889836428545555e-07]",1.5509366450006112e-05,2.7755575615628914e-17,0.0,0.9999852272937484,True,375,2.04,1e-05,banded ADMM with dual certificate,0.01737135000030321,35,51,8,0.5*sum_train((z-y)^2)+lambda*sum(abs(Bz))
PDE,fisher_kpp,tv_diff,TV,3,0.01,4,2,1.0,0.00025717838788461456,"[0.004653081994018983, 0.0135693018659733, 0.012536083749621037, 0.010986454361732668, 0.01321425316074807, 0.022065227836880058, 0.021345005585823487, 0.0059527073421517225]","[0.00464704798727944, 0.013569301862371784, 0.012536083749599688, 0.01098645436171317, 0.013214253160736185, 0.022065227836875544, 0.021345005585818103, 0.005952703571284131]","[6.034006739543199e-06, 3.6015166543501564e-12, 2.1349241818846565e-14, 1.9498291869979312e-14, 1.1884590533917105e-14, 4.513750484491652e-15, 5.384581669432009e-15, 3.770867591269822e-09]","[6.034006739543199e-06, 3.6015166543501564e-12, 2.1349241818846565e-14, 1.9498291869979312e-14, 1.1884590533917105e-14, 4.513750484491652e-15, 5.384581669432009e-15, 3.770867591269822e-09]",6.034006739543199e-06,1.141192640385924e-09,"[6.0340067395502344e-06, 3.6015062460093006e-12, 2.1441182163073336e-14, 1.9284920882434164e-14, 1.2030307305899157e-14, 4.440892098500626e-15, 5.2735593669694936e-15, 3.770867663152426e-09]",4.0120782429653445e-07,3.3306690738754696e-16,0.0,0.9999999761732709,True,1100,163.2,1e-05,banded ADMM with dual certificate,0.07313959000020986,35,51,8,0.5*sum_train((z-y)^2)+lambda*sum(abs(Bz))
PDE,fisher_kpp,tv_diff,TV,3,0.01,4,2,10.0,0.0017213886192294012,"[0.004647064447743201, 0.03315799402224767, 0.032314863083082776, 0.026662908991445966, 0.030704952683299418, 0.08002460249552279, 0.08550985689283795, 0.006011531496969952]","[0.004647064447706545, 0.033157994022218, 0.03231486308304461, 0.02666290899141581, 0.030704952683264918, 0.08002460249550242, 0.08550985689281689, 0.006011531496938938]","[3.665644177086591e-14, 2.967071033310731e-14, 3.8163916471489756e-14, 3.0156432906380815e-14, 3.450018049022674e-14, 2.0372592501871623e-14, 2.1066481892262345e-14, 3.101338630351336e-14]","[3.665644177086591e-14, 2.967071033310731e-14, 3.8163916471489756e-14, 3.0156432906380815e-14, 3.450018049022674e-14, 2.0372592501871623e-14, 2.1066481892262345e-14, 3.101338630351336e-14]",3.8163916471489756e-14,2.0317081350640365e-14,"[3.6516015053277744e-14, 2.8239602133675018e-14, 3.7145617674072384e-14, 2.955318674942659e-14, 3.335867818700578e-14, 2.0719256188405828e-14, 2.239983640718341e-14, 3.0937584892788834e-14]",4.440892098500626e-16,3.552713678800501e-15,0.0,1.0,True,0,0.0,1e-05,affine exact solution,0.00032173499994314625,35,51,8,0.5*sum_train((z-y)^2)+lambda*sum(abs(Bz))
PDE,fisher_kpp,tv_diff,TV,3,0.01,4,2,100.0,0.0017213886192294012,"[0.004647064448071532, 0.03315799402250637, 0.03231486308341485, 0.02666290899170857, 0.03070495268360027, 0.08002460249570788, 0.08550985689303553, 0.006011531497248011]","[0.004647064447706545, 0.033157994022218, 0.03231486308304461, 0.02666290899141581, 0.030704952683264918, 0.08002460249550242, 0.08550985689281689, 0.006011531496938938]","[3.649875540689962e-13, 2.883665528585766e-13, 3.70238562030778e-13, 2.9275887269974987e-13, 3.353532729288844e-13, 2.0546064849469303e-13, 2.1864454691211677e-13, 3.0907221226783577e-13]","[3.649875540689962e-13, 2.883665528585766e-13, 3.70238562030778e-13, 2.9275887269974987e-13, 3.353532729288844e-13, 2.0546064849469303e-13, 2.1864454691211677e-13, 3.0907221226783577e-13]",3.70238562030778e-13,2.0317081350640365e-14,"[3.64847127351408e-13, 2.869389141060963e-13, 3.6922373268031256e-13, 2.9215562654279563e-13, 3.3421177062566345e-13, 2.0580557745775126e-13, 2.1997616670356185e-13, 3.0899641085711126e-13]",4.440892098500626e-16,3.552713678800501e-15,0.0,1.0,True,0,0.0,1e-05,affine exact solution,0.0002444179999656626,35,51,8,0.5*sum_train((z-y)^2)+lambda*sum(abs(Bz))
PDE,fisher_kpp,tv_diff,TV,3,0.01,4,2,1000.0,0.0017213886192294012,"[0.0046470644513548435, 0.03315799402509336, 0.03231486308673563, 0.026662908994334593, 0.0307049526866088, 0.08002460249755874, 0.08550985689501128, 0.006011531500028599]","[0.004647064447706545, 0.033157994022218, 0.03231486308304461, 0.02666290899141581, 0.030704952683264918, 0.08002460249550242, 0.08550985689281689, 0.006011531496938938]","[3.648298677050299e-12, 2.875359672582789e-12, 3.69101971209318e-12, 2.9187832706334405e-12, 3.343884197315461e-12, 2.0563273306350993e-12, 2.1943974415350453e-12, 3.08966047191106e-12]","[3.648298677050299e-12, 2.875359672582789e-12, 3.69101971209318e-12, 2.9187832706334405e-12, 3.343884197315461e-12, 2.0563273306350993e-12, 2.1943974415350453e-12, 3.08966047191106e-12]",3.69101971209318e-12,2.0317081350640365e-14,"[3.648158250332711e-12, 2.8739320338303086e-12, 3.6900048827427145e-12, 2.9181800244764864e-12, 3.34274269501224e-12, 2.0566687901512056e-12, 2.195739469667346e-12, 3.0895846705003355e-12]",4.440892098500626e-16,3.552713678800501e-15,0.0,1.0,True,0,0.0,1e-05,affine exact solution,0.00027851000004375237,35,51,8,0.5*sum_train((z-y)^2)+lambda*sum(abs(Bz))
PDE,fisher_kpp,pod_tv_diff,POD+TV,3,0.01,4,0,0.0,0.0001292735530175202,"[0.0, 0.0]","[0.0, 0.0]","[0.0, 0.0]","[0.0, 0.0]",0.0,0.0,"[0.0, 0.0]",0.0,0.0,0.0,1.0,True,0,0.0,1e-05,zero-penalty interpolation,0.0003511499999149237,34,51,2,0.5*sum_train((z-y)^2)+lambda*sum(abs(Bz))
PDE,fisher_kpp,pod_tv_diff,POD+TV,3,0.01,4,0,0.0001,0.00012957902842846875,"[1.4678683329167111e-05, 2.5008980451457308e-05]","[1.4482781935479109e-05, 2.4902209948375796e-05]","[1.9590139368800206e-07, 1.0677050308151233e-07]","[1.9590139368800206e-07, 1.0677050308151233e-07]",1.9590139368800206e-07,2.525678923733009e-06,"[1.958533929901286e-07, 1.0676603905303752e-07]",0.00010077522844642003,3.267052156152167e-14,0.0,0.9916027863342979,True,25,0.01,1e-05,banded ADMM with dual certificate,0.0010651370002960903,34,51,2,0.5*sum_train((z-y)^2)+lambda*sum(abs(Bz))
PDE,fisher_kpp,pod_tv_diff,POD+TV,3,0.01,4,0,0.001,0.0001288313412522753,"[0.00010733796915024087, 0.00017295604007807767]","[0.00010577482242765104, 0.0001716357414031729]","[1.5631467225898324e-06, 1.3202986749047624e-06]","[1.5631467225898324e-06, 1.3202986749047624e-06]",1.5631467225898324e-06,1.289089482520156e-06,"[1.5631407255750716e-06, 1.320293229122374e-06]",0.0003434633145106854,3.380985541447806e-14,0.0,0.9995124859533128,True,50,0.02,1e-05,banded ADMM with dual certificate,0.0018541469999036053,34,51,2,0.5*sum_train((z-y)^2)+lambda*sum(abs(Bz))
PDE,fisher_kpp,pod_tv_diff,POD+TV,3,0.01,4,0,0.01,0.00012781819751512492,"[0.0004286931648401906, 0.0006410550438332689]","[0.0004205829491390487, 0.0006396934403721912]","[8.110215701141927e-06, 1.3616034610777284e-06]","[8.110215701141927e-06, 1.3616034610777284e-06]",8.110215701141927e-06,2.848634163075958e-06,"[8.110187968301245e-06, 1.3615997620128567e-06]",0.00015050538604755026,9.835014747050508e-15,0.0,0.9996116590289087,True,100,0.40800000000000003,1e-05,banded ADMM with dual certificate,0.0037527300000874675,34,51,2,0.5*sum_train((z-y)^2)+lambda*sum(abs(Bz))
PDE,fisher_kpp,pod_tv_diff,POD+TV,3,0.01,4,0,0.1,0.0001322042701215731,"[0.0020696417098135947, 0.004775806850535053]","[0.0020614347455808896, 0.0047756984838986305]","[8.206964232705151e-06, 1.0836663642214278e-07]","[8.206964232705151e-06, 1.0836663642214278e-07]",8.206964232705151e-06,1.5313246110350287e-06,"[8.206959159209925e-06, 1.0836663433180099e-07]",1.746185147609436e-05,1.547373340571312e-14,0.0,0.9999026935829556,True,150,2.04,1e-05,banded ADMM with dual certificate,0.004914812000151869,34,51,2,0.5*sum_train((z-y)^2)+lambda*sum(abs(Bz))
PDE,fisher_kpp,pod_tv_diff,POD+TV,3,0.01,4,0,1.0,0.00021447986988088743,"[0.007090201642817628, 0.0393569221199551]","[0.0070813403891331755, 0.03935692211995312]","[8.86125368445255e-06, 1.97758476261356e-15]","[8.86125368445255e-06, 1.97758476261356e-15]",8.86125368445255e-06,4.222739558717992e-08,"[8.86125363888299e-06, 1.7555401576885288e-15]",3.7891271198464693e-07,1.797173521111972e-14,0.0,0.999999216217378,True,450,20.4,1e-05,banded ADMM with dual certificate,0.013665410000157863,34,51,2,0.5*sum_train((z-y)^2)+lambda*sum(abs(Bz))
PDE,fisher_kpp,pod_tv_diff,POD+TV,3,0.01,4,0,10.0,0.0011534998742255237,"[0.007174647132107284, 0.22323660010482604]","[0.007174192672523519, 0.22323660010200155]","[4.544595837647006e-07, 2.824490641373245e-12]","[4.544595837647006e-07, 2.824490641373245e-12]",4.544595837647006e-07,2.55351295663786e-15,"[4.5445957807135846e-07, 2.8244767635854373e-12]",1.7794306028662277e-09,2.55351295663786e-15,0.0,1.0,True,300,816.0,1e-05,banded ADMM with dual certificate,0.00916664500027764,34,51,2,0.5*sum_train((z-y)^2)+lambda*sum(abs(Bz))
PDE,fisher_kpp,pod_tv_diff,POD+TV,3,0.01,4,0,100.0,0.002149125646718636,"[0.007174192673801605, 0.24708933772268327]","[0.007174192672800894, 0.24708933772268296]","[1.0007107989484787e-12, 3.0531133177191805e-16]","[1.0007107989484787e-12, 3.0531133177191805e-16]",1.0007107989484787e-12,8.604228440844963e-15,"[9.810725127688598e-13, 2.2424265712093817e-16]",8.881784197001252e-16,8.604228440844963e-15,0.0,1.0,True,0,0.0,1e-05,affine exact solution,0.00023714799999652314,34,51,2,0.5*sum_train((z-y)^2)+lambda*sum(abs(Bz))
PDE,fisher_kpp,pod_tv_diff,POD+TV,3,0.01,4,0,1000.0,0.002149125646718636,"[0.007174192682629259, 0.2470893377226853]","[0.007174192672800894, 0.24708933772268296]","[9.82836468460535e-12, 2.3314683517128287e-15]","[9.82836468460535e-12, 2.3314683517128287e-15]",9.82836468460535e-12,8.604228440844963e-15,"[9.808726673139187e-12, 2.235564569756625e-15]",8.881784197001252e-16,8.604228440844963e-15,0.0,1.0,True,0,0.0,1e-05,affine exact solution,0.0002341140002499742,34,51,2,0.5*sum_train((z-y)^2)+lambda*sum(abs(Bz))
PDE,fisher_kpp,pod_tv_diff,POD+TV,3,0.01,4,1,0.0,0.00011986985576618364,"[0.0, 0.0]","[0.0, 0.0]","[0.0, 0.0]","[0.0, 0.0]",0.0,0.0,"[0.0, 0.0]",0.0,0.0,0.0,1.0,True,0,0.0,1e-05,zero-penalty interpolation,0.0006337059999168559,35,51,2,0.5*sum_train((z-y)^2)+lambda*sum(abs(Bz))
PDE,fisher_kpp,pod_tv_diff,POD+TV,3,0.01,4,1,0.0001,0.00012007577378511543,"[1.6460986870756316e-05, 2.2570927827992942e-05]","[1.6216406673346577e-05, 2.2335508329778036e-05]","[2.4458019740973886e-07, 2.3541949821490635e-07]","[2.4458019740973886e-07, 2.3541949821490635e-07]",2.4458019740973886e-07,2.8696664396957085e-06,"[2.444954787299881e-07, 2.3536433607861706e-07]",9.978681883648243e-05,2.710505431213761e-20,0.0,0.9904516270326744,True,25,0.01,1e-05,banded ADMM with dual certificate,0.0010612410001158423,35,51,2,0.5*sum_train((z-y)^2)+lambda*sum(abs(Bz))
PDE,fisher_kpp,pod_tv_diff,POD+TV,3,0.01,4,1,0.001,0.00011902524778506565,"[0.0001084863813103766, 0.00016816148859129032]","[0.00010607342200625734, 0.00016728404970471294]","[2.412959304119258e-06, 8.77438886577375e-07]","[2.412959304119258e-06, 8.77438886577375e-07]",2.412959304119258e-06,1.8600952563581526e-06,"[2.4129432848669544e-06, 8.774384264812347e-07]",0.00046424841068889305,4.336808689942018e-19,0.0,0.999352460857851,True,50,0.02,1e-05,banded ADMM with dual certificate,0.0018959799999720417,35,51,2,0.5*sum_train((z-y)^2)+lambda*sum(abs(Bz))
PDE,fisher_kpp,pod_tv_diff,POD+TV,3,0.01,4,1,0.01,0.000118563172455995,"[0.0003885681576674695, 0.0006629822916750382]","[0.000380737042657906, 0.0006626536783861223]","[7.831115009563532e-06, 3.286132889159226e-07]","[7.831115009563532e-06, 3.286132889159226e-07]",7.831115009563532e-06,5.832186958772915e-05,"[7.819039291302905e-06, 3.286107595011482e-07]",0.00021100734282963884,3.469446951953614e-18,0.0,0.9908901104886421,True,100,0.40800000000000003,1e-05,banded ADMM with dual certificate,0.003318424999633862,35,51,2,0.5*sum_train((z-y)^2)+lambda*sum(abs(Bz))
PDE,fisher_kpp,pod_tv_diff,POD+TV,3,0.01,4,1,0.1,0.00012025123785651339,"[0.002048990011507953, 0.004752392340647616]","[0.0020403204607465156, 0.0047523916952929065]","[8.669550761437536e-06, 6.453547097759471e-10]","[8.669550761437536e-06, 6.453547097759471e-10]",8.669550761437536e-06,4.3351192631838065e-07,"[8.669550398679535e-06, 6.453547071738619e-10]",8.501260868570837e-06,1.3877787807814457e-17,0.0,0.9999730913407737,True,250,2.04,1e-05,banded ADMM with dual certificate,0.007602046000101836,35,51,2,0.5*sum_train((z-y)^2)+lambda*sum(abs(Bz))
PDE,fisher_kpp,pod_tv_diff,POD+TV,3,0.01,4,1,1.0,0.00017747020240057841,"[0.007599643843281427, 0.03926984488681872]","[0.0075902374495292885, 0.03926984488681747]","[9.406393752138531e-06, 1.2490009027033011e-15]","[9.406393752138531e-06, 1.2490009027033011e-15]",9.406393752138531e-06,2.2730905421819436e-09,"[9.40639375288945e-06, 1.2351231148954867e-15]",3.625707104548681e-07,2.220446049250313e-16,0.0,0.9999999556932964,True,1675,5.1,1e-05,banded ADMM with dual certificate,0.05006354600027407,35,51,2,0.5*sum_train((z-y)^2)+lambda*sum(abs(Bz))
PDE,fisher_kpp,pod_tv_diff,POD+TV,3,0.01,4,1,10.0,0.000845658723309672,"[0.007661139732313616, 0.2292787572055462]","[0.007660365216615672, 0.22927875719953447]","[7.745156979438103e-07, 6.0117189004671445e-12]","[7.745156979438103e-07, 6.0117189004671445e-12]",7.745156979438103e-07,7.36813388080293e-12,"[7.745156990498599e-07, 6.011899311708646e-12]",2.9603226536778493e-09,1.7763568394002505e-15,0.0,0.9999999999564787,True,325,816.0,1e-05,banded ADMM with dual certificate,0.011885234999681416,35,51,2,0.5*sum_train((z-y)^2)+lambda*sum(abs(Bz))
PDE,fisher_kpp,pod_tv_diff,POD+TV,3,0.01,4,1,100.0,0.0018034464361659699,"[0.007660365218121025, 0.26134147121608736]","[0.0076603652175119274, 0.26134147121608725]","[6.090978416084525e-13, 1.1102230246251565e-16]","[6.090978416084525e-13, 1.1102230246251565e-16]",6.090978416084525e-13,7.494005416219807e-15,"[6.102365126569393e-13, 1.249831283357966e-16]",8.881784197001252e-16,1.7763568394002505e-15,0.0,1.0,True,0,0.0,1e-05,affine exact solution,0.00027576599995882134,35,51,2,0.5*sum_train((z-y)^2)+lambda*sum(abs(Bz))
PDE,fisher_kpp,pod_tv_diff,POD+TV,3,0.01,4,1,1000.0,0.0018034464361659699,"[0.007660365223607262, 0.2613414712160885]","[0.0076603652175119274, 0.26134147121608725]","[6.095334306732703e-12, 1.2212453270876722e-15]","[6.095334306732703e-12, 1.2212453270876722e-15]",6.095334306732703e-12,7.494005416219807e-15,"[6.0964729777811895e-12, 1.2459888823795003e-15]",8.881784197001252e-16,1.7763568394002505e-15,0.0,1.0,True,0,0.0,1e-05,affine exact solution,0.00021922099995208555,35,51,2,0.5*sum_train((z-y)^2)+lambda*sum(abs(Bz))
PDE,fisher_kpp,pod_tv_diff,POD+TV,3,0.01,4,2,0.0,0.0001103476100527734,"[0.0, 0.0]","[0.0, 0.0]","[0.0, 0.0]","[0.0, 0.0]",0.0,0.0,"[0.0, 0.0]",0.0,0.0,0.0,1.0,True,0,0.0,1e-05,zero-penalty interpolation,0.0003042490002371778,35,51,2,0.5*sum_train((z-y)^2)+lambda*sum(abs(Bz))
PDE,fisher_kpp,pod_tv_diff,POD+TV,3,0.01,4,2,0.0001,0.00011109480428734367,"[2.0047723614263873e-05, 1.9980000475624618e-05]","[1.9877468205352486e-05, 1.9679505212195208e-05]","[1.7025540891138703e-07, 3.004952634294095e-07]","[1.7025540891138703e-07, 3.004952634294095e-07]",3.004952634294095e-07,3.7679248570724974e-06,"[1.702124436147562e-07, 3.003571544460534e-07]",9.984742437226036e-05,2.710505431213761e-20,0.0,0.9874787501705229,True,25,0.01,1e-05,banded ADMM with dual certificate,0.0010221009997621877,35,51,2,0.5*sum_train((z-y)^2)+lambda*sum(abs(Bz))
PDE,fisher_kpp,pod_tv_diff,POD+TV,3,0.01,4,2,0.001,0.00010965963216317158,"[0.00013791536259518276, 0.0001442729753248669]","[0.00012821675291928422, 0.00013456244997082727]","[9.69860967589854e-06, 9.710525354039636e-06]","[9.69860967589854e-06, 9.710525354039636e-06]",9.710525354039636e-06,1.2640345120986003e-05,"[9.698003465208766e-06, 9.709708620655804e-06]",0.0007172784087230434,2.168404344971009e-19,0.0,0.9957188366473413,True,25,0.01,1e-05,banded ADMM with dual certificate,0.0010577550001471536,35,51,2,0.5*sum_train((z-y)^2)+lambda*sum(abs(Bz))
PDE,fisher_kpp,pod_tv_diff,POD+TV,3,0.01,4,2,0.01,0.00010944970261843757,"[0.0004152222075146493, 0.000627198877922012]","[0.0004082407705265005, 0.0006260931534462202]","[6.981436988148825e-06, 1.1057244757918007e-06]","[6.981436988148825e-06, 1.1057244757918007e-06]",6.981436988148825e-06,1.6018342379325867e-06,"[6.9814339009573255e-06, 1.1057197230808806e-06]",7.88294086798147e-05,3.469446951953614e-18,0.0,0.999819640383634,True,100,0.20400000000000001,1e-05,banded ADMM with dual certificate,0.0049033350001082,35,51,2,0.5*sum_train((z-y)^2)+lambda*sum(abs(Bz))
PDE,fisher_kpp,pod_tv_diff,POD+TV,3,0.01,4,2,0.1,0.00011028147952033756,"[0.0020612308826232287, 0.0047472163287126815]","[0.0020559763102320355, 0.004747198784357078]","[5.254572391193146e-06, 1.7544355603721362e-08]","[5.254572391193146e-06, 1.7544355603721362e-08]",5.254572391193146e-06,2.958280954316189e-07,"[5.254572199497095e-06, 1.7544355516117827e-08]",5.609792131655578e-06,1.3877787807814457e-17,0.0,0.9999799400658785,True,150,2.04,1e-05,banded ADMM with dual certificate,0.006053451000298082,35,51,2,0.5*sum_train((z-y)^2)+lambda*sum(abs(Bz))
PDE,fisher_kpp,pod_tv_diff,POD+TV,3,0.01,4,2,1.0,0.0001629444614425932,"[0.00776521553475885, 0.039236849396426375]","[0.007756464783880826, 0.03923684939642487]","[8.750750878023898e-06, 1.5057399771478686e-15]","[8.750750878023898e-06, 1.5057399771478686e-15]",8.750750878023898e-06,8.108682565677316e-09,"[8.750750876792028e-06, 1.5126788710517758e-15]",3.4775962842736874e-07,1.1102230246251565e-16,0.0,0.999999831770218,True,975,10.2,1e-05,banded ADMM with dual certificate,0.03607999599989853,35,51,2,0.5*sum_train((z-y)^2)+lambda*sum(abs(Bz))
PDE,fisher_kpp,pod_tv_diff,POD+TV,3,0.01,4,2,10.0,0.0007955973102257388,"[0.007917477651759895, 0.23025120619363315]","[0.007917135672724784, 0.2302512061439586]","[3.419790351108509e-07, 4.9674542257349685e-11]","[3.419790351108509e-07, 4.9674542257349685e-11]",3.419790351108509e-07,4.570996359198887e-11,"[3.419790346546962e-07, 4.9674167557078874e-11]",5.241350464757488e-09,1.7763568394002505e-15,0.0,0.9999999997382993,True,500,816.0,1e-05,banded ADMM with dual certificate,0.016848450999987108,35,51,2,0.5*sum_train((z-y)^2)+lambda*sum(abs(Bz))
PDE,fisher_kpp,pod_tv_diff,POD+TV,3,0.01,4,2,100.0,0.0017463512459849888,"[0.00791713567357347, 0.2636400999740257]","[0.00791713567290274, 0.2636400999740256]","[6.707308319864325e-13, 1.1102230246251565e-16]","[6.707308319864325e-13, 1.1102230246251565e-16]",6.707308319864325e-13,1.0547118733938987e-14,"[6.700327126609392e-13, 1.6453402711736984e-16]",1.1102230246251565e-15,3.552713678800501e-15,0.0,1.0,True,0,0.0,1e-05,affine exact solution,0.0002924509999502334,35,51,2,0.5*sum_train((z-y)^2)+lambda*sum(abs(Bz))
PDE,fisher_kpp,pod_tv_diff,POD+TV,3,0.01,4,2,1000.0,0.0017463512459849888,"[0.007917135679609267, 0.2636400999740272]","[0.00791713567290274, 0.2636400999740256]","[6.706527694300135e-12, 1.609823385706477e-15]","[6.706527694300135e-12, 1.609823385706477e-15]",6.706527694300135e-12,1.0547118733938987e-14,"[6.705829574974642e-12, 1.6411665640657917e-15]",1.1102230246251565e-15,3.552713678800501e-15,0.0,1.0,True,0,0.0,1e-05,affine exact solution,0.0002644390001478314,35,51,2,0.5*sum_train((z-y)^2)+lambda*sum(abs(Bz))
PDE,fisher_kpp,tv_diff,TV,4,0.01,4,0,0.0,0.00017500412906615602,"[0.0, 0.0, 0.0, 0.0, 0.0, 0.0, 0.0, 0.0]","[0.0, 0.0, 0.0, 0.0, 0.0, 0.0, 0.0, 0.0]","[0.0, 0.0, 0.0, 0.0, 0.0, 0.0, 0.0, 0.0]","[0.0, 0.0, 0.0, 0.0, 0.0, 0.0, 0.0, 0.0]",0.0,0.0,"[0.0, 0.0, 0.0, 0.0, 0.0, 0.0, 0.0, 0.0]",0.0,0.0,0.0,1.0,True,0,0.0,1e-05,zero-penalty interpolation,0.0003878649999933259,34,51,8,0.5*sum_train((z-y)^2)+lambda*sum(abs(Bz))
PDE,fisher_kpp,tv_diff,TV,4,0.01,4,0,0.0001,0.00018560725631846964,"[6.010462196186243e-05, 5.3073108998380876e-05, 5.869167310416399e-05, 4.256387349145301e-05, 3.681340186348924e-05, 3.049409113851366e-05, 5.500617883059448e-05, 4.641204609054323e-05]","[5.977361850076712e-05, 5.2738052438668495e-05, 5.8294588493078746e-05, 4.2333592803892084e-05, 3.667408896930659e-05, 3.0182759027632837e-05, 5.474557956296161e-05, 4.6155817151839556e-05]","[3.3100346109530946e-07, 3.35056559712381e-07, 3.970846110852447e-07, 2.3028068756092478e-07, 1.3931289418265e-07, 3.113321108808233e-07, 2.6059926763286626e-07, 2.562289387036734e-07]","[3.3100346109530946e-07, 3.35056559712381e-07, 3.970846110852447e-07, 2.3028068756092478e-07, 1.3931289418265e-07, 3.113321108808233e-07, 2.6059926763286626e-07, 2.562289387036734e-07]",3.970846110852447e-07,2.5506776218434915e-06,"[3.3099453879390807e-07, 3.350402705428032e-07, 3.970599858612656e-07, 2.3026975943224285e-07, 1.39307310849016e-07, 3.11262644922542e-07, 2.605893831318388e-07, 2.562180099292271e-07]",0.0001005516219311584,1.6283022564837768e-14,0.0,0.9915132942175736,True,25,0.01,1e-05,banded ADMM with dual certificate,0.0014495260002149735,34,51,8,0.5*sum_train((z-y)^2)+lambda*sum(abs(Bz))
PDE,fisher_kpp,tv_diff,TV,4,0.01,4,0,0.001,0.00017248100561952513,"[0.0005320547420317483, 0.0004584189054853352, 0.0005165355380408707, 0.00035491353613630657, 0.00030436116388790965, 0.0002320207191995494, 0.0004742273695101557, 0.0004023044639246795]","[0.0005231941945240426, 0.0004509973633559051, 0.0005077920581467384, 0.00034738643987523675, 0.00029854176349799, 0.0002237259054684002, 0.0004695642276666212, 0.0003959404412575717]","[8.860547507705697e-06, 7.421542129430075e-06, 8.74347989413232e-06, 7.527096261069819e-06, 5.819400389919631e-06, 8.294813731149194e-06, 4.663141843534496e-06, 6.3640226671077965e-06]","[8.860547507705697e-06, 7.421542129430075e-06, 8.74347989413232e-06, 7.527096261069819e-06, 5.819400389919631e-06, 8.294813731149194e-06, 4.663141843534496e-06, 6.3640226671077965e-06]",8.860547507705697e-06,3.5845332524269465e-05,"[8.857333652580906e-06, 7.421266207621074e-06, 8.73225679052245e-06, 7.526665982218262e-06, 5.818977902654623e-06, 8.29418109710934e-06, 4.662171496767637e-06, 6.36386436608685e-06]",0.000998322177590672,1.3936334725128674e-14,0.0,0.9880957089350336,True,25,0.01,1e-05,banded ADMM with dual certificate,0.001538160000109201,34,51,8,0.5*sum_train((z-y)^2)+lambda*sum(abs(Bz))
PDE,fisher_kpp,tv_diff,TV,4,0.01,4,0,0.01,0.00016049180805565079,"[0.001648703005809927, 0.00151450416643154, 0.001615201195138048, 0.000937943830568369, 0.0008971952323445716, 0.0007864728831951978, 0.001478031947926518, 0.0012735758528199378]","[0.0016475378797577958, 0.0015072099634244299, 0.0016110240358160723, 0.0009300600431620482, 0.0008874481704916424, 0.0007818123678730517, 0.001471053895694436, 0.0012670665708724733]","[1.1651260521312098e-06, 7.294203007110174e-06, 4.177159321975708e-06, 7.883787406320788e-06, 9.747061852929191e-06, 4.660515322146147e-06, 6.978052232081873e-06, 6.509281947464536e-06]","[1.1651260521312098e-06, 7.294203007110174e-06, 4.177159321975708e-06, 7.883787406320788e-06, 9.747061852929191e-06, 4.660515322146147e-06, 6.978052232081873e-06, 6.509281947464536e-06]",9.747061852929191e-06,9.059361360365739e-06,"[1.1651238500758315e-06, 7.293790436496651e-06, 4.177158354519612e-06, 7.883770359966904e-06, 9.747046062731212e-06, 4.660506297343649e-06, 6.978030849496175e-06, 6.509170323991864e-06]",0.000154862429879582,9.253448701729283e-15,0.0,0.9993618751096623,True,100,0.20400000000000001,1e-05,banded ADMM with dual certificate,0.009029477999774826,34,51,8,0.5*sum_train((z-y)^2)+lambda*sum(abs(Bz))
PDE,fisher_kpp,tv_diff,TV,4,0.01,4,0,0.1,0.00015042554009763278,"[0.0027670605262950397, 0.0038376365045913637, 0.0032604169133354445, 0.002245709896590256, 0.002261600910177094, 0.003699337551734328, 0.0039898546008928955, 0.002425876028055437]","[0.0027670560612379005, 0.0038376362611296476, 0.0032516659603736234, 0.0022439534508956046, 0.002252715217422839, 0.003699337551734119, 0.003989854600891771, 0.0024253186300178912]","[4.46505713912887e-09, 2.43461716065152e-10, 8.750952961821077e-06, 1.7564456946512173e-06, 8.885692754255145e-06, 2.0903417885520525e-16, 1.124100812432971e-15, 5.5739803754562e-07]","[4.46505713912887e-09, 2.43461716065152e-10, 8.750952961821077e-06, 1.7564456946512173e-06, 8.885692754255145e-06, 2.0903417885520525e-16, 1.124100812432971e-15, 5.5739803754562e-07]",8.885692754255145e-06,9.002467657726054e-07,"[4.465048373245885e-09, 2.434683375046598e-10, 8.75094937956072e-06, 1.7564456808248207e-06, 8.885692674076443e-06, 4.2500725161431774e-16, 4.584006785268713e-16, 5.573980394681273e-07]",8.081489693056998e-06,9.117706589734098e-15,0.0,0.9999557794490564,True,550,2.04,1e-05,banded ADMM with dual certificate,0.04346988199995394,34,51,8,0.5*sum_train((z-y)^2)+lambda*sum(abs(Bz))
PDE,fisher_kpp,tv_diff,TV,4,0.01,4,0,1.0,0.0002655162826023483,"[0.004271428883347275, 0.015726037197063565, 0.012920269311311388, 0.011162011894553556, 0.010606166571508159, 0.02232994718374431, 0.022397545229202002, 0.0050188452180012205]","[0.004266364125483278, 0.01572603719698918, 0.012920265645126737, 0.011162011889148178, 0.010606166566782364, 0.022329947110928415, 0.022397545229197714, 0.005011872195759874]","[5.064757863997189e-06, 7.438494264988549e-14, 3.6661846510022134e-09, 5.405377534462019e-12, 4.725794408577677e-12, 7.281589567420532e-11, 4.288236432614667e-15, 6.973022241346313e-06]","[5.064757863997189e-06, 7.438494264988549e-14, 3.6661846510022134e-09, 5.405377534462019e-12, 4.725794408577677e-12, 7.281589567420532e-11, 4.288236432614667e-15, 6.973022241346313e-06]",6.973022241346313e-06,4.5875664329841914e-07,"[5.064757333058019e-06, 7.437453430902963e-14, 3.666188247083979e-09, 5.405613456854752e-12, 4.7271769831880306e-12, 7.281641956069507e-11, 5.245803791353865e-15, 6.973022234754134e-06]",5.519801722364548e-07,6.689093723366568e-15,0.0,0.999988718206909,True,575,163.2,1e-05,banded ADMM with dual certificate,0.03984550599989234,34,51,8,0.5*sum_train((z-y)^2)+lambda*sum(abs(Bz))
PDE,fisher_kpp,tv_diff,TV,4,0.01,4,0,10.0,0.0019112679770476454,"[0.0042673793681879835, 0.03933943339131125, 0.028791077931160196, 0.023943974962850896, 0.02298919099412601, 0.08015717759264823, 0.08137436409471285, 0.005011887684329152]","[0.004267379368146619, 0.03933943339125903, 0.02879107793112526, 0.023943974962804718, 0.022989190994096013, 0.08015717759263334, 0.08137436409468922, 0.0050118876843088245]","[4.1364481284666965e-14, 5.2215176626901894e-14, 3.4937330806172895e-14, 4.6178338930502605e-14, 2.999683834659095e-14, 1.4890866317784912e-14, 2.363387263670802e-14, 2.0327489691496226e-14]","[4.1364481284666965e-14, 5.2215176626901894e-14, 3.4937330806172895e-14, 4.6178338930502605e-14, 2.999683834659095e-14, 1.4890866317784912e-14, 2.363387263670802e-14, 2.0327489691496226e-14]",5.2215176626901894e-14,8.93729534823251e-15,"[3.247441948695225e-14, 4.778443368274454e-14, 3.4410011061651543e-14, 4.501962724164589e-14, 3.632087543523354e-14, 1.7904787948570015e-14, 1.8596141426653904e-14, 2.420630506146775e-14]",4.440892098500626e-16,8.895661984809067e-15,0.0,1.0,True,0,0.0,1e-05,affine exact solution,0.0003378490000613965,34,51,8,0.5*sum_train((z-y)^2)+lambda*sum(abs(Bz))
PDE,fisher_kpp,tv_diff,TV,4,0.01,4,0,100.0,0.0019112679770476454,"[0.004267379368481654, 0.03933943339174055, 0.02879107793147371, 0.02394397496325668, 0.022989190994450643, 0.08015717759280666, 0.08137436409487622, 0.005011887684546662]","[0.004267379368146619, 0.03933943339125903, 0.02879107793112526, 0.023943974962804718, 0.022989190994096013, 0.08015717759263334, 0.08137436409468922, 0.0050118876843088245]","[3.3503495117104265e-13, 4.815176035677382e-13, 3.484504351725093e-13, 4.5196138498404537e-13, 3.5462952019393867e-13, 1.7331969193179475e-13, 1.870031907102998e-13, 2.3783752745032416e-13]","[3.3503495117104265e-13, 4.815176035677382e-13, 3.484504351725093e-13, 4.5196138498404537e-13, 3.5462952019393867e-13, 1.7331969193179475e-13, 1.870031907102998e-13, 2.3783752745032416e-13]",4.815176035677382e-13,8.93729534823251e-15,"[3.26144807387241e-13, 4.770853813808145e-13, 3.479201793789779e-13, 4.508047563778206e-13, 3.609545282887563e-13, 1.763335140354314e-13, 1.8196453901220466e-13, 2.4171700410893416e-13]",4.440892098500626e-16,8.895661984809067e-15,0.0,1.0,True,0,0.0,1e-05,affine exact solution,0.00045390400009637233,34,51,8,0.5*sum_train((z-y)^2)+lambda*sum(abs(Bz))
PDE,fisher_kpp,tv_diff,TV,4,0.01,4,0,1000.0,0.0019112679770476454,"[0.004267379371418358, 0.03933943339603356, 0.02879107793460881, 0.02394397496731453, 0.02298919099769698, 0.08015717759439095, 0.0813743640965099, 0.005011887686721769]","[0.004267379368146619, 0.03933943339125903, 0.02879107793112526, 0.023943974962804718, 0.022989190994096013, 0.08015717759263334, 0.08137436409468922, 0.0050118876843088245]","[3.2717387826730615e-12, 4.7745279951882935e-12, 3.4835502538133056e-12, 4.509812662201185e-12, 3.6009667470082718e-12, 1.7576079480718931e-12, 1.82068249365841e-12, 2.4129448439325074e-12]","[3.2717387826730615e-12, 4.7745279951882935e-12, 3.4835502538133056e-12, 4.509812662201185e-12, 3.6009667470082718e-12, 1.7576079480718931e-12, 1.82068249365841e-12, 2.4129448439325074e-12]",4.7745279951882935e-12,8.93729534823251e-15,"[3.262848686390129e-12, 4.770094858361514e-12, 3.4830218625522417e-12, 4.508656047739568e-12, 3.607291056823984e-12, 1.760620774904045e-12, 1.8156485148677122e-12, 2.4168239945835984e-12]",4.440892098500626e-16,8.895661984809067e-15,0.0,1.0,True,0,0.0,1e-05,affine exact solution,0.0003298770002402307,34,51,8,0.5*sum_train((z-y)^2)+lambda*sum(abs(Bz))
PDE,fisher_kpp,tv_diff,TV,4,0.01,4,1,0.0,0.00016717056579127886,"[0.0, 0.0, 0.0, 0.0, 0.0, 0.0, 0.0, 0.0]","[0.0, 0.0, 0.0, 0.0, 0.0, 0.0, 0.0, 0.0]","[0.0, 0.0, 0.0, 0.0, 0.0, 0.0, 0.0, 0.0]","[0.0, 0.0, 0.0, 0.0, 0.0, 0.0, 0.0, 0.0]",0.0,0.0,"[0.0, 0.0, 0.0, 0.0, 0.0, 0.0, 0.0, 0.0]",0.0,0.0,0.0,1.0,True,0,0.0,1e-05,zero-penalty interpolation,0.00031959199986886233,35,51,8,0.5*sum_train((z-y)^2)+lambda*sum(abs(Bz))
PDE,fisher_kpp,tv_diff,TV,4,0.01,4,1,0.0001,0.00017401860524772733,"[5.766590119220238e-05, 5.67738891815536e-05, 3.9872731140433414e-05, 4.854945527300679e-05, 4.8721913152381363e-05, 5.0187189207616445e-05, 5.124932956716324e-05, 4.6630885395084105e-05]","[5.712146395123984e-05, 5.645036456106618e-05, 3.947309212310974e-05, 4.836567968839121e-05, 4.847028655368585e-05, 4.9904166211193967e-05, 5.1018283435521125e-05, 4.618919923327285e-05]","[5.44437240962546e-07, 3.235246204874229e-07, 3.996390173236758e-07, 1.8377558461558224e-07, 2.5162659869551186e-07, 2.830229964224785e-07, 2.3104613164211761e-07, 4.4168616181125304e-07]","[5.44437240962546e-07, 3.235246204874229e-07, 3.996390173236758e-07, 1.8377558461558224e-07, 2.5162659869551186e-07, 2.830229964224785e-07, 2.3104613164211761e-07, 4.4168616181125304e-07]",5.44437240962546e-07,2.735142238607035e-06,"[5.443829932274578e-07, 3.2350189954280387e-07, 3.9957350176857045e-07, 1.8377017754253854e-07, 2.516088033410342e-07, 2.8300713337522715e-07, 2.3103497381012826e-07, 4.4162053698100994e-07]",0.00010035544468970959,2.710505431213761e-20,0.0,0.9908945616823056,True,25,0.01,1e-05,banded ADMM with dual certificate,0.001591299999745388,35,51,8,0.5*sum_train((z-y)^2)+lambda*sum(abs(Bz))
PDE,fisher_kpp,tv_diff,TV,4,0.01,4,1,0.001,0.00016655610116747625,"[0.0004984355647323414, 0.0004716198227617097, 0.0003358815763471645, 0.00039864154519999516, 0.0004100833826842323, 0.0004246751406448524, 0.00044572754052628333, 0.0003741491134110974]","[0.0004922920039241248, 0.0004654900454702896, 0.0003288363169138367, 0.0003947730869445612, 0.00040182189627498057, 0.0004190130882006837, 0.0004387155394665876, 0.0003664274040651611]","[6.143560808216609e-06, 6.129777291420148e-06, 7.045259433327805e-06, 3.8684582554339496e-06, 8.26148640925171e-06, 5.662052444168665e-06, 7.0120010596957136e-06, 7.721709345936295e-06]","[6.143560808216609e-06, 6.129777291420148e-06, 7.045259433327805e-06, 3.8684582554339496e-06, 8.26148640925171e-06, 5.662052444168665e-06, 7.0120010596957136e-06, 7.721709345936295e-06]",8.26148640925171e-06,3.4752071738916764e-05,"[6.142919505890804e-06, 6.128715147020534e-06, 7.044675675625363e-06, 3.868152947238449e-06, 8.26110363403898e-06, 5.66044084378091e-06, 7.008652400247023e-06, 7.709194688472704e-06]",0.000857977751514871,2.168404344971009e-19,0.0,0.9884359563918189,True,25,0.01,1e-05,banded ADMM with dual certificate,0.0015564079999421665,35,51,8,0.5*sum_train((z-y)^2)+lambda*sum(abs(Bz))
PDE,fisher_kpp,tv_diff,TV,4,0.01,4,1,0.01,0.00015334210260239812,"[0.001674838473074828, 0.0014087173063406294, 0.0012420630324792472, 0.0010878019330102437, 0.001244283860436928, 0.0013485141322820283, 0.0015219346277425693, 0.0009830132701680538]","[0.001674431298387674, 0.001404841039690085, 0.0012400820382389114, 0.0010828460635908612, 0.0012418151557918892, 0.00134722638137829, 0.001517811665039785, 0.0009732568460088919]","[4.071746871538596e-07, 3.876266650544406e-06, 1.9809942403358448e-06, 4.955869419382471e-06, 2.4687046450387606e-06, 1.2877509037382672e-06, 4.122962702784311e-06, 9.756424159161874e-06]","[4.071746871538596e-07, 3.876266650544406e-06, 1.9809942403358448e-06, 4.955869419382471e-06, 2.4687046450387606e-06, 1.2877509037382672e-06, 4.122962702784311e-06, 9.756424159161874e-06]",9.756424159161874e-06,7.1769869868544556e-06,"[4.071693931307187e-07, 3.8762271686162086e-06, 1.9809662107928027e-06, 4.955857295350604e-06, 2.468577752417594e-06, 1.2877499846497315e-06, 4.122826415876065e-06, 9.756360134931838e-06]",0.00012805600171500453,2.6020852139652106e-18,0.0,0.999643471598535,True,100,0.40800000000000003,1e-05,banded ADMM with dual certificate,0.004952709999997751,35,51,8,0.5*sum_train((z-y)^2)+lambda*sum(abs(Bz))
PDE,fisher_kpp,tv_diff,TV,4,0.01,4,1,0.1,0.00014959899822033113,"[0.0026693253982212487, 0.0033369393641613154, 0.0030320111888539627, 0.0024606496683300776, 0.002800185924347746, 0.00388305663999696, 0.003857925217184914, 0.00246255257402463]","[0.0026634355925777755, 0.0033369389207057627, 0.0030224797260384826, 0.002451647955606897, 0.0027923031987320754, 0.0038830566399964874, 0.0038579252171811115, 0.002462551674334611]","[5.889805643473182e-06, 4.43455552660843e-10, 9.531462815480073e-06, 9.001712723180622e-06, 7.882725615670702e-06, 4.727121472036799e-16, 3.802513859341161e-15, 8.996900190995361e-10]","[5.889805643473182e-06, 4.43455552660843e-10, 9.531462815480073e-06, 9.001712723180622e-06, 7.882725615670702e-06, 4.727121472036799e-16, 3.802513859341161e-15, 8.996900190995361e-10]",9.531462815480073e-06,3.386015564738054e-07,"[5.889805527064238e-06, 4.434555587323752e-10, 9.531462660289543e-06, 9.001712400096831e-06, 7.882725498710224e-06, 4.584006785268713e-16, 3.789069752402341e-15, 8.996899915608009e-10]",1.0631013930062494e-05,2.7755575615628914e-17,0.0,0.9999834470290745,True,325,2.04,1e-05,banded ADMM with dual certificate,0.015028816999802075,35,51,8,0.5*sum_train((z-y)^2)+lambda*sum(abs(Bz))
PDE,fisher_kpp,tv_diff,TV,4,0.01,4,1,1.0,0.000219546030957362,"[0.004260966915127111, 0.01523685881521243, 0.013211885796272806, 0.011594444730506094, 0.011910344338225114, 0.023071015544643362, 0.021124613139876954, 0.0062942378415894555]","[0.0042563535162989455, 0.01523685881520185, 0.013211885776280644, 0.011594444669384332, 0.011910344032972583, 0.023071015544603814, 0.021124613139871747, 0.006287284036435095]","[4.613398828165471e-06, 1.0580078479982546e-14, 1.999216243941948e-11, 6.112176216543919e-11, 3.0525253158497634e-10, 3.954822580531925e-14, 5.207639874882375e-15, 6.953805154360365e-06]","[4.613398828165471e-06, 1.0580078479982546e-14, 1.999216243941948e-11, 6.112176216543919e-11, 3.0525253158497634e-10, 3.954822580531925e-14, 5.207639874882375e-15, 6.953805154360365e-06]",6.953805154360365e-06,2.500073368466582e-08,"[4.6133988262654884e-06, 1.0439565878428425e-14, 1.9992217950570712e-11, 6.112186277940079e-11, 3.0525242229739735e-10, 3.9652309213877857e-14, 5.325601071248798e-15, 6.953805152379379e-06]",3.7089835230874613e-07,2.220446049250313e-16,0.0,0.9999992630024181,True,650,20.4,1e-05,banded ADMM with dual certificate,0.028644682000049215,35,51,8,0.5*sum_train((z-y)^2)+lambda*sum(abs(Bz))
PDE,fisher_kpp,tv_diff,TV,4,0.01,4,1,10.0,0.0016936194810853922,"[0.00426549504832688, 0.03787608231245819, 0.03286163503867222, 0.027105757265052932, 0.02495066857251775, 0.09029244806951289, 0.07984503429952175, 0.006288747184179378]","[0.004265495048301093, 0.03787608231243092, 0.032861635038638856, 0.027105757265020444, 0.02495066857249508, 0.09029244806949593, 0.07984503429950267, 0.006288747184139382]","[2.5786664470395237e-14, 2.7269853042355408e-14, 3.3362201889985954e-14, 3.2487901258093643e-14, 2.2669366384064915e-14, 1.6958656701149266e-14, 1.9081958235744878e-14, 3.999665182385925e-14]","[2.5786664470395237e-14, 2.7269853042355408e-14, 3.3362201889985954e-14, 3.2487901258093643e-14, 2.2669366384064915e-14, 1.6958656701149266e-14, 1.9081958235744878e-14, 3.999665182385925e-14]",3.999665182385925e-14,1.8846035843012032e-14,"[2.5716729808592682e-14, 2.6261201395428404e-14, 3.427759095248985e-14, 3.260487677223665e-14, 2.2760345661714583e-14, 1.647235023586004e-14, 1.8074927314568016e-14, 3.9984768184014e-14]",5.551115123125783e-16,1.7763568394002505e-15,0.0,1.0,True,0,0.0,1e-05,affine exact solution,0.0003489159998935065,35,51,8,0.5*sum_train((z-y)^2)+lambda*sum(abs(Bz))
PDE,fisher_kpp,tv_diff,TV,4,0.01,4,1,100.0,0.0016936194810853922,"[0.004265495048557789, 0.03787608231269706, 0.03286163503898025, 0.027105757265348633, 0.024950668572719308, 0.09029244806966708, 0.0798450342996963, 0.006288747184538466]","[0.004265495048301093, 0.03787608231243092, 0.032861635038638856, 0.027105757265020444, 0.02495066857249508, 0.09029244806949593, 0.07984503429950267, 0.006288747184139382]","[2.5669570635766803e-13, 2.6614127568436174e-13, 3.4139358007223564e-13, 3.281888649731002e-13, 2.2422688705781013e-13, 1.7114087924596788e-13, 1.9363677328243512e-13, 3.990844113510583e-13]","[2.5669570635766803e-13, 2.6614127568436174e-13, 3.4139358007223564e-13, 3.281888649731002e-13, 2.2422688705781013e-13, 1.7114087924596788e-13, 1.9363677328243512e-13, 3.990844113510583e-13]",3.990844113510583e-13,1.8846035843012032e-14,"[2.566257716958655e-13, 2.6513262403743475e-13, 3.423124385816915e-13, 3.283058404872432e-13, 2.243178663354598e-13, 1.7064589916329877e-13, 1.9262280346735434e-13, 3.990725277112131e-13]",5.551115123125783e-16,1.7763568394002505e-15,0.0,1.0,True,0,0.0,1e-05,affine exact solution,0.0003116900002169132,35,51,8,0.5*sum_train((z-y)^2)+lambda*sum(abs(Bz))
PDE,fisher_kpp,tv_diff,TV,4,0.01,4,1,1000.0,0.0016936194810853922,"[0.0042654950508668795, 0.037876082315085775, 0.0328616350420606, 0.027105757268305643, 0.024950668574734883, 0.09029244807120881, 0.07984503430144178, 0.006288747188129344]","[0.004265495048301093, 0.03787608231243092, 0.032861635038638856, 0.027105757265020444, 0.02495066857249508, 0.09029244806949593, 0.07984503429950267, 0.006288747184139382]","[2.565786125230396e-12, 2.654855502104425e-12, 3.421742056364252e-12, 3.2851985021231656e-12, 2.2398020937952623e-12, 1.7128798379673071e-12, 1.9391155348102984e-12, 3.989962006623049e-12]","[2.565786125230396e-12, 2.654855502104425e-12, 3.421742056364252e-12, 3.2851985021231656e-12, 2.2398020937952623e-12, 1.7128798379673071e-12, 1.9391155348102984e-12, 3.989962006623049e-12]",3.989962006623049e-12,1.8846035843012032e-14,"[2.5657161905685932e-12, 2.653846850457498e-12, 3.422660914873708e-12, 3.2853154776373085e-12, 2.239893073072912e-12, 1.712381388437686e-12, 1.9381015649952175e-12, 3.989950122983204e-12]",5.551115123125783e-16,1.7763568394002505e-15,0.0,1.0,True,0,0.0,1e-05,affine exact solution,0.00024204600003940868,35,51,8,0.5*sum_train((z-y)^2)+lambda*sum(abs(Bz))
PDE,fisher_kpp,tv_diff,TV,4,0.01,4,2,0.0,0.00011553191259215495,"[0.0, 0.0, 0.0, 0.0, 0.0, 0.0, 0.0, 0.0]","[0.0, 0.0, 0.0, 0.0, 0.0, 0.0, 0.0, 0.0]","[0.0, 0.0, 0.0, 0.0, 0.0, 0.0, 0.0, 0.0]","[0.0, 0.0, 0.0, 0.0, 0.0, 0.0, 0.0, 0.0]",0.0,0.0,"[0.0, 0.0, 0.0, 0.0, 0.0, 0.0, 0.0, 0.0]",0.0,0.0,0.0,1.0,True,0,0.0,1e-05,zero-penalty interpolation,0.000436058000104822,35,51,8,0.5*sum_train((z-y)^2)+lambda*sum(abs(Bz))
PDE,fisher_kpp,tv_diff,TV,4,0.01,4,2,0.0001,0.00013125806200425227,"[6.111071119000885e-05, 6.384213786692623e-05, 6.55039198988778e-05, 4.332763483423202e-05, 5.772184805226184e-05, 5.979276413644053e-05, 5.238764234041604e-05, 6.402548279555071e-05]","[6.072752932128528e-05, 6.334626447581477e-05, 6.47471395580556e-05, 4.3094759803072826e-05, 5.735954262569934e-05, 5.9552939705213005e-05, 5.2021942122227206e-05, 6.368217757034344e-05]","[3.8318186872357183e-07, 4.958733911114555e-07, 7.567803408221966e-07, 2.3287503115919188e-07, 3.623054265625009e-07, 2.398244312275258e-07, 3.657002181888319e-07, 3.4330522520727104e-07]","[3.8318186872357183e-07, 4.958733911114555e-07, 7.567803408221966e-07, 2.3287503115919188e-07, 3.623054265625009e-07, 2.398244312275258e-07, 3.657002181888319e-07, 3.4330522520727104e-07]",7.567803408221966e-07,2.7690427676760245e-06,"[3.831574563611611e-07, 4.958397173455314e-07, 7.567004461328758e-07, 2.3285958085992844e-07, 3.622904846784739e-07, 2.3981519780542053e-07, 3.6567474948090585e-07, 3.432914693072875e-07]",0.00010049030365836827,2.710505431213761e-20,0.0,0.9907804063358608,True,25,0.01,1e-05,banded ADMM with dual certificate,0.001425429999926564,35,51,8,0.5*sum_train((z-y)^2)+lambda*sum(abs(Bz))
PDE,fisher_kpp,tv_diff,TV,4,0.01,4,2,0.001,0.00011345149317618473,"[0.000524844639329632, 0.0005728241119524135, 0.0005741776258460969, 0.0003668685383398135, 0.000490896504238957, 0.0005286621727725739, 0.00044343318708977425, 0.000559151048453217]","[0.0005178158519706655, 0.0005631925061245376, 0.0005678255132822556, 0.0003579487542703752, 0.0004840498295551395, 0.0005233128295644942, 0.00043611012389679557, 0.00055442054611711]","[7.028787358966506e-06, 9.631605827875893e-06, 6.352112563841328e-06, 8.91978406943831e-06, 6.846674683817517e-06, 5.349343208079665e-06, 7.323063192978679e-06, 4.730502336107055e-06]","[7.028787358966506e-06, 9.631605827875893e-06, 6.352112563841328e-06, 8.91978406943831e-06, 6.846674683817517e-06, 5.349343208079665e-06, 7.323063192978679e-06, 4.730502336107055e-06]",9.631605827875893e-06,1.916822139340791e-05,"[7.027930802116047e-06, 9.62876457270888e-06, 6.351262299173193e-06, 8.91791517658669e-06, 6.845768185254075e-06, 5.347984764176022e-06, 7.3223546452990036e-06, 4.729835760150622e-06]",0.0009000013847327293,4.336808689942018e-19,0.0,0.9936219802895213,True,25,0.01,1e-05,banded ADMM with dual certificate,0.001341954000054102,35,51,8,0.5*sum_train((z-y)^2)+lambda*sum(abs(Bz))
PDE,fisher_kpp,tv_diff,TV,4,0.01,4,2,0.01,0.00010098860795054727,"[0.0014672011967317609, 0.00231200285991831, 0.001957236201898983, 0.0010871052923333367, 0.0015019705930584004, 0.0016665165300772686, 0.0014392052733826826, 0.0018014627659201255]","[0.00146005489555986, 0.002310921343021294, 0.0019572088990188054, 0.0010818567680632488, 0.0014969963705842053, 0.0016660266190903208, 0.001430992299674088, 0.0017956229219283654]","[7.1463011719009786e-06, 1.08151689701564e-06, 2.730288017763552e-08, 5.248524270087861e-06, 4.974222474195137e-06, 4.899109869477714e-07, 8.21297370859472e-06, 5.839843991760048e-06]","[7.1463011719009786e-06, 1.08151689701564e-06, 2.730288017763552e-08, 5.248524270087861e-06, 4.974222474195137e-06, 4.899109869477714e-07, 8.21297370859472e-06, 5.839843991760048e-06]",8.21297370859472e-06,0.00011825472062964096,"[7.146169149443125e-06, 1.0814725067218988e-06, 2.730282414400726e-08, 5.248523276753296e-06, 4.9741164248022366e-06, 4.89909854171119e-07, 8.184968200834232e-06, 5.839757030799047e-06]",0.000165668116995088,3.469446951953614e-18,0.0,0.9945207979874164,True,100,0.40800000000000003,1e-05,banded ADMM with dual certificate,0.004982063999705133,35,51,8,0.5*sum_train((z-y)^2)+lambda*sum(abs(Bz))
PDE,fisher_kpp,tv_diff,TV,4,0.01,4,2,0.1,9.796745622898922e-05,"[0.0024982421763230286, 0.004462495327566389, 0.003737630363599396, 0.002459737475300275, 0.003003605815235544, 0.004169790766267035, 0.00401169779847071, 0.0030403134328351508]","[0.002488534497899833, 0.004462352309547484, 0.003737600767570173, 0.002453729603396103, 0.002993646939074234, 0.004169790766266619, 0.004011697798466255, 0.00303859627708445]","[9.707678423195518e-06, 1.430180189051361e-07, 2.9596029222853093e-08, 6.0078719041718395e-06, 9.958876161309752e-06, 4.154662724964453e-16, 4.455637248046429e-15, 1.7171557507005691e-06]","[9.707678423195518e-06, 1.430180189051361e-07, 2.9596029222853093e-08, 6.0078719041718395e-06, 9.958876161309752e-06, 4.154662724964453e-16, 4.455637248046429e-15, 1.7171557507005691e-06]",9.958876161309752e-06,2.062161180982347e-07,"[9.707678268442571e-06, 1.4301801843632708e-07, 2.9596029212661593e-08, 6.0078718141568215e-06, 9.958876130302654e-06, 4.111294638065033e-16, 4.423978544609852e-15, 1.7171557418831866e-06]",9.617084956059507e-06,2.7755575615628914e-17,0.0,0.9999903391743605,True,375,2.04,1e-05,banded ADMM with dual certificate,0.01644419200010816,35,51,8,0.5*sum_train((z-y)^2)+lambda*sum(abs(Bz))
PDE,fisher_kpp,tv_diff,TV,4,0.01,4,2,1.0,0.00019284778870959764,"[0.004634968491904378, 0.01609141829356589, 0.01403215685856346, 0.011829843841525231, 0.01155732009773781, 0.02284891792350318, 0.02211227736313177, 0.005631419767430985]","[0.004630251750732423, 0.016091418293527844, 0.014032156844073218, 0.011829843841439806, 0.011557318485058494, 0.02284891792349704, 0.022112277363119003, 0.005626783673994683]","[4.716741171955502e-06, 3.8045955275123333e-14, 1.4490242339348924e-11, 8.542472285100189e-14, 1.6126793164761288e-09, 6.140921104957897e-15, 1.27675647831893e-14, 4.636093436301801e-06]","[4.716741171955502e-06, 3.8045955275123333e-14, 1.4490242339348924e-11, 8.542472285100189e-14, 1.6126793164761288e-09, 6.140921104957897e-15, 1.27675647831893e-14, 4.636093436301801e-06]",4.716741171955502e-06,6.6384743119263234e-09,"[4.716741172246478e-06, 3.8066771956835055e-14, 1.4490372443609623e-11, 8.54091103397181e-14, 1.6126794170900904e-09, 6.179085021429387e-15, 1.2666950821582645e-14, 4.636093436323946e-06]",3.4562976336527385e-07,2.7755575615628914e-16,0.0,0.9999998609275584,True,600,326.4,1e-05,banded ADMM with dual certificate,0.040936972000054084,35,51,8,0.5*sum_train((z-y)^2)+lambda*sum(abs(Bz))
PDE,fisher_kpp,tv_diff,TV,4,0.01,4,2,10.0,0.001689551985534856,"[0.004630263966644392, 0.038088844341333736, 0.03315123196411577, 0.02561007351356582, 0.02341772223468596, 0.09149464629546906, 0.08325986796558506, 0.005626792981779396]","[0.004630263966607352, 0.03808884434130225, 0.03315123196408172, 0.025610073513534518, 0.023417722234651654, 0.09149464629544767, 0.08325986796556524, 0.005626792981755231]","[3.7039815659056785e-14, 3.1488700535931e-14, 3.404915238647277e-14, 3.130135040052551e-14, 3.430589146091734e-14, 2.1399548799649892e-14, 1.9817480989559044e-14, 2.4164698020356923e-14]","[3.7039815659056785e-14, 3.1488700535931e-14, 3.404915238647277e-14, 3.130135040052551e-14, 3.430589146091734e-14, 2.1399548799649892e-14, 1.9817480989559044e-14, 2.4164698020356923e-14]",3.7039815659056785e-14,1.4460654895742664e-14,"[3.711396457358238e-14, 3.173212689948563e-14, 3.388883985911202e-14, 3.0875770726864555e-14, 3.439948564649962e-14, 2.0295392493906983e-14, 2.01171984866893e-14, 2.4201488557599932e-14]",4.440892098500626e-16,1.7763568394002505e-15,0.0,1.0,True,0,0.0,1e-05,affine exact solution,0.0005513119999704941,35,51,8,0.5*sum_train((z-y)^2)+lambda*sum(abs(Bz))
PDE,fisher_kpp,tv_diff,TV,4,0.01,4,2,100.0,0.001689551985534856,"[0.004630263966978812, 0.03808884434162288, 0.03315123196442771, 0.02561007351384372, 0.023417722234996493, 0.09149464629565524, 0.08325986796576405, 0.0056267929819973465]","[0.004630263966607352, 0.03808884434130225, 0.03315123196408172, 0.025610073513534518, 0.023417722234651654, 0.09149464629544767, 0.08325986796556524, 0.005626792981755231]","[3.7145980735786566e-13, 3.206324095117452e-13, 3.459871278366222e-13, 3.0920405125201e-13, 3.448387408955256e-13, 2.0757007224148083e-13, 1.988131881347499e-13, 2.4211535554208297e-13]","[3.7145980735786566e-13, 3.206324095117452e-13, 3.459871278366222e-13, 3.0920405125201e-13, 3.448387408955256e-13, 2.0757007224148083e-13, 1.988131881347499e-13, 2.4211535554208297e-13]",3.7145980735786566e-13,1.4460654895742664e-14,"[3.715339562723912e-13, 3.2087583587529986e-13, 3.4582681530926145e-13, 3.0877847157834907e-13, 3.4493233508110787e-13, 2.0647458955311782e-13, 1.9911464035535613e-13, 2.4215214607932597e-13]",4.440892098500626e-16,1.7763568394002505e-15,0.0,1.0,True,0,0.0,1e-05,affine exact solution,0.00041244200019718846,35,51,8,0.5*sum_train((z-y)^2)+lambda*sum(abs(Bz))
PDE,fisher_kpp,tv_diff,TV,4,0.01,4,2,1000.0,0.001689551985534856,"[0.004630263970323012, 0.03808884434451432, 0.03315123196754709, 0.02561007351662275, 0.02341772223810182, 0.09149464629751702, 0.08325986796755402, 0.005626792984176853]","[0.004630263966607352, 0.03808884434130225, 0.03315123196408172, 0.025610073513534518, 0.023417722234651654, 0.09149464629544767, 0.08325986796556524, 0.005626792981755231]","[3.715659724345954e-12, 3.2120694992698873e-12, 3.4653668823381167e-12, 3.088231059766855e-12, 3.450167235241608e-12, 2.069358573386637e-12, 1.9887841373744664e-12, 2.4216219307593434e-12]","[3.715659724345954e-12, 3.2120694992698873e-12, 3.4653668823381167e-12, 3.088231059766855e-12, 3.450167235241608e-12, 2.069358573386637e-12, 1.9887841373744664e-12, 2.4216219307593434e-12]",3.715659724345954e-12,1.4460654895742664e-14,"[3.71573387326048e-12, 3.212312925633442e-12, 3.465206569810756e-12, 3.087805480093194e-12, 3.45026082942719e-12, 2.068266560145226e-12, 1.9890890590420246e-12, 2.4216587212965865e-12]",4.440892098500626e-16,1.7763568394002505e-15,0.0,1.0,True,0,0.0,1e-05,affine exact solution,0.00042454099957467406,35,51,8,0.5*sum_train((z-y)^2)+lambda*sum(abs(Bz))
PDE,fisher_kpp,pod_tv_diff,POD+TV,4,0.01,4,0,0.0,0.00011612019960727669,"[0.0, 0.0]","[0.0, 0.0]","[0.0, 0.0]","[0.0, 0.0]",0.0,0.0,"[0.0, 0.0]",0.0,0.0,0.0,1.0,True,0,0.0,1e-05,zero-penalty interpolation,0.0003897780002262152,34,51,2,0.5*sum_train((z-y)^2)+lambda*sum(abs(Bz))
PDE,fisher_kpp,pod_tv_diff,POD+TV,4,0.01,4,0,0.0001,0.00011609428680648284,"[1.4820965852614427e-05, 2.1246166201274493e-05]","[1.4613791923834845e-05, 2.1044230323291164e-05]","[2.0717392877958178e-07, 2.0193587798332917e-07]","[2.0717392877958178e-07, 2.0193587798332917e-07]",2.0717392877958178e-07,2.491501649984438e-06,"[2.0712016605103435e-07, 2.0189934545582759e-07]",0.00010034828160309202,1.0239904966167536e-14,0.0,0.9917148490785614,True,25,0.01,1e-05,banded ADMM with dual certificate,0.0010644859999047185,34,51,2,0.5*sum_train((z-y)^2)+lambda*sum(abs(Bz))
PDE,fisher_kpp,pod_tv_diff,POD+TV,4,0.01,4,0,0.001,0.00011578756268171721,"[9.617601706267306e-05, 0.0001377754440367294]","[9.42308590800862e-05, 0.00013615035090778195]","[1.9451579825868607e-06, 1.6250931289474508e-06]","[1.9451579825868607e-06, 1.6250931289474508e-06]",1.9451579825868607e-06,4.0417024280564595e-06,"[1.945150580569324e-06, 1.6249820203346213e-06]",0.000275843135281173,1.1704504553067263e-14,0.0,0.9986527464609707,True,50,0.02,1e-05,banded ADMM with dual certificate,0.002146907999758696,34,51,2,0.5*sum_train((z-y)^2)+lambda*sum(abs(Bz))
PDE,fisher_kpp,pod_tv_diff,POD+TV,4,0.01,4,0,0.01,0.00011610704232131394,"[0.0003525716395816984, 0.0006129640548015845]","[0.00034611468653677254, 0.0006128026419928202]","[6.456953044925863e-06, 1.614128087643182e-07]","[6.456953044925863e-06, 1.614128087643182e-07]",6.456953044925863e-06,8.882276349592502e-06,"[6.456735982335088e-06, 1.6141273543300323e-07]",0.000165825083510443,1.394717674685353e-15,0.0,0.9987108511010067,True,100,0.40800000000000003,1e-05,banded ADMM with dual certificate,0.003933152000172413,34,51,2,0.5*sum_train((z-y)^2)+lambda*sum(abs(Bz))
PDE,fisher_kpp,pod_tv_diff,POD+TV,4,0.01,4,0,0.1,0.00011846831763337372,"[0.0018837432693950581, 0.00495579036143804]","[0.0018742414865779156, 0.004955788965826723]","[9.501782817142573e-06, 1.3956113166166406e-09]","[9.501782817142573e-06, 1.3956113166166406e-09]",9.501782817142573e-06,4.6105173744787065e-08,"[9.501782784186947e-06, 1.395611328759705e-09]",7.53341743255781e-06,1.2437967322753707e-14,0.0,0.9999966452578394,True,350,1.02,1e-05,banded ADMM with dual certificate,0.013712682000004861,34,51,2,0.5*sum_train((z-y)^2)+lambda*sum(abs(Bz))
PDE,fisher_kpp,pod_tv_diff,POD+TV,4,0.01,4,0,1.0,0.00020170356620721443,"[0.007222751783697188, 0.040029223820527475]","[0.007212766985407043, 0.0400292238205255]","[9.984798290145133e-06, 1.97758476261356e-15]","[9.984798290145133e-06, 1.97758476261356e-15]",9.984798290145133e-06,3.626637057330129e-08,"[9.984798324093021e-06, 1.9290125052862095e-15]",4.035365209764663e-07,1.6736612096224235e-14,0.0,0.9999991724989621,True,475,20.4,1e-05,banded ADMM with dual certificate,0.02540808100002323,34,51,2,0.5*sum_train((z-y)^2)+lambda*sum(abs(Bz))
PDE,fisher_kpp,pod_tv_diff,POD+TV,4,0.01,4,0,10.0,0.0011205342680903675,"[0.007245877958914195, 0.22598895898735877]","[0.007245559157387255, 0.2259889589872956]","[3.188015269403252e-07, 6.317169010117141e-14]","[3.188015269403252e-07, 6.317169010117141e-14]",3.188015269403252e-07,3.988476215965875e-14,"[3.1880150394251153e-07, 6.36435348866371e-14]",1.229958745962989e-09,1.021405182655144e-14,0.0,0.9999999999997883,True,275,816.0,1e-05,banded ADMM with dual certificate,0.014390563999768347,34,51,2,0.5*sum_train((z-y)^2)+lambda*sum(abs(Bz))
PDE,fisher_kpp,pod_tv_diff,POD+TV,4,0.01,4,0,100.0,0.0021298354772152314,"[0.007245559158095587, 0.25093185857808553]","[0.0072455591576248285, 0.25093185857808553]","[4.7075884856973e-13, 0.0]","[4.7075884856973e-13, 0.0]",4.7075884856973e-13,3.266831249959523e-14,"[5.461782949766826e-13, 8.092029822813155e-17]",4.440892098500626e-16,3.266831249959523e-14,0.0,1.0,True,0,0.0,1e-05,affine exact solution,0.0005552870002247801,34,51,2,0.5*sum_train((z-y)^2)+lambda*sum(abs(Bz))
PDE,fisher_kpp,pod_tv_diff,POD+TV,4,0.01,4,0,1000.0,0.0021298354772152314,"[0.007245559163008772, 0.2509318585780863]","[0.0072455591576248285, 0.25093185857808553]","[5.38394329119285e-12, 7.771561172376096e-16]","[5.38394329119285e-12, 7.771561172376096e-16]",5.38394329119285e-12,3.266831249959523e-14,"[5.4593626830966904e-12, 8.141609594366965e-16]",4.440892098500626e-16,3.266831249959523e-14,0.0,1.0,True,0,0.0,1e-05,affine exact solution,0.0003518500002428482,34,51,2,0.5*sum_train((z-y)^2)+lambda*sum(abs(Bz))
PDE,fisher_kpp,pod_tv_diff,POD+TV,4,0.01,4,1,0.0,0.0001126357399764245,"[0.0, 0.0]","[0.0, 0.0]","[0.0, 0.0]","[0.0, 0.0]",0.0,0.0,"[0.0, 0.0]",0.0,0.0,0.0,1.0,True,0,0.0,1e-05,zero-penalty interpolation,0.00042503099984969595,35,51,2,0.5*sum_train((z-y)^2)+lambda*sum(abs(Bz))
PDE,fisher_kpp,pod_tv_diff,POD+TV,4,0.01,4,1,0.0001,0.00011283496805106253,"[1.5852855500747253e-05, 1.7154158921802322e-05]","[1.5726115912136475e-05, 1.7009081164597906e-05]","[1.267395886107777e-07, 1.450777572044155e-07]","[1.267395886107777e-07, 1.450777572044155e-07]",1.450777572044155e-07,1.828899268639531e-06,"[1.267178527781886e-07, 1.4504546043076839e-07]",0.00010034992942100232,1.3552527156068805e-20,0.0,0.9939165266666586,True,25,0.01,1e-05,banded ADMM with dual certificate,0.0016313910000462784,35,51,2,0.5*sum_train((z-y)^2)+lambda*sum(abs(Bz))
PDE,fisher_kpp,pod_tv_diff,POD+TV,4,0.01,4,1,0.001,0.00011260083440053013,"[9.74469686321568e-05, 0.00011933425453872798]","[9.601882671882373e-05, 0.0001185880421200674]","[1.4281419133330684e-06, 7.462124186605786e-07]","[1.4281419133330684e-06, 7.462124186605786e-07]",1.4281419133330684e-06,1.418700215192678e-06,"[1.4281326159357776e-06, 7.462076355759108e-07]",0.00019862276621207542,2.168404344971009e-19,0.0,0.9995269436834969,True,50,0.02,1e-05,banded ADMM with dual certificate,0.0028976609996789193,35,51,2,0.5*sum_train((z-y)^2)+lambda*sum(abs(Bz))
PDE,fisher_kpp,pod_tv_diff,POD+TV,4,0.01,4,1,0.01,0.00011222017402850932,"[0.00036020962583224237, 0.0005956398637765365]","[0.000358247761884901, 0.0005956329714415891]","[1.9618639473413784e-06, 6.892334947455718e-09]","[1.9618639473413784e-06, 6.892334947455718e-09]",1.9618639473413784e-06,1.5675524539272845e-06,"[1.9618600350697216e-06, 6.8923341602165206e-09]",6.709386514183735e-05,3.469446951953614e-18,0.0,0.9998274164761712,True,125,0.40800000000000003,1e-05,banded ADMM with dual certificate,0.007047789999887755,35,51,2,0.5*sum_train((z-y)^2)+lambda*sum(abs(Bz))
PDE,fisher_kpp,pod_tv_diff,POD+TV,4,0.01,4,1,0.1,0.00011287563567249571,"[0.001961459245663829, 0.004817019306166526]","[0.00195580292691162, 0.00481679309132813]","[5.65631875220924e-06, 2.2621483839607714e-07]","[5.65631875220924e-06, 2.2621483839607714e-07]",5.65631875220924e-06,2.0858633155602935e-07,"[5.656318585008351e-06, 2.2621483635951178e-07]",1.3917211427072473e-05,1.3877787807814457e-17,0.0,0.9999807636660106,True,225,1.02,1e-05,banded ADMM with dual certificate,0.013166909000119631,35,51,2,0.5*sum_train((z-y)^2)+lambda*sum(abs(Bz))
PDE,fisher_kpp,pod_tv_diff,POD+TV,4,0.01,4,1,1.0,0.0001695420706864549,"[0.007549911519035274, 0.03985457307146316]","[0.007540421277134363, 0.03985457264204205]","[9.490241900911647e-06, 4.2942110978216874e-10]","[9.490241900911647e-06, 4.2942110978216874e-10]",9.490241900911647e-06,2.963693741808715e-08,"[9.490241898417007e-06, 4.294210612099114e-10]",3.612527330609794e-07,1.6653345369377348e-16,0.0,0.9999992933734444,True,600,20.4,1e-05,banded ADMM with dual certificate,0.030789086999902793,35,51,2,0.5*sum_train((z-y)^2)+lambda*sum(abs(Bz))
PDE,fisher_kpp,pod_tv_diff,POD+TV,4,0.01,4,1,10.0,0.0007965029350866792,"[0.007587918497780841, 0.23283493371014252]","[0.007584249567635953, 0.23283493341515285]","[3.6689301448874015e-06, 2.949896715787048e-10]","[3.6689301448874015e-06, 2.949896715787048e-10]",3.6689301448874015e-06,1.348931244482543e-10,"[3.6689301449257437e-06, 2.949898519899463e-10]",1.497001278494281e-08,1.7763568394002505e-15,0.0,0.9999999992494173,True,250,408.0,1e-05,banded ADMM with dual certificate,0.012748836999890045,35,51,2,0.5*sum_train((z-y)^2)+lambda*sum(abs(Bz))
PDE,fisher_kpp,pod_tv_diff,POD+TV,4,0.01,4,1,100.0,0.0017566584709270017,"[0.007584249587997676, 0.26654393735338033]","[0.007584249587551356, 0.2665439373533802]","[4.463200642401688e-13, 1.1102230246251565e-16]","[4.463200642401688e-13, 1.1102230246251565e-16]",4.463200642401688e-13,1.9317880628477724e-14,"[4.462156495571533e-13, 8.443555152792784e-17]",8.881784197001252e-16,3.552713678800501e-15,0.0,1.0,True,0,0.0,1e-05,affine exact solution,0.00043834100006279186,35,51,2,0.5*sum_train((z-y)^2)+lambda*sum(abs(Bz))
PDE,fisher_kpp,pod_tv_diff,POD+TV,4,0.01,4,1,1000.0,0.0017566584709270017,"[0.007584249592006969, 0.26654393735338106]","[0.007584249587551356, 0.2665439373533802]","[4.455612961917765e-12, 8.326672684688674e-16]","[4.455612961917765e-12, 8.326672684688674e-16]",4.455612961917765e-12,1.9317880628477724e-14,"[4.45550854723475e-12, 8.486710281881204e-16]",8.881784197001252e-16,3.552713678800501e-15,0.0,1.0,True,0,0.0,1e-05,affine exact solution,0.00034104399992429535,35,51,2,0.5*sum_train((z-y)^2)+lambda*sum(abs(Bz))
PDE,fisher_kpp,pod_tv_diff,POD+TV,4,0.01,4,2,0.0,0.00010977907935426209,"[0.0, 0.0]","[0.0, 0.0]","[0.0, 0.0]","[0.0, 0.0]",0.0,0.0,"[0.0, 0.0]",0.0,0.0,0.0,1.0,True,0,0.0,1e-05,zero-penalty interpolation,0.00043516700043255696,35,51,2,0.5*sum_train((z-y)^2)+lambda*sum(abs(Bz))
PDE,fisher_kpp,pod_tv_diff,POD+TV,4,0.01,4,2,0.0001,0.00010986901018080957,"[1.7471304756711823e-05, 2.086174616380465e-05]","[1.7292535052831085e-05, 2.0702206973567682e-05]","[1.7876970388073786e-07, 1.5953919023696677e-07]","[1.7876970388073786e-07, 1.5953919023696677e-07]",1.7876970388073786e-07,1.7504856436180005e-06,"[1.7873654224047125e-07, 1.5951725029931055e-07]",0.00010059417130564471,1.3552527156068805e-20,0.0,0.9941748850535896,True,25,0.01,1e-05,banded ADMM with dual certificate,0.0016308899998875859,35,51,2,0.5*sum_train((z-y)^2)+lambda*sum(abs(Bz))
PDE,fisher_kpp,pod_tv_diff,POD+TV,4,0.01,4,2,0.001,0.00010969277345988778,"[0.0001132264590490792, 0.00013892168442670858]","[0.00011042200251184415, 0.0001371133126061285]","[2.8044565372350544e-06, 1.808371820580083e-06]","[2.8044565372350544e-06, 1.808371820580083e-06]",2.8044565372350544e-06,1.6852791052852922e-06,"[2.8044407254675232e-06, 1.8083686144978057e-06]",0.0004389416189540529,2.168404344971009e-19,0.0,0.9993897789382502,True,50,0.02,1e-05,banded ADMM with dual certificate,0.002948747000118601,35,51,2,0.5*sum_train((z-y)^2)+lambda*sum(abs(Bz))
PDE,fisher_kpp,pod_tv_diff,POD+TV,4,0.01,4,2,0.01,0.00011024710898399554,"[0.0003508347828862665, 0.0006051056525057827]","[0.00034140897552634554, 0.0006036234016648229]","[9.425807359920968e-06, 1.4822508409597897e-06]","[9.425807359920968e-06, 1.4822508409597897e-06]",9.425807359920968e-06,1.72989111076223e-06,"[9.425796785137298e-06, 1.4822480447494778e-06]",0.00011799325545069905,3.469446951953614e-18,0.0,0.9997148632637345,True,100,0.40800000000000003,1e-05,banded ADMM with dual certificate,0.004302393999751075,35,51,2,0.5*sum_train((z-y)^2)+lambda*sum(abs(Bz))
PDE,fisher_kpp,pod_tv_diff,POD+TV,4,0.01,4,2,0.1,0.0001127701077235677,"[0.001877511608732475, 0.0048101792790129164]","[0.0018677213568094146, 0.0048093787133861735]","[9.790251923060293e-06, 8.005656267429453e-07]","[9.790251923060293e-06, 8.005656267429453e-07]",9.790251923060293e-06,5.922235222100697e-07,"[9.790250995052839e-06, 8.005656108962464e-07]",2.0886639402306617e-05,2.7755575615628914e-17,0.0,0.9999509507161092,True,225,1.02,1e-05,banded ADMM with dual certificate,0.00978449800004455,35,51,2,0.5*sum_train((z-y)^2)+lambda*sum(abs(Bz))
PDE,fisher_kpp,pod_tv_diff,POD+TV,4,0.01,4,2,1.0,0.00017377820478494318,"[0.007604702542436056, 0.03954301395725648]","[0.007595472861229718, 0.039543013462089875]","[9.229681206337353e-06, 4.95166602165753e-10]","[9.229681206337353e-06, 4.95166602165753e-10]",9.229681206337353e-06,2.733587833175788e-08,"[9.229681203029236e-06, 4.951665882879652e-10]",3.6270468328769567e-07,2.220446049250313e-16,0.0,0.9999992979147008,True,575,20.4,1e-05,banded ADMM with dual certificate,0.019950398999753816,35,51,2,0.5*sum_train((z-y)^2)+lambda*sum(abs(Bz))
PDE,fisher_kpp,pod_tv_diff,POD+TV,4,0.01,4,2,10.0,0.0008383464423597804,"[0.007710842398093771, 0.2308490510973274]","[0.0077101551331082985, 0.23084905108082998]","[6.872649854728838e-07, 1.6497414545568745e-11]","[6.872649854728838e-07, 1.6497414545568745e-11]",6.872649854728838e-07,1.6465995233971853e-14,"[6.872649842573924e-07, 1.6497622712385862e-11]",2.6394882945979248e-09,1.7763568394002505e-15,0.0,1.0,True,375,816.0,1e-05,banded ADMM with dual certificate,0.013763418000053207,35,51,2,0.5*sum_train((z-y)^2)+lambda*sum(abs(Bz))
PDE,fisher_kpp,pod_tv_diff,POD+TV,4,0.01,4,2,100.0,0.0018099366730776015,"[0.007710155134735859, 0.26399811549448]","[0.007710155133820659, 0.26399811549447993]","[9.15200207285416e-13, 5.551115123125783e-17]","[9.15200207285416e-13, 5.551115123125783e-17]",9.15200207285416e-13,5.329070518200751e-15,"[9.13888983977762e-13, 1.1368158826572592e-16]",8.881784197001252e-16,1.7763568394002505e-15,0.0,1.0,True,0,0.0,1e-05,affine exact solution,0.00030743300021640607,35,51,2,0.5*sum_train((z-y)^2)+lambda*sum(abs(Bz))
PDE,fisher_kpp,pod_tv_diff,POD+TV,4,0.01,4,2,1000.0,0.0018099366730776015,"[0.007710155142966775, 0.26399811549448104]","[0.007710155133820659, 0.26399811549447993]","[9.14611615610017e-12, 1.1102230246251565e-15]","[9.14611615610017e-12, 1.1102230246251565e-15]",9.14611615610017e-12,5.329070518200751e-15,"[9.144804932792517e-12, 1.1416831247009076e-15]",8.881784197001252e-16,1.7763568394002505e-15,0.0,1.0,True,0,0.0,1e-05,affine exact solution,0.00028483000005508075,35,51,2,0.5*sum_train((z-y)^2)+lambda*sum(abs(Bz))
