system,method,method_label,sparse_factor,obs_dt,noise,seed,upsample,support_f1,coef_error,practical_score,threshold,status
lorenz63,baseline,Baseline,8,0.04,0.0,0,1,1.0,0.09837469429172221,0.9104361245729916,0.3,ok
lorenz63,edmd_poly3,EDMD-polynomial,8,0.04,0.0,0,5,1.0,0.004140812606004245,0.9958762630160826,0.03,ok
lorenz63,edmd_rbf,EDMD-RBF,8,0.04,0.0,0,5,1.0,0.003805182548041824,0.9962092419782265,0.01,ok
lorenz63,baseline,Baseline,8,0.04,0.0,1,1,1.0,0.09837469429172221,0.9104361245729916,0.3,ok
lorenz63,edmd_poly3,EDMD-polynomial,8,0.04,0.0,1,5,1.0,0.004140812606004245,0.9958762630160826,0.03,ok
lorenz63,edmd_rbf,EDMD-RBF,8,0.04,0.0,1,5,1.0,0.003907072342754174,0.9961081334613607,0.03,ok
lorenz63,baseline,Baseline,8,0.04,0.0,2,1,1.0,0.09837469429172221,0.9104361245729916,0.3,ok
lorenz63,edmd_poly3,EDMD-polynomial,8,0.04,0.0,2,5,1.0,0.004140812606004245,0.9958762630160826,0.03,ok
lorenz63,edmd_rbf,EDMD-RBF,8,0.04,0.0,2,5,1.0,0.004011216714915983,0.9960048088625538,0.03,ok
lorenz63,baseline,Baseline,8,0.04,0.0,3,1,1.0,0.09837469429172221,0.9104361245729916,0.3,ok
lorenz63,edmd_poly3,EDMD-polynomial,8,0.04,0.0,3,5,1.0,0.004140812606004245,0.9958762630160826,0.03,ok
lorenz63,edmd_rbf,EDMD-RBF,8,0.04,0.0,3,5,1.0,0.004059643108735503,0.9959567709581812,0.03,ok
lorenz63,baseline,Baseline,8,0.04,0.0,4,1,1.0,0.09837469429172221,0.9104361245729916,0.3,ok
lorenz63,edmd_poly3,EDMD-polynomial,8,0.04,0.0,4,5,1.0,0.004140812606004245,0.9958762630160826,0.03,ok
lorenz63,edmd_rbf,EDMD-RBF,8,0.04,0.0,4,5,1.0,0.0042119781672110695,0.9958056881825904,0.03,ok
lorenz63,baseline,Baseline,8,0.04,0.0,5,1,1.0,0.09837469429172221,0.9104361245729916,0.3,ok
lorenz63,edmd_poly3,EDMD-polynomial,8,0.04,0.0,5,5,1.0,0.004140812606004245,0.9958762630160826,0.03,ok
lorenz63,edmd_rbf,EDMD-RBF,8,0.04,0.0,5,5,1.0,0.00392374665794953,0.996091588956819,0.01,ok
lorenz63,baseline,Baseline,8,0.04,0.0,6,1,1.0,0.09837469429172221,0.9104361245729916,0.3,ok
lorenz63,edmd_poly3,EDMD-polynomial,8,0.04,0.0,6,5,1.0,0.004140812606004245,0.9958762630160826,0.03,ok
lorenz63,edmd_rbf,EDMD-RBF,8,0.04,0.0,6,5,1.0,0.004100801013878398,0.9959159468753161,0.01,ok
lorenz63,baseline,Baseline,8,0.04,0.0,7,1,1.0,0.09837469429172221,0.9104361245729916,0.3,ok
lorenz63,edmd_poly3,EDMD-polynomial,8,0.04,0.0,7,5,1.0,0.004140812606004245,0.9958762630160826,0.03,ok
lorenz63,edmd_rbf,EDMD-RBF,8,0.04,0.0,7,5,1.0,0.003954366663685525,0.996061208761085,0.03,ok
lorenz63,baseline,Baseline,8,0.04,0.0,8,1,1.0,0.09837469429172221,0.9104361245729916,0.3,ok
lorenz63,edmd_poly3,EDMD-polynomial,8,0.04,0.0,8,5,1.0,0.004140812606004245,0.9958762630160826,0.03,ok
lorenz63,edmd_rbf,EDMD-RBF,8,0.04,0.0,8,5,1.0,0.003940354243623178,0.9960751112085818,0.03,ok
lorenz63,baseline,Baseline,8,0.04,0.0,9,1,1.0,0.09837469429172221,0.9104361245729916,0.3,ok
lorenz63,edmd_poly3,EDMD-polynomial,8,0.04,0.0,9,5,1.0,0.004140812606004245,0.9958762630160826,0.03,ok
lorenz63,edmd_rbf,EDMD-RBF,8,0.04,0.0,9,5,1.0,0.0040799264353483106,0.9959366517266879,0.03,ok
lorenz63,baseline,Baseline,8,0.04,0.01,0,1,0.9333333333333333,0.10325656482854247,0.8459803123658576,0.3,ok
lorenz63,edmd_poly3,EDMD-polynomial,8,0.04,0.01,0,5,1.0,0.005620635844361486,0.9944107791307979,0.3,ok
lorenz63,edmd_rbf,EDMD-RBF,8,0.04,0.01,0,5,1.0,0.0050168050802962575,0.9950082376185784,0.3,ok
lorenz63,baseline,Baseline,8,0.04,0.01,1,1,0.9333333333333333,0.10184561113614557,0.8470636211646255,0.3,ok
lorenz63,edmd_poly3,EDMD-polynomial,8,0.04,0.01,1,5,1.0,0.004949792991066166,0.9950745867847447,0.3,ok
lorenz63,edmd_rbf,EDMD-RBF,8,0.04,0.01,1,5,1.0,0.005109235347831117,0.9949167362430383,0.1,ok
lorenz63,baseline,Baseline,8,0.04,0.01,2,1,1.0,0.09335546384052609,0.9146156333159893,0.3,ok
lorenz63,edmd_poly3,EDMD-polynomial,8,0.04,0.01,2,5,1.0,0.0030503708546195637,0.9969589056110707,0.1,ok
lorenz63,edmd_rbf,EDMD-RBF,8,0.04,0.01,2,5,1.0,0.003539325110762979,0.996473157531348,0.1,ok
lorenz63,baseline,Baseline,8,0.04,0.01,3,1,0.9333333333333333,0.09775256539255774,0.8502219559829242,0.3,ok
lorenz63,edmd_poly3,EDMD-polynomial,8,0.04,0.01,3,5,0.9333333333333333,0.016280791977973913,0.9183813574954998,0.1,ok
lorenz63,edmd_rbf,EDMD-RBF,8,0.04,0.01,3,5,0.9333333333333333,0.015942576857248446,0.9186870937337213,0.1,ok
lorenz63,baseline,Baseline,8,0.04,0.01,4,1,0.875,0.1012944675424132,0.7945195638298272,0.3,ok
lorenz63,edmd_poly3,EDMD-polynomial,8,0.04,0.01,4,5,0.875,0.013173062834026899,0.8636234342358727,0.1,ok
lorenz63,edmd_rbf,EDMD-RBF,8,0.04,0.01,4,5,0.9333333333333333,0.012593964370867527,0.9217251595146734,0.1,ok
lorenz63,baseline,Baseline,8,0.04,0.01,5,1,1.0,0.09608623998457529,0.9123369708701686,0.3,ok
lorenz63,edmd_poly3,EDMD-polynomial,8,0.04,0.01,5,5,0.9230769230769231,0.08541495393965944,0.8504368948727778,0.3,ok
lorenz63,edmd_rbf,EDMD-RBF,8,0.04,0.01,5,5,1.0,0.0013378151142633833,0.9986639722438619,0.3,ok
lorenz63,baseline,Baseline,8,0.04,0.01,6,1,1.0,0.09871619588796307,0.9101531439534463,0.3,ok
lorenz63,edmd_poly3,EDMD-polynomial,8,0.04,0.01,6,5,1.0,0.0030375669465359328,0.996971631924233,0.1,ok
lorenz63,edmd_rbf,EDMD-RBF,8,0.04,0.01,6,5,1.0,0.0027222640172618476,0.9972851265849473,0.1,ok
lorenz63,baseline,Baseline,8,0.04,0.01,7,1,0.9333333333333333,0.10614950701631269,0.8437677975835948,0.3,ok
lorenz63,edmd_poly3,EDMD-polynomial,8,0.04,0.01,7,5,1.0,0.008932841985314863,0.9911462471895182,0.1,ok
lorenz63,edmd_rbf,EDMD-RBF,8,0.04,0.01,7,5,1.0,0.008822345658677287,0.9912548074528256,0.1,ok
lorenz63,baseline,Baseline,8,0.04,0.01,8,1,1.0,0.10179944374064083,0.9076061942861136,0.3,ok
lorenz63,edmd_poly3,EDMD-polynomial,8,0.04,0.01,8,5,1.0,0.005922641778170372,0.9941122293780952,0.3,ok
lorenz63,edmd_rbf,EDMD-RBF,8,0.04,0.01,8,5,1.0,0.005672926162645136,0.994359074391819,0.3,ok
lorenz63,baseline,Baseline,8,0.04,0.01,9,1,0.9333333333333333,0.10650535013170703,0.8434964487268307,0.3,ok
lorenz63,edmd_poly3,EDMD-polynomial,8,0.04,0.01,9,5,1.0,0.010585612478732544,0.9895252689648248,0.3,ok
lorenz63,edmd_rbf,EDMD-RBF,8,0.04,0.01,9,5,1.0,0.01042531477413818,0.9896822510068757,0.3,ok
lorenz63,baseline,Baseline,8,0.04,0.03,0,1,0.875,0.10992080913572183,0.7883445312475482,0.1,ok
lorenz63,edmd_poly3,EDMD-polynomial,8,0.04,0.03,0,5,0.9333333333333333,0.03905081488176746,0.8982557156644321,0.1,ok
lorenz63,edmd_rbf,EDMD-RBF,8,0.04,0.03,0,5,0.9333333333333333,0.03945538812999222,0.8979060996666964,0.3,ok
lorenz63,baseline,Baseline,8,0.04,0.03,1,1,1.0,0.09357355452534434,0.91443323209662,0.3,ok
lorenz63,edmd_poly3,EDMD-polynomial,8,0.04,0.03,1,5,0.9333333333333333,0.012219830955790562,0.9220658445824278,0.3,ok
lorenz63,edmd_rbf,EDMD-RBF,8,0.04,0.03,1,5,0.9333333333333333,0.013123466354928783,0.9212434262245757,0.3,ok
lorenz63,baseline,Baseline,8,0.04,0.03,2,1,0.9333333333333333,0.1125639857707442,0.8389030611005746,0.3,ok
lorenz63,edmd_poly3,EDMD-polynomial,8,0.04,0.03,2,5,0.9230769230769231,0.09249002687593638,0.8449293818420808,0.3,ok
lorenz63,edmd_rbf,EDMD-RBF,8,0.04,0.03,2,5,1.0,0.014356188242444787,0.985846994962076,0.3,ok
lorenz63,baseline,Baseline,8,0.04,0.03,3,1,0.875,0.10960936496171346,0.7885658030925068,0.1,ok
lorenz63,edmd_poly3,EDMD-polynomial,8,0.04,0.03,3,5,0.9333333333333333,0.020662007130107976,0.9144391843855098,0.3,ok
lorenz63,edmd_rbf,EDMD-RBF,8,0.04,0.03,3,5,1.0,0.004523076680571024,0.9954972894246318,0.3,ok
lorenz63,baseline,Baseline,8,0.04,0.03,4,1,0.8,0.13506646096557026,0.704804544501704,0.3,ok
lorenz63,edmd_poly3,EDMD-polynomial,8,0.04,0.03,4,5,0.9333333333333333,0.020067681025664134,0.9149719677373558,0.3,ok
lorenz63,edmd_rbf,EDMD-RBF,8,0.04,0.03,4,5,0.875,0.019297385247118597,0.8584344595251413,0.1,ok
lorenz63,baseline,Baseline,8,0.04,0.03,5,1,0.875,0.10901712856775268,0.788986912339239,0.3,ok
lorenz63,edmd_poly3,EDMD-polynomial,8,0.04,0.03,5,5,0.9333333333333333,0.0207292548160476,0.9143789393021126,0.3,ok
lorenz63,edmd_rbf,EDMD-RBF,8,0.04,0.03,5,5,1.0,0.008446015937951119,0.991624721795251,0.3,ok
lorenz63,baseline,Baseline,8,0.04,0.03,6,1,0.9333333333333333,0.10465914488464918,0.8449061754979578,0.3,ok
lorenz63,edmd_poly3,EDMD-polynomial,8,0.04,0.03,6,5,0.875,0.014464639853268867,0.8625239023871341,0.1,ok
lorenz63,edmd_rbf,EDMD-RBF,8,0.04,0.03,6,5,0.875,0.014219827162877957,0.862732098669059,0.1,ok
lorenz63,baseline,Baseline,8,0.04,0.03,7,1,0.9333333333333333,0.10137199759269028,0.847427876660524,0.1,ok
lorenz63,edmd_poly3,EDMD-polynomial,8,0.04,0.03,7,5,0.9333333333333333,0.019854056339994045,0.9151636231980462,0.3,ok
lorenz63,edmd_rbf,EDMD-RBF,8,0.04,0.03,7,5,0.875,0.01927134466560894,0.8584563910084808,0.1,ok
lorenz63,baseline,Baseline,8,0.04,0.03,8,1,0.9333333333333333,0.0972990309132144,0.8505733688259776,0.3,ok
lorenz63,edmd_poly3,EDMD-polynomial,8,0.04,0.03,8,5,0.9333333333333333,0.01865221632319374,0.916243363905085,0.3,ok
lorenz63,edmd_rbf,EDMD-RBF,8,0.04,0.03,8,5,0.9333333333333333,0.019503785976968818,0.9154780454679133,0.3,ok
lorenz63,baseline,Baseline,8,0.04,0.03,9,1,0.9333333333333333,0.11711702917398334,0.8354839367397854,0.3,ok
lorenz63,edmd_poly3,EDMD-polynomial,8,0.04,0.03,9,5,1.0,0.009986098880704815,0.9901126373008781,0.3,ok
lorenz63,edmd_rbf,EDMD-RBF,8,0.04,0.03,9,5,1.0,0.011139870123522331,0.9889828593919835,0.3,ok
lorenz63,baseline,Baseline,8,0.04,0.05,0,1,1.0,0.10463396255833476,0.9052772537284638,0.3,ok
lorenz63,edmd_poly3,EDMD-polynomial,8,0.04,0.05,0,5,0.8235294117647058,0.03163794379078335,0.7982736741328292,0.1,ok
lorenz63,edmd_rbf,EDMD-RBF,8,0.04,0.05,0,5,0.8235294117647058,0.033680759191627385,0.7966960828493443,0.3,ok
lorenz63,baseline,Baseline,8,0.04,0.05,1,1,0.8,0.14747583921805965,0.6971824352704062,0.1,ok
lorenz63,edmd_poly3,EDMD-polynomial,8,0.04,0.05,1,5,0.8235294117647058,0.057389687734911043,0.7788324600827446,0.1,ok
lorenz63,edmd_rbf,EDMD-RBF,8,0.04,0.05,1,5,0.8235294117647058,0.05926206551236352,0.7774557765989344,0.1,ok
lorenz63,baseline,Baseline,8,0.04,0.05,2,1,0.875,0.13671647696744127,0.7697609894195827,0.1,ok
lorenz63,edmd_poly3,EDMD-polynomial,8,0.04,0.05,2,5,0.9333333333333333,0.03270385128415226,0.9037763654824633,0.3,ok
lorenz63,edmd_rbf,EDMD-RBF,8,0.04,0.05,2,5,0.8,0.10329426788960654,0.7251012021754168,0.1,ok
lorenz63,baseline,Baseline,8,0.04,0.05,3,1,0.8235294117647058,0.11971958223045563,0.735478261552106,0.1,ok
lorenz63,edmd_poly3,EDMD-polynomial,8,0.04,0.05,3,5,0.9333333333333333,0.03176063122138315,0.9046025842529647,0.1,ok
lorenz63,edmd_rbf,EDMD-RBF,8,0.04,0.05,3,5,0.875,0.03166578645839771,0.8481428884094186,0.1,ok
lorenz63,baseline,Baseline,8,0.04,0.05,4,1,0.625,0.3969522440855801,0.44740255269722107,0.1,ok
lorenz63,edmd_poly3,EDMD-polynomial,8,0.04,0.05,4,5,0.6363636363636364,0.10948346371865729,0.5735674817817793,0.03,ok
lorenz63,edmd_rbf,EDMD-RBF,8,0.04,0.05,4,5,0.875,0.057341480605111794,0.8275472172899538,0.1,ok
lorenz63,baseline,Baseline,8,0.04,0.05,5,1,0.875,0.10363784002962062,0.7928325472933366,0.3,ok
lorenz63,edmd_poly3,EDMD-polynomial,8,0.04,0.05,5,5,0.8235294117647058,0.042588380626140794,0.7898893053748823,0.1,ok
lorenz63,edmd_rbf,EDMD-RBF,8,0.04,0.05,5,5,0.5,0.07296865990689601,0.46599683540000714,0.03,ok
lorenz63,baseline,Baseline,8,0.04,0.05,6,1,0.8571428571428571,0.14654289415645672,0.7475890012588503,0.3,ok
lorenz63,edmd_poly3,EDMD-polynomial,8,0.04,0.05,6,5,0.9333333333333333,0.03673066654512706,0.9002659643932767,0.3,ok
lorenz63,edmd_rbf,EDMD-RBF,8,0.04,0.05,6,5,0.8235294117647058,0.03056099698244134,0.7991078783071169,0.1,ok
lorenz63,baseline,Baseline,8,0.04,0.05,7,1,0.8235294117647058,0.12506016064801695,0.7319869999577319,0.1,ok
lorenz63,edmd_poly3,EDMD-polynomial,8,0.04,0.05,7,5,0.9333333333333333,0.05310816430754678,0.8862654046054526,0.3,ok
lorenz63,edmd_rbf,EDMD-RBF,8,0.04,0.05,7,5,0.9333333333333333,0.05124161165952842,0.8878390305154865,0.3,ok
lorenz63,baseline,Baseline,8,0.04,0.05,8,1,0.75,0.1455392605918698,0.6547134836849633,0.3,ok
lorenz63,edmd_poly3,EDMD-polynomial,8,0.04,0.05,8,5,0.875,0.04227697380577536,0.8395081365033141,0.1,ok
lorenz63,edmd_rbf,EDMD-RBF,8,0.04,0.05,8,5,0.875,0.043096509535452535,0.8388485552402865,0.1,ok
lorenz63,baseline,Baseline,8,0.04,0.05,9,1,0.8571428571428571,0.14811196021803671,0.7465673094983507,0.3,ok
lorenz63,edmd_poly3,EDMD-polynomial,8,0.04,0.05,9,5,0.9333333333333333,0.05286571677859869,0.8864694884253685,0.3,ok
lorenz63,edmd_rbf,EDMD-RBF,8,0.04,0.05,9,5,0.9333333333333333,0.05346922451134622,0.8859616509122626,0.3,ok
lorenz63,baseline,Baseline,8,0.04,0.1,0,1,0.7058823529411765,1.2671146662706718,0.3113571463512825,0.3,ok
lorenz63,edmd_poly3,EDMD-polynomial,8,0.04,0.1,0,5,0.8571428571428571,1.3393013165345524,0.36640976991054364,0.3,ok
lorenz63,edmd_rbf,EDMD-RBF,8,0.04,0.1,0,5,0.7368421052631579,0.26179074847542055,0.5839653731440491,0.1,ok
lorenz63,baseline,Baseline,8,0.04,0.1,1,1,0.875,0.2338698750233198,0.7091509548229004,0.3,ok
lorenz63,edmd_poly3,EDMD-polynomial,8,0.04,0.1,1,5,0.875,0.07693156636028835,0.8124935950733085,0.3,ok
lorenz63,edmd_rbf,EDMD-RBF,8,0.04,0.1,1,5,0.7777777777777778,0.226583909868104,0.6341007504830332,0.3,ok
lorenz63,baseline,Baseline,8,0.04,0.1,2,1,0.6086956521739131,0.4080351212916468,0.43230146959369325,0.1,ok
lorenz63,edmd_poly3,EDMD-polynomial,8,0.04,0.1,2,5,0.9333333333333333,0.05308395984935335,0.8862857748463374,0.3,ok
lorenz63,edmd_rbf,EDMD-RBF,8,0.04,0.1,2,5,0.7777777777777778,0.1629090266648311,0.6688208277206413,0.1,ok
lorenz63,baseline,Baseline,8,0.04,0.1,3,1,0.9333333333333333,0.21465294130370333,0.7683950712139833,0.3,ok
lorenz63,edmd_poly3,EDMD-polynomial,8,0.04,0.1,3,5,0.9333333333333333,0.08248670930189768,0.86221227966415,0.3,ok
lorenz63,edmd_rbf,EDMD-RBF,8,0.04,0.1,3,5,0.7,0.30976151533770596,0.5344484410350945,0.1,ok
lorenz63,baseline,Baseline,8,0.04,0.1,4,1,0.8235294117647058,0.22154847537185157,0.6741684250508481,0.3,ok
lorenz63,edmd_poly3,EDMD-polynomial,8,0.04,0.1,4,5,0.75,0.1295475495820731,0.6639826718914987,0.3,ok
lorenz63,edmd_rbf,EDMD-RBF,8,0.04,0.1,4,5,0.75,0.12183667445681313,0.6685465157957559,0.3,ok
lorenz63,baseline,Baseline,8,0.04,0.1,5,1,0.8,0.16253885958114414,0.688149039842191,0.3,ok
lorenz63,edmd_poly3,EDMD-polynomial,8,0.04,0.1,5,5,0.8,0.43797938868580266,0.5563362078027667,0.3,ok
lorenz63,edmd_rbf,EDMD-RBF,8,0.04,0.1,5,5,0.5833333333333334,0.617163390808426,0.3607139121803412,0.1,ok
lorenz63,baseline,Baseline,8,0.04,0.1,6,1,0.7368421052631579,0.19735136749781648,0.6153933801428607,0.1,ok
lorenz63,edmd_poly3,EDMD-polynomial,8,0.04,0.1,6,5,0.7,0.052949811944897424,0.6647990170652427,0.1,ok
lorenz63,edmd_rbf,EDMD-RBF,8,0.04,0.1,6,5,0.875,0.0660315862090587,0.8208011951236914,0.3,ok
lorenz63,baseline,Baseline,8,0.04,0.1,7,1,0.6666666666666666,0.5372027562073239,0.4336881806740351,0.1,ok
lorenz63,edmd_poly3,EDMD-polynomial,8,0.04,0.1,7,5,0.8235294117647058,0.11632660583660155,0.737713682948131,0.3,ok
lorenz63,edmd_rbf,EDMD-RBF,8,0.04,0.1,7,5,0.875,0.10974121990747443,0.7884721089056724,0.3,ok
lorenz63,baseline,Baseline,8,0.04,0.1,8,1,0.8,0.1765601785342936,0.6799482207502591,0.3,ok
lorenz63,edmd_poly3,EDMD-polynomial,8,0.04,0.1,8,5,0.8235294117647058,0.07384022012723608,0.7669012543291853,0.1,ok
lorenz63,edmd_rbf,EDMD-RBF,8,0.04,0.1,8,5,0.875,0.0767500789462513,0.8126305417653726,0.3,ok
lorenz63,baseline,Baseline,8,0.04,0.1,9,1,0.56,0.43010844536337395,0.39157869587834687,0.1,ok
lorenz63,edmd_poly3,EDMD-polynomial,8,0.04,0.1,9,5,0.875,0.0901622215503831,0.80263284005165,0.3,ok
lorenz63,edmd_rbf,EDMD-RBF,8,0.04,0.1,9,5,0.5384615384615384,0.5833034438020892,0.34008739169321567,0.1,ok
lorenz63,baseline,Baseline,16,0.08,0.0,0,1,0.9333333333333333,0.36042869300369007,0.6860582536469639,0.3,ok
lorenz63,edmd_poly3,EDMD-polynomial,16,0.08,0.0,0,5,0.9333333333333333,0.012882526635063802,0.921462567267298,0.1,ok
lorenz63,edmd_rbf,EDMD-RBF,16,0.08,0.0,0,5,1.0,0.012714290001620112,0.987445333667011,0.3,ok
lorenz63,baseline,Baseline,16,0.08,0.0,1,1,0.9333333333333333,0.36042869300369007,0.6860582536469639,0.3,ok
lorenz63,edmd_poly3,EDMD-polynomial,16,0.08,0.0,1,5,0.9333333333333333,0.012882526635063802,0.921462567267298,0.1,ok
lorenz63,edmd_rbf,EDMD-RBF,16,0.08,0.0,1,5,0.875,0.033922080986364796,0.8462920137707548,0.3,ok
lorenz63,baseline,Baseline,16,0.08,0.0,2,1,0.9333333333333333,0.36042869300369007,0.6860582536469639,0.3,ok
lorenz63,edmd_poly3,EDMD-polynomial,16,0.08,0.0,2,5,0.9333333333333333,0.012882526635063802,0.921462567267298,0.1,ok
lorenz63,edmd_rbf,EDMD-RBF,16,0.08,0.0,2,5,1.0,0.01010886634801198,0.9899923001522004,0.3,ok
lorenz63,baseline,Baseline,16,0.08,0.0,3,1,0.9333333333333333,0.36042869300369007,0.6860582536469639,0.3,ok
lorenz63,edmd_poly3,EDMD-polynomial,16,0.08,0.0,3,5,0.9333333333333333,0.012882526635063802,0.921462567267298,0.1,ok
lorenz63,edmd_rbf,EDMD-RBF,16,0.08,0.0,3,5,0.9230769230769231,0.08497226343088643,0.8507838902332675,0.3,ok
lorenz63,baseline,Baseline,16,0.08,0.0,4,1,0.9333333333333333,0.36042869300369007,0.6860582536469639,0.3,ok
lorenz63,edmd_poly3,EDMD-polynomial,16,0.08,0.0,4,5,0.9333333333333333,0.012882526635063802,0.921462567267298,0.1,ok
lorenz63,edmd_rbf,EDMD-RBF,16,0.08,0.0,4,5,1.0,0.007997381296753326,0.9920660693716635,0.3,ok
lorenz63,baseline,Baseline,16,0.08,0.0,5,1,0.9333333333333333,0.36042869300369007,0.6860582536469639,0.3,ok
lorenz63,edmd_poly3,EDMD-polynomial,16,0.08,0.0,5,5,0.9333333333333333,0.012882526635063802,0.921462567267298,0.1,ok
lorenz63,edmd_rbf,EDMD-RBF,16,0.08,0.0,5,5,1.0,0.009861358005576516,0.9902349387592648,0.3,ok
lorenz63,baseline,Baseline,16,0.08,0.0,6,1,0.9333333333333333,0.36042869300369007,0.6860582536469639,0.3,ok
lorenz63,edmd_poly3,EDMD-polynomial,16,0.08,0.0,6,5,0.9333333333333333,0.012882526635063802,0.921462567267298,0.1,ok
lorenz63,edmd_rbf,EDMD-RBF,16,0.08,0.0,6,5,1.0,0.008833314328219037,0.9912440299078533,0.3,ok
lorenz63,baseline,Baseline,16,0.08,0.0,7,1,0.9333333333333333,0.36042869300369007,0.6860582536469639,0.3,ok
lorenz63,edmd_poly3,EDMD-polynomial,16,0.08,0.0,7,5,0.9333333333333333,0.012882526635063802,0.921462567267298,0.1,ok
lorenz63,edmd_rbf,EDMD-RBF,16,0.08,0.0,7,5,1.0,0.013742850174059776,0.9864434553874288,0.3,ok
lorenz63,baseline,Baseline,16,0.08,0.0,8,1,0.9333333333333333,0.36042869300369007,0.6860582536469639,0.3,ok
lorenz63,edmd_poly3,EDMD-polynomial,16,0.08,0.0,8,5,0.9333333333333333,0.012882526635063802,0.921462567267298,0.1,ok
lorenz63,edmd_rbf,EDMD-RBF,16,0.08,0.0,8,5,0.9333333333333333,0.023307262608016903,0.9120753535498473,0.1,ok
lorenz63,baseline,Baseline,16,0.08,0.0,9,1,0.9333333333333333,0.36042869300369007,0.6860582536469639,0.3,ok
lorenz63,edmd_poly3,EDMD-polynomial,16,0.08,0.0,9,5,0.9333333333333333,0.012882526635063802,0.921462567267298,0.1,ok
lorenz63,edmd_rbf,EDMD-RBF,16,0.08,0.0,9,5,0.9333333333333333,0.015895539545228928,0.9187296301656616,0.1,ok
lorenz63,baseline,Baseline,16,0.08,0.01,0,1,0.9333333333333333,0.3556882932882599,0.688457175557301,0.3,ok
lorenz63,edmd_poly3,EDMD-polynomial,16,0.08,0.01,0,5,1.0,0.010594828972880334,0.9895162446223394,0.3,ok
lorenz63,edmd_rbf,EDMD-RBF,16,0.08,0.01,0,5,0.9333333333333333,0.02388170853382535,0.9115636362620881,0.1,ok
lorenz63,baseline,Baseline,16,0.08,0.01,1,1,1.0,0.35203556327264035,0.7396255151598762,0.3,ok
lorenz63,edmd_poly3,EDMD-polynomial,16,0.08,0.01,1,5,1.0,0.0027551446664723232,0.9972524252993099,0.3,ok
lorenz63,edmd_rbf,EDMD-RBF,16,0.08,0.01,1,5,0.875,0.01961747240759464,0.8581649723340722,0.1,ok
lorenz63,baseline,Baseline,16,0.08,0.01,2,1,0.9333333333333333,0.35952257012087746,0.686515512022981,0.3,ok
lorenz63,edmd_poly3,EDMD-polynomial,16,0.08,0.01,2,5,1.0,0.01736571567155482,0.9829307048546532,0.1,ok
lorenz63,edmd_rbf,EDMD-RBF,16,0.08,0.01,2,5,1.0,0.0134022027796667,0.9867750408052146,0.1,ok
lorenz63,baseline,Baseline,16,0.08,0.01,3,1,0.9333333333333333,0.3669746789905748,0.6827729494027948,0.3,ok
lorenz63,edmd_poly3,EDMD-polynomial,16,0.08,0.01,3,5,0.875,0.1959301899485013,0.7316480571810625,0.3,ok
lorenz63,edmd_rbf,EDMD-RBF,16,0.08,0.01,3,5,0.875,0.021059241933362196,0.8569532149213978,0.03,ok
lorenz63,baseline,Baseline,16,0.08,0.01,4,1,0.9333333333333333,0.3602445257647278,0.6861511409565236,0.3,ok
lorenz63,edmd_poly3,EDMD-polynomial,16,0.08,0.01,4,5,0.9333333333333333,0.0442458252884769,0.8937869903147531,0.3,ok
lorenz63,edmd_rbf,EDMD-RBF,16,0.08,0.01,4,5,1.0,0.013705141300163136,0.9864801501523558,0.3,ok
lorenz63,baseline,Baseline,16,0.08,0.01,5,1,0.9333333333333333,0.3583563850812594,0.6871049038264723,0.3,ok
lorenz63,edmd_poly3,EDMD-polynomial,16,0.08,0.01,5,5,1.0,0.005583620238358112,0.9944473834637098,0.1,ok
lorenz63,edmd_rbf,EDMD-RBF,16,0.08,0.01,5,5,1.0,0.013849673411200495,0.9863395197785073,0.3,ok
lorenz63,baseline,Baseline,16,0.08,0.01,6,1,0.9333333333333333,0.35854713597369986,0.6870084287980139,0.3,ok
lorenz63,edmd_poly3,EDMD-polynomial,16,0.08,0.01,6,5,1.0,0.001634746078096956,0.9983679219550861,0.3,ok
lorenz63,edmd_rbf,EDMD-RBF,16,0.08,0.01,6,5,1.0,0.005319006002718736,0.9947091361339443,0.3,ok
lorenz63,baseline,Baseline,16,0.08,0.01,7,1,0.9333333333333333,0.3651333273084236,0.683693903491132,0.3,ok
lorenz63,edmd_poly3,EDMD-polynomial,16,0.08,0.01,7,5,0.9333333333333333,0.011114385882198622,0.9230739334392901,0.1,ok
lorenz63,edmd_rbf,EDMD-RBF,16,0.08,0.01,7,5,1.0,0.0023591583064613963,0.9976463942221594,0.1,ok
lorenz63,baseline,Baseline,16,0.08,0.01,8,1,0.9333333333333333,0.366654205937534,0.6829330559832876,0.3,ok
lorenz63,edmd_poly3,EDMD-polynomial,16,0.08,0.01,8,5,0.9333333333333333,0.03392242279848046,0.9027111829213585,0.1,ok
lorenz63,edmd_rbf,EDMD-RBF,16,0.08,0.01,8,5,0.9333333333333333,0.02333536859477206,0.9120503033281961,0.3,ok
lorenz63,baseline,Baseline,16,0.08,0.01,9,1,0.9333333333333333,0.35982780491918404,0.6863614127884392,0.3,ok
lorenz63,edmd_poly3,EDMD-polynomial,16,0.08,0.01,9,5,0.9333333333333333,0.030123867755823316,0.9060399069935609,0.3,ok
lorenz63,edmd_rbf,EDMD-RBF,16,0.08,0.01,9,5,1.0,0.01819827075033781,0.9821269871761548,0.3,ok
lorenz63,baseline,Baseline,16,0.08,0.03,0,1,0.8235294117647058,0.3502752267481617,0.6098974456844578,0.3,ok
lorenz63,edmd_poly3,EDMD-polynomial,16,0.08,0.03,0,5,0.9333333333333333,0.016425702645687722,0.9182504248996551,0.3,ok
lorenz63,edmd_rbf,EDMD-RBF,16,0.08,0.03,0,5,0.8235294117647058,0.031143166073055034,0.7986567131128715,0.1,ok
lorenz63,baseline,Baseline,16,0.08,0.03,1,1,0.875,0.38481657082311144,0.6318526355298556,0.3,ok
lorenz63,edmd_poly3,EDMD-polynomial,16,0.08,0.03,1,5,0.9333333333333333,0.09403917045376266,0.8531077849307945,0.3,ok
lorenz63,edmd_rbf,EDMD-RBF,16,0.08,0.03,1,5,0.5217391304347826,1.7087360213788074,0.19261350176500613,0.1,ok
lorenz63,baseline,Baseline,16,0.08,0.03,2,1,0.8235294117647058,0.9588489026308903,0.4204149746612106,0.1,ok
lorenz63,edmd_poly3,EDMD-polynomial,16,0.08,0.03,2,5,0.875,0.03701741700004316,0.8437659634794383,0.3,ok
lorenz63,edmd_rbf,EDMD-RBF,16,0.08,0.03,2,5,0.875,0.03702450240499168,0.8437601985013504,0.3,ok
lorenz63,baseline,Baseline,16,0.08,0.03,3,1,0.9333333333333333,0.3458513437050894,0.6934891715186716,0.3,ok
lorenz63,edmd_poly3,EDMD-polynomial,16,0.08,0.03,3,5,0.9333333333333333,0.02280337804736571,0.9125246878976488,0.3,ok
lorenz63,edmd_rbf,EDMD-RBF,16,0.08,0.03,3,5,0.9333333333333333,0.024147800779481712,0.9113267954322323,0.3,ok
lorenz63,baseline,Baseline,16,0.08,0.03,4,1,0.9333333333333333,0.3705902080621452,0.6809718381491707,0.3,ok
lorenz63,edmd_poly3,EDMD-polynomial,16,0.08,0.03,4,5,0.9333333333333333,0.07636183455434135,0.867118568654724,0.3,ok
lorenz63,edmd_rbf,EDMD-RBF,16,0.08,0.03,4,5,1.0,0.03737026261166074,0.9639759650353017,0.3,ok
lorenz63,baseline,Baseline,16,0.08,0.03,5,1,0.7058823529411765,0.9395296897484906,0.36394511343247965,0.3,ok
lorenz63,edmd_poly3,EDMD-polynomial,16,0.08,0.03,5,5,0.8235294117647058,0.036070369229697224,0.7948585696712739,0.1,ok
lorenz63,edmd_rbf,EDMD-RBF,16,0.08,0.03,5,5,0.875,0.04670454066996382,0.8359570117465422,0.1,ok
lorenz63,baseline,Baseline,16,0.08,0.03,6,1,0.875,0.3642815335880875,0.6413632219287851,0.3,ok
lorenz63,edmd_poly3,EDMD-polynomial,16,0.08,0.03,6,5,0.875,0.08711021090588497,0.8048861938946058,0.1,ok
lorenz63,edmd_rbf,EDMD-RBF,16,0.08,0.03,6,5,0.8235294117647058,0.08453622096972271,0.7593378587469939,0.1,ok
lorenz63,baseline,Baseline,16,0.08,0.03,7,1,0.8,0.2748278986759408,0.6275356860568351,0.3,ok
lorenz63,edmd_poly3,EDMD-polynomial,16,0.08,0.03,7,5,0.7777777777777778,0.16195103492273635,0.6693722492613433,0.1,ok
lorenz63,edmd_rbf,EDMD-RBF,16,0.08,0.03,7,5,0.875,0.04518454011060211,0.8371727349769323,0.3,ok
lorenz63,baseline,Baseline,16,0.08,0.03,8,1,0.875,0.3709317040721568,0.6382520714933775,0.3,ok
lorenz63,edmd_poly3,EDMD-polynomial,16,0.08,0.03,8,5,0.9333333333333333,0.03776633353425135,0.8993675196175834,0.3,ok
lorenz63,edmd_rbf,EDMD-RBF,16,0.08,0.03,8,5,0.875,0.037116328825450975,0.8436854918589026,0.3,ok
lorenz63,baseline,Baseline,16,0.08,0.03,9,1,0.875,0.3734862837814131,0.6370649713304702,0.3,ok
lorenz63,edmd_poly3,EDMD-polynomial,16,0.08,0.03,9,5,0.875,0.10526854007477286,0.7916628115921992,0.3,ok
lorenz63,edmd_rbf,EDMD-RBF,16,0.08,0.03,9,5,0.8571428571428571,0.09486634748525453,0.7828744203450833,0.3,ok
lorenz63,baseline,Baseline,16,0.08,0.05,0,1,0.8235294117647058,0.37289630127538714,0.5998482267012207,0.3,ok
lorenz63,edmd_poly3,EDMD-polynomial,16,0.08,0.05,0,5,0.875,0.10363718583190673,0.7928330172568776,0.3,ok
lorenz63,edmd_rbf,EDMD-RBF,16,0.08,0.05,0,5,0.8235294117647058,0.07216567571185635,0.7680990265034643,0.1,ok
lorenz63,baseline,Baseline,16,0.08,0.05,1,1,0.7777777777777778,0.8758640360180555,0.4146237482268632,0.3,ok
lorenz63,edmd_poly3,EDMD-polynomial,16,0.08,0.05,1,5,0.875,0.07194379365321218,0.8162741415927951,0.3,ok
lorenz63,edmd_rbf,EDMD-RBF,16,0.08,0.05,1,5,0.631578947368421,0.22835437589500115,0.5141667256309819,0.3,ok
lorenz63,baseline,Baseline,16,0.08,0.05,2,1,0.56,0.28557857501335393,0.4356015345030023,0.03,ok
lorenz63,edmd_poly3,EDMD-polynomial,16,0.08,0.05,2,5,0.9333333333333333,0.036395025623816586,0.90055751934119,0.3,ok
lorenz63,edmd_rbf,EDMD-RBF,16,0.08,0.05,2,5,0.7,0.2736795605110457,0.5495887833193578,0.1,ok
lorenz63,baseline,Baseline,16,0.08,0.05,3,1,0.8235294117647058,0.9090810139970377,0.43137478489741227,0.3,ok
lorenz63,edmd_poly3,EDMD-polynomial,16,0.08,0.05,3,5,0.875,0.05351283610528945,0.8305546643691311,0.3,ok
lorenz63,edmd_rbf,EDMD-RBF,16,0.08,0.05,3,5,0.875,0.09111093184372085,0.8019349586402327,0.3,ok
lorenz63,baseline,Baseline,16,0.08,0.05,4,1,0.6666666666666666,0.8540808491563491,0.3595672038627743,0.3,ok
lorenz63,edmd_poly3,EDMD-polynomial,16,0.08,0.05,4,5,0.8235294117647058,0.06819110182751023,0.7709570041875222,0.1,ok
lorenz63,edmd_rbf,EDMD-RBF,16,0.08,0.05,4,5,0.6666666666666666,1.2915200289694182,0.29092770660463807,0.1,ok
lorenz63,baseline,Baseline,16,0.08,0.05,5,1,0.8235294117647058,0.3676490270067553,0.6021496710797851,0.3,ok
lorenz63,edmd_poly3,EDMD-polynomial,16,0.08,0.05,5,5,0.875,0.030280687529202495,0.8492831231248317,0.3,ok
lorenz63,edmd_rbf,EDMD-RBF,16,0.08,0.05,5,5,0.75,1.2766135579976694,0.3294366746456702,0.3,ok
lorenz63,baseline,Baseline,16,0.08,0.05,6,1,0.5882352941176471,0.7574595789226128,0.3347077231092034,0.3,ok
lorenz63,edmd_poly3,EDMD-polynomial,16,0.08,0.05,6,5,0.875,0.12965626967481855,0.7745718972124825,0.3,ok
lorenz63,edmd_rbf,EDMD-RBF,16,0.08,0.05,6,5,0.8235294117647058,0.13306621920350195,0.7268149008480833,0.1,ok
lorenz63,baseline,Baseline,16,0.08,0.05,7,1,0.7777777777777778,0.3651294111988592,0.5697465539876779,0.3,ok
lorenz63,edmd_poly3,EDMD-polynomial,16,0.08,0.05,7,5,0.9333333333333333,0.07081028107393657,0.8716140943260977,0.3,ok
lorenz63,edmd_rbf,EDMD-RBF,16,0.08,0.05,7,5,0.9333333333333333,0.06754760047528043,0.8742779553041065,0.3,ok
lorenz63,baseline,Baseline,16,0.08,0.05,8,1,0.8235294117647058,0.7846511267693808,0.4614512043345295,0.3,ok
lorenz63,edmd_poly3,EDMD-polynomial,16,0.08,0.05,8,5,0.9333333333333333,0.05223270584790292,0.8870027781366491,0.3,ok
lorenz63,edmd_rbf,EDMD-RBF,16,0.08,0.05,8,5,0.6153846153846154,1.3375414631535532,0.263261475821869,1.0,ok
lorenz63,baseline,Baseline,16,0.08,0.05,9,1,0.7777777777777778,0.8966573000636712,0.41007818215323755,0.3,ok
lorenz63,edmd_poly3,EDMD-polynomial,16,0.08,0.05,9,5,1.0,0.03181297292537453,0.9691678882121642,0.3,ok
lorenz63,edmd_rbf,EDMD-RBF,16,0.08,0.05,9,5,0.875,0.03942339066583439,0.8418128818897294,0.3,ok
lorenz63,baseline,Baseline,16,0.08,0.1,0,1,0.6,0.9381905623224877,0.30956708368295544,0.1,ok
lorenz63,edmd_poly3,EDMD-polynomial,16,0.08,0.1,0,5,0.7368421052631579,0.10276194805773495,0.6681787547719961,0.3,ok
lorenz63,edmd_rbf,EDMD-RBF,16,0.08,0.1,0,5,0.6666666666666666,0.32548582494570505,0.502960238517809,0.1,ok
lorenz63,baseline,Baseline,16,0.08,0.1,1,1,0.5454545454545454,0.8753350985611339,0.290857109149746,0.1,ok
lorenz63,edmd_poly3,EDMD-polynomial,16,0.08,0.1,1,5,0.75,0.33011123775213186,0.5638626144287667,0.3,ok
lorenz63,edmd_rbf,EDMD-RBF,16,0.08,0.1,1,5,0.8235294117647058,0.2978894649090547,0.634514289568112,0.3,ok
lorenz63,baseline,Baseline,16,0.08,0.1,2,1,0.8235294117647058,0.4222493088525899,0.5790330897956943,0.3,ok
lorenz63,edmd_poly3,EDMD-polynomial,16,0.08,0.1,2,5,0.875,0.15849065065274281,0.755293104443258,0.3,ok
lorenz63,edmd_rbf,EDMD-RBF,16,0.08,0.1,2,5,0.7142857142857143,0.12530484302902545,0.634748636078953,1.0,ok
lorenz63,baseline,Baseline,16,0.08,0.1,3,1,0.7777777777777778,0.7724874768339351,0.4388057957775055,0.3,ok
lorenz63,edmd_poly3,EDMD-polynomial,16,0.08,0.1,3,5,0.7368421052631579,0.60328211630377,0.4595835616016752,0.3,ok
lorenz63,edmd_rbf,EDMD-RBF,16,0.08,0.1,3,5,0.6666666666666666,0.2376329904267832,0.5386626502552864,0.3,ok
lorenz63,baseline,Baseline,16,0.08,0.1,4,1,0.631578947368421,1.3778523197301358,0.2656089876263213,0.3,ok
lorenz63,edmd_poly3,EDMD-polynomial,16,0.08,0.1,4,5,0.56,0.5136818586674705,0.3699588501991965,0.1,ok
lorenz63,edmd_rbf,EDMD-RBF,16,0.08,0.1,4,5,0.6086956521739131,0.8450580297571005,0.329905966293129,0.1,ok
lorenz63,baseline,Baseline,16,0.08,0.1,5,1,0.6,0.7570784725123988,0.34147592687882417,0.3,ok
lorenz63,edmd_poly3,EDMD-polynomial,16,0.08,0.1,5,5,0.7777777777777778,0.11608123552017743,0.6968827653618557,0.3,ok
lorenz63,edmd_rbf,EDMD-RBF,16,0.08,0.1,5,5,0.875,0.12924484827863433,0.7748540994752442,0.3,ok
lorenz63,baseline,Baseline,16,0.08,0.1,6,1,0.9333333333333333,0.41810925487641726,0.6581533334782939,0.3,ok
lorenz63,edmd_poly3,EDMD-polynomial,16,0.08,0.1,6,5,0.8235294117647058,0.1327978114281384,0.7269871140786082,0.3,ok
lorenz63,edmd_rbf,EDMD-RBF,16,0.08,0.1,6,5,0.7058823529411765,1.2616838706945994,0.31210478267433045,0.3,ok
lorenz63,baseline,Baseline,16,0.08,0.1,7,1,0.875,0.47632742989931726,0.5926869488970162,0.3,ok
lorenz63,edmd_poly3,EDMD-polynomial,16,0.08,0.1,7,5,0.625,0.3498754917661142,0.4630056651982614,0.3,ok
lorenz63,edmd_rbf,EDMD-RBF,16,0.08,0.1,7,5,0.5,0.5280792195831403,0.32720816669203834,0.03,ok
lorenz63,baseline,Baseline,16,0.08,0.1,8,1,0.7058823529411765,1.2574354624072133,0.3126921520885739,0.3,ok
lorenz63,edmd_poly3,EDMD-polynomial,16,0.08,0.1,8,5,0.8235294117647058,0.1347088758240701,0.725762730256804,0.3,ok
lorenz63,edmd_rbf,EDMD-RBF,16,0.08,0.1,8,5,0.625,1.5835564278658927,0.24191459232662152,0.3,ok
lorenz63,baseline,Baseline,16,0.08,0.1,9,1,0.8235294117647058,0.4120986740689736,0.5831953721702035,0.3,ok
lorenz63,edmd_poly3,EDMD-polynomial,16,0.08,0.1,9,5,0.8235294117647058,0.15742016197853567,0.7115215708329593,0.3,ok
lorenz63,edmd_rbf,EDMD-RBF,16,0.08,0.1,9,5,0.6363636363636364,0.5515240702023,0.41015389228261356,0.1,ok
lorenz63,baseline,Baseline,32,0.16,0.0,0,1,0.4,0.9111712827736356,0.20929573586910008,1.0,ok
lorenz63,edmd_poly3,EDMD-polynomial,32,0.16,0.0,0,5,0.6,0.5615522184423883,0.38423306817013514,0.3,ok
lorenz63,edmd_rbf,EDMD-RBF,32,0.16,0.0,0,5,0.5,1.3712664906981549,0.21085778505341615,0.1,ok
lorenz63,baseline,Baseline,32,0.16,0.0,1,1,0.4,0.9111712827736356,0.20929573586910008,1.0,ok
lorenz63,edmd_poly3,EDMD-polynomial,32,0.16,0.0,1,5,0.6,0.5615522184423883,0.38423306817013514,0.3,ok
lorenz63,edmd_rbf,EDMD-RBF,32,0.16,0.0,1,5,0.6086956521739131,1.3313644740466046,0.26108987202562356,0.3,ok
lorenz63,baseline,Baseline,32,0.16,0.0,2,1,0.4,0.9111712827736356,0.20929573586910008,1.0,ok
lorenz63,edmd_poly3,EDMD-polynomial,32,0.16,0.0,2,5,0.6,0.5615522184423883,0.38423306817013514,0.3,ok
lorenz63,edmd_rbf,EDMD-RBF,32,0.16,0.0,2,5,0.5185185185185185,1.3828387460969649,0.21760537483614442,0.1,ok
lorenz63,baseline,Baseline,32,0.16,0.0,3,1,0.4,0.9111712827736356,0.20929573586910008,1.0,ok
lorenz63,edmd_poly3,EDMD-polynomial,32,0.16,0.0,3,5,0.6,0.5615522184423883,0.38423306817013514,0.3,ok
lorenz63,edmd_rbf,EDMD-RBF,32,0.16,0.0,3,5,0.5714285714285714,1.2936404058497273,0.24913607641860222,1.0,ok
lorenz63,baseline,Baseline,32,0.16,0.0,4,1,0.4,0.9111712827736356,0.20929573586910008,1.0,ok
lorenz63,edmd_poly3,EDMD-polynomial,32,0.16,0.0,4,5,0.6,0.5615522184423883,0.38423306817013514,0.3,ok
lorenz63,edmd_rbf,EDMD-RBF,32,0.16,0.0,4,5,0.5882352941176471,1.965647269462022,0.1983497161563502,0.3,ok
lorenz63,baseline,Baseline,32,0.16,0.0,5,1,0.4,0.9111712827736356,0.20929573586910008,1.0,ok
lorenz63,edmd_poly3,EDMD-polynomial,32,0.16,0.0,5,5,0.6,0.5615522184423883,0.38423306817013514,0.3,ok
lorenz63,edmd_rbf,EDMD-RBF,32,0.16,0.0,5,5,0.7,1.4163307223353894,0.2896954433966921,0.3,ok
lorenz63,baseline,Baseline,32,0.16,0.0,6,1,0.4,0.9111712827736356,0.20929573586910008,1.0,ok
lorenz63,edmd_poly3,EDMD-polynomial,32,0.16,0.0,6,5,0.6,0.5615522184423883,0.38423306817013514,0.3,ok
lorenz63,edmd_rbf,EDMD-RBF,32,0.16,0.0,6,5,0.5714285714285714,1.2621820777293957,0.25260060940900364,1.0,ok
lorenz63,baseline,Baseline,32,0.16,0.0,7,1,0.4,0.9111712827736356,0.20929573586910008,1.0,ok
lorenz63,edmd_poly3,EDMD-polynomial,32,0.16,0.0,7,5,0.6,0.5615522184423883,0.38423306817013514,0.3,ok
lorenz63,edmd_rbf,EDMD-RBF,32,0.16,0.0,7,5,0.75,1.477914768664808,0.30267384878783693,0.3,ok
lorenz63,baseline,Baseline,32,0.16,0.0,8,1,0.4,0.9111712827736356,0.20929573586910008,1.0,ok
lorenz63,edmd_poly3,EDMD-polynomial,32,0.16,0.0,8,5,0.6,0.5615522184423883,0.38423306817013514,0.3,ok
lorenz63,edmd_rbf,EDMD-RBF,32,0.16,0.0,8,5,0.5714285714285714,2.4432957511242828,0.1659539617652629,0.3,ok
lorenz63,baseline,Baseline,32,0.16,0.0,9,1,0.4,0.9111712827736356,0.20929573586910008,1.0,ok
lorenz63,edmd_poly3,EDMD-polynomial,32,0.16,0.0,9,5,0.6,0.5615522184423883,0.38423306817013514,0.3,ok
lorenz63,edmd_rbf,EDMD-RBF,32,0.16,0.0,9,5,0.625,2.6426267859591457,0.1715794773181602,1.0,ok
lorenz63,baseline,Baseline,32,0.16,0.01,0,1,0.4,0.9112042304974365,0.20929212776799397,1.0,ok
lorenz63,edmd_poly3,EDMD-polynomial,32,0.16,0.01,0,5,0.625,2.957329969269805,0.15793477037633108,1.0,ok
lorenz63,edmd_rbf,EDMD-RBF,32,0.16,0.01,0,5,0.3870967741935484,1.0110675080316571,0.1924832322374008,0.1,ok
lorenz63,baseline,Baseline,32,0.16,0.01,1,1,0.6666666666666666,1.1958693673033538,0.30360033096384476,0.3,ok
lorenz63,edmd_poly3,EDMD-polynomial,32,0.16,0.01,1,5,0.5333333333333333,1.2820592016508077,0.23370705411477843,1.0,ok
lorenz63,edmd_rbf,EDMD-RBF,32,0.16,0.01,1,5,0.375,1.0855684506047056,0.1798070928294248,0.03,ok
lorenz63,baseline,Baseline,32,0.16,0.01,2,1,0.4,0.9111363420973642,0.2092995623541032,1.0,ok
lorenz63,edmd_poly3,EDMD-polynomial,32,0.16,0.01,2,5,0.6666666666666666,2.5995783222054496,0.18520687897081295,1.0,ok
lorenz63,edmd_rbf,EDMD-RBF,32,0.16,0.01,2,5,0.5714285714285714,1.3336366915427345,0.2448661239769966,1.0,ok
lorenz63,baseline,Baseline,32,0.16,0.01,3,1,0.5454545454545454,0.9804091051083065,0.27542518565865465,1.0,ok
lorenz63,edmd_poly3,EDMD-polynomial,32,0.16,0.01,3,5,0.46153846153846156,1.788940833844777,0.16548879629769486,1.0,ok
lorenz63,edmd_rbf,EDMD-RBF,32,0.16,0.01,3,5,0.45161290322580644,1.4908203894921999,0.18131090669202213,0.1,ok
lorenz63,baseline,Baseline,32,0.16,0.01,4,1,0.7272727272727273,1.176033395996019,0.3342194695223592,1.0,ok
lorenz63,edmd_poly3,EDMD-polynomial,32,0.16,0.01,4,5,0.5,1.2548425495822841,0.22174497287743059,0.3,ok
lorenz63,edmd_rbf,EDMD-RBF,32,0.16,0.01,4,5,0.5714285714285714,1.1511100635988294,0.2656435768203164,1.0,ok
lorenz63,baseline,Baseline,32,0.16,0.01,5,1,0.6666666666666666,1.1966479103665406,0.30349272795175636,0.3,ok
lorenz63,edmd_poly3,EDMD-polynomial,32,0.16,0.01,5,5,0.6086956521739131,0.7434901577439597,0.34912479974165883,0.3,ok
lorenz63,edmd_rbf,EDMD-RBF,32,0.16,0.01,5,5,0.4,2.408096433611278,0.11736757095695004,0.3,ok
lorenz63,baseline,Baseline,32,0.16,0.01,6,1,0.5454545454545454,0.9792198739875739,0.2755906772275923,1.0,ok
lorenz63,edmd_poly3,EDMD-polynomial,32,0.16,0.01,6,5,0.56,1.106128204465884,0.2658907462577837,0.3,ok
lorenz63,edmd_rbf,EDMD-RBF,32,0.16,0.01,6,5,0.7368421052631579,1.2301192716103007,0.3304047970183706,0.3,ok
lorenz63,baseline,Baseline,32,0.16,0.01,7,1,0.4,0.9111175232376404,0.2093016233362544,1.0,ok
lorenz63,edmd_poly3,EDMD-polynomial,32,0.16,0.01,7,5,0.5333333333333333,1.9002821387912128,0.18389015544384843,1.0,ok
lorenz63,edmd_rbf,EDMD-RBF,32,0.16,0.01,7,5,0.5833333333333334,0.6903229816283856,0.3451016993044576,0.1,ok
lorenz63,baseline,Baseline,32,0.16,0.01,8,1,0.6,1.2893917227629372,0.26207834772630956,0.3,ok
lorenz63,edmd_poly3,EDMD-polynomial,32,0.16,0.01,8,5,0.5185185185185185,1.1948921875216132,0.2362387189067402,0.3,ok
lorenz63,edmd_rbf,EDMD-RBF,32,0.16,0.01,8,5,0.631578947368421,2.388464307705637,0.18639091045821565,0.3,ok
lorenz63,baseline,Baseline,32,0.16,0.01,9,1,0.6666666666666666,2.134592614758955,0.21268048151703192,0.3,ok
lorenz63,edmd_poly3,EDMD-polynomial,32,0.16,0.01,9,5,0.56,1.1989678837007103,0.25466492901094984,0.3,ok
lorenz63,edmd_rbf,EDMD-RBF,32,0.16,0.01,9,5,0.5714285714285714,1.3164518913449914,0.24668268465389337,1.0,ok
lorenz63,baseline,Baseline,32,0.16,0.03,0,1,0.6666666666666666,1.1919187492669543,0.30414752685957025,1.0,ok
lorenz63,edmd_poly3,EDMD-polynomial,32,0.16,0.03,0,5,0.6666666666666666,1.3012562959268994,0.2896968355270254,1.0,ok
lorenz63,edmd_rbf,EDMD-RBF,32,0.16,0.03,0,5,0.7368421052631579,1.358209671851198,0.3124582661408286,0.3,ok
lorenz63,baseline,Baseline,32,0.16,0.03,1,1,0.6666666666666666,1.1900384294389534,0.3044086613756153,1.0,ok
lorenz63,edmd_poly3,EDMD-polynomial,32,0.16,0.03,1,5,0.5454545454545454,1.1855510185210543,0.24957300965852097,0.3,ok
lorenz63,edmd_rbf,EDMD-RBF,32,0.16,0.03,1,5,0.3333333333333333,1.161917811553672,0.15418409134331604,1.0,ok
lorenz63,baseline,Baseline,32,0.16,0.03,2,1,0.6666666666666666,1.1905324401992319,0.30434001087243995,1.0,ok
lorenz63,edmd_poly3,EDMD-polynomial,32,0.16,0.03,2,5,0.5333333333333333,1.3488483637706439,0.2270616279703832,1.0,ok
lorenz63,edmd_rbf,EDMD-RBF,32,0.16,0.03,2,5,0.5384615384615384,1.0043705165398678,0.2686437133345392,0.1,ok
lorenz63,baseline,Baseline,32,0.16,0.03,3,1,0.6666666666666666,1.1845438623119275,0.3051743103757714,1.0,ok
lorenz63,edmd_poly3,EDMD-polynomial,32,0.16,0.03,3,5,0.631578947368421,2.222296407351757,0.1960027469625254,0.3,ok
lorenz63,edmd_rbf,EDMD-RBF,32,0.16,0.03,3,5,0.6363636363636364,1.819564404543337,0.22569572638178598,0.3,ok
lorenz63,baseline,Baseline,32,0.16,0.03,4,1,0.6666666666666666,1.1944050855494541,0.3038029172721047,1.0,ok
lorenz63,edmd_poly3,EDMD-polynomial,32,0.16,0.03,4,5,0.5714285714285714,0.5385580682230059,0.37140526784832784,0.3,ok
lorenz63,edmd_rbf,EDMD-RBF,32,0.16,0.03,4,5,0.5714285714285714,1.958951551554454,0.1931185967301078,0.3,ok
lorenz63,baseline,Baseline,32,0.16,0.03,5,1,0.5333333333333333,1.1936247348972213,0.2431287926548302,1.0,ok
lorenz63,edmd_poly3,EDMD-polynomial,32,0.16,0.03,5,5,0.5,1.3666154312534506,0.21127217941580848,0.3,ok
lorenz63,edmd_rbf,EDMD-RBF,32,0.16,0.03,5,5,0.6363636363636364,1.5998195189523616,0.24477223581276486,0.3,ok
lorenz63,baseline,Baseline,32,0.16,0.03,6,1,0.4,0.9098115258289577,0.20944475127009154,1.0,ok
lorenz63,edmd_poly3,EDMD-polynomial,32,0.16,0.03,6,5,0.7368421052631579,0.35849376201700833,0.5423963847792277,0.3,ok
lorenz63,edmd_rbf,EDMD-RBF,32,0.16,0.03,6,5,0.7368421052631579,0.39718276483449677,0.5273770359960319,0.3,ok
lorenz63,baseline,Baseline,32,0.16,0.03,7,1,0.6666666666666666,1.1824952868651872,0.3054607589206889,1.0,ok
lorenz63,edmd_poly3,EDMD-polynomial,32,0.16,0.03,7,5,0.5,1.4386695711146529,0.20502982688690494,1.0,ok
lorenz63,edmd_rbf,EDMD-RBF,32,0.16,0.03,7,5,0.5,1.2112399026258096,0.22611748250665092,1.0,ok
lorenz63,baseline,Baseline,32,0.16,0.03,8,1,0.6153846153846154,1.192445321787454,0.2806841334966135,1.0,ok
lorenz63,edmd_poly3,EDMD-polynomial,32,0.16,0.03,8,5,0.6,1.3539771908399405,0.254887771357678,0.3,ok
lorenz63,edmd_rbf,EDMD-RBF,32,0.16,0.03,8,5,0.4444444444444444,1.364719167947427,0.1879480872268742,0.1,ok
lorenz63,baseline,Baseline,32,0.16,0.03,9,1,0.7272727272727273,1.1795470242777637,0.33368067730207546,1.0,ok
lorenz63,edmd_poly3,EDMD-polynomial,32,0.16,0.03,9,5,0.5,1.5172117963071081,0.19863247134529097,1.0,ok
lorenz63,edmd_rbf,EDMD-RBF,32,0.16,0.03,9,5,0.631578947368421,1.4636276250272247,0.25636136766466144,0.3,ok
lorenz63,baseline,Baseline,32,0.16,0.05,0,1,0.6666666666666666,1.1826397387138983,0.30544054286278793,1.0,ok
lorenz63,edmd_poly3,EDMD-polynomial,32,0.16,0.05,0,5,0.4,0.9974903242014516,0.20025128289916017,0.1,ok
lorenz63,edmd_rbf,EDMD-RBF,32,0.16,0.05,0,5,0.42424242424242425,1.063029690987973,0.2056404840394018,0.03,ok
lorenz63,baseline,Baseline,32,0.16,0.05,1,1,0.6666666666666666,1.1914304547635852,0.30421529700726346,1.0,ok
lorenz63,edmd_poly3,EDMD-polynomial,32,0.16,0.05,1,5,0.5714285714285714,1.8150568128000968,0.20299006713835363,0.3,ok
lorenz63,edmd_rbf,EDMD-RBF,32,0.16,0.05,1,5,0.7777777777777778,0.4298149700677397,0.5439709291482165,0.3,ok
lorenz63,baseline,Baseline,32,0.16,0.05,2,1,0.5555555555555556,1.307024483917842,0.24081042894356214,0.3,ok
lorenz63,edmd_poly3,EDMD-polynomial,32,0.16,0.05,2,5,0.6666666666666666,1.3020269104798858,0.28959985812142036,1.0,ok
lorenz63,edmd_rbf,EDMD-RBF,32,0.16,0.05,2,5,0.6666666666666666,1.4853413951497931,0.26823947324407166,0.3,ok
lorenz63,baseline,Baseline,32,0.16,0.05,3,1,0.6666666666666666,1.1756495656044328,0.306421896800947,1.0,ok
lorenz63,edmd_poly3,EDMD-polynomial,32,0.16,0.05,3,5,0.7,1.451250739677903,0.28556850128354505,0.3,ok
lorenz63,edmd_rbf,EDMD-RBF,32,0.16,0.05,3,5,0.6,0.7490230891712837,0.34304864453464134,0.3,ok
lorenz63,baseline,Baseline,32,0.16,0.05,4,1,0.5333333333333333,1.1885501192186028,0.24369253811000408,1.0,ok
lorenz63,edmd_poly3,EDMD-polynomial,32,0.16,0.05,4,5,0.5,1.6886302744158723,0.18596829945635768,0.3,ok
lorenz63,edmd_rbf,EDMD-RBF,32,0.16,0.05,4,5,0.6153846153846154,1.2569492390917687,0.27266214265069416,1.0,ok
lorenz63,baseline,Baseline,32,0.16,0.05,5,1,0.7058823529411765,1.1847644636814922,0.3230931135485936,0.3,ok
lorenz63,edmd_poly3,EDMD-polynomial,32,0.16,0.05,5,5,0.631578947368421,0.8309727058209654,0.34494175984192826,0.3,ok
lorenz63,edmd_rbf,EDMD-RBF,32,0.16,0.05,5,5,0.6153846153846154,1.27779512844937,0.27016679757478634,1.0,ok
lorenz63,baseline,Baseline,32,0.16,0.05,6,1,0.6666666666666666,1.1699403296953026,0.3072281101666414,1.0,ok
lorenz63,edmd_poly3,EDMD-polynomial,32,0.16,0.05,6,5,0.5333333333333333,1.3464986053214412,0.2272890050408844,1.0,ok
lorenz63,edmd_rbf,EDMD-RBF,32,0.16,0.05,6,5,0.6666666666666666,1.277619985725821,0.2927032037147393,1.0,ok
lorenz63,baseline,Baseline,32,0.16,0.05,7,1,0.631578947368421,1.9944456332796316,0.21091681890937908,0.3,ok
lorenz63,edmd_poly3,EDMD-polynomial,32,0.16,0.05,7,5,0.6,0.6602034656466464,0.3614014862728292,0.3,ok
lorenz63,edmd_rbf,EDMD-RBF,32,0.16,0.05,7,5,0.631578947368421,0.9071693991277464,0.3311603823222399,0.3,ok
lorenz63,baseline,Baseline,32,0.16,0.05,8,1,0.7272727272727273,1.174668015794441,0.33442931150437827,1.0,ok
lorenz63,edmd_poly3,EDMD-polynomial,32,0.16,0.05,8,5,0.6666666666666666,1.360142427123258,0.282468828577967,0.3,ok
lorenz63,edmd_rbf,EDMD-RBF,32,0.16,0.05,8,5,0.7,1.2208998446210286,0.3151875586354715,0.3,ok
lorenz63,baseline,Baseline,32,0.16,0.05,9,1,0.6153846153846154,1.182955367052888,0.2819043507130515,1.0,ok
lorenz63,edmd_poly3,EDMD-polynomial,32,0.16,0.05,9,5,0.6666666666666666,0.33024497665976843,0.5011608225280879,0.3,ok
lorenz63,edmd_rbf,EDMD-RBF,32,0.16,0.05,9,5,0.5,1.2984195930491258,0.21754078389868353,1.0,ok
lorenz63,baseline,Baseline,32,0.16,0.1,0,1,0.47058823529411764,1.9391614666181993,0.16010969136567263,0.3,ok
lorenz63,edmd_poly3,EDMD-polynomial,32,0.16,0.1,0,5,0.5714285714285714,1.4060538120971773,0.23749617259411995,0.3,ok
lorenz63,edmd_rbf,EDMD-RBF,32,0.16,0.1,0,5,0.6153846153846154,1.128553569170469,0.2891092920083005,1.0,ok
lorenz63,baseline,Baseline,32,0.16,0.1,1,1,0.6,0.9712932333974027,0.30436872091623673,1.0,ok
lorenz63,edmd_poly3,EDMD-polynomial,32,0.16,0.1,1,5,0.5,0.701042273827137,0.2939374333567038,0.3,ok
lorenz63,edmd_rbf,EDMD-RBF,32,0.16,0.1,1,5,0.6666666666666666,1.297536467043524,0.2901658694995754,0.3,ok
lorenz63,baseline,Baseline,32,0.16,0.1,2,1,0.5,1.2244255855619712,0.22477713044002848,1.0,ok
lorenz63,edmd_poly3,EDMD-polynomial,32,0.16,0.1,2,5,0.43478260869565216,41.750558499650914,0.010170220552772485,0.3,ok
lorenz63,edmd_rbf,EDMD-RBF,32,0.16,0.1,2,5,0.4375,1.5161785746767198,0.17387478154495067,0.03,ok
lorenz63,baseline,Baseline,32,0.16,0.1,3,1,0.6666666666666666,1.7744150073458833,0.24029089552266614,0.3,ok
lorenz63,edmd_poly3,EDMD-polynomial,32,0.16,0.1,3,5,0.6666666666666666,2.001955643218415,0.22207745413317606,0.3,ok
lorenz63,edmd_rbf,EDMD-RBF,32,0.16,0.1,3,5,0.7368421052631579,0.8676206854134115,0.39453520247343615,0.3,ok
lorenz63,baseline,Baseline,32,0.16,0.1,4,1,0.6666666666666666,1.1857337522864415,0.3050081767595359,1.0,ok
lorenz63,edmd_poly3,EDMD-polynomial,32,0.16,0.1,4,5,0.6153846153846154,1.3055166448486235,0.266918313845017,1.0,ok
lorenz63,edmd_rbf,EDMD-RBF,32,0.16,0.1,4,5,0.6666666666666666,1.8300773409337927,0.2355648225665444,0.3,ok
lorenz63,baseline,Baseline,32,0.16,0.1,5,1,0.6666666666666666,1.1744626671980736,0.30658915267821396,1.0,ok
lorenz63,edmd_poly3,EDMD-polynomial,32,0.16,0.1,5,5,0.7368421052631579,0.8301709000127689,0.4026083603766276,0.3,ok
lorenz63,edmd_rbf,EDMD-RBF,32,0.16,0.1,5,5,0.42857142857142855,1.3056613299711293,0.1858778750376123,1.0,ok
lorenz63,baseline,Baseline,32,0.16,0.1,6,1,0.6153846153846154,1.1921188735907433,0.2807259327030019,1.0,ok
lorenz63,edmd_poly3,EDMD-polynomial,32,0.16,0.1,6,5,0.7,0.82031068343963,0.3845497399802605,0.3,ok
lorenz63,edmd_rbf,EDMD-RBF,32,0.16,0.1,6,5,0.6086956521739131,1.1808609689824239,0.27910795820144674,0.3,ok
lorenz63,baseline,Baseline,32,0.16,0.1,7,1,0.6153846153846154,1.16846965472243,0.28378751533112245,1.0,ok
lorenz63,edmd_poly3,EDMD-polynomial,32,0.16,0.1,7,5,0.5454545454545454,1.6248857453526582,0.2078012524622334,0.3,ok
lorenz63,edmd_rbf,EDMD-RBF,32,0.16,0.1,7,5,0.7777777777777778,1.0654783104243537,0.37656061254789114,0.3,ok
lorenz63,baseline,Baseline,32,0.16,0.1,8,1,0.6666666666666666,1.1961160820684218,0.3035662240762627,1.0,ok
lorenz63,edmd_poly3,EDMD-polynomial,32,0.16,0.1,8,5,0.6666666666666666,1.2815549528968895,0.29219838243220936,1.0,ok
lorenz63,edmd_rbf,EDMD-RBF,32,0.16,0.1,8,5,0.6666666666666666,1.2078056081190065,0.3019589515558163,0.3,ok
lorenz63,baseline,Baseline,32,0.16,0.1,9,1,0.5,1.1619050328612155,0.23127750405311062,1.0,ok
lorenz63,edmd_poly3,EDMD-polynomial,32,0.16,0.1,9,5,0.5882352941176471,1.5240394552834688,0.23305312953262997,0.3,ok
lorenz63,edmd_rbf,EDMD-RBF,32,0.16,0.1,9,5,0.16666666666666666,1.8496647266033375,0.05848641249292694,1.0,ok
lorenz63,baseline,Baseline,64,0.32,0.0,0,1,0.6666666666666666,1.0275093730742935,0.3288106459679672,1.0,ok
lorenz63,edmd_poly3,EDMD-polynomial,64,0.32,0.0,0,5,0.5714285714285714,1.2194686534582722,0.257461879688275,0.3,ok
lorenz63,edmd_rbf,EDMD-RBF,64,0.32,0.0,0,5,0.5,1.3493239876061698,0.21282718034538614,0.1,ok
lorenz63,baseline,Baseline,64,0.32,0.0,1,1,0.6666666666666666,1.0275093730742935,0.3288106459679672,1.0,ok
lorenz63,edmd_poly3,EDMD-polynomial,64,0.32,0.0,1,5,0.5714285714285714,1.2194686534582722,0.257461879688275,0.3,ok
lorenz63,edmd_rbf,EDMD-RBF,64,0.32,0.0,1,5,0.5,1.349324178220929,0.2128271630774407,0.1,ok
lorenz63,baseline,Baseline,64,0.32,0.0,2,1,0.6666666666666666,1.0275093730742935,0.3288106459679672,1.0,ok
lorenz63,edmd_poly3,EDMD-polynomial,64,0.32,0.0,2,5,0.5714285714285714,1.2194686534582722,0.257461879688275,0.3,ok
lorenz63,edmd_rbf,EDMD-RBF,64,0.32,0.0,2,5,0.5,1.349324149906338,0.21282716564248225,0.1,ok
lorenz63,baseline,Baseline,64,0.32,0.0,3,1,0.6666666666666666,1.0275093730742935,0.3288106459679672,1.0,ok
lorenz63,edmd_poly3,EDMD-polynomial,64,0.32,0.0,3,5,0.5714285714285714,1.2194686534582722,0.257461879688275,0.3,ok
lorenz63,edmd_rbf,EDMD-RBF,64,0.32,0.0,3,5,0.5,1.3493241317650915,0.2128271672859124,0.1,ok
lorenz63,baseline,Baseline,64,0.32,0.0,4,1,0.6666666666666666,1.0275093730742935,0.3288106459679672,1.0,ok
lorenz63,edmd_poly3,EDMD-polynomial,64,0.32,0.0,4,5,0.5714285714285714,1.2194686534582722,0.257461879688275,0.3,ok
lorenz63,edmd_rbf,EDMD-RBF,64,0.32,0.0,4,5,0.5,1.3493241757718275,0.21282716329930676,0.1,ok
lorenz63,baseline,Baseline,64,0.32,0.0,5,1,0.6666666666666666,1.0275093730742935,0.3288106459679672,1.0,ok
lorenz63,edmd_poly3,EDMD-polynomial,64,0.32,0.0,5,5,0.5714285714285714,1.2194686534582722,0.257461879688275,0.3,ok
lorenz63,edmd_rbf,EDMD-RBF,64,0.32,0.0,5,5,0.5,1.3493241564280396,0.21282716505167606,0.1,ok
lorenz63,baseline,Baseline,64,0.32,0.0,6,1,0.6666666666666666,1.0275093730742935,0.3288106459679672,1.0,ok
lorenz63,edmd_poly3,EDMD-polynomial,64,0.32,0.0,6,5,0.5714285714285714,1.2194686534582722,0.257461879688275,0.3,ok
lorenz63,edmd_rbf,EDMD-RBF,64,0.32,0.0,6,5,0.5,1.3493241515543009,0.21282716549319197,0.1,ok
lorenz63,baseline,Baseline,64,0.32,0.0,7,1,0.6666666666666666,1.0275093730742935,0.3288106459679672,1.0,ok
lorenz63,edmd_poly3,EDMD-polynomial,64,0.32,0.0,7,5,0.5714285714285714,1.2194686534582722,0.257461879688275,0.3,ok
lorenz63,edmd_rbf,EDMD-RBF,64,0.32,0.0,7,5,0.5,1.349324054576377,0.2128271742785005,0.1,ok
lorenz63,baseline,Baseline,64,0.32,0.0,8,1,0.6666666666666666,1.0275093730742935,0.3288106459679672,1.0,ok
lorenz63,edmd_poly3,EDMD-polynomial,64,0.32,0.0,8,5,0.5714285714285714,1.2194686534582722,0.257461879688275,0.3,ok
lorenz63,edmd_rbf,EDMD-RBF,64,0.32,0.0,8,5,0.5,1.3493241373221867,0.21282716678249064,0.1,ok
lorenz63,baseline,Baseline,64,0.32,0.0,9,1,0.6666666666666666,1.0275093730742935,0.3288106459679672,1.0,ok
lorenz63,edmd_poly3,EDMD-polynomial,64,0.32,0.0,9,5,0.5714285714285714,1.2194686534582722,0.257461879688275,0.3,ok
lorenz63,edmd_rbf,EDMD-RBF,64,0.32,0.0,9,5,0.5,1.3493241747691413,0.21282716339014088,0.1,ok
lorenz63,baseline,Baseline,64,0.32,0.01,0,1,0.6363636363636364,1.527315973819866,0.2517942524621549,0.1,ok
lorenz63,edmd_poly3,EDMD-polynomial,64,0.32,0.01,0,5,0.631578947368421,1.0642298740394982,0.3059634759245501,0.3,ok
lorenz63,edmd_rbf,EDMD-RBF,64,0.32,0.01,0,5,0.47058823529411764,1.526459787305853,0.18626389292185805,0.3,ok
lorenz63,baseline,Baseline,64,0.32,0.01,1,1,0.47619047619047616,1.2860135568805136,0.20830605958447773,0.3,ok
lorenz63,edmd_poly3,EDMD-polynomial,64,0.32,0.01,1,5,0.5333333333333333,1.077495786630206,0.25671933332698815,1.0,ok
lorenz63,edmd_rbf,EDMD-RBF,64,0.32,0.01,1,5,0.47619047619047616,1.1050747092860502,0.22621072501126538,0.3,ok
lorenz63,baseline,Baseline,64,0.32,0.01,2,1,0.5454545454545454,1.4010291190696416,0.22717531458589718,0.3,ok
lorenz63,edmd_poly3,EDMD-polynomial,64,0.32,0.01,2,5,0.625,1.0525400948388826,0.3045007508362756,0.3,ok
lorenz63,edmd_rbf,EDMD-RBF,64,0.32,0.01,2,5,0.4827586206896552,1.8604987915700484,0.16876728705929023,0.1,ok
lorenz63,baseline,Baseline,64,0.32,0.01,3,1,0.6153846153846154,1.0280254600819991,0.30344028095176556,0.3,ok
lorenz63,edmd_poly3,EDMD-polynomial,64,0.32,0.01,3,5,0.43478260869565216,1.1917611360700118,0.19837134692298142,0.1,ok
lorenz63,edmd_rbf,EDMD-RBF,64,0.32,0.01,3,5,0.5263157894736842,1.5893277099380212,0.2032634909260992,0.3,ok
lorenz63,baseline,Baseline,64,0.32,0.01,4,1,0.36363636363636365,1.0583099360825914,0.17666744801730017,0.3,ok
lorenz63,edmd_poly3,EDMD-polynomial,64,0.32,0.01,4,5,0.6666666666666666,1.1427730082410594,0.31112332669054577,0.3,ok
lorenz63,edmd_rbf,EDMD-RBF,64,0.32,0.01,4,5,0.45161290322580644,1.086454789712168,0.2164498868859304,0.03,ok
lorenz63,baseline,Baseline,64,0.32,0.01,5,1,0.6666666666666666,1.0276029525861932,0.3287954704427403,1.0,ok
lorenz63,edmd_poly3,EDMD-polynomial,64,0.32,0.01,5,5,0.41379310344827586,1.3678661661315263,0.17475358589387907,0.1,ok
lorenz63,edmd_rbf,EDMD-RBF,64,0.32,0.01,5,5,0.5333333333333333,1.2608744825454274,0.23589692282823008,0.3,ok
lorenz63,baseline,Baseline,64,0.32,0.01,6,1,0.5714285714285714,1.0289699300608626,0.28163481526383705,0.3,ok
lorenz63,edmd_poly3,EDMD-polynomial,64,0.32,0.01,6,5,0.5333333333333333,1.069750741286621,0.25767998179423135,1.0,ok
lorenz63,edmd_rbf,EDMD-RBF,64,0.32,0.01,6,5,0.5,1.1572078838361364,0.23178109246979764,0.1,ok
lorenz63,baseline,Baseline,64,0.32,0.01,7,1,0.6086956521739131,1.4800743975181765,0.24543443244405813,0.1,ok
lorenz63,edmd_poly3,EDMD-polynomial,64,0.32,0.01,7,5,0.5714285714285714,1.1575898358676069,0.2648457839062768,0.3,ok
lorenz63,edmd_rbf,EDMD-RBF,64,0.32,0.01,7,5,0.3888888888888889,1.8289755825858813,0.1374663292545697,0.03,ok
lorenz63,baseline,Baseline,64,0.32,0.01,8,1,0.5714285714285714,1.0287656759108583,0.2816631699824161,0.3,ok
lorenz63,edmd_poly3,EDMD-polynomial,64,0.32,0.01,8,5,0.5454545454545454,1.1510875284776383,0.25357152520919174,0.1,ok
lorenz63,edmd_rbf,EDMD-RBF,64,0.32,0.01,8,5,0.36363636363636365,1.0254818295751182,0.17953079525410653,0.3,ok
lorenz63,baseline,Baseline,64,0.32,0.01,9,1,0.5714285714285714,1.0285025436645345,0.28169970662017174,0.3,ok
lorenz63,edmd_poly3,EDMD-polynomial,64,0.32,0.01,9,5,0.5714285714285714,1.0701869207056665,0.2760275247192597,1.0,ok
lorenz63,edmd_rbf,EDMD-RBF,64,0.32,0.01,9,5,0.42857142857142855,1.1987139756767604,0.19491913605520927,1.0,ok
lorenz63,baseline,Baseline,64,0.32,0.03,0,1,0.5714285714285714,1.0296962078365128,0.28153403904600416,0.3,ok
lorenz63,edmd_poly3,EDMD-polynomial,64,0.32,0.03,0,5,0.5,1.1173776340361266,0.23614115496577925,1.0,ok
lorenz63,edmd_rbf,EDMD-RBF,64,0.32,0.03,0,5,0.5714285714285714,1.145550960331085,0.2663318569419544,1.0,ok
lorenz63,baseline,Baseline,64,0.32,0.03,1,1,0.6666666666666666,1.0284738947079153,0.32865429937547286,1.0,ok
lorenz63,edmd_poly3,EDMD-polynomial,64,0.32,0.03,1,5,0.5333333333333333,1.1088894350500207,0.25289772164878016,1.0,ok
lorenz63,edmd_rbf,EDMD-RBF,64,0.32,0.03,1,5,0.631578947368421,1.0797880506028985,0.3036746687650869,0.3,ok
lorenz63,baseline,Baseline,64,0.32,0.03,2,1,0.5714285714285714,1.0289480938006248,0.28163784631777916,0.3,ok
lorenz63,edmd_poly3,EDMD-polynomial,64,0.32,0.03,2,5,0.6153846153846154,1.0724612192508702,0.29693420058642045,1.0,ok
lorenz63,edmd_rbf,EDMD-RBF,64,0.32,0.03,2,5,0.5714285714285714,1.1106312223503956,0.2707382347884674,1.0,ok
lorenz63,baseline,Baseline,64,0.32,0.03,3,1,0.5882352941176471,1.0087308344888533,0.2928392814099112,0.3,ok
lorenz63,edmd_poly3,EDMD-polynomial,64,0.32,0.03,3,5,0.4444444444444444,1.5571439251462018,0.17380501741568333,0.3,ok
lorenz63,edmd_rbf,EDMD-RBF,64,0.32,0.03,3,5,0.5333333333333333,1.075986817826111,0.25690593444703,1.0,ok
lorenz63,baseline,Baseline,64,0.32,0.03,4,1,0.6666666666666666,1.0286465722783036,0.32862632445530227,1.0,ok
lorenz63,edmd_poly3,EDMD-polynomial,64,0.32,0.03,4,5,0.6666666666666666,1.0541423834973964,0.324547447159722,1.0,ok
lorenz63,edmd_rbf,EDMD-RBF,64,0.32,0.03,4,5,0.5714285714285714,1.0520398787056524,0.2784685509079904,1.0,ok
lorenz63,baseline,Baseline,64,0.32,0.03,5,1,0.6666666666666666,1.0283928009433227,0.3286674387508313,1.0,ok
lorenz63,edmd_poly3,EDMD-polynomial,64,0.32,0.03,5,5,0.5714285714285714,1.4272533237909832,0.23542189265028626,0.3,ok
lorenz63,edmd_rbf,EDMD-RBF,64,0.32,0.03,5,5,0.5555555555555556,1.296005680390277,0.24196610674809904,0.3,ok
lorenz63,baseline,Baseline,64,0.32,0.03,6,1,0.7272727272727273,1.0278277870959496,0.3586461986075523,1.0,ok
lorenz63,edmd_poly3,EDMD-polynomial,64,0.32,0.03,6,5,0.5333333333333333,1.087260310337748,0.2555183609307612,1.0,ok
lorenz63,edmd_rbf,EDMD-RBF,64,0.32,0.03,6,5,0.5714285714285714,1.0900561363518977,0.27340345624686196,1.0,ok
lorenz63,baseline,Baseline,64,0.32,0.03,7,1,0.5714285714285714,1.029667815146069,0.28153797737953856,0.3,ok
lorenz63,edmd_poly3,EDMD-polynomial,64,0.32,0.03,7,5,0.6666666666666666,1.0191269852794154,0.3301757004522479,0.3,ok
lorenz63,edmd_rbf,EDMD-RBF,64,0.32,0.03,7,5,0.5714285714285714,2.503595529083061,0.1630977567716334,0.3,ok
lorenz63,baseline,Baseline,64,0.32,0.03,8,1,0.5714285714285714,1.0279942663672335,0.28177030916964924,0.3,ok
lorenz63,edmd_poly3,EDMD-polynomial,64,0.32,0.03,8,5,0.5882352941176471,1.2075740198834914,0.26646231964112904,0.3,ok
lorenz63,edmd_rbf,EDMD-RBF,64,0.32,0.03,8,5,0.3333333333333333,0.9562365990414157,0.17039520347215234,1.0,ok
lorenz63,baseline,Baseline,64,0.32,0.03,9,1,0.5714285714285714,1.0284402667994055,0.2817083553217989,0.3,ok
lorenz63,edmd_poly3,EDMD-polynomial,64,0.32,0.03,9,5,0.631578947368421,1.1108113070342966,0.29921146682494965,0.3,ok
lorenz63,edmd_rbf,EDMD-RBF,64,0.32,0.03,9,5,0.4,1.8968746653354873,0.138079843352034,0.3,ok
lorenz63,baseline,Baseline,64,0.32,0.05,0,1,0.4,1.057091993004485,0.19444925232331497,1.0,ok
lorenz63,edmd_poly3,EDMD-polynomial,64,0.32,0.05,0,5,0.5333333333333333,1.0813473751698586,0.2562442673894395,1.0,ok
lorenz63,edmd_rbf,EDMD-RBF,64,0.32,0.05,0,5,0.47058823529411764,1.9759836479390656,0.15812863609650893,0.3,ok
lorenz63,baseline,Baseline,64,0.32,0.05,1,1,0.6153846153846154,1.0285895535245937,0.3033559027825068,1.0,ok
lorenz63,edmd_poly3,EDMD-polynomial,64,0.32,0.05,1,5,0.5333333333333333,1.8442714831309652,0.18751140195177207,1.0,ok
lorenz63,edmd_rbf,EDMD-RBF,64,0.32,0.05,1,5,0.36363636363636365,3.1129202241452334,0.08841318183163553,0.3,ok
lorenz63,baseline,Baseline,64,0.32,0.05,2,1,0.6666666666666666,1.0275774502705752,0.3287996059424026,1.0,ok
lorenz63,edmd_poly3,EDMD-polynomial,64,0.32,0.05,2,5,0.4827586206896552,1.3246613251195976,0.20766836677373574,0.1,ok
lorenz63,edmd_rbf,EDMD-RBF,64,0.32,0.05,2,5,0.5714285714285714,2.072007381753275,0.18601145779227984,0.3,ok
lorenz63,baseline,Baseline,64,0.32,0.05,3,1,0.6666666666666666,1.0338825160908587,0.3277803223108512,0.3,ok
lorenz63,edmd_poly3,EDMD-polynomial,64,0.32,0.05,3,5,0.6153846153846154,1.0501981443413866,0.30015860519779364,1.0,ok
lorenz63,edmd_rbf,EDMD-RBF,64,0.32,0.05,3,5,0.7058823529411765,1.0844143229794923,0.3386478135173136,0.3,ok
lorenz63,baseline,Baseline,64,0.32,0.05,4,1,0.6666666666666666,1.0277163694675013,0.3287770798248968,1.0,ok
lorenz63,edmd_poly3,EDMD-polynomial,64,0.32,0.05,4,5,0.5,1.4934728501789172,0.20052353887234942,0.3,ok
lorenz63,edmd_rbf,EDMD-RBF,64,0.32,0.05,4,5,0.5,2.859798005611636,0.1295404576283697,0.1,ok
lorenz63,baseline,Baseline,64,0.32,0.05,5,1,0.6153846153846154,1.0300387433207892,0.3031393452018327,1.0,ok
lorenz63,edmd_poly3,EDMD-polynomial,64,0.32,0.05,5,5,0.5714285714285714,1.0305416202098243,0.28141682285218234,1.0,ok
lorenz63,edmd_rbf,EDMD-RBF,64,0.32,0.05,5,5,0.42105263157894735,1.536550202215907,0.16599420394326103,0.3,ok
lorenz63,baseline,Baseline,64,0.32,0.05,6,1,0.5714285714285714,1.0286018390956357,0.2816859180623232,0.3,ok
lorenz63,edmd_poly3,EDMD-polynomial,64,0.32,0.05,6,5,0.5333333333333333,1.0342854718521886,0.2621723158882616,0.3,ok
lorenz63,edmd_rbf,EDMD-RBF,64,0.32,0.05,6,5,0.5714285714285714,1.3308248953995894,0.24516151880667444,1.0,ok
lorenz63,baseline,Baseline,64,0.32,0.05,7,1,0.36363636363636365,1.056127312998758,0.1768549842888952,0.3,ok
lorenz63,edmd_poly3,EDMD-polynomial,64,0.32,0.05,7,5,0.375,5.45263301662701,0.0581158108687892,0.1,ok
lorenz63,edmd_rbf,EDMD-RBF,64,0.32,0.05,7,5,0.47058823529411764,1.1923888316134836,0.21464633850911805,0.3,ok
lorenz63,baseline,Baseline,64,0.32,0.05,8,1,0.5714285714285714,1.0300261197162042,0.2814882852386434,0.3,ok
lorenz63,edmd_poly3,EDMD-polynomial,64,0.32,0.05,8,5,0.5333333333333333,1.0714301932697856,0.25747106277883214,1.0,ok
lorenz63,edmd_rbf,EDMD-RBF,64,0.32,0.05,8,5,0.5555555555555556,1.0813258871751803,0.26692386760708936,0.3,ok
lorenz63,baseline,Baseline,64,0.32,0.05,9,1,0.5714285714285714,1.027524565136937,0.281835584758983,0.3,ok
lorenz63,edmd_poly3,EDMD-polynomial,64,0.32,0.05,9,5,0.6666666666666666,1.0580358069643094,0.3239334633589434,1.0,ok
lorenz63,edmd_rbf,EDMD-RBF,64,0.32,0.05,9,5,0.46153846153846156,1.837750428062789,0.162642372272862,0.1,ok
lorenz63,baseline,Baseline,64,0.32,0.1,0,1,0.6666666666666666,1.0258580661426857,0.32907866439825495,1.0,ok
lorenz63,edmd_poly3,EDMD-polynomial,64,0.32,0.1,0,5,0.5,0.9840852755608952,0.2520052974329198,1.0,ok
lorenz63,edmd_rbf,EDMD-RBF,64,0.32,0.1,0,5,0.5,1.0534167781796504,0.24349659811548288,1.0,ok
lorenz63,baseline,Baseline,64,0.32,0.1,1,1,0.5,1.0516802289847715,0.24370269447272194,0.3,ok
lorenz63,edmd_poly3,EDMD-polynomial,64,0.32,0.1,1,5,0.5714285714285714,1.0503579452422294,0.27869698203406273,1.0,ok
lorenz63,edmd_rbf,EDMD-RBF,64,0.32,0.1,1,5,0.4117647058823529,2.0124780251709646,0.13668637661148894,0.03,ok
lorenz63,baseline,Baseline,64,0.32,0.1,2,1,0.6666666666666666,1.0267030388962322,0.3289414649665407,1.0,ok
lorenz63,edmd_poly3,EDMD-polynomial,64,0.32,0.1,2,5,0.5263157894736842,1.1756473044230051,0.24191227521285502,0.3,ok
lorenz63,edmd_rbf,EDMD-RBF,64,0.32,0.1,2,5,0.625,1.7218013182715675,0.229627341203911,1.0,ok
lorenz63,baseline,Baseline,64,0.32,0.1,3,1,0.5714285714285714,1.025257855131605,0.2821510209086136,0.3,ok
lorenz63,edmd_poly3,EDMD-polynomial,64,0.32,0.1,3,5,0.47058823529411764,1.9404344787798005,0.16004037453995534,0.3,ok
lorenz63,edmd_rbf,EDMD-RBF,64,0.32,0.1,3,5,0.3870967741935484,1.7358537791263569,0.14149030081467306,0.1,ok
lorenz63,baseline,Baseline,64,0.32,0.1,4,1,0.6153846153846154,1.0323035382155876,0.30280152733726884,1.0,ok
lorenz63,edmd_poly3,EDMD-polynomial,64,0.32,0.1,4,5,0.6153846153846154,1.0283599939760473,0.3033902350727799,1.0,ok
lorenz63,edmd_rbf,EDMD-RBF,64,0.32,0.1,4,5,0.5333333333333333,1.4241973253318276,0.22000409280227626,1.0,ok
lorenz63,baseline,Baseline,64,0.32,0.1,5,1,0.6153846153846154,1.0263348602229265,0.30369344547372296,0.3,ok
lorenz63,edmd_poly3,EDMD-polynomial,64,0.32,0.1,5,5,0.4827586206896552,2.728050771305474,0.12949357460617542,0.1,ok
lorenz63,edmd_rbf,EDMD-RBF,64,0.32,0.1,5,5,0.3076923076923077,1.028780469780178,0.15166367789692237,1.0,ok
lorenz63,baseline,Baseline,64,0.32,0.1,6,1,0.6153846153846154,1.0357202542373685,0.30229331073544474,1.0,ok
lorenz63,edmd_poly3,EDMD-polynomial,64,0.32,0.1,6,5,0.47619047619047616,2.2850902777699527,0.14495506544000758,0.3,ok
lorenz63,edmd_rbf,EDMD-RBF,64,0.32,0.1,6,5,0.42857142857142855,2.2671813939919834,0.13117466613868703,0.1,ok
lorenz63,baseline,Baseline,64,0.32,0.1,7,1,0.6666666666666666,1.0375967677097748,0.32718282499828905,0.3,ok
lorenz63,edmd_poly3,EDMD-polynomial,64,0.32,0.1,7,5,0.6,1.2727733597920654,0.26399464663511085,0.3,ok
lorenz63,edmd_rbf,EDMD-RBF,64,0.32,0.1,7,5,0.5333333333333333,1.1374471121400094,0.2495188443747554,1.0,ok
lorenz63,baseline,Baseline,64,0.32,0.1,8,1,0.5714285714285714,1.0229049700297914,0.2824791969442618,0.3,ok
lorenz63,edmd_poly3,EDMD-polynomial,64,0.32,0.1,8,5,0.6153846153846154,1.0391600399504508,0.301783383024497,1.0,ok
lorenz63,edmd_rbf,EDMD-RBF,64,0.32,0.1,8,5,0.4,1.191871146754362,0.1824924793559624,0.3,ok
lorenz63,baseline,Baseline,64,0.32,0.1,9,1,0.5333333333333333,1.029740431660803,0.26275937800428095,0.3,ok
lorenz63,edmd_poly3,EDMD-polynomial,64,0.32,0.1,9,5,0.5333333333333333,1.163011660856871,0.2465697910856638,0.3,ok
lorenz63,edmd_rbf,EDMD-RBF,64,0.32,0.1,9,5,0.5555555555555556,1.4900094813019806,0.22311383138391333,0.3,ok
vanderpol_mu2,baseline,Baseline,8,0.04,0.0,0,1,1.0,0.007147081279542879,0.9929036370035816,0.03,ok
vanderpol_mu2,edmd_poly3,EDMD-polynomial,8,0.04,0.0,0,5,1.0,0.00023877480333029728,0.9997612821964662,0.0003,ok
vanderpol_mu2,edmd_rbf,EDMD-RBF,8,0.04,0.0,0,5,1.0,0.00027773166203045734,0.9997223454514289,0.001,ok
vanderpol_mu2,baseline,Baseline,8,0.04,0.0,1,1,1.0,0.007147081279542879,0.9929036370035816,0.03,ok
vanderpol_mu2,edmd_poly3,EDMD-polynomial,8,0.04,0.0,1,5,1.0,0.00023877480333029728,0.9997612821964662,0.0003,ok
vanderpol_mu2,edmd_rbf,EDMD-RBF,8,0.04,0.0,1,5,1.0,0.0002721285800711237,0.9997279454537463,0.0003,ok
vanderpol_mu2,baseline,Baseline,8,0.04,0.0,2,1,1.0,0.007147081279542879,0.9929036370035816,0.03,ok
vanderpol_mu2,edmd_poly3,EDMD-polynomial,8,0.04,0.0,2,5,1.0,0.00023877480333029728,0.9997612821964662,0.0003,ok
vanderpol_mu2,edmd_rbf,EDMD-RBF,8,0.04,0.0,2,5,1.0,0.0002689087049483467,0.9997311635875032,0.0003,ok
vanderpol_mu2,baseline,Baseline,8,0.04,0.0,3,1,1.0,0.007147081279542879,0.9929036370035816,0.03,ok
vanderpol_mu2,edmd_poly3,EDMD-polynomial,8,0.04,0.0,3,5,1.0,0.00023877480333029728,0.9997612821964662,0.0003,ok
vanderpol_mu2,edmd_rbf,EDMD-RBF,8,0.04,0.0,3,5,1.0,0.0002748985604258481,0.9997251769880244,0.001,ok
vanderpol_mu2,baseline,Baseline,8,0.04,0.0,4,1,1.0,0.007147081279542879,0.9929036370035816,0.03,ok
vanderpol_mu2,edmd_poly3,EDMD-polynomial,8,0.04,0.0,4,5,1.0,0.00023877480333029728,0.9997612821964662,0.0003,ok
vanderpol_mu2,edmd_rbf,EDMD-RBF,8,0.04,0.0,4,5,1.0,0.0002662231665488374,0.999733847689362,0.0003,ok
vanderpol_mu2,baseline,Baseline,8,0.04,0.0,5,1,1.0,0.007147081279542879,0.9929036370035816,0.03,ok
vanderpol_mu2,edmd_poly3,EDMD-polynomial,8,0.04,0.0,5,5,1.0,0.00023877480333029728,0.9997612821964662,0.0003,ok
vanderpol_mu2,edmd_rbf,EDMD-RBF,8,0.04,0.0,5,5,1.0,0.00026284810885122994,0.999737220962122,0.0003,ok
vanderpol_mu2,baseline,Baseline,8,0.04,0.0,6,1,1.0,0.007147081279542879,0.9929036370035816,0.03,ok
vanderpol_mu2,edmd_poly3,EDMD-polynomial,8,0.04,0.0,6,5,1.0,0.00023877480333029728,0.9997612821964662,0.0003,ok
vanderpol_mu2,edmd_rbf,EDMD-RBF,8,0.04,0.0,6,5,1.0,0.0002608642941948122,0.999739203738238,0.0003,ok
vanderpol_mu2,baseline,Baseline,8,0.04,0.0,7,1,1.0,0.007147081279542879,0.9929036370035816,0.03,ok
vanderpol_mu2,edmd_poly3,EDMD-polynomial,8,0.04,0.0,7,5,1.0,0.00023877480333029728,0.9997612821964662,0.0003,ok
vanderpol_mu2,edmd_rbf,EDMD-RBF,8,0.04,0.0,7,5,1.0,0.00026560641704166877,0.9997344641109944,0.001,ok
vanderpol_mu2,baseline,Baseline,8,0.04,0.0,8,1,1.0,0.007147081279542879,0.9929036370035816,0.03,ok
vanderpol_mu2,edmd_poly3,EDMD-polynomial,8,0.04,0.0,8,5,1.0,0.00023877480333029728,0.9997612821964662,0.0003,ok
vanderpol_mu2,edmd_rbf,EDMD-RBF,8,0.04,0.0,8,5,1.0,0.00026131178110582576,0.9997387564849023,0.0003,ok
vanderpol_mu2,baseline,Baseline,8,0.04,0.0,9,1,1.0,0.007147081279542879,0.9929036370035816,0.03,ok
vanderpol_mu2,edmd_poly3,EDMD-polynomial,8,0.04,0.0,9,5,1.0,0.00023877480333029728,0.9997612821964662,0.0003,ok
vanderpol_mu2,edmd_rbf,EDMD-RBF,8,0.04,0.0,9,5,1.0,0.0002680998949811192,0.9997319719633074,0.0003,ok
vanderpol_mu2,baseline,Baseline,8,0.04,0.01,0,1,1.0,0.007958215626583743,0.9921046175295702,0.01,ok
vanderpol_mu2,edmd_poly3,EDMD-polynomial,8,0.04,0.01,0,5,1.0,0.0014547655976943025,0.9985473476709396,0.01,ok
vanderpol_mu2,edmd_rbf,EDMD-RBF,8,0.04,0.01,0,5,1.0,0.0014603855992405901,0.9985417440167973,0.01,ok
vanderpol_mu2,baseline,Baseline,8,0.04,0.01,1,1,1.0,0.0056898567860673805,0.9943423345202558,0.01,ok
vanderpol_mu2,edmd_poly3,EDMD-polynomial,8,0.04,0.01,1,5,1.0,0.0029058433515006224,0.9971025761084512,0.01,ok
vanderpol_mu2,edmd_rbf,EDMD-RBF,8,0.04,0.01,1,5,1.0,0.0028186986274266307,0.997189224102737,0.01,ok
vanderpol_mu2,baseline,Baseline,8,0.04,0.01,2,1,1.0,0.007808500641397969,0.9922519996245037,0.01,ok
vanderpol_mu2,edmd_poly3,EDMD-polynomial,8,0.04,0.01,2,5,1.0,0.0009103983936709038,0.9990904296776895,0.01,ok
vanderpol_mu2,edmd_rbf,EDMD-RBF,8,0.04,0.01,2,5,1.0,0.0008731512607815213,0.9991276104672389,0.01,ok
vanderpol_mu2,baseline,Baseline,8,0.04,0.01,3,1,1.0,0.009469357637063162,0.9906194699567415,0.01,ok
vanderpol_mu2,edmd_poly3,EDMD-polynomial,8,0.04,0.01,3,5,1.0,0.0028755863502173988,0.9971326589366059,0.03,ok
vanderpol_mu2,edmd_rbf,EDMD-RBF,8,0.04,0.01,3,5,1.0,0.002930065652953948,0.9970784945498207,0.01,ok
vanderpol_mu2,baseline,Baseline,8,0.04,0.01,4,1,1.0,0.009674279987585386,0.9904184149489237,0.01,ok
vanderpol_mu2,edmd_poly3,EDMD-polynomial,8,0.04,0.01,4,5,1.0,0.0038230570647110043,0.9961915030365112,0.01,ok
vanderpol_mu2,edmd_rbf,EDMD-RBF,8,0.04,0.01,4,5,1.0,0.0037772988950746664,0.9962369154002262,0.01,ok
vanderpol_mu2,baseline,Baseline,8,0.04,0.01,5,1,1.0,0.011049455247082004,0.9890713009242643,0.03,ok
vanderpol_mu2,edmd_poly3,EDMD-polynomial,8,0.04,0.01,5,5,1.0,0.0033759863689466103,0.9966353725674024,0.01,ok
vanderpol_mu2,edmd_rbf,EDMD-RBF,8,0.04,0.01,5,5,1.0,0.003601367440052612,0.9964115558658128,0.03,ok
vanderpol_mu2,baseline,Baseline,8,0.04,0.01,6,1,1.0,0.011067968102094443,0.9890531908325901,0.03,ok
vanderpol_mu2,edmd_poly3,EDMD-polynomial,8,0.04,0.01,6,5,1.0,0.0033853816378614215,0.9966260405026677,0.01,ok
vanderpol_mu2,edmd_rbf,EDMD-RBF,8,0.04,0.01,6,5,1.0,0.003474060278603321,0.9965379670326118,0.01,ok
vanderpol_mu2,baseline,Baseline,8,0.04,0.01,7,1,1.0,0.007121211977217908,0.9929291411078143,0.01,ok
vanderpol_mu2,edmd_poly3,EDMD-polynomial,8,0.04,0.01,7,5,1.0,0.0012596928242927603,0.9987418920053204,0.01,ok
vanderpol_mu2,edmd_rbf,EDMD-RBF,8,0.04,0.01,7,5,1.0,0.001184789486857505,0.9988166125781188,0.01,ok
vanderpol_mu2,baseline,Baseline,8,0.04,0.01,8,1,1.0,0.010294361852794748,0.9898105322156647,0.01,ok
vanderpol_mu2,edmd_poly3,EDMD-polynomial,8,0.04,0.01,8,5,1.0,0.0032115698641462897,0.9967987112981749,0.03,ok
vanderpol_mu2,edmd_rbf,EDMD-RBF,8,0.04,0.01,8,5,1.0,0.003251901723082084,0.9967586388647787,0.01,ok
vanderpol_mu2,baseline,Baseline,8,0.04,0.01,9,1,1.0,0.010147310638181544,0.9899546229234915,0.03,ok
vanderpol_mu2,edmd_poly3,EDMD-polynomial,8,0.04,0.01,9,5,1.0,0.0022581578806701143,0.9977469299073153,0.01,ok
vanderpol_mu2,edmd_rbf,EDMD-RBF,8,0.04,0.01,9,5,1.0,0.0024470379642687738,0.9975589354134479,0.01,ok
vanderpol_mu2,baseline,Baseline,8,0.04,0.03,0,1,1.0,0.007629084534910123,0.9924286777227839,0.1,ok
vanderpol_mu2,edmd_poly3,EDMD-polynomial,8,0.04,0.03,0,5,1.0,0.009778361582811116,0.9903163288550928,0.1,ok
vanderpol_mu2,edmd_rbf,EDMD-RBF,8,0.04,0.03,0,5,1.0,0.00751710040818494,0.9925389847922785,0.1,ok
vanderpol_mu2,baseline,Baseline,8,0.04,0.03,1,1,1.0,0.005229010251972778,0.9947981900655035,0.03,ok
vanderpol_mu2,edmd_poly3,EDMD-polynomial,8,0.04,0.03,1,5,1.0,0.014565450956342436,0.9856436556728668,0.03,ok
vanderpol_mu2,edmd_rbf,EDMD-RBF,8,0.04,0.03,1,5,1.0,0.012902169296572464,0.987262176261768,0.03,ok
vanderpol_mu2,baseline,Baseline,8,0.04,0.03,2,1,1.0,0.01621894802569903,0.9840399078788984,0.03,ok
vanderpol_mu2,edmd_poly3,EDMD-polynomial,8,0.04,0.03,2,5,1.0,0.0020949787500106247,0.9979094010104472,0.1,ok
vanderpol_mu2,edmd_rbf,EDMD-RBF,8,0.04,0.03,2,5,1.0,0.0041308013727835826,0.9958861919511519,0.1,ok
vanderpol_mu2,baseline,Baseline,8,0.04,0.03,3,1,1.0,0.021909127713493296,0.9785605910356093,0.03,ok
vanderpol_mu2,edmd_poly3,EDMD-polynomial,8,0.04,0.03,3,5,1.0,0.010449765135106214,0.9896583031678877,0.03,ok
vanderpol_mu2,edmd_rbf,EDMD-RBF,8,0.04,0.03,3,5,1.0,0.011627197846327616,0.9885064400491792,0.03,ok
vanderpol_mu2,baseline,Baseline,8,0.04,0.03,4,1,1.0,0.01861917611700037,0.9817211608091093,0.03,ok
vanderpol_mu2,edmd_poly3,EDMD-polynomial,8,0.04,0.03,4,5,1.0,0.007216149619515053,0.9928355501227407,0.03,ok
vanderpol_mu2,edmd_rbf,EDMD-RBF,8,0.04,0.03,4,5,1.0,0.007933265877101785,0.9921291754665936,0.03,ok
vanderpol_mu2,baseline,Baseline,8,0.04,0.03,5,1,1.0,0.011140871826953254,0.9889818796397543,0.03,ok
vanderpol_mu2,edmd_poly3,EDMD-polynomial,8,0.04,0.03,5,5,1.0,0.00627745302759651,0.993761707560167,0.03,ok
vanderpol_mu2,edmd_rbf,EDMD-RBF,8,0.04,0.03,5,5,1.0,0.0048906729963112275,0.9951331292769108,0.03,ok
vanderpol_mu2,baseline,Baseline,8,0.04,0.03,6,1,1.0,0.016091128739750032,0.984163695278289,0.1,ok
vanderpol_mu2,edmd_poly3,EDMD-polynomial,8,0.04,0.03,6,5,1.0,0.009956312879140186,0.9901418380654929,0.1,ok
vanderpol_mu2,edmd_rbf,EDMD-RBF,8,0.04,0.03,6,5,1.0,0.00985791631364516,0.9902383135742202,0.1,ok
vanderpol_mu2,baseline,Baseline,8,0.04,0.03,7,1,1.0,0.0181986402230626,0.9821266307927149,0.1,ok
vanderpol_mu2,edmd_poly3,EDMD-polynomial,8,0.04,0.03,7,5,1.0,0.004056953845905029,0.9959594385255086,0.1,ok
vanderpol_mu2,edmd_rbf,EDMD-RBF,8,0.04,0.03,7,5,1.0,0.005949117370698632,0.9940860653208303,0.1,ok
vanderpol_mu2,baseline,Baseline,8,0.04,0.03,8,1,1.0,0.017435837272000723,0.9828629613453065,0.03,ok
vanderpol_mu2,edmd_poly3,EDMD-polynomial,8,0.04,0.03,8,5,1.0,0.007615074784344168,0.9924424763236358,0.1,ok
vanderpol_mu2,edmd_rbf,EDMD-RBF,8,0.04,0.03,8,5,1.0,0.007626220475117987,0.9924314985853364,0.03,ok
vanderpol_mu2,baseline,Baseline,8,0.04,0.03,9,1,1.0,0.012209046018731566,0.9879382168468531,0.1,ok
vanderpol_mu2,edmd_poly3,EDMD-polynomial,8,0.04,0.03,9,5,1.0,0.0099087532266365,0.9901884668342776,0.1,ok
vanderpol_mu2,edmd_rbf,EDMD-RBF,8,0.04,0.03,9,5,1.0,0.007754744498793358,0.9923049288121684,0.1,ok
vanderpol_mu2,baseline,Baseline,8,0.04,0.05,0,1,1.0,0.023329636902174718,0.9772022268671918,0.1,ok
vanderpol_mu2,edmd_poly3,EDMD-polynomial,8,0.04,0.05,0,5,1.0,0.0134402575979024,0.9867379872694626,0.3,ok
vanderpol_mu2,edmd_rbf,EDMD-RBF,8,0.04,0.05,0,5,1.0,0.006000352995764952,0.9940354364907563,0.1,ok
vanderpol_mu2,baseline,Baseline,8,0.04,0.05,1,1,1.0,0.01988157171390796,0.9805059996520017,0.1,ok
vanderpol_mu2,edmd_poly3,EDMD-polynomial,8,0.04,0.05,1,5,1.0,0.013412299528120463,0.9867652094469687,0.3,ok
vanderpol_mu2,edmd_rbf,EDMD-RBF,8,0.04,0.05,1,5,1.0,0.008330552276489838,0.9917382724765385,0.1,ok
vanderpol_mu2,baseline,Baseline,8,0.04,0.05,2,1,1.0,0.00967878972906287,0.990413991234123,0.1,ok
vanderpol_mu2,edmd_poly3,EDMD-polynomial,8,0.04,0.05,2,5,1.0,0.017729100667311048,0.9825797447909407,0.1,ok
vanderpol_mu2,edmd_rbf,EDMD-RBF,8,0.04,0.05,2,5,1.0,0.013477521205447911,0.9867017068228435,0.1,ok
vanderpol_mu2,baseline,Baseline,8,0.04,0.05,3,1,1.0,0.03463585902944893,0.9665236240101523,0.03,ok
vanderpol_mu2,edmd_poly3,EDMD-polynomial,8,0.04,0.05,3,5,1.0,0.007365314078667909,0.9926885371416584,0.03,ok
vanderpol_mu2,edmd_rbf,EDMD-RBF,8,0.04,0.05,3,5,1.0,0.015459613296419285,0.9847757477560001,0.03,ok
vanderpol_mu2,baseline,Baseline,8,0.04,0.05,4,1,1.0,0.019525933468702378,0.9808480266879824,0.03,ok
vanderpol_mu2,edmd_poly3,EDMD-polynomial,8,0.04,0.05,4,5,1.0,0.010249761246313258,0.9898542304690392,0.03,ok
vanderpol_mu2,edmd_rbf,EDMD-RBF,8,0.04,0.05,4,5,1.0,0.00417850269289197,0.9958388845392662,0.1,ok
vanderpol_mu2,baseline,Baseline,8,0.04,0.05,5,1,1.0,0.02778412616856919,0.9729669631383154,0.1,ok
vanderpol_mu2,edmd_poly3,EDMD-polynomial,8,0.04,0.05,5,5,1.0,0.02124504671253456,0.9791969157834117,0.1,ok
vanderpol_mu2,edmd_rbf,EDMD-RBF,8,0.04,0.05,5,5,1.0,0.019469807052383395,0.9809020268008949,0.1,ok
vanderpol_mu2,baseline,Baseline,8,0.04,0.05,6,1,1.0,0.04046287698368401,0.9611106961346025,0.1,ok
vanderpol_mu2,edmd_poly3,EDMD-polynomial,8,0.04,0.05,6,5,1.0,0.006421622978576149,0.9936193511427439,0.1,ok
vanderpol_mu2,edmd_rbf,EDMD-RBF,8,0.04,0.05,6,5,1.0,0.008758281818358186,0.9913177596890993,0.03,ok
vanderpol_mu2,baseline,Baseline,8,0.04,0.05,7,1,1.0,0.031737058139361375,0.9692391991845324,0.03,ok
vanderpol_mu2,edmd_poly3,EDMD-polynomial,8,0.04,0.05,7,5,1.0,0.004309533615157979,0.9957089587712613,0.1,ok
vanderpol_mu2,edmd_rbf,EDMD-RBF,8,0.04,0.05,7,5,1.0,0.010939728119250411,0.9891786544588541,0.1,ok
vanderpol_mu2,baseline,Baseline,8,0.04,0.05,8,1,1.0,0.020763581302052823,0.9796587753693491,0.1,ok
vanderpol_mu2,edmd_poly3,EDMD-polynomial,8,0.04,0.05,8,5,1.0,0.005722241775671915,0.9943103159719636,0.1,ok
vanderpol_mu2,edmd_rbf,EDMD-RBF,8,0.04,0.05,8,5,1.0,0.003440560001452579,0.9965712368638481,0.1,ok
vanderpol_mu2,baseline,Baseline,8,0.04,0.05,9,1,1.0,0.020897839813676763,0.9795299402166521,0.1,ok
vanderpol_mu2,edmd_poly3,EDMD-polynomial,8,0.04,0.05,9,5,1.0,0.012201212848450556,0.9879458622519184,0.03,ok
vanderpol_mu2,edmd_rbf,EDMD-RBF,8,0.04,0.05,9,5,1.0,0.00561809175303863,0.9944132948689846,0.03,ok
vanderpol_mu2,baseline,Baseline,8,0.04,0.1,0,1,1.0,0.10695408722903214,0.9033798343915387,0.1,ok
vanderpol_mu2,edmd_poly3,EDMD-polynomial,8,0.04,0.1,0,5,1.0,0.03575873645187458,0.9654758051335673,0.1,ok
vanderpol_mu2,edmd_rbf,EDMD-RBF,8,0.04,0.1,0,5,1.0,0.05181381750560195,0.9507386035025861,0.1,ok
vanderpol_mu2,baseline,Baseline,8,0.04,0.1,1,1,1.0,0.0787249515582069,0.9270203665498888,0.1,ok
vanderpol_mu2,edmd_poly3,EDMD-polynomial,8,0.04,0.1,1,5,1.0,0.01757694549253492,0.9827266669411154,0.1,ok
vanderpol_mu2,edmd_rbf,EDMD-RBF,8,0.04,0.1,1,5,1.0,0.06303135475557774,0.940706024828336,0.1,ok
vanderpol_mu2,baseline,Baseline,8,0.04,0.1,2,1,1.0,0.07046144630091498,0.934176567923673,0.1,ok
vanderpol_mu2,edmd_poly3,EDMD-polynomial,8,0.04,0.1,2,5,1.0,0.0549019526732878,0.9479553976232978,0.3,ok
vanderpol_mu2,edmd_rbf,EDMD-RBF,8,0.04,0.1,2,5,1.0,0.04544077958548599,0.956534334155682,0.3,ok
vanderpol_mu2,baseline,Baseline,8,0.04,0.1,3,1,1.0,0.12981984543029362,0.8850968621631429,0.3,ok
vanderpol_mu2,edmd_poly3,EDMD-polynomial,8,0.04,0.1,3,5,1.0,0.02689366281580775,0.9738106643466241,0.1,ok
vanderpol_mu2,edmd_rbf,EDMD-RBF,8,0.04,0.1,3,5,1.0,0.05979257258956855,0.9435808722045793,0.3,ok
vanderpol_mu2,baseline,Baseline,8,0.04,0.1,4,1,1.0,0.07178674634777325,0.9330214274505687,0.3,ok
vanderpol_mu2,edmd_poly3,EDMD-polynomial,8,0.04,0.1,4,5,1.0,0.04675568879739361,0.9553327588301805,0.3,ok
vanderpol_mu2,edmd_rbf,EDMD-RBF,8,0.04,0.1,4,5,1.0,0.020393371181037078,0.9800142065236732,0.3,ok
vanderpol_mu2,baseline,Baseline,8,0.04,0.1,5,1,1.0,0.12491771984388726,0.888953905125414,0.3,ok
vanderpol_mu2,edmd_poly3,EDMD-polynomial,8,0.04,0.1,5,5,1.0,0.042861889987953615,0.9588997446359376,0.3,ok
vanderpol_mu2,edmd_rbf,EDMD-RBF,8,0.04,0.1,5,5,1.0,0.12730715957967229,0.8870696788378954,0.3,ok
vanderpol_mu2,baseline,Baseline,8,0.04,0.1,6,1,1.0,0.11945096327470371,0.8932950462383127,0.3,ok
vanderpol_mu2,edmd_poly3,EDMD-polynomial,8,0.04,0.1,6,5,1.0,0.029679116179337904,0.9711763444426615,0.3,ok
vanderpol_mu2,edmd_rbf,EDMD-RBF,8,0.04,0.1,6,5,0.7272727272727273,0.26458969745080974,0.5751056874326756,0.1,ok
vanderpol_mu2,baseline,Baseline,8,0.04,0.1,7,1,1.0,0.10477131913601163,0.9051647003128682,0.3,ok
vanderpol_mu2,edmd_poly3,EDMD-polynomial,8,0.04,0.1,7,5,1.0,0.011075224705331432,0.9890460922840245,0.1,ok
vanderpol_mu2,edmd_rbf,EDMD-RBF,8,0.04,0.1,7,5,1.0,0.03695292247307498,0.9643639342999832,0.1,ok
vanderpol_mu2,baseline,Baseline,8,0.04,0.1,8,1,1.0,0.09745068055453977,0.9112026788253499,0.1,ok
vanderpol_mu2,edmd_poly3,EDMD-polynomial,8,0.04,0.1,8,5,1.0,0.02260547467384401,0.9778942366008221,0.1,ok
vanderpol_mu2,edmd_rbf,EDMD-RBF,8,0.04,0.1,8,5,1.0,0.04654482348665382,0.9555252460839796,0.1,ok
vanderpol_mu2,baseline,Baseline,8,0.04,0.1,9,1,1.0,0.09894690568320362,0.9099620689848621,0.3,ok
vanderpol_mu2,edmd_poly3,EDMD-polynomial,8,0.04,0.1,9,5,1.0,0.010854818341933291,0.98926174348188,0.3,ok
vanderpol_mu2,edmd_rbf,EDMD-RBF,8,0.04,0.1,9,5,1.0,0.15388706068863275,0.8666359421720234,0.3,ok
vanderpol_mu2,baseline,Baseline,16,0.08,0.0,0,1,1.0,0.028200767325254495,0.9725727034822047,0.1,ok
vanderpol_mu2,edmd_poly3,EDMD-polynomial,16,0.08,0.0,0,5,1.0,0.0009545874844105594,0.9990463228838287,0.001,ok
vanderpol_mu2,edmd_rbf,EDMD-RBF,16,0.08,0.0,0,5,1.0,0.001147302841882628,0.9988540119534599,0.003,ok
vanderpol_mu2,baseline,Baseline,16,0.08,0.0,1,1,1.0,0.028200767325254495,0.9725727034822047,0.1,ok
vanderpol_mu2,edmd_poly3,EDMD-polynomial,16,0.08,0.0,1,5,1.0,0.0009545874844105594,0.9990463228838287,0.001,ok
vanderpol_mu2,edmd_rbf,EDMD-RBF,16,0.08,0.0,1,5,1.0,0.0011963336190687797,0.9988050958848956,0.003,ok
vanderpol_mu2,baseline,Baseline,16,0.08,0.0,2,1,1.0,0.028200767325254495,0.9725727034822047,0.1,ok
vanderpol_mu2,edmd_poly3,EDMD-polynomial,16,0.08,0.0,2,5,1.0,0.0009545874844105594,0.9990463228838287,0.001,ok
vanderpol_mu2,edmd_rbf,EDMD-RBF,16,0.08,0.0,2,5,1.0,0.0011824588783507278,0.9988189376792763,0.003,ok
vanderpol_mu2,baseline,Baseline,16,0.08,0.0,3,1,1.0,0.028200767325254495,0.9725727034822047,0.1,ok
vanderpol_mu2,edmd_poly3,EDMD-polynomial,16,0.08,0.0,3,5,1.0,0.0009545874844105594,0.9990463228838287,0.001,ok
vanderpol_mu2,edmd_rbf,EDMD-RBF,16,0.08,0.0,3,5,1.0,0.0011809044076528357,0.9988204884826969,0.003,ok
vanderpol_mu2,baseline,Baseline,16,0.08,0.0,4,1,1.0,0.028200767325254495,0.9725727034822047,0.1,ok
vanderpol_mu2,edmd_poly3,EDMD-polynomial,16,0.08,0.0,4,5,1.0,0.0009545874844105594,0.9990463228838287,0.001,ok
vanderpol_mu2,edmd_rbf,EDMD-RBF,16,0.08,0.0,4,5,1.0,0.0011575881634406243,0.9988437502975289,0.003,ok
vanderpol_mu2,baseline,Baseline,16,0.08,0.0,5,1,1.0,0.028200767325254495,0.9725727034822047,0.1,ok
vanderpol_mu2,edmd_poly3,EDMD-polynomial,16,0.08,0.0,5,5,1.0,0.0009545874844105594,0.9990463228838287,0.001,ok
vanderpol_mu2,edmd_rbf,EDMD-RBF,16,0.08,0.0,5,5,1.0,0.0011706165014375104,0.9988307522392854,0.003,ok
vanderpol_mu2,baseline,Baseline,16,0.08,0.0,6,1,1.0,0.028200767325254495,0.9725727034822047,0.1,ok
vanderpol_mu2,edmd_poly3,EDMD-polynomial,16,0.08,0.0,6,5,1.0,0.0009545874844105594,0.9990463228838287,0.001,ok
vanderpol_mu2,edmd_rbf,EDMD-RBF,16,0.08,0.0,6,5,1.0,0.0011807331947450224,0.9988206592919768,0.003,ok
vanderpol_mu2,baseline,Baseline,16,0.08,0.0,7,1,1.0,0.028200767325254495,0.9725727034822047,0.1,ok
vanderpol_mu2,edmd_poly3,EDMD-polynomial,16,0.08,0.0,7,5,1.0,0.0009545874844105594,0.9990463228838287,0.001,ok
vanderpol_mu2,edmd_rbf,EDMD-RBF,16,0.08,0.0,7,5,1.0,0.0011578664126750337,0.9988434726914509,0.003,ok
vanderpol_mu2,baseline,Baseline,16,0.08,0.0,8,1,1.0,0.028200767325254495,0.9725727034822047,0.1,ok
vanderpol_mu2,edmd_poly3,EDMD-polynomial,16,0.08,0.0,8,5,1.0,0.0009545874844105594,0.9990463228838287,0.001,ok
vanderpol_mu2,edmd_rbf,EDMD-RBF,16,0.08,0.0,8,5,1.0,0.0016791366969696453,0.9983236780766876,0.01,ok
vanderpol_mu2,baseline,Baseline,16,0.08,0.0,9,1,1.0,0.028200767325254495,0.9725727034822047,0.1,ok
vanderpol_mu2,edmd_poly3,EDMD-polynomial,16,0.08,0.0,9,5,1.0,0.0009545874844105594,0.9990463228838287,0.001,ok
vanderpol_mu2,edmd_rbf,EDMD-RBF,16,0.08,0.0,9,5,1.0,0.0011520538340044932,0.9988492718667534,0.003,ok
vanderpol_mu2,baseline,Baseline,16,0.08,0.01,0,1,1.0,0.029331483259437543,0.9715043368084325,0.1,ok
vanderpol_mu2,edmd_poly3,EDMD-polynomial,16,0.08,0.01,0,5,1.0,0.002516542338261396,0.9974897747498592,0.01,ok
vanderpol_mu2,edmd_rbf,EDMD-RBF,16,0.08,0.01,0,5,1.0,0.002750872592147033,0.9972566739483,0.01,ok
vanderpol_mu2,baseline,Baseline,16,0.08,0.01,1,1,1.0,0.032536101451688414,0.9684891391148992,0.03,ok
vanderpol_mu2,edmd_poly3,EDMD-polynomial,16,0.08,0.01,1,5,1.0,0.005776473874167163,0.9942567021358963,0.03,ok
vanderpol_mu2,edmd_rbf,EDMD-RBF,16,0.08,0.01,1,5,1.0,0.005534446625653612,0.9944960148861871,0.03,ok
vanderpol_mu2,baseline,Baseline,16,0.08,0.01,2,1,1.0,0.03035581138225199,0.9705385158729499,0.1,ok
vanderpol_mu2,edmd_poly3,EDMD-polynomial,16,0.08,0.01,2,5,1.0,0.0027956096481641323,0.9972121839971508,0.03,ok
vanderpol_mu2,edmd_rbf,EDMD-RBF,16,0.08,0.01,2,5,1.0,0.003399919203714036,0.9966116010788479,0.03,ok
vanderpol_mu2,baseline,Baseline,16,0.08,0.01,3,1,1.0,0.030715681757929044,0.9701996561209371,0.1,ok
vanderpol_mu2,edmd_poly3,EDMD-polynomial,16,0.08,0.01,3,5,1.0,0.0033922012983167334,0.9966192668291347,0.01,ok
vanderpol_mu2,edmd_rbf,EDMD-RBF,16,0.08,0.01,3,5,1.0,0.0036778875022162407,0.9963355897863116,0.01,ok
vanderpol_mu2,baseline,Baseline,16,0.08,0.01,4,1,1.0,0.03187499474720018,0.9691096354602438,0.1,ok
vanderpol_mu2,edmd_poly3,EDMD-polynomial,16,0.08,0.01,4,5,1.0,0.003757503490071429,0.9962565624894394,0.03,ok
vanderpol_mu2,edmd_rbf,EDMD-RBF,16,0.08,0.01,4,5,1.0,0.003928468801582802,0.9960869036752465,0.03,ok
vanderpol_mu2,baseline,Baseline,16,0.08,0.01,5,1,1.0,0.0255790204952804,0.9750589472053284,0.1,ok
vanderpol_mu2,edmd_poly3,EDMD-polynomial,16,0.08,0.01,5,5,1.0,0.0034295148055085985,0.9965822065676698,0.01,ok
vanderpol_mu2,edmd_rbf,EDMD-RBF,16,0.08,0.01,5,5,1.0,0.002970976346763731,0.9970378242074508,0.03,ok
vanderpol_mu2,baseline,Baseline,16,0.08,0.01,6,1,1.0,0.02765625294044729,0.9730880312737706,0.1,ok
vanderpol_mu2,edmd_poly3,EDMD-polynomial,16,0.08,0.01,6,5,1.0,0.0021429660573387046,0.9978616164260778,0.01,ok
vanderpol_mu2,edmd_rbf,EDMD-RBF,16,0.08,0.01,6,5,1.0,0.0019674998033365975,0.9980363636507943,0.01,ok
vanderpol_mu2,baseline,Baseline,16,0.08,0.01,7,1,1.0,0.03295103511601713,0.9681000996215505,0.1,ok
vanderpol_mu2,edmd_poly3,EDMD-polynomial,16,0.08,0.01,7,5,1.0,0.003862507030352852,0.9961523545273356,0.03,ok
vanderpol_mu2,edmd_rbf,EDMD-RBF,16,0.08,0.01,7,5,1.0,0.004685426847981645,0.995336423996234,0.01,ok
vanderpol_mu2,baseline,Baseline,16,0.08,0.01,8,1,1.0,0.027131953154856777,0.973584744324699,0.1,ok
vanderpol_mu2,edmd_poly3,EDMD-polynomial,16,0.08,0.01,8,5,1.0,0.0013336833441936035,0.9986680929979909,0.03,ok
vanderpol_mu2,edmd_rbf,EDMD-RBF,16,0.08,0.01,8,5,1.0,0.0011749161447754861,0.9988264626631881,0.03,ok
vanderpol_mu2,baseline,Baseline,16,0.08,0.01,9,1,1.0,0.027674979338737377,0.9730702995644158,0.1,ok
vanderpol_mu2,edmd_poly3,EDMD-polynomial,16,0.08,0.01,9,5,1.0,0.002562693945589769,0.9974438566674525,0.03,ok
vanderpol_mu2,edmd_rbf,EDMD-RBF,16,0.08,0.01,9,5,1.0,0.0025016396840841933,0.9975046029003278,0.03,ok
vanderpol_mu2,baseline,Baseline,16,0.08,0.03,0,1,1.0,0.028785314291828623,0.9720200960375847,0.03,ok
vanderpol_mu2,edmd_poly3,EDMD-polynomial,16,0.08,0.03,0,5,1.0,0.01603067105275901,0.984222256759091,0.1,ok
vanderpol_mu2,edmd_rbf,EDMD-RBF,16,0.08,0.03,0,5,1.0,0.015426166550839924,0.9848081849188121,0.1,ok
vanderpol_mu2,baseline,Baseline,16,0.08,0.03,1,1,1.0,0.04029057817094572,0.9612698807271857,0.1,ok
vanderpol_mu2,edmd_poly3,EDMD-polynomial,16,0.08,0.03,1,5,1.0,0.00609318242549354,0.9939437195958291,0.03,ok
vanderpol_mu2,edmd_rbf,EDMD-RBF,16,0.08,0.03,1,5,1.0,0.008691945609556107,0.991382953291747,0.03,ok
vanderpol_mu2,baseline,Baseline,16,0.08,0.03,2,1,1.0,0.052582979687238,0.9500438628573851,0.1,ok
vanderpol_mu2,edmd_poly3,EDMD-polynomial,16,0.08,0.03,2,5,1.0,0.01936296569731091,0.9810048369924197,0.03,ok
vanderpol_mu2,edmd_rbf,EDMD-RBF,16,0.08,0.03,2,5,1.0,0.020585857454205707,0.9798293722141556,0.03,ok
vanderpol_mu2,baseline,Baseline,16,0.08,0.03,3,1,1.0,0.04514913749867015,0.9568012488564795,0.1,ok
vanderpol_mu2,edmd_poly3,EDMD-polynomial,16,0.08,0.03,3,5,1.0,0.006951830082839038,0.9930961642104894,0.1,ok
vanderpol_mu2,edmd_rbf,EDMD-RBF,16,0.08,0.03,3,5,1.0,0.011540216147360755,0.9885914410884089,0.1,ok
vanderpol_mu2,baseline,Baseline,16,0.08,0.03,4,1,1.0,0.027606997579979958,0.973134673425741,0.1,ok
vanderpol_mu2,edmd_poly3,EDMD-polynomial,16,0.08,0.03,4,5,1.0,0.013592256477214968,0.9865900154718471,0.1,ok
vanderpol_mu2,edmd_rbf,EDMD-RBF,16,0.08,0.03,4,5,1.0,0.009689937573239491,0.9904030562129509,0.1,ok
vanderpol_mu2,baseline,Baseline,16,0.08,0.03,5,1,1.0,0.034295834708866234,0.9668413682449762,0.1,ok
vanderpol_mu2,edmd_poly3,EDMD-polynomial,16,0.08,0.03,5,5,1.0,0.0060898077996658275,0.993947053481255,0.03,ok
vanderpol_mu2,edmd_rbf,EDMD-RBF,16,0.08,0.03,5,5,1.0,0.004644622736883709,0.9953768500504878,0.1,ok
vanderpol_mu2,baseline,Baseline,16,0.08,0.03,6,1,1.0,0.04329393016468771,0.9585026530750987,0.1,ok
vanderpol_mu2,edmd_poly3,EDMD-polynomial,16,0.08,0.03,6,5,1.0,0.0062835969296968185,0.9937556401109301,0.03,ok
vanderpol_mu2,edmd_rbf,EDMD-RBF,16,0.08,0.03,6,5,1.0,0.010465214502403057,0.9896431719249666,0.03,ok
vanderpol_mu2,baseline,Baseline,16,0.08,0.03,7,1,1.0,0.030494037020077337,0.9704083323875816,0.1,ok
vanderpol_mu2,edmd_poly3,EDMD-polynomial,16,0.08,0.03,7,5,1.0,0.009258119623486615,0.9908268068956032,0.1,ok
vanderpol_mu2,edmd_rbf,EDMD-RBF,16,0.08,0.03,7,5,1.0,0.007935604413035615,0.9921268736035405,0.1,ok
vanderpol_mu2,baseline,Baseline,16,0.08,0.03,8,1,1.0,0.017966875865006605,0.9823502352669977,0.03,ok
vanderpol_mu2,edmd_poly3,EDMD-polynomial,16,0.08,0.03,8,5,1.0,0.02037052200240858,0.9800361520024776,0.1,ok
vanderpol_mu2,edmd_rbf,EDMD-RBF,16,0.08,0.03,8,5,1.0,0.01698458703485303,0.98329907134151,0.1,ok
vanderpol_mu2,baseline,Baseline,16,0.08,0.03,9,1,1.0,0.04938606657290055,0.9529381338803304,0.1,ok
vanderpol_mu2,edmd_poly3,EDMD-polynomial,16,0.08,0.03,9,5,1.0,0.011972346719231563,0.9881692945878952,0.1,ok
vanderpol_mu2,edmd_rbf,EDMD-RBF,16,0.08,0.03,9,5,1.0,0.014641520538311668,0.9855697601153325,0.1,ok
vanderpol_mu2,baseline,Baseline,16,0.08,0.05,0,1,1.0,0.03521943846401772,0.9659787701472514,0.03,ok
vanderpol_mu2,edmd_poly3,EDMD-polynomial,16,0.08,0.05,0,5,1.0,0.028573005143238933,0.9722207320235282,0.1,ok
vanderpol_mu2,edmd_rbf,EDMD-RBF,16,0.08,0.05,0,5,1.0,0.015945919791085637,0.9843043615999121,0.1,ok
vanderpol_mu2,baseline,Baseline,16,0.08,0.05,1,1,1.0,0.05839656131963901,0.9448254430769989,0.1,ok
vanderpol_mu2,edmd_poly3,EDMD-polynomial,16,0.08,0.05,1,5,1.0,0.009715961477406988,0.9903775300697528,0.1,ok
vanderpol_mu2,edmd_rbf,EDMD-RBF,16,0.08,0.05,1,5,1.0,0.016876397613723927,0.9834036883407588,0.1,ok
vanderpol_mu2,baseline,Baseline,16,0.08,0.05,2,1,1.0,0.02465904092274339,0.975934393844281,0.1,ok
vanderpol_mu2,edmd_poly3,EDMD-polynomial,16,0.08,0.05,2,5,1.0,0.0258227810690428,0.9748272493596486,0.1,ok
vanderpol_mu2,edmd_rbf,EDMD-RBF,16,0.08,0.05,2,5,1.0,0.018936734900985474,0.9814152005199561,0.1,ok
vanderpol_mu2,baseline,Baseline,16,0.08,0.05,3,1,1.0,0.06733037667894415,0.9369170238661751,0.1,ok
vanderpol_mu2,edmd_poly3,EDMD-polynomial,16,0.08,0.05,3,5,1.0,0.009073096070543291,0.9910084848105901,0.1,ok
vanderpol_mu2,edmd_rbf,EDMD-RBF,16,0.08,0.05,3,5,1.0,0.016243190053978264,0.9840164340455599,0.1,ok
vanderpol_mu2,baseline,Baseline,16,0.08,0.05,4,1,1.0,0.05733967134376845,0.9457698666778523,0.1,ok
vanderpol_mu2,edmd_poly3,EDMD-polynomial,16,0.08,0.05,4,5,1.0,0.01653670048926069,0.983732313372157,0.1,ok
vanderpol_mu2,edmd_rbf,EDMD-RBF,16,0.08,0.05,4,5,1.0,0.02511762946329751,0.9754978075282463,0.1,ok
vanderpol_mu2,baseline,Baseline,16,0.08,0.05,5,1,1.0,0.07847544063511373,0.9272348375509603,0.1,ok
vanderpol_mu2,edmd_poly3,EDMD-polynomial,16,0.08,0.05,5,5,1.0,0.03001854412698799,0.9708563071042271,0.1,ok
vanderpol_mu2,edmd_rbf,EDMD-RBF,16,0.08,0.05,5,5,1.0,0.0329500788918481,0.9681009958126949,0.1,ok
vanderpol_mu2,baseline,Baseline,16,0.08,0.05,6,1,1.0,0.027602079580693842,0.9731393307495477,0.1,ok
vanderpol_mu2,edmd_poly3,EDMD-polynomial,16,0.08,0.05,6,5,1.0,0.03373900924267417,0.9673621591707257,0.1,ok
vanderpol_mu2,edmd_rbf,EDMD-RBF,16,0.08,0.05,6,5,1.0,0.021517439688674898,0.9789358077966513,0.1,ok
vanderpol_mu2,baseline,Baseline,16,0.08,0.05,7,1,1.0,0.05198528779252917,0.9505836361061529,0.1,ok
vanderpol_mu2,edmd_poly3,EDMD-polynomial,16,0.08,0.05,7,5,1.0,0.010302711585165058,0.9898023518426472,0.1,ok
vanderpol_mu2,edmd_rbf,EDMD-RBF,16,0.08,0.05,7,5,1.0,0.019813185085705783,0.9805717504191314,0.1,ok
vanderpol_mu2,baseline,Baseline,16,0.08,0.05,8,1,1.0,0.058854544050611864,0.9444167809626941,0.1,ok
vanderpol_mu2,edmd_poly3,EDMD-polynomial,16,0.08,0.05,8,5,1.0,0.02570412259345308,0.9749400221494078,0.1,ok
vanderpol_mu2,edmd_rbf,EDMD-RBF,16,0.08,0.05,8,5,1.0,0.02738505281715088,0.9733448985440664,0.03,ok
vanderpol_mu2,baseline,Baseline,16,0.08,0.05,9,1,1.0,0.029901646331450885,0.9709665030268066,0.03,ok
vanderpol_mu2,edmd_poly3,EDMD-polynomial,16,0.08,0.05,9,5,1.0,0.03200429390865525,0.9689882163305339,0.1,ok
vanderpol_mu2,edmd_rbf,EDMD-RBF,16,0.08,0.05,9,5,1.0,0.024797133361747253,0.9758028857083132,0.1,ok
vanderpol_mu2,baseline,Baseline,16,0.08,0.1,0,1,1.0,0.14383400690004736,0.874252727203086,0.3,ok
vanderpol_mu2,edmd_poly3,EDMD-polynomial,16,0.08,0.1,0,5,1.0,0.041097110138334385,0.9605251904571384,0.3,ok
vanderpol_mu2,edmd_rbf,EDMD-RBF,16,0.08,0.1,0,5,1.0,0.051800240845007235,0.9507508756573477,0.3,ok
vanderpol_mu2,baseline,Baseline,16,0.08,0.1,1,1,1.0,0.08713527334176183,0.9198487295201863,0.3,ok
vanderpol_mu2,edmd_poly3,EDMD-polynomial,16,0.08,0.1,1,5,1.0,0.04288907874379278,0.9588747455333844,0.3,ok
vanderpol_mu2,edmd_rbf,EDMD-RBF,16,0.08,0.1,1,5,1.0,0.020361789872845384,0.9800445390302367,0.3,ok
vanderpol_mu2,baseline,Baseline,16,0.08,0.1,2,1,1.0,0.09859866222375784,0.9102505167590713,0.1,ok
vanderpol_mu2,edmd_poly3,EDMD-polynomial,16,0.08,0.1,2,5,1.0,0.05097554076003656,0.9514969294878429,0.3,ok
vanderpol_mu2,edmd_rbf,EDMD-RBF,16,0.08,0.1,2,5,1.0,0.0689085272644091,0.9355337472695047,0.3,ok
vanderpol_mu2,baseline,Baseline,16,0.08,0.1,3,1,1.0,0.0871739677234831,0.9198159905299946,0.3,ok
vanderpol_mu2,edmd_poly3,EDMD-polynomial,16,0.08,0.1,3,5,1.0,0.027804787469215785,0.9729474042072911,0.3,ok
vanderpol_mu2,edmd_rbf,EDMD-RBF,16,0.08,0.1,3,5,0.5,0.956986584527535,0.2554948531344748,0.3,ok
vanderpol_mu2,baseline,Baseline,16,0.08,0.1,4,1,1.0,0.11121189805648717,0.8999183699787618,0.3,ok
vanderpol_mu2,edmd_poly3,EDMD-polynomial,16,0.08,0.1,4,5,1.0,0.03259693951598524,0.9684320781240504,0.3,ok
vanderpol_mu2,edmd_rbf,EDMD-RBF,16,0.08,0.1,4,5,1.0,0.04844373719437412,0.9537946239022713,0.1,ok
vanderpol_mu2,baseline,Baseline,16,0.08,0.1,5,1,1.0,0.06774670072966962,0.9365517114842187,0.3,ok
vanderpol_mu2,edmd_poly3,EDMD-polynomial,16,0.08,0.1,5,5,1.0,0.04480319215648666,0.9571180558282826,0.3,ok
vanderpol_mu2,edmd_rbf,EDMD-RBF,16,0.08,0.1,5,5,1.0,0.020797781153419497,0.9796259538006444,0.3,ok
vanderpol_mu2,baseline,Baseline,16,0.08,0.1,6,1,1.0,0.10683759229328484,0.9034749153469522,0.1,ok
vanderpol_mu2,edmd_poly3,EDMD-polynomial,16,0.08,0.1,6,5,1.0,0.006186317664681247,0.9938517175635627,0.1,ok
vanderpol_mu2,edmd_rbf,EDMD-RBF,16,0.08,0.1,6,5,1.0,0.03745407296966833,0.9638980905800892,0.1,ok
vanderpol_mu2,baseline,Baseline,16,0.08,0.1,7,1,1.0,0.16865118125875275,0.8556873223051049,0.3,ok
vanderpol_mu2,edmd_poly3,EDMD-polynomial,16,0.08,0.1,7,5,1.0,0.03732495715887568,0.9640180669506836,0.3,ok
vanderpol_mu2,edmd_rbf,EDMD-RBF,16,0.08,0.1,7,5,1.0,0.195453783897897,0.8365024340291933,0.3,ok
vanderpol_mu2,baseline,Baseline,16,0.08,0.1,8,1,1.0,0.10679406069207913,0.9035104501506804,0.1,ok
vanderpol_mu2,edmd_poly3,EDMD-polynomial,16,0.08,0.1,8,5,1.0,0.02413203832640066,0.9764365946740261,0.3,ok
vanderpol_mu2,edmd_rbf,EDMD-RBF,16,0.08,0.1,8,5,1.0,0.03170067807881902,0.9692733767144068,0.1,ok
vanderpol_mu2,baseline,Baseline,16,0.08,0.1,9,1,1.0,0.11447028667783948,0.8972872690764437,0.1,ok
vanderpol_mu2,edmd_poly3,EDMD-polynomial,16,0.08,0.1,9,5,1.0,0.02835777662099731,0.9724242114313796,0.3,ok
vanderpol_mu2,edmd_rbf,EDMD-RBF,16,0.08,0.1,9,5,1.0,0.058992229645566455,0.9442939919726223,0.3,ok
vanderpol_mu2,baseline,Baseline,32,0.16,0.0,0,1,1.0,0.10675496021149931,0.9035423702179762,0.3,ok
vanderpol_mu2,edmd_poly3,EDMD-polynomial,32,0.16,0.0,0,5,1.0,0.003903620119019614,0.9961115588779759,0.003,ok
vanderpol_mu2,edmd_rbf,EDMD-RBF,32,0.16,0.0,0,5,1.0,0.005131032281509622,0.99489516081315,0.03,ok
vanderpol_mu2,baseline,Baseline,32,0.16,0.0,1,1,1.0,0.10675496021149931,0.9035423702179762,0.3,ok
vanderpol_mu2,edmd_poly3,EDMD-polynomial,32,0.16,0.0,1,5,1.0,0.003903620119019614,0.9961115588779759,0.003,ok
vanderpol_mu2,edmd_rbf,EDMD-RBF,32,0.16,0.0,1,5,1.0,0.004901030626906794,0.9951228723251987,0.03,ok
vanderpol_mu2,baseline,Baseline,32,0.16,0.0,2,1,1.0,0.10675496021149931,0.9035423702179762,0.3,ok
vanderpol_mu2,edmd_poly3,EDMD-polynomial,32,0.16,0.0,2,5,1.0,0.003903620119019614,0.9961115588779759,0.003,ok
vanderpol_mu2,edmd_rbf,EDMD-RBF,32,0.16,0.0,2,5,1.0,0.005359419751581859,0.9946691505084757,0.03,ok
vanderpol_mu2,baseline,Baseline,32,0.16,0.0,3,1,1.0,0.10675496021149931,0.9035423702179762,0.3,ok
vanderpol_mu2,edmd_poly3,EDMD-polynomial,32,0.16,0.0,3,5,1.0,0.003903620119019614,0.9961115588779759,0.003,ok
vanderpol_mu2,edmd_rbf,EDMD-RBF,32,0.16,0.0,3,5,1.0,0.00486754273749794,0.9951560354668858,0.03,ok
vanderpol_mu2,baseline,Baseline,32,0.16,0.0,4,1,1.0,0.10675496021149931,0.9035423702179762,0.3,ok
vanderpol_mu2,edmd_poly3,EDMD-polynomial,32,0.16,0.0,4,5,1.0,0.003903620119019614,0.9961115588779759,0.003,ok
vanderpol_mu2,edmd_rbf,EDMD-RBF,32,0.16,0.0,4,5,1.0,0.005113583467712818,0.9949124322347027,0.03,ok
vanderpol_mu2,baseline,Baseline,32,0.16,0.0,5,1,1.0,0.10675496021149931,0.9035423702179762,0.3,ok
vanderpol_mu2,edmd_poly3,EDMD-polynomial,32,0.16,0.0,5,5,1.0,0.003903620119019614,0.9961115588779759,0.003,ok
vanderpol_mu2,edmd_rbf,EDMD-RBF,32,0.16,0.0,5,5,1.0,0.004869285217380392,0.9951543098301318,0.03,ok
vanderpol_mu2,baseline,Baseline,32,0.16,0.0,6,1,1.0,0.10675496021149931,0.9035423702179762,0.3,ok
vanderpol_mu2,edmd_poly3,EDMD-polynomial,32,0.16,0.0,6,5,1.0,0.003903620119019614,0.9961115588779759,0.003,ok
vanderpol_mu2,edmd_rbf,EDMD-RBF,32,0.16,0.0,6,5,1.0,0.005099414536114508,0.9949264575599539,0.03,ok
vanderpol_mu2,baseline,Baseline,32,0.16,0.0,7,1,1.0,0.10675496021149931,0.9035423702179762,0.3,ok
vanderpol_mu2,edmd_poly3,EDMD-polynomial,32,0.16,0.0,7,5,1.0,0.003903620119019614,0.9961115588779759,0.003,ok
vanderpol_mu2,edmd_rbf,EDMD-RBF,32,0.16,0.0,7,5,1.0,0.005122342413200703,0.9949037622615149,0.03,ok
vanderpol_mu2,baseline,Baseline,32,0.16,0.0,8,1,1.0,0.10675496021149931,0.9035423702179762,0.3,ok
vanderpol_mu2,edmd_poly3,EDMD-polynomial,32,0.16,0.0,8,5,1.0,0.003903620119019614,0.9961115588779759,0.003,ok
vanderpol_mu2,edmd_rbf,EDMD-RBF,32,0.16,0.0,8,5,1.0,0.0051425401800490236,0.9948837702370771,0.03,ok
vanderpol_mu2,baseline,Baseline,32,0.16,0.0,9,1,1.0,0.10675496021149931,0.9035423702179762,0.3,ok
vanderpol_mu2,edmd_poly3,EDMD-polynomial,32,0.16,0.0,9,5,1.0,0.003903620119019614,0.9961115588779759,0.003,ok
vanderpol_mu2,edmd_rbf,EDMD-RBF,32,0.16,0.0,9,5,1.0,0.004984461795931784,0.9950402598394164,0.03,ok
vanderpol_mu2,baseline,Baseline,32,0.16,0.01,0,1,1.0,0.10857508368468599,0.9020588814572634,0.3,ok
vanderpol_mu2,edmd_poly3,EDMD-polynomial,32,0.16,0.01,0,5,1.0,0.005493356717105279,0.9945366553837403,0.03,ok
vanderpol_mu2,edmd_rbf,EDMD-RBF,32,0.16,0.01,0,5,1.0,0.007172981538534953,0.9928781036922003,0.03,ok
vanderpol_mu2,baseline,Baseline,32,0.16,0.01,1,1,1.0,0.10572686321129564,0.9043824775096452,0.3,ok
vanderpol_mu2,edmd_poly3,EDMD-polynomial,32,0.16,0.01,1,5,1.0,0.005918461110579713,0.9941163609781597,0.03,ok
vanderpol_mu2,edmd_rbf,EDMD-RBF,32,0.16,0.01,1,5,1.0,0.00640491986816664,0.9936358420535091,0.03,ok
vanderpol_mu2,baseline,Baseline,32,0.16,0.01,2,1,1.0,0.11005745613700897,0.9008542706248666,0.3,ok
vanderpol_mu2,edmd_poly3,EDMD-polynomial,32,0.16,0.01,2,5,1.0,0.006084025927091003,0.993952765603763,0.03,ok
vanderpol_mu2,edmd_rbf,EDMD-RBF,32,0.16,0.01,2,5,1.0,0.008487419238718711,0.9915840107900149,0.03,ok
vanderpol_mu2,baseline,Baseline,32,0.16,0.01,3,1,1.0,0.1057835400922204,0.9043361234302707,0.3,ok
vanderpol_mu2,edmd_poly3,EDMD-polynomial,32,0.16,0.01,3,5,1.0,0.003961522857768119,0.9960541088800977,0.03,ok
vanderpol_mu2,edmd_rbf,EDMD-RBF,32,0.16,0.01,3,5,1.0,0.0042724895613425054,0.9957456869467682,0.03,ok
vanderpol_mu2,baseline,Baseline,32,0.16,0.01,4,1,1.0,0.10878259965410665,0.9018900551938294,0.3,ok
vanderpol_mu2,edmd_poly3,EDMD-polynomial,32,0.16,0.01,4,5,1.0,0.007093814004633553,0.9929561537306784,0.03,ok
vanderpol_mu2,edmd_rbf,EDMD-RBF,32,0.16,0.01,4,5,1.0,0.00816175819406548,0.9919043168145103,0.03,ok
vanderpol_mu2,baseline,Baseline,32,0.16,0.01,5,1,1.0,0.10123805894499882,0.9080688701932565,0.3,ok
vanderpol_mu2,edmd_poly3,EDMD-polynomial,32,0.16,0.01,5,5,1.0,0.0039817466504992,0.9960340447784204,0.03,ok
vanderpol_mu2,edmd_rbf,EDMD-RBF,32,0.16,0.01,5,5,1.0,0.0036267846053796935,0.9963863214284324,0.03,ok
vanderpol_mu2,baseline,Baseline,32,0.16,0.01,6,1,1.0,0.11149897067782422,0.8996859433798405,0.3,ok
vanderpol_mu2,edmd_poly3,EDMD-polynomial,32,0.16,0.01,6,5,1.0,0.005755143518737333,0.9942777886289477,0.03,ok
vanderpol_mu2,edmd_rbf,EDMD-RBF,32,0.16,0.01,6,5,1.0,0.010282313228514448,0.989822336693537,0.03,ok
vanderpol_mu2,baseline,Baseline,32,0.16,0.01,7,1,1.0,0.10866671390353541,0.9019843271735581,0.3,ok
vanderpol_mu2,edmd_poly3,EDMD-polynomial,32,0.16,0.01,7,5,1.0,0.0030231653186063756,0.9969859466629107,0.01,ok
vanderpol_mu2,edmd_rbf,EDMD-RBF,32,0.16,0.01,7,5,1.0,0.005553287105707251,0.9944773815799545,0.01,ok
vanderpol_mu2,baseline,Baseline,32,0.16,0.01,8,1,1.0,0.10735084319514827,0.903056159793586,0.3,ok
vanderpol_mu2,edmd_poly3,EDMD-polynomial,32,0.16,0.01,8,5,1.0,0.003508972254118195,0.9965032975776628,0.03,ok
vanderpol_mu2,edmd_rbf,EDMD-RBF,32,0.16,0.01,8,5,1.0,0.005252207678340528,0.9947752338784008,0.03,ok
vanderpol_mu2,baseline,Baseline,32,0.16,0.01,9,1,1.0,0.10612237662192463,0.9040590997299772,0.3,ok
vanderpol_mu2,edmd_poly3,EDMD-polynomial,32,0.16,0.01,9,5,1.0,0.005194269257476693,0.9948325717561903,0.01,ok
vanderpol_mu2,edmd_rbf,EDMD-RBF,32,0.16,0.01,9,5,1.0,0.0053518828310511616,0.9946766073427142,0.03,ok
vanderpol_mu2,baseline,Baseline,32,0.16,0.03,0,1,1.0,0.1265750692851218,0.8876461296401303,0.3,ok
vanderpol_mu2,edmd_poly3,EDMD-polynomial,32,0.16,0.03,0,5,1.0,0.01759561841387345,0.9827086338664668,0.03,ok
vanderpol_mu2,edmd_rbf,EDMD-RBF,32,0.16,0.03,0,5,1.0,0.024367955272069048,0.97621171655492,0.1,ok
vanderpol_mu2,baseline,Baseline,32,0.16,0.03,1,1,1.0,0.12404306139905485,0.8896456322192292,0.3,ok
vanderpol_mu2,edmd_poly3,EDMD-polynomial,32,0.16,0.03,1,5,1.0,0.01325095699421681,0.9869223345877458,0.1,ok
vanderpol_mu2,edmd_rbf,EDMD-RBF,32,0.16,0.03,1,5,1.0,0.052555466168079865,0.9500686967505736,0.1,ok
vanderpol_mu2,baseline,Baseline,32,0.16,0.03,2,1,1.0,0.11402246275844062,0.8976479679986806,0.3,ok
vanderpol_mu2,edmd_poly3,EDMD-polynomial,32,0.16,0.03,2,5,1.0,0.019096166298339948,0.9812616640805323,0.1,ok
vanderpol_mu2,edmd_rbf,EDMD-RBF,32,0.16,0.03,2,5,1.0,0.02000592954451472,0.980386457602802,0.1,ok
vanderpol_mu2,baseline,Baseline,32,0.16,0.03,3,1,1.0,0.09107781526029574,0.9165249132679253,0.3,ok
vanderpol_mu2,edmd_poly3,EDMD-polynomial,32,0.16,0.03,3,5,1.0,0.02925545476180199,0.9715760993770273,0.1,ok
vanderpol_mu2,edmd_rbf,EDMD-RBF,32,0.16,0.03,3,5,1.0,0.01734499680734845,0.9829507228503793,0.03,ok
vanderpol_mu2,baseline,Baseline,32,0.16,0.03,4,1,1.0,0.11259863517158077,0.8987967164329513,0.3,ok
vanderpol_mu2,edmd_poly3,EDMD-polynomial,32,0.16,0.03,4,5,1.0,0.009234233708251518,0.9908502571555445,0.03,ok
vanderpol_mu2,edmd_rbf,EDMD-RBF,32,0.16,0.03,4,5,1.0,0.019318816368845575,0.9810473268435624,0.1,ok
vanderpol_mu2,baseline,Baseline,32,0.16,0.03,5,1,1.0,0.112533721920946,0.8988491587233504,0.3,ok
vanderpol_mu2,edmd_poly3,EDMD-polynomial,32,0.16,0.03,5,5,1.0,0.015809266644204796,0.9844367765058574,0.1,ok
vanderpol_mu2,edmd_rbf,EDMD-RBF,32,0.16,0.03,5,5,1.0,0.010251186107387105,0.9898528343758882,0.1,ok
vanderpol_mu2,baseline,Baseline,32,0.16,0.03,6,1,1.0,0.12527402405812083,0.8886724287775344,0.3,ok
vanderpol_mu2,edmd_poly3,EDMD-polynomial,32,0.16,0.03,6,5,1.0,0.020097773894620568,0.9802981886551035,0.1,ok
vanderpol_mu2,edmd_rbf,EDMD-RBF,32,0.16,0.03,6,5,1.0,0.019824863192186987,0.9805605218035846,0.1,ok
vanderpol_mu2,baseline,Baseline,32,0.16,0.03,7,1,1.0,0.10945808791389218,0.9013409437397445,0.3,ok
vanderpol_mu2,edmd_poly3,EDMD-polynomial,32,0.16,0.03,7,5,1.0,0.012996091966202132,0.9871706395816621,0.1,ok
vanderpol_mu2,edmd_rbf,EDMD-RBF,32,0.16,0.03,7,5,1.0,0.013387882052285544,0.9867889854522706,0.1,ok
vanderpol_mu2,baseline,Baseline,32,0.16,0.03,8,1,1.0,0.12026303198481426,0.89264750460279,0.3,ok
vanderpol_mu2,edmd_poly3,EDMD-polynomial,32,0.16,0.03,8,5,1.0,0.012512224967875785,0.98764239615154,0.1,ok
vanderpol_mu2,edmd_rbf,EDMD-RBF,32,0.16,0.03,8,5,1.0,0.017493848941692983,0.9828069241304127,0.03,ok
vanderpol_mu2,baseline,Baseline,32,0.16,0.03,9,1,1.0,0.12677652654003932,0.887487426695577,0.3,ok
vanderpol_mu2,edmd_poly3,EDMD-polynomial,32,0.16,0.03,9,5,1.0,0.018906896982888277,0.9814439405220693,0.1,ok
vanderpol_mu2,edmd_rbf,EDMD-RBF,32,0.16,0.03,9,5,1.0,0.023006030010796503,0.9775113446686587,0.1,ok
vanderpol_mu2,baseline,Baseline,32,0.16,0.05,0,1,1.0,0.07338131307043706,0.9316353730245892,0.1,ok
vanderpol_mu2,edmd_poly3,EDMD-polynomial,32,0.16,0.05,0,5,1.0,0.04383053457255793,0.9580099133711332,0.1,ok
vanderpol_mu2,edmd_rbf,EDMD-RBF,32,0.16,0.05,0,5,1.0,0.03816029068060262,0.9632423903869552,0.3,ok
vanderpol_mu2,baseline,Baseline,32,0.16,0.05,1,1,1.0,0.08820111626464387,0.918947780013861,0.1,ok
vanderpol_mu2,edmd_poly3,EDMD-polynomial,32,0.16,0.05,1,5,1.0,0.04460963409451379,0.9572954023794906,0.1,ok
vanderpol_mu2,edmd_rbf,EDMD-RBF,32,0.16,0.05,1,5,1.0,0.043798492490488644,0.958039321951897,0.3,ok
vanderpol_mu2,baseline,Baseline,32,0.16,0.05,2,1,1.0,0.14250428908218699,0.8752702371063608,0.3,ok
vanderpol_mu2,edmd_poly3,EDMD-polynomial,32,0.16,0.05,2,5,1.0,0.021382870467184262,0.9790647845333418,0.1,ok
vanderpol_mu2,edmd_rbf,EDMD-RBF,32,0.16,0.05,2,5,1.0,0.026598840821822737,0.9740903264604024,0.1,ok
vanderpol_mu2,baseline,Baseline,32,0.16,0.05,3,1,1.0,0.11136083871310892,0.899797766095431,0.3,ok
vanderpol_mu2,edmd_poly3,EDMD-polynomial,32,0.16,0.05,3,5,1.0,0.024907628622519558,0.975697684428405,0.3,ok
vanderpol_mu2,edmd_rbf,EDMD-RBF,32,0.16,0.05,3,5,1.0,0.021886656618789052,0.978582109398309,0.3,ok
vanderpol_mu2,baseline,Baseline,32,0.16,0.05,4,1,1.0,0.10618422206168059,0.9040085548645984,0.3,ok
vanderpol_mu2,edmd_poly3,EDMD-polynomial,32,0.16,0.05,4,5,1.0,0.017628700324108154,0.9826766871664551,0.1,ok
vanderpol_mu2,edmd_rbf,EDMD-RBF,32,0.16,0.05,4,5,1.0,0.011183762125899414,0.9889399310542855,0.1,ok
vanderpol_mu2,baseline,Baseline,32,0.16,0.05,5,1,1.0,0.13804047731266608,0.8787033677056632,0.3,ok
vanderpol_mu2,edmd_poly3,EDMD-polynomial,32,0.16,0.05,5,5,1.0,0.02917873046188883,0.9716485294553321,0.3,ok
vanderpol_mu2,edmd_rbf,EDMD-RBF,32,0.16,0.05,5,5,1.0,0.07234996016522761,0.932531391007764,0.3,ok
vanderpol_mu2,baseline,Baseline,32,0.16,0.05,6,1,1.0,0.15719101937995847,0.8641615630026374,0.1,ok
vanderpol_mu2,edmd_poly3,EDMD-polynomial,32,0.16,0.05,6,5,1.0,0.030453842484448,0.9704461847499902,0.1,ok
vanderpol_mu2,edmd_rbf,EDMD-RBF,32,0.16,0.05,6,5,1.0,0.04695575362470954,0.9551502024205492,0.1,ok
vanderpol_mu2,baseline,Baseline,32,0.16,0.05,7,1,1.0,0.10179440175120237,0.9076103476388975,0.1,ok
vanderpol_mu2,edmd_poly3,EDMD-polynomial,32,0.16,0.05,7,5,1.0,0.01762273891912867,0.9826824438515922,0.1,ok
vanderpol_mu2,edmd_rbf,EDMD-RBF,32,0.16,0.05,7,5,1.0,0.01905026423434139,0.9813058639961645,0.1,ok
vanderpol_mu2,baseline,Baseline,32,0.16,0.05,8,1,1.0,0.18184846992908216,0.8461321611390722,0.3,ok
vanderpol_mu2,edmd_poly3,EDMD-polynomial,32,0.16,0.05,8,5,1.0,0.06722532494598128,0.937009248773792,0.1,ok
vanderpol_mu2,edmd_rbf,EDMD-RBF,32,0.16,0.05,8,5,1.0,0.08256242890475574,0.9237342561497489,0.03,ok
vanderpol_mu2,baseline,Baseline,32,0.16,0.05,9,1,1.0,0.11155291181645874,0.8996422836640651,0.3,ok
vanderpol_mu2,edmd_poly3,EDMD-polynomial,32,0.16,0.05,9,5,1.0,0.03805336379096741,0.9633416112135154,0.1,ok
vanderpol_mu2,edmd_rbf,EDMD-RBF,32,0.16,0.05,9,5,1.0,0.03358729874648153,0.9675041491055321,0.1,ok
vanderpol_mu2,baseline,Baseline,32,0.16,0.1,0,1,1.0,0.1721464338881107,0.8531357269781676,0.3,ok
vanderpol_mu2,edmd_poly3,EDMD-polynomial,32,0.16,0.1,0,5,1.0,0.05212707121134657,0.9504555365623935,0.3,ok
vanderpol_mu2,edmd_rbf,EDMD-RBF,32,0.16,0.1,0,5,1.0,0.04428424557771502,0.9575936860435769,0.3,ok
vanderpol_mu2,baseline,Baseline,32,0.16,0.1,1,1,1.0,0.22478161012456963,0.8164720891737527,0.1,ok
vanderpol_mu2,edmd_poly3,EDMD-polynomial,32,0.16,0.1,1,5,1.0,0.055713855482476315,0.9472263670755611,0.1,ok
vanderpol_mu2,edmd_rbf,EDMD-RBF,32,0.16,0.1,1,5,1.0,0.12621942167627542,0.8879264384480163,0.1,ok
vanderpol_mu2,baseline,Baseline,32,0.16,0.1,2,1,1.0,0.26446242174564977,0.7908499159820448,0.3,ok
vanderpol_mu2,edmd_poly3,EDMD-polynomial,32,0.16,0.1,2,5,1.0,0.08244062929797658,0.9238381976187979,0.3,ok
vanderpol_mu2,edmd_rbf,EDMD-RBF,32,0.16,0.1,2,5,0.75,0.40802052148545537,0.5326626910300664,0.3,ok
vanderpol_mu2,baseline,Baseline,32,0.16,0.1,3,1,1.0,0.245765369328921,0.8027193760721476,0.3,ok
vanderpol_mu2,edmd_poly3,EDMD-polynomial,32,0.16,0.1,3,5,1.0,0.05504778314811027,0.9478243696376901,0.3,ok
vanderpol_mu2,edmd_rbf,EDMD-RBF,32,0.16,0.1,3,5,0.8888888888888888,0.1458105142554266,0.7757730251467527,0.3,ok
vanderpol_mu2,baseline,Baseline,32,0.16,0.1,4,1,1.0,0.16567031173409136,0.8578754987011425,0.3,ok
vanderpol_mu2,edmd_poly3,EDMD-polynomial,32,0.16,0.1,4,5,1.0,0.03307660983509969,0.9679824230650432,0.3,ok
vanderpol_mu2,edmd_rbf,EDMD-RBF,32,0.16,0.1,4,5,1.0,0.15333993154372014,0.8670470627523683,0.3,ok
vanderpol_mu2,baseline,Baseline,32,0.16,0.1,5,1,1.0,0.18396893540289028,0.8446167547966215,0.1,ok
vanderpol_mu2,edmd_poly3,EDMD-polynomial,32,0.16,0.1,5,5,1.0,0.03447699094688762,0.9666720562674577,0.1,ok
vanderpol_mu2,edmd_rbf,EDMD-RBF,32,0.16,0.1,5,5,1.0,0.04709450726141141,0.9550236325997132,0.3,ok
vanderpol_mu2,baseline,Baseline,32,0.16,0.1,6,1,1.0,0.1630948504071343,0.8597751074643276,0.3,ok
vanderpol_mu2,edmd_poly3,EDMD-polynomial,32,0.16,0.1,6,5,1.0,0.020938636340839874,0.979490798373655,0.3,ok
vanderpol_mu2,edmd_rbf,EDMD-RBF,32,0.16,0.1,6,5,1.0,0.10933450836118812,0.9014413528677593,0.3,ok
vanderpol_mu2,baseline,Baseline,32,0.16,0.1,7,1,1.0,0.19879056994167568,0.834174062654374,0.1,ok
vanderpol_mu2,edmd_poly3,EDMD-polynomial,32,0.16,0.1,7,5,1.0,0.06332165326710718,0.9404492017325629,0.1,ok
vanderpol_mu2,edmd_rbf,EDMD-RBF,32,0.16,0.1,7,5,1.0,0.10256790072247629,0.9069736198058488,0.1,ok
vanderpol_mu2,baseline,Baseline,32,0.16,0.1,8,1,1.0,0.19960475429957814,0.8336078999485769,0.3,ok
vanderpol_mu2,edmd_poly3,EDMD-polynomial,32,0.16,0.1,8,5,1.0,0.05505815656113783,0.9478150505555119,0.3,ok
vanderpol_mu2,edmd_rbf,EDMD-RBF,32,0.16,0.1,8,5,1.0,0.07995488736537879,0.9259646043545078,0.1,ok
vanderpol_mu2,baseline,Baseline,32,0.16,0.1,9,1,1.0,0.2444706142760637,0.8035545303588565,0.1,ok
vanderpol_mu2,edmd_poly3,EDMD-polynomial,32,0.16,0.1,9,5,0.8571428571428571,0.3168562321032814,0.6509008624076065,0.3,ok
vanderpol_mu2,edmd_rbf,EDMD-RBF,32,0.16,0.1,9,5,0.8571428571428571,0.3408545998259854,0.6392511591145648,0.3,ok
vanderpol_mu2,baseline,Baseline,64,0.32,0.0,0,1,0.8,0.7152533904965458,0.46640339231068906,0.3,ok
vanderpol_mu2,edmd_poly3,EDMD-polynomial,64,0.32,0.0,0,5,1.0,0.029090099613797084,0.9717322131223358,0.03,ok
vanderpol_mu2,edmd_rbf,EDMD-RBF,64,0.32,0.0,0,5,1.0,0.0822866922904289,0.9239695980033843,0.3,ok
vanderpol_mu2,baseline,Baseline,64,0.32,0.0,1,1,0.8,0.7152533904965458,0.46640339231068906,0.3,ok
vanderpol_mu2,edmd_poly3,EDMD-polynomial,64,0.32,0.0,1,5,1.0,0.029090099613797084,0.9717322131223358,0.03,ok
vanderpol_mu2,edmd_rbf,EDMD-RBF,64,0.32,0.0,1,5,1.0,0.0866287827211803,0.9202774819711282,0.3,ok
vanderpol_mu2,baseline,Baseline,64,0.32,0.0,2,1,0.8,0.7152533904965458,0.46640339231068906,0.3,ok
vanderpol_mu2,edmd_poly3,EDMD-polynomial,64,0.32,0.0,2,5,1.0,0.029090099613797084,0.9717322131223358,0.03,ok
vanderpol_mu2,edmd_rbf,EDMD-RBF,64,0.32,0.0,2,5,1.0,0.07827828854187202,0.927404372902912,0.3,ok
vanderpol_mu2,baseline,Baseline,64,0.32,0.0,3,1,0.8,0.7152533904965458,0.46640339231068906,0.3,ok
vanderpol_mu2,edmd_poly3,EDMD-polynomial,64,0.32,0.0,3,5,1.0,0.029090099613797084,0.9717322131223358,0.03,ok
vanderpol_mu2,edmd_rbf,EDMD-RBF,64,0.32,0.0,3,5,1.0,0.08798072066403374,0.9191339340918321,0.3,ok
vanderpol_mu2,baseline,Baseline,64,0.32,0.0,4,1,0.8,0.7152533904965458,0.46640339231068906,0.3,ok
vanderpol_mu2,edmd_poly3,EDMD-polynomial,64,0.32,0.0,4,5,1.0,0.029090099613797084,0.9717322131223358,0.03,ok
vanderpol_mu2,edmd_rbf,EDMD-RBF,64,0.32,0.0,4,5,1.0,0.07713703435223727,0.9283869815147285,0.3,ok
vanderpol_mu2,baseline,Baseline,64,0.32,0.0,5,1,0.8,0.7152533904965458,0.46640339231068906,0.3,ok
vanderpol_mu2,edmd_poly3,EDMD-polynomial,64,0.32,0.0,5,5,1.0,0.029090099613797084,0.9717322131223358,0.03,ok
vanderpol_mu2,edmd_rbf,EDMD-RBF,64,0.32,0.0,5,5,1.0,0.08519668935972839,0.9214919376412815,0.3,ok
vanderpol_mu2,baseline,Baseline,64,0.32,0.0,6,1,0.8,0.7152533904965458,0.46640339231068906,0.3,ok
vanderpol_mu2,edmd_poly3,EDMD-polynomial,64,0.32,0.0,6,5,1.0,0.029090099613797084,0.9717322131223358,0.03,ok
vanderpol_mu2,edmd_rbf,EDMD-RBF,64,0.32,0.0,6,5,1.0,0.09097922877265636,0.9166077351674172,0.3,ok
vanderpol_mu2,baseline,Baseline,64,0.32,0.0,7,1,0.8,0.7152533904965458,0.46640339231068906,0.3,ok
vanderpol_mu2,edmd_poly3,EDMD-polynomial,64,0.32,0.0,7,5,1.0,0.029090099613797084,0.9717322131223358,0.03,ok
vanderpol_mu2,edmd_rbf,EDMD-RBF,64,0.32,0.0,7,5,1.0,0.0845780005181455,0.9220175953433138,0.3,ok
vanderpol_mu2,baseline,Baseline,64,0.32,0.0,8,1,0.8,0.7152533904965458,0.46640339231068906,0.3,ok
vanderpol_mu2,edmd_poly3,EDMD-polynomial,64,0.32,0.0,8,5,1.0,0.029090099613797084,0.9717322131223358,0.03,ok
vanderpol_mu2,edmd_rbf,EDMD-RBF,64,0.32,0.0,8,5,1.0,0.07740203142081636,0.9281586360861572,0.3,ok
vanderpol_mu2,baseline,Baseline,64,0.32,0.0,9,1,0.8,0.7152533904965458,0.46640339231068906,0.3,ok
vanderpol_mu2,edmd_poly3,EDMD-polynomial,64,0.32,0.0,9,5,1.0,0.029090099613797084,0.9717322131223358,0.03,ok
vanderpol_mu2,edmd_rbf,EDMD-RBF,64,0.32,0.0,9,5,1.0,0.08745752198796622,0.919576148751,0.3,ok
vanderpol_mu2,baseline,Baseline,64,0.32,0.01,0,1,0.8,0.6879058390122502,0.4739600880035785,0.3,ok
vanderpol_mu2,edmd_poly3,EDMD-polynomial,64,0.32,0.01,0,5,1.0,0.025037670452946324,0.9755739021358283,0.03,ok
vanderpol_mu2,edmd_rbf,EDMD-RBF,64,0.32,0.01,0,5,1.0,0.07429513326105512,0.9308429025127108,0.3,ok
vanderpol_mu2,baseline,Baseline,64,0.32,0.01,1,1,0.8,0.709463139157611,0.46798318236579467,0.3,ok
vanderpol_mu2,edmd_poly3,EDMD-polynomial,64,0.32,0.01,1,5,1.0,0.0373155869092287,0.9640267750912586,0.1,ok
vanderpol_mu2,edmd_rbf,EDMD-RBF,64,0.32,0.01,1,5,1.0,0.0854339069325552,0.9212905489805528,0.3,ok
vanderpol_mu2,baseline,Baseline,64,0.32,0.01,2,1,0.8,0.6964412015024545,0.4715754364439389,0.3,ok
vanderpol_mu2,edmd_poly3,EDMD-polynomial,64,0.32,0.01,2,5,1.0,0.03242296009404568,0.9685952740811844,0.1,ok
vanderpol_mu2,edmd_rbf,EDMD-RBF,64,0.32,0.01,2,5,1.0,0.0772281785465597,0.9283084307627758,0.3,ok
vanderpol_mu2,baseline,Baseline,64,0.32,0.01,3,1,0.8,0.7201324350004035,0.4650804692255061,0.3,ok
vanderpol_mu2,edmd_poly3,EDMD-polynomial,64,0.32,0.01,3,5,1.0,0.02325715832940078,0.9772714433120887,0.1,ok
vanderpol_mu2,edmd_rbf,EDMD-RBF,64,0.32,0.01,3,5,0.8888888888888888,0.11355527601445771,0.7982440638872677,0.1,ok
vanderpol_mu2,baseline,Baseline,64,0.32,0.01,4,1,0.8,0.6745560299370176,0.47773856813264653,0.3,ok
vanderpol_mu2,edmd_poly3,EDMD-polynomial,64,0.32,0.01,4,5,1.0,0.012282279398004881,0.9878667446344027,0.03,ok
vanderpol_mu2,edmd_rbf,EDMD-RBF,64,0.32,0.01,4,5,1.0,0.09083680875599245,0.9167274077782687,0.3,ok
vanderpol_mu2,baseline,Baseline,64,0.32,0.01,5,1,0.8,0.7893140044609392,0.44709871940057466,0.3,ok
vanderpol_mu2,edmd_poly3,EDMD-polynomial,64,0.32,0.01,5,5,1.0,0.03761983670091758,0.9637441041793026,0.1,ok
vanderpol_mu2,edmd_rbf,EDMD-RBF,64,0.32,0.01,5,5,1.0,0.07247840695649661,0.9324197051554843,0.3,ok
vanderpol_mu2,baseline,Baseline,64,0.32,0.01,6,1,0.8,0.6852476855537188,0.4747076687051764,0.3,ok
vanderpol_mu2,edmd_poly3,EDMD-polynomial,64,0.32,0.01,6,5,1.0,0.03403422393763371,0.9670859792164032,0.03,ok
vanderpol_mu2,edmd_rbf,EDMD-RBF,64,0.32,0.01,6,5,1.0,0.07084269096279376,0.933843979549322,0.3,ok
vanderpol_mu2,baseline,Baseline,64,0.32,0.01,7,1,0.8,0.6510613606178597,0.4845368071000246,0.3,ok
vanderpol_mu2,edmd_poly3,EDMD-polynomial,64,0.32,0.01,7,5,1.0,0.03342991851138726,0.9676514895566971,0.03,ok
vanderpol_mu2,edmd_rbf,EDMD-RBF,64,0.32,0.01,7,5,1.0,0.06916836840543322,0.9353063834944991,0.3,ok
vanderpol_mu2,baseline,Baseline,64,0.32,0.01,8,1,0.8,0.6928503915280635,0.47257572435439754,0.3,ok
vanderpol_mu2,edmd_poly3,EDMD-polynomial,64,0.32,0.01,8,5,1.0,0.027369485122586808,0.9733596476059234,0.1,ok
vanderpol_mu2,edmd_rbf,EDMD-RBF,64,0.32,0.01,8,5,0.8,0.5440112957100799,0.5181309244451386,0.3,ok
vanderpol_mu2,baseline,Baseline,64,0.32,0.01,9,1,0.8,0.7183035193258176,0.46557548826640527,0.3,ok
vanderpol_mu2,edmd_poly3,EDMD-polynomial,64,0.32,0.01,9,5,1.0,0.028460740032737367,0.9723268580657425,0.03,ok
vanderpol_mu2,edmd_rbf,EDMD-RBF,64,0.32,0.01,9,5,1.0,0.08854977890016048,0.9186534409206084,0.3,ok
vanderpol_mu2,baseline,Baseline,64,0.32,0.03,0,1,0.8,0.5773411703583551,0.5071826026187147,0.3,ok
vanderpol_mu2,edmd_poly3,EDMD-polynomial,64,0.32,0.03,0,5,1.0,0.03524034447069654,0.9659592628331014,0.1,ok
vanderpol_mu2,edmd_rbf,EDMD-RBF,64,0.32,0.03,0,5,1.0,0.09118615198772956,0.9164339175111206,0.3,ok
vanderpol_mu2,baseline,Baseline,64,0.32,0.03,1,1,0.8,0.6172198676155219,0.49467608951622905,0.3,ok
vanderpol_mu2,edmd_poly3,EDMD-polynomial,64,0.32,0.03,1,5,1.0,0.009322862600187644,0.9907632503476932,0.03,ok
vanderpol_mu2,edmd_rbf,EDMD-RBF,64,0.32,0.03,1,5,0.8571428571428571,0.31634440694004173,0.6511539477235757,0.3,ok
vanderpol_mu2,baseline,Baseline,64,0.32,0.03,2,1,0.8,0.617702366459297,0.4945285465279863,0.1,ok
vanderpol_mu2,edmd_poly3,EDMD-polynomial,64,0.32,0.03,2,5,1.0,0.05253724673822169,0.9500851424488465,0.3,ok
vanderpol_mu2,edmd_rbf,EDMD-RBF,64,0.32,0.03,2,5,0.75,0.34358204771355927,0.5582093042075937,0.3,ok
vanderpol_mu2,baseline,Baseline,64,0.32,0.03,3,1,0.8,0.5540537123093294,0.5147827218991017,0.3,ok
vanderpol_mu2,edmd_poly3,EDMD-polynomial,64,0.32,0.03,3,5,1.0,0.023805573274703565,0.9767479549866485,0.1,ok
vanderpol_mu2,edmd_rbf,EDMD-RBF,64,0.32,0.03,3,5,0.8571428571428571,0.3175030042878812,0.6505813302537008,1.0,ok
vanderpol_mu2,baseline,Baseline,64,0.32,0.03,4,1,0.8,0.6897392638127061,0.4734458251238657,0.3,ok
vanderpol_mu2,edmd_poly3,EDMD-polynomial,64,0.32,0.03,4,5,1.0,0.03166423882406226,0.9693076122710674,0.1,ok
vanderpol_mu2,edmd_rbf,EDMD-RBF,64,0.32,0.03,4,5,1.0,0.09495444087827247,0.9132800075205789,0.3,ok
vanderpol_mu2,baseline,Baseline,64,0.32,0.03,5,1,0.8,0.6506141141029967,0.4846680960526918,0.3,ok
vanderpol_mu2,edmd_poly3,EDMD-polynomial,64,0.32,0.03,5,5,1.0,0.015025857604433758,0.9851965765287041,0.3,ok
vanderpol_mu2,edmd_rbf,EDMD-RBF,64,0.32,0.03,5,5,1.0,0.01163564242444207,0.988498188540929,0.3,ok
vanderpol_mu2,baseline,Baseline,64,0.32,0.03,6,1,0.8,0.8159493937654624,0.4405409108571907,0.3,ok
vanderpol_mu2,edmd_poly3,EDMD-polynomial,64,0.32,0.03,6,5,1.0,0.07356535365479967,0.9314756634010617,0.3,ok
vanderpol_mu2,edmd_rbf,EDMD-RBF,64,0.32,0.03,6,5,1.0,0.06885241872916273,0.935582857349917,0.3,ok
vanderpol_mu2,baseline,Baseline,64,0.32,0.03,7,1,0.8,0.5652505635419198,0.511100279171741,0.3,ok
vanderpol_mu2,edmd_poly3,EDMD-polynomial,64,0.32,0.03,7,5,1.0,0.0025251527438263977,0.9974812075917345,0.1,ok
vanderpol_mu2,edmd_rbf,EDMD-RBF,64,0.32,0.03,7,5,0.8571428571428571,0.3235477585047769,0.6476100704603048,0.3,ok
vanderpol_mu2,baseline,Baseline,64,0.32,0.03,8,1,0.8,0.6240509312359187,0.49259538885962906,0.3,ok
vanderpol_mu2,edmd_poly3,EDMD-polynomial,64,0.32,0.03,8,5,1.0,0.03041524767508831,0.9704825333828145,0.1,ok
vanderpol_mu2,edmd_rbf,EDMD-RBF,64,0.32,0.03,8,5,0.75,0.39585976126419115,0.5373032598351757,0.3,ok
vanderpol_mu2,baseline,Baseline,64,0.32,0.03,9,1,0.8,0.6540839991070887,0.48365137467737906,0.1,ok
vanderpol_mu2,edmd_poly3,EDMD-polynomial,64,0.32,0.03,9,5,1.0,0.00968989302529051,0.9904030999099565,0.1,ok
vanderpol_mu2,edmd_rbf,EDMD-RBF,64,0.32,0.03,9,5,1.0,0.0870858025628657,0.919890589723869,0.3,ok
vanderpol_mu2,baseline,Baseline,64,0.32,0.05,0,1,0.8571428571428571,0.4711967298790964,0.5826160701249639,0.3,ok
vanderpol_mu2,edmd_poly3,EDMD-polynomial,64,0.32,0.05,0,5,1.0,0.021068243199701533,0.9793664690484541,0.1,ok
vanderpol_mu2,edmd_rbf,EDMD-RBF,64,0.32,0.05,0,5,1.0,0.12022417596618896,0.892678466912664,0.1,ok
vanderpol_mu2,baseline,Baseline,64,0.32,0.05,1,1,1.0,0.3091776374981465,0.7638382839406053,0.3,ok
vanderpol_mu2,edmd_poly3,EDMD-polynomial,64,0.32,0.05,1,5,1.0,0.018265650599886444,0.9820619986649598,0.3,ok
vanderpol_mu2,edmd_rbf,EDMD-RBF,64,0.32,0.05,1,5,1.0,0.10049619577691869,0.9086810148344301,0.3,ok
vanderpol_mu2,baseline,Baseline,64,0.32,0.05,2,1,1.0,0.2869239074208631,0.7770467191056462,0.3,ok
vanderpol_mu2,edmd_poly3,EDMD-polynomial,64,0.32,0.05,2,5,1.0,0.05941135329321212,0.9439204109824478,0.1,ok
vanderpol_mu2,edmd_rbf,EDMD-RBF,64,0.32,0.05,2,5,1.0,0.08676112225144622,0.9201654158627768,0.3,ok
vanderpol_mu2,baseline,Baseline,64,0.32,0.05,3,1,1.0,0.313925568847342,0.7610781186618225,0.3,ok
vanderpol_mu2,edmd_poly3,EDMD-polynomial,64,0.32,0.05,3,5,1.0,0.03016186338079359,0.9707212386199114,0.1,ok
vanderpol_mu2,edmd_rbf,EDMD-RBF,64,0.32,0.05,3,5,0.8571428571428571,0.3541963671972439,0.6329531505957813,0.3,ok
vanderpol_mu2,baseline,Baseline,64,0.32,0.05,4,1,1.0,0.30603955829761714,0.7656735920797603,0.3,ok
vanderpol_mu2,edmd_poly3,EDMD-polynomial,64,0.32,0.05,4,5,1.0,0.04053531746067136,0.9610437850782481,0.3,ok
vanderpol_mu2,edmd_rbf,EDMD-RBF,64,0.32,0.05,4,5,1.0,0.08590516181060763,0.9208907326056247,0.3,ok
vanderpol_mu2,baseline,Baseline,64,0.32,0.05,5,1,0.8571428571428571,0.4593563003466221,0.5873431025303902,0.3,ok
vanderpol_mu2,edmd_poly3,EDMD-polynomial,64,0.32,0.05,5,5,1.0,0.023028896272083738,0.9774894957943017,0.1,ok
vanderpol_mu2,edmd_rbf,EDMD-RBF,64,0.32,0.05,5,5,1.0,0.022713796089295316,0.9777906622789783,0.3,ok
vanderpol_mu2,baseline,Baseline,64,0.32,0.05,6,1,0.8,0.602984493399687,0.4990690822612522,0.1,ok
vanderpol_mu2,edmd_poly3,EDMD-polynomial,64,0.32,0.05,6,5,1.0,0.045655395724882766,0.956338009719509,0.3,ok
vanderpol_mu2,edmd_rbf,EDMD-RBF,64,0.32,0.05,6,5,1.0,0.046548159250890946,0.9555222004458833,0.1,ok
vanderpol_mu2,baseline,Baseline,64,0.32,0.05,7,1,0.8,0.5966171435676889,0.501059382471853,0.3,ok
vanderpol_mu2,edmd_poly3,EDMD-polynomial,64,0.32,0.05,7,5,1.0,0.07037757650151866,0.9342497656466753,0.1,ok
vanderpol_mu2,edmd_rbf,EDMD-RBF,64,0.32,0.05,7,5,1.0,0.058024242646085605,0.9451579270991289,0.3,ok
vanderpol_mu2,baseline,Baseline,64,0.32,0.05,8,1,1.0,0.30320085870062774,0.7673414219486182,0.3,ok
vanderpol_mu2,edmd_poly3,EDMD-polynomial,64,0.32,0.05,8,5,1.0,0.019291069717738724,0.9810740324419003,0.1,ok
vanderpol_mu2,edmd_rbf,EDMD-RBF,64,0.32,0.05,8,5,1.0,0.07314169321927744,0.9318433961876345,0.3,ok
vanderpol_mu2,baseline,Baseline,64,0.32,0.05,9,1,1.0,0.31018103417216764,0.7632533015804536,0.3,ok
vanderpol_mu2,edmd_poly3,EDMD-polynomial,64,0.32,0.05,9,5,1.0,0.036404149449969066,0.9648745622358911,0.1,ok
vanderpol_mu2,edmd_rbf,EDMD-RBF,64,0.32,0.05,9,5,1.0,0.09815395354865579,0.9106191320156215,0.3,ok
vanderpol_mu2,baseline,Baseline,64,0.32,0.1,0,1,1.0,0.42227834884193316,0.7030972529492794,0.3,ok
vanderpol_mu2,edmd_poly3,EDMD-polynomial,64,0.32,0.1,0,5,1.0,0.14540719896098792,0.8730519599554739,0.3,ok
vanderpol_mu2,edmd_rbf,EDMD-RBF,64,0.32,0.1,0,5,1.0,0.1726630314834757,0.8527598919315734,0.3,ok
vanderpol_mu2,baseline,Baseline,64,0.32,0.1,1,1,0.8571428571428571,0.48955390659300857,0.5754359431699672,0.3,ok
vanderpol_mu2,edmd_poly3,EDMD-polynomial,64,0.32,0.1,1,5,1.0,0.03463970019051117,0.9665200357340503,0.3,ok
vanderpol_mu2,edmd_rbf,EDMD-RBF,64,0.32,0.1,1,5,0.8571428571428571,0.3249937621438543,0.6469033150435294,0.3,ok
vanderpol_mu2,baseline,Baseline,64,0.32,0.1,2,1,0.8571428571428571,0.48780557691866056,0.5761121415595538,0.3,ok
vanderpol_mu2,edmd_poly3,EDMD-polynomial,64,0.32,0.1,2,5,1.0,0.08388139387489228,0.9226101727099354,0.1,ok
vanderpol_mu2,edmd_rbf,EDMD-RBF,64,0.32,0.1,2,5,0.8571428571428571,0.3732953561857547,0.6241504082002577,0.3,ok
vanderpol_mu2,baseline,Baseline,64,0.32,0.1,3,1,0.8,0.4894297080302384,0.5371183317257685,0.3,ok
vanderpol_mu2,edmd_poly3,EDMD-polynomial,64,0.32,0.1,3,5,1.0,0.08003106438719501,0.9258992939868778,0.3,ok
vanderpol_mu2,edmd_rbf,EDMD-RBF,64,0.32,0.1,3,5,1.0,0.1162268422358225,0.8958752487952913,0.3,ok
vanderpol_mu2,baseline,Baseline,64,0.32,0.1,4,1,1.0,0.3300293932355639,0.7518630829408206,0.3,ok
vanderpol_mu2,edmd_poly3,EDMD-polynomial,64,0.32,0.1,4,5,1.0,0.10279586703109457,0.9067861332235151,0.1,ok
vanderpol_mu2,edmd_rbf,EDMD-RBF,64,0.32,0.1,4,5,1.0,0.08858639224599696,0.918622543073294,0.3,ok
vanderpol_mu2,baseline,Baseline,64,0.32,0.1,5,1,1.0,0.3712111759004692,0.7292822707219432,0.3,ok
vanderpol_mu2,edmd_poly3,EDMD-polynomial,64,0.32,0.1,5,5,1.0,0.0650677933723585,0.9389073692986883,0.1,ok
vanderpol_mu2,edmd_rbf,EDMD-RBF,64,0.32,0.1,5,5,1.0,0.1470936930363897,0.8717683708581567,0.3,ok
vanderpol_mu2,baseline,Baseline,64,0.32,0.1,6,1,1.0,0.32476165203554735,0.7548527680156362,0.3,ok
vanderpol_mu2,edmd_poly3,EDMD-polynomial,64,0.32,0.1,6,5,1.0,0.13310796827112492,0.8825284333017104,0.3,ok
vanderpol_mu2,edmd_rbf,EDMD-RBF,64,0.32,0.1,6,5,0.6666666666666666,0.8958334359752014,0.3516483326098417,0.3,ok
vanderpol_mu2,baseline,Baseline,64,0.32,0.1,7,1,1.0,0.3439710553847917,0.7440636433302431,0.3,ok
vanderpol_mu2,edmd_poly3,EDMD-polynomial,64,0.32,0.1,7,5,1.0,0.08249140379400048,0.9237948647861053,0.3,ok
vanderpol_mu2,edmd_rbf,EDMD-RBF,64,0.32,0.1,7,5,0.8571428571428571,0.32004070417039626,0.6493306262715165,0.3,ok
vanderpol_mu2,baseline,Baseline,64,0.32,0.1,8,1,0.75,0.5296730528595471,0.49030085128188766,0.3,ok
vanderpol_mu2,edmd_poly3,EDMD-polynomial,64,0.32,0.1,8,5,0.8888888888888888,0.14310057714412683,0.7776121425025001,0.3,ok
vanderpol_mu2,edmd_rbf,EDMD-RBF,64,0.32,0.1,8,5,1.0,0.17300067063976124,0.8525144316026642,0.3,ok
vanderpol_mu2,baseline,Baseline,64,0.32,0.1,9,1,1.0,0.3982925548705999,0.7151579235094631,0.3,ok
vanderpol_mu2,edmd_poly3,EDMD-polynomial,64,0.32,0.1,9,5,1.0,0.06203333444452812,0.9415900307150216,0.3,ok
vanderpol_mu2,edmd_rbf,EDMD-RBF,64,0.32,0.1,9,5,1.0,0.0906468605049741,0.9168870660270325,0.3,ok
